idea_id,idea_title,element_id,element_name,element_group,idea_status,prompt_count,has_level_10_video,has_seo,seo_title,seo_tags,idea_created_at
1,Rice Titan Harvester,1,Paddy / Rice Field,Agriculture,completed,20,1,1,Rice Titan Harvester — The Paddy Harvesting Machine You've Never Seen,"[""Rice Titan Harvester"", ""rice paddy machine"", ""giant harvester"", ""colossal harvester"", ""agriculture tech"", ""mega farming"", ""Paddy Harvesting machine"", ""impossible engineering"", ""AI generated video"", ""megastructure""]",2026-08-11 15:45:12.760052
2,The Paddy Ocean Vacuum,1,Paddy / Rice Field,Agriculture,completed,20,1,1,Paddy Harvesting Machine: The Floating Ocean Vacuum,"[""paddy harvesting machine"", ""paddy harvesting"", ""paddy crop harvesting"", ""harvesting paddy fields"", ""paddy harvesting videos"", ""paddy harvesting tractor"", ""paddy harvesting drone"", ""paddy harvesting time"", ""future farming"", ""futuristic agriculture"", ""agricultural machine"", ""rice harvesting machine"", ""futuristic farming""]",2026-08-11 15:45:12.760052
3,Rice-Field Spider Colossus,1,Paddy / Rice Field,Agriculture,completed,20,1,1,Rice-Field Spider Colossus — Impossible Paddy Harvesting,"[""Rice-Field Spider Colossus"", ""paddy field harvesting machine"", ""rice paddy harvesting machine"", ""paddy harvesting in china"", ""paddy harvesting in japan"", ""rice harvesting and processing"", ""harvesting rice at home"", ""paddy harvesting by hand"", ""rice harvesting by hand"", ""paddy harvesting machine in india price"", ""paddy harvesting machine in west bengal"", ""Paddy Harvesting machine"", ""impossible engineering"", ""AI generated video"", ""megastructure""]",2026-08-11 15:45:12.766570
4,The Monsoon Harvesting Ark,1,Paddy / Rice Field,Agriculture,completed,20,1,1,Paddy Harvesting Machine: The Future Monsoon Harvesting Ark,"[""paddy harvesting machine"", ""paddy harvesting video"", ""paddy harvesting in water"", ""paddy crop harvesting"", ""future farming technology"", ""futuristic agriculture"", ""agricultural machines"", ""rice harvesting machine"", ""monsoon farming"", ""robotic harvesting"", ""paddy field machine"", ""futuristic machines"", ""AI generated cinematic"", ""mega machines""]",2026-08-11 15:45:12.767276
5,Paddy Ring Megaharvester,1,Paddy / Rice Field,Agriculture,completed,20,1,1,Paddy Harvesting Reimagined: The Giant Ring Megaharvester,"[""paddy harvesting video"", ""paddy crop harvesting"", ""paddy harvesting machine"", ""future farming technology"", ""giant harvesting machine"", ""robotic agriculture"", ""futuristic farming"", ""paddy harvesting tractor"", ""rice harvesting machine"", ""automated harvesting"", ""megamastructure"", ""future agriculture"", ""AI generated machine"", ""colossal machine"", ""science technology""]",2026-08-11 15:45:12.767276
6,Sky Reaper Rice Fortress,1,Paddy / Rice Field,Agriculture,completed,20,1,1,Sky Reaper Rice Fortress: The Future of Rice Harvesting Machines,"[""rice paddy harvesting machine"", ""paddy harvesting machine"", ""paddy harvesting video"", ""rice harvesting machine"", ""rice harvesting and processing"", ""future farming technology"", ""futuristic agriculture"", ""giant harvesting machine"", ""autonomous farming machine"", ""AI futuristic machine"", ""agricultural robotics"", ""paddy field technology"", ""rice farm automation""]",2026-08-11 15:45:12.767276
7,The Rice Comb Superstructure,1,Paddy / Rice Field,Agriculture,packaged,20,1,1,Rice Paddy Harvesting Machine: The Giant Rice Comb Engine,"[""rice paddy harvesting machine"", ""paddy harvesting machine"", ""paddy harvesting video"", ""rice harvesting machine"", ""rice harvesting and processing"", ""paddy harvesting in water"", ""future farming machine"", ""futuristic agriculture"", ""giant harvesting machine"", ""mega machine"", ""agriculture technology"", ""automated farming"", ""AI generated machine"", ""colossal engineering"", ""future technology""]",2026-08-11 15:45:12.767276
8,Paddy-Gulping Harvest Worm,1,Paddy / Rice Field,Agriculture,packaged,20,1,1,Paddy Harvesting Machine: The Colossal Harvest Worm of the Future,"[""paddy harvesting video"", ""paddy harvesting machine"", ""paddy harvesting machines in agriculture"", ""paddy cutting and harvesting machine"", ""future farming technology"", ""futuristic agriculture"", ""rice harvesting machine"", ""agriculture technology"", ""giant harvesting machine"", ""AI generated machine"", ""colossal machine"", ""sci fi engineering"", ""future farming"", ""rice field technology""]",2026-08-11 15:45:12.767276
9,Rice Moon Harvester,1,Paddy / Rice Field,Agriculture,packaged,20,1,1,Rice Paddy Harvesting Machine: The Giant Moon Harvester of the Future,"[""rice paddy harvesting machine"", ""paddy harvesting machine"", ""paddy harvesting video"", ""rice harvesting machine"", ""rice harvesting technology"", ""future farming technology"", ""futuristic agriculture"", ""giant harvesting machine"", ""automated rice harvesting"", ""rice harvesting and processing"", ""paddy harvester"", ""agriculture technology"", ""megascale machine"", ""AI generated machine"", ""future agriculture""]",2026-08-11 15:45:12.767276
10,The Infinite Rice Factory,1,Paddy / Rice Field,Agriculture,packaged,20,1,1,Rice Paddy Harvesting Machine: The Infinite Rice Factory,"[""rice paddy harvesting machine"", ""paddy harvesting video"", ""rice harvesting machine"", ""paddy harvesting"", ""rice harvesting and processing"", ""paddy harvesting machines in agriculture"", ""future farming technology"", ""autonomous harvesting machine"", ""giant farming machine"", ""futuristic agriculture"", ""rice processing factory"", ""AI megamachine"", ""colossal machine"", ""agriculture technology""]",2026-08-11 15:45:12.767276
11,Colossal Wheat Combine Titan,7,Wheat Field,Agriculture,packaged,20,1,1,Colossal Wheat Combine Titan: The Future of Wheat Field Harvesting,"[""wheat field video"", ""wheat harvesting machine"", ""giant combine harvester"", ""future farming technology"", ""wheat field"", ""agricultural technology"", ""futuristic farming"", ""colossal machine"", ""mega combine harvester"", ""future agriculture"", ""AI generated machine"", ""sci fi engineering"", ""industrial megastructure"", ""wheat harvest"", ""futuristic technology""]",2026-08-16 14:18:50.678582
12,The Solar Wheat Sifter,7,Wheat Field,Agriculture,packaged,20,1,1,The Solar Wheat Sifter: A Giant Hovering Wheat Harvest Machine,"[""wheat field video"", ""wheat harvesting machine"", ""future farming technology"", ""futuristic agriculture"", ""solar powered machine"", ""giant farming machine"", ""wheat from field to flour"", ""wheat field"", ""agricultural technology"", ""AI futuristic machine"", ""futuristic harvesting"", ""automated farming"", ""mega structure machine"", ""cinematic science fiction"", ""future of agriculture""]",2026-08-16 14:18:50.713112
13,The Wheat Ocean Harvester,7,Wheat Field,Agriculture,packaged,20,1,1,The Wheat Ocean Harvester: A Colossal Future Wheat Field Machine,"[""wheat field video"", ""wheat field"", ""wheat harvesting machine"", ""future agricultural machine"", ""futuristic farming"", ""giant farming machine"", ""wheat harvester"", ""agriculture technology"", ""future technology"", ""wheat field machine"", ""mega machine"", ""cinematic ai"", ""sci fi engineering"", ""from field to flour"", ""automated farming""]",2026-08-16 14:18:54.199623
14,Titan Sunwheel Irrigator,7,Wheat Field,Agriculture,packaged,20,1,1,Titan Sunwheel Irrigator: The Future of Wheat Field Farming,"[""Titan Sunwheel Irrigator"", ""wheat field video"", ""wheat field"", ""future farming"", ""futuristic agriculture"", ""agricultural machine"", ""giant farming machine"", ""wheat field technology"", ""irrigation machine"", ""precision irrigation"", ""future farming technology"", ""AI generated agriculture"", ""colossal machine"", ""megaproject engineering""]",2026-08-16 14:18:54.252814
15,Wheat Field Weather Engine,7,Wheat Field,Agriculture,packaged,20,1,1,Wheat Field Weather Engine: The AI Machine That Controls Climate,"[""wheat field video"", ""wheat field"", ""future agriculture"", ""agricultural technology"", ""weather control machine"", ""climate control technology"", ""futuristic farming"", ""AI generated cinematic"", ""giant machine"", ""mega structure"", ""precision agriculture"", ""future technology"", ""wheat farming"", ""atmospheric engineering""]",2026-08-16 14:18:54.274559
16,The Infinite Furrow Walker,7,Wheat Field,Agriculture,packaged,20,1,1,The Infinite Furrow Walker: A Giant Machine Farming Wheat Fields,"[""wheat field"", ""wheat field video"", ""wheat field background video"", ""future agriculture"", ""futuristic farming machine"", ""giant farming machine"", ""agricultural technology"", ""wheat field future"", ""AI generated machine"", ""colossal machine"", ""future technology"", ""mega machine"", ""smart farming"", ""cinematic AI""]",2026-08-16 14:18:54.297114
17,Golden Grain Conveyor City,7,Wheat Field,Agriculture,packaged,20,1,1,Giant Wheat Field Machine Turns Into a Moving Grain City,"[""wheat field video"", ""wheat from field to flour"", ""wheat field"", ""future farming"", ""futuristic agriculture"", ""giant farming machine"", ""agricultural technology"", ""wheat harvesting machine"", ""grain processing"", ""automated farming"", ""mega machine"", ""futuristic engineering"", ""AI generated cinematic"", ""future technology"", ""wheat harvest""]",2026-08-16 14:18:54.319331
18,Wheatfield Solar Crown,7,Wheat Field,Agriculture,packaged,20,1,1,Wheat Field of the Future: The Colossal Solar Crown Machine,"[""wheat field video"", ""wheat field"", ""futuristic agriculture"", ""future farming technology"", ""giant farming machine"", ""solar crown machine"", ""solar powered agriculture"", ""AI farming technology"", ""futuristic engineering"", ""colossal machine"", ""mega structure"", ""future technology"", ""wheat field background video"", ""agriculture technology"", ""science fiction farming""]",2026-08-16 14:18:54.338332
19,The Root Network Excavator,7,Wheat Field,Agriculture,packaged,20,1,1,The Root Network Excavator: The Hidden Machine Beneath Wheat Fields,"[""wheat field video"", ""the root network"", ""root network excavator"", ""future farming technology"", ""futuristic agriculture"", ""underground machine"", ""giant excavator"", ""megastucture machine"", ""wheat field technology"", ""agriculture innovation"", ""AI cinematic short"", ""future engineering"", ""underground excavator"", ""science fiction machine""]",2026-08-16 14:18:54.363015
20,Wheat Sentinel Colossus,7,Wheat Field,Agriculture,packaged,20,1,1,Wheat Field Video: The Colossal AI Robot Farming the Future,"[""wheat field video"", ""wheat field"", ""futuristic farming"", ""agricultural robot"", ""giant farming machine"", ""AI farming technology"", ""future agriculture"", ""robot farm"", ""wheat field technology"", ""futuristic robot"", ""colossal machine"", ""science fiction technology"", ""AI generated cinematic"", ""future farming robot""]",2026-08-16 14:18:54.389481
21,The Atmospheric Grain Elevator,7,Wheat Field,Agriculture,packaged,20,1,1,What Is a Grain Elevator? The Future Wheat Tower Explained,"[""what is a grain elevator"", ""grain elevator"", ""grain elevator how it works"", ""wheat field video"", ""wheat field"", ""future farming technology"", ""futuristic agriculture"", ""giant farming machine"", ""agricultural engineering"", ""wheat harvesting"", ""wheat from field to flour"", ""AI generated cinematic"", ""mega structure"", ""future technology"", ""science and technology""]",2026-08-16 14:18:54.405852
22,Chrono-Harvest Megamachine,7,Wheat Field,Agriculture,packaged,20,1,1,Wheat Field Harvest by a Colossal Chrono-Harvest Megamachine,"[""wheat field harvest"", ""wheat field video"", ""wheat harvest machine"", ""futuristic farming"", ""giant farming machine"", ""futuristic agriculture"", ""harvesting machine"", ""wheat field technology"", ""AI generated machine"", ""colossal machine"", ""megamastructure"", ""future technology"", ""science and technology"", ""wheat from field to flour""]",2026-08-16 14:18:54.424361
23,Colossal Corn Thresher Titan,6,Corn Field,Agriculture,packaged,20,1,1,Colossal Corn Thresher Titan: The Giant Machine Harvesting a Corn Field,"[""corn field"", ""corn in corn field"", ""colossal corn removal"", ""corn field interstellar"", ""futuristic farming"", ""giant farming machine"", ""corn harvester machine"", ""agricultural machine"", ""future agriculture"", ""colossal machine"", ""mega machine"", ""sci fi agriculture"", ""futuristic engineering"", ""AI cinematic short""]",2026-08-16 14:19:09.418329
24,The Solar Corn Silo Walker,6,Corn Field,Agriculture,packaged,20,1,1,The Solar Corn Silo Walker: A Giant Corn Field Machine,"[""corn field"", ""corn field machine"", ""solar corn silo walker"", ""futuristic farming"", ""future agriculture"", ""giant farming machine"", ""agricultural technology"", ""corn silo"", ""corn harvesting machine"", ""futuristic machine"", ""mega machine"", ""AI generated cinematic"", ""future technology"", ""giant robot machine""]",2026-08-16 14:19:09.463348
33,The Whispering Canopy Harvester,2,Forest,Nature,packaged,20,1,1,Forest Harvester Machine Awakens: The Whispering Canopy Titan,"[""forest harvester machine"", ""forest harvester"", ""forest machinery"", ""futuristic forest machine"", ""giant harvesting machine"", ""canopy harvester"", ""forest technology"", ""future engineering"", ""colossal machine"", ""mega machine"", ""AI cinematic short"", ""sci fi machine"", ""alien technology""]",2026-08-16 19:30:13.980011
34,The Timberland Root Walker,2,Forest,Nature,packaged,20,1,1,The Timberland Root Walker: A Colossal Forest Machine,"[""forest machinery"", ""forest machine"", ""timber harvesting machine"", ""futuristic machine"", ""walking machine"", ""giant robot machine"", ""colossal machine"", ""forest technology"", ""hydraulic shears"", ""future engineering"", ""AI generated cinematic"", ""mega machine"", ""alien machine"", ""forest at night"", ""advanced robotics""]",2026-08-16 19:30:14.020613
35,Bioluminescent Spore Fortress,2,Forest,Nature,packaged,20,1,1,Bioluminescent Forest at Night: A Fungal Fortress Awakens,"[""forest at night"", ""bioluminescent forest"", ""futuristic forest"", ""fungal fortress"", ""alien technology"", ""future agriculture"", ""robotic spores"", ""forest technology"", ""cinematic sci fi"", ""megstructure"", ""crystal fortress"", ""futuristic engineering"", ""AI cinematic short""]",2026-08-16 19:30:14.041844
36,Atmospheric Timber Leviathan,2,Forest,Nature,packaged,20,1,1,Colossal Forest Machine: A Timber Leviathan Harvests Trees From Above,"[""forest machine"", ""forest machinery"", ""futuristic forest machine"", ""giant machine"", ""colossal machine"", ""timber machine"", ""forest technology"", ""future agriculture"", ""futuristic engineering"", ""mega machine"", ""AI cinematic short"", ""sci fi machine"", ""giant harvesting machine""]",2026-08-16 19:30:14.070661
37,The Ancient Grove Siphon,2,Forest,Nature,packaged,20,1,1,Ancient Grove Forest Siphon: A Futuristic Tree-Powered Megastructure,"[""forest technology"", ""futuristic forest"", ""forest machinery"", ""giant machine"", ""colossal machine"", ""futuristic engineering"", ""forest at night"", ""ancient forest"", ""mega structure"", ""AI cinematic short"", ""future technology"", ""nature technology"", ""geothermal energy"", ""atmospheric moisture system""]",2026-08-16 19:30:14.100929
38,Ironwood Deep-Root Excavator,2,Forest,Nature,new,20,1,1,Giant Forest Excavator Creates Underground Root Channels,"[""forest excavator"", ""excavator with root rake"", ""forest machinery"", ""deep forest machine"", ""underground excavator"", ""root rake excavator"", ""futuristic excavator"", ""giant machine"", ""mega machine"", ""forest technology"", ""future engineering"", ""AI generated machine"", ""cinematic AI short"", ""colossal excavator""]",2026-08-16 19:30:14.130263
39,Planetary Mycelial Loom,2,Forest,Nature,new,20,1,1,Planetary Mycelial Loom: A Futuristic Forest Megastructure,"[""forest technology"", ""futuristic forest"", ""forest machine"", ""forest machinery"", ""alien technology"", ""futuristic engineering"", ""giant machine"", ""megastructure"", ""mycelium network"", ""fungal network"", ""underground forest network"", ""AI cinematic short"", ""science technology"", ""future machines"", ""ecological communication""]",2026-08-16 19:30:14.155159
40,The Evergreen Core Furnace,2,Forest,Nature,new,20,1,1,Forest Core Furnace: The Megastructure Creating Clean Heat,"[""forest core"", ""forest core furnace"", ""futuristic furnace"", ""bio reactor machine"", ""clean thermal energy"", ""forest machinery"", ""futuristic engineering"", ""giant machine"", ""megastucture"", ""geothermal energy"", ""renewable energy technology"", ""sci fi machine"", ""AI generated cinematic"", ""future technology"", ""taiga biome""]",2026-08-16 19:30:14.176326
41,Chrono-Bark Synthesizer,2,Forest,Nature,new,20,1,1,Chrono-Bark Synthesizer: The Future of Forest Growth Technology,"[""forest technology"", ""future forest technology"", ""forest machine"", ""tree growth technology"", ""futuristic machine"", ""giant forest machine"", ""AI generated cinematic"", ""AI technology short"", ""future engineering"", ""forest machinery"", ""sci fi machine"", ""mega structure"", ""advanced agriculture technology"", ""iron bark tree"", ""futuristic engineering""]",2026-08-16 19:30:14.198825
42,The World-Forest Atmospheric Crown,2,Forest,Nature,new,20,1,1,The World Forest: A Giant Solar Flower Creating Oxygen Clouds,"[""the world forest"", ""forest in the world"", ""world forest"", ""forest technology"", ""futuristic forest"", ""giant solar flower"", ""solar flower superstructure"", ""future megastructure"", ""alien megastructure"", ""future engineering"", ""AI cinematic forest"", ""oxygen clouds"", ""colossal machine"", ""renewable energy technology""]",2026-08-16 19:30:14.229830
43,Canopy Orbit Engine,3,Giant Tree,Nature,new,20,1,1,Giant Tree's Orbital Engine: A Megastructure Above the Canopy,"[""giant tree"", ""giant tree technology"", ""giant tree future"", ""giant tree ancient"", ""futuristic engineering"", ""megastucture"", ""giant tree shelter"", ""tree engineering"", ""future agriculture"", ""botanical technology"", ""AI cinematic short"", ""colossal machine"", ""forest technology"", ""canopy engineering""]",2026-08-16 19:40:58.239592
44,Rootway Titan,3,Giant Tree,Nature,new,20,1,1,Giant Tree's Hidden Rootway Titan: The Underground Mega Machine,"[""giant tree"", ""giant tree technology"", ""giant tree build"", ""giant tree ancient"", ""underground machine"", ""futuristic engineering"", ""colossal machine"", ""megastucture"", ""giant tree shelter"", ""alien technology"", ""subterranean machine"", ""future technology"", ""AI cinematic"", ""root system technology""]",2026-08-16 19:40:58.299017
45,Sun Harvester Colossus,3,Giant Tree,Nature,new,20,1,1,Sun Harvester Colossus: The Giant Tree Solar Megastructure,"[""giant tree"", ""giant tree technology"", ""giant tree solar"", ""sun harvester"", ""solar engineering"", ""futuristic megastructure"", ""giant tree concept"", ""future technology"", ""colossal machine"", ""solar mirror array"", ""AI cinematic short"", ""futuristic engineering"", ""giant tree future"", ""artificial sunlight"", ""mega structure""]",2026-08-16 19:40:58.324956
46,Cloud Rooter,3,Giant Tree,Nature,new,20,1,1,Giant Tree Cloud Rooter: A Machine That Harvests the Sky,"[""giant tree"", ""giant tree futuristic machine"", ""giant tree engineering"", ""cloud rooter"", ""cloud harvesting machine"", ""atmospheric water harvesting"", ""futuristic engineering"", ""colossal machine"", ""megastructure"", ""giant machine"", ""weather control technology"", ""artificial rain"", ""future technology"", ""sci fi engineering"", ""cinematic short""]",2026-08-16 19:40:58.347264
47,Bark Foundry,3,Giant Tree,Nature,new,20,1,1,Giant Tree Repair Machine: The Bark Foundry Megastructure,"[""giant tree"", ""giant tree technology"", ""giant tree repair machine"", ""giant tree ancient"", ""giant tree build"", ""giant tree shelter"", ""futuristic machine"", ""giant machine"", ""colossal engineering"", ""sci fi technology"", ""AI generated cinematic"", ""future engineering"", ""tree restoration"", ""biotech machine""]",2026-08-16 19:40:58.378255
48,Season Engine,3,Giant Tree,Nature,new,20,1,1,Season Engine: The Giant Tree's Artificial Weather Machine,"[""giant tree"", ""season engine"", ""giant tree shelter"", ""artificial weather machine"", ""futuristic engineering"", ""climate machine"", ""giant machine"", ""megastucture"", ""future technology"", ""weather control machine"", ""alien megastructure"", ""AI cinematic short"", ""futuristic agriculture"", ""environmental technology""]",2026-08-16 19:40:58.406315
49,Branch Bridge Machine,3,Giant Tree,Nature,new,20,1,1,Giant Tree Cutting Machine Creates a Living Branch Bridge,"[""giant tree cutting machine"", ""giant tree cutting"", ""giant tree machine"", ""giant tree construction"", ""giant tree as shelter"", ""futuristic engineering"", ""giant machine"", ""mega structure"", ""future technology"", ""AI cinematic short"", ""robot construction machine"", ""living architecture"", ""tree architecture"", ""sci fi machine"", ""colossal machines""]",2026-08-16 19:40:58.433595
50,Pollinator Cathedral,3,Giant Tree,Nature,new,20,1,1,Giant Tree Pollinator Cathedral: The Future of Engineered Nature,"[""giant tree"", ""giant tree build"", ""giant tree ancient"", ""giant tree avatar"", ""pollinator cathedral"", ""futuristic agriculture"", ""future technology"", ""biological engineering"", ""giant tree machine"", ""eco technology"", ""AI generated cinematic"", ""megafstructure"", ""future ecosystem"", ""robotic pollination"", ""tree city concept""]",2026-08-16 19:40:58.462118
51,Root Memory Engine,3,Giant Tree,Nature,new,20,1,1,Root Memory Engine: The Giant Tree's Hidden AI Nervous System,"[""giant tree"", ""giant tree ancient"", ""giant tree shelter"", ""giant tree technology"", ""root system"", ""tree roots"", ""futuristic engineering"", ""underground machine"", ""AI megastructure"", ""future technology"", ""biological computer"", ""nature technology"", ""colossal machines"", ""sci fi engineering""]",2026-08-16 19:40:58.493451
52,Worldtree Stabilizer,3,Giant Tree,Nature,new,20,1,1,Giant Tree Stabilizer: The Ultimate Megastructure Machine,"[""giant tree"", ""giant tree build"", ""giant tree ancient"", ""giant tree shelter"", ""futuristic engineering"", ""mega structure"", ""colossal machine"", ""giant machine"", ""future technology"", ""AI cinematic"", ""AI generated video"", ""tree engineering"", ""massive construction"", ""sci fi megastructure"", ""planetary scale engineering""]",2026-08-16 19:40:58.526019
53,Palm Titan Water Crown,4,Palm Tree,Nature,new,20,1,1,Palm Tree Water Crown: A Giant Artificial Storm Machine,"[""palm tree"", ""palm tree animation"", ""palm tree art"", ""palm tree machine"", ""giant palm tree"", ""futuristic agriculture"", ""future technology"", ""giant machine"", ""mega structure"", ""artificial storm machine"", ""climate engineering"", ""water machine"", ""AI cinematic"", ""sci fi engineering""]",2026-08-16 19:49:17.148286
54,Sun Harvesting Palm Engine,4,Palm Tree,Nature,new,20,1,1,Palm Tree Harvesting Machine: The Impossible Solar Engine,"[""palm tree harvesting machine"", ""palm tree machine"", ""palm tree cutter"", ""palm tree saw"", ""solar harvesting machine"", ""futuristic agriculture"", ""giant machine"", ""future engineering"", ""solar energy technology"", ""AI generated cinematic"", ""megstructure machine"", ""futuristic technology"", ""colossal machine"", ""science fiction engineering""]",2026-08-16 19:49:17.179409
55,Palm Root Earth Mover,4,Palm Tree,Nature,new,20,1,1,Palm Root Earth Mover: The Underground Machine Growing a Forest,"[""palm tree root system"", ""palm tree root ball"", ""palm tree root removal"", ""palm tree machine"", ""futuristic agriculture"", ""underground machine"", ""giant earth mover"", ""future engineering"", ""AI generated machine"", ""colossal machine"", ""root system technology"", ""agriculture technology"", ""science fiction engineering""]",2026-08-16 19:49:17.207658
56,Chrono-Palm Growth Engine,4,Palm Tree,Nature,new,20,1,1,Chrono-Palm Growth Engine: A Palm Tree Grown Through Time,"[""palm tree"", ""palm tree animation"", ""palm tree art"", ""palm tree machine"", ""futuristic agriculture"", ""future technology"", ""AI generated cinematic"", ""giant machine"", ""megastucture"", ""clockwork machine"", ""tree growth machine"", ""sci fi engineering"", ""alien technology"", ""cinematic AI short""]",2026-08-16 19:49:17.234654
57,Palm Wind Orchestra,4,Palm Tree,Nature,new,20,1,1,Palm Wind Orchestra: The Giant Machine That Makes Palm Trees Sing,"[""palm wind orchestra"", ""palm tree"", ""palm tree animation"", ""palm tree ambience"", ""futuristic engineering"", ""giant machine"", ""mega structure"", ""futuristic machine"", ""wind machine"", ""AI generated cinematic"", ""colossal machine"", ""palm tree art"", ""future technology"", ""alien megastructure""]",2026-08-16 19:49:17.266125
58,Celestial Coconut Launcher,4,Palm Tree,Nature,new,20,1,1,Celestial Coconut Launcher: The Ultimate Palm Tree Machine,"[""coconut tree up machine"", ""coconut tree cutting machine video"", ""coconut tree climbing machine video"", ""palm tree machine"", ""coconut harvesting machine"", ""giant palm tree machine"", ""futuristic agriculture"", ""future farming technology"", ""colossal machine"", ""mega machine"", ""AI generated machine"", ""futuristic engineering"", ""science technology"", ""palm tree technology""]",2026-08-16 19:49:17.294659
59,Palm Cloud Factory,4,Palm Tree,Nature,new,20,1,1,Palm Cloud Factory: The Future of Artificial Weather Engineering,"[""cloud factory"", ""palm cloud factory"", ""palm tree"", ""palm tree animation"", ""palm tree art"", ""artificial clouds"", ""future technology"", ""futuristic engineering"", ""giant machine"", ""mega structure"", ""atmospheric engineering"", ""AI cinematic short"", ""floating factory"", ""weather machine""]",2026-08-16 19:49:17.314802
60,Frond Solar Sail Array,4,Palm Tree,Nature,new,20,1,1,Frond Solar Sail Array: A Palm Tree Turned Space Engine,"[""palm tree"", ""palm tree animation"", ""palm tree art"", ""solar sail"", ""solar sail array"", ""futuristic engineering"", ""giant machine"", ""megascale engineering"", ""AI generated machine"", ""impossible machines"", ""future technology"", ""biomimetic engineering"", ""colossal structures"", ""science fiction technology""]",2026-08-16 19:49:17.334243
61,Palm Tree Climate Reactor,4,Palm Tree,Nature,new,20,1,1,Palm Tree Climate Reactor: The Ultimate Weather Machine,"[""palm tree climate reactor"", ""palm tree"", ""palm tree in storm"", ""palm tree in wind"", ""future engineering"", ""futuristic machine"", ""climate engineering"", ""weather machine"", ""giant megastructure"", ""AI generated technology"", ""futuristic agriculture"", ""robotic machine"", ""impossible machines"", ""cinematic AI short""]",2026-08-16 19:49:17.363038
62,Infinite Palm Forest Seeder,4,Palm Tree,Nature,new,20,1,1,Infinite Palm Forest Seeder: The Machine That Grows Palm Forests,"[""palm tree"", ""palm tree machine"", ""palm tree animation"", ""palm tree art"", ""futuristic agriculture"", ""future technology"", ""giant machine"", ""colossal machine"", ""AI generated machine"", ""sci fi engineering"", ""forest generator"", ""biological engineering"", ""mega structure"", ""future farming""]",2026-08-16 19:49:17.392992
63,The Verdant Bamboo Sky-Loom,5,Bamboo Forest,Nature,new,20,1,1,Bamboo Forest Sky-Loom: An Alien Megastructure of Living Engineering,"[""bamboo forest"", ""bamboo forest unreal engine 5"", ""futuristic bamboo"", ""bamboo architecture"", ""future engineering"", ""alien megastructure"", ""giant machine concept"", ""biomimetic engineering"", ""sustainable technology"", ""bamboo technology"", ""colossal machines"", ""sci fi engineering"", ""AI generated cinematic"", ""future technology"", ""bamboo forest world""]",2026-08-16 19:57:16.333590
64,Jade Spire Harvesting Spider,5,Bamboo Forest,Nature,new,20,1,1,Bamboo Forest Harvesting Spider: A Colossal Futuristic Machine,"[""bamboo forest"", ""bamboo forest machine"", ""bamboo forest unreal engine 5"", ""futuristic machine"", ""robotic harvesting machine"", ""giant robot spider"", ""hydraulic robot"", ""future agriculture"", ""colossal machine"", ""AI generated cinematic"", ""sci fi engineering"", ""alien technology concept"", ""mega machine"", ""robot spider"", ""bamboo forest background""]",2026-08-16 19:57:16.367994
65,The Bamboo Ocean Comb,5,Bamboo Forest,Nature,new,20,1,1,The Bamboo Forest Ocean Comb: A Colossal Water Harvesting Machine,"[""the bamboo forest"", ""bamboo forest"", ""bamboo forest machine"", ""futuristic harvesting machine"", ""bamboo water harvesting"", ""bamboo forest technology"", ""future agriculture"", ""colossal machine"", ""giant machine concept"", ""futuristic engineering"", ""alien megastructure"", ""AI generated machine"", ""through the bamboo forest"", ""bamboo forest background video""]",2026-08-16 19:57:16.399341
66,Hollow-Stem Resonance Engine,5,Bamboo Forest,Nature,new,20,1,1,Bamboo Forest Resonance Engine: A Mega Acoustic Machine,"[""bamboo forest"", ""bamboo forest unreal engine 5"", ""bamboo forest background video"", ""futuristic engineering"", ""mega machine"", ""giant bamboo pipes"", ""acoustic machine"", ""resonance engine"", ""future technology"", ""AI generated cinematic"", ""impossible machines"", ""colossal structure"", ""science fiction engineering"", ""alien megastructure""]",2026-08-16 19:57:16.421279
67,The Emerald Stalk Harvester,5,Bamboo Forest,Nature,new,20,1,1,Giant Bamboo Forest Harvester: The Future of Mega Machines,"[""bamboo forest"", ""bamboo forest unreal engine 5"", ""giant bamboo forest"", ""bamboo harvesting machine"", ""futuristic harvesting machine"", ""mega machine"", ""colossal machines"", ""future agriculture technology"", ""industrial harvesting"", ""futuristic engineering"", ""AI generated cinematic"", ""impossible machines"", ""giant machine concept"", ""sci fi technology"", ""future farming""]",2026-08-16 19:57:16.442392
68,Bamboo Canopy Cloud-Drill,5,Bamboo Forest,Nature,new,20,1,1,Bamboo Forest Cloud Drill: A Titanium Machine Above the Canopy,"[""bamboo forest"", ""bamboo forest unreal engine 5"", ""futuristic engineering"", ""future farming technology"", ""impossible machines"", ""colossal machine"", ""cloud water harvesting"", ""rainwater harvesting technology"", ""bamboo technology"", ""forest engineering"", ""AI generated cinematic"", ""megastucture concept"", ""futuristic agriculture"", ""giant machine concept""]",2026-08-16 19:57:16.465206
69,The Titan Bamboo Splitter,5,Bamboo Forest,Nature,new,20,1,1,Titan Bamboo Splitter: Alien Machine in a Bamboo Forest,"[""bamboo forest"", ""bamboo forest japan"", ""bamboo forest background video"", ""bamboo forest cinematic"", ""bamboo machine"", ""bamboo processing machine"", ""futuristic machine"", ""giant machine"", ""colossal machine"", ""future engineering"", ""AI generated cinematic"", ""industrial machine"", ""mega structure"", ""futuristic technology""]",2026-08-16 19:57:16.495957
70,Celestial Shoot Accelerator,5,Bamboo Forest,Nature,new,20,1,1,Celestial Bamboo Accelerator: A Futuristic Growth Machine,"[""bamboo forest"", ""futuristic bamboo"", ""bamboo forest unreal engine 5"", ""future agriculture technology"", ""futuristic farming machine"", ""solar energy machine"", ""giant machine concept"", ""colossal engineering"", ""AI generated cinematic"", ""sci fi agriculture"", ""bamboo growth machine"", ""future technology"", ""megascale machine"", ""alien technology concept""]",2026-08-16 19:57:16.526413
71,The Bamboo Ring Leviathan,5,Bamboo Forest,Nature,new,20,1,1,Bamboo Forest Leviathan: The Alien Machine Building Living Bamboo Arches,"[""bamboo forest"", ""bamboo forest japan"", ""bamboo forest kyoto"", ""bamboo forest background video"", ""bamboo forest sounds"", ""futuristic machine"", ""giant machine"", ""colossal machine"", ""alien technology"", ""future engineering"", ""nature inspired technology"", ""bamboo architecture"", ""impossible machine"", ""AI generated cinematic"", ""mega structure""]",2026-08-16 19:57:16.551539
72,The Infinite Bamboo Grove City,5,Bamboo Forest,Nature,new,20,1,1,Infinite Bamboo Grove City: A Futuristic Bamboo Forest Megastructure,"[""bamboo forest"", ""bamboo grove"", ""bamboo forest unreal engine 5"", ""futuristic bamboo city"", ""bamboo megastructure"", ""future city concept"", ""AI generated architecture"", ""futuristic engineering"", ""colossal machine"", ""mechanical metropolis"", ""sci fi city"", ""nature inspired technology"", ""alien megastructure"", ""cinematic AI short""]",2026-08-16 19:57:16.573075
73,Titanic Tea Plucking Colossus,8,Tea Garden,Agriculture,new,20,1,1,Titanic Tea Plucking Colossus: The Ultimate Tea Garden Machine,"[""tea garden machine"", ""tea garden plucking machine"", ""tea garden cinematic video"", ""futuristic agriculture"", ""giant harvesting machine"", ""robotic farming machine"", ""future farming technology"", ""tea plantation machine"", ""colossal machine"", ""AI generated cinematic"", ""mega machine concept"", ""agricultural robot"", ""futuristic engineering"", ""tea garden"", ""impossible machines""]",2026-08-16 20:18:30.134187
74,Skyloom Tea Pruning Ring,8,Tea Garden,Agriculture,new,20,1,1,Skyloom Tea Pruning Ring: The Ultimate Tea Garden Machine,"[""tea garden pruning machine"", ""tea garden machine"", ""tea garden cinematic video"", ""tea garden plants"", ""future farming machine"", ""futuristic agriculture"", ""giant agricultural machine"", ""AI generated cinematic"", ""colossal machine"", ""mega structure"", ""automated farming"", ""robotic agriculture"", ""future technology"", ""tea plantation technology""]",2026-08-16 20:18:30.156322
75,Monsoon Shield Megadome,8,Tea Garden,Agriculture,new,20,1,1,Monsoon Shield Megadome: The Future of Tea Garden Protection,"[""tea garden machine"", ""tea garden cinematic video"", ""futuristic tea garden"", ""tea garden technology"", ""tea plantation machine"", ""futuristic agriculture"", ""agricultural megastructure"", ""monsoon protection"", ""weather control dome"", ""giant machine concept"", ""future farming technology"", ""AI generated cinematic"", ""colossal engineering"", ""sci fi architecture""]",2026-08-16 20:18:30.182010
76,Rootwater Planetary Drill,8,Tea Garden,Agriculture,new,20,1,1,Rootwater Planetary Drill: The Ultimate Tea Garden Machine,"[""tea garden machine"", ""tea garden"", ""futuristic agricultural machine"", ""giant farming machine"", ""underground machine"", ""future farming technology"", ""AI cinematic video"", ""colossal machine"", ""megamastructure"", ""future agriculture"", ""robotic farming"", ""tea plantation technology"", ""science fiction machine""]",2026-08-16 20:18:30.211395
77,Tea Garden Climate Engine,8,Tea Garden,Agriculture,new,20,1,1,Tea Garden Climate Engine: The Future of Agricultural Weather Control,"[""tea garden machine"", ""tea garden"", ""tea garden cinematic video"", ""tea garden background video"", ""future agricultural machine"", ""climate engine"", ""futuristic technology"", ""giant machine concept"", ""megstructure"", ""AI generated cinematic"", ""weather control machine"", ""future farming technology"", ""tea plantation technology"", ""atmospheric machine"", ""science and technology""]",2026-08-16 20:18:30.244206
78,Colossus Leaf Sorting Wheel,8,Tea Garden,Agriculture,new,20,1,1,Colossus Leaf Sorting Wheel: A Futuristic Tea Garden Machine,"[""tea garden machine"", ""tea garden cinematic video"", ""tea garden"", ""futuristic agriculture"", ""leaf sorting machine"", ""tea processing machine"", ""colossal machine"", ""giant agricultural machine"", ""future farming technology"", ""AI generated cinematic"", ""sci fi machine"", ""tea plantation technology"", ""agriculture innovation"", ""megascale engineering""]",2026-08-16 20:18:30.277019
79,Mountain Compost Walker,8,Tea Garden,Agriculture,new,20,1,1,Mountain Compost Walker: A Giant Tea Garden Machine,"[""tea garden machine"", ""mountain compost walker"", ""tea garden"", ""tea garden cinematic video"", ""future agriculture machine"", ""giant farming machine"", ""futuristic agriculture"", ""compost machine"", ""agricultural technology"", ""impossible machines"", ""colossal machine"", ""future technology"", ""tea garden plants"", ""cinematic machine""]",2026-08-16 20:18:30.303313
80,Terrace-Shaping Earth Titan,8,Tea Garden,Agriculture,new,20,1,1,Terrace-Shaping Earth Titan: The Ultimate Tea Garden Machine,"[""tea garden machine"", ""tea garden cinematic video"", ""tea garden"", ""futuristic agriculture"", ""giant machine"", ""colossal machine"", ""earth moving machine"", ""future technology"", ""AI generated machine"", ""futuristic engineering"", ""mega machine concept"", ""impossible machines"", ""agricultural technology"", ""cinematic AI video""]",2026-08-16 20:18:30.321848
81,Solar Tea Harvesting Cathedral,8,Tea Garden,Agriculture,new,20,1,1,Solar Tea Harvesting Machine: The Valley-Sized Tea Cathedral,"[""tea harvesting machine"", ""tea garden machine"", ""solar tea maker"", ""tea garden cinematic video"", ""futuristic agriculture"", ""giant harvesting machine"", ""robotic farming machine"", ""future farming technology"", ""AI generated machine"", ""colossal machine"", ""mega structure engineering"", ""automated tea harvesting"", ""solar powered machine"", ""futuristic tea garden""]",2026-08-16 20:18:30.339840
82,Orbital Tea Garden Caretaker,8,Tea Garden,Agriculture,new,20,1,1,Orbital Tea Garden Caretaker: The Future of a Tea Garden,"[""tea garden"", ""tea garden cinematic video"", ""futuristic tea garden"", ""tea garden technology"", ""future agriculture"", ""automated farming"", ""AI generated cinematic"", ""colossal machine"", ""futuristic engineering"", ""organic tea garden"", ""tea plantation"", ""robotic harvesting"", ""agricultural technology""]",2026-08-16 20:18:30.371743
83,The Golden Bunch Orbital Harvester,9,Banana Plantation,Agriculture,new,20,1,1,Banana Plantation Harvesting With a Giant Orbital Robotic Harvester,"[""banana plantation harvesting"", ""banana plantation"", ""banana harvesting"", ""banana plantation farming"", ""futuristic farming"", ""agricultural robots"", ""robotic harvester"", ""giant farming machine"", ""future agriculture technology"", ""automated harvesting"", ""colossal machines"", ""mega machines"", ""AI generated machine"", ""futuristic engineering""]",2026-08-16 20:26:01.867716
84,Tropical Frond Solar Siphon,9,Banana Plantation,Agriculture,new,20,1,1,Banana Plantation of the Future: Giant Solar Frond Energy Harvester,"[""banana plantation"", ""banana plantation farming"", ""banana plantation documentary"", ""banana plantation harvesting"", ""future agriculture"", ""futuristic farming"", ""agricultural technology"", ""solar energy technology"", ""artificial photosynthesis"", ""biomimetic technology"", ""giant machine"", ""colossal engineering"", ""sci fi agriculture"", ""future technology"", ""monsoon energy harvesting""]",2026-08-16 20:26:01.891475
85,The Banana Canopy Leviathan,9,Banana Plantation,Agriculture,new,20,1,1,Banana Plantation of the Future: The Canopy Leviathan Machine,"[""banana plantation"", ""banana plantation documentary"", ""banana plantation harvesting"", ""future banana plantation"", ""futuristic agriculture"", ""agricultural technology"", ""farming machines"", ""giant farming machine"", ""robotic agriculture"", ""climate controlled greenhouse"", ""future farming technology"", ""mega machine"", ""colossal machines"", ""AI generated cinematic"", ""science technology""]",2026-08-16 20:26:01.914910
86,Plantation Monorail Harvester,9,Banana Plantation,Agriculture,new,20,1,1,Banana Plantation Monorail Harvester: A Future Farming Megamachine,"[""banana plantation harvesting"", ""banana plantation"", ""future farming"", ""automated agriculture"", ""banana harvester"", ""plantation machinery"", ""futuristic farming technology"", ""agricultural machines"", ""robotic farming"", ""banana plantation documentary"", ""banana plantation in ecuador"", ""banana plantation in philippines"", ""smart agriculture"", ""future agriculture"", ""megafactory technology""]",2026-08-16 20:26:01.940898
87,The Titan Fruit Loom,9,Banana Plantation,Agriculture,new,20,1,1,Titan Fruit Loom: The Future of a Giant Banana Processing Factory,"[""banana plantation"", ""banana plantation in the philippines"", ""banana plantation in uganda"", ""future agriculture"", ""futuristic farming"", ""robotic agriculture"", ""fruit processing factory"", ""automated fruit sorting"", ""industrial food processing"", ""agriculture technology"", ""future factory"", ""giant machines"", ""AI generated cinematic"", ""mega factory"", ""science technology""]",2026-08-16 20:26:01.969241
88,Monsoon Banana Ripening Dome,9,Banana Plantation,Agriculture,new,20,1,1,Banana Plantation Ripening Dome: A Futuristic Mega Factory,"[""banana plantation"", ""banana plantation farming"", ""banana ripening"", ""banana ripening chemical"", ""banana plantation harvesting"", ""banana plantation documentary"", ""future farming"", ""agricultural technology"", ""smart agriculture"", ""futuristic farm"", ""mega factory"", ""automated farming"", ""giant machine"", ""AI futuristic engineering""]",2026-08-16 20:26:01.996769
89,The Planetary Peel Excavator,9,Banana Plantation,Agriculture,new,20,1,1,Banana Plantation's Future: The Planetary Peel Recycling Machine,"[""banana plantation"", ""banana plantation farming"", ""banana plantation harvesting"", ""banana plantation documentary"", ""banana farming technology"", ""future agriculture"", ""sustainable agriculture"", ""bio recycling machine"", ""banana peel recycling"", ""organic waste recycling"", ""futuristic farming machine"", ""giant engineering machine"", ""AI generated technology"", ""science and technology"", ""agricultural innovation""]",2026-08-16 20:26:02.022116
90,Tropical Stem Pressure Engine,9,Banana Plantation,Agriculture,new,20,1,1,Banana Plantation Water Engine: A Giant Stem Pressing Machine,"[""banana plantation"", ""banana plantation farming"", ""banana plantation harvesting"", ""banana plantation documentary"", ""banana plant water extraction"", ""banana stem press"", ""banana farming technology"", ""future agriculture"", ""agricultural engineering"", ""hydraulic press machine"", ""giant machine technology"", ""futuristic farming"", ""tropical agriculture"", ""AI generated machine"", ""science technology""]",2026-08-16 20:26:02.039812
91,The Solar Banana Conveyor,9,Banana Plantation,Agriculture,new,20,1,1,Banana Plantation's Solar Conveyor: A Future Mega Machine,"[""banana plantation"", ""banana plantation harvesting"", ""banana plantation documentary"", ""banana farm"", ""future agriculture"", ""futuristic farming"", ""solar powered machine"", ""solar conveyor"", ""agriculture technology"", ""future technology"", ""mega machine"", ""colossal engineering"", ""AI generated engineering"", ""banana harvest"", ""smart farming""]",2026-08-16 20:26:02.061342
92,The Infinite Plantation Caretaker,9,Banana Plantation,Agriculture,new,20,1,1,Banana Plantation's Alien Caretaker: The Future of Smart Farming,"[""banana plantation"", ""banana plantation technology"", ""banana plantation harvesting"", ""banana plantation documentary"", ""smart farming"", ""agricultural robot"", ""farm robot"", ""future farming technology"", ""robotic agriculture"", ""AI farming"", ""futuristic machine"", ""bio robotic sentinel"", ""sustainable agriculture"", ""banana farm"", ""future of farming""]",2026-08-16 20:26:02.089340
93,Orchard Moon Harvester,10,Apple Orchard,Agriculture,new,20,1,1,Apple Orchard Harvested by a Giant Moon-Sized Machine,"[""apple orchard"", ""apple orchard machine"", ""future farming technology"", ""futuristic agriculture"", ""giant harvesting machine"", ""automated apple harvesting"", ""agriculture technology"", ""sci fi machine"", ""futuristic machines"", ""colossal machine"", ""orbital harvesting machine"", ""AI generated cinematic"", ""future farming"", ""apple harvest"", ""agricultural robots""]",2026-08-16 20:32:46.265930
94,Titan Root Sculptor,10,Apple Orchard,Agriculture,new,20,1,1,Titan Root Sculptor: The Future of an AI Apple Orchard Machine,"[""apple orchard"", ""apple orchard machine"", ""futuristic agriculture"", ""future farming technology"", ""AI agriculture"", ""agricultural robot"", ""underground machine"", ""colossal machine"", ""giant robot technology"", ""future engineering"", ""sci fi machine"", ""smart farming"", ""orchard technology"", ""root mapping technology""]",2026-08-16 20:32:46.301456
95,Sky Orchard Shepherd,10,Apple Orchard,Agriculture,new,20,1,1,Sky Orchard Shepherd: The Floating AI Weather Machine for Apple Orchards,"[""apple orchard"", ""apple orchard ambience"", ""future agriculture"", ""futuristic farming"", ""giant machine"", ""colossal machines"", ""floating city"", ""agricultural technology"", ""AI generated video"", ""future technology"", ""climate control machine"", ""weather control technology"", ""sci fi engineering"", ""impossible machines"", ""megastucture""]",2026-08-16 20:32:46.336338
96,Apple Gravity Elevator,10,Apple Orchard,Agriculture,new,20,1,1,Apple Gravity Elevator: The Impossible Orchard Megastructure,"[""apple orchard"", ""apple gravity elevator"", ""futuristic agriculture"", ""future farming technology"", ""giant machine"", ""colossal machine"", ""agricultural technology"", ""AI generated cinematic"", ""science fiction engineering"", ""mega structure"", ""impossible machines"", ""future technology"", ""orchard technology""]",2026-08-16 20:32:46.360386
97,Colossus Pollination Wheel,10,Apple Orchard,Agriculture,new,20,1,1,Colossus Pollination Wheel: The Future of Apple Orchard Farming,"[""apple orchard"", ""apple orchard farming"", ""future farming"", ""futuristic agriculture"", ""agricultural technology"", ""pollination technology"", ""robotic pollination"", ""autonomous drones"", ""orchard technology"", ""smart farming"", ""AI generated machines"", ""giant machine"", ""megastucture"", ""future technology"", ""cinematic AI""]",2026-08-16 20:32:46.381391
98,Orchard Time Engine,10,Apple Orchard,Agriculture,new,20,1,1,Apple Orchard Time Engine: A Colossal Machine That Controls Seasons,"[""apple orchard"", ""apple orchard machine"", ""futuristic agriculture"", ""future farming technology"", ""giant machine"", ""colossal machine"", ""agricultural technology"", ""future orchard"", ""AI generated machine"", ""futuristic engineering"", ""megastucture"", ""science fiction technology"", ""robotic farming"", ""impossible machines""]",2026-08-16 20:32:46.405780
99,Titanic Apple Sorter,10,Apple Orchard,Agriculture,new,20,1,1,Titanic Apple Sorter: The World's Largest Apple Sorting Machine,"[""apple sorter machine"", ""apple sorting machine"", ""apple orchard"", ""futuristic agriculture"", ""agricultural machines"", ""fruit sorting machine"", ""automated farming"", ""future farming technology"", ""robotic farming"", ""giant machine"", ""mega machine"", ""AI generated cinematic"", ""science and technology"", ""orchard technology""]",2026-08-16 20:32:46.437664
100,Solar Orchard Furnace,10,Apple Orchard,Agriculture,new,20,1,1,Solar Orchard Furnace: A Colossal Future Apple Orchard Machine,"[""apple orchard"", ""futuristic apple orchard"", ""solar orchard"", ""future agriculture"", ""agricultural technology"", ""futuristic farming"", ""solar energy machine"", ""colossal machine"", ""mega structure"", ""future technology"", ""AI generated cinematic"", ""impossible machines"", ""giant engineering"", ""science technology"", ""automated farming""]",2026-08-16 20:32:46.478805
101,Planetary Pruning Spider,10,Apple Orchard,Agriculture,new,20,1,1,Planetary Pruning Spider: The Ultimate Apple Orchard Machine,"[""apple orchard"", ""apple orchard machine"", ""apple orchard sprayer"", ""pruning machine"", ""robotic pruning"", ""autonomous farming machine"", ""future agriculture"", ""agricultural robot"", ""giant farming machine"", ""precision agriculture"", ""futuristic engineering"", ""colossal machine"", ""AI generated machine"", ""robotic orchard"", ""pruning spider""]",2026-08-16 20:32:46.520899
102,Infinite Orchard Conveyor,10,Apple Orchard,Agriculture,new,20,1,1,Infinite Orchard Conveyor: The Planetary Apple Farm Machine,"[""apple orchard"", ""apple orchard machine"", ""future agriculture"", ""futuristic farming"", ""giant machine"", ""colossal machine"", ""agricultural technology"", ""automated farming"", ""robotic farming"", ""orchard technology"", ""future farm"", ""sci fi machine"", ""megascale engineering"", ""impossible machines""]",2026-08-16 20:32:46.549029
103,Solar Titan Harvester,11,Sunflower Field,Agriculture,new,20,1,1,Solar Titan Harvester: A Colossal Sunflower Field Machine,"[""sunflower field video"", ""sunflower field cinematic video"", ""sunflower field"", ""futuristic agriculture"", ""giant farming machine"", ""colossal machine"", ""AI generated cinematic"", ""future farming technology"", ""agricultural robot"", ""mega machine"", ""futuristic harvester"", ""solar titan harvester"", ""sunflower harvest"", ""science technology"", ""impossible machines""]",2026-08-16 20:40:24.192100
104,Sunflower Skywheel,11,Sunflower Field,Agriculture,new,20,1,1,Sunflower Field Meets a Planetary Harvesting Skywheel,"[""sunflower field video"", ""sunflower field cinematic video"", ""sunflower field animation"", ""sunflower field background video"", ""futuristic agriculture"", ""future farming technology"", ""giant harvesting machine"", ""colossal machine"", ""mega machine"", ""AI generated cinematic"", ""sci fi engineering"", ""alien technology concept"", ""agricultural robot"", ""future technology""]",2026-08-16 20:40:24.220360
105,Helios Field Cathedral,11,Sunflower Field,Agriculture,new,20,1,1,Sunflower Field Megastructure: The Helios Field Cathedral,"[""sunflower field video"", ""sunflower field cinematic video"", ""sunflower field background video"", ""sunflower field animation"", ""sunflower field aesthetic"", ""futuristic agriculture"", ""futuristic farming"", ""giant machine"", ""colossal machine"", ""AI generated cinematic"", ""sci fi megastructure"", ""future technology"", ""agricultural technology"", ""sunflower field AI"", ""impossible machines""]",2026-08-16 20:40:24.239508
106,Titanic Sun Tracker,11,Sunflower Field,Agriculture,new,20,1,1,Titanic Sun Tracker: A Floating Solar Megastructure Over Sunflower Fields,"[""sunflower field"", ""sunflower field video"", ""sunflower field cinematic video"", ""sunflower field following the sun"", ""future agriculture"", ""futuristic farming"", ""giant machine"", ""mega structure"", ""floating solar array"", ""solar tracker"", ""AI generated cinematic"", ""futuristic engineering"", ""agriculture technology"", ""colossal machines""]",2026-08-16 20:40:24.261389
107,The Golden Root Engine,11,Sunflower Field,Agriculture,new,20,1,1,Golden Root Engine: A Giant Machine Beneath a Sunflower Field,"[""sunflower field video"", ""sunflower field cinematic video"", ""sunflower field"", ""futuristic agriculture"", ""giant machine"", ""underground machine"", ""agricultural technology"", ""future farming"", ""AI cinematic video"", ""science fiction machine"", ""colossal engineering"", ""impossible machines"", ""mechanical ecosystem"", ""sunflower field background video""]",2026-08-16 20:40:24.296158
108,Sunflower Leviathan,11,Sunflower Field,Agriculture,new,20,1,1,Sunflower Field Cinematic Video: The Leviathan Harvest Machine,"[""sunflower field cinematic video"", ""sunflower field video"", ""sunflower field background video"", ""sunflower field animation"", ""sunflower field aesthetic"", ""futuristic agriculture"", ""agricultural machine"", ""giant machine"", ""colossal machine"", ""megamastructure"", ""sci fi machine"", ""AI generated cinematic"", ""future technology"", ""robotic farming"", ""engineering concept""]",2026-08-16 20:40:24.324161
109,Petal Storm Generator,11,Sunflower Field,Agriculture,new,20,1,1,Sunflower Field's Petal Storm Generator: A Colossal Weather Machine,"[""sunflower field video"", ""sunflower field cinematic video"", ""sunflower field background video"", ""petal storm generator"", ""futuristic weather machine"", ""colossal machine"", ""giant machine concept"", ""AI generated cinematic"", ""futuristic engineering"", ""atmospheric engineering"", ""agriculture technology"", ""future farming"", ""sunflower field ambience"", ""megastucture"", ""science technology""]",2026-08-16 20:40:24.347358
110,The Million-Arm Pollinator,11,Sunflower Field,Agriculture,new,20,1,1,The Million-Arm Pollinator: A Sunflower Field Mega Machine,"[""sunflower field video"", ""sunflower field cinematic video"", ""sunflower field"", ""futuristic agriculture"", ""robotic pollinator"", ""mechanical pollinator"", ""future farming technology"", ""AI generated cinematic video"", ""colossal machine"", ""megastucture"", ""agriculture technology"", ""robotic farming"", ""sunflower field background video"", ""future technology"", ""science and technology""]",2026-08-16 20:40:24.369377
111,Colossus Seed Forge,11,Sunflower Field,Agriculture,new,20,1,1,Colossus Seed Forge: A Sunflower Field Megamachine,"[""sunflower field cinematic video"", ""sunflower field video"", ""sunflower field background video"", ""colossus seed forge"", ""futuristic agriculture"", ""future farming technology"", ""giant agricultural machine"", ""colossal machine"", ""megamaschine"", ""AI generated cinematic"", ""science and technology"", ""agricultural engineering"", ""sunflower harvest"", ""impossible machines""]",2026-08-16 20:40:24.390701
112,Solar Bloom Clock,11,Sunflower Field,Agriculture,new,20,1,1,Solar Bloom Clock: A Colossal Machine in a Sunflower Field,"[""sunflower field video"", ""sunflower field cinematic video"", ""sunflower field"", ""sunflower field background video"", ""solar powered clock"", ""Solar Bloom Clock"", ""futuristic agriculture"", ""giant machine"", ""colossal machine"", ""AI generated cinematic video"", ""sci fi engineering"", ""future technology"", ""mega structure"", ""impossible machines""]",2026-08-16 20:40:24.418829
113,The Grassland Tide Engine,12,Grassland,Nature,new,20,1,1,The Grassland Tide Engine: A Colossal Machine That Moves a Prairie,"[""grassland"", ""grassland biome"", ""grassland ecosystem"", ""the grassland biome"", ""futuristic agriculture"", ""colossal machines"", ""giant machine"", ""future technology"", ""AI generated cinematic"", ""impossible machines"", ""mega structures"", ""grassland background video"", ""futuristic engineering"", ""planetary scale machine""]",2026-08-18 07:23:56.043546
114,Skyroot Rain Harvester,12,Grassland,Nature,new,20,1,1,Skyroot Rain Harvester: The Impossible Rain Water Harvesting Machine,"[""rain water harvesting technology"", ""rain water harvesting"", ""grassland"", ""futuristic technology"", ""future engineering"", ""giant machine"", ""mega structure"", ""atmospheric water harvesting"", ""water harvesting system"", ""future agriculture"", ""grassland ecosystem"", ""AI generated machine"", ""colossal machine"", ""impossible engineering"", ""climate technology""]",2026-08-18 07:23:56.083905
115,Prairie Wind Shepherd,12,Grassland,Nature,new,20,1,1,Prairie Wind Shepherd: A Giant Grassland Machine Herd,"[""prairie wind"", ""grassland"", ""prairie wind sounds"", ""grassland biome"", ""futuristic machines"", ""giant machines"", ""colossal machine"", ""megastucture"", ""future engineering"", ""AI generated machine"", ""wind powered machine"", ""atmospheric engineering"", ""mechanical herd"", ""futuristic technology"", ""grassland background""]",2026-08-18 07:23:56.111902
116,The Buried Sunwheel,12,Grassland,Nature,new,20,1,1,The Buried Sunwheel: A Giant Machine That Controls a Grassland,"[""grassland"", ""grassland machine"", ""futuristic agriculture"", ""giant machine"", ""colossal machine"", ""megastructure"", ""future technology"", ""underground machine"", ""futuristic engineering"", ""climate control machine"", ""artificial seasons"", ""grassland technology"", ""impossible machines"", ""AI generated cinematic"", ""sci fi engineering""]",2026-08-18 07:23:56.131426
117,Thunderhoof Generator,12,Grassland,Nature,new,20,1,1,Thunderhoof Generator: A Colossal Grassland Machine Beneath the Prairie,"[""grassland"", ""grassland machine"", ""futuristic machine"", ""colossal machine"", ""megastucture"", ""AI generated cinematic"", ""future agriculture"", ""underground machine"", ""prairie machine"", ""grassland technology"", ""impossible machines"", ""science fiction engineering"", ""future engineering"", ""AI short film""]",2026-08-18 07:23:56.149842
118,Prairie Memory Engine,12,Grassland,Nature,new,20,1,1,Prairie Memory Engine: The Future of Grassland Restoration,"[""grassland"", ""grassland ecosystem"", ""prairie"", ""prairie restoration"", ""futuristic machine"", ""future technology"", ""giant machine"", ""colossal machine"", ""ecological restoration"", ""future agriculture"", ""biome restoration"", ""grassland biome"", ""AI generated machine"", ""sci fi engineering""]",2026-08-18 07:23:56.176846
119,Horizon Grass Loom,12,Grassland,Nature,new,20,1,1,The Horizon Grass Loom: A Colossal Machine Weaving Living Grasslands,"[""Horizon Grass Loom"", ""grassland"", ""future agriculture"", ""futuristic machine"", ""giant machine"", ""megastucture"", ""grassland biome"", ""future technology"", ""AI generated cinematic"", ""colossal machine"", ""agricultural technology"", ""robotic engineering"", ""futuristic engineering"", ""living ecosystem"", ""giant loom machine""]",2026-08-18 07:23:56.206720
120,Cloudshadow Irrigator,12,Grassland,Nature,new,20,1,1,Cloudshadow Irrigator: The Colossal Grassland Climate Machine,"[""Cloudshadow Irrigator"", ""grassland"", ""grassland machine"", ""irrigator"", ""irrigation machine"", ""futuristic agriculture"", ""futuristic engineering"", ""climate engineering"", ""giant machine"", ""colossal machine"", ""megascale machine"", ""AI generated cinematic"", ""future technology"", ""agriculture technology"", ""mechanical ecosystem""]",2026-08-18 07:23:56.233060
121,The Seed Moon,12,Grassland,Nature,new,20,1,1,The Seed Moon: A Colossal Machine That Rebuilds the Grassland,"[""The Seed Moon"", ""grassland"", ""grassland machine"", ""future agriculture"", ""futuristic farming"", ""giant machine"", ""megastucture"", ""ecological engineering"", ""seed technology"", ""AI generated cinematic"", ""future technology"", ""planet scale machine"", ""agriculture technology"", ""grassland ecosystem""]",2026-08-18 07:23:56.251039
122,Prairie Planet Engine,12,Grassland,Nature,new,20,1,1,Planet Engine: The Hidden Machine Beneath the Prairie,"[""planet engine"", ""space engine making a planet"", ""prairie planet engine"", ""grassland biome"", ""futuristic engineering"", ""colossal machine"", ""mega structure"", ""planetary machine"", ""future technology"", ""AI generated cinematic"", ""sci fi machine"", ""buried machine"", ""giant machine concept"", ""grassland technology""]",2026-08-18 07:23:56.270050
123,The Dune-Swallowing Sand Leviathan,13,Desert,Environment,new,20,1,1,The Largest Desert Leviathan Ever Built: Sand-Swallowing Machine,"[""desert leviathan"", ""sand leviathan"", ""giant desert machine"", ""sand swallowing machine"", ""massive crawler machine"", ""futuristic engineering"", ""colossal machine"", ""desert megastructure"", ""alien machine"", ""giant sand crawler"", ""future technology"", ""impossible machines"", ""AI generated cinematic"", ""desert technology""]",2026-08-18 15:43:28.806740
124,Solar Mirage Energy Tower,13,Desert,Environment,new,20,1,1,Solar Tower That Turns Desert Mirages Into Infinite Energy,"[""solar tower"", ""solar tower light"", ""desert solar tower"", ""futuristic solar energy"", ""solar energy technology"", ""renewable energy future"", ""molten salt energy"", ""desert megastructure"", ""futuristic engineering"", ""alien megastructure"", ""giant energy machine"", ""future technology"", ""AI cinematic short"", ""sci fi architecture""]",2026-08-18 15:43:28.839481
125,The Deep-Basin Moisture Siphon,13,Desert,Environment,new,20,1,1,The Desert Moisture Siphon: An Underground Water Machine,"[""desert moisture siphon"", ""desert water machine"", ""atmospheric water collection"", ""underground water system"", ""desert engineering"", ""futuristic water technology"", ""cryogenic condenser"", ""water from air technology"", ""colossal machine"", ""futuristic megastructure"", ""desert technology"", ""AI generated engineering"", ""future agriculture technology""]",2026-08-18 15:43:28.867481
126,Sandstorm Kinetic Foundry,13,Desert,Environment,new,20,1,1,Sandstorm Kinetic Foundry: A Colossal Desert Energy Machine,"[""sandstorm kinetic foundry"", ""desert energy machine"", ""sandstorm machine"", ""desert technology"", ""futuristic engineering"", ""colossal machine"", ""kinetic energy machine"", ""alien megastructure"", ""future machines"", ""desert megastructure"", ""renewable energy concept"", ""giant machine"", ""AI cinematic short"", ""science fiction technology""]",2026-08-18 15:43:28.894019
127,The Obsidian Dune Walker,13,Desert,Environment,new,20,1,1,Obsidian Dune Walker: The Ultimate Desert Megastructure Machine,"[""desert machine"", ""futuristic engineering"", ""giant rover"", ""futuristic machine"", ""desert megastructure"", ""obsidian machine"", ""solar thermal technology"", ""alien technology concept"", ""colossal machine"", ""AI generated machine"", ""future technology"", ""desert rover"", ""mega machine"", ""science fiction engineering""]",2026-08-18 15:43:28.915582
128,Crystalline Sand Sifter Titan,13,Desert,Environment,new,20,1,1,Crystalline Sand Sifter Titan: The Future of Desert Solar Machines,"[""Crystalline Sand Sifter Titan"", ""sand sifter machine"", ""desert machine"", ""silica processing"", ""solar photovoltaic"", ""solar energy technology"", ""future engineering"", ""giant machine concept"", ""futuristic technology"", ""megascale machine"", ""desert technology"", ""silica crystals"", ""solar panel materials"", ""AI generated machine"", ""science technology""]",2026-08-18 15:43:28.930581
129,The Subterranean Aquifer Drill,13,Desert,Environment,new,20,1,1,Subterranean Aquifer Drill: Mining Ancient Water Beneath the Desert,"[""groundwater flow in confined aquifer"", ""aquifer drill"", ""subterranean aquifer drill"", ""desert water extraction"", ""groundwater technology"", ""deep drilling machine"", ""futuristic engineering"", ""colossal machine"", ""desert technology"", ""underground water"", ""fossil water reserves"", ""megascale engineering"", ""AI generated machine"", ""future technology""]",2026-08-18 15:43:28.946581
130,Desert Sun-Forge Colossus,13,Desert,Environment,new,20,1,1,Desert Colossus: Sun Forge Melts Quartz Into Telescope Lenses,"[""desert colossus"", ""desert sun"", ""sun forge"", ""solar furnace"", ""desert megastructure"", ""futuristic engineering"", ""giant machine"", ""colossal machine"", ""quartz melting"", ""optical lenses"", ""telescope lenses"", ""planetary telescope"", ""future technology"", ""alien megastructure""]",2026-08-18 15:43:28.974406
131,The Shifting Sand Ocean Ark,13,Desert,Environment,new,10,1,1,Shifting Sand Ark: A Futuristic Desert Ship Carrying Oasis Biomes,"[""shifting sand ark"", ""desert machine"", ""futuristic desert technology"", ""sand ship"", ""future engineering"", ""colossal machine"", ""desert biome"", ""oasis biome"", ""futuristic agriculture"", ""megaproject"", ""impossible machines"", ""AI futuristic concepts"", ""giant land vehicle"", ""sealed terrarium ecosystem""]",2026-08-18 15:43:29.001969
132,The Infinite Desert Terraformer,13,Desert,Environment,new,20,1,1,The Infinite Desert Terraformer: A Machine That Rebuilds the Desert,"[""desert terraforming"", ""desert restoration"", ""terraforming machine"", ""futuristic machine"", ""giant machine"", ""colossal machine"", ""autonomous farming machine"", ""desert technology"", ""future engineering"", ""climate engineering"", ""bio engineered lichen"", ""self replicating machine"", ""megaproject technology"", ""AI generated cinematic"", ""science fiction technology""]",2026-08-18 15:43:29.023968
133,The Golden Husk Sifter,6,Corn Field,Agriculture,new,20,1,1,The Golden Husk Sifter: A Colossal Machine in a Corn Field,"[""corn field"", ""corn field interstellar"", ""futuristic agriculture"", ""giant machine"", ""colossal machine"", ""future farming technology"", ""AI generated machine"", ""agriculture technology"", ""corn harvest machine"", ""futuristic engineering"", ""sci fi agriculture"", ""corn field background video""]",2026-08-22 08:42:29.667313
134,The Corn Maze Planetary Combine,6,Corn Field,Agriculture,new,20,1,1,Giant Corn Field Maze Machine Harvests an Endless Spiral,"[""corn field maze"", ""corn field"", ""corn maze"", ""giant farming machine"", ""futuristic agriculture"", ""massive harvester"", ""corn harvest machine"", ""futuristic machine"", ""colossal machine"", ""mega machine"", ""AI generated machine"", ""alien technology concept"", ""future farming"", ""agriculture technology""]",2026-08-22 08:42:29.709893
135,Sun-Ripened Kernel Reactor,6,Corn Field,Agriculture,new,20,1,1,Corn Field Reactor: The Solar Machine Turning Corn Into Energy,"[""corn field"", ""corn in corn field"", ""corn field interstellar"", ""futuristic agriculture"", ""futuristic farming"", ""solar thermal machine"", ""giant farming machine"", ""agricultural technology"", ""future technology"", ""colossal machine"", ""AI generated machine"", ""sci fi agriculture"", ""corn energy"", ""renewable energy technology""]",2026-08-22 08:42:29.737418
136,The Titan Stalk Shredder,6,Corn Field,Agriculture,new,20,1,1,Titan Stalk Shredder: A Giant Corn Field Recycling Machine,"[""corn field"", ""corn in corn field"", ""corn field interstellar"", ""corn field background video"", ""corn field ambience"", ""futuristic farming"", ""agriculture machine"", ""giant farming machine"", ""industrial shredder"", ""crop recycling machine"", ""corn stalk shredder"", ""sustainable agriculture"", ""futuristic engineering"", ""AI generated machine"", ""mega machine concept""]",2026-08-22 08:42:29.757665
137,Cornfield Solar Furnace,6,Corn Field,Agriculture,new,20,1,1,Corn Field Solar Furnace: The Ultimate Future Farming Machine,"[""corn field"", ""solar furnace"", ""how solar furnace work"", ""future farming"", ""futuristic agriculture"", ""corn field interstellar"", ""solar energy machine"", ""giant farming machine"", ""AI futuristic machine"", ""agriculture technology"", ""solar technology"", ""megaproject machine"", ""colossal machine"", ""future technology""]",2026-08-22 08:42:29.776663
138,The Atmospheric Corn Elevator,6,Corn Field,Agriculture,new,20,1,1,The Atmospheric Corn Elevator: A Giant Corn Field Space Machine,"[""corn field"", ""corn field interstellar"", ""future agriculture"", ""futuristic farming"", ""giant farming machine"", ""colossal machine"", ""agriculture technology"", ""futuristic engineering"", ""space agriculture"", ""orbital storage"", ""vacuum pipeline"", ""alien technology"", ""mega structure"", ""AI generated cinematic"", ""corn field technology""]",2026-08-22 08:42:29.803882
139,Golden Silk Weaving Engine,6,Corn Field,Agriculture,new,20,1,1,Corn Field Interstellar: The Golden Silk Weaving Engine,"[""corn field"", ""corn field interstellar"", ""corn silk"", ""futuristic agriculture"", ""future farming technology"", ""giant farming machine"", ""futuristic machine"", ""alien technology"", ""colossal machine"", ""agricultural engineering"", ""bio medical threads"", ""corn field background video"", ""corn field ambience"", ""AI generated cinematic"", ""science and technology""]",2026-08-22 08:42:29.836403
140,The Infinite Cornfield Colossus,6,Corn Field,Agriculture,new,20,1,1,Infinite Cornfield Colossus: A Futuristic Corn Field Megamachine,"[""corn field"", ""corn field interstellar"", ""futuristic farming"", ""future agriculture"", ""agricultural robots"", ""automated harvesting drones"", ""colossal machines"", ""giant farming machine"", ""AI generated cinematic"", ""sci fi agriculture"", ""future technology"", ""corn field machine"", ""autonomous farming"", ""megamastructure"", ""alien technology""]",2026-08-22 08:42:29.861651
141,The Ridge-Carver Leviathan,14,Mountain,Environment,new,10,1,1,The Ridge-Carver Leviathan | Impossible Mountain Megastructure,"[""mountain"", ""mountain crawler"", ""impossible machines"", ""megastructure"", ""geothermal harvester"", ""Veo 3.1"", ""AI cinematic""]",2026-09-23 19:42:57.411572
142,Atmospheric Peak Elevator,14,Mountain,Environment,new,10,1,1,Atmospheric Peak Elevator | Impossible Mountain Megastructure,"[""mountain"", ""space elevator"", ""atmospheric elevator"", ""impossible machines"", ""megastructure"", ""Veo 3.1"", ""AI cinematic""]",2026-09-23 19:42:57.417658
143,The Granite Mantle Bore,14,Mountain,Environment,new,10,1,1,The Granite Mantle Bore | Impossible Mountain Megastructure,"[""mountain"", ""geothermal bore"", ""tunneling machine"", ""impossible machines"", ""megastructure"", ""Veo 3.1"", ""AI cinematic""]",2026-09-23 19:42:57.419604
144,Cloud-Anchor Sky Citadel,14,Mountain,Environment,new,10,1,1,Cloud-Anchor Sky Citadel | Impossible Mountain Megastructure,"[""mountain"", ""sky citadel"", ""floating city"", ""impossible machines"", ""megastructure"", ""Veo 3.1"", ""AI cinematic""]",2026-09-23 19:42:57.421750
145,The Avalanche Kinetic Dam,14,Mountain,Environment,new,10,1,1,The Avalanche Kinetic Dam | Impossible Mountain Megastructure,"[""mountain"", ""avalanche dam"", ""kinetic energy"", ""impossible machines"", ""megastructure"", ""Veo 3.1"", ""AI cinematic""]",2026-09-23 19:42:57.423952
146,Summit Solar Concentrator,14,Mountain,Environment,new,10,1,1,Summit Solar Concentrator | Impossible Mountain Megastructure,"[""mountain"", ""solar concentrator"", ""parabolic mirror"", ""impossible machines"", ""megastructure"", ""Veo 3.1"", ""AI cinematic""]",2026-09-23 19:42:57.426256
147,The Tectonic Strata Sifter,14,Mountain,Environment,new,10,1,1,The Tectonic Strata Sifter | Impossible Mountain Megastructure,"[""mountain"", ""strata sifter"", ""walking machine"", ""quarry excavator"", ""impossible machines"", ""megastructure"", ""Veo 3.1"", ""AI cinematic""]",2026-09-23 19:42:57.427914
148,The Glacial Crest Furnace,14,Mountain,Environment,new,10,1,1,The Glacial Crest Furnace | Impossible Mountain Megastructure,"[""mountain"", ""glacial furnace"", ""geothermal engine"", ""impossible machines"", ""megastructure"", ""Veo 3.1"", ""AI cinematic""]",2026-09-23 19:42:57.429526
149,Chrono-Fossil Extractor,14,Mountain,Environment,new,10,1,1,Chrono-Fossil Extractor | Impossible Mountain Megastructure,"[""mountain"", ""chrono fossil"", ""cantilever crane"", ""paleontology excavator"", ""impossible machines"", ""megastructure"", ""Veo 3.1"", ""AI cinematic""]",2026-09-23 19:42:57.431091
150,The Alpine Weather Forge,14,Mountain,Environment,new,10,1,1,The Alpine Weather Forge | Impossible Mountain Megastructure,"[""mountain"", ""weather forge"", ""atmospheric station"", ""climate engineering"", ""impossible machines"", ""megastructure"", ""Veo 3.1"", ""AI cinematic""]",2026-09-23 19:42:57.432686
151,The Cryo-Mantle Sub-Glacial Dredger,15,Glacier,Environment,new,10,1,1,The Cryo-Mantle Sub-Glacial Dredger | Impossible Glacier Megastructure,"[""glacier"", ""subglacial dredger"", ""nuclear crawler"", ""impossible machines"", ""megastructure"", ""Veo 3.1"", ""AI cinematic""]",2026-09-23T20:14:45.636615+00:00
152,Ice-Spire Acoustic Resonator,15,Glacier,Environment,new,10,1,1,Ice-Spire Acoustic Resonator | Impossible Glacier Megastructure,"[""glacier"", ""acoustic resonator"", ""sound wave machine"", ""icefall stabilization"", ""impossible machines"", ""megastructure"", ""Veo 3.1"", ""AI cinematic""]",2026-09-23T20:14:45.636615+00:00
153,The Continental Calving Arrester,15,Glacier,Environment,new,10,1,1,The Continental Calving Arrester | Impossible Glacier Megastructure,"[""glacier"", ""calving arrester"", ""fjord barrier"", ""marine glacier"", ""impossible machines"", ""megastructure"", ""Veo 3.1"", ""AI cinematic""]",2026-09-23T20:14:45.636615+00:00
154,Chrono-Ice Stratum Siphon,15,Glacier,Environment,new,10,1,1,Chrono-Ice Stratum Siphon | Impossible Glacier Megastructure,"[""glacier"", ""chrono ice siphon"", ""ice core drilling"", ""prehistoric atmosphere"", ""impossible machines"", ""megastructure"", ""Veo 3.1"", ""AI cinematic""]",2026-09-23T20:14:45.636615+00:00
155,The Glacial Moraine Maglev Smelter,15,Glacier,Environment,new,10,1,1,The Glacial Moraine Maglev Smelter | Impossible Glacier Megastructure,"[""glacier"", ""moraine smelter"", ""crawling foundry"", ""glacial mining"", ""impossible machines"", ""megastructure"", ""Veo 3.1"", ""AI cinematic""]",2026-09-23T20:14:45.636615+00:00
156,Sub-Zero Plasma Ice-Cutter,15,Glacier,Environment,new,10,1,1,Sub-Zero Plasma Ice-Cutter | Impossible Glacier Megastructure,"[""glacier"", ""plasma ice cutter"", ""icebreaker"", ""amphibious crawler"", ""impossible machines"", ""megastructure"", ""Veo 3.1"", ""AI cinematic""]",2026-09-23T20:14:45.636615+00:00
157,The Permafrost Thermal Shield Citadel,15,Glacier,Environment,new,10,1,1,The Permafrost Thermal Shield Citadel | Impossible Glacier Megastructure,"[""glacier"", ""permafrost citadel"", ""thermal shield"", ""geoengineering dome"", ""impossible machines"", ""megastructure"", ""Veo 3.1"", ""AI cinematic""]",2026-09-23T20:14:45.636615+00:00
158,Glacial Melt Sub-Hydro Dynamo,15,Glacier,Environment,new,10,1,1,Glacial Melt Sub-Hydro Dynamo | Impossible Glacier Megastructure,"[""glacier"", ""glacial dynamo"", ""hydroelectric cavern"", ""moulin turbine"", ""impossible machines"", ""megastructure"", ""Veo 3.1"", ""AI cinematic""]",2026-09-23T20:14:45.636615+00:00
159,The Polar Bedrock Tectonic Pincer,15,Glacier,Environment,new,10,1,1,The Polar Bedrock Tectonic Pincer | Impossible Glacier Megastructure,"[""glacier"", ""tectonic pincer"", ""walking fortress"", ""subglacial anchor"", ""impossible machines"", ""megastructure"", ""Veo 3.1"", ""AI cinematic""]",2026-09-23T20:14:45.636615+00:00
160,Atmospheric Cryo-Condenser Spire,15,Glacier,Environment,new,10,1,1,Atmospheric Cryo-Condenser Spire | Impossible Glacier Megastructure,"[""glacier"", ""cryo condenser spire"", ""atmospheric weather spire"", ""ice cap rebuilder"", ""impossible machines"", ""megastructure"", ""Veo 3.1"", ""AI cinematic""]",2026-09-23T20:14:45.636615+00:00
161,Sub-Zero Snowplow Colossus,16,Snowfield,Environment,new,10,1,1,Sub-Zero Snowplow Colossus | Impossible Snowfield Megastructure,"[""snowfield"", ""snowplow colossus"", ""impossible machines"", ""megastructure"", ""arctic titan"", ""Veo 3.1"", ""AI cinematic""]",2026-09-24T02:27:14.445511+00:00
162,Aurora Borealis Polar Resonator,16,Snowfield,Environment,new,10,1,1,Aurora Borealis Polar Resonator | Impossible Snowfield Megastructure,"[""snowfield"", ""aurora resonator"", ""impossible machines"", ""megastructure"", ""polar titan"", ""Veo 3.1"", ""AI cinematic""]",2026-09-24T02:27:14.445511+00:00
163,The Tundra Snow-Compacting Leviathan,16,Snowfield,Environment,new,10,1,1,The Tundra Snow-Compacting Leviathan | Impossible Snowfield Megastructure,"[""snowfield"", ""snow compactor"", ""impossible machines"", ""megastructure"", ""polar roller"", ""Veo 3.1"", ""AI cinematic""]",2026-09-24T02:27:14.445511+00:00
164,Geothermal Snowfield Melt-Canal Dredger,16,Snowfield,Environment,new,10,1,1,Geothermal Snowfield Melt-Canal Dredger | Impossible Snowfield Megastructure,"[""snowfield"", ""canal dredger"", ""impossible machines"", ""megastructure"", ""geothermal excavator"", ""Veo 3.1"", ""AI cinematic""]",2026-09-24T02:27:14.445511+00:00
165,The Polar Whiteout Laser Beacon Spire,16,Snowfield,Environment,new,10,1,1,The Polar Whiteout Laser Beacon Spire | Impossible Snowfield Megastructure,"[""snowfield"", ""laser beacon"", ""impossible machines"", ""megastructure"", ""polar lighthouse"", ""Veo 3.1"", ""AI cinematic""]",2026-09-24T02:27:14.445511+00:00
166,Cryogenic Snowfield Seed Vault Citadel,16,Snowfield,Environment,new,10,1,1,Cryogenic Snowfield Seed Vault Citadel | Impossible Snowfield Megastructure,"[""snowfield"", ""seed vault"", ""impossible machines"", ""megastructure"", ""polar sanctuary"", ""Veo 3.1"", ""AI cinematic""]",2026-09-24T02:28:59.498418+00:00
167,The Arctic Snow-Sifting Bio-Dome Crawler,16,Snowfield,Environment,new,10,1,1,The Arctic Snow-Sifting Bio-Dome Crawler | Impossible Snowfield Megastructure,"[""snowfield"", ""bio dome crawler"", ""impossible machines"", ""megastructure"", ""polar ark"", ""Veo 3.1"", ""AI cinematic""]",2026-09-24T02:28:59.498418+00:00
168,Atmospheric Blizzard Re-Directing Turbines,16,Snowfield,Environment,new,10,1,1,Atmospheric Blizzard Re-Directing Turbines | Impossible Snowfield Megastructure,"[""snowfield"", ""blizzard turbines"", ""impossible machines"", ""megastructure"", ""polar energy"", ""Veo 3.1"", ""AI cinematic""]",2026-09-24T02:28:59.498418+00:00
169,Superconducting Snowfield Monorail Fortress,16,Snowfield,Environment,new,10,1,1,Superconducting Snowfield Monorail Fortress | Impossible Snowfield Megastructure,"[""snowfield"", ""monorail fortress"", ""impossible machines"", ""megastructure"", ""polar maglev"", ""Veo 3.1"", ""AI cinematic""]",2026-09-24T02:28:59.498418+00:00
170,The Permafrost Thermal Well Siphon,16,Snowfield,Environment,new,10,1,1,The Permafrost Thermal Well Siphon | Impossible Snowfield Megastructure,"[""snowfield"", ""thermal well siphon"", ""impossible machines"", ""megastructure"", ""geothermal titan"", ""Veo 3.1"", ""AI cinematic""]",2026-09-24T02:28:59.498418+00:00
171,The Caldera Magma Siphon Titan,17,Volcano,Environment,new,10,1,1,The Caldera Magma Siphon Titan | Impossible Volcano Megastructure,"[""volcano"", ""caldera siphon"", ""impossible machines"", ""megastructure"", ""magma titan"", ""Veo 3.1"", ""AI cinematic""]",2026-09-24T02:31:06.016235+00:00
172,Sub-Volcanic Obsidian Mantle Borer,17,Volcano,Environment,new,10,1,1,Sub-Volcanic Obsidian Mantle Borer | Impossible Volcano Megastructure,"[""volcano"", ""mantle borer"", ""impossible machines"", ""megastructure"", ""geothermal drill"", ""Veo 3.1"", ""AI cinematic""]",2026-09-24T02:31:06.016235+00:00
173,The Pyroclastic Ash-Sequestration Vacuum Spire,17,Volcano,Environment,new,10,1,1,The Pyroclastic Ash-Sequestration Vacuum Spire | Impossible Volcano Megastructure,"[""volcano"", ""ash vacuum spire"", ""impossible machines"", ""megastructure"", ""pyroclastic scrubber"", ""Veo 3.1"", ""AI cinematic""]",2026-09-24T02:31:06.016235+00:00
174,Volcanic Lava-Channeling Canal Leviathan,17,Volcano,Environment,new,10,1,1,Volcanic Lava-Channeling Canal Leviathan | Impossible Volcano Megastructure,"[""volcano"", ""lava crawler"", ""impossible machines"", ""megastructure"", ""volcanic canal"", ""Veo 3.1"", ""AI cinematic""]",2026-09-24T02:31:06.016235+00:00
175,The Supervolcano Pressure Relief Citadel,17,Volcano,Environment,new,10,1,1,The Supervolcano Pressure Relief Citadel | Impossible Volcano Megastructure,"[""volcano"", ""supervolcano relief"", ""impossible machines"", ""megastructure"", ""geothermal citadel"", ""Veo 3.1"", ""AI cinematic""]",2026-09-24T02:31:06.016235+00:00
176,Geothermal Lava-Forged Diamond Foundry,17,Volcano,Environment,new,10,1,1,Geothermal Lava-Forged Diamond Foundry | Impossible Volcano Megastructure,"[""volcano"", ""diamond foundry"", ""impossible machines"", ""megastructure"", ""magma forge"", ""Veo 3.1"", ""AI cinematic""]",2026-09-24T02:32:27.585145+00:00
177,The Volcanic Pyro-Plasma Generator Ark,17,Volcano,Environment,new,10,1,1,The Volcanic Pyro-Plasma Generator Ark | Impossible Volcano Megastructure,"[""volcano"", ""plasma generator"", ""impossible machines"", ""megastructure"", ""pyro ark"", ""Veo 3.1"", ""AI cinematic""]",2026-09-24T02:32:27.585145+00:00
178,Stratospheric Ash-Cloud Dispersal Turbines,17,Volcano,Environment,new,10,1,1,Stratospheric Ash-Cloud Dispersal Turbines | Impossible Volcano Megastructure,"[""volcano"", ""dispersal turbine"", ""impossible machines"", ""megastructure"", ""ash dispersal"", ""Veo 3.1"", ""AI cinematic""]",2026-09-24T02:32:27.585145+00:00
179,Sub-Caldera Magma Maglev Siphon Shuttle,17,Volcano,Environment,new,10,1,1,Sub-Caldera Magma Maglev Siphon Shuttle | Impossible Volcano Megastructure,"[""volcano"", ""magma maglev"", ""impossible machines"", ""megastructure"", ""caldera shuttle"", ""Veo 3.1"", ""AI cinematic""]",2026-09-24T02:32:27.585145+00:00
180,The Mantle Volcanic Core God-Engine,17,Volcano,Environment,new,10,1,1,The Mantle Volcanic Core God-Engine | Impossible Volcano Megastructure,"[""volcano"", ""volcanic god engine"", ""impossible machines"", ""megastructure"", ""mantle engine"", ""Veo 3.1"", ""AI cinematic""]",2026-09-24T02:32:27.585145+00:00
181,The Shifting Dune Terra-Crawler,18,Sand Dune,Environment,new,10,1,1,The Shifting Dune Terra-Crawler | Impossible Sand Dune Megastructure,"[""sand dune"", ""terra crawler"", ""impossible machines"", ""megastructure"", ""desert titan"", ""Veo 3.1"", ""AI cinematic""]",2026-09-24T02:39:10.470312+00:00
182,Singing Sand Acoustic Resonator,18,Sand Dune,Environment,new,10,1,1,Singing Sand Acoustic Resonator | Impossible Sand Dune Megastructure,"[""sand dune"", ""acoustic resonator"", ""impossible machines"", ""megastructure"", ""singing sand"", ""Veo 3.1"", ""AI cinematic""]",2026-09-24T02:39:10.470312+00:00
183,Sub-Dune Aquifer Siphon Citadel,18,Sand Dune,Environment,new,10,1,1,Sub-Dune Aquifer Siphon Citadel | Impossible Sand Dune Megastructure,"[""sand dune"", ""aquifer siphon"", ""impossible machines"", ""megastructure"", ""desert oasis"", ""Veo 3.1"", ""AI cinematic""]",2026-09-24T02:39:10.470312+00:00
184,Solar-Vitrified Glass Dune Pavement Train,18,Sand Dune,Environment,new,10,1,1,Solar-Vitrified Glass Dune Pavement Train | Impossible Sand Dune Megastructure,"[""sand dune"", ""glass pavement train"", ""impossible machines"", ""megastructure"", ""solar foundry"", ""Veo 3.1"", ""AI cinematic""]",2026-09-24T02:39:10.470312+00:00
185,The Dune-Surfing Wind-Harnessing Behemoth,18,Sand Dune,Environment,new,10,1,1,The Dune-Surfing Wind-Harnessing Behemoth | Impossible Sand Dune Megastructure,"[""sand dune"", ""sand yacht"", ""impossible machines"", ""megastructure"", ""dune surfer"", ""Veo 3.1"", ""AI cinematic""]",2026-09-24T02:39:10.470312+00:00
186,Atmospheric Sandstorm Electrostatic Scrubber,18,Sand Dune,Environment,new,10,1,1,Atmospheric Sandstorm Electrostatic Scrubber | Impossible Sand Dune Megastructure,"[""sand dune"", ""electrostatic scrubber"", ""impossible machines"", ""megastructure"", ""sandstorm scrubber"", ""Veo 3.1"", ""AI cinematic""]",2026-09-24T02:40:12.853162+00:00
187,Sub-Sand Micro-Climate Biodome Ark,18,Sand Dune,Environment,new,10,1,1,Sub-Sand Micro-Climate Biodome Ark | Impossible Sand Dune Megastructure,"[""sand dune"", ""biodome ark"", ""impossible machines"", ""megastructure"", ""sub sand crawler"", ""Veo 3.1"", ""AI cinematic""]",2026-09-24T02:40:12.853162+00:00
188,Dune-Anchoring Geothermal Root Spire,18,Sand Dune,Environment,new,10,1,1,Dune-Anchoring Geothermal Root Spire | Impossible Sand Dune Megastructure,"[""sand dune"", ""root spire"", ""impossible machines"", ""megastructure"", ""geothermal root"", ""Veo 3.1"", ""AI cinematic""]",2026-09-24T02:40:12.853162+00:00
189,Supersonic Sand-Tube Maglev Express,18,Sand Dune,Environment,new,10,1,1,Supersonic Sand-Tube Maglev Express | Impossible Sand Dune Megastructure,"[""sand dune"", ""sand tube maglev"", ""impossible machines"", ""megastructure"", ""desert maglev"", ""Veo 3.1"", ""AI cinematic""]",2026-09-24T02:40:12.853162+00:00
190,The Desert Dune Biosphere Core God-Engine,18,Sand Dune,Environment,new,10,1,1,The Desert Dune Biosphere Core God-Engine | Impossible Sand Dune Megastructure,"[""sand dune"", ""dune god engine"", ""impossible machines"", ""megastructure"", ""desert core"", ""Veo 3.1"", ""AI cinematic""]",2026-09-24T02:40:12.853162+00:00
191,The Floating Atoll Terraforming Dredger,19,Island,Environment,new,10,1,1,The Floating Atoll Terraforming Dredger | Impossible Island Megastructure,"[""island"", ""atoll dredger"", ""impossible machines"", ""megastructure"", ""terraforming dredger"", ""Veo 3.1"", ""AI cinematic""]",2026-09-24T02:45:11.272814+00:00
192,Sub-Oceanic Island Anchor Pylon,19,Island,Environment,new,10,1,1,Sub-Oceanic Island Anchor Pylon | Impossible Island Megastructure,"[""island"", ""anchor pylon"", ""impossible machines"", ""megastructure"", ""oceanic tether"", ""Veo 3.1"", ""AI cinematic""]",2026-09-24T02:45:11.272814+00:00
193,The Coral Barrier Reef Bio-Genesis Spire,19,Island,Environment,new,10,1,1,The Coral Barrier Reef Bio-Genesis Spire | Impossible Island Megastructure,"[""island"", ""coral spire"", ""impossible machines"", ""megastructure"", ""barrier reef"", ""Veo 3.1"", ""AI cinematic""]",2026-09-24T02:45:11.272814+00:00
194,Volcanic Island Magma Siphon Conduit,19,Island,Environment,new,10,1,1,Volcanic Island Magma Siphon Conduit | Impossible Island Megastructure,"[""island"", ""magma siphon"", ""impossible machines"", ""megastructure"", ""volcanic island"", ""Veo 3.1"", ""AI cinematic""]",2026-09-24T02:45:11.272814+00:00
195,The Island-Propelling Oceanic Hydro-Thruster,19,Island,Environment,new,10,1,1,The Island-Propelling Oceanic Hydro-Thruster | Impossible Island Megastructure,"[""island"", ""hydro thruster"", ""impossible machines"", ""megastructure"", ""island propulsion"", ""Veo 3.1"", ""AI cinematic""]",2026-09-24T02:45:11.272814+00:00
196,Island Mantle-Turning Engine,19,Island,Environment,new,10,1,1,Island Mantle-Turning Engine — The Island Machine You've Never Seen,"[""Island Mantle-Turning Engine"", ""island at the top of the world"", ""how to get engine in raft"", ""how to find engine in raft"", ""island in the sun"", ""island of the slaughtered"", ""how to get island fisherman in isle"", ""where to get oil on the island"", ""island in the sun weezer"", ""starting an inboard engine out of the water"", ""island at war"", ""Island machine"", ""impossible engineering"", ""AI generated video"", ""megastructure""]",2026-09-24 07:24:11.611613
197,Archipelago Tidal Ram,19,Island,Environment,new,10,1,1,Archipelago Tidal Ram — The Island Machine You've Never Seen,"[""Archipelago Tidal Ram"", ""island at the top of the world"", ""island in the sun"", ""island of the slaughtered"", ""island in the sun weezer"", ""the island machine gun scene"", ""let's go island arcade machine"", ""dead island 2 machine gun"", ""dead island 2 machine pistol"", ""island at war"", ""island adventure teen titans go"", ""Island machine"", ""impossible engineering"", ""AI generated video"", ""megastructure""]",2026-09-24 07:24:11.616709
198,Island Orbiting Loom,19,Island,Environment,new,10,1,1,Island Orbiting Loom — The Island Machine You've Never Seen,"[""Island Orbiting Loom"", ""island at the top of the world"", ""island in the sun"", ""island of the slaughtered"", ""island in the sun weezer"", ""island at war"", ""island episode 1"", ""island for sale"", ""island fights 94"", ""island fights 91"", ""purulia island machine video"", ""Island machine"", ""impossible engineering"", ""AI generated video"", ""megastructure""]",2026-09-24 07:24:11.618379
199,Volcanic Pressure Crown,19,Island,Environment,new,10,1,1,Volcanic Pressure Crown — The Island Machine You've Never Seen,"[""Volcanic Pressure Crown"", ""island at the top of the world"", ""island in the sun"", ""island of the slaughtered"", ""island in the sun weezer"", ""the island machine gun scene"", ""let's go island arcade machine"", ""dead island 2 machine gun"", ""dead island 2 machine pistol"", ""island at war"", ""island adventure teen titans go"", ""Island machine"", ""impossible engineering"", ""AI generated video"", ""megastructure""]",2026-09-24 07:24:11.619951
200,Island Wave-Cutting Accelerator,19,Island,Environment,new,10,1,1,Island Wave-Cutting Accelerator — The Island Machine You've Never Seen,"[""Island Wave-Cutting Accelerator"", ""island at the top of the world"", ""island in the sun"", ""island of the slaughtered"", ""island in the sun weezer"", ""island at war"", ""island adventure teen titans go"", ""island episode 1"", ""island for sale"", ""island fights 94"", ""island fights 91"", ""Island machine"", ""impossible engineering"", ""AI generated video"", ""megastructure""]",2026-09-24 07:24:11.621400
201,Island Root Elevator,19,Island,Environment,new,10,1,1,Island Root Elevator — The Island Machine You've Never Seen,"[""Island Root Elevator"", ""island elevator"", ""island root"", ""island at the top of the world"", ""island in the sun"", ""island of the slaughtered"", ""island in the sun weezer"", ""island at war"", ""island episode 1"", ""island for sale"", ""island fights 94"", ""Island machine"", ""impossible engineering"", ""AI generated video"", ""megastructure""]",2026-09-24 07:24:11.622835
202,Island Atmospheric Spindle,19,Island,Environment,new,10,1,1,Island Atmospheric Spindle — The Island Machine You've Never Seen,"[""Island Atmospheric Spindle"", ""island at the top of the world"", ""island in the sun"", ""island of the slaughtered"", ""island in the sun weezer"", ""island at war"", ""island episode 1"", ""island for sale"", ""island fights 94"", ""island fights 91"", ""island boy music video"", ""Island machine"", ""impossible engineering"", ""AI generated video"", ""megastructure""]",2026-09-24 07:24:11.624303
203,Island Fracture Stitcher,19,Island,Environment,new,10,1,1,Island Fracture Stitcher — The Island Machine You've Never Seen,"[""Island Fracture Stitcher"", ""island at the top of the world"", ""island in the sun"", ""island of the slaughtered"", ""island in the sun weezer"", ""island at war"", ""island episode 1"", ""island for sale"", ""island fights 94"", ""island fights 91"", ""purulia island machine video"", ""Island machine"", ""impossible engineering"", ""AI generated video"", ""megastructure""]",2026-09-24 07:24:11.625808
204,Ocean-Suspended Island Flail,19,Island,Environment,new,10,1,1,Ocean-Suspended Island Flail — The Island Machine You've Never Seen,"[""Ocean-Suspended Island Flail"", ""island at the top of the world"", ""island in the sun"", ""island of the slaughtered"", ""island in the sun weezer"", ""ac valhalla oxenefordscire cursed island"", ""the island machine gun scene"", ""let's go island arcade machine"", ""dead island 2 machine gun"", ""dead island 2 machine pistol"", ""island at war"", ""Island machine"", ""impossible engineering"", ""AI generated video"", ""megastructure""]",2026-09-24 07:24:11.627261
205,Island Glacier Forge,19,Island,Environment,new,10,1,1,Island Glacier Forge — The Island Machine You've Never Seen,"[""Island Glacier Forge"", ""island at the top of the world"", ""island in the sun"", ""island of the slaughtered"", ""island in the sun weezer"", ""island at war"", ""island episode 1"", ""island for sale"", ""island fights 94"", ""island fights 91"", ""island boy music video"", ""Island machine"", ""impossible engineering"", ""AI generated video"", ""megastructure""]",2026-09-24 07:24:11.634970
206,Abyssal Pressure Loom,20,Ocean,Environment,new,10,1,1,Abyssal Pressure Loom — The Ocean Machine You've Never Seen,"[""Abyssal Pressure Loom"", ""ocean washing machine how to use"", ""ocean by karol g"", ""ocean florence and the machine"", ""mooer ocean machine ii delay/ reverb"", ""ocean blue and sand punta cana"", ""ocean machine 2"", ""ocean sound machine no ads"", ""mooer ocean machine 2 ambient"", ""ocean sound machine for babies"", ""dj ocean machine"", ""Ocean machine"", ""impossible engineering"", ""AI generated video"", ""megastructure""]",2026-09-24 08:06:33.904015
207,Tidal Momentum Engine,20,Ocean,Environment,new,10,1,1,Tidal Momentum Engine — The Ocean Machine You've Never Seen,"[""Tidal Momentum Engine"", ""ocean washing machine how to use"", ""ocean by karol g"", ""ocean florence and the machine"", ""mooer ocean machine ii delay/ reverb"", ""ocean blue and sand punta cana"", ""ocean machine 2"", ""ocean sound machine no ads"", ""mooer ocean machine 2 ambient"", ""ocean sound machine for babies"", ""dj ocean machine"", ""Ocean machine"", ""impossible engineering"", ""AI generated video"", ""megastructure""]",2026-09-24 08:06:33.907863
208,Ocean Crust Unfolder,20,Ocean,Environment,new,10,1,1,Ocean Crust Unfolder — The Ocean Machine You've Never Seen,"[""Ocean Crust Unfolder"", ""ocean by karol g"", ""ocean florence and the machine"", ""ocean washing machine how to use"", ""ocean karol g"", ""ocean background video"", ""ocean for kids"", ""ocean fish video"", ""ocean for sleep"", ""ocean machine 2"", ""dj ocean machine"", ""Ocean machine"", ""impossible engineering"", ""AI generated video"", ""megastructure""]",2026-09-24 08:06:33.909395
209,Cyclonic Ocean Turbine,20,Ocean,Environment,new,10,1,1,Cyclonic Ocean Turbine — The Ocean Machine You've Never Seen,"[""Cyclonic Ocean Turbine"", ""ocean by karol g"", ""ocean florence and the machine"", ""ocean washing machine how to use"", ""ocean karol g"", ""ocean background video"", ""ocean for kids"", ""ocean fish video"", ""ocean for sleep"", ""ocean machine 2"", ""dj ocean machine"", ""Ocean machine"", ""impossible engineering"", ""AI generated video"", ""megastructure""]",2026-09-24 08:06:33.910796
210,Seafloor Wave Hammer,20,Ocean,Environment,new,10,1,1,Seafloor Wave Hammer — The Ocean Machine You've Never Seen,"[""Seafloor Wave Hammer"", ""ocean machine seventh wave"", ""ocean by karol g"", ""sonar mapping of the ocean floor"", ""ocean washing machine how to use"", ""ocean florence and the machine"", ""ocean blue and sand punta cana"", ""mooer ocean machine ii delay/ reverb"", ""ocean karol g"", ""ocean background video"", ""ocean for kids"", ""Ocean machine"", ""impossible engineering"", ""AI generated video"", ""megastructure""]",2026-09-24 08:06:33.912139
211,Ocean Thermal Inversion Wheel,20,Ocean,Environment,new,10,1,1,Ocean Thermal Inversion Wheel — The Ocean Machine You've Never Seen,"[""Ocean Thermal Inversion Wheel"", ""ocean thermal energy"", ""ocean thermal gradient"", ""ocean thermal vents"", ""ocean thermal energy plant"", ""ocean thermal energy conversion"", ""ocean thermal energy conversion (otec)"", ""ocean thermal energy conversion (otec) open cycle"", ""ocean by karol g"", ""ocean washing machine how to use"", ""ocean florence and the machine"", ""Ocean machine"", ""impossible engineering"", ""AI generated video"", ""megastructure""]",2026-09-24 08:06:33.913565
212,Ocean Trench Winch,20,Ocean,Environment,new,10,1,1,Ocean Trench Winch — The Ocean Machine You've Never Seen,"[""Ocean Trench Winch"", ""trench of the ocean"", ""ocean trench video"", ""gap in the ocean trench"", ""river to ocean trench"", ""ocean trench footage"", ""ocean trench formation"", ""ocean trench"", ""ocean by karol g"", ""ocean florence and the machine"", ""ocean washing machine how to use"", ""Ocean machine"", ""impossible engineering"", ""AI generated video"", ""megastructure""]",2026-09-24 08:06:33.914921
213,Ocean Current Braid Engine,20,Ocean,Environment,new,10,1,1,Ocean Current Braid Engine — The Ocean Machine You've Never Seen,"[""Ocean Current Braid Engine"", ""ocean current change"", ""ocean by karol g"", ""ocean washing machine how to use"", ""ocean florence and the machine"", ""ocean currents in atlantic ocean"", ""ocean currents of atlantic ocean"", ""ocean blue and sand punta cana"", ""mooer ocean machine ii delay/ reverb"", ""ocean karol g"", ""ocean background video"", ""Ocean machine"", ""impossible engineering"", ""AI generated video"", ""megastructure""]",2026-09-24 08:06:33.916293
214,Abyssal Lift Cathedral,20,Ocean,Environment,new,10,1,1,Abyssal Lift Cathedral — The Ocean Machine You've Never Seen,"[""Abyssal Lift Cathedral"", ""ocean by karol g"", ""ocean washing machine how to use"", ""cathedral of the deep how to raise bridge"", ""ocean florence and the machine"", ""abyssal demons in the abyss"", ""ocean blue and sand punta cana"", ""mooer ocean machine ii delay/ reverb"", ""ocean karol g"", ""ocean background video"", ""ocean for kids"", ""Ocean machine"", ""impossible engineering"", ""AI generated video"", ""megastructure""]",2026-09-24 08:06:33.917631
215,Ocean Surface Folding Array,20,Ocean,Environment,new,10,1,1,Ocean Surface Folding Array — The Ocean Machine You've Never Seen,"[""Ocean Surface Folding Array"", ""ocean surface 4k"", ""ocean surface video"", ""surface configuration of ocean floor"", ""ocean surface"", ""ocean by karol g"", ""ocean washing machine how to use"", ""ocean florence and the machine"", ""ocean blue and sand punta cana"", ""mooer ocean machine ii delay/ reverb"", ""ocean karol g"", ""Ocean machine"", ""impossible engineering"", ""AI generated video"", ""megastructure""]",2026-09-24 08:06:33.918951
216,Riverfold Tectonic Press,21,River,Environment,new,10,1,1,Riverfold Tectonic Press — The River Machine You've Never Seen,"[""Riverfold Tectonic Press"", ""river cleaning machine how to do"", ""river flows in you"", ""river cain hell out of me"", ""river flows in you piano tutorial"", ""river cleaning machine how to make"", ""river flows in you piano"", ""river flows in you yiruma"", ""river flows in you guitar"", ""river flows in you violin"", ""river machine me dhaga kaise dalen"", ""River machine"", ""impossible engineering"", ""AI generated video"", ""megastructure""]",2026-09-24 09:19:25.559622
217,River Current Braid Engine,21,River,Environment,new,10,1,1,River Current Braid Engine — The River Machine You've Never Seen,"[""River Current Braid Engine"", ""river with strong current"", ""river current sound"", ""euphrates river current water level"", ""river current"", ""river cleaning machine how to do"", ""river flows in you"", ""river cain hell out of me"", ""river flows in you piano tutorial"", ""river cleaning machine how to make"", ""river flows in you piano"", ""River machine"", ""impossible engineering"", ""AI generated video"", ""megastructure""]",2026-09-24 09:19:25.561719
218,Riverbed Elevator Cathedral,21,River,Environment,new,10,1,1,River Machine Lifts an Entire Riverbed | Impossible Engineering,"[""river machine"", ""riverbed machine"", ""river machine concept"", ""river engineering"", ""riverbed engineering"", ""river cleaning machine"", ""futuristic engineering"", ""impossible engineering"", ""colossal machine"", ""giant machine"", ""mega machine"", ""river transformation"", ""river technology""]",2026-09-24 09:19:25.563156
219,River Meander Uncoiler,21,River,Environment,new,10,1,1,River Meander Uncoiler: Mechanically Straightening a River,"[""river meander"", ""river meander explained"", ""river meander time lapse"", ""river morphology"", ""river engineering"", ""river channel"", ""river straightening"", ""river machine"", ""futuristic engineering"", ""colossal machine"", ""mega machine"", ""impossible machine"", ""river transformation"", ""environmental engineering""]",2026-09-24 09:19:25.564497
220,River Pressure Forge,21,River,Environment,new,10,1,1,River Pressure Forge: A Colossal Hydraulic Machine,"[""river pressure forge"", ""river hydraulics"", ""hydraulic machine"", ""river machine"", ""river engineering"", ""hydraulic pressure"", ""river pressure"", ""river flow machine"", ""futuristic engineering"", ""colossal machine"", ""impossible machine"", ""river transformation"", ""hydraulic engineering"", ""riverbed machine""]",2026-09-24 09:19:25.566574
221,River Delta Spreading Engine,21,River,Environment,new,10,1,1,River Delta Formation Machine: A Megastructure That Builds Land,"[""river delta"", ""river delta formation"", ""river delta formation animation"", ""river engineering"", ""river cleaning machine"", ""sediment transport"", ""delta formation"", ""future engineering"", ""giant machine"", ""mega machine"", ""colossal machine"", ""futuristic technology"", ""AI generated machine"", ""engineering animation""]",2026-09-24 09:19:25.567882
222,River Avalanche Gate,21,River,Environment,new,10,1,1,River Cleaning Machine Creates a Colossal Artificial Flood,"[""river cleaning machine"", ""river cleaning machine how to make"", ""river cleaning machine how to do"", ""river machine"", ""futuristic river machine"", ""river control machine"", ""giant hydraulic machine"", ""mega engineering"", ""colossal machine"", ""future technology"", ""artificial flood machine"", ""river engineering"", ""water control system"", ""AI generated machine"", ""cinematic engineering""]",2026-09-24 09:19:25.569247
223,River Spiral Excavator,21,River,Environment,new,10,1,1,River Excavator Creates a Giant Spiral Channel Beneath the Water,"[""river excavator"", ""excavator in the river"", ""excavator working in the river"", ""excavator working river"", ""river excavation machine"", ""giant excavator"", ""futuristic excavator"", ""mega machine"", ""colossal machine"", ""river engineering"", ""heavy machinery"", ""spiral excavator"", ""impossible machines"", ""future technology"", ""AI generated engineering""]",2026-09-24 09:19:25.570598
224,River Splitter Colossus,21,River,Environment,new,10,1,1,River Splitter Colossus: The Ultimate River Splitting Machine,"[""river splitter machine"", ""river splitting machine"", ""river cleaning machine"", ""river engineering machine"", ""futuristic machine"", ""giant machine"", ""colossal machine"", ""mega engineering"", ""future technology"", ""AI generated machine"", ""river excavation machine"", ""water engineering"", ""impossible machines"", ""futuristic engineering""]",2026-09-24 09:19:25.571898
225,River Floodplain Folding Machine,21,River,Environment,new,10,1,1,River Bending Machine Folds an Entire Floodplain Into New Terrain,"[""river bending machine"", ""river machine"", ""river bed machine"", ""river cleaning machine"", ""river dredging machine"", ""floodplain machine"", ""river engineering"", ""future engineering"", ""mega structure machine"", ""giant machine concept"", ""hydraulic machine"", ""terrain manipulation"", ""AI generated machine"", ""impossible engineering""]",2026-09-24 09:19:25.573208
226,Cyclone Spear,42,Storm,Weather,new,10,1,1,Cyclone Spear: The Machine That Redirects a Supercell Storm,"[""cyclone spear"", ""storm spear"", ""cyclone machine"", ""storm machine"", ""supercell storm"", ""storm engineering"", ""futuristic machine"", ""giant machine"", ""impossible machine"", ""AI generated machine"", ""extreme engineering"", ""weather machine"", ""turbine machine"", ""mega structure"", ""cinematic AI""]",2026-09-24 13:37:04.982412
227,Thunder Hammer,42,Storm,Weather,new,10,1,1,Thunder Hammer: A Colossal Lightning-Powered Machine Awakens,"[""thunder hammer"", ""hammer of thunder"", ""electromagnetic hammer"", ""lightning powered machine"", ""storm machine"", ""giant futuristic machine"", ""colossal machine"", ""futuristic engineering"", ""mega structure"", ""kinetic energy machine"", ""lightning machine"", ""AI cinematic short"", ""impossible machines"", ""future technology""]",2026-09-24 13:37:04.988272
228,Rainwheel Leviathan,42,Storm,Weather,new,10,1,1,Storm Machine: The Rainwheel Leviathan Awakens,"[""storm machine"", ""rainwheel leviathan"", ""the storm machine"", ""giant machine"", ""futuristic machine"", ""mega machine"", ""impossible machines"", ""AI generated machine"", ""cinematic AI"", ""storm technology"", ""hydraulic machine"", ""colossal engineering"", ""future engineering"", ""giant mechanical structure""]",2026-09-24 13:37:04.990755
229,Hurricane Splitter,42,Storm,Weather,new,10,1,1,Hurricane Splitter Machine: The Impossible Storm-Changing Engine,"[""hurricane splitter"", ""hurricane splitter machine"", ""storm machine"", ""storm chasing machine"", ""hurricane machine"", ""storm engineering"", ""futuristic machine"", ""impossible machines"", ""giant machine"", ""extreme engineering"", ""AI generated machine"", ""hurricane technology"", ""weather machine concept"", ""mega structure machine""]",2026-09-24 13:37:04.993446
230,Lightning Forge,42,Storm,Weather,new,10,1,1,Lightning Forge: The Storm-Powered Machine Melting the Earth,"[""lightning forge"", ""lightning machine"", ""storm machine"", ""lightning weapon in the forge"", ""lightning the forge"", ""forge lightning pickaxe"", ""perfect storm lightning machine"", ""futuristic machine"", ""giant machine"", ""colossal engineering"", ""AI generated cinematic"", ""plasma machine"", ""impossible machines"", ""sci fi engineering""]",2026-09-24 13:37:04.995166
231,Storm Gyroscope,42,Storm,Weather,new,10,1,1,Storm Gyroscope: Machine That Redirects a Tornado's Spin,"[""storm gyroscope"", ""storm machine"", ""gyroscope machine"", ""gyroscope in missile"", ""gyroscope technology"", ""futuristic machine"", ""tornado machine"", ""storm technology"", ""vortex machine"", ""rotational energy"", ""giant machine concept"", ""AI generated machine"", ""future engineering"", ""cinematic AI short""]",2026-09-24 13:37:04.996900
232,Cloud Catapult,42,Storm,Weather,new,10,1,1,Cloud Catapult: The Storm Machine That Pushes Clouds Away,"[""cloud catapult"", ""storm machine"", ""the storm machine"", ""storm maker"", ""storm technology"", ""futuristic machine"", ""giant machine"", ""mega structure"", ""AI generated cinematic"", ""weather machine concept"", ""cloud manipulation machine"", ""supercell storm"", ""futuristic engineering"", ""colossal machines""]",2026-09-24 13:37:04.998673
233,Tornado Anchor,42,Storm,Weather,new,10,1,1,Tornado Anchor: The Machine That Locks a Storm in Place,"[""tornado anchor"", ""tornado machine"", ""storm machine"", ""tornado technology"", ""futuristic engineering"", ""colossal machine"", ""mega structure"", ""AI generated machine"", ""AI storm simulation"", ""extreme weather machine"", ""tornado concept"", ""futuristic technology"", ""cinematic AI"", ""engineering marvel""]",2026-09-24 13:37:05.000416
234,Storm Wall Mover,42,Storm,Weather,new,10,1,1,Storm Wall Mover: The Machine That Pushes Back a Storm,"[""storm wall mover"", ""storm wall"", ""the storm machine"", ""storm machine"", ""storm wall cloud"", ""futuristic machine"", ""giant machine"", ""colossal engineering"", ""future technology"", ""mega structure"", ""AI cinematic short"", ""extreme weather machine"", ""storm technology"", ""futuristic engineering""]",2026-09-24 13:37:05.002151
235,Atmospheric Tidal Engine,42,Storm,Weather,new,10,1,1,Atmospheric Tidal Engine: The Ultimate Storm Maker Machine,"[""storm maker"", ""atmospheric tidal engine"", ""storm machine"", ""futuristic engineering"", ""colossal machine"", ""mega structure"", ""AI generated cinematic"", ""storm technology""]",2026-09-24 13:37:05.003976
236,Tidal Web Loom,62,Spider Web,Biology,new,10,1,1,Spider Web Machine Rewinds a Canyon-Sized Web Into a Storm,"[""spider web"", ""spider web machine"", ""spider web animation"", ""how to make spider web machine"", ""spider web technology"", ""giant spider web"", ""futuristic machine"", ""AI generated engineering"", ""biomimetic engineering"", ""colossal machine"", ""mechanical spider web"", ""science technology"", ""cinematic AI short""]",2026-09-24 13:38:00.043504
237,Gravity Silk Catapult,62,Spider Web,Biology,new,10,1,1,Spider Web Machine Turns Silk Into a Giant Gravity Catapult,"[""spider web machine"", ""spider web"", ""spider web shooter video"", ""how to make spider web machine"", ""futuristic machine"", ""giant machine"", ""gravity catapult"", ""web launcher"", ""spider web technology"", ""AI generated machine"", ""futuristic engineering"", ""colossal machine"", ""mechanical spider"", ""cinematic AI short""]",2026-09-24 13:38:00.045740
238,Webquake Drummer,62,Spider Web,Biology,new,10,1,1,Spider Web Machine Creates a Mechanical Earthquake,"[""#Shorts"", ""#ImpossibleMachines"", ""#SpiderWeb"", ""#Engineering"", ""#AlienMegastructure""]",2026-09-24 13:38:00.047268
239,Silk Bridge Spinner,62,Spider Web,Biology,new,10,1,1,Spider Web Machine Builds a Giant Silk Bridge Across a Canyon,"[""spider web machine"", ""spider web maker"", ""spider web shooter video"", ""spider web gun"", ""how to make spider web machine"", ""spider web technique"", ""artificial silk machine"", ""futuristic machine"", ""giant web bridge"", ""robotic construction machine"", ""future engineering"", ""AI generated machine"", ""cinematic AI short""]",2026-09-24 13:38:00.048628
240,Predator Web Flipper,62,Spider Web,Biology,new,10,1,1,Spider Web Shooter Machine Turns a Giant Web Into a Weapon,"[""spider web shooter video"", ""spider web machine"", ""spider web"", ""how to make spider web machine"", ""giant spider web"", ""futuristic machine"", ""web launcher machine"", ""mechanical spider"", ""spider web animation"", ""AI generated machine"", ""colossal machine"", ""future engineering"", ""spider web technology"", ""cinematic AI"", ""science technology""]",2026-09-24 13:38:00.049989
241,Microscopic Web Forge,62,Spider Web,Biology,new,10,1,1,Microscopic Web Forge: A Spider Web Machine Rewrites Silk,"[""spider web"", ""spider web machine"", ""how to make spider web machine"", ""spider web animation"", ""spider web technology"", ""microscopic machine"", ""futuristic engineering"", ""bio inspired engineering"", ""spider silk"", ""web transformation"", ""giant spider web"", ""AI generated machine"", ""science technology"", ""cinematic AI short""]",2026-09-24 13:38:00.051314
242,Atmospheric Web Rotor,62,Spider Web,Biology,new,10,1,1,Spider Web Machine Spins a Mountain-Sized Web Into a Rotor,"[""spider web machine"", ""spider web"", ""spider web maker"", ""spider web technique"", ""spider web machine concept"", ""giant spider web"", ""spider web rotor"", ""atmospheric rotor"", ""atmospheric engineering"", ""futuristic machine"", ""colossal machine"", ""mega machine"", ""future engineering"", ""AI generated machine"", ""cinematic AI""]",2026-09-24 13:38:00.052677
243,Web Membrane Shredder,62,Spider Web,Biology,new,10,1,1,Spider Web Machine Shreds a Forest-Sized Web,"[""spider web machine"", ""spider web"", ""spider web remover"", ""spider web maker"", ""spider web machine video"", ""spider web shredder"", ""giant spider web"", ""futuristic machine"", ""colossal machine"", ""mega machine"", ""web shredder"", ""spider web technology"", ""AI generated machine"", ""cinematic machine"", ""satisfying machine""]",2026-09-24 13:38:00.054808
244,Silk Pulse Cannon,62,Spider Web,Biology,new,10,1,1,Spider Web Machine Fires a Massive Pressure Blast,"[""spider web"", ""spider web machine"", ""spider web shooter"", ""spider web asmr"", ""how to make spider web machine"", ""spider web machine video"", ""spider web cannon"", ""web powered machine"", ""futuristic machine"", ""colossal machine"", ""futuristic engineering"", ""pressure cannon"", ""AI generated machine"", ""cinematic AI short""]",2026-09-24 13:38:00.056547
245,Colony Web Architect,62,Spider Web,Biology,new,10,1,1,Spider Web Machine Builds a Mountain-Sized Web,"[""spider web"", ""spider web machine"", ""spider web animation"", ""spider web shooter video"", ""how to make spider web machine"", ""spider web engineering"", ""spider web technology"", ""futuristic engineering"", ""colossal machine"", ""giant spider web"", ""mechanical spider"", ""AI cinematic short"", ""megastucture"", ""mountain machine"", ""structural web""]",2026-09-24 13:38:00.058220
246,The Abyssal Gatewheel,22,Waterfall,Environment,new,10,1,1,The Abyssal Gatewheel: A Giant Machine That Bends a Waterfall,"[""waterfall machine"", ""giant waterfall machine"", ""waterfall with pump"", ""futuristic engineering"", ""mega machine"", ""colossal machine"", ""impossible machine"", ""waterfall engineering"", ""hydraulic machine"", ""AI generated cinematic"", ""future technology"", ""giant machine concept"", ""water manipulation machine"", ""engineering marvel"", ""cinematic AI short""]",2026-09-24 13:38:25.085869
247,Cascade Hammer Engine,22,Waterfall,Environment,new,10,1,1,Waterfall Machine Turns Falling Water Into a Giant Hammer Engine,"[""waterfall machine"", ""waterfall with pump"", ""waterfall ki machine"", ""waterfall engine"", ""cascade hammer engine"", ""giant hammer machine"", ""futuristic engineering"", ""colossal machine"", ""mega machine"", ""hydraulic machine"", ""water power machine"", ""impossible machine"", ""AI generated engineering"", ""future technology"", ""cinematic machine""]",2026-09-24 13:38:25.089189
248,Mistblade Canyon Ripper,22,Waterfall,Environment,new,10,1,1,Waterfall Machine That Cuts a Canyon With a Rotating Blade Ring,"[""waterfall machine"", ""waterfall"", ""waterfall with pump"", ""waterfall engineering"", ""futuristic machine"", ""giant machine"", ""canyon cutting machine"", ""rock cutting machine"", ""mega machine"", ""future technology"", ""AI generated machine"", ""colossal engineering"", ""water powered machine"", ""geological excavator"", ""science technology""]",2026-09-24 13:38:25.091386
249,Hydrospine Tidal Injector,22,Waterfall,Environment,new,10,1,1,Waterfall Machine Injects Water Underground to Reshape the Land,"[""waterfall machine"", ""waterfall with pump"", ""waterfall ki machine"", ""hydraulic machine"", ""futuristic engineering"", ""giant machine"", ""water engineering"", ""hydraulic pressure"", ""underground water system"", ""landscape transformation"", ""futuristic technology"", ""megaproject machine"", ""AI generated machine"", ""cinematic engineering""]",2026-09-24 13:38:25.093141
250,Fallshock Atmospheric Forge,22,Waterfall,Environment,new,10,1,1,Waterfall Machine Creates an Artificial Storm System,"[""waterfall machine"", ""futuristic waterfall"", ""waterfall technology"", ""artificial storm system"", ""atmospheric machine"", ""future engineering"", ""colossal machine"", ""mega structure"", ""sci fi technology"", ""AI cinematic short"", ""waterfall with machine"", ""future weather machine"", ""electromagnetic machine"", ""futuristic engineering"", ""cinematic AI video""]",2026-09-24 13:38:25.094652
251,Glaciertooth Fallsplitter,22,Waterfall,Environment,new,10,1,1,Waterfall Splitting Machine Freezes and Breaks a Mountain,"[""waterfall machine"", ""waterfall with pump"", ""waterfall splitting machine"", ""futuristic machine"", ""giant machine"", ""mega machine"", ""futuristic engineering"", ""AI generated engineering"", ""colossal machines"", ""waterfall technology"", ""ice machine"", ""mountain cutting machine"", ""landscape transformation"", ""cinematic AI short"", ""science and technology""]",2026-09-24 13:38:25.096218
252,Ravine Cyclone Excavator,22,Waterfall,Environment,new,10,1,1,Ravine Cyclone Excavator: A Waterfall Machine That Digs a Spiral Canyon,"[""ravine cyclone excavator"", ""waterfall machine"", ""waterfall excavator"", ""futuristic excavator"", ""giant excavator machine"", ""mega machine"", ""future engineering"", ""colossal machines"", ""spiral canyon machine"", ""AI generated machine"", ""futuristic technology"", ""waterfall with machine"", ""rc wheeled excavator"", ""ravine excavator"", ""engineering concepts""]",2026-09-24 13:38:25.097633
253,Basalt Loom Waterbender,22,Waterfall,Environment,new,10,1,1,Waterfall Machine Weaves a Basalt River Into a New Landscape,"[""waterfall machine"", ""waterfall with pump"", ""futuristic machine"", ""basalt formation"", ""basalt rock"", ""volcanic engineering"", ""waterfall technology"", ""giant machine"", ""colossal machine"", ""future engineering"", ""AI cinematic"", ""megastucture"", ""geological transformation""]",2026-09-24 13:38:25.099033
254,Thunderfall Momentum Rail,22,Waterfall,Environment,new,10,1,1,Waterfall Machine Launches a Mountain-Sized Rock Across a Valley,"[""waterfall machine"", ""waterfall with pump"", ""waterfall ki machine"", ""futuristic waterfall"", ""future engineering"", ""mega machine"", ""giant machine"", ""impossible engineering"", ""magnetic machine"", ""rock launching machine"", ""cinematic ai machine"", ""future technology"", ""colossal machines"", ""waterfall technology""]",2026-09-24 13:38:25.100717
255,Eclipse Reservoir Crusher,22,Waterfall,Environment,new,10,1,1,Eclipse Reservoir Crusher: A Waterfall Machine That Rebuilds Mountains,"[""waterfall machine"", ""waterfall with pump"", ""futuristic engineering"", ""eclipse reservoir simulation"", ""hydraulic machine"", ""giant machine simulation"", ""AI generated engineering"", ""futuristic machine"", ""water pressure system"", ""colossal machine"", ""mountain reshaping machine"", ""waterfall simulation"", ""mega structure"", ""science technology"", ""cinematic AI short""]",2026-09-24 13:38:25.102377
256,Mantle-Ram Subway Rewriter,82,Subway,Infrastructure,new,10,1,1,Mantle-Ram Subway Rewriter — The Subway Machine You've Never Seen,"[""Mantle-Ram Subway Rewriter"", ""subway in a subway"", ""subway ad life"", ""subway at home"", ""subway chappell roan music video"", ""subway for cats"", ""subway by chappell road"", ""subway tunnel boring machine"", ""subway surfers arcade machine"", ""subway sandwich vending machine"", ""subway surfers nyc 2013"", ""Subway machine"", ""impossible engineering"", ""AI generated video"", ""megastructure""]",2026-09-24 13:40:19.549323
257,Temporal Rail Accelerator,82,Subway,Infrastructure,new,10,1,1,Temporal Rail Accelerator — The Subway Machine You've Never Seen,"[""Temporal Rail Accelerator"", ""subway in a subway"", ""railgun s accelerator"", ""tds 32 accelerator"", ""accelerator a certain scientific railgun"", ""subway ad life"", ""subway at home"", ""subway chappell roan music video"", ""subway for cats"", ""railgun vs accelerator dub"", ""railgun misaka vs accelerator"", ""Subway machine"", ""impossible engineering"", ""AI generated video"", ""megastructure""]",2026-09-24 13:40:19.551894
258,Ocean-Piercing Subway Leviathan,82,Subway,Infrastructure,new,10,1,1,Ocean-Piercing Subway Leviathan — The Subway Machine You've Never Seen,"[""Ocean-Piercing Subway Leviathan"", ""leviathan found in the ocean"", ""leviathan traveling over the ocean skull"", ""ocean leviathan"", ""subway in a subway"", ""subnautica bottom of the ocean"", ""subnautica fear of the ocean"", ""subway ad life"", ""subway at home"", ""subway chappell roan music video"", ""subway for cats"", ""Subway machine"", ""impossible engineering"", ""AI generated video"", ""megastructure""]",2026-09-24 13:40:19.554173
259,Gravity-Hammer Station Forger,82,Subway,Infrastructure,new,10,1,1,Gravity-Hammer Station Forger — The Subway Machine You've Never Seen,"[""Gravity-Hammer Station Forger"", ""halo 2 gravity hammer"", ""how to use gravity hammer halo infinite"", ""gravity hammer halo"", ""gravity hammer halo infinite"", ""subway in a subway"", ""gravity hammer"", ""subway chappell roan music video"", ""subway by chappell road"", ""subway ad life"", ""subway at home"", ""Subway machine"", ""impossible engineering"", ""AI generated video"", ""megastructure""]",2026-09-24 13:40:19.556190
260,Planetary Rail Catapult,82,Subway,Infrastructure,new,10,1,1,Planetary Rail Catapult — The Subway Machine You've Never Seen,"[""Planetary Rail Catapult"", ""subway in a subway"", ""subway ad life"", ""subway at home"", ""subway chappell roan music video"", ""subway for cats"", ""subway by chappell road"", ""planetary gearbox 2 stage"", ""planetary gearbox nema 17"", ""plane catapult on battleship"", ""planetary annihilation titans planet collision"", ""Subway machine"", ""impossible engineering"", ""AI generated video"", ""megastructure""]",2026-09-24 13:40:19.557992
261,Seismic Choir Resonator,82,Subway,Infrastructure,new,10,1,1,Seismic Choir Resonator — The Subway Machine You've Never Seen,"[""Seismic Choir Resonator"", ""subway in a subway"", ""subway ad life"", ""subway at home"", ""subway chappell roan music video"", ""subway for cats"", ""subway by chappell road"", ""subway tunnel boring machine"", ""subway surfers arcade machine"", ""subway sandwich vending machine"", ""subway surfers nyc 2013"", ""Subway machine"", ""impossible engineering"", ""AI generated video"", ""megastructure""]",2026-09-24 13:40:19.559601
262,Antimatter Tunnel Harvester,82,Subway,Infrastructure,new,10,1,1,Antimatter Tunnel Harvester — The Subway Machine You've Never Seen,"[""Antimatter Tunnel Harvester"", ""subway tunnel boring machine"", ""subway in a subway"", ""subway ad life"", ""subway at home"", ""subway chappell roan music video"", ""subway for cats"", ""antimatter at cern"", ""subway by chappell road"", ""subway surfers arcade machine"", ""subway sandwich vending machine"", ""Subway machine"", ""impossible engineering"", ""AI generated video"", ""megastructure""]",2026-09-24 13:40:19.561170
263,Skyhook Metro Weaver,82,Subway,Infrastructure,new,10,1,1,Skyhook Metro Weaver — The Subway Machine You've Never Seen,"[""Skyhook Metro Weaver"", ""subway in a subway"", ""metro machine se ticket kaise nikale"", ""metro machine se token kaise nikale"", ""metro ticket machine se kaise nikale"", ""metro ki machine"", ""subway ad life"", ""subway at home"", ""subway chappell roan music video"", ""subway for cats"", ""metro machine se entry"", ""Subway machine"", ""impossible engineering"", ""AI generated video"", ""megastructure""]",2026-09-24 13:40:19.562800
264,Dimension-Crank Interchange Engine,82,Subway,Infrastructure,new,10,1,1,Dimension-Crank Interchange Engine — Impossible Subway,"[""Dimension-Crank Interchange Engine"", ""subway in a subway"", ""subway chappell roan music video"", ""subway by chappell road"", ""subway ad life"", ""subway at home"", ""subway for cats"", ""inverted slider crank mechanism"", ""subway tunnel boring machine"", ""subway surfers arcade machine"", ""subway sandwich vending machine"", ""Subway machine"", ""impossible engineering"", ""AI generated video"", ""megastructure""]",2026-09-24 13:40:19.564334
265,Entropy-Reversal Rail Furnace,82,Subway,Infrastructure,new,10,1,1,Entropy-Reversal Rail Furnace — The Subway Machine You've Never Seen,"[""Entropy-Reversal Rail Furnace"", ""subway in a subway"", ""entropy change in an irreversible process"", ""entropy reversal"", ""entropy of surroundings vs system"", ""subway chappell roan music video"", ""red blinking light on furnace"", ""entropy zero 2 contact aberration"", ""electric furnace sequence of operation"", ""carrier furnace flame rollout switch manual reset"", ""subway by chappell road"", ""Subway machine"", ""impossible engineering"", ""AI generated video"", ""megastructure""]",2026-09-24 13:40:19.566868
266,Rainfall Compression Colossus,43,Rain,Weather,new,10,1,1,Rainfall Compression Machine Bends the Entire Storm,"[""rainfall machine"", ""rain machine"", ""rainfall compression"", ""rain in the machine"", ""rain the machine"", ""rain against the machine"", ""rain and thunder"", ""rainfall technology"", ""futuristic engineering"", ""colossal machine"", ""giant machine"", ""atmospheric machine"", ""weather machine"", ""AI generated machine""]",2026-09-24 14:05:40.539885
267,Monsoon Torque Harvester,43,Rain,Weather,new,10,1,1,Monsoon Torque Harvester: Rain-Powered Mega Machine,"[""monsoon torque harvester"", ""monsoon machine"", ""rain powered machine"", ""rain machine"", ""monsoon"", ""rain against the machine"", ""rain in the machine"", ""rain energy"", ""futuristic engineering"", ""colossal machine"", ""mega machine"", ""rainfall machine"", ""mechanical torque"", ""futuristic technology"", ""monsoon vs typhoon""]",2026-09-24 14:05:40.548138
268,Rainfront Rammer,43,Rain,Weather,new,10,1,1,Rainfront Rammer: The Machine That Moves a Storm,"[""rainfront rammer"", ""rain machine"", ""rain in the machine"", ""rain machine concept"", ""weather machine"", ""rain and thunder"", ""futuristic machine"", ""colossal machine"", ""mega machine"", ""futuristic engineering"", ""weather technology"", ""storm machine"", ""AI generated machine"", ""cinematic AI""]",2026-09-24 14:05:40.550971
269,Cloud Anvil Engine,43,Rain,Weather,new,10,1,1,Rain Cloud Machine: The Cloud Anvil Engine,"[""rain cloud machine"", ""cloud anvil engine"", ""rain machine"", ""rain cloud"", ""futuristic rain machine"", ""storm machine"", ""mechanical rain machine"", ""cloud compression machine"", ""futuristic engineering"", ""colossal machine"", ""giant machine"", ""storm technology"", ""AI generated cinematic"", ""rain storm"", ""weather machine""]",2026-09-24 14:05:40.552933
270,Rainfall Vortex Forge,43,Rain,Weather,new,10,1,1,Rainfall Vortex Forge: A Machine That Bends the Rain,"[""rainfall vortex forge"", ""rainfall vortex"", ""rain in the machine"", ""rain against the machine"", ""rain machine"", ""rain vortex"", ""rainfall machine"", ""futuristic engineering"", ""colossal machine"", ""giant machine"", ""weather machine"", ""rain vortex machine"", ""engineered vortex"", ""futuristic machine"", ""AI cinematic short""]",2026-09-24 14:05:40.555699
271,Atmospheric Rain Plow,43,Rain,Weather,new,10,1,1,Atmospheric Rain Plow: A Machine That Splits the Storm,"[""atmospheric rain"", ""atmospheric rain plow"", ""rain machine"", ""rain in the machine"", ""rain machine sci fi"", ""futuristic machine"", ""colossal machine"", ""giant machine"", ""rain engineering"", ""storm machine"", ""futuristic engineering"", ""rain storm"", ""cinematic machine"", ""AI generated video""]",2026-09-24 14:05:40.559496
272,Storm Pressure Pendulum,43,Rain,Weather,new,10,1,1,Storm Pressure Pendulum: A Machine That Controls Rain,"[""pendulum storm"", ""storm pressure pendulum"", ""rain machine"", ""rain pressure"", ""atmospheric pressure wave"", ""rainfall control"", ""futuristic engineering"", ""colossal machine"", ""giant pendulum"", ""storm machine"", ""weather control machine"", ""atmospheric machine"", ""rain storm"", ""future technology""]",2026-09-24 14:05:40.561024
273,Rain Cascade Accelerator,43,Rain,Weather,new,10,1,1,Rain Cascade Accelerator: The Machine That Speeds Up Rain,"[""rain cascade"", ""cascade rain"", ""rain in the machine"", ""rain machine"", ""rain cascade accelerator"", ""rain acceleration"", ""accelerated rain"", ""rain machine concept"", ""futuristic rain machine"", ""colossal machine"", ""futuristic engineering"", ""rain technology"", ""rainfall machine"", ""AI generated machine"", ""cinematic rain""]",2026-09-24 14:05:40.563490
274,Rain Cloud Gearworks,43,Rain,Weather,new,10,1,1,Rain Cloud Machine: A Colossal Gearworks Controls the Storm,"[""rain cloud machine"", ""rain machine"", ""rain cloud"", ""rain in the machine"", ""rain machine concept"", ""futuristic rain machine"", ""weather machine"", ""rainfall machine"", ""colossal machine"", ""giant gear machine"", ""futuristic engineering"", ""atmospheric machine"", ""storm machine"", ""rain technology""]",2026-09-24 14:05:40.565738
275,Rainfall Tectonic Ram,43,Rain,Weather,new,10,1,1,Rain Water Powers a Tectonic Ram | Impossible Megastructure,"[""rain water"", ""rain water machine"", ""rain in the machine"", ""rainfall machine"", ""rain powered machine"", ""rain energy"", ""rainwater energy"", ""futuristic engineering"", ""colossal machine"", ""tectonic machine"", ""tectonic ram"", ""giant machine"", ""geological machine"", ""AI generated engineering"", ""rainstorm machine""]",2026-09-24 14:05:40.568369
276,Shell Tectonic Loom,63,Shell,Biology,new,10,1,1,Shell Tectonic Loom: A Machine Weaving a Planetary Crust,"[""shell machine"", ""shell tectonic loom"", ""shell"", ""shell machinery"", ""tectonic machine"", ""colossal machine"", ""futuristic engineering"", ""giant machine"", ""mechanical loom"", ""planetary machine"", ""alien megastructure"", ""tectonic lattice"", ""AI generated cinematic"", ""satisfying machine"", ""mega machine""]",2026-09-24 14:15:43.771642
277,Shell Spiral Bore,63,Shell,Biology,new,10,1,1,Shell Spiral Bore: The Machine That Drills Through Mountains,"[""shell spiral bore"", ""shell machine"", ""spiral bore"", ""spiral drilling machine"", ""mountain drilling machine"", ""futuristic engineering"", ""colossal machine"", ""giant drilling machine"", ""rock cutting machine"", ""mountain boring machine"", ""spiral drilling"", ""mechanical drilling"", ""AI generated machine"", ""cinematic engineering"", ""futuristic machine""]",2026-09-24 14:15:43.773558
278,Shell Tide Ram,63,Shell,Biology,new,10,1,1,Shell Tide Ram: A Giant Machine That Recoils Like a Wave,"[""shell"", ""shell machine"", ""shell tide ram"", ""giant shell"", ""colossal machine"", ""futuristic engineering"", ""giant machine"", ""megstructure"", ""mechanical shell"", ""ocean machine"", ""seabed machine"", ""tidal machine"", ""AI cinematic"", ""AI generated"", ""science technology""]",2026-09-24 14:15:43.774881
279,Shell Molt Harvester,63,Shell,Biology,new,10,1,1,Shell Molt Harvester Turns Shell Layers Into Moving Armor,"[""shell molt harvester"", ""shell harvester"", ""shell machine"", ""shell harvesting machine"", ""molt harvester"", ""shell molt"", ""shell machine design"", ""colossal machine"", ""futuristic machine"", ""futuristic engineering"", ""giant machine"", ""mechanical armor"", ""automated armor"", ""alien machine"", ""cinematic machine""]",2026-09-24 14:15:43.776546
280,Shell Lightning Capacitor,63,Shell,Biology,new,10,1,1,Shell Capacitor Turns Pressure Into Lightning,"[""shell capacitor"", ""spherical shell capacitor"", ""shell machine"", ""shell capacitor machine"", ""shell technology"", ""futuristic machine"", ""colossal machine"", ""futuristic engineering"", ""mechanical engineering"", ""lightning machine"", ""electrical capacitor"", ""pressure machine"", ""giant machine"", ""AI cinematic"", ""cinematic engineering""]",2026-09-24 14:15:43.778970
281,Shell Ocean Gate,63,Shell,Biology,new,10,1,1,Shell Ocean Gate: A Colossal Machine Reshaping the Seafloor,"[""shell ocean"", ""shell on the sea"", ""shell in the sea"", ""shell under the sea"", ""shell foundation"", ""ocean machine"", ""colossal engineering"", ""futuristic machine""]",2026-09-24 14:15:43.780649
282,Shell Gravity Slinger,63,Shell,Biology,new,10,1,1,Shell Gravity Slinger: The Impossible Megamachine,"[""shell gravity slinger"", ""shell machine"", ""shell-powered machine"", ""colossal machine"", ""futuristic machine"", ""giant machine"", ""mega machine"", ""futuristic engineering"", ""impossible machine"", ""mechanical machine"", ""gravity slinger"", ""shell technology"", ""AI generated machine"", ""cinematic machine"", ""Science and Technology""]",2026-09-24 14:15:43.783051
283,Shell Fracture Composer,63,Shell,Biology,new,10,1,1,Shell Fracture Composer: A Machine That Rewrites Terrain,"[""shell fracture"", ""shell fracture machine"", ""shell machine"", ""fracture machine"", ""futuristic engineering"", ""colossal machine"", ""giant machine"", ""mega machine"", ""mechanical fracture"", ""terrain transformation"", ""futuristic technology"", ""impossible machine"", ""AI generated cinematic""]",2026-09-24 14:15:43.785969
284,Shell Meteor Seeder,63,Shell,Biology,new,10,1,1,Shell Meteor Seeder: A Colossal Machine Launching Shell Fragments,"[""Shell Meteor Seeder"", ""shell machine"", ""shell meteor"", ""shell drill machine"", ""shell crushing machine"", ""shell fragments"", ""futuristic machine"", ""colossal machine"", ""mega machine"", ""futuristic engineering"", ""centrifugal machine"", ""shell drill"", ""AI cinematic machine"", ""impossible machine"", ""mega structure""]",2026-09-24 14:15:43.788773
285,Shell World-Cracker,63,Shell,Biology,new,10,1,1,Shell World-Cracker: The Machine That Tears Open the Earth,"[""shell world cracker"", ""shell world"", ""world cracker"", ""shell machine"", ""colossal machine"", ""giant machine"", ""futuristic engineering"", ""impossible machine"", ""planetary scale machine"", ""mega machine"", ""shell technology"", ""geological machine"", ""terrain transformation"", ""alien megastructure""]",2026-09-24 14:15:43.790419
286,Mirecontinent Torque Harvester,23,Swamp,Environment,new,10,1,1,Swamp Torque Harvester: A Machine That Moves the Wetland,"[""swamp machine"", ""swamp torque harvester"", ""swamp harvester"", ""swamp machinery"", ""colossal machine"", ""futuristic engineering"", ""giant machine"", ""mega machine"", ""impossible machine"", ""swamp transformation"", ""extreme engineering"", ""AI generated machine"", ""futuristic machine"", ""harvester machine""]",2026-09-24 14:17:11.358391
287,Bogquake Compression Crown,23,Swamp,Environment,new,10,1,1,Swamp Compression Machine Crushes the Wetland in Waves,"[""swamp machine"", ""swamp compression machine"", ""swamp and stomp"", ""the swamp machine"", ""crown compression"", ""compression machine"", ""futuristic machine"", ""colossal machine"", ""mega machine"", ""futuristic engineering"", ""swamp technology"", ""marsh machine"", ""mechanical compression"", ""AI generated machine""]",2026-09-24 14:17:11.360456
288,Mangrove Spiral Uplifter,23,Swamp,Environment,new,10,1,1,Swamp Machine Lifts an Entire Wetland Into a Giant Spiral,"[""swamp machine"", ""the swamp machine"", ""swamp"", ""swamp machinery"", ""futuristic engineering"", ""colossal machine"", ""giant machine"", ""mega machine"", ""swamp engineering"", ""mangrove machine"", ""swamp transformation"", ""futuristic machine"", ""AI generated video"", ""cinematic AI""]",2026-09-24 14:17:11.362000
289,Peat Titan Shearwheel,23,Swamp,Environment,new,10,1,1,Peat Titan Shearwheel: Giant Swamp-Cutting Machine,"[""peat titan shearwheel"", ""swamp machine"", ""the swamp machine"", ""swamp and stomp"", ""swamp cutting"", ""giant machine"", ""colossal engineering"", ""futuristic machine""]",2026-09-24 14:17:11.363589
290,Marsh Cyclone Ram,23,Swamp,Environment,new,10,1,1,Marsh Cyclone Ram: A Giant Swamp Machine Creates a Vortex,"[""the swamp machine"", ""swamp machine"", ""swamp cyclone"", ""marsh cyclone ram"", ""swamp vortex"", ""giant swamp machine"", ""futuristic engineering"", ""colossal machine""]",2026-09-24 14:17:11.364998
291,Swamp Continental Piston,23,Swamp,Environment,new,10,1,1,Swamp Continental Piston — The Swamp Machine You've Never Seen,"[""Swamp Continental Piston"", ""swamp man and the machine"", ""the swamp machine"", ""swamp attack 2"", ""swamp and stomp"", ""swamp fox tv"", ""swamp cave the island"", ""swamp demon demon slayer"", ""piston moving in cylinder"", ""prompt genie the swamp machine"", ""swamp buggy races naples fl"", ""Swamp machine"", ""impossible engineering"", ""AI generated video"", ""megastructure""]",2026-09-24 14:17:11.366147
292,Blackwater Tectonic Loom,23,Swamp,Environment,new,10,1,1,The Swamp Machine That Reweaves an Entire Wetland,"[""swamp machine"", ""the swamp machine"", ""swamp machinery"", ""futuristic machine"", ""giant machine"", ""colossal machine"", ""futuristic engineering"", ""land reshaping machine"", ""wetland transformation"", ""swamp technology"", ""AI generated machine"", ""megascale engineering"", ""future technology"", ""terrain manipulation"", ""cinematic AI""]",2026-09-24 14:17:11.367218
293,Fen Gravity Reversal Engine,23,Swamp,Environment,new,10,1,1,Swamp Gravity Reversal Machine Lifts an Entire Wetland,"[""swamp machine"", ""gravity reversal machine"", ""swamp engine"", ""futuristic machine"", ""future engineering"", ""mega machine"", ""AI generated cinematic"", ""impossible technology"", ""gravity engine"", ""swamp technology"", ""floating islands"", ""wetland transformation"", ""giant machine"", ""sci fi engineering""]",2026-09-24 14:17:11.368324
294,Peatstorm Centrifuge,23,Swamp,Environment,new,10,1,1,Swamp Centrifuge: A Mega Machine Creates a Rotating Wetland,"[""centrifuge machine"", ""centrifuge"", ""swamp machine"", ""swamp centrifuge"", ""giant machine"", ""mega machine"", ""futuristic engineering"", ""centrifuge g force"", ""rotating machine"", ""swamp transformation"", ""giant machines concept"", ""AI generated cinematic"", ""impossible engineering"", ""science technology""]",2026-09-24 14:17:11.369410
295,Marsh Horizon Displacer,23,Swamp,Environment,new,10,1,1,The Swamp Machine That Moves an Entire Wetland,"[""swamp machine"", ""the swamp machine"", ""swamp machinery"", ""giant machine"", ""colossal machine"", ""futuristic engineering"", ""mega structures"", ""future technology"", ""landscape machine"", ""wetland machine"", ""swamp technology"", ""AI generated cinematic"", ""impossible machines"", ""heavy machinery concept""]",2026-09-24 14:17:11.370468
296,Stormheart Lightning Crucible,44,Lightning,Weather,new,10,1,1,Stormheart Lightning Crucible: A Machine That Harnesses Lightning,"[""lightning"", ""lightning machine"", ""lightning and thunder"", ""lightning storm"", ""storm machine"", ""futuristic engineering"", ""colossal machine"", ""giant machine"", ""lightning technology"", ""lightning strikes"", ""supercell storm"", ""magnetic rails"", ""flywheel machine"", ""storm engineering"", ""cinematic lightning""]",2026-09-24 14:22:21.920825
297,Thunderbolt Tectonic Hammer,44,Lightning,Weather,new,10,1,1,Lightning-Powered Tectonic Hammer Shatters a Mountain,"[""thunderbolt tectonic hammer"", ""tectonic hammer"", ""lightning machine"", ""thunderbolt in action"", ""lightning and thunder"", ""lightning from space"", ""lightning machine gd"", ""futuristic engineering"", ""colossal machine"", ""mega machine"", ""mountain destruction"", ""tectonic machine"", ""lightning powered machine"", ""giant machine"", ""futuristic technology""]",2026-09-24 14:22:21.924909
298,Lightning Vortex Forge,44,Lightning,Weather,new,10,1,1,Lightning Vortex: The Impossible Storm Engine,"[""lightning vortex"", ""lightning"", ""lightning vortex machine"", ""lightning machine"", ""lightning and thunder"", ""lightning storm"", ""lightning technology"", ""futuristic engineering"", ""storm machine"", ""vortex machine"", ""giant machine"", ""colossal machine"", ""cinematic lightning"", ""AI cinematic""]",2026-09-24 14:22:21.926245
299,Skybolt Rail Catapult,44,Lightning,Weather,new,10,1,1,Skybolt Rail Catapult: A Lightning-Powered Megastructure,"[""skybolt rail catapult"", ""lightning machine"", ""lightning technology"", ""lightning and thunder"", ""futuristic engineering"", ""colossal machine"", ""lightning powered machine"", ""magnetic acceleration"", ""futuristic machine"", ""giant machine"", ""storm machine"", ""lightning engine"", ""atmospheric machine"", ""AI generated engineering"", ""science technology""]",2026-09-24 14:22:21.927328
300,Lightning River Splitter,44,Lightning,Weather,new,10,1,1,Lightning River Splitter: A Machine That Rebuilds a River,"[""lightning river"", ""lightning splitter"", ""lightning strike on river"", ""lightning hits river"", ""lightning hitting river"", ""lightning on river"", ""lightning river splitter"", ""lightning machine"", ""lightning and thunder"", ""futuristic engineering"", ""colossal machine"", ""river engineering"", ""flood control"", ""drainage machine"", ""AI cinematic""]",2026-09-24 14:22:21.928452
301,Thunderhead Compression Engine,44,Lightning,Weather,new,10,1,1,Thunderhead Compression Engine: A Lightning Machine,"[""Thunderhead Compression Engine"", ""lightning machine"", ""lightning and thunder"", ""thunderhead compression"", ""lightning compression machine"", ""futuristic engineering"", ""colossal machine"", ""giant machine"", ""storm machine"", ""lightning technology"", ""thunderstorm machine"", ""futuristic machine"", ""AI cinematic"", ""AI generated video""]",2026-09-24 14:22:21.929526
302,Bolt-Fed Seismic Wheel,44,Lightning,Weather,new,10,1,1,Lightning Seismic Wheel: A Machine That Twists the Earth,"[""lightning bolt"", ""lightning machine"", ""lightning powered machine"", ""seismic wheel"", ""seismic machine"", ""tectonic machine"", ""futuristic engineering"", ""colossal machine"", ""lightning technology"", ""seismic engine"", ""tectonic engine"", ""earth shaking machine"", ""lightning powered engine"", ""futuristic machine""]",2026-09-24 14:22:21.930699
303,Aurora Lightning Loom,44,Lightning,Weather,new,10,1,1,Aurora Lightning Loom: A Machine That Weaves Lightning,"[""Aurora Lightning Loom"", ""lightning machine"", ""lightning"", ""lightning bolts"", ""lightning and thunder"", ""futuristic engineering"", ""colossal machine"", ""lightning from space"", ""electrical lattice"", ""storm machine"", ""futuristic technology"", ""AI generated video"", ""cinematic lightning"", ""lightning network"", ""atmospheric electricity""]",2026-09-24 14:22:21.932251
304,Tempest Propulsion Spine,44,Lightning,Weather,new,10,1,1,Tempest Propulsion Spine: A Lightning-Powered Megastructure,"[""Tempest Propulsion Spine"", ""lightning machine"", ""lightning propulsion"", ""lightning powered machine"", ""lightning from space"", ""lightning and thunder"", ""futuristic engineering"", ""colossal machine"", ""megastructure"", ""storm machine"", ""magnetic propulsion"", ""mechanical spine"", ""lightning technology"", ""giant machine"", ""futuristic machine""]",2026-09-24 14:22:21.933324
305,Lightning Skyhook Engine,44,Lightning,Weather,new,10,1,1,Lightning Engine Pulls a Thunderstorm Across the Sky,"[""lightning engine"", ""lightning machine"", ""lightning and thunder"", ""lightning engine concept"", ""futuristic lightning machine"", ""storm engine"", ""lightning technology"", ""futuristic engineering"", ""colossal machine"", ""mega structure"", ""thunderstorm machine"", ""lightning bolt"", ""storm manipulation"", ""AI cinematic"", ""science technology""]",2026-09-24 14:22:21.934395
306,Feather Tectonic Loom,64,Bird Feather,Biology,new,10,1,1,Bird Feather Loom: A Machine That Braids a Giant Feather Membrane,"[""bird feather"", ""bird feather anatomy"", ""bird feather art"", ""bird feather asmr"", ""feather machine"", ""feather loom"", ""feather engineering"", ""futuristic engineering"", ""colossal machine"", ""giant machine"", ""feather weaving"", ""feather structure"", ""bird feather structure"", ""AI generated engineering"", ""cinematic AI short""]",2026-09-24 14:56:03.542868
307,Feather Storm Engine,64,Bird Feather,Biology,new,10,1,1,Feather Storm Engine: A Giant Bird Feather Vortex,"[""bird feather"", ""bird feather storm"", ""feather storm engine"", ""bird feather cleaning"", ""bird feather molting"", ""bird feather preening"", ""bird feather anatomy"", ""bird feather asmr"", ""feather machine"", ""feather vortex"", ""giant machine"", ""colossal machine"", ""futuristic engineering"", ""AI cinematic"", ""impossible machine""]",2026-09-24 14:56:03.546650
308,Feather River Splitter,64,Bird Feather,Biology,new,10,1,1,Feather River Splitter: A Colossal Bird Feather Machine,"[""bird feather"", ""bird feather anatomy"", ""bird feather art"", ""feather machine"", ""feather river splitter"", ""river splitter machine"", ""colossal machine"", ""futuristic engineering"", ""mega structure machine"", ""giant feather machine"", ""AI generated engineering"", ""cinematic AI short"", ""river engineering"", ""water redirection"", ""bird feather machine""]",2026-09-24 14:56:03.547786
309,Feather Mountain Harvester,64,Bird Feather,Biology,new,10,1,1,Feather Mountain Harvester | Giant Bird Feather Machine,"[""bird feather"", ""feather mountain harvester"", ""feather machine"", ""giant feather machine"", ""bird feather anatomy"", ""futuristic machine"", ""colossal machine"", ""mountain harvester"", ""rock harvesting machine"", ""futuristic engineering"", ""AI generated machine"", ""cinematic AI"", ""feather machine concept"", ""giant machine"", ""bird feather machine""]",2026-09-24 14:56:03.548834
310,Feather Eclipse Rotor,64,Bird Feather,Biology,new,10,1,1,Feather Eclipse Rotor: A Colossal Bird Feather Machine,"[""bird feather"", ""bird feather machine"", ""feather rotor"", ""feather machine"", ""bird feather design"", ""feather anatomy"", ""futuristic engineering"", ""colossal machine"", ""giant rotor"", ""feather membranes"", ""feather technology"", ""bird feather art"", ""AI generated machine"", ""cinematic AI"", ""futuristic machine""]",2026-09-24 14:56:03.550030
311,Feather Ocean Propeller,64,Bird Feather,Biology,new,10,1,1,Feathering Propeller Turns the Ocean Into a Giant Whirlpool,"[""feathering propeller"", ""feather propeller"", ""feathering propeller technology"", ""ocean propeller"", ""giant propeller"", ""underwater propeller"", ""propeller feathering"", ""propeller system"", ""bird feather"", ""bird feather anatomy"", ""feather blades"", ""futuristic engineering"", ""colossal machine"", ""ocean engineering""]",2026-09-24 14:56:03.551892
312,Feather Glacier Shaper,64,Bird Feather,Biology,new,10,1,1,Feather Glacier Shaper: A Machine That Reshapes Ice,"[""Feather Glacier Shaper"", ""bird feather"", ""bird feather anatomy"", ""bird feather art"", ""glacier machine"", ""futuristic engineering"", ""futuristic machine"", ""glacier technology"", ""ice machine"", ""colossal machine"", ""megastructure"", ""feather machine"", ""glacier shaper"", ""cinematic AI"", ""AI generated machine""]",2026-09-24 14:56:03.554697
313,Feather Forest Seeder,64,Bird Feather,Biology,new,10,1,1,Feather Forest Seeder: A Colossal Bird Feather Planting Machine,"[""feather forest seeder"", ""bird feather"", ""bird feather anatomy"", ""bird feather machine"", ""feather seeder"", ""forest seeder"", ""colossal machine"", ""futuristic agriculture"", ""futuristic engineering"", ""agricultural machine"", ""seed planting machine"", ""bird feather asmr"", ""feather farm the forest"", ""AI generated machine"", ""cinematic AI short""]",2026-09-24 14:56:03.555969
314,Feather Gravity Loom,64,Bird Feather,Biology,new,10,1,1,Feather Gravity Experiment: The Impossible Gravity Loom,"[""feather gravity experiment"", ""bird feather"", ""feather gravity"", ""gravity experiment"", ""feather machine"", ""gravity machine"", ""gravity loom"", ""futuristic machine"", ""colossal machine"", ""feather anatomy"", ""bird feather art"", ""AI generated video"", ""cinematic AI"", ""futuristic engineering""]",2026-09-24 14:56:03.557191
315,Feather Planetary Pulse,64,Bird Feather,Biology,new,10,1,1,Bird Feather Machine Sends a Planetary Pulse,"[""bird feather"", ""bird feather machine"", ""bird feather anatomy"", ""feather machine"", ""feather pulse"", ""planetary pulse"", ""futuristic machine"", ""colossal machine"", ""giant feather"", ""mechanical feather"", ""feather engineering"", ""futuristic engineering"", ""AI cinematic"", ""cinematic machine"", ""science fiction machine""]",2026-09-24 14:56:03.558335
316,Lithic Tidewheel,24,Rock Field,Environment,new,10,1,1,Rock Field Removal Machine Creates a Stone Tidewheel,"[""rock field"", ""rock field removal"", ""rock removal from field"", ""field of rock"", ""field rock picker"", ""field rock removal"", ""rock picking field"", ""field rock crusher"", ""futuristic machine"", ""mega machine"", ""colossal machine"", ""future engineering"", ""AI generated machine"", ""rock moving machine""]",2026-09-24 14:56:36.683472
317,Strata Harrow,24,Rock Field,Environment,new,10,1,1,Rock Field Removal Machine Rewrites the Landscape,"[""rock field removal"", ""field rock removal"", ""rock removal from field"", ""rock field machine"", ""field rock picker"", ""rock picking field"", ""field rock crusher"", ""rock field"", ""rock removal machine"", ""futuristic machine"", ""colossal machine"", ""future engineering"", ""mega machine"", ""AI engineering concept""]",2026-09-24 14:56:36.685297
318,Boulder Gyroscope,24,Rock Field,Environment,new,10,1,1,Boulder Gyroscope: The Ultimate Rock Field Transformation Machine,"[""rock field"", ""field rock removal"", ""rock removal from field"", ""field rock picker"", ""rock field machine"", ""boulder machine"", ""boulder removal machine"", ""futuristic engineering"", ""giant machine"", ""mega machine"", ""rock crusher field"", ""rock picking field"", ""AI engineering concept"", ""future technology"", ""cinematic machine""]",2026-09-24 14:56:36.686531
319,Granite Wave Engine,24,Rock Field,Environment,new,10,1,1,Granite Wave Engine: The Machine That Moves a Rock Field,"[""rock field"", ""rock field machine"", ""rock removal from field"", ""field of rock"", ""granite wave engine"", ""rock moving machine"", ""futuristic machine"", ""mega machine"", ""giant engineering"", ""bedrock machine"", ""terrain transformation"", ""AI generated engineering"", ""cinematic machine"", ""future technology"", ""colossal machine""]",2026-09-24 14:56:36.687654
320,Crag Spiral Reformer,24,Rock Field,Environment,new,10,1,1,Crag Spiral Reformer: Futuristic Rock Removal From a Field,"[""rock removal from field"", ""rock field"", ""field of rock"", ""rock removal machine"", ""futuristic machine"", ""giant machine engineering"", ""colossal machine"", ""rock moving machine"", ""boulder removal"", ""futuristic engineering"", ""AI generated machine"", ""mechanical engineering concept""]",2026-09-24 14:56:36.688717
321,Stonequake Ram,24,Rock Field,Environment,new,10,1,1,Stonequake Ram: The Ultimate Rock Field Removal Machine,"[""rock field removal"", ""rock removal from field"", ""field rock removal"", ""rock field machine"", ""field rock picker"", ""field rock crusher"", ""rock picking field"", ""rock removal machine"", ""futuristic machine"", ""giant machine engineering"", ""mechanical engineering"", ""AI generated machine"", ""future technology"", ""massive machine"", ""rock field""]",2026-09-24 14:56:36.689827
322,Lithosphere Mill,24,Rock Field,Environment,new,10,1,1,Rock Field Crusher: The Giant Lithosphere Mill Machine,"[""rock field crusher"", ""rock field"", ""field rock crusher"", ""rock removal from field"", ""field rock removal"", ""field rock picker"", ""rock picking field"", ""field of rock"", ""giant rock crusher"", ""futuristic machine"", ""mega machine"", ""future engineering"", ""geological machine"", ""AI generated machine"", ""colossal machinery""]",2026-09-24 14:56:36.690911
323,Monolith Catapult Array,24,Rock Field,Environment,new,10,1,1,Rock Removal From Field With a Colossal Monolith Catapult Array,"[""rock removal from field"", ""rock field"", ""field of rock"", ""rock removal machine"", ""futuristic machine"", ""mega machine"", ""colossal machine"", ""monolith catapult array"", ""rock field machine"", ""future engineering"", ""AI generated machine"", ""giant mechanical system"", ""landscape transformation"", ""science technology"", ""cinematic engineering""]",2026-09-24 14:56:36.691976
324,Rockfield Tectonic Loom,24,Rock Field,Environment,new,10,1,1,Rock Removal From Field With a Colossal Tectonic Machine,"[""rock removal from field"", ""rock field"", ""field of rock"", ""rock removal machine"", ""rock field machine"", ""futuristic machine"", ""colossal machine"", ""mega machine"", ""future engineering"", ""AI generated machine"", ""terrain transformation"", ""agricultural machinery"", ""giant construction machine"", ""rock moving machine""]",2026-09-24 14:56:36.693004
325,Obsidian Horizon Screw,24,Rock Field,Environment,new,10,1,1,Rock Removal From Field With a Colossal Futuristic Screw Machine,"[""rock removal from field"", ""rock field machine"", ""field of rock"", ""rock removal machine"", ""futuristic machine"", ""colossal machine"", ""giant screw machine"", ""helical machine"", ""rock clearing machine"", ""futuristic engineering"", ""AI generated machine"", ""megascale engineering"", ""rock field removal"", ""heavy machinery concept""]",2026-09-24 14:56:36.694103
326,Inferno Tidal Hammer,45,Fire,Physics,new,10,1,1,Inferno Tidal Hammer | Colossal Fire Machine,"[""fire machine"", ""inferno tidal hammer"", ""inferno hammer"", ""fire machine fire machine"", ""fire cannons"", ""fire from the gods"", ""futuristic fire machine"", ""colossal machine"", ""giant mechanical machine"", ""futuristic engineering"", ""fire engineering"", ""mechanical pressure waves"", ""atmospheric pressure machine"", ""colossal megastructure"", ""AI generated engineering""]",2026-09-24 15:03:14.057472
327,Solar-Flare Crucible,45,Fire,Physics,new,10,1,1,Solar Flare Machine Spins a Column of Fire Into a Vortex,"[""solar flare"", ""solar flare magnetic field"", ""solar flare impact"", ""solar flare from sun"", ""solar flare on sun"", ""solar flare machine"", ""fire machine"", ""plasma machine"", ""plasma vortex"", ""magnetic field"", ""futuristic engineering"", ""colossal machine"", ""mega structure"", ""cinematic fire"", ""AI generated short""]",2026-09-24 15:03:14.061445
328,Pyroclastic Gyro,45,Fire,Physics,new,10,1,1,Pyroclastic Gyro: A Fire Machine That Rotates a Volcano,"[""fire machine"", ""fire machine fire machine"", ""fire machine for dj"", ""pyroclastic gyro"", ""volcanic fire machine"", ""volcano machine"", ""futuristic engineering"", ""giant machine"", ""colossal machine"", ""fire and gas"", ""volcanic eruption"", ""rotating flywheel"", ""mechanical engineering"", ""fire technology""]",2026-09-24 15:03:14.063338
329,Firestorm Bore,45,Fire,Physics,new,10,1,1,Firestorm Bore: A Fire-Powered Mountain Drilling Machine,"[""fire machine"", ""firestorm bore"", ""fire powered machine"", ""fire excavation machine"", ""mountain drilling machine"", ""giant drilling machine"", ""futuristic engineering"", ""colossal machine"", ""mega machine"", ""molten rock"", ""fire vortex"", ""mountain excavation"", ""futuristic machine"", ""AI generated machine"", ""cinematic machine""]",2026-09-24 15:03:14.064669
330,Blazing Mass Driver,45,Fire,Physics,new,10,1,1,Blazing Mass Driver: Fire-Powered Rock Acceleration,"[""blazing mass driver"", ""mass driver"", ""strike mass driver"", ""ksp mass driver"", ""fire machine"", ""fire powered machine"", ""mass driver machine"", ""futuristic engineering"", ""colossal machine"", ""mega structure"", ""giant machine"", ""rock acceleration"", ""cinematic engineering"", ""futuristic machine"", ""fire technology""]",2026-09-24 15:03:14.066227
331,Magma Reversal Engine,45,Fire,Physics,new,10,1,1,Magma Reversal Engine: The Machine That Pushes Fire Uphill,"[""magma reversal engine"", ""fire engine machine"", ""fire engine equipment"", ""fire machine"", ""magma machine"", ""magma engine"", ""magma reversal"", ""volcanic machine"", ""futuristic engineering"", ""giant machine"", ""colossal machine"", ""underground machine"", ""volcanic engineering"", ""magma technology""]",2026-09-24 15:03:14.067446
332,Flame Cyclotron,45,Fire,Physics,new,10,1,1,Flame Cyclotron: The Ultimate Fire Machine Creating a Giant Vortex,"[""flame cyclotron"", ""fire machine"", ""futuristic fire machine"", ""giant fire machine"", ""fire vortex"", ""fire ring machine"", ""futuristic engineering"", ""colossal machine"", ""megascale engineering"", ""future technology"", ""AI cinematic engineering"", ""artificial vortex"", ""rotating fire"", ""fire technology"", ""science and technology""]",2026-09-24 15:03:14.069491
333,Thermal Tectonic Jack,45,Fire,Physics,new,10,1,1,Thermal Tectonic Jack: The Fire Machine That Lifts a Valley,"[""fire machine"", ""fire machine fire machine"", ""thermal machine"", ""futuristic engineering"", ""colossal machine"", ""giant machine"", ""mega structure"", ""future technology"", ""fictional machine"", ""tectonic machine"", ""fire technology"", ""extreme engineering"", ""AI generated cinematic"", ""science and technology"", ""massive machines""]",2026-09-24 15:03:14.070898
334,Ash Vortex Engine,45,Fire,Physics,new,10,1,1,Ash Vortex Engine: The Ultimate Fire Machine Megastructure,"[""fire engine machine"", ""fire machine"", ""fire engine equipment"", ""ash vortex engine"", ""giant fire machine"", ""futuristic machine"", ""colossal machine"", ""mega structure"", ""future engineering"", ""fire vortex"", ""AI generated cinematic"", ""futuristic technology"", ""impossible machines"", ""giant machine concept""]",2026-09-24 15:03:14.072165
335,Phoenix Reentry Forge,45,Fire,Physics,new,10,1,1,Phoenix Forge: The Ultimate Fire Machine Reentry Engine,"[""phoenix forge"", ""fire machine"", ""phoenix fd fire"", ""futuristic fire machine"", ""fire powered machine"", ""mega structure engineering"", ""futuristic engineering"", ""fire forge"", ""plasma machine"", ""cinematic science technology"", ""giant machine concept"", ""future technology"", ""AI generated engineering"", ""colossal machine"", ""reentry engine""]",2026-09-24 15:03:14.073678
336,Continental Pile-Driver Array,83,Mega Construction Site,Infrastructure,new,10,1,1,Mega Construction Machines: Continental Pile-Driver Array,"[""mega construction machines"", ""mega construction site"", ""mega construction project"", ""mega construction"", ""mega building construction"", ""mega construction projects"", ""pile driver"", ""diesel powered pile driver"", ""construction machines"", ""construction vehicles"", ""colossal machines"", ""futuristic engineering"", ""mega structure project"", ""mega construction trucks""]",2026-09-24 15:12:19.773525
337,Sky-Lattice Foundry Cyclone,83,Mega Construction Site,Infrastructure,new,10,1,1,Mega Construction Machines: Sky-Lattice Foundry Cyclone,"[""mega construction machines"", ""mega construction site"", ""mega construction project"", ""mega construction vehicles"", ""mega construction trucks"", ""mega machines at work"", ""mega construction projects documentary"", ""mega building construction"", ""mega structure project"", ""futuristic construction"", ""giant construction machine"", ""colossal machine"", ""mega structure"", ""futuristic engineering"", ""AI construction""]",2026-09-24 15:12:19.775005
338,Tectonic Trench Weaver,83,Mega Construction Site,Infrastructure,new,10,1,1,Mega Construction Machines: The Tectonic Trench Weaver,"[""mega construction machines"", ""mega construction project"", ""mega construction vehicles"", ""mega construction trucks"", ""mega machines at work"", ""mega construction site"", ""mega building construction"", ""mega construction projects"", ""construction machines"", ""futuristic construction"", ""mega excavator"", ""tectonic machine"", ""geological engineering"", ""massive excavation""]",2026-09-24 15:12:19.776031
339,Momentum Cathedral Erector,83,Mega Construction Site,Infrastructure,new,10,1,1,Mega Construction Machine That Builds Towers With Pure Momentum,"[""mega construction machines"", ""mega construction machine"", ""mega construction site"", ""mega construction vehicles"", ""mega construction trucks"", ""mega construction project"", ""mega machines at work"", ""mega construction projects"", ""mega building construction"", ""mega structure project"", ""futuristic construction machine"", ""giant construction machine"", ""colossal construction machine""]",2026-09-24 15:12:19.777008
340,Ocean-Basin Concrete Reactor,83,Mega Construction Site,Infrastructure,new,10,1,1,Mega Construction Machine Builds New Land From the Ocean,"[""mega construction machines"", ""mega construction machine"", ""mega construction site"", ""mega construction projects"", ""mega construction vehicles"", ""mega construction trucks"", ""ocean basin"", ""ocean basin formation"", ""ocean basin geography"", ""relief of the ocean basin"", ""mega building construction"", ""futuristic construction"", ""colossal construction machine"", ""new land from ocean""]",2026-09-24 15:12:19.778241
341,Gravity Crane Cascade,83,Mega Construction Site,Infrastructure,new,10,1,1,Mega Construction Machines: The Gravity Crane Cascade,"[""mega construction machines"", ""mega construction site"", ""mega construction project"", ""mega construction vehicles"", ""mega construction trucks"", ""mega building construction"", ""mega construction projects"", ""gravity crane"", ""gravity machine"", ""futuristic construction"", ""colossal construction machine"", ""mega structure"", ""future engineering"", ""impossible machines"", ""construction technology""]",2026-09-24 15:12:19.779212
342,Subsurface City Extruder,83,Mega Construction Site,Infrastructure,new,10,1,1,Mega Construction Machines: A City Rises From Underground,"[""mega construction machines"", ""mega construction site"", ""mega construction project"", ""mega construction vehicles"", ""mega construction trucks"", ""mega machines at work"", ""mega building construction"", ""mega construction projects"", ""futuristic construction"", ""underground construction"", ""underground city"", ""city construction machine"", ""colossal construction machine"", ""mega structure"", ""futuristic engineering""]",2026-09-24 15:12:19.780093
343,Seismic Alignment Forge,83,Mega Construction Site,Infrastructure,new,10,1,1,Mega Construction Machines: The Seismic Alignment Forge,"[""mega construction machines"", ""mega construction project"", ""mega construction site"", ""mega construction vehicles"", ""mega construction trucks"", ""mega machines at work"", ""mega construction"", ""futuristic construction machine"", ""seismic construction machine"", ""seismic engineering"", ""land transformation machine"", ""mega construction technology"", ""colossal construction machine"", ""futuristic engineering"", ""construction megastructure""]",2026-09-24 15:12:19.780934
344,Solar Mirror Excavation Swarm,83,Mega Construction Site,Infrastructure,new,10,1,1,Solar Mirror Excavation Swarm: Mega Construction Machine,"[""solar mirror"", ""solar mirror excavation"", ""solar mirror power plant"", ""mega construction machines"", ""mega construction site"", ""mega construction"", ""solar energy excavation"", ""concentrated solar power""]",2026-09-24 15:12:19.781782
345,Chrono-Foundation Reassembler,83,Mega Construction Site,Infrastructure,new,10,1,1,Mega Construction Machine Rebuilds an Entire Foundation,"[""mega construction machines"", ""mega construction machine"", ""mega construction project"", ""mega construction vehicles"", ""mega construction trucks"", ""mega building construction"", ""mega construction projects"", ""futuristic construction""]",2026-09-24 15:12:19.782604
346,Serpent Tectonic Borer,65,Snake,Biology,new,10,1,1,Snake Machine Drills Through a Mountain | Tectonic Borer,"[""snake machine"", ""snake in machine"", ""snake machine drill"", ""tectonic borer"", ""tectonic"", ""mountain drilling machine"", ""mega machine"", ""colossal machine"", ""futuristic machine"", ""giant drilling machine"", ""machine drilling mountain"", ""snake drill machine"", ""excavation machine"", ""futuristic engineering"", ""AI machine""]",2026-09-24 15:21:37.442916
347,Orographic Snake Flail,65,Snake,Biology,new,10,1,1,Orographic Snake Flail: An 18-Kilometer Mountain Machine,"[""snake machine"", ""snake in machine"", ""snake machine with camera"", ""snake flail"", ""orographic snake"", ""futuristic snake machine"", ""colossal machine"", ""giant snake machine"", ""futuristic engineering"", ""mega machine"", ""AI generated machine"", ""cinematic machine"", ""mechanical snake"", ""giant machine"", ""science technology""]",2026-09-24 15:21:37.447538
348,Atmospheric Coil Launcher,65,Snake,Biology,new,10,1,1,Snake Machine: Atmospheric Coil Launcher,"[""snake machine"", ""snake in machine"", ""atmospheric coil launcher"", ""coil launcher"", ""coil gun"", ""futuristic machine"", ""colossal machine"", ""giant snake machine"", ""futuristic engineering"", ""mechanical snake"", ""cinematic machine"", ""AI generated short""]",2026-09-24 15:21:37.449192
349,Continental Burrower,65,Snake,Biology,new,10,1,1,Snake Machine Burrows Through Bedrock | Continental Burrower,"[""snake machine"", ""snake in machine"", ""snake machine with camera"", ""snake burrower"", ""snake machine burrowing"", ""machine burrowing through rock"", ""bedrock excavation machine"", ""futuristic machine"", ""colossal machine"", ""underground machine"", ""subterranean machine"", ""futuristic engineering"", ""giant snake machine"", ""AI generated machine"", ""megastucture""]",2026-09-24 15:21:37.450893
350,Snake Hydrodynamic Ram,65,Snake,Biology,new,10,1,1,Snake Machine: A Hydrodynamic Ram Crushes a Reservoir,"[""snake machine"", ""snake in machine"", ""snake machine with camera"", ""hydrodynamic ram"", ""hydraulic machine"", ""futuristic machine"", ""colossal machine"", ""giant snake machine"", ""hydraulic compression"", ""water pressure wave"", ""futuristic engineering"", ""mega machine"", ""cinematic AI"", ""AI generated machine""]",2026-09-24 15:21:37.452183
351,Molten Serpent Forge,65,Snake,Biology,new,10,1,1,Molten Serpent Machine Reshapes a Volcanic Caldera,"[""molten serpent"", ""molten serpent machine"", ""snake machine"", ""snake in machine"", ""molten serpent forge"", ""futuristic machine"", ""colossal machine"", ""futuristic engineering"", ""volcanic machine"", ""magma machine"", ""molten rock machine"", ""volcanic caldera"", ""mechanical serpent"", ""AI generated cinematic"", ""cinematic machine""]",2026-09-24 15:21:37.453374
352,Orbital Serpent Sling,65,Snake,Biology,new,10,1,1,Snake Machine Slings a Mountain-Sized Payload,"[""snake machine"", ""snake in machine"", ""snake machine sling"", ""snake machine launch"", ""mechanical snake"", ""giant snake machine"", ""colossal machine"", ""futuristic machine"", ""futuristic engineering"", ""massive machine"", ""mechanical sling"", ""momentum transfer"", ""AI generated machine"", ""cinematic AI"", ""giant machine""]",2026-09-24 15:21:37.455018
353,Desert Dune Constrictor,65,Snake,Biology,new,10,1,1,Desert Sand Snake Constricts Dunes Into Waves,"[""desert sand snake"", ""desert dune"", ""sand dunes in the desert"", ""desert snake"", ""dune machine"", ""sand snake machine"", ""desert machine"", ""colossal machine"", ""futuristic engineering"", ""giant snake machine"", ""desert dune machine"", ""sand dunes"", ""AI generated machine"", ""cinematic AI""]",2026-09-24 15:21:37.457497
354,Ice Sheet Serpent,65,Snake,Biology,new,10,1,1,Ice Sheet Serpent Breaks Through a Glacier,"[""ice sheet"", ""ice sheet breaking"", ""ice sheet serpent"", ""ice sheet machine"", ""glacier breaking"", ""glacier machine"", ""mechanical snake"", ""giant snake machine"", ""futuristic engineering"", ""colossal machine"", ""ice breaking machine"", ""AI generated video"", ""cinematic AI"", ""mega machine"", ""ice serpent""]",2026-09-24 15:21:37.460337
355,Stormcoil Sky Serpent,65,Snake,Biology,new,10,1,1,Snake Machine Turns Into a Giant Storm Rotor,"[""snake machine"", ""snake in machine"", ""giant snake machine"", ""mechanical snake"", ""futuristic snake"", ""storm serpent"", ""sky serpent"", ""giant machine"", ""futuristic engineering"", ""colossal machine"", ""AI generated machine"", ""cinematic AI"", ""atmospheric rotor"", ""thunderstorm machine""]",2026-09-24 15:21:37.462052
356,Cavern Tectonic Borer,25,Cave,Environment,new,10,1,1,Cavern Tectonic Borer: The Future of Cave Exploration Machines,"[""cave exploration"", ""cave exploration video"", ""cave machine"", ""cavern machine"", ""cave excavator"", ""underground machine"", ""future engineering"", ""futuristic machine"", ""rock drilling machine"", ""tunnel boring machine"", ""underground construction"", ""megaproject machine"", ""cavern exploration"", ""AI generated machine"", ""science technology""]",2026-09-24 15:24:34.524755
357,Abyssal Cave Folding Engine,25,Cave,Environment,new,10,1,1,Abyssal Cave Exploration: The Machine That Folds a Mega Cave,"[""cave exploration"", ""cave exploration video"", ""abyssal cave"", ""futuristic machine"", ""giant machine"", ""underground machine"", ""cave exploration videos"", ""cave technology"", ""mega structure"", ""colossal machine"", ""future engineering"", ""AI cinematic short"", ""cave simulation"", ""futuristic engineering"", ""underground megastructure""]",2026-09-24 15:24:34.526120
358,Infernal Magma Vent Harvester,25,Cave,Environment,new,10,1,1,Giant Cave Exploration Machine Redirects a Magma Lake,"[""cave exploration"", ""cave exploration video"", ""futuristic cave machine"", ""volcanic cave"", ""magma machine"", ""underground machine"", ""giant machine"", ""future engineering"", ""megascale machine"", ""AI generated cinematic"", ""cave exploring"", ""subterranean engineering""]",2026-09-24 15:24:34.527483
359,Subterranean Cathedral Builder,25,Cave,Environment,new,10,1,1,Subterranean Cathedral Builder: The Ultimate Cave Construction Machine,"[""subterranean cathedral"", ""cave construction machine"", ""underground construction"", ""cave exploration"", ""underground cathedral"", ""futuristic machine"", ""giant construction machine"", ""cave exploration video"", ""subterranean construction"", ""underground megastructure"", ""futuristic engineering"", ""AI generated machine"", ""colossal machine"", ""cave technology""]",2026-09-24 15:24:34.528426
360,Cavern Atmospheric Turbine,25,Cave,Environment,new,10,1,1,Cave Exploration Machine: The Colossal Atmospheric Turbine,"[""cave exploration machine"", ""cave exploration video"", ""cave exploration videos"", ""cave machine"", ""cavern turbine"", ""atmospheric turbine"", ""giant turbine"", ""futuristic engineering"", ""mega machine"", ""underground machine"", ""cave technology"", ""colossal machine"", ""cave exploration vr"", ""science technology"", ""cinematic engineering""]",2026-09-24 15:24:34.529311
361,Karst Ocean Displacement Engine,25,Cave,Environment,new,10,1,1,Cave Engine That Moves an Entire Underground Lake,"[""cave engine"", ""underground lake"", ""cave exploration"", ""karst landscape"", ""karst cave"", ""cave machine"", ""futuristic engineering"", ""giant machine"", ""hydraulic machine"", ""cave diving"", ""underground water"", ""subterranean engineering"", ""megastucture"", ""AI cinematic short""]",2026-09-24 15:24:34.530208
362,Stalactite Cyclone Forge,25,Cave,Environment,new,10,1,1,Stalactite Cave Machine Creates a Cyclone of Stone,"[""stalactite cave"", ""stalactite and stalagmite caves"", ""cave exploration"", ""cave exploration video"", ""cave machine"", ""futuristic machine"", ""underground machine"", ""cave engineering"", ""giant machine"", ""robotic arms machine"", ""future technology"", ""subterranean megastructure"", ""AI cinematic short"", ""cave technology""]",2026-09-24 15:24:34.531254
363,Cavequake Resonance Driver,25,Cave,Environment,new,10,1,1,Cavequake Resonance Driver: The Machine That Shakes a Cave,"[""cave exploration"", ""cave exploration video"", ""cave machine"", ""underground machine"", ""futuristic engineering"", ""resonance machine"", ""cave technology"", ""cave construction machine"", ""underground engineering"", ""giant machine"", ""colossal machines"", ""future technology"", ""AI cinematic short"", ""megastucture machine""]",2026-09-24 15:24:34.532857
364,Abyssal Spiral Lift,25,Cave,Environment,new,10,1,1,Abyssal Spiral Lift: The Future of Cave Exploration Machines,"[""cave exploration"", ""cave exploration video"", ""cave exploration machine"", ""cave exploring"", ""underground machine"", ""futuristic engineering"", ""giant machine"", ""colossal machines"", ""cave technology"", ""underground construction"", ""mechanical megastructure"", ""future engineering"", ""AI cinematic short""]",2026-09-24 15:24:34.533995
365,Cavern Horizon Crusher,25,Cave,Environment,new,10,1,1,Cave Exploration Machine Crushes an Entire Cavern Corridor,"[""cave exploration machine"", ""cave exploration video"", ""cave machine"", ""cavern machine"", ""cave cavern"", ""futuristic engineering"", ""underground machine"", ""giant machine"", ""mega structure"", ""sci fi machine"", ""cave exploring"", ""cavern exploration"", ""AI generated cinematic"", ""underground construction""]",2026-09-24 15:24:34.534848
366,Abyssal Tide Ram,46,Tsunami,Weather,new,10,1,1,Abyssal Tide Ram: The Tsunami Control Machine,"[""tsunami"", ""tsunami machine"", ""tsunami control machine"", ""tsunami defense system"", ""future technology"", ""futuristic machine"", ""giant machine"", ""mega machine"", ""ocean engineering"", ""underwater machine"", ""colossal engineering"", ""AI generated cinematic"", ""science and technology"", ""future engineering""]",2026-09-24 15:28:37.530049
367,Oceanic Wave Loom,46,Tsunami,Weather,new,10,1,1,Tsunami Wave Machine: The Oceanic Wave Loom Explained,"[""tsunami wave machine"", ""wave machine tsunami"", ""tsunami machine"", ""futuristic ocean engineering"", ""mega structure machine"", ""giant machine concept"", ""tsunami technology"", ""future engineering"", ""ocean machine"", ""massive wave control machine"", ""AI generated engineering"", ""colossal machines"", ""future technology"", ""tsunami wave concept""]",2026-09-24 15:28:37.534707
368,Tsunami Spine Drill,46,Tsunami,Weather,new,10,1,1,Tsunami Spine Drill: The Machine That Splits a Giant Wave,"[""tsunami"", ""tsunami wave"", ""tsunami animation"", ""tsunami machine"", ""tsunami drill"", ""futuristic engineering"", ""giant machine"", ""underwater machine"", ""ocean technology"", ""megastucture"", ""future technology"", ""AI generated video"", ""cinematic tsunami"", ""tsunami simulation"", ""engineering concept""]",2026-09-24 15:28:37.536927
369,Monsoon Breaker Wheel,46,Tsunami,Weather,new,10,1,1,Tsunami Breaker Wheel: The Mega Machine That Redirects Waves,"[""tsunami"", ""tsunami machine"", ""tsunami breaker wheel"", ""tsunami in japan"", ""tsunami technology"", ""future technology"", ""futuristic machine"", ""mega structure"", ""giant machine"", ""ocean engineering"", ""wave breaker machine"", ""disaster control technology"", ""AI generated cinematic"", ""colossal engineering"", ""planetary scale machine""]",2026-09-24 15:28:37.538155
370,Tidal Compression Forge,46,Tsunami,Weather,new,10,1,1,Tsunami Compression Forge: The Machine That Controls Mega Waves,"[""tsunami"", ""tsunami machine"", ""tsunami barrier"", ""tsunami technology"", ""future engineering"", ""futuristic machine"", ""mega structure"", ""giant machine"", ""ocean engineering"", ""wave control machine"", ""hydraulic machine"", ""AI generated engineering"", ""futuristic technology"", ""science and technology"", ""colossal machines""]",2026-09-24 15:28:37.540225
371,Horizon Wave Catapult,46,Tsunami,Weather,new,10,1,1,Tsunami Wave Machine: The Horizon Wave Catapult Explained,"[""tsunami wave machine"", ""tsunami wave tank"", ""horizon wave"", ""wave machine tsunami"", ""tsunami machine"", ""future engineering"", ""giant machine"", ""mega structure"", ""ocean engineering"", ""tsunami technology"", ""futuristic machine"", ""colossal machines"", ""AI generated cinematic"", ""tsunami wave simulation""]",2026-09-24 15:28:37.541605
372,Seabed Tsunami Anvil,46,Tsunami,Weather,new,10,1,1,Seabed Tsunami Anvil: The Machine That Reshapes a Tsunami,"[""tsunami"", ""tsunami wave"", ""tsunami machine"", ""future technology"", ""futuristic engineering"", ""giant machine"", ""underwater machine"", ""seabed engineering"", ""ocean engineering"", ""mega structure"", ""tsunami control concept"", ""deep sea technology"", ""colossal machine"", ""science technology"", ""AI cinematic""]",2026-09-24 15:28:37.542962
373,Cyclonic Surge Engine,46,Tsunami,Weather,new,10,1,1,Cyclonic Surge Engine: The Tsunami-Control Machine Concept,"[""tsunami"", ""tsunami machine"", ""tsunami control machine"", ""cyclonic surge engine"", ""future engineering"", ""ocean engineering"", ""giant machine concept"", ""artificial ocean vortex"", ""mega structure"", ""futuristic technology"", ""wave control technology"", ""underwater machine"", ""AI generated engineering"", ""science technology"", ""ocean vortex""]",2026-09-24 15:28:37.544408
374,Pacific Wave Furnace,46,Tsunami,Weather,new,10,1,1,Tsunami Wave Machine: The Pacific Wave Furnace Explained,"[""tsunami wave machine"", ""tsunami"", ""pacific wave"", ""wave machine tsunami"", ""tsunami wave"", ""futuristic engineering"", ""giant machine"", ""underwater machine"", ""ocean megastructure"", ""future technology"", ""tsunami simulation"", ""massive wave"", ""AI generated cinematic"", ""science technology"", ""colossal machines""]",2026-09-24 15:28:37.545357
375,Continental Surge Splitter,46,Tsunami,Weather,new,10,1,1,Tsunami Splitter Machine: Can This Megastructure Divide a Wave?,"[""tsunami"", ""tsunami machine"", ""tsunami splitter"", ""tsunami wave"", ""tsunami simulation"", ""future technology"", ""underwater megastructure"", ""ocean engineering"", ""giant machine"", ""futuristic engineering"", ""tsunami defense concept"", ""AI generated tsunami"", ""massive machine simulation"", ""seabed machine""]",2026-09-24 15:28:37.546264
376,Tectonic Crocodile Ram,66,Reptile,Biology,new,10,1,1,Tectonic Crocodile Ram: A Reptile Machine That Moves Mountains,"[""tectonic crocodile ram"", ""crocodile machine"", ""reptile machine"", ""tectonic machine"", ""colossal machine"", ""futuristic engineering"", ""giant reptile machine"", ""mountain moving machine"", ""rock breaking machine"", ""bedrock machine"", ""hydraulic machine"", ""cinematic machine"", ""AI generated machine""]",2026-09-24 15:50:10.476064
377,Solar Iguana Thermal Harvester,66,Reptile,Biology,new,10,1,1,Solar Harvester Iguana: A Thermal Machine Crawling Across the Desert,"[""solar harvester"", ""solar harvester machine"", ""solar thermal machine"", ""thermal harvester"", ""solar powered machine"", ""futuristic machine"", ""colossal machine"", ""giant reptile machine"", ""iguana machine"", ""solar energy machine"", ""thermal energy harvesting"", ""futuristic engineering"", ""desert machine"", ""AI generated machine"", ""reptile machine""]",2026-09-24 15:50:10.480064
378,Abyssal Sea Turtle Pressure Forge,66,Reptile,Biology,new,10,1,1,Abyssal Sea Turtle Pressure Forge: A Colossal Reptile Machine,"[""abyssal sea turtle"", ""sea turtle machine"", ""reptile machine"", ""abyssal turtle"", ""pressure forge"", ""colossal machine"", ""futuristic engineering"", ""mechanical reptile"", ""ocean trench machine"", ""underwater machine"", ""AI generated reptile"", ""cinematic AI"", ""giant sea turtle"", ""megascale machine""]",2026-09-24 15:50:10.481859
379,Volcanic Komodo Magma Shepherd,66,Reptile,Biology,new,10,1,1,Volcanic Magma Shepherd: The Komodo Machine Redirecting Lava,"[""volcanic magma"", ""volcanic magma machine"", ""Komodo machine"", ""Komodo dragon machine"", ""volcanic machine"", ""lava machine"", ""magma machine"", ""redirecting lava"", ""volcanic crater"", ""volcanic engineering"", ""colossal machine"", ""futuristic engineering"", ""reptile machine"", ""lava manipulation"", ""volcanic vents""]",2026-09-24 15:50:10.483851
380,Continental Gecko Shear Climber,66,Reptile,Biology,new,10,1,1,Reptile Mega-Machine Climbs a Mountain Wall Like a Gecko,"[""reptile"", ""reptile machine"", ""reptile facts"", ""gecko"", ""gecko climbing"", ""gecko inspired machine"", ""climbing machine"", ""mountain climbing machine"", ""colossal machine"", ""futuristic engineering"", ""mechanical adhesion"", ""shear climbing"", ""mega machine"", ""reptile inspired machine""]",2026-09-24 15:50:10.485619
381,Crocodile Delta Gatebreaker,66,Reptile,Biology,new,10,1,1,Crocodile Delta Gatebreaker | Giant Reptile Machine Reshapes a River,"[""reptile"", ""crocodile"", ""crocodile machine"", ""giant crocodile machine"", ""reptile machine"", ""crocodile delta"", ""river delta machine"", ""futuristic engineering"", ""colossal machine"", ""hydraulic machine"", ""sediment engineering"", ""delta engineering"", ""futuristic machine""]",2026-09-24 15:50:10.488663
382,Titan Monitor Windmill,66,Reptile,Biology,new,10,1,1,Titan Monitor Windmill: A Reptile That Becomes a Storm Rotor,"[""titan monitor"", ""titan monitor man"", ""titan monitor windmill"", ""titan monitor machine"", ""titan monitor reptile"", ""giant reptile machine"", ""reptile machine"", ""futuristic reptile"", ""storm machine"", ""colossal machine"", ""futuristic engineering"", ""wind powered machine"", ""storm rotor"", ""giant windmill"", ""AI cinematic""]",2026-09-24 15:50:10.489961
383,Desert Tortoise Crust Press,66,Reptile,Biology,new,10,1,1,Desert Tortoise Crust Presses the Earth Into Hardened Platforms,"[""desert tortoise"", ""desert tortoise habitat"", ""desert tortoise documentary"", ""desert tortoise machine"", ""desert tortoise press"", ""crust press"", ""futuristic engineering"", ""colossal machine"", ""megstructure"", ""geological machine"", ""desert machine"", ""reptile machine"", ""future technology"", ""cinematic machine""]",2026-09-24 15:50:10.491554
384,River-Canyon Anaconda Borer,66,Reptile,Biology,new,10,1,1,River-Canyon Anaconda Borer: A Mechanical Snake Carves a Canyon,"[""river canyon anaconda borer"", ""anaconda borer"", ""river canyon machine"", ""canyon boring machine"", ""mechanical snake"", ""giant snake machine"", ""colossal machine"", ""futuristic engineering"", ""canyon excavation"", ""geological engineering"", ""megastucture machine"", ""reptile machine"", ""AI engineering""]",2026-09-24 15:50:10.494221
385,Basilisk Glacier Splitter,66,Reptile,Biology,new,10,1,1,Basilisk Reptile Machine Splits a Glacier,"[""reptile"", ""basilisk"", ""reptile machine"", ""basilisk machine"", ""reptile misting machine"", ""mechanical reptile"", ""giant reptile machine"", ""futuristic machine"", ""colossal machine"", ""glacier machine"", ""glacier splitter"", ""futuristic engineering"", ""AI cinematic short"", ""giant machine"", ""glacier""]",2026-09-24 15:50:10.496252
386,Terran Orbital Tectonic Hammer,47,Earth,Space,new,10,1,1,Terran Orbital Tectonic Hammer: Earth’s Ultimate Mega Machine,"[""terran orbital"", ""terran orbital tectonic hammer"", ""orbital machine"", ""earth machine"", ""futuristic machine"", ""colossal machine"", ""mega structure"", ""planetary machine"", ""earth technology"", ""future engineering"", ""tectonic machine"", ""orbital megastructure"", ""ai generated science"", ""futuristic engineering"", ""earth defense machine""]",2026-09-24 15:52:00.070027
387,Planetary Mantle Gyroscope,47,Earth,Space,new,10,1,1,Planetary Mantle Gyroscope: The Machine That Twists Earth,"[""planetary mantle gyroscope"", ""earth from space"", ""earth machine concept"", ""planetary engineering"", ""future technology"", ""giant machine"", ""colossal megastructure"", ""earth science"", ""geological machine"", ""mantle rotation"", ""gyroscope machine"", ""futuristic engineering"", ""AI generated science"", ""earth transformation"", ""impossible machines""]",2026-09-24 15:52:00.071843
388,Core-Bore Starship,47,Earth,Space,new,10,1,1,Earth Core Boring Starship: A Machine That Reaches the Planet's Center,"[""earth core"", ""earth core machine"", ""core boring starship"", ""earth drilling machine"", ""giant machine concept"", ""futuristic engineering"", ""earth from space"", ""planetary machine"", ""deep earth technology"", ""megascale engineering"", ""sci fi machine"", ""AI generated cinematic"", ""future technology"", ""earth excavation concept""]",2026-09-24 15:52:00.073218
389,Equatorial Crustal Slingshot,47,Earth,Space,new,10,1,1,Equatorial Crustal Slingshot: The Machine That Moves Earth’s Crust,"[""earth from space"", ""earth machine"", ""planetary engineering"", ""equatorial slingshot"", ""earth crust movement"", ""tectonic plates"", ""future technology"", ""giant machine concept"", ""planet scale machine"", ""megastructure"", ""orbital machine"", ""futuristic engineering"", ""science fiction technology"", ""earth simulation""]",2026-09-24 15:52:00.074477
390,Terrestrial Mass Driver Crown,47,Earth,Space,new,10,1,1,Terrestrial Mass Driver Crown: Earth's Ultimate Orbital Machine,"[""Terrestrial Mass Driver Crown"", ""earth machine"", ""planetary engineering"", ""orbital machine"", ""futuristic engineering"", ""giant machine concept"", ""earth modification"", ""mass driver"", ""space megastructure"", ""orbital accelerator"", ""future technology"", ""planetary scale machine"", ""AI cinematic visualization"", ""mega structure"", ""earth drilling machine""]",2026-09-24 15:52:00.075411
391,Lithosphere Wave Weaver,47,Earth,Space,new,10,1,1,Lithosphere Wave Weaver — The Earth Machine You've Never Seen,"[""Lithosphere Wave Weaver"", ""the natural realms of the earth lithosphere 9th class"", ""earth auger machine how to use"", ""earth angel back to the future"", ""last day on earth machine gun"", ""machine gun earth wind and fire"", ""earth auger machine for rent"", ""earth drilling machine for water"", ""earth wind and fire september"", ""earth and owl"", ""earth below us drifting falling"", ""Earth machine"", ""impossible engineering"", ""AI generated video"", ""megastructure""]",2026-09-24 15:52:00.076421
392,Polar Axis Earth Rotor,47,Earth,Space,new,10,1,1,Polar Axis Earth Rotor — The Earth Machine You've Never Seen,"[""Polar Axis Earth Rotor"", ""polar axis of earth"", ""polar axis shift"", ""polar axis"", ""earth auger machine how to use"", ""earth angel back to the future"", ""last day on earth machine gun"", ""machine gun earth wind and fire"", ""earth auger machine for rent"", ""earth drilling machine for water"", ""earth wind and fire september"", ""Earth machine"", ""impossible engineering"", ""AI generated video"", ""megastructure""]",2026-09-24 15:52:00.077589
393,Subcrustal Vacuum Plow,47,Earth,Space,new,10,1,1,Subcrustal Vacuum Plow — The Earth Machine You've Never Seen,"[""Subcrustal Vacuum Plow"", ""how to plow with a v plow"", ""plowing with a v plow"", ""plowing with v plow"", ""earth auger machine how to use"", ""earth angel back to the future"", ""last day on earth machine gun"", ""machine gun earth wind and fire"", ""ventrac v plow"", ""potato plow for garden tractor"", ""earth auger machine for rent"", ""Earth machine"", ""impossible engineering"", ""AI generated video"", ""megastructure""]",2026-09-24 15:52:00.078634
394,Continental Orbit Tether Engine,47,Earth,Space,new,10,1,1,Continental Orbit Tether Engine — The Earth Machine You've Never Seen,"[""Continental Orbit Tether Engine"", ""continental cd 300 engine"", ""continental a65 engine"", ""continental cd-300 jet-a engine"", ""earth auger machine engine oil change"", ""google earth engine machine learning"", ""earth auger machine how to use"", ""earth angel back to the future"", ""world engine machine block stoneblock 4"", ""last day on earth machine gun"", ""machine gun earth wind and fire"", ""Earth machine"", ""impossible engineering"", ""AI generated video"", ""megastructure""]",2026-09-24 15:52:00.079517
395,Planetary Crustal Centrifuge,47,Earth,Space,new,10,1,1,Planetary Crustal Centrifuge — The Earth Machine You've Never Seen,"[""Planetary Crustal Centrifuge"", ""earth auger machine how to use"", ""earth angel back to the future"", ""last day on earth machine gun"", ""machine gun earth wind and fire"", ""earth auger machine for rent"", ""earth drilling machine for water"", ""centrifuge in space"", ""earth wind and fire september"", ""earth and owl"", ""earth below us drifting falling"", ""Earth machine"", ""impossible engineering"", ""AI generated video"", ""megastructure""]",2026-09-24 15:52:00.080363
396,Skyline Torsion Loom,26,City,Infrastructure,new,10,1,1,Skyline Torsion Loom — The City Machine You've Never Seen,"[""Skyline Torsion Loom"", ""shuttle loom to rapier loom conversion"", ""city and colour the girl"", ""city essentials small shoulder bag 3l"", ""city of great machine board game"", ""rock city machine co full album"", ""city of angels"", ""city skylines 2"", ""city of god"", ""city and colour"", ""city and color"", ""City machine"", ""impossible engineering"", ""AI generated video"", ""megastructure""]",2026-09-24 15:56:00.923997
397,Metro Mantle Bore,26,City,Infrastructure,new,10,1,1,Metro Mantle Bore — The City Machine You've Never Seen,"[""Metro Mantle Bore"", ""city and colour the girl"", ""city essentials small shoulder bag 3l"", ""city of great machine board game"", ""rock city machine co full album"", ""city of angels"", ""city skylines 2"", ""city of god"", ""city and colour"", ""city and color"", ""city defense z"", ""City machine"", ""impossible engineering"", ""AI generated video"", ""megastructure""]",2026-09-24 15:56:00.930758
398,Civic Gravity Reverser,26,City,Infrastructure,new,10,1,1,Civic Gravity Reverser — The City Machine You've Never Seen,"[""Civic Gravity Reverser"", ""city boy gravity falls"", ""city and colour the girl"", ""city of great machine board game"", ""rock city machine co full album"", ""city essentials small shoulder bag 3l"", ""city machine video"", ""machine city bus itna hi"", ""machine city demi the daredevil"", ""city action ka machine dikhaiye"", ""city skin ka machine dikhaiye"", ""City machine"", ""impossible engineering"", ""AI generated video"", ""megastructure""]",2026-09-24 15:56:00.932240
399,Rivergate Hydraulic Crown,26,City,Infrastructure,new,10,1,1,Rivergate Hydraulic Crown — The City Machine You've Never Seen,"[""Rivergate Hydraulic Crown"", ""city and colour the girl"", ""city essentials small shoulder bag 3l"", ""city of great machine board game"", ""rock city machine co full album"", ""city of angels"", ""city skylines 2"", ""city of god""]",2026-09-24 15:56:00.933533
400,Urban Seismic Counterweight,26,City,Infrastructure,new,10,1,1,Urban Seismic Counterweight — The City Machine You've Never Seen,"[""Urban Seismic Counterweight"", ""city and colour the girl"", ""city essentials small shoulder bag 3l"", ""city of great machine board game"", ""rock city machine co full album"", ""city of angels"", ""city skylines 2"", ""city of god""]",2026-09-24 15:56:00.934775
401,District Compression Engine,26,City,Infrastructure,new,10,1,1,District Compression Engine: The Machine That Shrinks a City,"[""district compression engine"", ""city compression machine"", ""futuristic city machine"", ""mega machine"", ""colossal machine"", ""futuristic engineering"", ""urban compression"", ""city transformation"", ""giant machine technology"", ""impossible engineering"", ""AI generated machine"", ""future technology"", ""megascale engineering""]",2026-09-24 15:56:00.935963
402,Atmospheric Transit Cyclone,26,City,Infrastructure,new,10,1,1,Atmospheric Transit Cyclone: The Future City Moving Machine,"[""atmospheric transit cyclone"", ""future city machine"", ""futuristic city technology"", ""city moving machine"", ""mega machine"", ""colossal machine"", ""future transportation"", ""urban engineering"", ""city skylines"", ""future city concept"", ""giant turbine machine"", ""AI cinematic short"", ""impossible engineering"", ""future infrastructure""]",2026-09-24 15:56:00.937039
403,Subsurface City Uplifter,26,City,Infrastructure,new,10,1,1,The City Machine That Lifts an Entire District From the Ground,"[""city machine"", ""city machine video"", ""futuristic city machine"", ""subsurface city"", ""city lifting machine"", ""mega machine"", ""colossal machine"", ""future engineering"", ""impossible engineering"", ""futuristic megastructure"", ""urban engineering"", ""AI generated city"", ""giant construction machine"", ""future city concept""]",2026-09-24 15:56:00.938117
404,Metropolitan Fracture Driver,26,City,Infrastructure,new,10,1,1,Metropolitan Fracture Driver: The Machine That Splits a City,"[""city"", ""city machine"", ""futuristic machine"", ""giant machine"", ""mega machine"", ""future technology"", ""futuristic engineering"", ""AI generated machine"", ""city transformation"", ""urban engineering"", ""geological engineering"", ""underground machine"", ""colossal machine"", ""sci fi technology""]",2026-09-24 15:56:00.939163
405,Urban Core Flywheel,26,City,Infrastructure,new,10,1,1,The City Machine That Rotates an Entire Downtown,"[""city machine"", ""urban core flywheel"", ""futuristic city machine"", ""giant machine"", ""colossal machine"", ""future engineering"", ""megascale engineering"", ""city technology"", ""future city"", ""underground machine"", ""impossible machines"", ""cinematic AI city"", ""urban engineering""]",2026-09-24 15:56:00.940194
406,Stratospheric Torque Tower,84,Tower,Infrastructure,new,10,1,1,Stratospheric Torque Tower — The Tower Machine You've Never Seen,"[""Stratospheric Torque Tower"", ""suspension tower and tension tower"", ""machine tower circle of the moon"", ""tower of memories"", ""tower of power"", ""tower of terror"", ""tower of babel"", ""tower of god"", ""tower of fantasy"", ""tower and snowy"", ""tower astd x"", ""Tower machine"", ""impossible engineering"", ""AI generated video"", ""megastructure""]",2026-09-24 16:11:10.749485
407,Ocean-Piercing Pressure Tower,84,Tower,Infrastructure,new,10,1,1,Ocean-Piercing Pressure Tower — The Tower Machine You've Never Seen,"[""Ocean-Piercing Pressure Tower"", ""ocean piercing"", ""machine tower circle of the moon"", ""tower defense x war machine factory"", ""tower of luck gambling machine minecraft"", ""tower of memories"", ""tower of power"", ""tower of terror"", ""tower of babel"", ""tower of god"", ""tower of fantasy"", ""Tower machine"", ""impossible engineering"", ""AI generated video"", ""megastructure""]",2026-09-24 16:11:10.750954
408,Atmospheric Hammer Tower,84,Tower,Infrastructure,new,10,1,1,Atmospheric Hammer Tower — The Tower Machine You've Never Seen,"[""Atmospheric Hammer Tower"", ""hammer tower"", ""machine tower circle of the moon"", ""tower of memories"", ""tower of power"", ""tower of terror"", ""tower of babel"", ""tower of god"", ""tower of fantasy"", ""tower and snowy"", ""tower astd x"", ""Tower machine"", ""impossible engineering"", ""AI generated video"", ""megastructure""]",2026-09-24 16:11:10.751959
409,Crustal Excavation Tower,84,Tower,Infrastructure,new,10,1,1,Crustal Excavation Tower — The Tower Machine You've Never Seen,"[""Crustal Excavation Tower"", ""machine tower circle of the moon"", ""tower of memories"", ""tower of power"", ""tower of terror"", ""tower of babel"", ""tower of god"", ""tower of fantasy"", ""tower and snowy"", ""tower astd x"", ""tower collapse 9/11"", ""Tower machine"", ""impossible engineering"", ""AI generated video"", ""megastructure""]",2026-09-24 16:11:10.753008
410,Continental Compression Tower,84,Tower,Infrastructure,new,10,1,1,Continental Compression Tower — The Tower Machine You've Never Seen ⚡,"[""Continental Compression Tower"", ""Tower machine"", ""Tower engineering"", ""impossible engineering"", ""colossal machine"", ""megastructure"", ""futuristic technology"", ""ai animation"", ""8 second render"", ""cinematic machine""]",2026-09-24 16:11:10.754282
411,Gravity Recoil Tower,84,Tower,Infrastructure,new,10,1,1,Gravity Recoil Tower — The Tower Machine You've Never Seen ⚡,"[""Gravity Recoil Tower"", ""Tower machine"", ""Tower engineering"", ""impossible engineering"", ""colossal machine"", ""megastructure"", ""futuristic technology"", ""ai animation"", ""8 second render"", ""cinematic machine""]",2026-09-24 16:11:10.755129
412,Solar Flux Convergence Tower,84,Tower,Infrastructure,new,10,1,1,This Tower Is Reshaping the Earth With Solar Power ☀️,"[""Solar Flux Convergence Tower"", ""solar mega machine"", ""impossible machine"", ""giant solar tower"", ""solar energy machine"", ""future technology"", ""mega engineering"", ""terraforming machine"", ""desert transformation"", ""solar beam"", ""giant machine"", ""sci fi megastructure"", ""extreme engineering"", ""AI generated machine"", ""YouTube Shorts""]",2026-09-24 16:11:10.755962
413,Seismic Resonance Tower,84,Tower,Infrastructure,new,10,1,1,This Tower Reprograms Earth’s Crust in Real Time 🌎,"[""Seismic Resonance Tower"", ""Impossible Machine"", ""Mega Engineering"", ""Tectonic Machine"", ""Earth Manipulation"", ""Seismic Waves"", ""Planetary Engineering"", ""Massive Tower"", ""Science Fiction"", ""Future Technology"", ""AI Generated"", ""Engineering Concept"", ""Geological Transformation"", ""Continental Scale Machine"", ""YouTube Shorts""]",2026-09-24 16:11:10.756762
414,Hydrosphere Transfer Tower,84,Tower,Infrastructure,new,10,1,1,Hydrosphere Transfer Tower Drains Oceans to Create New Seas 🌊,"[""Hydrosphere Transfer Tower"", ""Impossible Machine"", ""Mega Engineering"", ""Megastructure"", ""Tower Machine"", ""Ocean Drainage"", ""Artificial Seas"", ""Planetary Engineering"", ""Sci Fi Engineering"", ""Future Technology"", ""AI Animation"", ""Mechanical Giant"", ""Water Transfer System"", ""Engineering Short"", ""Viral Shorts""]",2026-09-24 16:11:10.757603
415,Planetary Forge Tower,84,Tower,Infrastructure,new,10,1,1,This Tower Melts Mountains and Rebuilds the Planet 🌋,"[""Planetary Forge Tower"", ""impossible machine"", ""giant tower machine"", ""mountain melting machine"", ""planetary engineering"", ""geological transformation"", ""mega structure"", ""future technology"", ""AI generated world"", ""sci fi machine"", ""terraforming machine"", ""colossal engineering"", ""earth transformation"", ""impossible technology""]",2026-09-24 16:11:10.758388
416,Abyssal Octopus Tectonic Loom,67,Octopus,Biology,new,10,1,1,Octopus Machine Reorganizes an Entire Ocean Trench,"[""octopus machine"", ""octopus machine video"", ""octopus"", ""mechanical octopus"", ""giant octopus machine"", ""futuristic machine"", ""futuristic technology"", ""tectonic machine"", ""ocean trench"", ""deep ocean machine"", ""deep sea technology"", ""colossal machine"", ""AI generated video"", ""cinematic AI"", ""Science & Technology""]",2026-09-24 16:13:56.376875
417,Continental Octopus Jet Hammer,67,Octopus,Biology,new,10,1,1,Octopus Machine: The Ultimate Hydraulic Jet Hammer,"[""octopus machine"", ""octopus"", ""octopus machine video"", ""octopus technology"", ""octopus inspired machine"", ""hydraulic jet hammer"", ""futuristic engineering"", ""colossal machine"", ""giant octopus machine"", ""underwater machine"", ""hydraulic machine"", ""futuristic machine"", ""AI generated video"", ""cinematic AI"", ""science technology""]",2026-09-24 16:13:56.378338
418,Eight-Arm Cyclone Shepherd,67,Octopus,Biology,new,10,1,1,Octopus Machine Reshapes a Cyclone With 8 Giant Arms,"[""octopus machine"", ""octopus machine video"", ""octopus"", ""cyclone machine"", ""cyclone"", ""storm machine"", ""futuristic engineering"", ""giant machine"", ""colossal machine"", ""weather machine"", ""atmospheric engineering"", ""mechanical octopus"", ""AI generated machine"", ""futuristic technology"", ""extreme weather""]",2026-09-24 16:13:56.379470
419,Octopus Rift Gate,67,Octopus,Biology,new,10,1,1,Octopus Rift: The Machine That Tears an Island Apart,"[""octopus rift"", ""octopus machine"", ""octopus machine video"", ""octopus"", ""mechanical octopus"", ""giant octopus machine"", ""octopus engineering"", ""futuristic engineering"", ""colossal machine"", ""geological machine"", ""rift machine"", ""volcanic island"", ""mechanical tentacles"", ""AI generated machine"", ""cinematic AI video""]",2026-09-24 16:13:56.381337
420,Pelagic Octopus Current Bender,67,Octopus,Biology,new,10,1,1,Pelagic Octopus Machine Bends Ocean Currents,"[""pelagic octopus"", ""octopus machine"", ""octopus machine video"", ""octopus"", ""ocean currents"", ""current bender"", ""ocean engineering"", ""hydrodynamic machine"", ""underwater machine"", ""futuristic engineering"", ""giant octopus machine"", ""ocean current manipulation"", ""underwater technology"", ""AI generated cinematic"", ""hydrodynamic manipulation""]",2026-09-24 16:13:56.382487
421,Octopus Magma Injector,67,Octopus,Biology,new,10,1,1,Octopus Machine Injects Magma Through a Volcano,"[""octopus machine video"", ""octopus machine"", ""octopus magma machine"", ""magma machine"", ""magma injector"", ""volcano machine"", ""volcanic engineering"", ""lava machine"", ""lava flow"", ""magma"", ""volcano"", ""colossal machine"", ""futuristic engineering"", ""AI generated video""]",2026-09-24 16:13:56.383361
422,Octopus Glacier Pulse Engine,67,Octopus,Biology,new,10,1,1,Octopus Machine Pulses Through a Glacier,"[""octopus machine"", ""octopus machine video"", ""octopus glacier"", ""glacier machine"", ""octopus engine"", ""mechanical octopus"", ""futuristic engineering"", ""colossal machine"", ""glacier technology"", ""AI generated machine"", ""giant octopus machine"", ""octopus technology""]",2026-09-24 16:13:56.384264
423,Octopus Canyon Spiral Forge,67,Octopus,Biology,new,10,1,1,Octopus Machine Twists an Entire Canyon in a Spiral,"[""octopus machine"", ""octopus machine video"", ""octopus"", ""octopus inspired machine"", ""octopus technology"", ""futuristic machine"", ""futuristic engineering"", ""colossal machine"", ""giant machine"", ""AI generated machine"", ""cinematic AI"", ""mechanical engineering"", ""canyon machine"", ""canyon reshaping""]",2026-09-24 16:13:56.385111
424,Octopus Oceanic Vacuum Crown,67,Octopus,Biology,new,10,1,1,Octopus Machine: The Oceanic Vacuum Crown,"[""octopus machine"", ""octopus machine video"", ""octopus"", ""octopus inspired machine"", ""ocean machine"", ""deep ocean machine"", ""futuristic machine"", ""futuristic engineering"", ""giant octopus machine"", ""underwater machine"", ""deep ocean"", ""ocean engineering"", ""seafloor machine"", ""AI generated video"", ""cinematic AI""]",2026-09-24 16:13:56.385933
425,Octopus Reef Architect,67,Octopus,Biology,new,10,1,1,Octopus Reef Machine: The Ultimate Reef Architect,"[""octopus reef"", ""octopus reef machine"", ""octopus machine video"", ""octopus machine"", ""reef architect"", ""artificial reef"", ""coral reef"", ""octopus on ocean floor"", ""futuristic engineering"", ""underwater machine"", ""colossal machine"", ""reef reconstruction"", ""octopus technology"", ""AI generated short""]",2026-09-24 16:13:56.386752
426,Planetary Mantle Spiral Ram,48,Planet,Space,new,10,1,1,Planetary Mantle Spiral Ram: The Ultimate Planet Machine,"[""planetary mantle spiral ram"", ""planetary engineering"", ""planet machine"", ""planetary machine"", ""giant machine concept"", ""futuristic engineering"", ""orbital megastructure"", ""planetary megastructure"", ""sci fi machine"", ""alien technology"", ""future technology"", ""massive machines"", ""planet deformation"", ""AI generated cinematic"", ""colossal machines""]",2026-09-24 16:16:52.464441
427,Atmospheric Compression Halo,48,Planet,Space,new,10,1,1,Atmospheric Compression Halo: The Machine That Moves a Planet's Air,"[""Atmospheric Compression Halo"", ""atmospheric machine"", ""planetary engineering"", ""orbital megastructure"", ""planetary machine"", ""future technology"", ""giant space machine"", ""mega structure concept"", ""atmospheric compression"", ""planet scale machine"", ""futuristic engineering"", ""AI cinematic visualization"", ""space technology concept"", ""planet transformation"", ""colossal machines""]",2026-09-24 16:16:52.472090
428,Continental Gear Harrow,48,Planet,Space,new,10,1,1,Continental Gear Harrow: The Ultimate Planet-Scale Tillage Machine,"[""continental gear harrow"", ""gear harrow machine"", ""giant harrow machine"", ""planetary engineering"", ""planet scale machine"", ""futuristic machine"", ""colossal machines"", ""mega structure"", ""giant farming machine"", ""disc harrow"", ""rotary harrow"", ""futuristic engineering"", ""AI generated machine"", ""science technology short""]",2026-09-24 16:16:52.474720
429,Oceanic Gyro Plunger,48,Planet,Space,new,10,1,1,Oceanic Gyro Plunger: Planet-Scale Hydraulic Machine,"[""Oceanic Gyro Plunger"", ""oceanic machine"", ""planet scale machine"", ""giant hydraulic machine"", ""futuristic engineering"", ""mega structure"", ""planet engineering"", ""giant machines"", ""futuristic machine concept"", ""AI generated engineering"", ""ocean technology"", ""hydraulic system"", ""planetary engineering""]",2026-09-24 16:16:52.478619
430,Planetary Crust Folding Loom,48,Planet,Space,new,10,1,1,Planetary Crust Folding Loom: A Planet-Scale Machine,"[""planetary crust folding loom"", ""planetary engineering"", ""planet scale machine"", ""planetary machine"", ""crust folding machine"", ""futuristic engineering"", ""giant machine"", ""mega structure"", ""geological folds"", ""planetary megastructure"", ""orbital machine"", ""crust deformation"", ""futuristic technology"", ""cinematic engineering""]",2026-09-24 16:16:52.480648
431,Polar Mass-Reaction Hammer,48,Planet,Space,new,10,1,1,Polar Mass-Reaction Hammer: A Planet-Sized Power Machine,"[""planet power hammer machine"", ""planet power hammer drill machine"", ""planet hammer machine"", ""planetary engineering machine"", ""planet sized machine"", ""giant machine concept"", ""futuristic engineering"", ""alien megastructure"", ""massive industrial machine"", ""planet technology"", ""future machines"", ""AI cinematic science"", ""colossal machine"", ""planetary technology""]",2026-09-24 16:16:52.483373
432,Magnetosphere Torsion Engine,48,Planet,Space,new,10,1,1,Magnetosphere Torsion Engine: A Planet-Scale Magnetic Machine,"[""magnetosphere torsion engine"", ""magnetosphere"", ""planetary engineering"", ""planet scale machine"", ""futuristic engineering"", ""mega structure"", ""orbital megastructure"", ""magnetic field machine"", ""superconducting rings"", ""torsion engine"", ""space technology"", ""planet machine"", ""future technology"", ""science visualization"", ""colossal machines""]",2026-09-24 16:16:52.484752
433,Planetary Core Flywheel,48,Planet,Space,new,10,1,1,Planetary Core Flywheel: The Machine That Moves a World,"[""planetary flywheel"", ""planetary engine"", ""planetary machine"", ""planetary core machine"", ""futuristic engineering"", ""mega structure"", ""colossal machine"", ""giant machine concept"", ""future technology"", ""orbital machine"", ""flywheel mechanism"", ""planet engineering"", ""sci fi technology"", ""AI generated cinematic"", ""advanced mechanical systems""]",2026-09-24 16:16:52.485890
434,Tidal Lever Crown,48,Planet,Space,new,10,1,1,Tidal Lever Crown: A Planet-Scale Orbital Machine,"[""tidal lever crown"", ""planet scale machine"", ""planetary engineering"", ""orbital machine"", ""futuristic megastructure"", ""giant machine concept"", ""space engineering"", ""moon planet machine"", ""orbital mechanics"", ""future technology"", ""colossal machines"", ""sci fi engineering"", ""planet machine"", ""mechanical megastructure""]",2026-09-24 16:16:52.486822
435,Day-Night Terminator Cutter,48,Planet,Space,new,10,1,1,Day Night Terminator: Planet Power Cutter Machine Explained,"[""day night terminator"", ""planet power cutter machine"", ""planet cutter machine"", ""futuristic machine"", ""planetary megastructure"", ""giant machine concept"", ""alien technology"", ""future engineering"", ""planet machine"", ""orbital machine"", ""day night boundary"", ""science technology"", ""AI generated cinematic"", ""colossal machine"", ""future technology concept""]",2026-09-24 16:16:52.488650
436,Tectonic Spine Skyscraper,27,Skyscraper,Infrastructure,new,10,1,1,Tectonic Spine Skyscraper: The Building That Moves the Earth,"[""skyscraper"", ""future skyscraper"", ""futuristic skyscraper"", ""tectonic skyscraper"", ""mega structure"", ""megastructure"", ""future engineering"", ""giant machine"", ""AI generated skyscraper"", ""impossible architecture"", ""moving skyscraper"", ""city transformation machine"", ""underground machine"", ""cinematic AI"", ""future city""]",2026-09-24 16:23:11.704021
437,Atmospheric Compression Tower,27,Skyscraper,Infrastructure,new,10,1,1,Atmospheric Compression Tower: The Skyscraper That Controls Air,"[""atmospheric compression tower"", ""atmospheric cooling tower"", ""skyscraper"", ""futuristic skyscraper"", ""future city"", ""megastucture"", ""futuristic engineering"", ""giant machine"", ""skyscraper building"", ""tower design"", ""architectural machine"", ""AI generated skyscraper"", ""cinematic futuristic technology""]",2026-09-24 16:23:11.710581
438,Vertical Gravity Hammer Tower,27,Skyscraper,Infrastructure,new,10,1,1,Vertical Gravity Hammer Tower: The Skyscraper That Strikes Earth,"[""vertical gravity hammer tower"", ""gravity hammer tower"", ""futuristic skyscraper"", ""skyscraper machine"", ""giant skyscraper"", ""future architecture"", ""mega structure"", ""colossal machine"", ""impossible engineering"", ""AI futuristic city"", ""sci fi skyscraper"", ""future technology"", ""giant machine concept"", ""vertical tower design""]",2026-09-24 16:23:11.712216
439,Skyscraper Ocean Displacement Engine,27,Skyscraper,Infrastructure,new,10,1,1,Skyscraper Ocean Displacement Engine: A Tower That Moves the Sea,"[""skyscraper ocean displacement engine"", ""skyscraper"", ""futuristic skyscraper"", ""ocean displacement"", ""future engineering"", ""mega structure"", ""colossal machine"", ""hydraulic machine"", ""futuristic architecture"", ""AI generated skyscraper"", ""impossible engineering"", ""underwater machine"", ""future megastructure"", ""cinematic AI"", ""science technology""]",2026-09-24 16:23:11.717096
440,Urban Folding Skyscraper,27,Skyscraper,Infrastructure,new,10,1,1,Urban Folding Skyscraper: The Building Machine That Moves a City,"[""skyscraper building machine"", ""urban folding skyscraper"", ""futuristic skyscraper"", ""folding skyscraper"", ""future city machine"", ""mega structure"", ""megastructure"", ""future architecture"", ""transforming skyscraper"", ""mechanical skyscraper"", ""AI generated skyscraper"", ""city transformation machine"", ""impossible architecture""]",2026-09-24 16:23:11.718302
441,Solar Momentum Reactor Tower,27,Skyscraper,Infrastructure,new,10,1,1,Solar Power Tower Becomes a Rotating Momentum Engine,"[""solar power tower"", ""solar tower power plant"", ""solar power tower explanation"", ""solar energy tower"", ""futuristic skyscraper"", ""future megastructure"", ""rotating skyscraper"", ""solar powered skyscraper"", ""giant machine"", ""futuristic engineering"", ""AI generated architecture"", ""cinematic megastructure"", ""future technology"", ""renewable energy concept""]",2026-09-24 16:23:11.719361
442,Subterranean Anchor Destroyer Tower,27,Skyscraper,Infrastructure,new,10,1,1,Subterranean Anchor Destroyer Tower: The Skyscraper That Moves Earth,"[""subterranean anchor destroyer tower"", ""skyscraper"", ""futuristic skyscraper"", ""skyscraper construction"", ""underground machine"", ""giant drilling machine"", ""future engineering"", ""megastructure"", ""futuristic architecture"", ""AI generated skyscraper"", ""underground construction"", ""geological engineering"", ""colossal machine"", ""future technology""]",2026-09-24 16:23:11.723001
443,Storm Propulsion Skyscraper,27,Skyscraper,Infrastructure,new,10,1,1,Storm Propulsion Skyscraper: The Building That Moves Weather,"[""storm skyscraper"", ""storm propulsion skyscraper"", ""skyscraper building machine"", ""futuristic skyscraper"", ""weather machine"", ""future engineering"", ""megastucture"", ""giant machine"", ""atmospheric engineering"", ""rotating skyscraper"", ""storm in skyscraper"", ""AI architecture"", ""future city technology""]",2026-09-24 16:23:11.727989
444,Crystal Growth Construction Tower,27,Skyscraper,Infrastructure,new,10,1,1,Crystal Construction Tower Grows a Futuristic Skyscraper From the Ground,"[""crystal construction"", ""crystal growth"", ""crystal growth simulation"", ""crystal growth chamber"", ""skyscraper construction"", ""skyscraper construction time lapse"", ""futuristic skyscraper"", ""construction tower"", ""future architecture"", ""megastucture"", ""AI architecture"", ""cinematic AI video"", ""futuristic engineering"", ""impossible construction"", ""crystal skyscraper""]",2026-09-24 16:23:11.729122
445,Quantum Rotation Megatower,27,Skyscraper,Infrastructure,new,10,1,1,Quantum Rotation Megatower: The Skyscraper That Starts Rotating,"[""quantum rotation megatower"", ""rotating skyscraper"", ""skyscraper"", ""futuristic skyscraper"", ""future architecture"", ""megastucture"", ""mega structure"", ""impossible engineering"", ""futuristic engineering"", ""AI skyscraper"", ""AI generated architecture"", ""cinematic skyscraper"", ""giant machine"", ""future technology""]",2026-09-24 16:23:11.730165
446,Root Continental Uplifter,68,Root System,Nature,new,10,1,1,Root System of Plants Reimagined as a Giant Machine,"[""root system"", ""root system of plants"", ""root system and shoot system"", ""plant root system"", ""root system drawing"", ""root system machine"", ""giant root machine"", ""futuristic engineering"", ""colossal machines"", ""mega machine"", ""root manipulation"", ""mechanical roots"", ""AI cinematic"", ""impossible machine"", ""forest engineering""]",2026-09-24 16:40:14.908692
447,Root Tectonic Drill Weaver,68,Root System,Nature,new,10,1,1,Root System of Plants Becomes a Tectonic Drill,"[""root system"", ""root system of plants"", ""root system and shoot system"", ""root system project"", ""plant root system"", ""root machine"", ""tree root machine"", ""root weaving"", ""futuristic engineering"", ""colossal machine"", ""tectonic drill"", ""mechanical roots"", ""underground machine"", ""impossible engineering"", ""AI cinematic short""]",2026-09-24 16:40:14.910054
448,Root River Reversal Engine,68,Root System,Nature,new,10,1,1,Root System River Reversal Engine — A Colossal Root Machine,"[""root system"", ""root system of plants"", ""root system machine"", ""root river"", ""root machine"", ""colossal machine"", ""futuristic engineering"", ""future engineering"", ""giant machine"", ""AI generated cinematic"", ""root system and shoot system"", ""plant root system"", ""underground root system"", ""river reversal"", ""mega machine""]",2026-09-24 16:40:14.910966
449,Root Canopy Catapult,68,Root System,Nature,new,10,1,1,Root System Catapult: A Machine That Launches the Forest Floor,"[""root system"", ""root system of plants"", ""root system machine"", ""root system and shoot system"", ""root system drawing"", ""root system technology"", ""futuristic root machine"", ""colossal machine"", ""mega machine"", ""underground root system"", ""root network"", ""forest machine"", ""futuristic engineering"", ""AI generated machine""]",2026-09-24 16:40:14.911824
450,Root Magma Restraint Engine,68,Root System,Nature,new,10,1,1,Root System vs Magma: The Impossible Restraint Engine,"[""root system"", ""root system of plants"", ""root system and shoot system"", ""root system machine"", ""tree root machine"", ""roots"", ""futuristic engineering"", ""colossal machine"", ""magma machine"", ""volcano machine"", ""magma"", ""volcanic engineering"", ""AI generated cinematic"", ""impossible machine""]",2026-09-24 16:40:14.912684
451,Root Ocean Trench Grappler,68,Root System,Nature,new,10,1,1,Root System Pulls an Ocean Trench Apart,"[""root system"", ""root system of plants"", ""root system machine"", ""giant root system"", ""futuristic engineering"", ""colossal machine"", ""ocean trench"", ""seafloor"", ""underwater machine"", ""mega machine"", ""root system and shoot system"", ""AI generated cinematic"", ""impossible machine""]",2026-09-24 16:40:14.913506
452,Root Forest Inversion Machine,68,Root System,Nature,new,10,1,1,Root System Inversion Machine: Rotating an Entire Forest,"[""root system"", ""root system of plants"", ""root system machine"", ""root system and shoot system"", ""root system animation"", ""root system engineering"", ""futuristic machine"", ""colossal machine"", ""giant machine"", ""forest machine"", ""underground roots"", ""root architecture"", ""futuristic engineering"", ""AI generated video""]",2026-09-24 16:40:14.914316
453,Root Seismic Loom,68,Root System,Nature,new,10,1,1,Root System Seismic Loom: A Machine That Shakes the Ground,"[""root system"", ""root system of plants"", ""root system machine"", ""root system engineering"", ""root system technology"", ""root seismic loom"", ""seismic machine"", ""root system and shoot system"", ""plant root system"", ""futuristic engineering"", ""colossal machine"", ""mega machine"", ""AI generated cinematic"", ""ground vibration"", ""root network""]",2026-09-24 16:40:14.915085
454,Root Skyhook Harvester,68,Root System,Nature,new,10,1,1,Root System Skyhook Harvester Lifts the Forest,"[""root system"", ""root system of plants"", ""root system harvester"", ""root harvester"", ""root crop harvester"", ""futuristic harvester"", ""colossal machine"", ""futuristic engineering"", ""giant machine"", ""forest machine"", ""root system and shoot system"", ""underground roots"", ""AI cinematic"", ""mega machine"", ""science technology""]",2026-09-24 16:40:14.915895
455,Root Glacier Brake,68,Root System,Nature,new,10,1,1,Root System Turns Into a Glacier Brake,"[""root system"", ""root system of plants"", ""root system and shoot system"", ""plant root system"", ""root system machine"", ""glacier brake"", ""glacier machine"", ""futuristic engineering"", ""colossal machine"", ""mechanical roots"", ""root network"", ""AI engineering"", ""cinematic AI"", ""glacier engineering""]",2026-09-24 16:40:14.917595
456,Chrono-Tidal Shear Engine,49,Time,Physics,new,10,1,1,Time Machine Engine That Splits Reality Into Different Speeds,"[""time machine"", ""time machine engine"", ""future time machine"", ""time manipulation"", ""time travel machine"", ""temporal engine"", ""futuristic machine"", ""impossible machines"", ""mega structure"", ""giant machine"", ""AI generated science"", ""future technology"", ""science technology"", ""time machine concept"", ""planetary scale machine""]",2026-09-24 16:44:12.665762
457,Temporal Inertia Hammer,49,Time,Physics,new,10,1,1,Inertia Hammer: The Impossible Time Machine That Reshapes Mountains,"[""inertia hammer"", ""hammer inertia"", ""time machine ai"", ""time machine concept"", ""temporal machine"", ""temporal relativity"", ""time manipulation"", ""futuristic engineering"", ""giant machine"", ""colossal machine"", ""impossible machines"", ""ai generated cinematic"", ""science fiction technology"", ""future technology""]",2026-09-24 16:44:12.667517
458,Chrono-Vortex Compressor,49,Time,Physics,new,10,1,1,Chrono-Vortex Compressor: A Machine That Squeezes Time,"[""chrono vortex"", ""time machine"", ""time manipulation machine"", ""chrono vortex compressor"", ""temporal vortex"", ""future engineering"", ""impossible machines"", ""giant machine concept"", ""megastucture"", ""sci fi engineering"", ""futuristic technology"", ""planetary scale machine"", ""AI cinematic"", ""time technology"", ""dimensional vortex""]",2026-09-24 16:44:12.668743
459,Epoch Rail Borer,49,Time,Physics,new,10,1,1,Epoch Rail Borer: The Impossible Time Machine That Drills Mountains,"[""time machine ai"", ""time machine"", ""time manipulation"", ""futuristic machine"", ""impossible machine"", ""giant machine"", ""mega structure"", ""future technology"", ""ai generated video"", ""science technology"", ""geological drilling machine"", ""mountain drilling"", ""future engineering"", ""temporal machine"", ""colossal machines""]",2026-09-24 16:44:12.669862
460,Time-Reversal Crucible,49,Time,Physics,new,10,1,1,Time Reversal Machine: A Mega Engine That Rewrites Matter,"[""time reversal"", ""time reversal machine"", ""time shifting"", ""time reversal symmetry"", ""time reversal physics"", ""time manipulation machine"", ""future technology"", ""futuristic machine"", ""impossible engineering"", ""mega machine"", ""giant machine"", ""temporal machine"", ""sci fi engineering"", ""AI generated cinematic"", ""planetary scale machine""]",2026-09-24 16:44:12.670873
461,Chrono-Momentum Catapult,49,Time,Physics,new,10,1,1,Chrono-Momentum Catapult: The Impossible Time Machine Launch,"[""time machine ai"", ""time machine"", ""chrono momentum catapult"", ""time manipulation"", ""future technology"", ""impossible machine"", ""futuristic engineering"", ""giant machine"", ""mega structure"", ""ai generated cinematic"", ""science fiction technology"", ""time travel concept"", ""advanced engineering"", ""impossible technology""]",2026-09-24 16:44:12.671947
462,Temporal Gravity Loom,49,Time,Physics,new,10,1,1,Temporal Gravity Loom: The Impossible AI Time Machine That Moves Mountains,"[""temporal gravity loom"", ""time machine ai"", ""temporal loom"", ""impossible machine"", ""future technology"", ""ai generated machine"", ""time manipulation machine"", ""sci fi megastructure"", ""futuristic engineering"", ""giant machine concept"", ""planetary scale machine"", ""mountain transformation machine"", ""impossible technology"", ""cinematic ai video""]",2026-09-24 16:44:12.673051
463,Solar-Day Flywheel Array,49,Time,Physics,new,10,1,1,Solar Day Flywheel Array: The Machine That Controls a Planet's Day,"[""solar day"", ""solar day sidereal day"", ""planetary rotation"", ""time machine concept"", ""future engineering"", ""giant machine"", ""planetary megastructure"", ""flywheel machine"", ""temporal machine"", ""orbital ring"", ""future technology"", ""science fiction machine"", ""AI generated cinematic"", ""impossible engineering""]",2026-09-24 16:44:12.674228
464,Causal Sequence Crusher,49,Time,Physics,new,10,1,1,Time Machine AI Compresses Millions of Years Into Seconds,"[""time machine ai"", ""AI time machine"", ""time machine concept"", ""future technology"", ""time manipulation machine"", ""futuristic engineering"", ""colossal machine"", ""mega structure"", ""geological time machine"", ""accelerated erosion"", ""science fiction technology"", ""impossible machines"", ""AI generated cinematic"", ""future engineering concepts""]",2026-09-24 16:44:12.675521
465,Time-Shear Scissor Array,49,Time,Physics,new,10,1,1,Time Machine AI Cuts Through a Storm With Time-Shear Blades,"[""time machine ai"", ""time machine"", ""time shear"", ""time manipulation"", ""future technology"", ""futuristic machine"", ""ai generated science"", ""ai cinematic"", ""giant machine"", ""megastructure"", ""science fiction technology"", ""future engineering"", ""storm machine"", ""impossible engineering""]",2026-09-24 16:44:12.676474
466,The Continental Root-Lifting Village Foundation Engine,28,Village,Infrastructure,new,10,1,1,Village Relocation Machine Lifts an Entire Settlement,"[""village relocation machine"", ""village machine"", ""giant machine"", ""futuristic engineering"", ""mega machine"", ""colossal machine"", ""future technology"", ""impossible machine"", ""village transformation"", ""landscape engineering"", ""AI generated cinematic"", ""giant construction machine"", ""futuristic construction"", ""engineering marvel""]",2026-09-25 01:58:50.299008
467,The Skyforge Atmospheric Bridge Weaver,28,Village,Infrastructure,new,10,1,1,Village Bridge Weaver: The Skyforge Machine Building a Mega Bridge,"[""village bridge"", ""skyforge atmospheric bridge weaver"", ""futuristic bridge machine"", ""mega construction machine"", ""giant machine"", ""colossal engineering"", ""future technology"", ""AI generated cinematic"", ""futuristic engineering"", ""bridge building machine"", ""village construction"", ""sci fi machine"", ""mega structure"", ""impossible machines""]",2026-09-25 01:58:50.301634
468,The Mountain Folding Village Shield,28,Village,Infrastructure,new,10,1,1,Mountain Folding Shield: The Machine That Bends Mountains,"[""folding shield"", ""mountain folding"", ""mountain folding machine"", ""mountain shield"", ""giant machine"", ""colossal machine"", ""futuristic engineering"", ""impossible machine"", ""mega machine"", ""village protection machine"", ""mountain transformation"", ""AI cinematic machine"", ""future technology"", ""geological engineering""]",2026-09-25 01:58:50.302476
469,The Village Time-Accelerated Growth Seeder,28,Village,Infrastructure,new,10,1,1,Village Growth Machine Creates a Future City in Seconds,"[""village growth machine"", ""time accelerated growth seeder"", ""future village machine"", ""futuristic village"", ""mega machine"", ""giant construction machine"", ""AI generated machine"", ""futuristic engineering"", ""village development"", ""automated construction"", ""colossal machine"", ""impossible technology"", ""sci fi engineering""]",2026-09-25 01:58:50.303317
470,The Earth Current Village Power Harvester,28,Village,Infrastructure,new,10,1,1,Village Earth Power Harvester: The Ultimate Earth Energy Machine,"[""village earth movers"", ""village power harvester"", ""earth power machine"", ""futuristic village machine"", ""giant earth moving machine"", ""mega machine"", ""future technology"", ""AI generated machine"", ""colossal engineering"", ""underground energy harvester"", ""earth energy technology"", ""science fiction machine"", ""futuristic engineering""]",2026-09-25 01:58:50.304173
471,The Village Horizon Weather Engine,28,Village,Infrastructure,new,10,1,1,Village Weather Engine Creates a New Sky Above the Clouds,"[""village above the clouds"", ""village weather engine"", ""weather machine"", ""futuristic weather technology"", ""giant machine"", ""mega structure"", ""futuristic engineering"", ""AI cinematic short"", ""colossal machine"", ""atmospheric machine"", ""future technology"", ""village technology"", ""storm control machine"", ""impossible machine""]",2026-09-25 01:58:50.304951
472,The Village Gravity Balance Excavation Titan,28,Village,Infrastructure,new,10,1,1,Village Machine: Gravity Excavation Titan Reshapes the Earth,"[""village machine"", ""futuristic machine"", ""giant excavation machine"", ""gravity machine"", ""mega construction machine"", ""future technology"", ""colossal machine"", ""AI generated machine"", ""impossible engineering"", ""underground excavation"", ""land reshaping machine"", ""futuristic engineering"", ""village construction"", ""science technology short""]",2026-09-25 01:58:50.305784
473,The Village Crystal Road Pulse Forge,28,Village,Infrastructure,new,10,1,1,Village Crystal Road Forge: The Future Machine That Builds Roads,"[""village crystal road forge"", ""crystal road machine"", ""futuristic construction machine"", ""village machine"", ""giant engineering machine"", ""mega construction machine"", ""future technology"", ""impossible machines"", ""AI generated cinematic"", ""futuristic engineering"", ""road building machine"", ""planetary engineering"", ""colossal machines"", ""future infrastructure""]",2026-09-25 01:58:50.306496
474,The Village Ocean Barrier Rotation Colossus,28,Village,Infrastructure,new,10,1,1,Village Ocean Barrier Machine Creates a Colossal Sea Wall,"[""village ocean barrier machine"", ""ocean barrier machine"", ""colossal machine"", ""giant machine"", ""futuristic engineering"", ""mega structure"", ""ocean technology"", ""underwater machine"", ""sea wall machine"", ""coastal engineering"", ""impossible machine"", ""future technology"", ""AI cinematic short"", ""giant mechanical structure""]",2026-09-25 01:58:50.307161
475,The Village Memory Stone Reconstruction Walker,28,Village,Infrastructure,new,10,1,1,Village Reconstruction Machine Rebuilds an Entire World,"[""village reconstruction machine"", ""village reconstruction"", ""reconstruction machine"", ""giant machine"", ""mega machine"", ""futuristic engineering"", ""future technology"", ""giant robot machine"", ""AI generated cinematic"", ""impossible machine"", ""colossal machine"", ""mechanical giant"", ""village restoration"", ""future construction"", ""science technology""]",2026-09-25 01:58:50.307813
476,Spore Tectonic Loom,69,Mushroom Colony,Nature,new,10,1,1,Mushroom Colony Meets a Tectonic Machine | Spore Tectonic Loom,"[""mushroom colony"", ""largest mushroom colony"", ""mushroom colony machine"", ""mushroom colony engineering"", ""tectonic machine"", ""Spore Tectonic Loom"", ""colossal machine"", ""futuristic engineering"", ""giant machine"", ""mega machine"", ""mushroom colony cinematic"", ""AI generated cinematic"", ""geological machine"", ""mechanical torque""]",2026-09-25 02:10:08.240546
477,Mycelium Gravity Hammer,69,Mushroom Colony,Nature,new,10,1,1,Mushroom Colony Meets a Gravity Hammer,"[""mushroom colony"", ""largest mushroom colony"", ""mushroom colony machine"", ""gravity hammer"", ""mycelium machine"", ""colossal machine"", ""giant machine"", ""futuristic engineering"", ""impossible machine"", ""mega machine"", ""mushroom colony farmers delight"", ""mushroom colony pacific northwest"", ""fungal colony"", ""cinematic machine"", ""AI generated short""]",2026-09-25 02:10:08.241854
478,Spore Cyclone Engine,69,Mushroom Colony,Nature,new,10,1,1,Mushroom Colony Meets a Spore Cyclone Engine,"[""mushroom colony"", ""largest mushroom colony"", ""spore cyclone"", ""spore cyclone engine"", ""mushroom colony machine"", ""giant mushroom colony"", ""mushroom colony farmers delight"", ""futuristic engineering"", ""colossal machine"", ""giant turbine engine"", ""cyclone machine"", ""weather control machine"", ""mega machine"", ""mushroom colony cinematic"", ""AI generated cinematic""]",2026-09-25 02:10:08.242727
479,Mushroom Crown Shear,69,Mushroom Colony,Nature,new,10,1,1,Mushroom Colony Crown Shear: A Colossal Machine Transforms Fungi,"[""mushroom colony"", ""largest mushroom colony"", ""mushroom crown"", ""mushroom crown shear"", ""colossal machine"", ""giant machine"", ""futuristic engineering"", ""future technology"", ""mushroom transformation"", ""fungal landscape"", ""massive machinery"", ""AI generated cinematic"", ""cinematic AI video"", ""mega machine"", ""science technology""]",2026-09-25 02:10:08.243509
480,Mycelial Pulse Forge,69,Mushroom Colony,Nature,new,10,1,1,Mushroom Colony Meets a Mycelial Pulse Forge,"[""mushroom colony"", ""largest mushroom colony"", ""mycelial reactor"", ""mycelium"", ""mushroom colony machine"", ""mushroom colony engineering"", ""mycelial machine"", ""underground machine"", ""colossal machine"", ""futuristic engineering"", ""mechanical pressure waves"", ""planetary scale machine"", ""impossible engineering"", ""AI cinematic short""]",2026-09-25 02:10:08.244266
481,Spore Launch Cathedral,69,Mushroom Colony,Nature,new,10,1,1,Mushroom Colony: The Spore Launch Cathedral,"[""mushroom colony"", ""largest mushroom colony"", ""mushroom colony machine"", ""mushroom colony technology"", ""spore launch"", ""spore machine"", ""spore civilization"", ""mushroom colony farmers"", ""futuristic engineering"", ""colossal machine"", ""mega machine"", ""giant machine"", ""mushroom technology"", ""cinematic AI short""]",2026-09-25 02:10:08.244970
482,Fungal Rift Reverser,69,Mushroom Colony,Nature,new,10,1,1,Mushroom Colony Meets a Geological Shear Machine,"[""mushroom colony"", ""mushroom growing machine"", ""largest mushroom colony"", ""mushroom colony machine"", ""mushroom colony farmers delight"", ""geological machine"", ""geological shear"", ""futuristic engineering"", ""colossal machine"", ""giant machine"", ""terrain manipulation"", ""geological displacement"", ""mushroom colony technology""]",2026-09-25 02:10:08.245685
483,Mushroom Canopy Accelerator,69,Mushroom Colony,Nature,new,10,1,1,Mushroom Canopy Accelerator: A Machine That Spins a Colony,"[""mushroom canopy"", ""mushroom colony"", ""mushroom canopy accelerator"", ""mushroom colony machine"", ""mushroom colony technology"", ""futuristic mushroom machine"", ""colossal machine"", ""mushroom growing"", ""mushroom cultivation"", ""fungal colony"", ""fungal canopy"", ""futuristic engineering"", ""giant machine"", ""AI cinematic short""]",2026-09-25 02:10:08.246356
484,Mycelium Bridge Crusher,69,Mushroom Colony,Nature,new,10,1,1,Mushroom Colony vs. a Mycelium Bridge Crusher,"[""mushroom colony"", ""mycelium"", ""mycelium machine"", ""mushroom colony machine"", ""mycelium crusher"", ""mycelium bridge crusher"", ""mushroom colony farmers delight"", ""largest mushroom colony"", ""mycelium break and shake"", ""futuristic engineering"", ""colossal machines"", ""giant machine"", ""mushroom colony video""]",2026-09-25 02:10:08.247009
485,Spore Storm Dynamo,69,Mushroom Colony,Nature,new,10,1,1,Mushroom Colony Meets a Spore Storm Dynamo,"[""mushroom colony"", ""spore storm"", ""spore storm dynamo"", ""largest mushroom colony"", ""mushroom colony farmers delight"", ""mushroom colony pacific northwest"", ""mushroom colony machine"", ""mushroom colony transformation"", ""futuristic engineering"", ""colossal machine"", ""giant machine"", ""seismic machine"", ""magnetic dynamo"", ""mushroom storm"", ""AI cinematic""]",2026-09-25 02:10:08.247675
486,Gravity Collapse Engine,50,Gravity,Physics,new,10,1,1,Gravity Collapse Engine: A Massive Artificial Gravity Machine,"[""gravity engine"", ""gravity collapse"", ""gravity machine"", ""artificial gravity"", ""artificial gravity machine"", ""futuristic engineering"", ""mega machine"", ""colossal machine"", ""impossible machines"", ""future technology"", ""gravity technology"", ""AI generated cinematic"", ""sci fi machine"", ""planetary engineering""]",2026-09-25 02:26:01.051633
487,Orbital Gravity Hammer,50,Gravity,Physics,new,10,1,1,Orbital Gravity Hammer: The Ultimate Artificial Gravity Machine,"[""orbital gravity hammer"", ""gravity machine"", ""artificial gravity machine"", ""anti gravity machine"", ""gravity engineering"", ""space machine"", ""futuristic machine"", ""mega structure"", ""impossible machine"", ""orbital machine"", ""celestial engineering"", ""gravity technology"", ""future technology"", ""AI generated machine""]",2026-09-25 02:26:01.053044
488,Gravity Ocean Spiral,50,Gravity,Physics,new,10,1,1,Gravity Ocean Spiral: The Impossible Machine That Controls the Sea,"[""gravity ocean"", ""gravity spiral"", ""gravity machine"", ""artificial gravity machine"", ""ocean gravity machine"", ""impossible machine"", ""futuristic machine"", ""mega structure"", ""gravity technology"", ""ocean engineering"", ""future technology"", ""colossal machines"", ""AI generated machine"", ""gravity and tides"", ""anti gravity concept""]",2026-09-25 02:26:01.054026
489,Gravity Mountain Walker,50,Gravity,Physics,new,10,1,1,Gravity Mountain Walker: The Impossible Gravity Machine Moving Mountains,"[""gravity mountain walker"", ""gravity machine"", ""gravity mountain"", ""no gravity machine"", ""anti gravity machine"", ""artificial gravity machine"", ""futuristic machine"", ""giant machine"", ""colossal machines"", ""mega engineering"", ""future technology"", ""impossible machines"", ""AI generated cinematic"", ""planetary scale machine""]",2026-09-25 02:26:01.054861
490,Gravity Particle Forge,50,Gravity,Physics,new,10,1,1,Gravity Particle Forge: The Ultimate Gravity Manufacturing Machine,"[""gravity particle"", ""gravity particle forge"", ""gravity forge"", ""gravity machine"", ""artificial gravity"", ""gravity compression"", ""particle compression machine"", ""futuristic machine"", ""impossible machines"", ""mega structure"", ""futuristic engineering"", ""AI generated cinematic"", ""science and technology"", ""planetary scale machine""]",2026-09-25 02:26:01.055656
491,Gravity Storm Generator,50,Gravity,Physics,new,10,1,1,Gravity Storm Generator: The Machine That Controls Weather,"[""gravity storm"", ""gravity storm generator"", ""gravity power generator"", ""gravity machine"", ""artificial gravity machine"", ""future technology"", ""futuristic engineering"", ""mega structure"", ""impossible machine"", ""gravity technology"", ""weather machine"", ""atmospheric manipulation"", ""AI generated science"", ""giant machine concept""]",2026-09-25 02:26:01.056429
492,Gravity Core Excavator Titan,50,Gravity,Physics,new,10,1,1,Gravity Core Excavator Titan: The Machine That Lifts the Planet,"[""gravity core"", ""gravity core machine"", ""gravity excavator"", ""gravity core excavator"", ""futuristic machine"", ""giant excavator"", ""mega machine"", ""impossible machines"", ""future technology"", ""planetary engineering"", ""anti gravity machine"", ""gravity technology"", ""AI futuristic machine"", ""colossal machines"", ""science technology""]",2026-09-25 02:26:01.057143
493,Gravity Propulsion Sphere,50,Gravity,Physics,new,10,1,1,Gravity Propulsion Engine: The Sphere That Moves With Gravity,"[""gravity propulsion"", ""gravity propulsion engine"", ""gravity propulsion system"", ""gravity propulsion explained"", ""gravity machine"", ""gravity engine concept"", ""artificial gravity"", ""future propulsion technology"", ""space engineering"", ""futuristic machine"", ""anti gravity machine"", ""gravity technology"", ""AI generated science"", ""future technology"", ""colossal machine""]",2026-09-25 02:26:01.057859
494,Gravity Time Fracture Machine,50,Gravity,Physics,new,10,1,1,Gravity Time Fracture Machine — The Gravity Machine You've Never Seen,"[""Gravity Time Fracture Machine"", ""time machine gravity falls"", ""no gravity machine"", ""gravity's effect on time"", ""gravity is time dilation"", ""gravity space time"", ""gravity slows time"", ""gravity time dilation"", ""gravity affects time"", ""gravity machine workout"", ""gravity machine nine"", ""Gravity machine"", ""impossible engineering"", ""AI generated video"", ""megastructure""]",2026-09-25 02:26:01.058530
495,Gravity Planet Sculptor,50,Gravity,Physics,new,10,1,1,Gravity Planet Sculptor — The Gravity Machine You've Never Seen,"[""Gravity Planet Sculptor"", ""gravity planet"", ""no gravity machine"", ""gravity and grace"", ""gravity ai cover"", ""gravity danny go"", ""gravity ft arnor dan"", ""gravity falls season 2 full episodes"", ""gravity falls season 2"", ""gravity a perfect circle"", ""gravity abel and lute"", ""Gravity machine"", ""impossible engineering"", ""AI generated video"", ""megastructure""]",2026-09-25 02:26:01.059183
496,Continental Spine Forge Engine,29,Highway,Infrastructure,new,10,1,1,Continental Spine Forge Engine: The Giant Highway Machine,"[""highway machine"", ""giant highway machine"", ""futuristic highway"", ""future engineering"", ""colossal machine"", ""mega machine"", ""impossible engineering"", ""highway construction"", ""highway"", ""mechanical engineering"", ""AI generated machine"", ""futuristic technology"", ""continental engine"", ""highway infrastructure"", ""giant construction machine""]",2026-09-25 03:09:51.027342
497,Gravity River Highway Molder,29,Highway,Infrastructure,new,10,1,1,Gravity Highway Molder: The Machine That Reshapes Earth,"[""gravity highway molder"", ""gravity machine"", ""futuristic highway"", ""highway machine"", ""impossible machine"", ""future technology"", ""AI generated machine"", ""colossal machine"", ""mega engineering"", ""future engineering"", ""highway construction"", ""gravity engine"", ""planetary scale machine"", ""sci fi engineering""]",2026-09-25 03:09:51.028869
498,Quantum Asphalt Replication Titan,29,Highway,Infrastructure,new,10,1,1,Quantum Highway Replication Machine Creates Endless New Roads,"[""quantum highway replication machine"", ""highway machine"", ""futuristic highway"", ""giant machine"", ""colossal machine"", ""mega machine"", ""future technology"", ""AI generated machine"", ""impossible engineering"", ""highway construction machine"", ""road building machine"", ""future infrastructure"", ""cinematic AI"", ""sci fi machine"", ""planetary scale machine""]",2026-09-25 03:09:51.029874
499,Ocean Highway Pressure Crawler,29,Highway,Infrastructure,new,10,1,1,Ocean Highway Pressure Crawler Builds a Highway Across the Sea,"[""ocean highway"", ""highway maker"", ""highway construction machine"", ""futuristic machine"", ""giant construction machine"", ""mega machine"", ""crawler machine"", ""ocean construction"", ""underwater construction"", ""future engineering"", ""impossible machines"", ""giant machine technology"", ""futuristic highway"", ""AI generated machine""]",2026-09-25 03:09:51.030856
500,Storm Powered Highway Accelerator,29,Highway,Infrastructure,new,10,1,1,Storm Highway Machine Captures Lightning to Build Roads,"[""storm highway"", ""storm highway machine"", ""highway maker"", ""highway construction machine"", ""future highway"", ""giant construction machine"", ""mega machine"", ""futuristic engineering"", ""impossible machine"", ""storm powered machine"", ""lightning machine"", ""future infrastructure"", ""colossal machines"", ""AI generated machine"", ""highway technology""]",2026-09-25 03:09:51.031692
501,Magma Highway Cooling Leviathan,29,Highway,Infrastructure,new,10,1,1,Magma Highway Cooling Leviathan: The Machine That Cools Lava Roads,"[""magma highway"", ""magma highway machine"", ""highway maker"", ""futuristic highway"", ""lava road machine"", ""volcanic machine"", ""giant construction machine"", ""mega machine"", ""future engineering"", ""impossible machine"", ""magma in the mantle"", ""volcano engineering"", ""AI generated machine"", ""colossal machine"", ""planetary scale engineering""]",2026-09-25 03:09:51.032498
502,Time Fold Highway Recycler,29,Highway,Infrastructure,new,10,1,1,Time Fold Highway Recycler: A Machine That Rebuilds Roads Through Time,"[""time fold"", ""time fold machine"", ""time fold highway recycler"", ""highway recycler"", ""futuristic highway machine"", ""giant construction machine"", ""future engineering"", ""mega machine"", ""temporal folding"", ""time manipulation machine"", ""highway construction"", ""road recycling machine"", ""AI futuristic machine"", ""science fiction engineering""]",2026-09-25 03:09:51.033956
503,Earthquake Highway Stabilizer Colossus,29,Highway,Infrastructure,new,10,1,1,Earthquake Stabilizer Machine Builds an Unbreakable Highway,"[""earthquake stabilizer"", ""earthquake stabilizer machine"", ""earthquake highway stabilizer"", ""highway stabilizer"", ""futuristic machine"", ""colossal machine"", ""mega machine"", ""future engineering"", ""futuristic engineering"", ""highway construction machine"", ""seismic technology"", ""earthquake machine"", ""giant construction machine"", ""AI generated cinematic"", ""impossible engineering""]",2026-09-25 03:09:51.034714
504,Sky Bridge Highway Launch Engine,29,Highway,Infrastructure,new,10,1,1,Sky Bridge Highway Launch Engine — Impossible Highway,"[""Sky Bridge Highway Launch Engine"", ""sky bridge accident"", ""highway to the danger zone"", ""highway star deep purple machine head"", ""highway maker by mama africa"", ""highway and heavy parts"", ""highway church of christ"", ""highway full of pain"", ""highway bus refuge dying light"", ""highway don't care tim mcgraw"", ""highway don't care taylor swift"", ""Highway machine"", ""impossible engineering"", ""AI generated video"", ""megastructure""]",2026-09-25 03:09:51.035441
505,Infinite Highway Folding Machine,29,Highway,Infrastructure,new,10,1,1,Infinite Highway Folding Machine — Impossible Highway,"[""Infinite Highway Folding Machine"", ""highway machine game"", ""highway cleaning machine"", ""highway washing machine"", ""highway star machine"", ""highway zipper machine"", ""highway chain machine"", ""infinite atwood machine"", ""highway patrol machine napping"", ""highway banane wali machine"", ""highway star machine head"", ""Highway machine"", ""impossible engineering"", ""AI generated video"", ""megastructure""]",2026-09-25 03:09:51.036126
506,Coral Continental Forge,70,Coral Reef,Nature,new,10,1,1,Coral Continental Forge — The Coral Reef Machine You've Never Seen,"[""Coral Continental Forge"", ""coral reef coral reef"", ""coral reef 4k"", ""coral reef 3 hours"", ""coral reef for kids"", ""coral reef aquarium 4k"", ""coral reef for preschool"", ""coral reef artificial"", ""coral reef business"", ""coral reef restoration"", ""coral reef cannon"", ""Coral Reef machine"", ""impossible engineering"", ""AI generated video"", ""megastructure""]",2026-09-25 03:23:53.518412
507,Reef Tectonic Ram,70,Coral Reef,Nature,new,10,1,1,Reef Tectonic Ram — The Coral Reef Machine You've Never Seen,"[""Reef Tectonic Ram"", ""coral reef coral reef"", ""coral reef 4k"", ""coral reef 3 hours"", ""coral reef for kids"", ""coral reef aquarium 4k"", ""coral reef for preschool"", ""coral reef artificial"", ""coral reef business"", ""coral reef restoration"", ""coral reef cannon"", ""Coral Reef machine"", ""impossible engineering"", ""AI generated video"", ""megastructure""]",2026-09-25 03:23:53.519824
508,Coral Cyclone Weaver,70,Coral Reef,Nature,new,10,1,1,Coral Cyclone Weaver — The Coral Reef Machine You've Never Seen,"[""Coral Cyclone Weaver"", ""coral reef coral reef"", ""coral reef 4k"", ""coral reef 3 hours"", ""coral reef for kids"", ""coral reef aquarium 4k"", ""coral reef for preschool"", ""coral reef artificial"", ""coral reef business"", ""coral reef restoration"", ""coral reef cannon"", ""Coral Reef machine"", ""impossible engineering"", ""AI generated video"", ""megastructure""]",2026-09-25 03:23:53.520732
509,Abyssal Coral Elevator,70,Coral Reef,Nature,new,10,1,1,Abyssal Coral Elevator — The Coral Reef Machine You've Never Seen,"[""Abyssal Coral Elevator"", ""coral reef coral reef"", ""coral reef 4k"", ""coral reef 3 hours"", ""coral reef for kids"", ""coral reef aquarium 4k"", ""coral reef for preschool"", ""coral reef artificial"", ""coral reef business"", ""coral reef restoration"", ""coral reef cannon"", ""Coral Reef machine"", ""impossible engineering"", ""AI generated video"", ""megastructure""]",2026-09-25 03:23:53.522028
510,Coral Fracture Harvester,70,Coral Reef,Nature,new,10,1,1,Coral Fracture Harvester — The Coral Reef Machine You've Never Seen,"[""Coral Fracture Harvester"", ""coral reef coral reef"", ""coral reef 4k"", ""coral reef 3 hours"", ""coral reef for kids"", ""coral reef aquarium 4k"", ""coral reef for preschool"", ""coral reef artificial"", ""coral reef business"", ""coral reef restoration"", ""coral reef cannon"", ""Coral Reef machine"", ""impossible engineering"", ""AI generated video"", ""megastructure""]",2026-09-25 03:23:53.524321
511,Reef Pressure Cathedral,70,Coral Reef,Nature,new,10,1,1,Reef Pressure Cathedral — The Coral Reef Machine You've Never Seen,"[""Reef Pressure Cathedral"", ""coral reef coral reef"", ""coral reef 4k"", ""coral reef for kids"", ""coral reef aquarium 4k"", ""coral reef for preschool"", ""coral reef 3 hours"", ""coral reef aquarium"", ""coral reef fortnite"", ""coral reef documentary"", ""coral reef tank"", ""Coral Reef machine"", ""impossible engineering"", ""AI generated video"", ""megastructure""]",2026-09-25 03:23:53.525257
512,Coral Wavebreaker Engine,70,Coral Reef,Nature,new,10,1,1,Coral Wavebreaker Engine — The Coral Reef Machine You've Never Seen,"[""Coral Wavebreaker Engine"", ""coral reef coral reef"", ""coral reef 4k"", ""coral reef 3 hours"", ""coral reef for kids"", ""coral reef aquarium 4k"", ""coral reef for preschool"", ""coral reef artificial"", ""coral reef business"", ""coral reef restoration"", ""coral reef cannon"", ""Coral Reef machine"", ""impossible engineering"", ""AI generated video"", ""megastructure""]",2026-09-25 03:23:53.526239
513,Reef Spiral Excavator,70,Coral Reef,Nature,new,10,1,1,Reef Spiral Excavator — The Coral Reef Machine You've Never Seen,"[""Reef Spiral Excavator"", ""coral reef coral reef"", ""coral reef 4k"", ""coral reef 3 hours"", ""coral reef for kids"", ""coral reef aquarium 4k"", ""coral reef for preschool"", ""coral reef artificial"", ""coral reef business"", ""coral reef restoration"", ""coral reef cannon"", ""Coral Reef machine"", ""impossible engineering"", ""AI generated video"", ""megastructure""]",2026-09-25 03:23:53.526949
514,Coral Pulse Reactor,70,Coral Reef,Nature,new,10,1,1,Coral Pulse Reactor — The Coral Reef Machine You've Never Seen,"[""Coral Pulse Reactor"", ""coral reef coral reef"", ""coral reef 4k"", ""coral reef 3 hours"", ""coral reef for kids"", ""coral reef aquarium 4k"", ""coral reef for preschool"", ""coral reef artificial"", ""coral reef business"", ""coral reef restoration"", ""coral reef cannon"", ""Coral Reef machine"", ""impossible engineering"", ""AI generated video"", ""megastructure""]",2026-09-25 03:23:53.527667
515,Coral Orbit Shaper,70,Coral Reef,Nature,new,10,1,1,Coral Orbit Shaper — The Coral Reef Machine You've Never Seen,"[""Coral Orbit Shaper"", ""coral reef coral reef"", ""coral reef 4k"", ""coral reef 3 hours"", ""coral reef for kids"", ""coral reef aquarium 4k"", ""coral reef for preschool"", ""coral reef artificial"", ""coral reef business"", ""coral reef restoration"", ""coral reef cannon"", ""Coral Reef machine"", ""impossible engineering"", ""AI generated video"", ""megastructure""]",2026-09-25 03:23:53.528345
516,Quantum Rail Mountain Splitter,30,Railway,Infrastructure,new,10,1,1,Quantum Rail Mountain Splitter: The Impossible Railway Machine,"[""quantum rail"", ""quantum rail machine"", ""railway machine"", ""futuristic railway"", ""mountain splitter machine"", ""railway construction machine"", ""giant machine"", ""impossible engineering"", ""future technology"", ""railway track machine"", ""rail machine"", ""AI generated machine"", ""colossal machine"", ""sci fi engineering"", ""futuristic technology""]",2026-09-25 05:56:58.771116
517,Atmospheric Rail Storm Engine,30,Railway,Infrastructure,new,10,1,1,Atmospheric Railway Storm Engine Creating a Climate Shield,"[""atmospheric railway"", ""atmospheric railway engine"", ""railway storm engine"", ""futuristic railway machine"", ""impossible machine"", ""giant machine"", ""future engineering"", ""railway technology"", ""storm on a train"", ""weather control machine"", ""climate engineering concept"", ""AI generated machine"", ""colossal machines"", ""future transportation""]",2026-09-25 05:56:58.775682
518,Gravity Pulse Rail Constructor,30,Railway,Infrastructure,new,10,1,1,Gravity Pulse Rail Constructor Builds Impossible Railway Bridges,"[""gravity pulse"", ""gravity pulse rail constructor"", ""railway machine"", ""futuristic railway"", ""railway construction machine"", ""giant construction machine"", ""future engineering"", ""impossible machines"", ""mega machine"", ""gravity technology"", ""railway bridge construction"", ""AI generated machine"", ""cinematic engineering"", ""futuristic technology""]",2026-09-25 05:56:58.776674
519,Magma Rail Forge Titan,30,Railway,Infrastructure,new,10,1,1,Magma Rail Titan: A Railway Machine Forging Tracks Through Lava,"[""magma rail titan"", ""magma rail machine"", ""railway machine"", ""railway technology"", ""futuristic railway"", ""railway construction machine"", ""volcanic machine"", ""lava machine"", ""giant machine"", ""colossal machine"", ""future engineering"", ""impossible machines"", ""AI generated machine"", ""mega structure"", ""railway technology concept""]",2026-09-25 05:56:58.777516
520,Ocean Rail Continental Walker,30,Railway,Infrastructure,new,10,1,1,Ocean Rail Machine: Building a Railway Across the Ocean,"[""ocean rail machine"", ""ocean railway"", ""railway machine"", ""future railway"", ""futuristic railway"", ""mega machine"", ""giant machine"", ""impossible engineering"", ""underwater construction"", ""ocean engineering"", ""continental railway"", ""railway technology"", ""future technology"", ""AI generated machine""]",2026-09-25 05:56:58.778384
521,Time Acceleration Rail Repairer,30,Railway,Infrastructure,new,10,1,1,Time Acceleration Rail Repairer: The Future Railway Machine,"[""time acceleration"", ""time acceleration machine"", ""railway machine"", ""railway repair machine"", ""futuristic railway"", ""future railway technology"", ""railway track repair"", ""AI generated machine"", ""giant machine"", ""temporal engineering"", ""sci fi technology"", ""robotic construction"", ""impossible machines"", ""future engineering""]",2026-09-25 05:56:58.779260
522,Railquake Tectonic Driver,30,Railway,Infrastructure,new,10,1,1,Railway Tectonic Machine That Moves the Earth,"[""railway machine"", ""railway"", ""tectonic machine"", ""futuristic railway"", ""future engineering"", ""mega machine"", ""giant construction machine"", ""impossible machines"", ""railway technology"", ""earth moving machine"", ""underground drilling machine"", ""AI generated machine"", ""colossal machine"", ""future technology"", ""cinematic engineering""]",2026-09-25 05:56:58.780014
523,Railway Energy Transfer Colossus,30,Railway,Infrastructure,new,10,1,1,Railway Energy Transfer Colossus: The Future of Kinetic Power,"[""energy transfer"", ""railway energy transfer"", ""railway machine"", ""kinetic energy transfer"", ""potential to kinetic energy transfer examples"", ""force motion and energy"", ""futuristic railway"", ""colossus machine"", ""giant machine"", ""electromagnetic machine"", ""future technology"", ""AI generated machine"", ""megaproject engineering"", ""science technology"", ""railway innovation""]",2026-09-25 05:56:58.780824
524,Railway Gravity Tunnel Worm,30,Railway,Infrastructure,new,10,1,1,Railway Tunnel Worm: The Underground Machine That Builds Tracks,"[""tunnel worm"", ""railway tunnel worm"", ""railway machine"", ""underground tunnel machine"", ""futuristic railway"", ""railway construction machine"", ""giant tunnel machine"", ""future engineering"", ""gravity machine"", ""underground railway"", ""railway track machine"", ""mega machine"", ""AI generated machine"", ""cinematic engineering""]",2026-09-25 05:56:58.781705
525,Railway Climate Terraform Engine,30,Railway,Infrastructure,new,10,1,1,Railway Terraform Engine: The Machine That Rebuilds Earth,"[""railway terraform engine"", ""terraforming machine"", ""railway machine"", ""futuristic railway"", ""future engineering"", ""mega machine"", ""climate engineering"", ""planetary engineering"", ""terraform technology"", ""futuristic technology"", ""AI generated cinematic"", ""colossal machines"", ""environmental restoration"", ""future infrastructure""]",2026-09-25 05:56:58.782454
526,Crystal Singularity Forge Titan,52,Crystal,Materials,new,10,1,1,Crystal Singularity Forge Titan: Impossible Crystal Machine,"[""Crystal Singularity Forge Titan"", ""crystal machine"", ""crystal forge"", ""futuristic machine"", ""giant machine"", ""impossible machine"", ""crystal technology"", ""future engineering"", ""megstructure"", ""AI generated cinematic"", ""singularity machine"", ""crystal alloy"", ""advanced materials"", ""sci fi engineering"", ""colossal machine""]",2026-09-25 05:58:31.446027
527,Crystal Gravity Excavator Colossus,52,Crystal,Materials,new,10,1,1,Crystal Gravity Excavator Colossus: Impossible Crystal Machine,"[""crystal gravity"", ""crystal gravity machine"", ""crystal machine"", ""gravity excavator"", ""futuristic machine"", ""colossal machine"", ""impossible machine"", ""future technology"", ""giant excavation machine"", ""crystal technology"", ""AI futuristic machine"", ""planetary engineering"", ""megascale machine"", ""sci fi machine""]",2026-09-25 05:58:31.447418
528,Crystal Storm Energy Harvester,52,Crystal,Materials,new,10,1,1,Crystal Energy Generator Harvests Lightning From a Giant Storm,"[""crystal energy generator"", ""crystal energy machine"", ""crystal storm energy harvester"", ""futuristic energy generator"", ""giant machine"", ""mega machine"", ""future technology"", ""crystal technology"", ""energy harvesting machine"", ""lightning energy generator"", ""sci fi machine"", ""impossible machines"", ""AI generated cinematic"", ""planetary scale machine""]",2026-09-25 05:58:31.448393
529,Crystal Planet Armor Weaver,52,Crystal,Materials,new,10,1,1,Crystal Planet Armor Weaver: Impossible Crystal Machine,"[""crystal machine"", ""crystal planet"", ""crystal technology"", ""futuristic machine"", ""impossible machine"", ""giant machine"", ""planet engineering"", ""futuristic engineering"", ""AI generated machine"", ""D crystal machine"", ""crystal construction"", ""space machine"", ""megastucture"", ""alien technology""]",2026-09-25 05:58:31.449265
530,Crystal Ocean Resonance Engine,52,Crystal,Materials,new,10,1,1,Crystal Ocean Resonance Engine: The Machine That Moves Oceans,"[""crystal ocean resonance engine"", ""crystal engine"", ""crystal machine"", ""ocean engine"", ""futuristic machine"", ""impossible machine"", ""giant machine"", ""underwater megastructure"", ""ocean technology"", ""futuristic engineering"", ""sci fi machine"", ""crystal technology"", ""AI generated cinematic"", ""planet sized machine""]",2026-09-25 05:58:31.450406
531,Crystal Time Compression Reactor,52,Crystal,Materials,new,10,1,1,Crystal Time Compression Reactor Creates Instant Crystal Evolution,"[""crystal time"", ""crystal time lapse"", ""crystal time machine"", ""crystal machine"", ""crystal technology"", ""futuristic machine"", ""giant crystal machine"", ""crystal reactor"", ""time compression machine"", ""AI futuristic technology"", ""sci fi machine"", ""colossal machine"", ""crystal growth"", ""future engineering""]",2026-09-25 05:58:31.451652
532,Crystal Earthquake Controller Machine,52,Crystal,Materials,new,10,1,1,Crystal Earthquake Controller Machine: Planet-Scale Seismic Control,"[""crystal machine"", ""crystal earthquake controller machine"", ""earthquake control machine"", ""futuristic crystal machine"", ""giant machine"", ""impossible machine"", ""future technology"", ""crystal technology"", ""planet scale machine"", ""underground machine"", ""futuristic engineering"", ""AI generated machine"", ""D crystal machine"", ""megascale engineering""]",2026-09-25 05:58:31.453041
533,Crystal Solar Forge Dragon,52,Crystal,Materials,new,10,1,1,Crystal Forge Dragon: A Machine That Turns Solar Energy Into Crystal,"[""crystal forge dragon"", ""crystal dragon"", ""crystal forge"", ""solar energy machine"", ""futuristic machine"", ""giant crystal machine"", ""mechanical dragon"", ""space machine"", ""sci fi technology"", ""future engineering"", ""crystal energy"", ""solar forge"", ""AI cinematic video"", ""colossal machine"", ""alien megastructure""]",2026-09-25 05:58:31.453943
534,Crystal Dimension Bridge Engine,52,Crystal,Materials,new,10,1,1,Crystal Dimension Bridge Engine: The Future of Spatial Transport,"[""crystal dimension bridge engine"", ""crystal machine"", ""crystal technology"", ""futuristic machine"", ""dimension bridge"", ""dimensional gateway"", ""future technology"", ""alien megastructure"", ""colossal machine"", ""sci fi engineering"", ""crystal energy machine"", ""spatial gateway"", ""AI cinematic video"", ""futuristic engineering"", ""giant machine""]",2026-09-25 05:58:31.454749
535,Crystal Living Ecosystem Builder,52,Crystal,Materials,new,10,1,1,Crystal Living Ecosystem Builder Creates a Crystal Planet,"[""crystal living ecosystem builder"", ""crystal machine"", ""crystal ecosystem"", ""create an ecosystem"", ""futuristic machine"", ""futuristic engineering"", ""alien megastructure"", ""crystal growing machine"", ""living crystal"", ""artificial ecosystem"", ""planet transformation"", ""future technology"", ""AI cinematic short"", ""science technology"", ""crystal world""]",2026-09-25 05:58:31.455589
536,Glacial Torque Harrow,71,Iceberg,Environment,new,10,1,1,Glacial Torque Harrow: Rotating an Entire Iceberg,"[""iceberg"", ""iceberg machine"", ""glacial torque harrow"", ""iceberg rotation"", ""rotating iceberg"", ""iceberg engineering"", ""colossal machine"", ""futuristic engineering"", ""giant machine"", ""iceberg transformation"", ""iceberg fracture"", ""glacial machine"", ""mechanical engineering"", ""mega machine""]",2026-09-25 05:59:46.509729
537,Cryo-Shear Crown,71,Iceberg,Environment,new,10,1,1,Cryo-Shear Crown: A Machine That Cuts an Iceberg Into Giant Blocks,"[""iceberg"", ""iceberg machine"", ""iceberg cutting machine"", ""iceberg cutter"", ""cryo shear"", ""Cryo-Shear Crown"", ""giant ice blocks"", ""colossal machine"", ""futuristic engineering"", ""impossible machine"", ""mega machine"", ""ice cutting machine"", ""AI generated cinematic"", ""iceberg from titanic""]",2026-09-25 05:59:46.511252
538,Berg Inversion Engine,71,Iceberg,Environment,new,10,1,1,Iceberg Inversion Engine: Flipping an Entire Iceberg,"[""iceberg inversion"", ""iceberg inversion engine"", ""iceberg"", ""iceberg machine"", ""iceberg engineering"", ""iceberg flip"", ""flipping an iceberg"", ""moving an iceberg"", ""giant iceberg machine"", ""futuristic engineering"", ""colossal machine"", ""impossible machine"", ""megastructure"", ""iceberg from titanic""]",2026-09-25 05:59:46.512311
539,Iceberg Pressure Loom,71,Iceberg,Environment,new,10,1,1,Iceberg Pressure Loom: A Machine That Compresses an Iceberg,"[""iceberg pressure"", ""pressure iceberg"", ""iceberg machine"", ""iceberg pressure machine"", ""iceberg compression"", ""compressing an iceberg"", ""iceberg engineering"", ""iceberg"", ""pressure machine"", ""colossal machine"", ""futuristic engineering"", ""giant machine"", ""megastucture"", ""iceberg transformation"", ""cinematic engineering""]",2026-09-25 05:59:46.513152
540,Polar Plume Accelerator,71,Iceberg,Environment,new,10,1,1,Polar Plume Accelerator Moves an Iceberg Like a Projectile,"[""iceberg"", ""iceberg machine"", ""iceberg from titanic"", ""polar iceberg"", ""iceberg accelerator"", ""giant machine"", ""colossal machine"", ""futuristic engineering"", ""future technology"", ""mega machine"", ""impossible machine"", ""iceberg technology"", ""cinematic iceberg"", ""AI generated machine""]",2026-09-25 05:59:46.514082
541,Berg Root Excavator,71,Iceberg,Environment,new,10,1,1,Iceberg Excavator: Carving a Giant Void Beneath the Ice,"[""iceberg excavator"", ""iceberg"", ""excavator"", ""giant excavator"", ""massive excavator"", ""underwater excavator"", ""ice excavation"", ""iceberg machine"", ""iceberg excavation"", ""futuristic excavator"", ""colossal machine"", ""giant machine"", ""futuristic engineering"", ""excavator with root rake""]",2026-09-25 05:59:46.515517
542,Iceberg Tidal Ram,71,Iceberg,Environment,new,10,1,1,Iceberg Tidal Ram: The Iceberg Becomes a Wave Machine,"[""iceberg tidal wave"", ""iceberg tidal ram"", ""iceberg wave machine"", ""iceberg machine"", ""iceberg on the sea"", ""tidal wave machine"", ""massive wave machine"", ""ocean engineering"", ""colossal machine"", ""futuristic engineering"", ""impossible machine"", ""giant iceberg"", ""iceberg engineering""]",2026-09-25 05:59:46.516450
543,Glacial Spiral Forge,71,Iceberg,Environment,new,10,1,1,Iceberg Spiral Machine: Twisting a Giant Iceberg Into a Helix,"[""iceberg"", ""iceberg machine"", ""iceberg transformation"", ""iceberg spiral"", ""iceberg helix"", ""giant iceberg"", ""futuristic machine"", ""colossal machine"", ""mega machine"", ""impossible machine"", ""futuristic engineering"", ""glacial spiral forge"", ""iceberg from titanic"", ""AI generated"", ""cinematic AI""]",2026-09-25 05:59:46.517301
544,Berg Fracture Orchestra,71,Iceberg,Environment,new,10,1,1,Berg Orchestra: The Machine That Conducts an Iceberg Fracture,"[""berg orchestra"", ""iceberg"", ""iceberg fracture"", ""iceberg machine"", ""iceberg destruction"", ""iceberg splitting"", ""iceberg breaking apart"", ""mechanical iceberg"", ""iceberg engineering"", ""futuristic engineering"", ""colossal machine"", ""giant machine"", ""ice fracture"", ""megastucture"", ""AI engineering""]",2026-09-25 05:59:46.518141
545,Iceberg Thermal Quench Engine,71,Iceberg,Environment,new,10,1,1,Iceberg Thermal Quench Engine: The Impossible Ice Machine,"[""iceberg thermal"", ""iceberg thermal quench"", ""iceberg machine"", ""iceberg thermal machine"", ""thermal quench engine"", ""iceberg engine"", ""iceberg technology"", ""futuristic machine"", ""colossal machine"", ""iceberg transformation"", ""thermal engineering"", ""iceberg cracking"", ""iceberg from titanic"", ""AI generated engineering""]",2026-09-25 05:59:46.518859
546,Magnetic Planetary Core Stirrer Titan,51,Magnet,Physics,new,10,1,1,Magnetic Planetary Core Stirrer Titan: Impossible Core Machine,"[""magnetic machine"", ""magnet machine"", ""magnetic drill machine"", ""magnetic technology"", ""magnetic force machine"", ""giant machine concept"", ""planetary machine"", ""futuristic engineering"", ""impossible machines"", ""sci fi machine"", ""AI generated machine"", ""mega structure"", ""magnetic core machine"", ""future technology"", ""colossal machines""]",2026-09-25 06:16:35.920281
547,Magnetic Storm Capture Cyclone Engine,51,Magnet,Physics,new,10,1,1,Magnetic Storm Capture Engine Controls a Giant Cyclone,"[""magnetic storm engine"", ""magnet engine"", ""magnetic machine"", ""magnet motor engine"", ""magnetic accelerator"", ""future machine"", ""impossible machines"", ""giant machine concept"", ""magnetic technology"", ""storm energy capture"", ""electromagnetic storm"", ""futuristic engineering"", ""AI generated machine"", ""science technology"", ""colossal machines""]",2026-09-25 06:16:35.921984
548,Magnetic Asteroid Fragmentation Forge,51,Magnet,Physics,new,10,1,1,Magnetic Asteroid Forge: Impossible Space Machine Reshaping Rocks,"[""magnetic asteroid forge"", ""asteroid fragmentation machine"", ""magnetic machine"", ""giant magnetic machine"", ""future space technology"", ""asteroid mining machine"", ""space megastructure"", ""impossible machine"", ""futuristic engineering"", ""magnetic force technology"", ""asteroid processing"", ""cosmic machine"", ""AI generated sci fi"", ""space engineering"", ""magnetic field machine""]",2026-09-25 06:16:35.922948
549,Magnetic Ocean Floor Gravity Hammer,51,Magnet,Physics,new,10,1,1,Magnetic Ocean Floor Gravity Hammer: Seafloor Reshaping Machine,"[""magnetic ocean floor gravity hammer"", ""magnetic machine"", ""magnetic anomalies on the seafloor"", ""ocean floor machine"", ""futuristic engineering"", ""giant machine concept"", ""impossible machines"", ""gravity machine"", ""seafloor technology"", ""underwater megastructure"", ""magnetic force machine"", ""AI generated machine"", ""future technology"", ""science and technology""]",2026-09-25 06:16:35.924340
550,Magnetic Black Hole Containment Reactor,51,Magnet,Physics,new,10,1,1,Magnetic Black Hole Reactor: Impossible Magnetic Field Engine,"[""magnetic black hole"", ""magnetic field black hole"", ""black hole reactor"", ""magnetic field engine"", ""black hole machine"", ""futuristic reactor"", ""impossible machine"", ""future technology"", ""space engine concept"", ""cosmic megastructure"", ""magnetic engineering"", ""AI generated machine"", ""giant machine concept"", ""artificial black hole concept""]",2026-09-25 06:16:35.925424
551,Magnetic Mountain Folding Colossus,51,Magnet,Physics,new,10,1,1,Magnetic Mountain: The Colossus That Folds Mountains,"[""magnetic mountain"", ""magnetic machine"", ""magnetic colossus"", ""mountain folding machine"", ""giant machine concept"", ""futuristic engineering"", ""impossible machines"", ""magnetic technology"", ""mega machine"", ""AI generated machine"", ""future technology"", ""geological transformation"", ""giant robot machine"", ""magnet and motor experiment"", ""magnetic force""]",2026-09-25 06:16:35.926247
552,Magnetic Sunlight Energy Swarm Reactor,51,Magnet,Physics,new,10,1,1,Magnetic Energy Swarm Reactor: A Star-Sized Power Machine,"[""magnetic energy swarm reactor"", ""magnetic energy"", ""magnetic field energy"", ""energy storage in magnetic field"", ""magnetic renewable energy"", ""magnet motor energy"", ""magnetic energy generator"", ""futuristic energy machine"", ""impossible machine"", ""stellar energy reactor"", ""solar energy technology"", ""future technology"", ""giant machine concept"", ""AI generated science"", ""cosmic megastructure""]",2026-09-25 06:16:35.927026
553,Magnetic Volcano Control Engine,51,Magnet,Physics,new,10,1,1,Magnetic Engine Controls a Volcano With Impossible Force,"[""magnetic engine"", ""magnetic propulsion system"", ""magnet engine"", ""magnetic engine machine"", ""magnetic drill machine"", ""magnetic force"", ""electromagnetic engine"", ""futuristic machine"", ""volcano machine"", ""volcano control engine"", ""giant machine technology"", ""future engineering"", ""magnetic technology"", ""AI generated machine"", ""science technology""]",2026-09-25 06:16:35.927756
554,Magnetic Space Elevator Launch Accelerator,51,Magnet,Physics,new,10,1,1,Magnetic Space Elevator: The Future Launch Accelerator Machine,"[""magnetic space elevator"", ""space elevator"", ""magnetic accelerator"", ""magnetic levitation elevator"", ""launch loop vs space elevator"", ""magnetic propulsion"", ""space launch accelerator"", ""future space technology"", ""futuristic machine"", ""megascale engineering"", ""orbital elevator concept"", ""magnetic acceleration"", ""sci fi technology"", ""future engineering"", ""colossal machine""]",2026-09-25 06:16:35.928752
555,Magnetic Continental Shield Rebuilder,51,Magnet,Physics,new,10,1,1,Magnetic Continental Shield Rebuilder: Moving a Planet's Land,"[""magnetic machine"", ""magnet machine"", ""magnetic engineering"", ""futuristic machine"", ""giant machine"", ""mega structure"", ""future technology"", ""magnet experiment"", ""magnet and motor experiment"", ""magnetic force"", ""planetary engineering"", ""continental shield rebuilder"", ""earth moving machine"", ""sci fi engineering"", ""colossal machine""]",2026-09-25 06:16:35.929759
556,Continental Spine Bridge Weaver,31,Bridge,Infrastructure,new,10,1,1,Continental Bridge Machine Creates a Moving Megastructure,"[""bridge machine"", ""continental bridge"", ""future engineering"", ""giant construction machine"", ""megastructure machine"", ""futuristic bridge"", ""bridge construction"", ""moving machine"", ""impossible machine"", ""artificial continent"", ""colossal machine"", ""future technology"", ""engineering marvel""]",2026-09-25 06:50:20.302636
557,Gravity Hammer Bridge Titan,31,Bridge,Infrastructure,new,10,1,1,Gravity Hammer Bridge Titan: The Machine That Builds Bridges With Force,"[""gravity hammer"", ""gravity hammer bridge titan"", ""bridge machine"", ""futuristic bridge construction"", ""giant construction machine"", ""impossible machines"", ""mega construction machine"", ""future engineering"", ""colossal machine"", ""AI generated machine"", ""bridge building machine"", ""massive machines"", ""futuristic technology"", ""science fiction engineering""]",2026-09-25 06:50:20.304517
558,Storm Current Suspension Engine,31,Bridge,Infrastructure,new,10,1,1,Storm Current Suspension Engine Builds a Bridge Through a Superstorm,"[""bridge machine"", ""suspension bridge machine"", ""bridge construction machine"", ""future engineering"", ""futuristic bridge"", ""giant machine"", ""mega construction machine"", ""impossible machine"", ""storm machine"", ""atmospheric engineering"", ""future technology"", ""AI generated machine"", ""colossal engineering"", ""bridge maker machine""]",2026-09-25 06:50:20.305958
559,Magma Flow Bridge Forgemaster,31,Bridge,Infrastructure,new,10,1,1,Magma Flow Bridge Machine Forging Bridges From Lava,"[""bridge machine"", ""bridge maker machine"", ""magma flow bridge"", ""futuristic bridge machine"", ""mega machine"", ""colossal machine"", ""impossible machine"", ""AI generated machine"", ""volcanic machine"", ""lava forging machine"", ""future engineering"", ""giant construction machine"", ""bridge construction"", ""sci fi engineering""]",2026-09-25 06:50:20.307055
560,Ocean Rift Bridge Leviathan,31,Bridge,Infrastructure,new,10,1,1,Ocean Leviathan Builds an Impossible Deep Sea Bridge,"[""ocean leviathan"", ""deep sea machine"", ""underwater bridge"", ""bridge machine"", ""ocean rift"", ""deep sea construction"", ""giant machine"", ""futuristic engineering"", ""mega machine"", ""impossible machines"", ""underwater construction"", ""ocean megastructure"", ""AI cinematic machine"", ""future technology""]",2026-09-25 06:50:20.308044
561,Quantum Folding Bridge Architect,31,Bridge,Infrastructure,new,10,1,1,Quantum Bridge Machine Folds Space to Build Impossible Bridges,"[""quantum bridge"", ""quantum bridge machine"", ""folding bridge"", ""bridge machine"", ""futuristic bridge"", ""impossible engineering"", ""future technology"", ""mega structure"", ""colossal machine"", ""AI generated machine"", ""space folding technology"", ""quantum architecture"", ""bridge builder machine"", ""futuristic engineering""]",2026-09-25 06:50:20.309416
562,Tectonic Bridge Crawling Colossus,31,Bridge,Infrastructure,new,10,1,1,Tectonic Bridge Machine: The Colossus That Moves Mountains,"[""tectonic bridge machine"", ""bridge machine"", ""crawling bridge machine"", ""colossal construction machine"", ""futuristic engineering"", ""giant machine"", ""mega structure"", ""impossible machines"", ""future construction"", ""bridge construction machine"", ""geological machine"", ""AI generated machine"", ""massive engineering"", ""tectonic machine"", ""mechanical colossus""]",2026-09-25 06:50:20.310644
563,Solar Plasma Bridge Reactor,31,Bridge,Infrastructure,new,10,1,1,Solar Plasma Bridge Reactor Builds Bridges From Pure Energy,"[""solar plasma bridge reactor"", ""solar plasma machine"", ""solar powered construction machine"", ""future bridge construction"", ""bridge construction machine"", ""plasma bridge"", ""futuristic engineering"", ""mega construction machine"", ""giant machine technology"", ""future technology concept"", ""artificial solar energy"", ""advanced engineering"", ""colossal machines"", ""AI generated engineering"", ""energy based construction""]",2026-09-25 06:50:20.311675
564,Chrono Velocity Bridge Runner,31,Bridge,Infrastructure,new,10,1,1,Bridge Building Machine Creates a Time-Accelerated Mega Structure,"[""bridge machine"", ""bridge building machine"", ""bridge construction machine"", ""bridge maker machine"", ""futuristic construction machine"", ""automated bridge construction"", ""mega structure machine"", ""future engineering"", ""colossal machine"", ""AI generated cinematic"", ""construction technology"", ""advanced engineering"", ""moving bridge machine""]",2026-09-25 06:50:20.312721
565,Void Anchor Bridge Manipulator,31,Bridge,Infrastructure,new,10,1,1,Void Anchor Bridge Machine Creates a Bridge Across Impossible Gaps,"[""bridge machine"", ""bridge maker machine"", ""bridge construction machine"", ""bridge making machine"", ""future engineering"", ""futuristic bridge"", ""mega structure"", ""colossal machine"", ""robot construction machine"", ""impossible engineering"", ""mechanical bridge"", ""AI engineering concept"", ""giant machine"", ""bridge builder"", ""advanced construction""]",2026-09-25 06:50:20.313740
566,Abyssal Ring Borer,72,Underwater City,Infrastructure,new,10,1,1,Underwater City: Abyssal Ring Borer,"[""underwater city"", ""underwater city ai"", ""underwater city machine"", ""underwater megastructure"", ""underwater city engineering"", ""underwater tunnel"", ""underwater boring machine"", ""giant boring machine"", ""futuristic engineering"", ""colossal machines"", ""AI engineering"", ""underwater city ambience"", ""seabed excavation"", ""future underwater city"", ""underground transit""]",2026-09-25 07:08:08.107612
567,Trench-Lift Engine,72,Underwater City,Infrastructure,new,10,1,1,Underwater City Lifted by a Trench-Lift Engine,"[""underwater city"", ""underwater city ai"", ""underwater city engineering"", ""underwater city machine"", ""trench lift engine"", ""city foundation lift"", ""underwater construction"", ""futuristic engineering"", ""colossal machine"", ""mega structure"", ""underwater megastructure"", ""underwater city concept"", ""giant engineering machine"", ""AI engineering""]",2026-09-25 07:08:08.109224
568,Pressure-Weave Foundry,72,Underwater City,Infrastructure,new,10,1,1,Underwater City AI: A Machine That Builds Pressure Domes,"[""underwater city"", ""underwater city ai"", ""underwater city construction"", ""underwater city machine"", ""underwater construction"", ""underwater city technology"", ""underwater city engineering"", ""pressure dome"", ""hydraulic pressure"", ""hydrostatic pressure"", ""futuristic engineering"", ""colossal machine"", ""AI generated engineering"", ""underwater megastructure"", ""underwater city concept""]",2026-09-25 07:08:08.110733
569,Seafloor Rail Hammer,72,Underwater City,Infrastructure,new,10,1,1,Underwater City Rail Hammer Drives Mega-Rails Into the Seafloor,"[""underwater city"", ""underwater city ai"", ""underwater city engineering"", ""seafloor rail"", ""seafloor machine"", ""rail hammer"", ""underwater railway"", ""underwater infrastructure"", ""futuristic engineering"", ""colossal machine"", ""underwater megastructure"", ""seafloor construction"", ""magnetic rail"", ""underwater city construction""]",2026-09-25 07:08:08.111720
570,Tidal Gate Cyclone,72,Underwater City,Infrastructure,new,10,1,1,Tidal Gate Cyclone: The Ocean Machine That Saves an Underwater City 🌊,"[""Tidal Gate Cyclone"", ""underwater city"", ""giant ocean machine"", ""impossible engineering"", ""future technology"", ""mega structures"", ""ocean control system"", ""tidal wave protection"", ""sci fi machines"", ""underwater engineering"", ""future cities"", ""viral AI concepts"", ""colossal machines""]",2026-09-25 07:08:08.112608
571,Mantle Anchor Spider,72,Underwater City,Infrastructure,new,10,1,1,The Underwater Spider That Moves an Entire City’s Foundation 🕷️,"[""Mantle Anchor Spider"", ""underwater city"", ""impossible machines"", ""giant engineering"", ""sci fi megastructure"", ""future technology"", ""deep ocean machine"", ""colossal spider robot"", ""underwater construction"", ""tectonic stabilization"", ""futuristic engineering"", ""AI generated machines"", ""mega structure concept"", ""ocean civilization"", ""viral sci fi video""]",2026-09-25 07:08:08.113510
572,Abyssal Elevator Spiral,72,Underwater City,Infrastructure,new,10,1,1,The Abyssal Elevator Spiral That Drills an Underwater City 🌊,"[""Abyssal Elevator Spiral"", ""underwater city"", ""giant drilling machine"", ""deep ocean technology"", ""future engineering"", ""mega machine concept"", ""impossible machines"", ""subsea construction"", ""vertical tunnel excavation"", ""ocean megastructure"", ""sci fi engineering"", ""futuristic underwater world"", ""massive excavation machine"", ""deep sea civilization"", ""AI generated machines""]",2026-09-25 07:08:08.114364
573,Thermal Chimney Engine,72,Underwater City,Infrastructure,new,10,1,1,The Ocean’s Impossible Power Tower That Moves the Deep Sea 🌊,"[""Thermal Chimney Engine"", ""underwater city"", ""impossible machines"", ""deep ocean technology"", ""future engineering"", ""giant underwater machine"", ""ocean energy system"", ""sci fi megastructure"", ""artificial convection"", ""deep sea power plant"", ""futuristic technology"", ""ocean turbine"", ""mega engineering"", ""underwater civilization"", ""extreme engineering concepts""]",2026-09-25 07:08:08.115218
574,Floodwall Ram,72,Underwater City,Infrastructure,new,10,1,1,The Underwater Floodwall Ram That Hits Like a Seabed Missile 🌊,"[""Floodwall Ram"", ""Underwater City"", ""Giant Machines"", ""Future Engineering"", ""Mega Construction"", ""Ocean Technology"", ""Impossible Machines"", ""Underwater Megastructure"", ""Seabed Engineering"", ""Hydraulic Machines"", ""Sci Fi Engineering"", ""Massive Machine Concept"", ""Deep Ocean Technology"", ""Future Cities"", ""Extreme Engineering""]",2026-09-25 07:08:08.116140
575,Oceanic Bridge Weave,72,Underwater City,Infrastructure,new,10,1,1,The Ocean Bridge That Was Woven Into Existence 🌊,"[""Oceanic Bridge Weave"", ""Underwater City"", ""Impossible Machines"", ""Future Engineering"", ""Mega Structures"", ""Deep Ocean Technology"", ""Futuristic Construction"", ""Colossal Machines"", ""Sci Fi Engineering"", ""Underwater Civilization"", ""Giant Mechanical Systems"", ""Ocean Bridge"", ""Extreme Engineering"", ""Future Megastructures""]",2026-09-25 07:08:08.117328
576,DNA Helix Genesis Reactor,53,DNA,Biology,new,10,1,1,DNA Genesis Reactor Rebuilds an Entire Planet 🌍,"[""DNA helix reactor"", ""DNA genetic engineering"", ""genetic engineering machine"", ""impossible machine"", ""giant sci fi machine"", ""planet transformation"", ""DNA technology"", ""future technology"", ""AI generated sci fi"", ""mega machine"", ""biological reconstruction"", ""genetic evolution"", ""sci fi concept"", ""futuristic machine"", ""epic AI video""]",2026-09-25 07:49:13.653534
577,DNA Quantum Mutation Forge,53,DNA,Biology,new,10,1,1,DNA Quantum Mutation Forge: The Impossible Genetic Factory 🧬,"[""DNA quantum mutation forge"", ""DNA machine"", ""DNA mutation machine"", ""quantum DNA"", ""genetic engineering"", ""impossible machine"", ""giant machine"", ""future technology"", ""sci fi machine"", ""DNA factory"", ""genetic mutation"", ""AI generated video"", ""AI sci fi"", ""futuristic technology"", ""molecular engineering""]",2026-09-25 07:49:13.655854
578,DNA Ocean Evolution Engine,53,DNA,Biology,new,10,1,1,DNA Ocean Evolution Engine: The Machine That Rewrites the Sea 🌊,"[""DNA ocean evolution engine"", ""DNA machine"", ""ocean evolution"", ""genetic engineering"", ""DNA transformation"", ""underwater machine"", ""deep ocean technology"", ""impossible machine"", ""futuristic machine"", ""ocean megastructure"", ""artificial evolution"", ""future technology"", ""genetic mutation machine"", ""underwater megastructure"", ""sci fi engineering""]",2026-09-25 07:49:13.657158
579,DNA Solar Evolution Colossus,53,DNA,Biology,new,10,1,1,DNA Solar Evolution Colossus Turns Desert Into a Living World ☀️,"[""DNA solar evolution colossus"", ""DNA machine"", ""impossible machine"", ""giant machine"", ""solar machine"", ""DNA evolution"", ""genetic engineering"", ""desert transformation"", ""ecosystem transformation"", ""future technology"", ""AI generated machine"", ""sci fi machine"", ""mega machine"", ""artificial ecosystem"", ""viral AI video""]",2026-09-25 07:49:13.658523
580,DNA Memory Reconstruction Titan,53,DNA,Biology,new,10,1,1,This AI Titan Rebuilds Lost DNA Into Living Creatures 🧬,"[""DNA reconstruction"", ""DNA machine"", ""genetic engineering"", ""AI generated machines"", ""impossible machines"", ""DNA memory"", ""living creatures reconstruction"", ""futuristic technology"", ""giant machine"", ""sci fi machine"", ""genetic reconstruction"", ""ancient DNA"", ""mega machine"", ""future engineering"", ""cinematic AI""]",2026-09-25 07:49:13.659592
581,DNA Storm Adaptation Machine,53,DNA,Biology,new,10,1,1,DNA Storm Machine Rewrites Life Inside a Hurricane 🌪️,"[""DNA storm adaptation machine"", ""DNA machine"", ""storm machine"", ""impossible machine"", ""AI generated machine"", ""genetic engineering machine"", ""DNA technology"", ""futuristic machine"", ""giant machine"", ""hurricane machine"", ""storm technology"", ""sci fi machine"", ""future technology"", ""AI sci fi"", ""mega machine""]",2026-09-25 07:49:13.660785
582,DNA Planetary Root Weaver,53,DNA,Biology,new,10,1,1,DNA Planetary Root Weaver Is Rebuilding the Earth 🌍,"[""DNA planetary machine"", ""DNA root weaver"", ""impossible machine"", ""planetary engineering"", ""DNA transformation"", ""genetic engineering machine"", ""underground mega machine"", ""futuristic technology"", ""artificial ecosystem"", ""planet reconstruction"", ""giant machine"", ""sci fi machine"", ""future technology"", ""genetic ecosystem"", ""AI generated sci fi""]",2026-09-25 07:49:13.661867
583,DNA Cellular Gravity Accelerator,53,DNA,Biology,new,10,1,1,DNA Gravity Accelerator: Evolution at Impossible Speed 🧬,"[""DNA cellular gravity accelerator"", ""DNA machine"", ""DNA engineering"", ""genetic engineering"", ""artificial gravity machine"", ""DNA transformation"", ""cellular transformation"", ""futuristic biotechnology"", ""future technology"", ""giant machine"", ""sci fi machine"", ""genetic technology"", ""evolution machine"", ""biotechnology concept"", ""impossible technology""]",2026-09-25 07:49:13.662915
584,DNA Crystal Bio Forge Beast,53,DNA,Biology,new,10,1,1,This DNA Crystal Beast Rebuilds Itself While Moving! 🧬,"[""DNA Crystal Bio Forge Beast"", ""DNA machine"", ""crystal beast"", ""biological machine"", ""DNA engineering"", ""genetic engineering"", ""mechanical beast"", ""self regenerating machine"", ""crystal technology"", ""sci fi machine"", ""AI generated video"", ""futuristic technology"", ""bio forge"", ""giant mechanical creature"", ""DNA transformation""]",2026-09-25 07:49:13.663901
585,DNA Time Evolution Excavator,53,DNA,Biology,new,10,1,1,DNA Time Evolution Excavator Rewrites Earth's Evolution 🧬,"[""DNA evolution"", ""DNA machine"", ""time evolution excavator"", ""genetic engineering"", ""DNA transformation"", ""evolution machine"", ""giant excavator"", ""mega machine"", ""sci fi machine"", ""futuristic technology"", ""genetic evolution"", ""planetary machine"", ""AI sci fi"", ""DNA technology"", ""future evolution""]",2026-09-25 07:49:13.665095
586,Tidal Forge Leviathan Ship,32,Ship,Vehicle,new,10,1,1,This Ship Literally Rewrites the Ocean 🌊,"[""Tidal Forge Leviathan Ship"", ""impossible machine"", ""giant ship"", ""mega ship"", ""ocean engineering"", ""artificial tides"", ""ocean megastructure"", ""underwater construction"", ""planetary engineering"", ""sci fi ship"", ""colossal machine"", ""ocean transformation"", ""cinematic VFX"", ""future technology"", ""impossible engineering""]",2026-09-25 07:50:52.421030
587,Stormbreaker Atmospheric Carrier Ship,32,Ship,Vehicle,new,10,1,1,This Ship Doesn’t Survive the Storm… It Controls It 🌪️,"[""Stormbreaker ship"", ""atmospheric carrier"", ""impossible machine"", ""superstorm ship"", ""hurricane machine"", ""weather control ship"", ""sci fi ship"", ""giant ship"", ""storm machine"", ""future technology"", ""mechanical engineering"", ""AI generated video"", ""cinematic sci fi"", ""weather manipulation"", ""epic storm""]",2026-09-25 07:50:52.432671
588,Abyssal Trench Excavator Ship,32,Ship,Vehicle,new,10,1,1,This Impossible Ship Digs Through the Ocean Floor! 🌊,"[""abyssal trench excavator ship"", ""underwater excavation machine"", ""mega machine"", ""impossible engineering"", ""giant ship"", ""deep ocean machine"", ""underwater mining"", ""ocean floor excavation"", ""abyssal trench"", ""future technology"", ""massive machines"", ""sci fi engineering"", ""underwater megastructure"", ""giant drilling machine"", ""concept ship""]",2026-09-25 07:50:52.437921
589,Solar Blade Fusion Ship,32,Ship,Vehicle,new,10,1,1,This Ship Dives Into a Star and Harvests Fusion Power ☀️,"[""solar blade fusion ship"", ""fusion ship"", ""star mining spaceship"", ""spaceship inside a star"", ""solar megastructure"", ""impossible machine"", ""sci fi spaceship"", ""future technology"", ""stellar engineering"", ""plasma harvesting"", ""fusion energy"", ""star harvesting"", ""giant spaceship"", ""science fiction ship"", ""space megastructure""]",2026-09-25 07:50:52.440009
590,Planetary Icebreaker Ship,32,Ship,Vehicle,new,10,1,1,This Ship Is Breaking an Entire Frozen Continent! 🧊,"[""planetary icebreaker ship"", ""giant icebreaker"", ""mega ship"", ""impossible machines"", ""sci fi ship"", ""futuristic ship"", ""ice breaking machine"", ""glacier destruction"", ""polar engineering"", ""massive machines"", ""future technology"", ""mechanical earthquake"", ""giant construction machine"", ""epic sci fi"", ""cinematic AI video""]",2026-09-25 07:50:52.441868
591,Gravity Anchor Warp Ship,32,Ship,Vehicle,new,10,1,1,This Ship Warps Gravity to Drag Space Itself Forward 🌀,"[""gravity anchor ship"", ""gravity warp ship"", ""warp drive"", ""gravity engine"", ""sci fi spaceship"", ""impossible machine"", ""futuristic spacecraft"", ""space engineering"", ""gravity manipulation"", ""mechanical spaceship"", ""artificial gravity"", ""space technology"", ""cinematic sci fi"", ""deep space"", ""future technology""]",2026-09-25 07:50:52.443387
592,Volcanic Core Mining Ship,32,Ship,Vehicle,new,10,1,1,This Ship Dives Into an Active Volcano to Mine Its Molten Core 🌋,"[""volcanic core mining ship"", ""volcano mining ship"", ""magma mining"", ""lava mining machine"", ""giant mining ship"", ""impossible machines"", ""sci fi ship"", ""volcano machine"", ""volcanic mining"", ""magma extraction"", ""future technology"", ""mega engineering"", ""sci fi machines"", ""epic machines"", ""volcano excavation""]",2026-09-25 07:50:52.444929
593,Ocean Rift Bridge Ship,32,Ship,Vehicle,new,10,1,1,This Ship Builds a Bridge Across an Impossible Ocean Rift 🌊,"[""ocean rift bridge ship"", ""mega ship"", ""impossible ship"", ""bridge building ship"", ""ocean fracture"", ""giant machine"", ""sci fi engineering"", ""future technology"", ""mechanical engineering"", ""colossal ship"", ""impossible machines"", ""megaproject"", ""extreme engineering"", ""cinematic sci fi"", ""AI generated machines""]",2026-09-25 07:50:52.447571
594,Magnetic Storm Chaser Ship,32,Ship,Vehicle,new,10,1,1,This Ship Captures a Planet-Sized Magnetic Storm ⚡,"[""magnetic storm ship"", ""magnetic storm chaser"", ""storm chaser ship"", ""sci fi ship"", ""futuristic spaceship"", ""magnetic energy"", ""electromagnetic storm"", ""space technology"", ""future technology"", ""giant spaceship"", ""sci fi technology"", ""planetary storm"", ""energy harvesting"", ""AI spaceship"", ""cinematic sci fi""]",2026-09-25 07:50:52.451358
595,World Engine Transformation Ship,32,Ship,Vehicle,new,10,1,1,This Ship Can Reshape an Entire Planet 🌍,"[""world engine ship"", ""transformation ship"", ""planetary engineering"", ""mega machine"", ""giant machine"", ""sci fi ship"", ""planet reshaping machine"", ""world transforming machine"", ""futuristic ship"", ""mechanical transformation"", ""planetary machine"", ""giant engineering machine"", ""sci fi technology"", ""impossible machines"", ""future technology""]",2026-09-25 07:50:52.453323
596,Atmospheric Forge Harvester,73,Factory,Industry,new,10,1,1,This Machine Forges Metal From Lightning & Air ⚡,"[""Atmospheric Forge Harvester"", ""impossible machine"", ""future factory"", ""sci fi engineering"", ""metal from lightning"", ""giant industrial machine"", ""mega factory"", ""advanced technology"", ""AI concept machine"", ""futuristic invention"", ""mechanical engineering"", ""factory automation"", ""epic machines"", ""next generation industry""]",2026-09-25 08:07:27.866986
597,Continental Coil Stamping Engine,73,Factory,Industry,new,10,1,1,The Impossible Factory Machine That Stamps a Kilometer of Steel ⚙️,"[""Continental Coil Stamping Engine"", ""giant factory machine"", ""impossible machines"", ""future factory technology"", ""mega industrial machinery"", ""massive steel stamping"", ""futuristic engineering"", ""extreme manufacturing"", ""AI generated machines"", ""industrial megastructures"", ""colossal machines"", ""factory simulation"", ""advanced robotics"", ""future industry"", ""mechanical engineering""]",2026-09-25 08:07:27.871901
598,Magma-Pressure Foundry,73,Factory,Industry,new,10,1,1,The Impossible Magma Foundry That Bends Gravity Itself 🔥,"[""magma pressure foundry"", ""impossible factory machine"", ""futuristic factory"", ""giant industrial machine"", ""sci fi technology"", ""mega engineering"", ""molten metal casting"", ""gravity machine"", ""future factory concept"", ""colossal machinery"", ""industrial simulation"", ""advanced manufacturing"", ""extreme engineering"", ""viral factory video""]",2026-09-25 08:07:27.873245
599,Orbital-Momentum Assembly Wheel,73,Factory,Industry,new,10,1,1,The Impossible 3KM Factory Wheel That Builds Itself 🚀,"[""orbital momentum assembly wheel"", ""giant factory machine"", ""futuristic factory"", ""impossible engineering"", ""mega construction machine"", ""industrial technology"", ""sci fi factory"", ""massive machines"", ""future engineering"", ""automated assembly"", ""giant mechanical systems"", ""factory of the future"", ""engineering marvel"", ""extreme machinery""]",2026-09-25 08:07:27.875603
600,Vacuum Collapse Manufacturing Ring,73,Factory,Industry,new,10,1,1,This Factory Uses Air Pressure to Crush Metal Into Impossible Shapes 🤯,"[""vacuum collapse machine"", ""future factory"", ""impossible machines"", ""giant industrial machines"", ""pressure vessel manufacturing"", ""futuristic technology"", ""mega factory"", ""advanced engineering"", ""sci fi factory"", ""industrial automation"", ""mechanical engineering"", ""future manufacturing"", ""AI generated machines"", ""colossal machines"", ""factory technology""]",2026-09-25 08:07:27.877464
601,Cryogenic Shock Fabricator,73,Factory,Industry,new,10,1,1,The Factory Machine That Freezes Metal in Seconds 🧊,"[""cryogenic shock fabricator"", ""futuristic factory machine"", ""impossible factory"", ""giant industrial machines"", ""sci fi manufacturing"", ""future technology"", ""thermal shock machine"", ""advanced manufacturing"", ""mega factory"", ""industrial engineering"", ""coolant technology"", ""machine transformation"", ""AI generated factory"", ""extreme engineering"", ""viral factory video""]",2026-09-25 08:07:27.878685
602,Plasma Extrusion Cathedral,73,Factory,Industry,new,10,1,1,The Impossible Plasma Factory That Builds Beams From Pure Energy ⚡,"[""Plasma Extrusion Cathedral"", ""future factory"", ""impossible machines"", ""mega factory"", ""sci fi technology"", ""plasma technology"", ""future manufacturing"", ""giant industrial machine"", ""advanced engineering"", ""factory of the future"", ""magnetic confinement"", ""futuristic construction"", ""AI generated factory"", ""mega machines"", ""industrial innovation""]",2026-09-25 08:07:27.879789
603,Seismic Forge Hammer,73,Factory,Industry,new,10,1,1,The Factory That Turns Earthquakes Into Powerful Metal 🔨,"[""Seismic Forge Hammer"", ""giant factory machine"", ""futuristic factory"", ""mega machine"", ""impossible engineering"", ""industrial technology"", ""massive forging machine"", ""earthquake machine"", ""future manufacturing"", ""sci fi factory"", ""mechanical engineering"", ""colossal machines"", ""factory simulation"", ""extreme machinery"", ""AI generated factory""]",2026-09-25 08:07:27.880920
604,Cyclone Shear Reactor,73,Factory,Industry,new,10,1,1,The Cyclone Shear Reactor Cuts Metal Without Touching It 🌪️,"[""cyclone shear reactor"", ""futuristic factory"", ""impossible machines"", ""future technology"", ""industrial engineering"", ""plasma cutting machine"", ""giant factory machine"", ""sci fi factory"", ""advanced manufacturing"", ""mega machines"", ""industrial automation"", ""future inventions"", ""machine technology"", ""factory simulation"", ""viral engineering video""]",2026-09-25 08:07:27.881902
605,Gravitational Riveting Engine,73,Factory,Industry,new,10,1,1,Gravity Engine Slams Steel Together in Impossible Factory ⚡,"[""gravitational riveting engine"", ""future factory machine"", ""impossible factory technology"", ""giant industrial machines"", ""sci fi factory"", ""mega construction machine"", ""advanced engineering"", ""future manufacturing"", ""steel assembly machine"", ""artificial gravity technology"", ""industrial automation"", ""massive factory process"", ""cinematic factory simulation"", ""futuristic engineering"", ""viral machine videos""]",2026-09-25 08:07:27.882687
606,Microbe Planetary Forge Walker,54,Microbe,Biology,new,10,1,1,This Giant Microbe Machine Is Reshaping an Entire Planet 🦠,"[""microbe planetary forge walker"", ""giant microbe machine"", ""microbe machine"", ""giant machine"", ""planetary forge"", ""microbial ecosystem"", ""microbe evolution"", ""sci fi machine"", ""futuristic machine"", ""planetary engineering"", ""giant mechanical walker"", ""AI generated sci fi"", ""futuristic technology"", ""mechanical colossus"", ""epic sci fi concept""]",2026-09-25 08:31:22.986968
607,Microbe Quantum Excavation Serpent,54,Microbe,Biology,new,10,1,1,The Microbe Quantum Serpent Is Drilling Into a Hidden World 🧬,"[""microbe"", ""microbe machine"", ""quantum excavation"", ""excavation serpent"", ""giant drilling machine"", ""underground world"", ""ancient microbes"", ""mega machine"", ""sci fi machine"", ""AI generated video"", ""planet excavation"", ""underground civilization"", ""giant mechanical serpent"", ""futuristic machine"", ""extreme drilling""]",2026-09-25 08:31:22.988351
608,Microbe Ocean Storm Engine,54,Microbe,Biology,new,10,1,1,Microbe Ocean Storm Engine Reshapes the Entire Ocean 🌊,"[""microbe ocean storm engine"", ""microbe machine"", ""ocean storm engine"", ""giant ocean machine"", ""mechanical island"", ""ocean transformation"", ""microbial energy"", ""underwater machine"", ""mega machine"", ""sci fi machine"", ""AI animation"", ""ocean destruction"", ""underwater technology"", ""futuristic machine"", ""viral AI video""]",2026-09-25 08:31:22.989282
609,Microbe Atmospheric Swarm Reactor,54,Microbe,Biology,new,10,1,1,The Microbe Atmospheric Swarm Reactor Is Breaking the Sky! 🌪️,"[""microbe atmospheric swarm reactor"", ""microbe machine"", ""atmospheric reactor"", ""giant sci fi machine"", ""microbial swarm"", ""mega machine"", ""mechanical wings"", ""atmospheric engineering"", ""cloud manipulation"", ""giant reactor"", ""sci fi technology"", ""AI generated machine"", ""futuristic machine"", ""planetary engineering"", ""viral sci fi""]",2026-09-25 08:31:22.990416
610,Microbe Time Compression Harvester,54,Microbe,Biology,new,10,1,1,This Microbe Machine Can Compress Time! 🧬,"[""microbe time compression harvester"", ""microbe machine"", ""microbial evolution"", ""time compression"", ""microbe evolution"", ""giant machine"", ""sci fi machine"", ""artificial evolution"", ""microbial transformation"", ""ancient microbes"", ""biotechnology"", ""mega machine"", ""futuristic technology"", ""science fiction"", ""cinematic sci fi""]",2026-09-25 08:31:22.991568
611,Microbe Gravity Crusher Titan,54,Microbe,Biology,new,10,1,1,This Microbe Gravity Crusher Titan Defies Planetary Physics! 🌍,"[""microbe gravity crusher titan"", ""microbe giant machine"", ""gravity crusher"", ""artificial gravity machine"", ""giant mechanical titan"", ""microbe sci fi"", ""planetary scale machine"", ""mega machine"", ""gravity manipulation"", ""giant robot machine"", ""microbial ecosystem"", ""sci fi machine"", ""extreme engineering"", ""futuristic technology"", ""epic mechanical machine""]",2026-09-25 08:31:22.992680
612,Microbe Fusion Thunder Engine,54,Microbe,Biology,new,10,1,1,Microbe Fusion Thunder Engine Unleashed ⚡,"[""microbe fusion thunder engine"", ""microbe machine"", ""microbial fusion"", ""giant mechanical machine"", ""thunder engine"", ""sci fi machine"", ""mega machine"", ""microbe technology"", ""future technology"", ""biological fusion"", ""electromagnetic engine"", ""AI animation"", ""sci fi animation"", ""microbial ecosystem"", ""mechanical beast""]",2026-09-25 08:31:22.993674
613,Microbe Abyssal Builder Kraken,54,Microbe,Biology,new,10,1,1,Microbe Abyssal Builder Kraken: The Deep Sea Megastructure 🦑,"[""microbe"", ""microbes"", ""deep sea"", ""abyssal ocean"", ""abyssal kraken"", ""microbe kraken"", ""deep sea machine"", ""giant underwater machine"", ""ocean megastructure"", ""underwater construction"", ""microbial ecosystem"", ""deep ocean technology"", ""sci fi machine"", ""AI generated video"", ""futuristic ocean""]",2026-09-25 08:31:22.994476
614,Microbe Cellular Storm Transformer,54,Microbe,Biology,new,10,1,1,Microbe Cellular Storm Transformer Is Pure Mechanical Chaos ⚡,"[""microbe"", ""microbial transformation"", ""microbe transformer"", ""cellular storm transformer"", ""giant machine"", ""mega machine"", ""sci fi machine"", ""microbial world"", ""microbe sci fi"", ""future technology"", ""AI sci fi"", ""mechanical transformer"", ""giant robot machine"", ""cinematic sci fi"", ""ecosystem transformation""]",2026-09-25 08:31:22.995244
615,Microbe Cosmic Seeder Engine,54,Microbe,Biology,new,10,1,1,This Microbe Engine Plants Life on Alien Worlds! 🚀,"[""microbe cosmic seeder engine"", ""microbe machine"", ""cosmic seeder"", ""alien world engineering"", ""giant sci fi machine"", ""microbial ecosystem"", ""space engineering"", ""planetary engineering"", ""sci fi technology"", ""mega machine"", ""alien planet"", ""cosmic machine"", ""future technology"", ""space transformation"", ""epic sci fi""]",2026-09-25 08:31:22.995947
616,Tidal Rift Catapult Ferry,33,Ferry,Vehicle,new,10,1,1,This Ferry Turns the Ocean Into a Giant Catapult! 🌊,"[""tidal rift catapult ferry"", ""catapult ferry"", ""mega ship"", ""futuristic ferry"", ""transforming ship"", ""ocean catapult"", ""artificial island launch"", ""giant ship transformation"", ""mechanical ship"", ""sci fi ship"", ""future technology"", ""ocean engineering"", ""massive waves"", ""concept ship"", ""epic sci fi""]",2026-09-25 08:33:55.701582
617,Storm Engine Weather Ferry,33,Ferry,Vehicle,new,10,1,1,This Ferry Creates Its Own Storms! 🌪️,"[""storm engine ferry"", ""weather ferry"", ""storm ferry"", ""futuristic ferry"", ""futuristic ship"", ""giant mechanical ferry"", ""artificial storm machine"", ""weather control machine"", ""mega machine"", ""sci fi ship"", ""extreme weather"", ""mechanical ship"", ""future technology"", ""cinematic sci fi"", ""impossible engineering""]",2026-09-25 08:33:55.703179
618,Abyssal Pressure Forge Ferry,33,Ferry,Vehicle,new,10,1,1,This Ferry Descends Into the Abyss and Rebuilds the Ocean Floor 🌊,"[""abyssal pressure forge ferry"", ""deep ocean ferry"", ""mechanical titan"", ""deep sea machine"", ""ocean floor transformation"", ""underwater engineering"", ""giant mechanical machine"", ""deep ocean trench"", ""sci fi ferry"", ""transforming ship"", ""underwater megastructure"", ""ocean floor machine"", ""futuristic ferry"", ""deep sea technology"", ""epic sci fi machine""]",2026-09-25 08:33:55.704281
619,Quantum Wave Splitter Ferry,33,Ferry,Vehicle,new,10,1,1,This Ferry Splits Tsunamis in Half! 🌊,"[""quantum wave splitter ferry"", ""wave splitter ferry"", ""futuristic ferry"", ""mega machine"", ""ocean control machine"", ""tsunami machine"", ""hurricane ferry"", ""futuristic ship"", ""mechanical ferry"", ""giant wave machine"", ""ocean engineering"", ""future technology"", ""AI generated machines"", ""impossible engineering"", ""viral futuristic vehicles""]",2026-09-25 08:33:55.705273
620,Magnetic Glacier Ferry,33,Ferry,Vehicle,new,10,1,1,This Ferry Just Moved an Entire Glacier! 🧊,"[""magnetic glacier ferry"", ""glacier moving machine"", ""giant ferry"", ""magnetic machine"", ""mega machine"", ""impossible engineering"", ""glacier transport"", ""ice moving machine"", ""sci fi ferry"", ""futuristic ferry"", ""giant mechanical machine"", ""ocean engineering"", ""massive waves"", ""glacier transformation"", ""viral sci fi""]",2026-09-25 08:33:55.706209
621,Volcanic Lava Crossing Ferry,33,Ferry,Vehicle,new,10,1,1,This Ferry Crosses MOLTEN LAVA Like It Owns the Volcano! 🌋,"[""volcanic lava ferry"", ""lava crossing ferry"", ""futuristic ferry"", ""volcano machine"", ""lava machine"", ""molten lava"", ""giant ferry"", ""mega machine"", ""sci fi vehicle"", ""impossible vehicles"", ""futuristic machines"", ""volcano engineering"", ""mechanical titan"", ""lava river"", ""AI generated vehicles""]",2026-09-25 08:33:55.707033
622,Ocean Current Accelerator Ferry,33,Ferry,Vehicle,new,10,1,1,This Ferry Rewrites Ocean Currents With Impossible Power 🌊,"[""ocean current accelerator ferry"", ""futuristic ferry"", ""ocean current machine"", ""mega engineering"", ""futuristic ship"", ""underwater propulsion"", ""ocean engineering"", ""giant ferry"", ""sci fi ship"", ""future technology"", ""ocean currents"", ""mechanical ferry"", ""impossible engineering"", ""massive ocean machine"", ""futuristic transportation""]",2026-09-25 08:33:55.707822
623,Sky Launch Ferry Carrier,33,Ferry,Vehicle,new,10,1,1,This Ferry Just Launched Into the Sky 🚀,"[""sky launch ferry"", ""futuristic ferry"", ""ferry transformation"", ""ferry launcher"", ""aerospace ferry"", ""futuristic ship"", ""mega engineering"", ""future technology"", ""sci fi vehicle"", ""giant ferry"", ""transforming ship"", ""ocean launcher"", ""floating habitats"", ""impossible engineering"", ""viral sci fi""]",2026-09-25 08:33:55.708649
624,Continental Bridge Builder Ferry,33,Ferry,Vehicle,new,10,1,1,This Ferry Builds a Bridge Across the Ocean! 🌊,"[""continental bridge builder ferry"", ""bridge building ferry"", ""futuristic ferry"", ""future technology"", ""mega engineering"", ""ocean bridge"", ""giant ferry"", ""impossible engineering"", ""mechanical construction"", ""future transportation"", ""ocean engineering"", ""massive machines"", ""futuristic machines"", ""bridge construction"", ""engineering concept""]",2026-09-25 08:33:55.709507
625,Gravity Pulse Ferry,33,Ferry,Vehicle,new,10,1,1,This Ferry Controls Gravity and Bends the Ocean 🌊,"[""gravity pulse ferry"", ""gravity ferry"", ""futuristic ferry"", ""impossible ferry"", ""future technology"", ""gravity engine"", ""ocean manipulation"", ""impossible physics"", ""mega ferry"", ""futuristic ship"", ""ocean engineering"", ""sci fi vehicle"", ""gravity technology"", ""future transportation"", ""AI concept""]",2026-09-25 08:33:55.710371
626,Continental Gear Tectonic Borer,74,Gear System,Machine,new,10,1,1,This Mega Gear Machine Is Drilling Through a Continent 🌍,"[""Continental Gear Tectonic Borer"", ""giant drilling machine"", ""futuristic gear system"", ""mega machine technology"", ""extreme engineering"", ""sci fi machinery"", ""massive underground drill"", ""future factory machines"", ""tectonic drilling concept"", ""industrial gear mechanism"", ""planetary excavation"", ""advanced mechanical systems"", ""giant machine animation"", ""impossible engineering"", ""future technology""]",2026-09-25 09:03:00.292394
627,Atmospheric Gear Cyclone Engine,74,Gear System,Machine,new,10,1,1,This Machine Creates a Giant Mechanical Cyclone 🌪️,"[""Atmospheric Gear Cyclone Engine"", ""giant machine"", ""mechanical cyclone"", ""gear system"", ""future technology"", ""sci fi machine"", ""artificial weather machine"", ""industrial engineering"", ""massive gears"", ""rotating machine"", ""storm generator"", ""mega engineering"", ""futuristic factory"", ""weather control machine""]",2026-09-25 09:03:00.293765
628,Oceanic Gear Tide Ram,74,Gear System,Machine,new,10,1,1,The Ocean Gear Machine That Controls Giant Tides 🌊,"[""Oceanic Gear Tide Ram"", ""giant gear machine"", ""underwater machine"", ""ocean engineering"", ""future technology"", ""mega machines"", ""gear system"", ""mechanical ocean"", ""tide generator"", ""sci fi engineering"", ""submerged gears"", ""futuristic machines"", ""ocean waves"", ""cinematic engineering""]",2026-09-25 09:03:00.294636
629,Orbital Gear Momentum Launcher,74,Gear System,Machine,new,10,1,1,This Gear Launcher Reaches INSANE Orbital Speeds 🚀,"[""Orbital Gear Momentum Launcher"", ""giant gear machine"", ""futuristic launch system"", ""mechanical engineering"", ""sci fi machine"", ""extreme gear system"", ""massive rotating gears"", ""future technology"", ""engineering marvel"", ""impossible machines"", ""orbital launcher concept"", ""mega structure"", ""industrial fantasy"", ""AI generated machines""]",2026-09-25 09:03:00.295427
630,Mantle Gear Pressure Forge,74,Gear System,Machine,new,10,1,1,The Mantle Gear Forge That Reshapes the Planet 🌎,"[""mantle gear forge"", ""gear system"", ""giant machine"", ""underground engineering"", ""planetary machine"", ""geological transformation"", ""mechanical gears"", ""future technology"", ""mega structures"", ""sci fi engineering"", ""extreme machines"", ""crust deformation"", ""industrial fantasy"", ""deep earth machine""]",2026-09-25 09:03:00.296157
631,Megagear Asteroid Splitter,74,Gear System,Machine,new,10,1,1,This Machine Splits an Asteroid Using Impossible Gear Power 🚀,"[""Megagear Asteroid Splitter"", ""asteroid mining machine"", ""giant gear system"", ""sci fi machine"", ""space engineering"", ""asteroid destruction"", ""futuristic technology"", ""mechanical gears"", ""cosmic machinery"", ""advanced robotics"", ""space factory"", ""asteroid fracture"", ""future inventions"", ""AI generated machines""]",2026-09-25 09:03:00.296888
632,Gravity Gear Mass Driver,74,Gear System,Machine,new,10,1,1,The Impossible Gravity Gear Mass Driver Launches With Pure Momentum ⚙️,"[""Gravity Gear Mass Driver"", ""gear system"", ""futuristic machine"", ""mechanical engineering"", ""momentum launcher"", ""mass driver concept"", ""advanced gears"", ""industrial machinery"", ""impossible machines"", ""future technology"", ""mechanical animation"", ""engineering marvel"", ""heavy machinery"", ""sci fi engineering""]",2026-09-25 09:03:00.297646
633,Solar Gear Furnace Array,74,Gear System,Machine,new,10,1,1,This Solar Gear Furnace Is Melting an Entire Valley 🔥,"[""Solar Gear Furnace"", ""Gear System"", ""Futuristic Machine"", ""Solar Mirror Array"", ""Mechanical Engineering"", ""Extreme Engineering"", ""Future Technology"", ""Giant Machines"", ""Thermal Engineering"", ""Sci Fi Engineering"", ""Industrial Design"", ""Mega Machines"", ""Solar Energy Concept"", ""Engineering Animation"", ""Impossible Machines""]",2026-09-25 09:03:00.298339
634,Planetary Gearquake Dampener,74,Gear System,Machine,new,10,1,1,The Gear Machine That Fights Planetary Earthquakes 🌎,"[""Planetary Gearquake Dampener"", ""futuristic earthquake machine"", ""giant gear system"", ""seismic dampening technology"", ""future engineering concepts"", ""mechanical energy absorption"", ""counter rotating gears"", ""mega machine design"", ""earthquake protection system"", ""advanced mechanical engineering"", ""sci fi engineering"", ""industrial gear mechanism"", ""planetary gear system"", ""future technology""]",2026-09-25 09:03:00.299018
635,Temporal Gear Fabricator,74,Gear System,Machine,new,10,1,1,The Machine That Builds Itself: Temporal Gear Fabricator ⚙️,"[""Temporal Gear Fabricator"", ""giant gear machine"", ""futuristic factory"", ""gear system"", ""mechanical engineering"", ""sci fi technology"", ""industrial machine"", ""self building machine"", ""advanced manufacturing"", ""future invention"", ""massive gears"", ""robotic fabrication"", ""engineering concept"", ""AI generated machine"", ""megascale technology""]",2026-09-25 09:03:00.299686
636,Atmospheric Spearhead Hyperjet,34,Airplane,Vehicle,new,10,1,1,This Hyperjet Just Punched a Tunnel Through a Storm ⚡,"[""atmospheric spearhead hyperjet"", ""hyperjet"", ""futuristic aircraft"", ""future airplane"", ""sci fi aircraft"", ""storm flight"", ""extreme aircraft"", ""weather manipulation"", ""hypersonic jet"", ""futuristic airplane"", ""advanced propulsion"", ""lightning aircraft"", ""storm penetration"", ""aircraft concept"", ""sci fi technology""]",2026-09-25 09:39:13.185464
637,Ocean Rift Rescue Airliner,34,Airplane,Vehicle,new,10,1,1,This Airliner Splits the Ocean in Half! 🌊,"[""ocean rift rescue airliner"", ""futuristic airplane"", ""ocean rescue aircraft"", ""airliner technology"", ""sci fi airplane"", ""impossible aircraft"", ""future aircraft"", ""ocean splitting machine"", ""airplane transformation"", ""massive water displacement"", ""futuristic rescue"", ""sci fi engineering"", ""mega aircraft"", ""ocean technology"", ""viral futuristic aircraft""]",2026-09-25 09:39:13.187220
638,Continental Storm Engine Plane,34,Airplane,Vehicle,new,10,1,1,This Plane Creates Its Own MEGA STORM in the Sky! 🌪️,"[""continental storm engine plane"", ""storm engine airplane"", ""weather machine plane"", ""artificial storm aircraft"", ""futuristic airplane"", ""sci fi aircraft"", ""impossible airplane"", ""future technology"", ""weather manipulation"", ""giant airplane"", ""storm generator"", ""advanced aircraft"", ""atmospheric engine"", ""epic airplane concept"", ""viral sci fi""]",2026-09-25 09:39:13.188488
639,Skyborne Mountain Cutter Aircraft,34,Airplane,Vehicle,new,10,1,1,This Aircraft Cuts Through a Mountain at Full Speed! 🏔️✈️,"[""skyborne mountain cutter"", ""mountain cutting aircraft"", ""airplane cuts mountain"", ""flying mountain cutter"", ""futuristic aircraft"", ""impossible aircraft"", ""airborne excavation"", ""mountain excavation"", ""giant cutting blades"", ""extreme engineering"", ""future aviation"", ""sci fi aircraft"", ""mechanical engineering"", ""viral aircraft"", ""cinematic aviation""]",2026-09-25 09:39:13.189428
640,Gravity Hammer Aerospace Carrier,34,Airplane,Vehicle,new,10,1,1,Gravity Hammer Aircraft Hits With a Massive Gravity Pulse 💥,"[""Gravity Hammer Aerospace Carrier"", ""gravity aircraft"", ""gravity hammer"", ""futuristic airplane"", ""sci fi aircraft"", ""impossible airplane"", ""gravity reactor"", ""gravity pulse"", ""aerospace technology"", ""futuristic technology"", ""aircraft concept"", ""massive shockwave"", ""terrain destruction"", ""science fiction aircraft"", ""future aircraft""]",2026-09-25 09:39:13.190306
641,Aurora Fusion Propulsion Aircraft,34,Airplane,Vehicle,new,10,1,1,This Fusion Aircraft Defies Physics at Extreme Speed 🚀,"[""Aurora Fusion Propulsion Aircraft"", ""fusion aircraft"", ""fusion propulsion"", ""future aircraft"", ""sci fi aircraft"", ""futuristic airplane"", ""advanced aerospace"", ""hypersonic aircraft"", ""space aircraft"", ""plasma propulsion"", ""fusion engine"", ""extreme aircraft"", ""future technology"", ""aerospace technology"", ""science fiction""]",2026-09-25 09:39:13.191109
642,Titan Wing Earth Shaper,34,Airplane,Vehicle,new,10,1,1,This Plane Can Reshape the Earth From the Sky! 🌍,"[""Titan Wing Earth Shaper"", ""earth shaping aircraft"", ""futuristic airplane"", ""sci fi aircraft"", ""futuristic technology"", ""airborne construction"", ""mega aircraft"", ""future airplane"", ""terrain shaping machine"", ""mechanical wings"", ""giant aircraft"", ""sci fi technology"", ""concept aircraft"", ""future engineering"", ""viral futuristic aircraft""]",2026-09-25 09:39:13.191880
643,Thunderquake Sonic Aircraft,34,Airplane,Vehicle,new,10,1,1,Thunderquake Sonic Aircraft — The Airplane Machine You've Never Seen ⚡,"[""Thunderquake Sonic Aircraft"", ""Airplane machine"", ""Airplane engineering"", ""impossible engineering"", ""colossal machine"", ""megastructure"", ""futuristic technology"", ""ai animation"", ""8 second render"", ""cinematic machine""]",2026-09-25 09:39:13.192662
644,Solar Forge Transformation Plane,34,Airplane,Vehicle,new,10,1,1,Solar Forge Transformation Plane — The Airplane Machine You've Never Seen ⚡,"[""Solar Forge Transformation Plane"", ""Airplane machine"", ""Airplane engineering"", ""impossible engineering"", ""colossal machine"", ""megastructure"", ""futuristic technology"", ""ai animation"", ""8 second render"", ""cinematic machine""]",2026-09-25 09:39:13.193487
645,Planetary Vacuum Stormplane,34,Airplane,Vehicle,new,10,1,1,Planetary Vacuum Stormplane — The Airplane Machine You've Never Seen ⚡,"[""Planetary Vacuum Stormplane"", ""Airplane machine"", ""Airplane engineering"", ""impossible engineering"", ""colossal machine"", ""megastructure"", ""futuristic technology"", ""ai animation"", ""8 second render"", ""cinematic machine""]",2026-09-25 09:39:13.194281
646,Abyssal School-Phase Resonator,58,Fish School,Biology,new,10,1,1,The Abyssal Fish Machine Just Fired a Living Projectile 🐟,"[""abyssal fish school"", ""fish school machine"", ""deep sea megamachine"", ""underwater machine"", ""fish swarm technology"", ""abyssal resonator"", ""deep ocean technology"", ""futuristic underwater machine"", ""fish school dynamics"", ""ocean engineering"", ""deep sea engineering"", ""underwater megastructure"", ""swarm technology"", ""cinematic deep sea"", ""future ocean technology""]",2026-09-25 11:05:06.097335
647,Pelagic Vortex Loom,58,Fish School,Biology,new,10,1,1,This Machine Created an Impossible Ocean Vortex! 🌀,"[""Pelagic Vortex Loom"", ""fish school"", ""giant ocean machine"", ""underwater vortex"", ""ocean vortex"", ""impossible machine"", ""underwater engineering"", ""giant turbine"", ""fish swarm"", ""ocean simulation"", ""deep sea machine"", ""massive vortex"", ""underwater technology"", ""cinematic ocean"", ""AI generated machine""]",2026-09-25 11:05:06.099494
648,School-Splitter Wave Engine,58,Fish School,Biology,new,10,1,1,This Machine SPLITS an Entire Fish School Without Touching Them! 🌊,"[""School Splitter Wave Engine"", ""fish school machine"", ""underwater machine"", ""giant underwater machine"", ""fish school split"", ""pressure wave machine"", ""hydraulic piston machine"", ""ocean engineering"", ""futuristic machine"", ""underwater technology"", ""giant engineering"", ""fish school simulation"", ""impossible machines"", ""future technology"", ""ocean machine""]",2026-09-25 11:05:06.100901
649,Bioluminal Current Forge,58,Fish School,Biology,new,10,1,1,This Machine Turns a Fish School Into a Seabed-Shattering Force 🌊,"[""Bioluminal Current Forge"", ""fish school machine"", ""fish school"", ""underwater machine"", ""ocean engineering"", ""future technology"", ""seabed excavation"", ""underwater excavation"", ""ocean floor machine"", ""mechanical energy"", ""water jet excavation"", ""giant underwater machine"", ""sci fi engineering"", ""ocean simulation"", ""biological energy machine""]",2026-09-25 11:05:06.102099
650,Oceanic School Accelerator,58,Fish School,Biology,new,10,1,1,This Fish School Just Hit INSANE Speed! 🌊,"[""fish school"", ""ocean accelerator"", ""underwater machine"", ""ocean engineering"", ""giant machine"", ""future technology"", ""underwater technology"", ""fish acceleration"", ""cavitation"", ""deep sea machine"", ""ocean technology"", ""massive underwater machine"", ""fish school simulation"", ""futuristic ocean"", ""viral ocean video""]",2026-09-25 11:05:06.103186
651,Fish-Swarm Tectonic Hammer,58,Fish School,Biology,new,10,1,1,The Ocean’s Most Powerful Fish-Swarm Hammer 💥,"[""fish swarm"", ""fish school"", ""underwater machine"", ""tectonic hammer"", ""ocean engineering"", ""underwater technology"", ""giant machine"", ""seamount destruction"", ""underwater explosion"", ""fish swarm machine"", ""ocean simulation"", ""underwater shockwave"", ""deep sea machine"", ""viral AI video"", ""cinematic ocean""]",2026-09-25 11:05:06.104215
652,Migratory Gravity Spiral,58,Fish School,Biology,new,18,1,1,This Fish School Just Broke the Laws of Ocean Physics 🌀,"[""fish school"", ""fish swarm"", ""migratory fish"", ""underwater machine"", ""gravity spiral"", ""ocean physics"", ""underwater vortex"", ""fish migration"", ""giant machine"", ""ocean experiment"", ""underwater technology"", ""fish cinematic"", ""impossible physics"", ""viral fish video"", ""underwater engineering""]",2026-09-25 11:05:06.105251
653,School Memory Engine,58,Fish School,Biology,new,18,1,1,This Fish School Just Broke Every Formation Rule! 🐟,"[""fish school"", ""fish swarm"", ""school memory engine"", ""underwater machine"", ""fish formation"", ""mechanical fish experiment"", ""underwater pressure waves"", ""ocean technology"", ""fish simulation"", ""futuristic machine"", ""synchronized fish"", ""underwater engineering"", ""viral fish video"", ""aquatic simulation""]",2026-09-25 11:05:06.106186
654,Pelagic Barrier Breacher,58,Fish School,Biology,new,18,1,1,This Machine Just Tore Open the Ocean for Fish! 🌊,"[""pelagic barrier breacher"", ""fish school"", ""underwater machine"", ""ocean machine"", ""underwater engineering"", ""futuristic ocean technology"", ""fish swarm"", ""underwater pressure wave"", ""giant underwater turbines"", ""ocean simulation"", ""fish formation"", ""water displacement"", ""cinematic underwater"", ""viral fish video"", ""futuristic machine""]",2026-09-25 11:05:06.106917
655,Living Current Transformer,58,Fish School,Biology,new,18,1,1,This Fish School Becomes a Living Ocean Vortex 🌀,"[""fish school"", ""ocean vortex"", ""deep sea machine"", ""underwater machine"", ""fish swarm"", ""living current transformer"", ""giant ocean machine"", ""underwater vortex"", ""deep sea technology"", ""ocean engineering"", ""fish swarm vortex"", ""underwater experiment"", ""massive vortex"", ""deep ocean"", ""cinematic underwater""]",2026-09-25 11:05:06.107624
656,Continental Span Driver,75,Construction Crane,Machine,new,10,1,1,The Crane That Launches Bridges Across Impossible Chasms 🚀,"[""futuristic construction crane"", ""mega crane technology"", ""bridge building machine"", ""impossible engineering"", ""future construction"", ""giant construction machines"", ""advanced crane system"", ""massive bridge construction"", ""mechanical engineering"", ""industrial technology"", ""future machines"", ""engineering marvels"", ""large scale construction"", ""sci fi machinery""]",2026-09-25 11:14:08.093830
657,Mountain Reversal Crane,75,Construction Crane,Machine,new,10,1,1,The Crane That Rebuilds an Entire Mountain 😱,"[""mountain reversal crane"", ""giant construction crane"", ""mega machine"", ""future construction technology"", ""impossible engineering"", ""massive crane concept"", ""mountain moving machine"", ""futuristic machines"", ""heavy engineering"", ""geological engineering"", ""giant machinery"", ""AI engineering concepts"", ""megaprojects"", ""extreme construction"", ""engineering marvels""]",2026-09-25 11:14:08.095688
658,Storm Tower Constructor,75,Construction Crane,Machine,new,10,1,1,The Crane That Builds Inside a Hurricane 🌪️,"[""Storm Tower Constructor"", ""giant construction crane"", ""hurricane engineering"", ""future technology"", ""mega machines"", ""impossible construction"", ""storm control machine"", ""massive crane technology"", ""futuristic engineering"", ""giant tower construction"", ""AI concept machines"", ""extreme weather technology"", ""engineering marvel"", ""colossal structures"", ""future construction""]",2026-09-25 11:14:08.101798
659,Ocean Trench Stitcher,75,Construction Crane,Machine,new,10,1,1,The Impossible Ocean Crane That Stitches a Tectonic Trench 🌊,"[""ocean trench crane"", ""giant construction machine"", ""impossible engineering"", ""tectonic plate machine"", ""mega crane concept"", ""deep ocean construction"", ""future technology"", ""underwater megastructure"", ""giant machine animation"", ""extreme engineering"", ""seafloor transformation"", ""futuristic construction"", ""AI generated machines"", ""colossal crane"", ""geological engineering""]",2026-09-25 11:14:08.103188
660,Gravity Hoist Forge,75,Construction Crane,Machine,new,10,1,1,The Impossible Space Crane That Forges a Moon From an Asteroid 🌕,"[""space crane"", ""orbital construction"", ""asteroid forging"", ""mega engineering"", ""construction crane concept"", ""artificial moon"", ""space megastructure"", ""future technology"", ""asteroid mining"", ""sci fi engineering"", ""gravity hoist forge"", ""planetary construction"", ""orbital factory"", ""impossible machines""]",2026-09-25 11:14:08.104256
661,River Time-Bender,75,Construction Crane,Machine,new,10,1,1,The Crane That Moves an Entire River in Minutes 🌊,"[""giant construction crane"", ""future engineering"", ""impossible machines"", ""river transformation"", ""mega construction"", ""futuristic technology"", ""massive crane concept"", ""earth moving machine"", ""hydraulic engineering"", ""continental engineering"", ""AI visualization"", ""mega structures"", ""construction technology"", ""extreme engineering"", ""future machines""]",2026-09-25 11:14:08.105281
662,Megacity Inverter,75,Construction Crane,Machine,new,10,1,1,The Crane That Rotates an Entire Megacity 🤯,"[""megacity inverter"", ""giant construction crane"", ""futuristic construction machine"", ""impossible engineering"", ""mega structure technology"", ""city transformation machine"", ""sci fi construction"", ""future megastructure"", ""massive crane concept"", ""urban engineering"", ""rotating city concept"", ""advanced robotics"", ""future technology"", ""engineering marvel"", ""giant machines""]",2026-09-25 11:14:08.106207
663,Glacier Gear Shaper,75,Construction Crane,Machine,new,10,1,1,The Glacier Crane That Rebuilds Continents From Ice 🧊,"[""glacier crane"", ""giant construction machine"", ""mega machine concept"", ""impossible engineering"", ""future technology"", ""ice excavation"", ""polar engineering"", ""giant crane"", ""glacier reshaping"", ""futuristic machines"", ""massive construction"", ""ice manipulation"", ""engineering marvel"", ""cinematic sci fi machine""]",2026-09-25 11:14:08.107098
664,Volcanic Caldera Builder,75,Construction Crane,Machine,new,10,1,1,The Impossible Volcano Crane That Builds a New Caldera 🌋,"[""volcanic caldera builder"", ""giant construction crane"", ""impossible machines"", ""mega engineering"", ""volcano machine"", ""future construction technology"", ""giant crane concept"", ""extreme engineering"", ""planet scale machines"", ""lava engineering"", ""massive excavation machine"", ""sci fi construction"", ""geological engineering"", ""mega structures"", ""future machines""]",2026-09-25 11:14:08.107931
665,Atmospheric Anchor Crane,75,Construction Crane,Machine,new,10,1,1,This Crane Controls the Sky With Giant Atmospheric Cables 🌪️,"[""Atmospheric Anchor Crane"", ""giant construction crane"", ""impossible engineering"", ""mega machine concept"", ""future technology"", ""weather control machine"", ""stratosphere engineering"", ""massive crane simulation"", ""AI futuristic machines"", ""megaprojects"", ""giant mechanical systems"", ""sci fi construction"", ""engineering marvel"", ""extreme scale technology""]",2026-09-25 11:14:08.108750
666,Planetary Core Launch Rocket,35,Rocket,Vehicle,new,10,1,1,Planetary Core Launch Rocket — The Rocket Machine You've Never Seen ⚡,"[""Planetary Core Launch Rocket"", ""Rocket machine"", ""Rocket engineering"", ""impossible engineering"", ""colossal machine"", ""megastructure"", ""futuristic technology"", ""ai animation"", ""8 second render"", ""cinematic machine""]",2026-09-25 11:24:08.067725
667,Storm Piercing Atmosphere Rocket,35,Rocket,Vehicle,new,10,1,1,Storm Piercing Atmosphere Rocket — The Rocket Machine You've Never Seen ⚡,"[""Storm Piercing Atmosphere Rocket"", ""Rocket machine"", ""Rocket engineering"", ""impossible engineering"", ""colossal machine"", ""megastructure"", ""futuristic technology"", ""ai animation"", ""8 second render"", ""cinematic machine""]",2026-09-25 11:24:08.070059
668,Mountain Folding Construction Rocket,35,Rocket,Vehicle,new,10,1,1,Mountain Folding Construction Rocket — The Rocket Machine You've Never Seen ⚡,"[""Mountain Folding Construction Rocket"", ""Rocket machine"", ""Rocket engineering"", ""impossible engineering"", ""colossal machine"", ""megastructure"", ""futuristic technology"", ""ai animation"", ""8 second render"", ""cinematic machine""]",2026-09-25 11:24:08.072267
669,Ocean Splitting Hydro Rocket,35,Rocket,Vehicle,new,10,1,1,Ocean Splitting Hydro Rocket — The Rocket Machine You've Never Seen ⚡,"[""Ocean Splitting Hydro Rocket"", ""Rocket machine"", ""Rocket engineering"", ""impossible engineering"", ""colossal machine"", ""megastructure"", ""futuristic technology"", ""ai animation"", ""8 second render"", ""cinematic machine""]",2026-09-25 11:24:08.073371
670,Gravity Escape Rocket Hammer,35,Rocket,Vehicle,new,10,1,1,Gravity Escape Rocket Hammer — The Rocket Machine You've Never Seen ⚡,"[""Gravity Escape Rocket Hammer"", ""Rocket machine"", ""Rocket engineering"", ""impossible engineering"", ""colossal machine"", ""megastructure"", ""futuristic technology"", ""ai animation"", ""8 second render"", ""cinematic machine""]",2026-09-25 11:24:08.074365
671,Volcano Cooling Rocket Engine,35,Rocket,Vehicle,new,18,1,1,Volcano Cooling Rocket Engine — The Rocket Machine You've Never Seen ⚡,"[""Volcano Cooling Rocket Engine"", ""Rocket machine"", ""Rocket engineering"", ""impossible engineering"", ""colossal machine"", ""megastructure"", ""futuristic technology"", ""ai animation"", ""8 second render"", ""cinematic machine""]",2026-09-25 11:24:08.075319
672,Space Elevator Breaker Rocket,35,Rocket,Vehicle,new,18,1,1,Space Elevator Breaker Rocket — The Rocket Machine You've Never Seen ⚡,"[""Space Elevator Breaker Rocket"", ""Rocket machine"", ""Rocket engineering"", ""impossible engineering"", ""colossal machine"", ""megastructure"", ""futuristic technology"", ""ai animation"", ""8 second render"", ""cinematic machine""]",2026-09-25 11:24:08.076243
673,Desert Sandstorm Rocket Sculptor,35,Rocket,Vehicle,new,18,1,1,Desert Sandstorm Rocket Sculptor — The Rocket Machine You've Never Seen ⚡,"[""Desert Sandstorm Rocket Sculptor"", ""Rocket machine"", ""Rocket engineering"", ""impossible engineering"", ""colossal machine"", ""megastructure"", ""futuristic technology"", ""ai animation"", ""8 second render"", ""cinematic machine""]",2026-09-25 11:24:08.077132
674,Tectonic Jump Rocket,35,Rocket,Vehicle,new,18,1,1,Tectonic Jump Rocket — The Rocket Machine You've Never Seen ⚡,"[""Tectonic Jump Rocket"", ""Rocket machine"", ""Rocket engineering"", ""impossible engineering"", ""colossal machine"", ""megastructure"", ""futuristic technology"", ""ai animation"", ""8 second render"", ""cinematic machine""]",2026-09-25 11:24:08.078026
675,Fusion Energy Harvest Rocket,35,Rocket,Vehicle,new,18,1,1,Fusion Energy Harvest Rocket — The Rocket Machine You've Never Seen ⚡,"[""Fusion Energy Harvest Rocket"", ""Rocket machine"", ""Rocket engineering"", ""impossible engineering"", ""colossal machine"", ""megastructure"", ""futuristic technology"", ""ai animation"", ""8 second render"", ""cinematic machine""]",2026-09-25 11:24:08.078894
676,Orbital Span Foundry,36,Satellite,Space,active,18,1,1,Orbital Span Foundry — The Satellite Machine You've Never Seen ⚡,"[""Orbital Span Foundry"", ""Satellite machine"", ""Satellite engineering"", ""impossible engineering"", ""colossal machine"", ""megastructure"", ""futuristic technology"", ""ai animation"", ""8 second render"", ""cinematic machine""]",2026-09-25T21:36:29.439021+00:00
677,Skyhook Meridian Tower,36,Satellite,Space,active,18,1,1,Skyhook Meridian Tower — The Satellite Machine You've Never Seen ⚡,"[""Skyhook Meridian Tower"", ""Satellite machine"", ""Satellite engineering"", ""impossible engineering"", ""colossal machine"", ""megastructure"", ""futuristic technology"", ""ai animation"", ""8 second render"", ""cinematic machine""]",2026-09-25T21:36:29.439021+00:00
678,Tidal Harvest Ring,36,Satellite,Space,active,18,1,1,Tidal Harvest Ring — The Satellite Machine You've Never Seen ⚡,"[""Tidal Harvest Ring"", ""Satellite machine"", ""Satellite engineering"", ""impossible engineering"", ""colossal machine"", ""megastructure"", ""futuristic technology"", ""ai animation"", ""8 second render"", ""cinematic machine""]",2026-09-25T21:36:29.439021+00:00
679,Regolith Burrower,36,Satellite,Space,active,18,1,1,Regolith Burrower — The Satellite Machine You've Never Seen ⚡,"[""Regolith Burrower"", ""Satellite machine"", ""Satellite engineering"", ""impossible engineering"", ""colossal machine"", ""megastructure"", ""futuristic technology"", ""ai animation"", ""8 second render"", ""cinematic machine""]",2026-09-25T21:36:29.439021+00:00
680,Crater Walker,36,Satellite,Space,active,18,1,1,This Giant Crater Walker Is Reshaping the Moon! 🌕,"[""Crater Walker"", ""moon rover"", ""lunar construction"", ""lunar engineering"", ""giant walking machine"", ""moon machine"", ""lunar rover"", ""moon excavation"", ""regolith excavation"", ""futuristic space technology"", ""sci fi machine"", ""giant robot"", ""moon base technology"", ""space engineering"", ""futuristic machines""]",2026-09-25T21:36:29.439021+00:00
681,Solar Veil Canopy,36,Satellite,Space,active,18,1,1,This Satellite Controls Its Sunlight From Orbit ☀️,"[""solar veil canopy"", ""satellite megastructure"", ""orbital canopy"", ""space technology"", ""futuristic satellite"", ""solar reflector"", ""orbital engineering"", ""space megastructure"", ""sunlight control"", ""sci fi technology"", ""future engineering"", ""giant satellite"", ""orbital solar panels"", ""futuristic construction""]",2026-09-25T21:36:29.439021+00:00
682,Polar Ice Spine,36,Satellite,Space,active,18,1,1,This Giant Machine Melts Polar Ice & Sends Water Across a Satellite 🧊,"[""Polar Ice Spine"", ""satellite megastructure"", ""ice mining machine"", ""future water transport"", ""sci fi machine"", ""giant engineering machine"", ""polar ice mining"", ""space colonization"", ""satellite technology"", ""futuristic megastructure"", ""water extraction"", ""mechanical spine"", ""future engineering"", ""sci fi technology"", ""extreme machines""]",2026-09-25T21:36:29.439021+00:00
683,Magnetic Dust Shepherd,36,Satellite,Space,active,18,1,1,This Magnetic Machine Harvests an Entire Satellite’s Dust ⚡,"[""magnetic dust shepherd"", ""satellite mining"", ""magnetic mining machine"", ""futuristic mining"", ""sci fi machine"", ""mega machine"", ""alien planet technology"", ""space mining"", ""automated mining"", ""electromagnetic machine"", ""mineral processing"", ""future technology"", ""industrial machine"", ""sci fi engineering"", ""metal dust harvesting""]",2026-09-25T21:36:29.439021+00:00
684,Atmosphere Loom,36,Satellite,Space,active,18,1,1,This Giant Machine Is Building an Atmosphere on a Satellite 🌌,"[""Atmosphere Loom"", ""satellite megastructure"", ""artificial atmosphere"", ""atmosphere engineering"", ""futuristic machine"", ""giant machine"", ""satellite technology"", ""sci fi megastructure"", ""future technology"", ""planetary engineering"", ""atmospheric processing"", ""alien world"", ""space technology"", ""mega engineering"", ""sci fi technology""]",2026-09-25T21:36:29.439021+00:00
685,Crater Migration Engine,36,Satellite,Space,active,18,1,1,This Machine MOVES an Entire Settlement Across a Satellite! 🚀,"[""Crater Migration Engine"", ""giant machine"", ""mega machine"", ""satellite engineering"", ""industrial settlement"", ""sci fi machine"", ""future engineering"", ""planetary engineering"", ""mechanical centipede"", ""hydraulic machine"", ""traction rings"", ""massive construction machine"", ""futuristic technology"", ""space engineering"", ""megaproject""]",2026-09-25T21:36:29.439021+00:00
686,Colony Span Builder,55,Ant Colony,Biology,active,18,1,1,This Ant Colony Builds a Bridge Like a Giant Machine! 🐜,"[""ant colony"", ""ant colony engineering"", ""colony span builder"", ""giant ant machine"", ""mega construction machine"", ""robotic bridge builder"", ""futuristic engineering"", ""giant machine"", ""robotic construction"", ""ant inspired technology"", ""bridge building machine"", ""massive robot"", ""future technology"", ""cinematic engineering"", ""AI concept""]",2026-09-25T21:36:55.582411+00:00
687,Mycelial Tower Harvester,55,Ant Colony,Biology,active,18,1,1,The Ant Colony’s Giant Mycelial Tower Harvests the Sky 🍄,"[""ant colony"", ""mycelial tower"", ""giant ant colony"", ""ant megastructure"", ""futuristic tower"", ""sci fi engineering"", ""future technology"", ""robotic harvester"", ""mega machine"", ""airborne spore harvesting"", ""biomechanical machine"", ""colossal machine"", ""AI generated video"", ""futuristic engineering"", ""sci fi world""]",2026-09-25T21:36:55.582411+00:00
688,Queen Ring Terraformer,55,Ant Colony,Biology,active,18,1,1,The Ant Colony’s Impossible Queen Ring Terraformer 🐜,"[""ant colony"", ""queen ring terraformer"", ""giant ant machine"", ""mega machine"", ""futuristic machine"", ""terraforming machine"", ""ant colony engineering"", ""giant machine concept"", ""future technology"", ""massive excavation machine"", ""underground ant colony"", ""futuristic engineering"", ""AI generated concept"", ""colossal machine"", ""ant civilization""]",2026-09-25T21:36:55.582411+00:00
689,Buried Colony Mover,55,Ant Colony,Biology,active,18,1,1,This Machine Moves an Entire Ant Colony Underground! 🐜,"[""buried colony mover"", ""ant colony machine"", ""giant ant colony"", ""underground machine"", ""colossal machine"", ""futuristic engineering"", ""mega machine"", ""underground construction"", ""ant colony relocation"", ""giant excavation machine"", ""hydraulic machine"", ""futuristic technology"", ""AI engineering"", ""cinematic machine"", ""mechanical engineering""]",2026-09-25T21:36:55.582411+00:00
690,Titan Ant Walker,55,Ant Colony,Biology,active,18,1,1,Titan Ant Walker Moves an Entire Colony Across Mountains! 🐜,"[""titan ant walker"", ""ant colony"", ""giant ant machine"", ""colony transport machine"", ""mega machine"", ""giant walking machine"", ""future engineering"", ""massive machine"", ""sci fi machine"", ""mechanical walker"", ""ant colony technology"", ""colossal machine"", ""terrain transport"", ""giant robot walker"", ""futuristic engineering""]",2026-09-25T21:36:55.582411+00:00
691,Canopy Shield Engine,55,Ant Colony,Biology,active,18,1,1,This Giant Canopy Protects an Entire Ant Colony! 🐜,"[""Canopy Shield Engine"", ""ant colony"", ""giant ant colony"", ""giant machine"", ""ant colony machine"", ""futuristic engineering"", ""mega engineering"", ""colony protection"", ""giant canopy"", ""future technology"", ""AI concept"", ""mechanical engineering"", ""massive machine"", ""ants"", ""sci fi engineering""]",2026-09-25T21:36:55.582411+00:00
692,Segmented Colony Spine,55,Ant Colony,Biology,active,18,1,1,This Giant Ant Colony Spine Just Changed Transportation Forever 🐜,"[""Segmented Colony Spine"", ""ant colony"", ""giant ant machine"", ""colony transportation"", ""futuristic machine"", ""giant machine"", ""ant colony engineering"", ""mega structure"", ""future technology"", ""colossal machine"", ""mechanical engineering"", ""ants transportation"", ""sci fi engineering"", ""futuristic megastructure""]",2026-09-25T21:36:55.582411+00:00
693,Floodwall Ant Engine,55,Ant Colony,Biology,active,18,1,1,This Ant Colony Built a Giant Floodwall Engine! 🌊,"[""ant colony"", ""floodwall ant engine"", ""giant ant machine"", ""ant colony engineering"", ""ant colony defense"", ""mega machine"", ""flood protection"", ""underground colony"", ""hydraulic gates"", ""giant floodwall"", ""ant civilization"", ""future engineering"", ""AI concept"", ""colossal machine"", ""ant colony survival""]",2026-09-25T21:36:55.582411+00:00
694,Colony Resource Wheel,55,Ant Colony,Biology,active,18,1,1,This Giant Ant Colony Wheel Is Insane! 🐜,"[""ant colony"", ""giant ant colony"", ""colony resource wheel"", ""giant machine"", ""ant colony machine"", ""ant engineering"", ""megaproject"", ""underground colony"", ""giant wheel machine"", ""future engineering"", ""AI generated video"", ""ant civilization"", ""mega machine"", ""incredible engineering"", ""ants""]",2026-09-25T21:36:55.582411+00:00
695,Continental Burrow Forge,55,Ant Colony,Biology,active,18,1,1,This Giant Machine Is Building an Entire Ant Colony! 🐜,"[""ant colony"", ""giant ant colony"", ""continental burrow forge"", ""giant tunneling machine"", ""underground megastructure"", ""ant colony engineering"", ""mega machine"", ""futuristic engineering"", ""underground machine"", ""colossal machine"", ""ant civilization"", ""AI engineering"", ""massive tunnel system"", ""sci fi machine""]",2026-09-25T21:36:55.582411+00:00
696,Continental Excavation Span,76,Mining System,Industry,active,10,1,1,The World's Largest Mining Machine Just Rebuilt a Continent 🌎,"[""continental excavation"", ""giant mining machine"", ""future mining technology"", ""mega engineering"", ""ore basin excavation"", ""industrial automation"", ""mining system"", ""construction technology"", ""heavy machinery"", ""futuristic machines"", ""rotary cutting drums"", ""massive excavator"", ""engineering concepts"", ""mineral processing"", ""earthmoving technology""]",2026-09-25T21:37:28.368486+00:00
697,Stratocore Mining Tower,76,Mining System,Industry,active,10,1,1,This Tower Digs Miles Into Earth to Mine Hidden Treasures 🌍,"[""Stratocore Mining Tower"", ""future mining technology"", ""giant mining machine"", ""underground mining system"", ""deep earth drilling"", ""mega engineering"", ""futuristic machines"", ""mining innovation"", ""vertical mining tower"", ""advanced excavation"", ""industrial technology"", ""next generation mining"", ""ore extraction"", ""engineering concepts""]",2026-09-25T21:37:28.368486+00:00
698,Planetary Quarry Ring,76,Mining System,Industry,active,10,1,1,Planetary Quarry Ring — The Mining System Machine You've Never Seen ⚡,"[""Planetary Quarry Ring"", ""Mining System machine"", ""Mining System engineering"", ""impossible engineering"", ""colossal machine"", ""megastructure"", ""futuristic technology"", ""ai animation"", ""8 second render"", ""cinematic machine""]",2026-09-25T21:37:28.368486+00:00
699,Mantle Burrower,76,Mining System,Industry,active,10,1,1,Mantle Burrower — The Mining System Machine You've Never Seen ⚡,"[""Mantle Burrower"", ""Mining System machine"", ""Mining System engineering"", ""impossible engineering"", ""colossal machine"", ""megastructure"", ""futuristic technology"", ""ai animation"", ""8 second render"", ""cinematic machine""]",2026-09-25T21:37:28.368486+00:00
700,Titan Walking Excavator,76,Mining System,Industry,active,10,1,1,Titan Walking Excavator — The Mining System Machine You've Never Seen ⚡,"[""Titan Walking Excavator"", ""Mining System machine"", ""Mining System engineering"", ""impossible engineering"", ""colossal machine"", ""megastructure"", ""futuristic technology"", ""ai animation"", ""8 second render"", ""cinematic machine""]",2026-09-25T21:37:28.368486+00:00
701,Ore-Cloud Canopy,76,Mining System,Industry,active,10,1,1,Ore-Cloud Canopy — The Mining System Machine You've Never Seen ⚡,"[""Ore-Cloud Canopy"", ""Mining System machine"", ""Mining System engineering"", ""impossible engineering"", ""colossal machine"", ""megastructure"", ""futuristic technology"", ""ai animation"", ""8 second render"", ""cinematic machine""]",2026-09-25T21:37:28.368486+00:00
702,Geological Spine Hauler,76,Mining System,Industry,active,10,1,1,Geological Spine Hauler — The Mining System Machine You've Never Seen ⚡,"[""Geological Spine Hauler"", ""Mining System machine"", ""Mining System engineering"", ""impossible engineering"", ""colossal machine"", ""megastructure"", ""futuristic technology"", ""ai animation"", ""8 second render"", ""cinematic machine""]",2026-09-25T21:37:28.368486+00:00
703,Continental Tailings Shield,76,Mining System,Industry,active,10,1,1,Continental Tailings Shield — The Mining System Machine You've Never Seen ⚡,"[""Continental Tailings Shield"", ""Mining System machine"", ""Mining System engineering"", ""impossible engineering"", ""colossal machine"", ""megastructure"", ""futuristic technology"", ""ai animation"", ""8 second render"", ""cinematic machine""]",2026-09-25T21:37:28.368486+00:00
704,Strata Forge Crawler,76,Mining System,Industry,active,10,1,1,This Giant Crawler Rebuilds Dead Mines Into New Landscapes 🔥,"[""Strata Forge Crawler"", ""futuristic mining machine"", ""advanced mining technology"", ""mega construction machines"", ""mine restoration"", ""future engineering"", ""giant crawler machine"", ""autonomous mining"", ""industrial innovation"", ""terrain transformation"", ""geological engineering"", ""heavy machinery"", ""future mining systems"", ""megaprojects"", ""sustainable mining""]",2026-09-25T21:37:28.368486+00:00
705,Ore River Transporter,76,Mining System,Industry,active,10,1,1,The Ore River Transporter: A Floating Mining Pipeline 🚢,"[""Ore River Transporter"", ""future mining technology"", ""giant mining machine"", ""ore transport system"", ""automated mining"", ""industrial engineering"", ""mining innovation"", ""mega machines"", ""floating mining platform"", ""ore conveyor system"", ""future engineering"", ""mining systems"", ""heavy machinery"", ""resource transportation""]",2026-09-25T21:37:28.368486+00:00
706,Orbital Foundry Bridge,37,Space Station,Space,active,18,1,1,The Colossal Space Bridge That Builds Itself in Orbit 🚀,"[""orbital foundry bridge"", ""space station"", ""space engineering"", ""asteroid mining"", ""orbital construction"", ""space megastructure"", ""futuristic space station"", ""asteroid material transport"", ""magnetic crawler"", ""space construction"", ""sci fi technology"", ""future technology"", ""orbital infrastructure"", ""giant space structures"", ""space engineering concept""]",2026-09-25T21:37:46.171264+00:00
707,Gravity Spindle Tower,37,Space Station,Space,active,18,1,1,This Tower Creates Gravity for an Entire Space Station 🤯,"[""gravity spindle tower"", ""artificial gravity"", ""space station"", ""rotating space station"", ""space station concept"", ""future space station"", ""space megastructure"", ""sci fi engineering"", ""orbital engineering"", ""space technology"", ""gravity technology"", ""futuristic engineering"", ""rotating habitat"", ""future of space"", ""sci fi space""]",2026-09-25T21:37:46.171264+00:00
708,Planetary Shield Ring,37,Space Station,Space,active,18,1,1,This Space Station Has a Planet-Sized Shield Ring! 🛡️,"[""planetary shield ring"", ""space station"", ""electromagnetic shield"", ""space station technology"", ""magnetic shielding"", ""radiation protection"", ""micrometeoroid protection"", ""future space station"", ""space technology"", ""futuristic engineering"", ""orbital habitat"", ""superconducting coils"", ""sci fi space station"", ""future technology"", ""space engineering""]",2026-09-25T21:37:46.171264+00:00
709,Vacuum Burrower,37,Space Station,Space,active,18,1,1,This Space Station Is Being Hollowed Out From the Inside 😱,"[""vacuum burrower"", ""space station"", ""space station construction"", ""space engineering"", ""futuristic technology"", ""sci fi engineering"", ""orbital megastructure"", ""space megastructure"", ""tunneling machine"", ""future space technology"", ""sci fi space station"", ""giant machine"", ""advanced engineering"", ""space construction"", ""futuristic space station""]",2026-09-25T21:37:46.171264+00:00
710,Walking Dock Colossus,37,Space Station,Space,active,18,1,1,This Giant Walking Machine Moves Entire Spaceships! 🤯,"[""walking dock colossus"", ""space station"", ""space engineering"", ""orbital construction"", ""giant walking machine"", ""spacecraft transport"", ""futuristic space station"", ""orbital megastructure"", ""sci fi engineering"", ""giant robot machine"", ""space technology"", ""future technology"", ""space construction"", ""colossal machine"", ""space megastructure""]",2026-09-25T21:37:46.171264+00:00
711,Solar Harvest Canopy,37,Space Station,Space,active,18,1,1,This Space Station Has a Solar Canopy Bigger Than a City ☀️,"[""solar harvest canopy"", ""space station"", ""giant solar array"", ""space solar power"", ""solar energy"", ""orbital megastructure"", ""futuristic space station"", ""sci fi technology"", ""space technology"", ""solar canopy"", ""photovoltaic panels"", ""thermal solar power"", ""future engineering"", ""colossal machine"", ""space megastructure""]",2026-09-25T21:37:46.171264+00:00
712,Atmosphere Loom,37,Space Station,Space,active,18,1,1,This Space Station Machine Makes Air From Waste! 🌌,"[""space station"", ""atmosphere loom"", ""space technology"", ""future space station"", ""life support system"", ""breathable air"", ""space megastructure"", ""sci fi technology"", ""futuristic machine"", ""gas processing"", ""orbital habitat"", ""future technology"", ""space engineering"", ""mega machine"", ""sci fi space""]",2026-09-25T21:37:46.171264+00:00
713,Asteroid Harvester Spine,37,Space Station,Space,active,18,1,1,This Space Station Harvests Asteroids Like a Giant Conveyor 🪨,"[""asteroid mining"", ""asteroid harvester"", ""space station"", ""space mining"", ""orbital mining"", ""asteroid harvesting"", ""space technology"", ""future technology"", ""sci fi engineering"", ""giant space machine"", ""orbital industry"", ""asteroid refinery"", ""space station concept"", ""futuristic engineering"", ""deep space mining""]",2026-09-25T21:37:46.171264+00:00
714,Orbital Terraformer Wheel,37,Space Station,Space,active,18,1,1,This Giant Orbital Wheel Is Building New Worlds in Space 🌍,"[""orbital terraformer"", ""space station"", ""terraforming"", ""orbital construction"", ""space megastructure"", ""future technology"", ""space engineering"", ""artificial planet"", ""space colony"", ""terraforming technology"", ""sci fi technology"", ""future space station"", ""orbital manufacturing"", ""megaproject"", ""space exploration""]",2026-09-25T21:37:46.171264+00:00
715,Station Relocation Engine,37,Space Station,Space,active,18,1,1,This Space Station Can MOVE Between Orbits?! 🚀,"[""station relocation engine"", ""space station"", ""space station propulsion"", ""orbital engineering"", ""orbital mechanics"", ""mass driver"", ""electromagnetic propulsion"", ""space megastructure"", ""future space technology"", ""space station concept"", ""sci fi technology"", ""orbital transportation"", ""advanced propulsion"", ""future space station""]",2026-09-25T21:37:46.171264+00:00
716,Honeycomb Bridge Forge,56,Bee Colony,Biology,active,18,1,1,The Giant Honeycomb Bridge Built by Bees! 🐝,"[""honeycomb bridge"", ""bee colony"", ""bee inspired engineering"", ""giant bridge"", ""mega structure"", ""future technology"", ""futuristic construction"", ""AI engineering"", ""honeycomb architecture"", ""autonomous construction"", ""massive machine"", ""engineering concept"", ""future megastructure"", ""bee technology"", ""viral engineering""]",2026-09-25T21:38:07.953183+00:00
717,Queen-Tower Pollination Engine,56,Bee Colony,Biology,active,18,1,1,The Giant Bee Tower That Controls Pollination Across Ecosystems 🐝,"[""bee colony"", ""bee engineering"", ""pollination engine"", ""giant bee tower"", ""queen tower"", ""futuristic bee colony"", ""pollen harvesting"", ""pollen distribution"", ""megstructure"", ""nature inspired engineering"", ""future technology"", ""AI concept"", ""giant machine"", ""honeycomb technology"", ""ecosystem pollination""]",2026-09-25T21:38:07.953183+00:00
718,Hive-Ring Defense Bastion,56,Bee Colony,Biology,active,18,1,1,This Giant Bee Fortress Defends an Entire Colony 🐝,"[""bee colony"", ""giant bee hive"", ""hive ring defense"", ""bee fortress"", ""futuristic bee colony"", ""giant megastructure"", ""sci fi fortress"", ""hive defense system"", ""hexagonal fortress"", ""future engineering"", ""autonomous drones"", ""colossal machine"", ""futuristic technology"", ""sci fi megastructure"", ""bee technology""]",2026-09-25T21:38:07.953183+00:00
719,Buried Nectar Harvester,56,Bee Colony,Biology,active,18,1,1,The Giant Bee Machine Harvesting Nectar Underground 🐝,"[""bee colony"", ""underground machine"", ""buried nectar harvester"", ""giant bee machine"", ""futuristic bee colony"", ""mega machine"", ""underground harvester"", ""honeycomb technology"", ""sci fi machine"", ""futuristic technology"", ""AI generated video"", ""biomechanical machine"", ""colossal machine"", ""future engineering"", ""sci fi concept""]",2026-09-25T21:38:07.953183+00:00
720,Bee-Walker Cargo Colossus,56,Bee Colony,Biology,active,18,1,1,This Giant Bee-Legged Machine Walks Across Mountains! 🐝,"[""bee colony"", ""giant bee machine"", ""bee inspired robot"", ""cargo colossus"", ""giant walking machine"", ""mega robot"", ""futuristic machine"", ""colossal robot"", ""walking cargo machine"", ""swarm robotics"", ""hydraulic robot"", ""future technology"", ""giant machinery"", ""sci fi machine""]",2026-09-25T21:38:07.953183+00:00
721,Hexa-Canopy Climate Hive,56,Bee Colony,Biology,active,18,1,1,This Giant Hive Controls an Entire Climate! 🐝,"[""bee colony technology"", ""giant honeycomb machine"", ""climate control megastructure"", ""future farming technology"", ""hexagonal canopy"", ""artificial rainfall"", ""climate engineering"", ""futuristic agriculture"", ""giant hive"", ""sci fi technology"", ""megaproject"", ""future technology"", ""honeycomb structure"", ""AI concept"", ""futuristic machine""]",2026-09-25T21:38:07.953183+00:00
722,Honeyflow Transport Spine,56,Bee Colony,Biology,active,18,1,1,The Giant Honeyflow Spine Moving Resources Across the World 🐝,"[""Honeyflow Transport Spine"", ""bee colony technology"", ""giant honeycomb machine"", ""futuristic transportation"", ""honeycomb megastructure"", ""bee inspired technology"", ""future engineering"", ""giant conveyor system"", ""cargo transport machine"", ""magnetic transport"", ""futuristic megastructure"", ""AI generated concept"", ""colossal machine"", ""future technology"", ""bee colony""]",2026-09-25T21:38:07.953183+00:00
723,Waxland Terraformer,56,Bee Colony,Biology,active,18,1,1,Waxland Terraformer — The Bee Colony Machine You've Never Seen ⚡,"[""Waxland Terraformer"", ""Bee Colony machine"", ""Bee Colony engineering"", ""impossible engineering"", ""colossal machine"", ""megastructure"", ""futuristic technology"", ""ai animation"", ""8 second render"", ""cinematic machine""]",2026-09-25T21:38:07.953183+00:00
724,Swarm-Lift Megaframe,56,Bee Colony,Biology,active,18,1,1,The Giant Bee Swarm That Moves Buildings 🐝,"[""Swarm Lift Megaframe"", ""bee colony technology"", ""giant crane"", ""futuristic crane"", ""mega structure"", ""swarm robotics"", ""bee inspired engineering"", ""honeycomb technology"", ""future construction"", ""futuristic engineering"", ""giant machine"", ""mechanical swarm"", ""AI futuristic technology"", ""massive construction machine"", ""future megastructure""]",2026-09-25T21:38:07.953183+00:00
725,Continental Hive Conveyor,56,Bee Colony,Biology,active,18,1,1,This Giant Bee Hive Turns Waste Into Energy! 🐝,"[""continental hive conveyor"", ""bee colony technology"", ""giant bee machine"", ""futuristic machine"", ""mega machine"", ""biomass processing"", ""waste to energy"", ""honeycomb machine"", ""future technology"", ""industrial megastructure"", ""futuristic factory"", ""biomass energy"", ""bee inspired technology"", ""giant machine"", ""sci fi engineering""]",2026-09-25T21:38:07.953183+00:00
726,Petroleum Span Forge,77,Oil Field,Industry,active,10,1,1,This 2KM Oil Machine Builds Wells While Moving Across Fields 🚀,"[""Petroleum Span Forge"", ""future oil field"", ""mega drilling machine"", ""oil extraction technology"", ""giant construction machines"", ""futuristic engineering"", ""automated drilling"", ""oil rig innovation"", ""mining and energy technology"", ""industrial megastructures"", ""future machines"", ""advanced oil technology"", ""engineering concepts"", ""massive machines"", ""energy infrastructure""]",2026-09-25T21:38:34.438754+00:00
727,Reservoir Extraction Tower,77,Oil Field,Industry,active,10,1,1,The 1KM Oil Tower That Extracts an Entire Reservoir 🚀,"[""oil extraction"", ""future oil technology"", ""oil field machine"", ""mega structure"", ""drilling tower"", ""reservoir extraction"", ""futuristic engineering"", ""crude oil production"", ""energy technology"", ""industrial machines"", ""deep drilling"", ""oil rig concept"", ""giant machines"", ""advanced engineering""]",2026-09-25T21:38:34.438754+00:00
728,Oilfield Ring Harvester,77,Oil Field,Industry,active,10,1,1,The Giant Oil Ring That Harvests an Entire Field at Once 🛢️,"[""oilfield"", ""future oil technology"", ""giant machines"", ""oil extraction"", ""petroleum engineering"", ""mega engineering"", ""futuristic machines"", ""industrial automation"", ""energy technology"", ""drilling technology"", ""oil rig concept"", ""advanced engineering"", ""future energy"", ""massive construction""]",2026-09-25T21:38:34.438754+00:00
729,Strata Burrower,77,Oil Field,Industry,active,10,1,1,The Strata Burrower: A Giant Oil Mining Worm Beneath Earth 🚀,"[""Strata Burrower"", ""future oil extraction"", ""oil field technology"", ""giant drilling machine"", ""underground mining machine"", ""futuristic engineering"", ""mega machines"", ""oil drilling innovation"", ""automated extraction"", ""sci fi machines"", ""advanced drilling technology"", ""future energy technology"", ""mechanical earthworm"", ""petroleum extraction"", ""engineering concepts""]",2026-09-25T21:38:34.438754+00:00
730,Walking Derrick Colossus,77,Oil Field,Industry,active,10,1,1,The Walking Oil Field Giant That Drills Anywhere 🤯,"[""walking oil rig"", ""futuristic oil machine"", ""oil field technology"", ""mega machines"", ""future engineering"", ""hydraulic walking platform"", ""giant drilling machine"", ""oil extraction technology"", ""industrial machines"", ""future oil field"", ""colossal machinery"", ""advanced drilling"", ""engineering marvel"", ""sci fi machines""]",2026-09-25T21:38:34.438754+00:00
731,Petroleum Weather Canopy,77,Oil Field,Industry,active,10,1,1,The Giant Oil Field Weather Shield of the Future 🌩️,"[""Petroleum Weather Canopy"", ""future oil field"", ""mega engineering"", ""oil industry technology"", ""futuristic machines"", ""oil field innovation"", ""industrial megastructures"", ""methane capture technology"", ""energy infrastructure"", ""future energy concepts"", ""giant machines"", ""oil extraction technology"", ""engineering concepts"", ""advanced oil systems""]",2026-09-25T21:38:34.438754+00:00
732,Pipeline Spine,77,Oil Field,Industry,active,10,1,1,The Pipeline Spine: A Giant Machine Rebuilding Oil Fields 🤖,"[""Pipeline Spine"", ""Oil Field Technology"", ""Future Machines"", ""Pipeline Construction"", ""Robotic Engineering"", ""Mega Machines"", ""Oil Industry Innovation"", ""Autonomous Machines"", ""Industrial Automation"", ""Futuristic Technology"", ""Pipeline Repair"", ""Engineering Marvels"", ""Heavy Equipment"", ""Energy Infrastructure""]",2026-09-25T21:38:34.438754+00:00
733,Subsurface Pressure Wheel,77,Oil Field,Industry,active,10,1,1,The Underground Oil Wheel That Could Transform Extraction ⚙️,"[""subsurface pressure wheel"", ""future oil field"", ""oil extraction technology"", ""underground machine"", ""enhanced oil recovery"", ""petroleum engineering"", ""futuristic engineering"", ""mega machines"", ""oil reservoir technology"", ""energy innovation"", ""industrial technology"", ""oil drilling concept"", ""future energy systems"", ""mechanical engineering""]",2026-09-25T21:38:34.438754+00:00
734,Crude River Hauler,77,Oil Field,Industry,active,10,1,1,The Giant Crude River Hauler That Moves Oil Like a Machine 🚛,"[""crude oil transport"", ""oil field machines"", ""future oil technology"", ""mega machines"", ""giant conveyor vehicle"", ""futuristic engineering"", ""oil refinery technology"", ""heavy machinery"", ""industrial innovation"", ""massive vehicles"", ""energy infrastructure"", ""oil industry"", ""concept machines"", ""engineering marvel""]",2026-09-25T21:38:34.438754+00:00
735,Oilfield Terraformer,77,Oil Field,Industry,active,10,1,1,The Oilfield Terraformer: This Mega Machine Rebuilds Dead Land 🌎,"[""Oilfield Terraformer"", ""future oil field technology"", ""mega machines"", ""giant construction machines"", ""oil field restoration"", ""land reclamation technology"", ""futuristic engineering"", ""industrial machines"", ""heavy equipment"", ""oil industry innovation"", ""environmental restoration"", ""massive crawler machine"", ""future technology concepts"", ""engineering marvels""]",2026-09-25T21:38:34.438754+00:00
736,Lunar Span Forge,38,Moon,Space,active,18,1,1,This Machine Is Building a Bridge Across the Moon! 🌕,"[""Lunar Span Forge"", ""Moon construction"", ""lunar construction"", ""Moon bridge"", ""lunar bridge"", ""Moon engineering"", ""lunar infrastructure"", ""lunar regolith"", ""Moon megamachine"", ""space technology"", ""future engineering"", ""Moon base"", ""lunar architecture"", ""sci fi engineering"", ""future technology""]",2026-09-25T21:39:08.720458+00:00
737,Moonrise Anchor Tower,38,Moon,Space,active,18,1,1,This Giant Moon Tower Could Catch Cargo From Orbit 🌕,"[""Moonrise Anchor Tower"", ""Moon technology"", ""lunar tower"", ""lunar elevator"", ""Moon cargo system"", ""lunar infrastructure"", ""Moon base"", ""space engineering"", ""electromagnetic launch"", ""lunar transportation"", ""future space technology"", ""Moon construction"", ""orbital cargo"", ""sci fi engineering"", ""future Moon""]",2026-09-25T21:39:08.720458+00:00
738,Selene Gravity Ring,38,Moon,Space,active,18,1,1,This Giant Ring Could Give the Moon Artificial Gravity 🌕,"[""Selene Gravity Ring"", ""Moon megastructure"", ""lunar megastructure"", ""artificial gravity Moon"", ""lunar colony"", ""Moon engineering"", ""future Moon technology"", ""lunar construction"", ""space megastructure"", ""lunar industrial machine"", ""Moon base"", ""future space technology"", ""sci fi engineering"", ""space exploration"", ""lunar settlement""]",2026-09-25T21:39:08.720458+00:00
739,Regolith Burrower,38,Moon,Space,active,18,1,1,This Moon Machine Digs Entire Underground Cities 🤯,"[""Regolith Burrower"", ""Moon machine"", ""lunar tunnel"", ""Moon base"", ""lunar base"", ""underground Moon base"", ""lunar construction"", ""regolith excavation"", ""Moon technology"", ""space technology"", ""future engineering"", ""robotic construction"", ""lunar infrastructure"", ""Moon settlement"", ""future space""]",2026-09-25T21:39:08.720458+00:00
740,Lunar Strider,38,Moon,Space,active,18,1,1,This Giant Machine Could WALK Across the Moon! 🌕,"[""Lunar Strider"", ""Moon machine"", ""walking machine"", ""lunar rover"", ""Moon base"", ""lunar infrastructure"", ""Moon technology"", ""giant robot"", ""lunar construction"", ""future technology"", ""space engineering"", ""Moon exploration"", ""lunar megastructure"", ""sci fi technology"", ""future of the Moon""]",2026-09-25T21:39:08.720458+00:00
741,Crater Veil,38,Moon,Space,active,18,1,1,This Giant Moon Roof Could Shield an Entire Crater 🌙,"[""Crater Veil"", ""Moon megastructure"", ""lunar canopy"", ""lunar engineering"", ""Moon technology"", ""lunar base"", ""Moon habitat"", ""space megastructures"", ""future space technology"", ""lunar infrastructure"", ""micrometeorite protection"", ""Moon colony"", ""sci fi engineering"", ""future technology"", ""space exploration""]",2026-09-25T21:39:08.720458+00:00
742,Lunar Spine Conveyor,38,Moon,Space,active,18,1,1,This Giant Machine Could Move Across the Entire Moon 🤯,"[""Lunar Spine Conveyor"", ""Moon megastructure"", ""lunar mining"", ""Moon technology"", ""lunar engineering"", ""future space technology"", ""lunar base"", ""Moon construction"", ""space megastructure"", ""lunar industrial machine"", ""regolith transport"", ""future Moon"", ""space mining"", ""giant machine"", ""sci fi engineering""]",2026-09-25T21:39:08.720458+00:00
743,Polar Ice Harvester,38,Moon,Space,active,18,1,1,This Machine Harvests Moon Ice From a Frozen Crater 🧊,"[""Polar Ice Harvester"", ""Moon ice mining"", ""lunar ice harvester"", ""lunar mining"", ""Moon mining"", ""water ice on Moon"", ""lunar polar crater"", ""permanently shadowed crater"", ""Moon base technology"", ""future lunar technology"", ""space mining"", ""lunar industrial machine"", ""Moon engineering"", ""space technology"", ""future technology""]",2026-09-25T21:39:08.720458+00:00
744,Lunar Dawn Transformer,38,Moon,Space,active,18,1,1,This Moon Machine Turns Dust Into Glass Roads! 🌙,"[""Lunar Dawn Transformer"", ""Moon machine"", ""lunar construction"", ""Moon infrastructure"", ""lunar base"", ""Moon technology"", ""lunar regolith"", ""solar concentrator"", ""lunar roads"", ""Moon landing pad"", ""space engineering"", ""future space technology"", ""lunar industrialization"", ""Moon colony"", ""megaproject""]",2026-09-25T21:39:08.720458+00:00
745,Crater Terraformer Walker,38,Moon,Space,active,18,1,1,This Giant Moon Walker Is Reshaping an Entire Crater 🤯,"[""Crater Terraformer Walker"", ""Moon terraforming"", ""lunar terraforming"", ""Moon megamachine"", ""lunar construction"", ""Moon base"", ""future Moon"", ""lunar engineering"", ""space technology"", ""Moon civilization"", ""lunar infrastructure"", ""giant machine"", ""sci fi engineering"", ""future technology"", ""Moon transformation""]",2026-09-25T21:39:08.720458+00:00
746,Swarmspan Megabridge,57,Insect Swarm,Biology,active,18,1,1,This Giant Insect Bridge Builds Itself Across Canyons 🐜,"[""Swarmspan Megabridge"", ""giant insect swarm"", ""insect swarm technology"", ""self building bridge"", ""self extending bridge"", ""giant megastructure"", ""futuristic bridge"", ""biofiber bridge"", ""insect engineering"", ""future technology"", ""massive bridge concept"", ""AI generated engineering"", ""sci fi megastructure"", ""living infrastructure"", ""futuristic construction""]",2026-09-25T21:39:34.962059+00:00
747,Hive-Tower Foundry,57,Insect Swarm,Biology,active,18,1,1,Inside the Hive-Tower That Builds Itself 🐝,"[""Hive Tower Foundry"", ""insect swarm technology"", ""insect swarm"", ""self building tower"", ""futuristic megastructure"", ""biomaterial construction"", ""future technology"", ""insect technology"", ""giant hive tower"", ""biological engineering"", ""self assembling architecture"", ""AI futuristic concepts"", ""megaproject"", ""future megastructure"", ""swarm intelligence""]",2026-09-25T21:39:34.962059+00:00
748,Swarmstorm Shield Ring,57,Insect Swarm,Biology,active,18,1,1,The Insect Swarm Shield That Protects an Entire City 🛡️,"[""swarmstorm shield ring"", ""insect swarm technology"", ""giant insect swarm"", ""futuristic defense system"", ""sci fi megastructure"", ""future city defense"", ""insect swarm machine"", ""futuristic engineering"", ""giant defense machine"", ""atmospheric barrier"", ""future technology"", ""sci fi technology"", ""massive insect swarm"", ""futuristic city"", ""AI generated sci fi""]",2026-09-25T21:39:34.962059+00:00
749,Burrowing Colony Terraformer,57,Insect Swarm,Biology,active,18,1,1,This Giant Insect Machine Is Turning Deserts Green 🐜,"[""burrowing colony terraformer"", ""insect swarm machine"", ""giant insect machine"", ""desert terraforming"", ""future technology"", ""colossal machine"", ""swarm technology"", ""underground machine"", ""insect engineering"", ""sci fi machine"", ""megaproject"", ""terraforming technology"", ""future engineering"", ""giant underground machine"", ""insect swarm""]",2026-09-25T21:39:34.962059+00:00
750,Swarmwalker Cargo Titan,57,Insect Swarm,Biology,active,18,1,1,This Giant Insect-Powered Cargo Titan Walks Like a Machine 🐜,"[""swarmwalker cargo titan"", ""insect swarm"", ""giant walking machine"", ""insect powered machine"", ""futuristic machine"", ""giant robot"", ""swarm robotics"", ""sci fi machine"", ""future technology"", ""cargo titan"", ""megachine"", ""insect technology"", ""giant machine concept"", ""futuristic engineering"", ""sci fi robotics""]",2026-09-25T21:39:34.962059+00:00
751,Insect Canopy Harvester,57,Insect Swarm,Biology,active,18,1,1,The Forest-Sized Insect Machine That Harvests the Sky 🐜,"[""insect swarm"", ""insect machine"", ""insect canopy harvester"", ""giant insect machine"", ""futuristic machine"", ""colossal machine"", ""insect technology"", ""swarm technology"", ""biomechanical machine"", ""futuristic megastructure"", ""sci fi technology"", ""giant machine concept"", ""future engineering"", ""AI futuristic concepts"", ""nature inspired technology""]",2026-09-25T21:39:34.962059+00:00
752,Segmented Swarm Spine,57,Insect Swarm,Biology,active,18,1,1,The Insect Swarm Machine That Moves Like a Living Spine 🐜,"[""segmented swarm spine"", ""insect swarm machine"", ""giant insect machine"", ""futuristic machine"", ""mega machine"", ""swarm robotics"", ""insect engineering"", ""future technology"", ""sci fi machine"", ""colossal machine"", ""mechanical spine"", ""swarm technology"", ""giant robot"", ""futuristic transportation"", ""AI generated sci fi""]",2026-09-25T21:39:34.962059+00:00
753,Colony Floodway Ring,57,Insect Swarm,Biology,active,18,1,1,This Insect Swarm Controls an Entire River During a Flood 🌊,"[""colony floodway ring"", ""insect swarm"", ""swarm intelligence"", ""giant insect machine"", ""futuristic flood control"", ""river flood control"", ""megaflood technology"", ""futuristic megastructure"", ""insect engineered machine"", ""swarm technology"", ""future engineering"", ""giant machine concept"", ""extreme storm technology"", ""AI futuristic concepts""]",2026-09-25T21:39:34.962059+00:00
754,Swarm Mountain Mover,57,Insect Swarm,Biology,active,18,1,1,This Giant Swarm Machine Can Move an Entire Mountain! 🐜,"[""swarm mountain mover"", ""giant insect machine"", ""insect swarm technology"", ""mega engineering"", ""mountain moving machine"", ""futuristic machine"", ""giant excavation machine"", ""future technology"", ""swarm intelligence"", ""massive construction machine"", ""landscape engineering"", ""AI engineering concept"", ""colossal machine"", ""future machines"", ""insect technology""]",2026-09-25T21:39:34.962059+00:00
755,Megacolony Climate Engine,57,Insect Swarm,Biology,active,18,1,1,The Insect Swarm That Controls the Weather 🌪️,"[""megacolony climate engine"", ""insect swarm"", ""climate engineering"", ""weather control machine"", ""future technology"", ""giant machine"", ""megastructure"", ""atmospheric machine"", ""insect technology"", ""swarm intelligence"", ""futuristic machine"", ""climate control"", ""AI concept"", ""giant insect machine"", ""future engineering""]",2026-09-25T21:39:34.962059+00:00
756,Continental Span Conveyor,78,Conveyor Belt,Machine,active,10,1,1,The World's Largest Conveyor Bridge Is Changing Mining Forever 🌉,"[""giant conveyor belt"", ""mega machines"", ""future mining technology"", ""largest conveyor system"", ""industrial engineering"", ""futuristic machines"", ""heavy machinery"", ""automated mining"", ""massive construction equipment"", ""bridge conveyor"", ""mining innovation"", ""engineering marvels"", ""future infrastructure"", ""colossal machines""]",2026-09-25T21:39:52.550622+00:00
757,Vertical Megalift Belt,78,Conveyor Belt,Machine,active,10,1,1,The World's Tallest Conveyor Belt That Lifts Mountains 🚀,"[""vertical conveyor belt"", ""futuristic machines"", ""mega machines"", ""giant conveyor system"", ""industrial engineering"", ""future technology"", ""underground processing"", ""heavy cargo transport"", ""magnetic drive system"", ""engineering marvels"", ""massive machinery"", ""concept machines"", ""automated transport"", ""future infrastructure""]",2026-09-25T21:39:52.550622+00:00
758,Planetary Conveyor Ring,78,Conveyor Belt,Machine,active,10,1,1,The Planet-Sized Conveyor Ring That Never Stops Moving 🌍,"[""planetary conveyor ring"", ""giant conveyor belt"", ""futuristic megastructure"", ""massive industrial machine"", ""future technology concepts"", ""mega engineering"", ""automated factory"", ""sci fi engineering"", ""industrial conveyor system"", ""large scale infrastructure"", ""future mining technology"", ""mechanical engineering"", ""engineering marvel"", ""giant machines"", ""concept technology""]",2026-09-25T21:39:52.550622+00:00
759,Burrowing Belt Leviathan,78,Conveyor Belt,Machine,active,10,1,1,The Burrowing Belt Leviathan: A Machine That Eats Mountains 🚇,"[""Burrowing Belt Leviathan"", ""giant conveyor belt"", ""future excavation machine"", ""underground mega machine"", ""tunnel boring technology"", ""futuristic engineering"", ""colossal machines"", ""automated mining"", ""industrial technology"", ""sci fi engineering"", ""massive conveyor system"", ""future construction"", ""mega engineering concepts"", ""underground transportation"", ""innovative machines""]",2026-09-25T21:39:52.550622+00:00
760,Walking Quarry Conveyor,78,Conveyor Belt,Machine,active,10,1,1,This Walking Quarry Machine Moves Mountains Like a Giant Beast 🏔️,"[""walking quarry conveyor"", ""giant mining machine"", ""futuristic conveyor belt"", ""mega excavator"", ""future mining technology"", ""heavy machinery"", ""industrial engineering"", ""giant crawler machine"", ""automated quarry system"", ""massive conveyor belt"", ""construction megamachines"", ""rock excavation"", ""future machines"", ""engineering marvel"", ""mining innovations""]",2026-09-25T21:39:52.550622+00:00
761,Sky Conveyor Canopy,78,Conveyor Belt,Machine,active,10,1,1,The Sky Conveyor That Moves an Entire Industrial World 🚀,"[""sky conveyor"", ""giant conveyor belt"", ""future industrial technology"", ""mega machines"", ""futuristic infrastructure"", ""automated conveyor system"", ""industrial engineering"", ""massive machines"", ""airborne transport"", ""conveyor belt technology"", ""future factories"", ""heavy industry"", ""engineering concepts"", ""sci fi machines"", ""industrial automation""]",2026-09-25T21:39:52.550622+00:00
762,Segmented Terraformer Spine,78,Conveyor Belt,Machine,active,10,1,1,This Giant Conveyor Snake Rebuilds Entire Landscapes 🤯,"[""giant conveyor belt"", ""terraforming machine"", ""futuristic machines"", ""mega engineering"", ""automated construction"", ""landscape transformation"", ""crawler conveyor"", ""future technology"", ""industrial machines"", ""massive machines"", ""conveyor system"", ""sci fi engineering"", ""terrain reshaping"", ""engineering marvel""]",2026-09-25T21:39:52.550622+00:00
763,Oceanic Harvest Belt,78,Conveyor Belt,Machine,active,10,1,1,The Oceanic Harvest Belt That Could Reshape the Seas 🌊,"[""oceanic conveyor belt"", ""futuristic ocean technology"", ""giant conveyor machine"", ""floating megastructure"", ""future engineering"", ""ocean harvesting"", ""deep sea technology"", ""planetary scale machines"", ""sci fi engineering"", ""marine megaproject"", ""biomass harvesting"", ""underwater mining concept"", ""future megamachines"", ""industrial innovation""]",2026-09-25T21:39:52.550622+00:00
764,Cyclone Defense Conveyor,78,Conveyor Belt,Machine,active,10,1,1,The Storm-Proof Megamachine That Builds a Fortress Wall 🌪️,"[""cyclone defense machine"", ""futuristic conveyor belt"", ""storm protection technology"", ""megaproject engineering"", ""future megastructures"", ""automated defense systems"", ""giant conveyor machine"", ""city protection technology"", ""extreme weather solutions"", ""sci fi engineering"", ""future infrastructure"", ""industrial automation"", ""disaster prevention technology""]",2026-09-25T21:39:52.550622+00:00
765,Mountain-Building Conveyor Engine,78,Conveyor Belt,Machine,active,10,1,1,The Machine That Builds Mountains From Scratch 🏔️,"[""mountain building machine"", ""impossible machines"", ""giant conveyor belt"", ""future engineering"", ""mega construction machine"", ""artificial mountain"", ""AI generated machines"", ""futuristic technology"", ""planetary engineering"", ""colossal machines"", ""terraforming technology"", ""sci fi engineering"", ""future megastructures"", ""cinematic AI video""]",2026-09-25T21:39:52.550622+00:00
766,Solar Arch Foundry,39,Sun,Space,active,18,1,1,This Giant Machine Is Forging Structures From the Sun! ☀️,"[""Solar Arch Foundry"", ""Sun megastructure"", ""solar engineering"", ""Sun machine"", ""plasma harvesting"", ""solar megastructure"", ""future technology"", ""sci fi engineering"", ""plasma furnace"", ""magnetic energy"", ""solar power"", ""colossal machine"", ""space technology"", ""Sun technology"", ""futuristic machine""]",2026-09-25T21:40:42.699851+00:00
767,Heliostat Crown,39,Sun,Space,active,18,1,1,The Heliostat Crown: A Tower Controlling the Sun's Radiation ☀️,"[""Heliostat Crown"", ""Sun megastructure"", ""solar megastructure"", ""Sun engineering"", ""solar energy harvesting"", ""Dyson sphere concept"", ""magnetic field engineering"", ""future technology"", ""sci fi megastructure"", ""colossal machine"", ""solar radiation control"", ""space engineering"", ""future energy"", ""Sun technology"", ""sci fi technology""]",2026-09-25T21:40:42.699851+00:00
768,Corona Harvest Ring,39,Sun,Space,active,18,1,1,This Ring Harvests Energy From the Sun’s Corona ⚡,"[""Corona Harvest Ring"", ""Sun megastructure"", ""solar energy harvesting"", ""Sun engineering"", ""solar corona"", ""Dyson sphere"", ""Dyson swarm"", ""space megastructure"", ""future technology"", ""solar power"", ""plasma energy"", ""superconducting technology"", ""stellar engineering"", ""sci fi technology"", ""future space civilization""]",2026-09-25T21:40:42.699851+00:00
769,Sunroot Burrower,39,Sun,Space,active,18,1,1,This Machine Tunnels Beneath the Sun 😱,"[""Sunroot Burrower"", ""Sun megastructure"", ""solar megastructure"", ""Sun engineering"", ""machine inside the Sun"", ""tunneling through the Sun"", ""solar energy harvesting"", ""plasma engineering"", ""future megastructures"", ""Dyson sphere"", ""solar sci fi"", ""impossible engineering"", ""science fiction technology"", ""Sun technology"", ""futuristic machines""]",2026-09-25T21:40:42.699851+00:00
770,Prominence Walker,39,Sun,Space,active,18,1,1,This Machine Walks Across the Sun?! ☀️,"[""Prominence Walker"", ""Sun megastructure"", ""solar engineering"", ""Sun machine"", ""walking machine on Sun"", ""solar megastructure"", ""Sun sci fi"", ""futuristic machine"", ""solar technology"", ""magnetic levitation"", ""photosphere"", ""solar physics"", ""giant machine"", ""space engineering"", ""sci fi concepts""]",2026-09-25T21:40:42.699851+00:00
771,Solar Veil Canopy,39,Sun,Space,active,18,1,1,This Solar Shield Is Bigger Than a Planet! ☀️,"[""Solar Veil Canopy"", ""Sun megastructure"", ""solar shield"", ""Sun megastructure concept"", ""solar storm protection"", ""futuristic space technology"", ""sci fi megastructure"", ""solar engineering"", ""Sun energy harvesting"", ""Dyson sphere concept"", ""space megastructure"", ""future technology"", ""cosmic engineering"", ""solar storm"", ""science fiction""]",2026-09-25T21:40:42.699851+00:00
772,Fusion Spine,39,Sun,Space,active,18,1,1,This Machine Controls the Sun’s Violent Plasma 🌞,"[""Fusion Spine"", ""Sun megastructure"", ""solar engineering"", ""solar megastructure"", ""Sun machine"", ""plasma machine"", ""solar plasma"", ""stellar engineering"", ""future technology"", ""sci fi technology"", ""giant machine"", ""space megastructure"", ""solar energy"", ""Sun technology"", ""futuristic machine""]",2026-09-25T21:40:42.699851+00:00
773,Solar Matter Conveyor,39,Sun,Space,active,18,1,1,A Conveyor Belt Across the Sun Moves Plasma! ☀️,"[""solar matter conveyor"", ""solar engineering"", ""Sun megastructure"", ""solar plasma"", ""plasma conveyor"", ""Sun machine"", ""solar megastructure"", ""plasma manipulation"", ""future technology"", ""Dyson swarm"", ""stellar engineering"", ""solar energy"", ""sci fi engineering"", ""mega machine"", ""Sun technology""]",2026-09-25T21:40:42.699851+00:00
774,Photosphere Terraformer,39,Sun,Space,active,18,1,1,What If We Could Terraform the Sun? ☀️,"[""Photosphere Terraformer"", ""Sun Terraforming"", ""solar engineering"", ""Sun megastructure"", ""solar megastructure"", ""plasma manipulation"", ""solar surface"", ""sunspots"", ""solar convection"", ""magnetic fields"", ""astroengineering"", ""futuristic technology"", ""sci fi concepts"", ""space engineering"", ""Dyson sphere""]",2026-09-25T21:40:42.699851+00:00
775,Solar Dynamo Loom,39,Sun,Space,active,18,1,1,This Machine Weaves the Sun’s Magnetic Fields Into Power ⚡,"[""Solar Dynamo Loom"", ""Sun megastructure"", ""solar engineering"", ""Sun machine"", ""solar dynamo"", ""magnetic fields"", ""solar energy"", ""Sun technology"", ""stellar engineering"", ""megastructure"", ""future technology"", ""solar plasma"", ""magnetic flux"", ""Dyson sphere"", ""sci fi technology""]",2026-09-25T21:40:42.699851+00:00
776,Leviathan Span Engine,59,Whale,Biology,active,18,1,1,This Whale Machine Bridges Entire Valleys! 🐋,"[""Leviathan Span Engine"", ""whale machine"", ""futuristic machine"", ""mega structure"", ""future engineering"", ""giant bridge machine"", ""whale bridge"", ""futuristic bridge"", ""massive engineering"", ""concept machine"", ""sci fi engineering"", ""future transportation"", ""giant machine"", ""engineering concept"", ""futuristic infrastructure""]",2026-09-25T21:41:06.559072+00:00
777,Whaleheart Megatower,59,Whale,Biology,active,18,1,1,Whaleheart Megatower: The Giant Machine That Pumps Water! 🐋,"[""Whaleheart Megatower"", ""whale inspired machine"", ""futuristic megastructure"", ""hydraulic megatower"", ""future technology"", ""biomimicry engineering"", ""whale heart machine"", ""water pumping machine"", ""futuristic engineering"", ""giant machine"", ""mega engineering"", ""water technology"", ""aquifer pumping"", ""future machines"", ""AI engineering concept""]",2026-09-25T21:41:06.559072+00:00
778,Tidal Ring Leviathan,59,Whale,Biology,active,18,1,1,The Whale Machine That Powers an Entire Bay 🐋,"[""tidal energy"", ""whale machine"", ""tidal ring leviathan"", ""future engineering"", ""ocean technology"", ""tidal power"", ""renewable energy"", ""futuristic machine"", ""coastal protection"", ""storm surge protection"", ""giant machine"", ""future technology"", ""ocean engineering"", ""futuristic architecture"", ""AI concept""]",2026-09-25T21:41:06.559072+00:00
779,Deep-Swallow Burrower,59,Whale,Biology,active,18,1,1,Whale Machine Buried Underground—But It Keeps Moving! 🐋,"[""Deep Swallow Burrower"", ""whale machine"", ""giant underground machine"", ""burrowing machine"", ""megama\u0441hine"", ""future engineering"", ""underground construction"", ""tunnel boring machine"", ""futuristic machine"", ""whale inspired machine"", ""subterranean transport"", ""giant machine concept"", ""sci fi engineering"", ""desert excavation"", ""seabed excavation""]",2026-09-25T21:41:06.559072+00:00
780,Continental Fluke Walker,59,Whale,Biology,active,18,1,1,This Whale Machine Walks Across Continents! 🐋,"[""continental fluke walker"", ""whale machine"", ""walking megamachine"", ""giant walking machine"", ""futuristic machine"", ""mega engineering"", ""whale inspired machine"", ""industrial megastructure"", ""future technology"", ""giant robot machine"", ""mechanical whale"", ""gyroscopic machine"", ""sci fi engineering"", ""colossal machinery"", ""future engineering""]",2026-09-25T21:41:06.559072+00:00
781,Cloud-Belly Canopy,59,Whale,Biology,active,18,1,1,Giant Whale Canopy Harvests Water From the Sky! 🐋,"[""cloud belly canopy"", ""whale machine"", ""giant whale machine"", ""airborne whale"", ""water harvesting machine"", ""atmospheric water harvesting"", ""future farming technology"", ""mega machine"", ""sci fi machine"", ""futuristic engineering"", ""giant flying machine"", ""climate control technology"", ""futuristic agriculture"", ""whale inspired machine"", ""future technology""]",2026-09-25T21:41:06.559072+00:00
782,Migrating Spine Conveyor,59,Whale,Biology,active,18,1,1,The Giant Whale Machine That Moves Entire Cities 🐋,"[""migrating spine conveyor"", ""whale machine"", ""giant whale machine"", ""futuristic machine"", ""megamachine"", ""future technology"", ""giant conveyor"", ""colossal engineering"", ""biomimicry machine"", ""heavy transport machine"", ""futuristic engineering"", ""sci fi machine"", ""robotic transportation"", ""industrial megastructure"", ""AI concept machine""]",2026-09-25T21:41:06.559072+00:00
783,Krill Harvest Colossus,59,Whale,Biology,active,18,1,1,The Whale Machine That Harvests the Ocean’s Krill 🐋,"[""krill harvest colossus"", ""whale machine"", ""giant ocean machine"", ""krill harvesting machine"", ""ocean harvesting"", ""futuristic ocean machine"", ""whale inspired machine"", ""mega machine"", ""ocean engineering"", ""baleen filtration"", ""giant filtration machine"", ""future technology"", ""colossal machine"", ""marine biomass"", ""futuristic engineering""]",2026-09-25T21:41:06.559072+00:00
784,Stormback Protector,59,Whale,Biology,active,18,1,1,This Whale Machine Can Stop a Mega Storm 🌊,"[""Stormback Protector"", ""whale machine"", ""giant whale machine"", ""futuristic machine"", ""ocean engineering"", ""coastal protection"", ""tsunami defense"", ""hurricane defense"", ""mega engineering"", ""future technology"", ""giant machines"", ""wave breaker"", ""futuristic engineering"", ""whale inspired machine""]",2026-09-25T21:41:06.559072+00:00
785,Ocean Terraformer Whale,59,Whale,Biology,active,18,1,1,This Giant Whale Machine Is Terraforming the Ocean 🌊,"[""ocean terraformer whale"", ""whale machine"", ""giant whale machine"", ""ocean engineering"", ""terraforming machine"", ""futuristic megastructure"", ""colossal machine"", ""ocean technology"", ""underwater machine"", ""future technology"", ""sediment relocation"", ""ocean restoration"", ""sci fi machine"", ""giant machine"", ""futuristic engineering""]",2026-09-25T21:41:06.559072+00:00
786,Continental Furrow Tractor,79,Tractor,Vehicle,active,10,1,1,This Mega Tractor Plows Entire Valleys in Seconds 🌍,"[""mega tractor"", ""futuristic farming machine"", ""impossible machines"", ""giant tractor"", ""future technology"", ""AI generated machines"", ""terraforming machine"", ""massive agriculture"", ""concept engineering"", ""future farming"", ""colossal machines"", ""cinematic AI"", ""mega engineering"", ""landscape transformation""]",2026-09-25T21:41:20.043214+00:00
787,Skyhook Harvest Tractor,79,Tractor,Vehicle,active,10,1,1,Giant Skyhook Tractor Harvests an Entire Forest From Above 🌲,"[""skyhook harvest tractor"", ""giant tractor"", ""futuristic tractor"", ""mega machine"", ""impossible machines"", ""future technology"", ""AI generated machines"", ""forest harvesting machine"", ""colossal engineering"", ""sci fi machinery"", ""future farming"", ""giant construction machines"", ""planet scale machines"", ""cinematic AI video""]",2026-09-25T21:41:20.043214+00:00
788,Ringroad Tractor,79,Tractor,Vehicle,active,10,1,1,The Giant Ringroad Tractor That Builds Roads Forever 🌍,"[""giant tractor"", ""impossible machines"", ""future construction technology"", ""mega machine"", ""AI generated machines"", ""futuristic tractor"", ""road building machine"", ""autonomous construction"", ""planet scale engineering"", ""giant construction equipment"", ""future technology"", ""cinematic AI video"", ""engineering marvel"", ""sci fi machines""]",2026-09-25T21:41:20.043214+00:00
789,Deepsoil Burrower Tractor,79,Tractor,Vehicle,active,10,1,1,The Underground Tractor That Rebuilds Entire Landscapes 🌍,"[""deepsoil burrower tractor"", ""giant futuristic tractor"", ""underground tunneling machine"", ""impossible machines"", ""mega construction equipment"", ""future engineering"", ""terraforming machine"", ""giant excavator concept"", ""sci fi machinery"", ""landscape transformation"", ""future construction technology"", ""underground tractor"", ""cinematic AI machines"", ""colossal machines"", ""engineering marvels""]",2026-09-25T21:41:20.043214+00:00
790,Atlas Walking Tractor,79,Tractor,Vehicle,active,10,1,1,The Atlas Walking Tractor That Moves Mountains 🌍,"[""Atlas Walking Tractor"", ""giant walking machine"", ""mega tractor"", ""futuristic tractor"", ""impossible machines"", ""future technology"", ""colossal engineering"", ""walking excavator"", ""giant construction machine"", ""AI generated machines"", ""sci fi engineering"", ""massive robots"", ""future construction"", ""industrial megastructure""]",2026-09-25T21:41:20.043214+00:00
791,Weather Canopy Tractor,79,Tractor,Vehicle,active,10,1,1,This Giant Tractor Controls the Weather Over an Entire Farm 🌦️,"[""giant tractor"", ""weather control machine"", ""futuristic farming"", ""mega machine"", ""impossible engineering"", ""future agriculture"", ""giant construction machine"", ""AI generated machines"", ""cinematic sci fi"", ""weather canopy"", ""future technology"", ""terraforming machines"", ""colossal machines"", ""engineering marvel"", ""vertical AI video""]",2026-09-25T21:41:20.043214+00:00
792,Continental Spine Hauler,79,Tractor,Vehicle,active,10,1,1,The Mega Tractor That Carries Entire Cities 🚜,"[""giant tractor"", ""mega machine"", ""future transportation"", ""impossible machines"", ""AI generated engineering"", ""colossal vehicle"", ""future logistics"", ""sci fi machine"", ""industrial future"", ""massive tractor"", ""future technology"", ""mechanical engineering"", ""futuristic vehicle"", ""AI animation"", ""engineering marvel""]",2026-09-25T21:41:20.043214+00:00
793,Glacier Plow Tractor,79,Tractor,Vehicle,active,10,1,1,This Glacier Tractor Rebuilds Entire Ice Landscapes 🧊,"[""glacier tractor"", ""giant machine"", ""impossible machines"", ""mega machines"", ""future technology"", ""AI generated machines"", ""colossal tractor"", ""ice engineering"", ""glacier transformation"", ""future engineering"", ""giant construction vehicles"", ""sci fi machinery"", ""planet scale machines"", ""cinematic AI video""]",2026-09-25T21:41:20.043214+00:00
794,Floodwall Tractor,79,Tractor,Vehicle,active,19,1,1,This Mega Tractor Builds an Endless Flood Wall 🌊,"[""Floodwall Tractor"", ""Mega Machines"", ""Giant Tractor"", ""Future Engineering"", ""Impossible Machines"", ""Coastal Defense"", ""Flood Barrier Technology"", ""Cinematic AI Machines"", ""Future Construction"", ""Massive Engineering"", ""Terraforming Machines"", ""AI Generated Video"", ""Extreme Machines"", ""Engineering Marvels""]",2026-09-25T21:41:20.043214+00:00
795,Desert Seeder Tractor,79,Tractor,Vehicle,active,19,1,1,This Giant Tractor Turns Deserts Into Living Landscapes 🌱,"[""Desert Seeder Tractor"", ""Giant Tractor"", ""Desert Transformation"", ""Terraforming Machine"", ""Future Farming Technology"", ""Mega Engineering"", ""Impossible Machines"", ""AI Generated Machines"", ""Landscape Restoration"", ""Future Agriculture"", ""Massive Construction Machines"", ""Ecosystem Restoration"", ""Extreme Engineering"", ""Futuristic Technology""]",2026-09-25T21:41:20.043214+00:00
796,Cloudspan Condenser,40,Cloud,Weather,active,18,1,1,This Impossible Bridge Harvests Water From Clouds 🌧️,"[""Cloudspan Condenser"", ""cloud harvesting"", ""water from clouds"", ""cloud water harvesting"", ""futuristic technology"", ""future engineering"", ""impossible machines"", ""megastructure"", ""giant bridge"", ""water harvesting technology"", ""cloud technology"", ""sci fi engineering"", ""future megastructures"", ""concept technology"", ""AI generated engineering""]",2026-09-25T21:42:37.390446+00:00
797,Stormroot Tower,40,Cloud,Weather,active,18,1,1,This Tower Can Defuse a Thunderstorm From the Clouds ⚡,"[""Stormroot Tower"", ""thunderstorm machine"", ""storm protection"", ""cloud engineering"", ""weather control"", ""future technology"", ""weather machine"", ""atmospheric engineering"", ""thunderstorm technology"", ""cloud technology"", ""megascale engineering"", ""sci fi technology"", ""impossible machines"", ""future engineering"", ""weather modification""]",2026-09-25T21:42:37.390446+00:00
798,Cloud Orbit Ring,40,Cloud,Weather,active,18,1,1,This Giant Ring Controls the Weather?! ☁️,"[""Cloud Orbit Ring"", ""weather engineering"", ""artificial weather"", ""cloud technology"", ""weather control"", ""future technology"", ""mega structure"", ""cloud machine"", ""rainfall control"", ""weather reservoir"", ""atmospheric engineering"", ""futuristic technology"", ""cloud megastructure"", ""climate technology"", ""engineering concepts""]",2026-09-25T21:42:37.390446+00:00
799,Nimbus Burrower,40,Cloud,Weather,active,18,1,1,This Machine Pulls Clouds Underground to Terraform Deserts ☁️,"[""Nimbus Burrower"", ""cloud engineering"", ""terraforming machine"", ""underground megastructure"", ""weather manipulation"", ""cloud manipulation"", ""future technology"", ""speculative engineering"", ""terraforming desert"", ""atmospheric engineering"", ""megaproject"", ""giant machine"", ""sci fi engineering"", ""future megastructure"", ""artificial weather""]",2026-09-25T21:42:37.390446+00:00
800,Cyclone Walker,40,Cloud,Weather,active,18,1,1,Cyclone Walker: The Giant Machine That Pushes Storms Away 🌪️,"[""Cyclone Walker"", ""storm machine"", ""weather control"", ""cyclone control"", ""giant machine"", ""mega machine"", ""atmospheric engineering"", ""cloud manipulation"", ""storm technology"", ""sci fi machine"", ""futuristic technology"", ""speculative engineering"", ""weather machine"", ""impossible machines"", ""future engineering""]",2026-09-25T21:42:37.390446+00:00
801,Cloud Harvest Canopy,40,Cloud,Weather,active,18,1,1,This Giant Canopy Harvests Clouds for Water ☁️,"[""cloud harvesting"", ""cloud harvesting machine"", ""Cloud Harvest Canopy"", ""future technology"", ""futuristic megastructure"", ""atmospheric water harvesting"", ""water from clouds"", ""giant machine"", ""sci fi technology"", ""climate engineering"", ""future engineering"", ""mega engineering"", ""impossible machines"", ""futuristic concept"", ""cloud technology""]",2026-09-25T21:42:37.390446+00:00
802,Rainmaker Spine,40,Cloud,Weather,active,18,1,1,This Giant Machine Turns Clouds Into a River 🌧️,"[""Rainmaker Spine"", ""cloud harvesting"", ""cloud machine"", ""rainmaker machine"", ""futuristic technology"", ""megaproject"", ""giant machine"", ""artificial watershed"", ""cloud condensation"", ""weather technology"", ""future engineering"", ""mega structure"", ""water harvesting"", ""impossible engineering"", ""futuristic machines""]",2026-09-25T21:42:37.390446+00:00
803,Cloudlift Crane,40,Cloud,Weather,active,18,1,1,This Giant Crane Moves Entire Clouds to End Droughts ☁️,"[""Cloudlift Crane"", ""cloud engineering"", ""weather engineering"", ""cloud harvesting"", ""cloud relocation"", ""artificial weather"", ""future technology"", ""climate engineering"", ""atmospheric engineering"", ""mega machines"", ""giant crane"", ""drought solution"", ""cloud machine"", ""futuristic engineering"", ""weather control""]",2026-09-25T21:42:37.390446+00:00
804,Skyforge Seeder,40,Cloud,Weather,active,18,1,1,This Giant Machine Creates Clouds From Nothing! ☁️,"[""Skyforge Seeder"", ""cloud machine"", ""artificial clouds"", ""cloud generation"", ""weather engineering"", ""future technology"", ""atmospheric engineering"", ""cloud seeding"", ""weather modification"", ""futuristic machine"", ""mega engineering"", ""terraforming technology"", ""artificial weather"", ""climate technology"", ""sci fi technology""]",2026-09-25T21:42:37.390446+00:00
805,Horizon Cloud Engine,40,Cloud,Weather,active,18,1,1,This Giant Machine Controls an Entire Cloud System 🌩️,"[""Horizon Cloud Engine"", ""cloud machine"", ""weather control"", ""artificial weather"", ""climate control machine"", ""cloud engineering"", ""future technology"", ""mega engineering"", ""atmospheric engineering"", ""weather modification"", ""rainfall control"", ""futuristic machine"", ""giant machine"", ""cloud technology"", ""climate technology""]",2026-09-25T21:42:37.390446+00:00
806,Elephant Continental Bridge,60,Elephant,Biology,active,18,1,1,This Elephant Bridge Can Rebuild Itself! 🐘,"[""elephant continental bridge"", ""self rebuilding bridge"", ""futuristic bridge"", ""mega engineering"", ""giant machine"", ""hydraulic bridge"", ""transforming bridge"", ""future technology"", ""mechanical engineering"", ""colossal machine"", ""suspension bridge"", ""bridge technology"", ""futuristic engineering"", ""giant elephant machine"", ""impossible engineering""]",2026-09-25T21:42:46.325308+00:00
807,Elephant Tusker Tower,60,Elephant,Biology,active,18,1,1,This Elephant Tower Can Build Skyscrapers?! 🐘,"[""elephant tusker tower"", ""elephant construction machine"", ""giant construction machine"", ""futuristic construction"", ""future technology"", ""mega construction machine"", ""biomimicry engineering"", ""hydraulic construction"", ""giant drilling machine"", ""skyscraper construction"", ""future engineering"", ""massive machines"", ""AI concept"", ""futuristic machines"", ""engineering technology""]",2026-09-25T21:42:46.325308+00:00
808,Elephant Herd Ring,60,Elephant,Biology,active,18,1,1,This Elephant Ring Can Defend an Entire City! 🐘,"[""elephant herd ring"", ""elephant machine"", ""giant elephant machine"", ""futuristic defense machine"", ""mega machine"", ""giant machine concept"", ""futuristic engineering"", ""future technology"", ""AI machine concept"", ""colossal machine"", ""defensive barrier machine"", ""elephant inspired machine"", ""sci fi engineering"", ""future megastructure"", ""viral AI video""]",2026-09-25T21:42:46.325308+00:00
809,Elephant Earth Burrower,60,Elephant,Biology,active,18,1,1,Elephant Earth Burrower: The Underground Mega Machine 🐘,"[""Elephant Earth Burrower"", ""elephant machine"", ""giant tunneling machine"", ""underground machine"", ""mega machine"", ""tunnel boring machine"", ""futuristic machine"", ""future technology"", ""engineering technology"", ""giant construction machine"", ""elephant inspired machine"", ""underground construction"", ""massive machine"", ""rock excavation"", ""future engineering""]",2026-09-25T21:42:46.325308+00:00
810,Elephant Walking Hauler,60,Elephant,Biology,active,18,1,1,This Elephant Machine Walks Without Roads! 🐘,"[""elephant machine"", ""elephant walking machine"", ""walking hauler"", ""giant transport machine"", ""mega machine"", ""futuristic machine"", ""future technology"", ""heavy transport"", ""off road machine"", ""hydraulic machine"", ""six legged machine"", ""giant engineering"", ""industrial transport"", ""engineering concept"", ""futuristic engineering""]",2026-09-25T21:42:46.325308+00:00
811,Elephant Canopy Harvester,60,Elephant,Biology,active,18,1,1,Giant Elephant Canopy Harvests an Entire Forest! 🐘,"[""elephant machine"", ""elephant inspired machine"", ""giant harvesting machine"", ""forest harvesting machine"", ""canopy harvester"", ""futuristic machine"", ""mega machine"", ""biomass harvesting"", ""fruit harvesting machine"", ""future technology"", ""giant machine concept"", ""engineering technology"", ""industrial innovation"", ""sci fi machine""]",2026-09-25T21:42:46.325308+00:00
812,Elephant Segmented Spine,60,Elephant,Biology,active,18,1,1,This Elephant Machine Can Move Entire Cities! 🐘,"[""elephant machine"", ""segmented spine machine"", ""mega machine"", ""futuristic machine"", ""giant construction machine"", ""infrastructure transport"", ""desert machine"", ""hydraulic machine"", ""articulated machine"", ""future technology"", ""giant engineering"", ""cargo transport machine"", ""sci fi machine"", ""massive machines"", ""engineering technology""]",2026-09-25T21:42:46.325308+00:00
813,Elephant River Terraformer,60,Elephant,Biology,active,18,1,1,This Elephant Machine Is Rebuilding Entire Rivers! 🐘,"[""elephant machine"", ""elephant terraformer"", ""river terraformer"", ""river reshaping machine"", ""mega machines"", ""giant construction machine"", ""future engineering"", ""earthmoving machine"", ""terraforming machine"", ""futuristic machines"", ""massive machines"", ""AI machine concept"", ""river engineering"", ""artificial islands"", ""floodplain construction""]",2026-09-25T21:42:46.325308+00:00
814,Elephant Migration Engine,60,Elephant,Biology,active,18,1,1,This Elephant Engine Moves Entire Cities! 🐘,"[""elephant migration engine"", ""elephant machine"", ""giant elephant machine"", ""mega machines"", ""futuristic machine"", ""future technology"", ""giant construction machine"", ""building relocation machine"", ""mobile city"", ""settlement relocation"", ""mechanical elephant"", ""massive engineering"", ""futuristic engineering"", ""giant machines"", ""AI generated machines""]",2026-09-25T21:42:46.325308+00:00
815,Elephant Monsoon Shield,60,Elephant,Biology,active,18,1,1,This Giant Elephant Machine Controls the Monsoon! 🌧️,"[""elephant machine"", ""elephant technology"", ""monsoon shield"", ""giant machine"", ""mega machine"", ""futuristic engineering"", ""weather control machine"", ""storm protection"", ""extreme weather technology"", ""future technology"", ""giant elephant"", ""hydraulic machine"", ""massive engineering"", ""sci fi machine"", ""viral technology""]",2026-09-25T21:42:46.325308+00:00
816,Continental Span Excavator,80,Excavator,Vehicle,active,10,1,1,The World's Largest Excavator Builds a Road Across Valleys 🚧,"[""giant excavator"", ""mega machine"", ""future construction"", ""impossible machines"", ""colossal engineering"", ""AI generated machines"", ""futuristic technology"", ""largest excavator"", ""construction of the future"", ""bridge building machine"", ""heavy machinery"", ""sci fi engineering"", ""terraforming machines"", ""industrial innovation""]",2026-09-25T21:42:58.192039+00:00
817,Mountain-Crown Excavator,80,Excavator,Vehicle,active,10,1,1,The Mountain-Crown Excavator That Drills Through Entire Peaks 🏔️,"[""Mountain Crown Excavator"", ""giant excavator"", ""impossible machines"", ""mega machines"", ""future technology"", ""future engineering"", ""colossal construction"", ""vertical excavator"", ""sci fi machines"", ""AI generated machines"", ""mountain excavation"", ""industrial innovation"", ""giant construction equipment""]",2026-09-25T21:42:58.192039+00:00
818,Terraforming Ring Excavator,80,Excavator,Vehicle,active,10,1,1,This Giant Ring Excavator Reshapes Entire Landscapes! 🌍,"[""Terraforming Ring Excavator"", ""giant excavator machine"", ""mega construction machine"", ""future technology"", ""impossible machines"", ""AI generated machines"", ""planetary engineering"", ""landscape transformation"", ""futuristic excavator"", ""colossal machine"", ""terraforming technology"", ""sci fi engineering"", ""giant construction vehicles"", ""AI cinematic video""]",2026-09-25T21:42:58.192039+00:00
819,Deep-Earth Burrower,80,Excavator,Vehicle,active,19,1,1,Deep-Earth Burrower: The Giant Machine Digging Under Continents 🌎,"[""Deep Earth Burrower"", ""giant excavator"", ""future excavator"", ""impossible machines"", ""mega machine"", ""underground tunnel machine"", ""AI generated machines"", ""future technology"", ""sci fi engineering"", ""colossal machine"", ""planet scale engineering"", ""tunneling machine"", ""futuristic construction"", ""AI cinematic"", ""giant construction equipment""]",2026-09-25T21:42:58.192039+00:00
820,Titan Walking Excavator,80,Excavator,Vehicle,active,10,1,1,Titan Walking Excavator: The Giant Machine That Moves Mountains 🏔️,"[""Titan Walking Excavator"", ""giant excavator machine"", ""mega construction machine"", ""futuristic excavator"", ""walking excavator"", ""impossible machines"", ""future technology"", ""colossal machine"", ""AI generated machines"", ""landscape scale engineering"", ""mountain excavation"", ""sci fi construction"", ""heavy machinery"", ""future engineering"", ""giant robot excavator""]",2026-09-25T21:42:58.192039+00:00
821,Sky-Dredge Canopy,80,Excavator,Vehicle,active,10,1,1,The Sky-Dredge Canopy: A Mega Excavator Above the Earth 🌌,"[""sky dredge canopy"", ""giant excavator"", ""future excavation machine"", ""mega machine concept"", ""impossible engineering"", ""AI generated machines"", ""futuristic construction"", ""planet scale technology"", ""robotic excavator"", ""giant mining machine"", ""future technology"", ""industrial megastructure"", ""sci fi engineering"", ""massive construction machine""]",2026-09-25T21:42:58.192039+00:00
822,Continental Excavator Spine,80,Excavator,Vehicle,active,10,1,1,The 100-Mile Excavator Spine That Rebuilds Earth 🌍,"[""giant excavator"", ""futuristic machine"", ""impossible machines"", ""mega construction"", ""colossal excavator"", ""future technology"", ""AI generated machines"", ""terraforming machine"", ""massive engineering"", ""earth moving machine"", ""sci fi machinery"", ""future construction"", ""mega structures"", ""cinematic AI video""]",2026-09-25T21:42:58.192039+00:00
823,Floodwall Guardian Excavator,80,Excavator,Vehicle,active,19,1,1,The Giant Floodwall Excavator That Builds a Fortress While Digging 🌊,"[""giant excavator"", ""flood wall machine"", ""future engineering"", ""mega machines"", ""impossible machines"", ""colossal construction"", ""futuristic excavator"", ""flood defense technology"", ""earthmoving machine"", ""terraforming machines"", ""heavy machinery"", ""cinematic AI video"", ""future technology"", ""massive construction machine""]",2026-09-25T21:42:58.192039+00:00
824,Ocean-Floor Harvest Excavator,80,Excavator,Vehicle,active,10,1,1,The Ocean Floor Excavator That Mines the Deep Sea 🌊,"[""ocean floor excavator"", ""deep sea mining machine"", ""giant excavator"", ""underwater megastructure"", ""future mining technology"", ""impossible machines"", ""mega engineering"", ""deep ocean exploration"", ""seabed mining"", ""futuristic machines"", ""giant construction equipment"", ""AI generated machines"", ""ocean technology"", ""colossal engineering""]",2026-09-25T21:42:58.192039+00:00
825,Planetary Regrading Engine,80,Excavator,Vehicle,active,10,1,1,Planetary Regrading Engine: The Mega Excavator That Reshapes Earth 🌍,"[""planetary regrading engine"", ""giant excavator"", ""mega machine"", ""future construction technology"", ""impossible machines"", ""terraforming machine"", ""colossal excavator"", ""futuristic engineering"", ""earth reshaping machine"", ""heavy machinery concept"", ""AI generated machines"", ""future technology"", ""landscape transformation"", ""giant crawler machine""]",2026-09-25T21:42:58.192039+00:00
826,Cyclone Foundry Span,41,Tornado,Weather,active,18,1,1,This Machine Harvests a Tornado to Forge Giant Beams 🌪️,"[""tornado machine"", ""cyclone foundry"", ""tornado energy"", ""tornado technology"", ""future technology"", ""futuristic machine"", ""megastucture"", ""industrial megastructure"", ""storm energy"", ""wind energy"", ""giant machine"", ""futuristic engineering"", ""AI concept"", ""extreme weather"", ""sci fi engineering""]",2026-09-25T21:44:31.266028+00:00
827,Vortex Anchor Tower,41,Tornado,Weather,active,18,1,1,This Tower Pins a Tornado in Place! 🌪️,"[""tornado"", ""vortex anchor tower"", ""tornado machine"", ""tornado technology"", ""tornado engineering"", ""futuristic engineering"", ""megastructure"", ""extreme weather"", ""storm technology"", ""tornado control"", ""vortex machine"", ""giant machine"", ""future technology"", ""weather engineering"", ""sci fi engineering""]",2026-09-25T21:44:31.266028+00:00
828,Eye-Ring Shepherd,41,Tornado,Weather,active,18,1,1,This Giant Ring Can Control a Tornado?! 🌪️,"[""tornado"", ""tornado control"", ""tornado machine"", ""giant machine"", ""mega machine"", ""tornado technology"", ""vortex control"", ""extreme weather"", ""future technology"", ""sci fi engineering"", ""futuristic machine"", ""weather engineering"", ""giant ring"", ""Eye-Ring Shepherd"", ""concept technology""]",2026-09-25T21:44:31.266028+00:00
829,Storm Burrower,41,Tornado,Weather,active,18,1,1,This Giant Machine Burrows Beneath a Tornado 🌪️,"[""Storm Burrower"", ""tornado machine"", ""tornado technology"", ""tornado defense"", ""futuristic tornado"", ""storm technology"", ""extreme weather"", ""giant machine"", ""underground machine"", ""megaproject"", ""weather control"", ""tornado concept"", ""futuristic engineering"", ""disaster prevention"", ""sci fi technology""]",2026-09-25T21:44:31.266028+00:00
830,Twister Walker,41,Tornado,Weather,active,18,1,1,This Giant Walker Saves Buildings From a Tornado! 🌪️,"[""twister walker"", ""tornado machine"", ""tornado"", ""giant machine"", ""mega machine"", ""sci fi machine"", ""tornado protection"", ""disaster technology"", ""futuristic engineering"", ""giant robot"", ""building relocation"", ""tornado survival"", ""cinematic sci fi"", ""future technology"", ""viral sci fi""]",2026-09-25T21:44:31.266028+00:00
831,Tempest Canopy,41,Tornado,Weather,active,18,1,1,This Giant Canopy Shields an Entire Valley From a Tornado 🌪️,"[""Tempest Canopy"", ""tornado protection"", ""tornado technology"", ""tornado defense"", ""futuristic engineering"", ""mega machine"", ""extreme weather"", ""storm protection"", ""tornado simulation"", ""giant machine"", ""future technology"", ""disaster prevention"", ""sci fi technology"", ""weather engineering"", ""viral tornado""]",2026-09-25T21:44:31.266028+00:00
832,Vortex Spine Convoy,41,Tornado,Weather,active,18,1,1,This Machine Follows a Tornado Like a Giant Spine 🌪️,"[""tornado machine"", ""Vortex Spine Convoy"", ""tornado technology"", ""futuristic machine"", ""mega machine"", ""extreme weather"", ""tornado concept"", ""storm machine"", ""giant machine"", ""future engineering"", ""tornado simulator"", ""sci fi technology"", ""mechanical convoy"", ""disaster technology"", ""viral futuristic technology""]",2026-09-25T21:44:31.266028+00:00
833,Cyclone Water Loom,41,Tornado,Weather,active,18,1,1,Cyclone Water Loom — The Tornado Machine You've Never Seen ⚡,"[""Cyclone Water Loom"", ""Tornado machine"", ""Tornado engineering"", ""impossible engineering"", ""colossal machine"", ""megastructure"", ""futuristic technology"", ""ai animation"", ""8 second render"", ""cinematic machine""]",2026-09-25T21:44:31.266028+00:00
834,Tornado Railmaker,41,Tornado,Weather,active,18,1,1,Tornado Railmaker — The Tornado Machine You've Never Seen ⚡,"[""Tornado Railmaker"", ""Tornado machine"", ""Tornado engineering"", ""impossible engineering"", ""colossal machine"", ""megastructure"", ""futuristic technology"", ""ai animation"", ""8 second render"", ""cinematic machine""]",2026-09-25T21:44:31.266028+00:00
835,Storm Terrain Sculptor,41,Tornado,Weather,active,18,1,1,Storm Terrain Sculptor — The Tornado Machine You've Never Seen ⚡,"[""Storm Terrain Sculptor"", ""Tornado machine"", ""Tornado engineering"", ""impossible engineering"", ""colossal machine"", ""megastructure"", ""futuristic technology"", ""ai animation"", ""8 second render"", ""cinematic machine""]",2026-09-25T21:44:31.266028+00:00
836,Termite Megabridge,61,Termite Colony,Biology,active,18,1,1,This Termite Bridge Could Span an Entire Canyon! 🐜,"[""Termite Megabridge"", ""termite colony"", ""termite inspired engineering"", ""biomimicry engineering"", ""futuristic bridge"", ""mega bridge"", ""megabridge"", ""future technology"", ""giant bridge"", ""canyon bridge"", ""futuristic engineering"", ""megastructure"", ""concept engineering"", ""giant machine"", ""biomimicry""]",2026-09-25T21:44:41.983332+00:00
837,Termite Cathedral Tower,61,Termite Colony,Biology,active,18,1,1,How Termites Build a Giant Cathedral Tower 🐜,"[""termite cathedral tower"", ""termite colony"", ""termite architecture"", ""biomimicry engineering"", ""giant termite structure"", ""self building tower"", ""futuristic architecture"", ""robotic construction"", ""megastructure"", ""future engineering"", ""honeycomb tower"", ""AI architecture"", ""giant tower"", ""termite inspired design""]",2026-09-25T21:44:41.983332+00:00
838,Termite Fortress Ring,61,Termite Colony,Biology,active,18,1,1,This Termite Fortress Can Defend an Entire City! 🛡️,"[""termite fortress"", ""termite colony"", ""termite inspired engineering"", ""biomimicry"", ""futuristic megastructure"", ""defensive machine"", ""future city"", ""giant fortress"", ""hydraulic machine"", ""future engineering"", ""termite architecture"", ""megaproject"", ""sci fi engineering"", ""futuristic infrastructure"", ""AI concept""]",2026-09-25T21:44:41.983332+00:00
839,Termite Deep-Burrower,61,Termite Colony,Biology,active,18,1,1,This Termite Machine Digs Kilometers Underground! 🐜,"[""termite machine"", ""termite deep burrower"", ""termite colony"", ""underground machine"", ""underground construction"", ""tunnel boring machine"", ""giant digging machine"", ""future engineering"", ""megaproject"", ""biomimicry engineering"", ""termite engineering"", ""futuristic machine"", ""AI engineering"", ""massive machinery"", ""underground tunnel""]",2026-09-25T21:44:41.983332+00:00
840,Termite Walking Foundry,61,Termite Colony,Biology,active,18,1,1,This Walking Factory Turns Earth Into Giant Structures 🤯,"[""termite walking foundry"", ""termite machine"", ""termite colony"", ""giant machine"", ""walking factory"", ""futuristic machine"", ""future technology"", ""biomimicry"", ""mega construction machine"", ""earth to building"", ""industrial machine"", ""futuristic construction"", ""colossal machine"", ""engineering concept"", ""AI generated machine""]",2026-09-25T21:44:41.983332+00:00
841,Termite Sky-Canopy Harvester,61,Termite Colony,Biology,active,18,1,1,This Giant Termite Machine Harvests the Sky! 🌎,"[""termite colony"", ""termite machine"", ""termite megastructure"", ""termite inspired engineering"", ""biomimicry"", ""futuristic machine"", ""giant machine"", ""mega structure"", ""sky canopy"", ""resource harvesting"", ""future technology"", ""AI engineering"", ""industrial machine"", ""futuristic technology"", ""viral AI video""]",2026-09-25T21:44:41.983332+00:00
842,Termite Segmented Terraformer,61,Termite Colony,Biology,active,18,1,1,This Termite Machine Turns Barren Land Into Fertile Ground! 🐜,"[""termite machine"", ""termite colony"", ""segmented terraformer"", ""terraforming machine"", ""giant machine"", ""megamanachine"", ""future technology"", ""futuristic engineering"", ""barren land transformation"", ""soil transformation"", ""automated farming"", ""giant construction machine"", ""termite inspired technology"", ""sci fi machine"", ""mechanical terraformer""]",2026-09-25T21:44:41.983332+00:00
843,Termite Resource Conveyor,61,Termite Colony,Biology,active,18,1,1,Termite Resource Conveyor — The Termite Colony Machine You've Never Seen ⚡,"[""Termite Resource Conveyor"", ""Termite Colony machine"", ""Termite Colony engineering"", ""impossible engineering"", ""colossal machine"", ""megastructure"", ""futuristic technology"", ""ai animation"", ""8 second render"", ""cinematic machine""]",2026-09-25T21:44:41.983332+00:00
844,Termite Flood-Mound Engine,61,Termite Colony,Biology,active,18,1,1,Termite Flood-Mound Engine — The Termite Colony Machine You've Never Seen ⚡,"[""Termite Flood-Mound Engine"", ""Termite Colony machine"", ""Termite Colony engineering"", ""impossible engineering"", ""colossal machine"", ""megastructure"", ""futuristic technology"", ""ai animation"", ""8 second render"", ""cinematic machine""]",2026-09-25T21:44:41.983332+00:00
845,Termite Climate-Core Reactor,61,Termite Colony,Biology,active,18,1,1,The Termite Reactor That Controls an Entire Climate 🌍,"[""termite colony"", ""termite machine"", ""climate core reactor"", ""futuristic machine"", ""underground machine"", ""megamachine"", ""future technology"", ""artificial ecosystem"", ""termite inspired engineering"", ""giant underground reactor"", ""climate control machine"", ""sci fi engineering"", ""futuristic engineering"", ""mega structure"", ""nature inspired technology""]",2026-09-25T21:44:41.983332+00:00
846,Continental Cargo Bridge,81,Cargo Fleet,Vehicle,active,10,1,1,The Impossible Cargo Bridge That Moves Entire Valleys 🚛,"[""impossible cargo bridge"", ""future cargo transport"", ""mega machines"", ""giant autonomous vehicles"", ""future logistics"", ""mobile bridge technology"", ""futuristic engineering"", ""colossal machines"", ""cargo fleet concept"", ""AI generated machines"", ""future transportation"", ""industrial megastructure"", ""sci fi technology"", ""planet scale machines""]",2026-09-25T21:44:48.557643+00:00
847,Freight Megatower,81,Cargo Fleet,Vehicle,active,18,1,1,The World's Tallest Cargo Machine Just Reached Space 🚀,"[""freight megatower"", ""giant cargo machine"", ""future logistics"", ""impossible machines"", ""cargo fleet"", ""mega engineering"", ""futuristic transportation"", ""vertical cargo system"", ""stratosphere technology"", ""autonomous vehicles"", ""sci fi machines"", ""future megastructures"", ""AI generated machines"", ""colossal engineering"", ""future of shipping""]",2026-09-25T21:44:48.557643+00:00
848,Orbital Cargo Ring,81,Cargo Fleet,Vehicle,active,10,1,1,The Impossible Orbital Cargo Ring That Never Stops Moving 🚀,"[""orbital cargo ring"", ""future cargo system"", ""space logistics"", ""sci fi megastructure"", ""autonomous cargo fleet"", ""future transportation"", ""orbital logistics"", ""impossible machines"", ""mega engineering"", ""space technology"", ""robotic cargo system"", ""futuristic infrastructure"", ""AI generated sci fi"", ""future of freight"", ""giant machines""]",2026-09-25T21:44:48.557643+00:00
849,Burrowing Freight Serpent,81,Cargo Fleet,Vehicle,active,10,1,1,Burrowing Freight Serpent — The Cargo Fleet Machine You've Never Seen ⚡,"[""Burrowing Freight Serpent"", ""Cargo Fleet machine"", ""Cargo Fleet engineering"", ""impossible engineering"", ""colossal machine"", ""megastructure"", ""futuristic technology"", ""ai animation"", ""8 second render"", ""cinematic machine""]",2026-09-25T21:44:48.557643+00:00
850,Cargo Walker Colossus,81,Cargo Fleet,Vehicle,active,10,1,1,Cargo Walker Colossus — The Cargo Fleet Machine You've Never Seen ⚡,"[""Cargo Walker Colossus"", ""Cargo Fleet machine"", ""Cargo Fleet engineering"", ""impossible engineering"", ""colossal machine"", ""megastructure"", ""futuristic technology"", ""ai animation"", ""8 second render"", ""cinematic machine""]",2026-09-25T21:44:48.557643+00:00
851,Freight Canopy Carrier,81,Cargo Fleet,Vehicle,active,10,1,1,Freight Canopy Carrier — The Cargo Fleet Machine You've Never Seen ⚡,"[""Freight Canopy Carrier"", ""Cargo Fleet machine"", ""Cargo Fleet engineering"", ""impossible engineering"", ""colossal machine"", ""megastructure"", ""futuristic technology"", ""ai animation"", ""8 second render"", ""cinematic machine""]",2026-09-25T21:44:48.557643+00:00
852,Terraforming Cargo Spine,81,Cargo Fleet,Vehicle,active,10,1,1,Terraforming Cargo Spine — The Cargo Fleet Machine You've Never Seen ⚡,"[""Terraforming Cargo Spine"", ""Cargo Fleet machine"", ""Cargo Fleet engineering"", ""impossible engineering"", ""colossal machine"", ""megastructure"", ""futuristic technology"", ""ai animation"", ""8 second render"", ""cinematic machine""]",2026-09-25T21:44:48.557643+00:00
853,Mobile Freight Fortress,81,Cargo Fleet,Vehicle,active,10,1,1,The Moving Cargo Fortress That Builds Its Own Defense Wall 🏰,"[""mobile freight fortress"", ""impossible machines"", ""mega engineering"", ""cargo fleet"", ""moving fortress"", ""future technology"", ""giant vehicles"", ""armored cargo vehicles"", ""sci fi megastructure"", ""colossal machine"", ""future logistics"", ""cinematic AI video"", ""mechanical architecture"", ""planet scale engineering""]",2026-09-25T21:44:48.557643+00:00
854,Continental Cargo Harvester,81,Cargo Fleet,Vehicle,active,10,1,1,The Giant Cargo Fleet That Harvests Entire Cities 🌎,"[""Continental Cargo Harvester"", ""impossible machines"", ""giant cargo fleet"", ""future technology"", ""mega machines"", ""AI generated machines"", ""futuristic logistics"", ""industrial harvesting machine"", ""autonomous cargo system"", ""colossal vehicles"", ""future engineering"", ""sci fi machinery"", ""planet scale machines"", ""AI cinematic video""]",2026-09-25T21:44:48.557643+00:00
855,Transcontinental Freight Conveyor,81,Cargo Fleet,Vehicle,active,10,1,1,The World's Largest Cargo Conveyor Just Crossed a Continent 🚛,"[""transcontinental freight conveyor"", ""giant cargo machine"", ""future cargo technology"", ""autonomous cargo fleet"", ""mega machine concept"", ""impossible machines"", ""futuristic transportation"", ""container transport system"", ""industrial future"", ""robotic logistics"", ""massive engineering"", ""future infrastructure"", ""AI generated machines"", ""cinematic sci fi technology""]",2026-09-25T21:44:48.557643+00:00
856,Continental Bastion Span,85,Fortress,Infrastructure,active,10,1,1,The Fortress Bridge That Moves Entire Cities Across Continents 🏰,"[""continental bastion span"", ""impossible machine"", ""fortress bridge"", ""moving fortress"", ""mega bridge"", ""continental bridge"", ""futuristic megastructure"", ""giant machine"", ""future engineering"", ""sci fi megastructure"", ""colossal engineering"", ""moving city"", ""impossible engineering"", ""futuristic fortress"", ""planetary megastructure""]",2026-09-26T13:32:21.582224+00:00
857,Stratospheric Fortress Forge,85,Fortress,Infrastructure,active,10,1,1,This Fortress Builds Megacities From the Sky 😱,"[""stratospheric fortress"", ""impossible machine"", ""fortress megastructure"", ""futuristic fortress"", ""sky fortress"", ""mega city construction"", ""atmospheric mining"", ""future technology"", ""giant machine"", ""sci fi megastructure"", ""impossible engineering"", ""colossal fortress"", ""futuristic city"", ""mega engineering"", ""cinematic sci fi""]",2026-09-26T13:32:21.582224+00:00
858,Planetary Bulwark Ring,85,Fortress,Infrastructure,active,10,1,1,This Fortress Ring Could Shield an Entire Continent 🛡️,"[""planetary bulwark ring"", ""giant fortress"", ""planetary fortress"", ""mega fortress"", ""impossible engineering"", ""megastructure"", ""futuristic fortress"", ""giant machine"", ""planetary defense"", ""future technology"", ""sci fi megastructure"", ""colossal machine"", ""engineering marvel"", ""futuristic technology""]",2026-09-26T13:32:21.582224+00:00
859,Mantle-Piercing Fortress Burrower,85,Fortress,Infrastructure,active,10,1,1,This Fortress Drills Into Earth's Mantle to Build New Mountains 🔥,"[""mantle drilling machine"", ""impossible fortress"", ""giant underground machine"", ""mega structure"", ""sci fi machine"", ""future technology"", ""planetary engineering"", ""geothermal energy machine"", ""underground fortress"", ""tectonic plate drilling"", ""ai generated machine"", ""colossal machine"", ""future megastructure"", ""sci fi engineering"", ""impossible technology""]",2026-09-26T13:32:21.582224+00:00
860,Leviathan Bastion Walker,85,Fortress,Infrastructure,active,10,1,1,The Walking Fortress That Moves Entire Continents 🏰,"[""walking fortress"", ""leviathan machine"", ""impossible machines"", ""mega structures"", ""giant robots"", ""sci fi fortress"", ""planetary engineering"", ""future technology"", ""colossal machines"", ""moving city"", ""giant mechanical walker"", ""cinematic sci fi"", ""AI generated worlds"", ""fantasy architecture""]",2026-09-26T13:32:21.582224+00:00
861,Skyshield Fortress Canopy,85,Fortress,Infrastructure,active,10,1,1,Skyshield Fortress Canopy — The Fortress Machine You've Never Seen ⚡,"[""Skyshield Fortress Canopy"", ""Fortress machine"", ""Fortress engineering"", ""impossible engineering"", ""colossal machine"", ""megastructure"", ""futuristic technology"", ""ai animation"", ""8 second render"", ""cinematic machine""]",2026-09-26T13:32:21.582224+00:00
862,Citadel Spine Terraformer,85,Fortress,Infrastructure,active,10,1,1,The Fortress Spine That Rebuilds Continents 🌍,"[""Citadel Spine Terraformer"", ""giant fortress machine"", ""impossible machines"", ""mega engineering"", ""planetary engineering"", ""terraforming machine"", ""future technology"", ""AI generated sci fi"", ""colossal machine"", ""walking fortress"", ""cinematic sci fi"", ""megascale construction"", ""alien technology"", ""future civilization"", ""epic engineering""]",2026-09-26T13:32:21.582224+00:00
863,Ocean-Harvest Bastion Wheel,85,Fortress,Infrastructure,active,10,1,1,Ocean-Harvest Bastion Wheel — The Fortress Machine You've Never Seen ⚡,"[""Ocean-Harvest Bastion Wheel"", ""Fortress machine"", ""Fortress engineering"", ""impossible engineering"", ""colossal machine"", ""megastructure"", ""futuristic technology"", ""ai animation"", ""8 second render"", ""cinematic machine""]",2026-09-26T13:32:21.582224+00:00
864,Fortress Catapult Archipelago,85,Fortress,Infrastructure,active,10,1,1,The Fortress Catapult That Launches Cities Across Oceans 🏰,"[""Fortress Catapult"", ""Impossible Machines"", ""Mega Fortress"", ""Giant Machine Concept"", ""Sci Fi Architecture"", ""Colossal Engineering"", ""Future Technology"", ""Fantasy Fortress"", ""Mega Structures"", ""AI Generated Machines"", ""Futuristic Engineering"", ""Epic Sci Fi Machines"", ""Planetary Scale Machine"", ""Cinematic AI Video"", ""Ancient Fortress Future""]",2026-09-26T13:32:21.582224+00:00
865,Chrono-Siege Fortress Lattice,85,Fortress,Infrastructure,active,10,1,1,The Fortress That Rebuilds a Continent from Ruins ⚙️,"[""Chrono Siege Fortress"", ""fortress megastructure"", ""giant fortress"", ""sci fi fortress"", ""futuristic fortress"", ""mega engineering"", ""continental fortress"", ""fortress transformation"", ""future technology"", ""mechanical megastructure"", ""sci fi megastructure"", ""epic fortress"", ""massive machines"", ""dystopian technology"", ""AI generated sci fi""]",2026-09-26T13:32:21.582224+00:00
866,Continental Arena Weaver,86,Stadium,Infrastructure,active,10,1,1,The Stadium Machine That Builds Cities Across Mountains 🏟️,"[""giant stadium machine"", ""future stadium"", ""mega construction"", ""impossible machines"", ""futuristic architecture"", ""colossal engineering"", ""stadium city"", ""AI generated world"", ""bridge span machine"", ""mega structures"", ""future technology"", ""automated construction"", ""sci fi engineering"", ""mountain construction""]",2026-09-26T13:36:20.320916+00:00
867,Stratospheric Crowd Shield Tower,86,Stadium,Infrastructure,active,10,1,1,This Stadium Tower Shields an Entire Continent From Storms 🌪️,"[""stratospheric crowd shield tower"", ""futuristic stadium"", ""stadium megastructure"", ""storm shield technology"", ""orbital debris shield"", ""mega structure"", ""futuristic engineering"", ""sci fi stadium"", ""planetary defense"", ""giant tower"", ""future technology"", ""atmospheric shield"", ""colossal machine"", ""sci fi megastructure""]",2026-09-26T13:36:20.320916+00:00
868,Orbiting Stadium Conveyor Ring,86,Stadium,Infrastructure,active,10,1,1,Orbiting Stadium Conveyor Ring — The Stadium Machine You've Never Seen ⚡,"[""Orbiting Stadium Conveyor Ring"", ""Stadium machine"", ""Stadium engineering"", ""impossible engineering"", ""colossal machine"", ""megastructure"", ""futuristic technology"", ""ai animation"", ""8 second render"", ""cinematic machine""]",2026-09-26T13:36:20.320916+00:00
869,Subcrust Arena Burrower,86,Stadium,Infrastructure,active,10,1,1,The Stadium That Drills Into the Mantle 🔥,"[""Subcrust Arena Burrower"", ""futuristic stadium"", ""underground megastructure"", ""geothermal energy"", ""mantle drilling"", ""future technology"", ""sci fi megastructure"", ""giant underground machine"", ""stadium concept"", ""geological energy"", ""futuristic engineering"", ""mega engineering"", ""sci fi technology"", ""future stadium"", ""cinematic sci fi""]",2026-09-26T13:36:20.320916+00:00
870,Titan March Stadium,86,Stadium,Infrastructure,active,10,1,1,Titan March Stadium: The Walking Mega Arena That Moves Cities 🌍,"[""Titan March Stadium"", ""walking stadium"", ""giant futuristic machine"", ""mega structure"", ""impossible engineering"", ""sci fi stadium"", ""future architecture"", ""colossal machine"", ""AI generated world"", ""planetary scale machine"", ""giant robot concept"", ""future technology"", ""cinematic sci fi"", ""moving city concept""]",2026-09-26T13:36:20.320916+00:00
871,Atmospheric Arena Canopy,86,Stadium,Infrastructure,active,10,1,1,Atmospheric Arena Canopy — The Stadium Machine You've Never Seen ⚡,"[""Atmospheric Arena Canopy"", ""Stadium machine"", ""Stadium engineering"", ""impossible engineering"", ""colossal machine"", ""megastructure"", ""futuristic technology"", ""ai animation"", ""8 second render"", ""cinematic machine""]",2026-09-26T13:36:20.320916+00:00
872,Seismic Stadium Spine,86,Stadium,Infrastructure,active,10,1,1,Seismic Stadium Spine — The Stadium Machine You've Never Seen ⚡,"[""Seismic Stadium Spine"", ""Stadium machine"", ""Stadium engineering"", ""impossible engineering"", ""colossal machine"", ""megastructure"", ""futuristic technology"", ""ai animation"", ""8 second render"", ""cinematic machine""]",2026-09-26T13:36:20.320916+00:00
873,Arena Foundry Pyramid,86,Stadium,Infrastructure,active,10,1,1,Arena Foundry Pyramid — The Stadium Machine You've Never Seen ⚡,"[""Arena Foundry Pyramid"", ""Stadium machine"", ""Stadium engineering"", ""impossible engineering"", ""colossal machine"", ""megastructure"", ""futuristic technology"", ""ai animation"", ""8 second render"", ""cinematic machine""]",2026-09-26T13:36:20.320916+00:00
874,Hydrosphere Stadium Harvester,86,Stadium,Infrastructure,active,10,1,1,This Stadium Harvests the Ocean?! 🌊,"[""Hydrosphere Stadium Harvester"", ""ocean water machine"", ""futuristic stadium"", ""mega engineering"", ""future technology"", ""giant machine"", ""ocean harvesting"", ""water harvesting machine"", ""sci fi engineering"", ""futuristic megastructure"", ""stadium technology"", ""continental water system"", ""giant water machine"", ""future megastructure"", ""AI futuristic concepts""]",2026-09-26T13:36:20.320916+00:00
875,Temporal Arena Rotor,86,Stadium,Infrastructure,active,10,1,1,This Machine Rebuilds an Entire Stadium in Seconds! 🏟️,"[""temporal arena rotor"", ""stadium transformation"", ""stadium machine"", ""impossible machine"", ""giant machine"", ""mega machine"", ""stadium renovation"", ""futuristic stadium"", ""AI generated video"", ""cinematic AI"", ""colossal machinery"", ""stadium engineering"", ""future technology"", ""mechanical transformation"", ""viral shorts""]",2026-09-26T13:36:20.320916+00:00
876,Continental Traction Wheel,87,Giant Wheel,Machine,active,10,1,1,This Wheel Moves Entire Mountains 😱,"[""giant wheel"", ""continental traction wheel"", ""impossible machine"", ""mountain moving machine"", ""mega machine"", ""giant machine"", ""mountain mover"", ""planetary engineering"", ""massive machinery"", ""AI generated video"", ""cinematic AI"", ""epic machine"", ""mechanical engineering"", ""landscape transformation"", ""YouTube Shorts""]",2026-09-26T13:37:34.350843+00:00
877,Skyforge Wheel Tower,87,Giant Wheel,Machine,active,10,1,1,This Giant Wheel Builds Cities in the Sky 🤯,"[""Skyforge Wheel Tower"", ""giant wheel machine"", ""floating city"", ""sky city"", ""giant machine"", ""impossible machine"", ""mega engineering"", ""futuristic machine"", ""AI generated video"", ""cinematic AI"", ""airborne construction"", ""atmospheric engineering"", ""future technology"", ""giant construction machine""]",2026-09-26T13:37:34.350843+00:00
878,Orbital Conveyor Ring,87,Giant Wheel,Machine,active,10,1,1,Orbital Conveyor Ring — The Giant Wheel Machine You've Never Seen ⚡,"[""Orbital Conveyor Ring"", ""Giant Wheel machine"", ""Giant Wheel engineering"", ""impossible engineering"", ""colossal machine"", ""megastructure"", ""futuristic technology"", ""ai animation"", ""8 second render"", ""cinematic machine""]",2026-09-26T13:37:34.350843+00:00
879,Mantle Harvest Burrower,87,Giant Wheel,Machine,active,10,1,1,The Giant Wheel Drilling Into Earth’s Mantle 🔥,"[""mantle harvest burrower"", ""giant wheel"", ""earth mantle machine"", ""impossible machine"", ""underground machine"", ""giant drilling machine"", ""mega engineering"", ""tectonic plates"", ""mantle drilling"", ""molten rock machine"", ""future technology"", ""AI generated video"", ""cinematic AI"", ""planetary engineering""]",2026-09-26T13:37:34.350843+00:00
880,Titan Stepwheel Walker,87,Giant Wheel,Machine,active,10,1,1,Titan Stepwheel Walker Moves Entire Forests! 🌍,"[""Titan Stepwheel Walker"", ""giant wheel machine"", ""giant walking machine"", ""impossible machine"", ""ecosystem mover"", ""forest moving machine"", ""mega machine"", ""colossal machine"", ""AI generated machine"", ""AI cinematic"", ""impossible engineering"", ""giant robot"", ""mechanical walker"", ""planetary engineering"", ""cinematic AI""]",2026-09-26T13:37:34.350843+00:00
881,Atmospheric Shield Canopy,87,Giant Wheel,Machine,active,10,1,1,This Giant Wheel Can Stop Hurricanes?! 🌪️,"[""atmospheric shield canopy"", ""giant wheel machine"", ""hurricane control machine"", ""impossible machine"", ""giant wheel"", ""storm control"", ""weather engineering"", ""mega engineering"", ""planetary engineering"", ""AI generated machine"", ""cinematic AI"", ""hurricane machine"", ""atmospheric engineering"", ""giant machine"", ""futuristic engineering""]",2026-09-26T13:37:34.350843+00:00
882,Hydrosphere Spine Engine,87,Giant Wheel,Machine,active,10,1,1,This Giant Wheel Engine Moves Entire Seas 🌊,"[""Hydrosphere Spine Engine"", ""giant wheel machine"", ""impossible machine"", ""planetary engineering"", ""mega engineering"", ""hydrosphere machine"", ""water redistribution"", ""terraforming machine"", ""ocean engineering"", ""giant machine"", ""AI generated video"", ""cinematic AI"", ""futuristic machine"", ""desert terraforming"", ""planetary scale machine""]",2026-09-26T13:37:34.350843+00:00
883,Crustal Compression Bridge,87,Giant Wheel,Machine,active,10,1,1,This Giant Wheel Is Crushing Continents Into Mountains 🌍,"[""Crustal Compression Bridge"", ""giant wheel machine"", ""impossible machine"", ""tectonic machine"", ""mountain building machine"", ""planetary engineering"", ""giant mechanical wheel"", ""continental engineering"", ""tectonic plates"", ""crust compression"", ""AI generated video"", ""cinematic AI"", ""mega machine"", ""giant machine"", ""8 second AI short""]",2026-09-26T13:37:34.350843+00:00
884,Entropy Reversal Wheelworks,87,Giant Wheel,Machine,active,10,1,1,This Giant Wheel Rebuilds Abandoned Cities 🤯,"[""entropy reversal wheelworks"", ""giant wheel"", ""impossible machine"", ""giant machine"", ""abandoned city restoration"", ""city rebuilding machine"", ""mega engineering"", ""colossal machine"", ""sci fi machine"", ""AI generated video"", ""cinematic AI"", ""future technology"", ""mechanical engineering"", ""impossible engineering"", ""viral shorts""]",2026-09-26T13:37:34.350843+00:00
885,Solar Flux Terraformer,87,Giant Wheel,Machine,active,10,1,1,This Giant Wheel Controls the Sun 🌞,"[""solar flux terraformer"", ""giant wheel"", ""impossible machine"", ""solar engineering"", ""climate engineering"", ""giant machine"", ""terraforming machine"", ""solar energy machine"", ""mega machine"", ""AI generated video"", ""cinematic AI"", ""future technology"", ""planetary engineering"", ""solar wheel"", ""engineering concept""]",2026-09-26T13:37:34.350843+00:00
886,Continental Masonry Span Engine,88,Brick Wall,Materials,active,10,1,1,This Machine Moves Entire Mountains Across Oceans 🧱,"[""continental masonry span engine"", ""impossible machine"", ""giant brick wall machine"", ""mountain moving machine"", ""mega structure"", ""giant engineering machine"", ""brick wall machine"", ""mountain range machine"", ""ocean bridge machine"", ""AI generated machine"", ""cinematic AI"", ""impossible engineering"", ""massive construction machine"", ""planetary engineering"", ""giant machine""]",2026-09-26T14:01:24.851985+00:00
887,Stratospheric Brickwall Forge Tower,88,Brick Wall,Materials,active,10,1,1,This Tower Builds Brick Walls Across Continents 🧱,"[""Stratospheric Brickwall Forge Tower"", ""impossible machine"", ""giant brick wall"", ""mega structure"", ""planetary defense"", ""AI generated video"", ""cinematic AI"", ""futuristic machine"", ""giant construction machine"", ""brick wall machine"", ""planetary engineering"", ""storm defense"", ""meteor defense"", ""colossal machine"", ""sci fi engineering""]",2026-09-26T14:01:24.851985+00:00
888,Planetary Rampart Ring,88,Brick Wall,Materials,active,10,1,1,This Giant Ring Builds Walls Around Entire Regions 🧱,"[""planetary rampart ring"", ""giant brick wall"", ""impossible machine"", ""giant machine"", ""mega structure"", ""brick wall machine"", ""fortress wall"", ""planetary engineering"", ""AI generated video"", ""AI animation"", ""cinematic AI"", ""colossal machine"", ""mega construction"", ""sci fi machine"", ""8 second AI video""]",2026-09-26T14:01:24.851985+00:00
889,Subcrust Brickwall Burrower,88,Brick Wall,Materials,active,19,1,1,This Machine Builds Brick Walls Beneath the Earth 🧱,"[""Subcrust Brickwall Burrower"", ""brick wall machine"", ""impossible machine"", ""giant machine"", ""underground machine"", ""mega engineering"", ""AI generated machine"", ""AI cinematic"", ""brick wall construction"", ""underground engineering"", ""planetary engineering"", ""massive excavation"", ""futuristic machine"", ""mechanical engineering"", ""cinematic AI""]",2026-09-26T14:01:24.851985+00:00
890,Rampart Titan Walker,88,Brick Wall,Materials,active,19,1,1,This Walking Fortress Builds Walls as It Moves 🧱,"[""Rampart Titan Walker"", ""brick wall machine"", ""giant fortress machine"", ""walking fortress"", ""impossible machine"", ""giant robot"", ""mega machine"", ""AI generated machine"", ""cinematic AI"", ""brick wall"", ""mobile fortress"", ""titan walker"", ""sci fi machine"", ""giant engineering"", ""mechanical fortress""]",2026-09-26T14:01:24.851985+00:00
891,Atmospheric Brickwall Canopy,88,Brick Wall,Materials,active,19,1,1,This Giant Brick Wall Controls the Weather From Above 🌪️,"[""Atmospheric Brickwall Canopy"", ""brick wall machine"", ""giant brick wall"", ""weather control machine"", ""impossible machine"", ""mega structure"", ""giant machine"", ""AI generated video"", ""cinematic AI"", ""extreme weather machine"", ""hurricane control"", ""storm machine"", ""futuristic engineering"", ""planetary engineering"", ""AI cinematic""]",2026-09-26T14:01:24.851985+00:00
892,Seismic Masonry Spine,88,Brick Wall,Materials,active,19,1,1,This Giant Brick Wall Stops Earthquakes Before They Start 🧱,"[""seismic masonry spine"", ""giant brick wall"", ""earthquake machine"", ""earthquake prevention machine"", ""seismic machine"", ""tectonic machine"", ""impossible machine"", ""giant engineering machine"", ""AI generated machine"", ""cinematic AI"", ""mega machine"", ""brick wall machine"", ""tectonic engineering"", ""earthquake technology"", ""future engineering""]",2026-09-26T14:01:24.851985+00:00
893,Oceanic Breakwall Harvester,88,Brick Wall,Materials,active,19,1,1,This Brick Wall Harvests the Power of an Entire Ocean 🌊,"[""Oceanic Breakwall Harvester"", ""brick wall machine"", ""ocean energy machine"", ""ocean energy"", ""hydraulic power"", ""impossible machine"", ""giant brick wall"", ""mega machine"", ""AI generated machine"", ""cinematic AI"", ""ocean engineering"", ""futuristic machine"", ""giant engineering"", ""AI cinematic"", ""vertical AI video""]",2026-09-26T14:01:24.851985+00:00
894,Gravity Kiln Terraformer,88,Brick Wall,Materials,active,19,1,1,This Gravity Machine Builds Mountains From Brick Walls 🧱,"[""gravity kiln terraformer"", ""impossible machine"", ""brick wall machine"", ""brick wall megastructure"", ""desert terraforming"", ""terraforming machine"", ""giant machine"", ""mega engineering"", ""planet scale machine"", ""AI generated cinematic"", ""futuristic machine"", ""massive construction machine"", ""climate engineering"", ""surreal engineering"", ""8 second AI video""]",2026-09-26T14:01:24.851985+00:00
895,Transcontinental Masonry Conveyor,88,Brick Wall,Materials,active,18,1,1,The Brick Wall That Moves Entire Cities Across Continents 🧱,"[""transcontinental masonry conveyor"", ""brick wall machine"", ""impossible machine"", ""giant machine"", ""mega engineering"", ""brick wall engineering"", ""city transport machine"", ""moving city"", ""continental machine"", ""mechanical serpent"", ""AI generated machine"", ""cinematic AI"", ""future engineering"", ""AI shorts"", ""YouTube Shorts""]",2026-09-26T14:01:24.851985+00:00
896,Continental Loom Bridge,89,Fabric / Textile,Materials,active,18,1,1,This Machine Weaves a Bridge Across Continents 🌍,"[""continental loom bridge"", ""textile machine"", ""fabric megastructure"", ""impossible machine"", ""giant textile machine"", ""futuristic bridge"", ""mega bridge"", ""fabric engineering"", ""textile engineering"", ""AI generated video"", ""cinematic AI"", ""future technology"", ""massive machine"", ""impossible engineering""]",2026-09-26T14:05:54.849568+00:00
897,Stratospheric Textile Spire,89,Fabric / Textile,Materials,active,18,1,1,This Giant Spire Spins Clouds Into Endless Fabric 🧵,"[""Stratospheric Textile Spire"", ""impossible machine"", ""giant textile machine"", ""fabric machine"", ""textile machine"", ""atmospheric harvesting"", ""giant fabric"", ""mega machine"", ""AI generated video"", ""cinematic AI"", ""future technology"", ""sci fi machine"", ""colossal machine"", ""impossible engineering"", ""vertical AI video""]",2026-09-26T14:05:54.849568+00:00
898,Orbital Cloth Compression Ring,89,Fabric / Textile,Materials,active,10,1,1,This Machine Compresses Trillions of Fabric Layers 😱,"[""orbital cloth compression ring"", ""fabric compression machine"", ""textile machine"", ""impossible machine"", ""giant fabric machine"", ""planetary engineering"", ""mega structure"", ""AI generated machine"", ""cinematic AI"", ""textile megastructure"", ""fabric technology"", ""colossal machine"", ""future engineering"", ""AI shorts"", ""YouTube Shorts""]",2026-09-26T14:05:54.849568+00:00
899,Subsurface Fabric Rooter,89,Fabric / Textile,Materials,active,19,1,1,This Machine Roots Entire Continents Underground 🌍,"[""subsurface fabric rooter"", ""giant fabric machine"", ""textile machine"", ""underground machine"", ""impossible machine"", ""mega engineering"", ""giant underground machine"", ""fabric technology"", ""future engineering"", ""AI generated machine"", ""cinematic AI"", ""planetary engineering"", ""underground engineering"", ""terraforming machine"", ""giant machine""]",2026-09-26T14:05:54.849568+00:00
900,Titan Weaver Walker,89,Fabric / Textile,Materials,active,10,1,1,Titan Weaver Walker Moves Floating Cities with Giant Fabric Sails 🤯,"[""Titan Weaver Walker"", ""fabric machine"", ""textile machine"", ""giant fabric machine"", ""impossible machine"", ""floating city machine"", ""giant machine"", ""mega machine"", ""AI generated machine"", ""cinematic AI"", ""sci fi machine"", ""future technology"", ""massive engineering"", ""textile engineering"", ""impossible engineering""]",2026-09-26T14:05:54.849568+00:00
901,Planetary Shelter Canopy,89,Fabric / Textile,Materials,active,10,1,1,This Giant Textile Shield Protects an Entire Nation 🛡️,"[""planetary shelter canopy"", ""giant textile machine"", ""fabric machine"", ""impossible machine"", ""giant machine"", ""textile megastructure"", ""fabric shield"", ""planetary scale machine"", ""futuristic engineering"", ""AI generated video"", ""cinematic AI"", ""mega structure"", ""giant canopy"", ""future technology"", ""impossible engineering""]",2026-09-26T14:05:54.849568+00:00
902,Textile Rift Spine,89,Fabric / Textile,Materials,active,10,1,1,Textile Rift Spine — The Fabric / Textile Machine You've Never Seen ⚡,"[""Textile Rift Spine"", ""Fabric / Textile machine"", ""Fabric / Textile engineering"", ""impossible engineering"", ""colossal machine"", ""megastructure"", ""futuristic technology"", ""ai animation"", ""8 second render"", ""cinematic machine""]",2026-09-26T14:05:54.849568+00:00
903,Ocean Cloth Trawler Fortress,89,Fabric / Textile,Materials,active,18,1,1,Ocean Cloth Trawler Fortress — The Fabric / Textile Machine You've Never Seen ⚡,"[""Ocean Cloth Trawler Fortress"", ""Fabric / Textile machine"", ""Fabric / Textile engineering"", ""impossible engineering"", ""colossal machine"", ""megastructure"", ""futuristic technology"", ""ai animation"", ""8 second render"", ""cinematic machine""]",2026-09-26T14:05:54.849568+00:00
904,Atmospheric Quilt Engine,89,Fabric / Textile,Materials,active,18,1,1,Atmospheric Quilt Engine — The Fabric / Textile Machine You've Never Seen ⚡,"[""Atmospheric Quilt Engine"", ""Fabric / Textile machine"", ""Fabric / Textile engineering"", ""impossible engineering"", ""colossal machine"", ""megastructure"", ""futuristic technology"", ""ai animation"", ""8 second render"", ""cinematic machine""]",2026-09-26T14:05:54.849568+00:00
905,Chrono-Weft Fabric Forge,89,Fabric / Textile,Materials,active,19,1,1,Chrono-Weft Fabric Forge — The Fabric / Textile Machine You've Never Seen ⚡,"[""Chrono-Weft Fabric Forge"", ""Fabric / Textile machine"", ""Fabric / Textile engineering"", ""impossible engineering"", ""colossal machine"", ""megastructure"", ""futuristic technology"", ""ai animation"", ""8 second render"", ""cinematic machine""]",2026-09-26T14:05:54.849568+00:00
906,Continental Warehouse Span Weaver,90,Warehouse,Infrastructure,active,19,1,1,This Warehouse Machine Moves Entire Continents! 🏗️🌎,"[""continental warehouse machine"", ""warehouse mega machine"", ""impossible machine"", ""mega machine"", ""colossal machine"", ""giant warehouse"", ""warehouse machine"", ""future transportation"", ""mega engineering"", ""industrial machine"", ""futuristic machine"", ""AI generated machine"", ""cinematic AI"", ""giant bridge machine"", ""future technology""]",2026-09-26T14:10:38.417481+00:00
907,Stratospheric Inventory Tower,90,Warehouse,Infrastructure,active,37,1,1,The Warehouse That Stores the Atmosphere 🌪️,"[""stratospheric inventory tower"", ""atmospheric warehouse"", ""giant warehouse machine"", ""impossible machine"", ""mega structure"", ""futuristic warehouse"", ""atmospheric technology"", ""planetary machine"", ""giant machine"", ""future technology"", ""AI generated machine"", ""cinematic AI video"", ""colossal machine"", ""sci fi engineering"", ""mega engineering""]",2026-09-26T14:10:38.417481+00:00
908,Planetary Logistics Ring,90,Warehouse,Infrastructure,active,27,1,1,This Warehouse Ring Moves Mountains Around Earth! 🌍,"[""planetary logistics ring"", ""impossible machine"", ""mega warehouse"", ""giant warehouse"", ""future technology"", ""sci fi machine"", ""planetary machine"", ""megastucture"", ""artificial gravity"", ""future logistics"", ""cargo transportation"", ""giant machine"", ""engineering marvel"", ""sci fi technology"", ""futuristic warehouse""]",2026-09-26T14:10:38.417481+00:00
909,Mantle Vault Burrower,90,Warehouse,Infrastructure,active,18,1,1,This Warehouse Drills Into Earth’s Mantle 😱,"[""impossible machine"", ""mantle vault burrower"", ""underground warehouse"", ""giant warehouse machine"", ""mantle mining machine"", ""mega machine"", ""earth drilling machine"", ""tectonic plate machine"", ""sci fi machine"", ""futuristic warehouse"", ""underground megastructure"", ""planetary machine"", ""cinematic sci fi"", ""future technology"", ""AI generated machines""]",2026-09-26T14:10:38.417481+00:00
910,Warehouse Leviathan Walker,90,Warehouse,Infrastructure,active,18,1,1,This Warehouse Walks Across Continents 😱,"[""warehouse leviathan"", ""walking warehouse"", ""warehouse city"", ""impossible machine"", ""giant machine"", ""futuristic warehouse"", ""mega structure"", ""colossal machine"", ""hydraulic machine"", ""walking city"", ""future logistics"", ""industrial megastructure"", ""AI machine concept"", ""sci fi engineering"", ""future technology""]",2026-09-26T14:10:38.417481+00:00
911,Atmospheric Cargo Canopy,90,Warehouse,Infrastructure,active,18,1,1,This Warehouse Collects Entire Storms From the Sky ☁️,"[""atmospheric cargo canopy"", ""impossible machine"", ""mega warehouse"", ""futuristic warehouse"", ""giant warehouse machine"", ""atmospheric harvesting"", ""sky warehouse"", ""future technology"", ""mega structure"", ""sci fi machine"", ""AI generated concept"", ""futuristic engineering"", ""planetary scale machine"", ""cinematic AI"", ""impossible technology""]",2026-09-26T14:10:38.417481+00:00
912,Warehouse Spine Terraformer,90,Warehouse,Infrastructure,active,18,1,1,This Warehouse Machine Reshapes Entire Continents 🤯,"[""warehouse machine"", ""warehouse terraformer"", ""Warehouse Spine Terraformer"", ""impossible machine"", ""AI machine"", ""AI concept"", ""mega warehouse"", ""continental machine"", ""terraforming machine"", ""future technology"", ""futuristic engineering"", ""megastructure"", ""giant machine"", ""cinematic AI"", ""AI shorts""]",2026-09-26T14:10:38.417481+00:00
913,Temporal Distribution Citadel,90,Warehouse,Infrastructure,active,18,1,1,This Warehouse Stores Resources Through Time?! ⏳,"[""temporal warehouse"", ""time travel machine"", ""impossible machine"", ""future technology"", ""sci fi warehouse"", ""time manipulation"", ""temporal citadel"", ""mega warehouse"", ""warehouse machine"", ""relativistic machine"", ""time travel technology"", ""sci fi machine"", ""giant machine"", ""futuristic technology""]",2026-09-26T14:10:38.417481+00:00
914,Oceanic Warehouse Forge,90,Warehouse,Infrastructure,active,10,1,1,This Warehouse Turns the Ocean Into New Continents 🌊,"[""ocean warehouse"", ""oceanic warehouse forge"", ""impossible machine"", ""manufacturing continents"", ""artificial continents"", ""mega structure"", ""planetary engineering"", ""future technology"", ""sci fi machine"", ""ocean engineering"", ""giant machine"", ""futuristic warehouse"", ""megaproject"", ""cinematic sci fi"", ""terraforming machine""]",2026-09-26T14:10:38.417481+00:00
915,Solar Reclamation Warehouse Array,90,Warehouse,Infrastructure,active,19,1,1,This Warehouse Harvests the Sun’s Energy at Planetary Scale ☀️,"[""solar energy machine"", ""solar warehouse"", ""solar reclamation"", ""impossible machine"", ""futuristic warehouse"", ""planetary machine"", ""solar megastructure"", ""stellar energy harvesting"", ""future technology"", ""sci fi machine"", ""AI generated video"", ""mega structure"", ""solar power future"", ""planetary engineering"", ""cinematic sci fi""]",2026-09-26T14:10:38.417481+00:00
916,Continental Vault Span,91,Vault,Infrastructure,active,10,1,1,The Vault Bridge That Can Move Entire Cities 🏙️,"[""continental vault span"", ""impossible machine"", ""giant vault machine"", ""city transport machine"", ""futuristic vault"", ""mega structure"", ""impossible engineering"", ""giant machine"", ""sci fi machine"", ""futuristic megastructure"", ""city moving machine"", ""mountain bridge machine"", ""future technology"", ""cinematic sci fi"", ""engineering marvel""]",2026-09-26T14:15:35.661874+00:00
917,Stratospheric Vault Tower,91,Vault,Infrastructure,active,28,1,1,This Tower Stores Entire Storms Inside a Giant Vault 🌪️,"[""stratospheric vault tower"", ""storm containment machine"", ""impossible machine"", ""giant vault tower"", ""cyclone machine"", ""storm harvesting machine"", ""futuristic megastructure"", ""future technology"", ""mega engineering"", ""giant machine"", ""cinematic AI"", ""AI generated video"", ""extreme weather machine"", ""futuristic engineering"", ""viral shorts""]",2026-09-26T14:15:35.661874+00:00
918,Worldsafe Ring Engine,91,Vault,Infrastructure,active,28,1,1,This Giant Vault Ring Stores an Entire Continent’s Water! 💧,"[""Worldsafe Ring Engine"", ""giant vault machine"", ""impossible machine"", ""planetary megastructure"", ""freshwater storage"", ""water vault"", ""future technology"", ""mega engineering"", ""giant machine"", ""futuristic machine"", ""AI generated video"", ""sci fi machine"", ""megaproject"", ""continental machine"", ""water storage system""]",2026-09-26T14:15:35.661874+00:00
919,Mantle Vault Burrower,91,Vault,Infrastructure,active,18,1,1,This Vault Machine Is Burying Entire Mountains Underground 🤯,"[""mantle vault burrower"", ""vault machine"", ""underground machine"", ""impossible machine"", ""giant tunneling machine"", ""future technology"", ""mega machine"", ""underground vault"", ""planetary engineering"", ""futuristic machine"", ""AI generated machine"", ""sci fi engineering"", ""massive excavation machine"", ""future engineering"", ""megastucture""]",2026-09-26T14:15:35.661874+00:00
920,Citadel Walker Archive,91,Vault,Infrastructure,active,19,1,1,This Walking Vault Moves Entire Ecosystems! 🌍,"[""Citadel Walker Archive"", ""walking vault"", ""giant walking machine"", ""ecosystem transport"", ""impossible machine"", ""futuristic machine"", ""colossal machine"", ""sci fi megastructure"", ""giant vault"", ""future technology"", ""mobile fortress"", ""ecosystem preservation"", ""mega machine"", ""cinematic sci fi"", ""AI generated machine""]",2026-09-26T14:15:35.661874+00:00
921,Vault Canopy Terraformer,91,Vault,Infrastructure,active,10,1,1,This Vault Canopy Controls the Climate! 🌍,"[""impossible machine"", ""vault machine"", ""vault canopy terraformer"", ""terraforming machine"", ""climate machine"", ""desert terraforming"", ""mega structure"", ""futuristic machine"", ""giant machine"", ""AI generated video"", ""future technology"", ""planetary engineering"", ""water harvesting machine"", ""cinematic AI"", ""mechanical megastructure""]",2026-09-26T14:15:35.661874+00:00
922,Lockspine Continental Conveyor,91,Vault,Infrastructure,active,19,1,1,This Vault Conveyor Moves Entire Buildings Across a Continent! 🏗️,"[""Lockspine Continental Conveyor"", ""vault machine"", ""impossible machine"", ""mega machine"", ""futuristic machine"", ""giant machine"", ""continental conveyor"", ""megastucture transport"", ""future technology"", ""sci fi machine"", ""mechanical engineering"", ""armored vault"", ""massive engineering"", ""futuristic engineering"", ""YouTube Shorts""]",2026-09-26T14:15:35.661874+00:00
923,Vault Forge Cradle,91,Vault,Infrastructure,active,19,1,1,This Mountain Vault Builds Entire Cities From Scratch 🏗️,"[""vault forge cradle"", ""mountain vault machine"", ""city building machine"", ""futuristic city builder"", ""mega structure"", ""impossible machine"", ""AI machine concept"", ""futuristic megastructure"", ""automated city construction"", ""sci fi machine"", ""colossal machine"", ""future technology"", ""industrial megastructure"", ""AI generated video"", ""cinematic sci fi""]",2026-09-26T14:15:35.661874+00:00
924,Entropy Vault Inverter,91,Vault,Infrastructure,active,19,1,1,This Vault Machine Turns Chaos Into Perfect Landforms 🤯,"[""entropy vault inverter"", ""vault machine"", ""impossible machine"", ""mega machine"", ""futuristic machine"", ""giant machine"", ""AI generated machine"", ""cinematic AI"", ""future technology"", ""land transformation"", ""terraforming machine"", ""mechanical engineering"", ""sci fi machine"", ""megaproject"", ""viral shorts""]",2026-09-26T14:15:35.661874+00:00
925,Polar Vault Reallocator,91,Vault,Infrastructure,active,10,1,1,This Vault Machine Moves Glaciers Across Earth! 🧊,"[""polar vault reallocator"", ""impossible machine"", ""glacier machine"", ""vault machine"", ""mega machine"", ""giant machine"", ""future technology"", ""ice transport machine"", ""glacier reallocation"", ""planetary machine"", ""AI machine concept"", ""cinematic AI video"", ""sci fi machine"", ""futuristic megastructure"", ""earth engineering""]",2026-09-26T14:15:35.661874+00:00
926,Continental Grid Weaver Span,92,Energy Grid,Tech,active,19,1,1,This Energy Grid Machine Connects Continents in Seconds ⚡,"[""energy grid"", ""energy grid machine"", ""continental grid"", ""future energy"", ""superconducting cables"", ""power grid"", ""mega machine"", ""impossible machine"", ""futuristic engineering"", ""giant machine"", ""energy infrastructure"", ""future technology"", ""megaproject"", ""cinematic ai"", ""sci fi machine""]",2026-09-26T14:20:41.207154+00:00
927,Stratospheric Load-Balancer Tower,92,Energy Grid,Tech,active,19,1,1,This Tower Balances the World's Power Grid ⚡,"[""energy grid"", ""power grid"", ""future technology"", ""impossible machine"", ""megastructure"", ""power grid stabilization"", ""global energy grid"", ""electricity technology"", ""future engineering"", ""stratospheric tower"", ""AI concept"", ""sci fi machine"", ""futuristic engineering"", ""viral shorts"", ""YouTube Shorts""]",2026-09-26T14:20:41.207154+00:00
928,Orbital Synchronization Ring,92,Energy Grid,Tech,active,18,1,1,This Ring Could Synchronize the World's Power Grid ⚡,"[""energy grid"", ""orbital synchronization ring"", ""impossible machine"", ""future energy"", ""power grid"", ""global power grid"", ""electromagnetic synchronization"", ""future technology"", ""mega machine"", ""megastructure"", ""futuristic machine"", ""AI concept"", ""energy infrastructure"", ""planetary technology"", ""power grid technology""]",2026-09-26T14:20:41.207154+00:00
929,Subcrustal Grid Burrower,92,Energy Grid,Tech,active,28,1,1,This Machine Builds Energy Superhighways Beneath Earth! ⚡,"[""subcrustal grid burrower"", ""energy grid"", ""impossible machine"", ""underground energy tunnel"", ""future technology"", ""energy superhighway"", ""mega machine"", ""underground power grid"", ""futuristic machine"", ""megascale engineering"", ""sci fi machine"", ""planetary energy grid"", ""tunneling machine"", ""cinematic ai video"", ""future engineering""]",2026-09-26T14:20:41.207154+00:00
930,Grid Shepherd Walker,92,Energy Grid,Tech,active,19,1,1,This Machine Moves Entire Power Grids During Disasters ⚡,"[""grid shepherd walker"", ""energy grid machine"", ""power grid technology"", ""future technology"", ""disaster response machine"", ""mega machine"", ""impossible machine"", ""power infrastructure"", ""energy infrastructure"", ""walking machine"", ""substation transport"", ""future engineering"", ""grid restoration"", ""cinematic AI"", ""sci fi machine""]",2026-09-26T14:20:41.207154+00:00
931,Atmospheric Conductor Canopy,92,Energy Grid,Tech,active,10,1,1,This Machine Shields an Entire Power Grid From Lightning ⚡,"[""atmospheric conductor canopy"", ""energy grid"", ""impossible machine"", ""future technology"", ""mega machine"", ""lightning protection"", ""power grid protection"", ""solar storm protection"", ""electromagnetic shield"", ""futuristic machine"", ""giant machine"", ""cinematic sci fi"", ""future infrastructure"", ""AI machine concept"", ""energy infrastructure""]",2026-09-26T14:20:41.207154+00:00
932,Tectonic Power Spine,92,Energy Grid,Tech,active,10,1,1,This Machine Turns Earth’s Movement Into Unlimited Power ⚡,"[""tectonic power"", ""tectonic energy"", ""energy grid"", ""energy harvesting"", ""impossible machine"", ""future technology"", ""mega machine"", ""planetary engineering"", ""tectonic plates"", ""mechanical energy"", ""electricity generation"", ""futuristic machine"", ""engineering technology"", ""power generation"", ""sci fi technology""]",2026-09-26T14:20:41.207154+00:00
933,Grid Forge Transformer Basin,92,Energy Grid,Tech,active,19,1,1,This Machine Rebuilds the Entire Power Grid 🤯,"[""energy grid"", ""impossible machine"", ""future technology"", ""power grid"", ""grid transformation"", ""energy infrastructure"", ""futuristic machine"", ""mega machine"", ""industrial machine"", ""future engineering"", ""smart grid"", ""power infrastructure"", ""megascale engineering"", ""sci fi machine"", ""AI generated video""]",2026-09-26T14:20:41.207154+00:00
934,Aurora Harvest Crown,92,Energy Grid,Tech,active,37,1,1,This Machine Harvests Energy From the Aurora ⚡,"[""aurora energy"", ""energy harvesting"", ""energy grid"", ""future energy"", ""plasma energy"", ""aurora machine"", ""energy harvesting machine"", ""future technology"", ""impossible machine"", ""mega machine"", ""power grid"", ""sci fi technology"", ""atmospheric energy"", ""plasma harvesting"", ""futuristic machine""]",2026-09-26T14:20:41.207154+00:00
935,Electroclimate Terraform Engine,92,Energy Grid,Tech,active,28,1,1,This Machine Controls the Weather With an Energy Grid ⚡,"[""energy grid"", ""weather control machine"", ""terraforming machine"", ""climate engineering"", ""future technology"", ""energy grid technology"", ""weather machine"", ""atmospheric engineering"", ""sci fi machine"", ""impossible machine"", ""planetary engineering"", ""futuristic technology"", ""climate control"", ""mega machine"", ""cinematic sci fi""]",2026-09-26T14:20:41.207154+00:00
936,Continental Reactor Span,93,Reactor,Tech,active,28,1,1,This Reactor Builds Power Corridors Across Mountains ⚡,"[""continental reactor span"", ""fusion reactor"", ""impossible machine"", ""futuristic reactor"", ""mega engineering"", ""future technology"", ""giant machine"", ""power corridor"", ""mountain engineering"", ""sci fi machine"", ""energy infrastructure"", ""futuristic engineering"", ""cinematic sci fi"", ""mega machine"", ""AI generated machine""]",2026-09-26T14:35:30.430391+00:00
937,Stratospheric Reactor Needle,93,Reactor,Tech,active,18,1,1,This Reactor Could Shield an Entire Hemisphere ⚡,"[""stratospheric reactor"", ""reactor machine"", ""hemisphere shield"", ""electromagnetic shield"", ""futuristic reactor"", ""impossible machine"", ""giant machine"", ""sci fi machine"", ""future technology"", ""planetary defense"", ""solar radiation shield"", ""atmospheric shield"", ""mega structure"", ""cinematic sci fi"", ""futuristic engineering""]",2026-09-26T14:35:30.430391+00:00
938,Planetary Reactor Halo,93,Reactor,Tech,active,28,1,1,Planetary Reactor Halo — The Reactor Machine You've Never Seen ⚡,"[""Planetary Reactor Halo"", ""Reactor machine"", ""Reactor engineering"", ""impossible engineering"", ""colossal machine"", ""megastructure"", ""futuristic technology"", ""ai animation"", ""8 second render"", ""cinematic machine""]",2026-09-26T14:35:30.430391+00:00
939,Mantle Reactor Burrower,93,Reactor,Tech,active,19,1,1,This Reactor Digs Through the Planet’s Mantle 🤯,"[""Mantle Reactor Burrower"", ""reactor machine"", ""impossible machine"", ""giant drilling machine"", ""planetary engineering"", ""geothermal energy"", ""mineral extraction"", ""underground machine"", ""mega engineering"", ""sci fi machine"", ""AI generated video"", ""giant machine"", ""future technology"", ""planetary reactor"", ""deep earth drilling""]",2026-09-26T14:35:30.430391+00:00
940,Leviathan Reactor Walker,93,Reactor,Tech,active,28,1,1,This Reactor Walker Moves Entire Cities! ⚡,"[""Leviathan Reactor Walker"", ""reactor machine"", ""giant reactor"", ""impossible machine"", ""walking fortress"", ""giant machine"", ""mega machine"", ""industrial transport"", ""mobile factory"", ""futuristic machine"", ""AI generated machine"", ""cinematic AI"", ""mega engineering"", ""colossal machine"", ""future technology""]",2026-09-26T14:35:30.430391+00:00
941,Reactor Skyloom Canopy,93,Reactor,Tech,active,19,1,1,This Reactor Canopy Turns Deserts Into Green Worlds 🌍,"[""Reactor Skyloom Canopy"", ""reactor machine"", ""desert terraforming"", ""terraforming machine"", ""mega machine"", ""giant machine"", ""AI generated video"", ""impossible engineering"", ""futuristic technology"", ""artificial rainfall"", ""desert transformation"", ""planetary engineering"", ""sci fi machine"", ""cinematic AI"", ""future technology""]",2026-09-26T14:35:30.430391+00:00
942,Fusion Spine Conveyor,93,Reactor,Tech,active,19,1,1,This Reactor Spine Moves Mountains Across Continents 🤯,"[""fusion spine conveyor"", ""reactor machine"", ""fusion reactor machine"", ""mega machine"", ""impossible machine"", ""futuristic machine"", ""giant conveyor"", ""continental machine"", ""future technology"", ""advanced reactor"", ""industrial megamachine"", ""massive transport machine"", ""sci fi engineering"", ""future engineering"", ""AI generated machines""]",2026-09-26T14:35:30.430391+00:00
943,Oceanic Reactor Catamaran,93,Reactor,Tech,active,19,1,1,Oceanic Reactor Catamaran — The Reactor Machine You've Never Seen ⚡,"[""Oceanic Reactor Catamaran"", ""Reactor machine"", ""Reactor engineering"", ""impossible engineering"", ""colossal machine"", ""megastructure"", ""futuristic technology"", ""ai animation"", ""8 second render"", ""cinematic machine""]",2026-09-26T14:35:30.430391+00:00
944,Reactor Vortex Pyramid,93,Reactor,Tech,active,10,1,1,This Reactor Pyramid Creates Cyclones to Move Mountains 🌪️,"[""Reactor Vortex Pyramid"", ""reactor machine"", ""impossible machine"", ""giant machine"", ""mega engineering"", ""vortex machine"", ""cyclone machine"", ""mountain reshaping"", ""planetary engineering"", ""AI cinematic"", ""AI generated video"", ""mechanical engineering"", ""futuristic machine"", ""cinematic machine"", ""viral shorts""]",2026-09-26T14:35:30.430391+00:00
945,Chronoflux Reactor Wheel,93,Reactor,Tech,active,10,1,1,Chronoflux Reactor Wheel — The Reactor Machine You've Never Seen ⚡,"[""Chronoflux Reactor Wheel"", ""Reactor machine"", ""Reactor engineering"", ""impossible engineering"", ""colossal machine"", ""megastructure"", ""futuristic technology"", ""ai animation"", ""8 second render"", ""cinematic machine""]",2026-09-26T14:35:30.430391+00:00
946,Heliosphere Field Forge,94,Solar Farm,Energy,active,18,1,1,This Solar Farm Machine Builds Entire Energy Landscapes ☀️,"[""solar farm"", ""solar farm construction"", ""solar energy"", ""solar panels"", ""solar power"", ""future technology"", ""mega machine"", ""impossible machine"", ""photovoltaic panels"", ""renewable energy"", ""futuristic engineering"", ""giant solar farm"", ""automated construction"", ""energy landscape"", ""Heliosphere Field Forge""]",2026-09-26T14:39:52.342319+00:00
947,Solar Gravity Relay Tower,94,Solar Farm,Energy,active,18,1,1,This Solar Tower Sends Energy Across Continents ☀️,"[""solar gravity relay tower"", ""solar energy"", ""solar farm"", ""solar power transmission"", ""electromagnetic transmission"", ""future technology"", ""mega machine"", ""impossible machine"", ""solar power"", ""renewable energy"", ""futuristic engineering"", ""giant machine"", ""energy infrastructure"", ""cinematic AI video""]",2026-09-26T14:39:52.342319+00:00
948,Eclipse Shield Ring Engine,94,Solar Farm,Energy,active,18,1,1,Eclipse Shield Ring Engine — The Solar Farm Machine You've Never Seen ⚡,"[""Eclipse Shield Ring Engine"", ""Solar Farm machine"", ""Solar Farm engineering"", ""impossible engineering"", ""colossal machine"", ""megastructure"", ""futuristic technology"", ""ai animation"", ""8 second render"", ""cinematic machine""]",2026-09-26T14:39:52.342319+00:00
949,Sunroot Burrow Harvester,94,Solar Farm,Energy,active,18,1,1,Sunroot Burrow Harvester — The Solar Farm Machine You've Never Seen ⚡,"[""Sunroot Burrow Harvester"", ""Solar Farm machine"", ""Solar Farm engineering"", ""impossible engineering"", ""colossal machine"", ""megastructure"", ""futuristic technology"", ""ai animation"", ""8 second render"", ""cinematic machine""]",2026-09-26T14:39:52.342319+00:00
950,Photonic Colossus Walker,94,Solar Farm,Energy,active,18,1,1,Photonic Colossus Walker — The Solar Farm Machine You've Never Seen ⚡,"[""Photonic Colossus Walker"", ""Solar Farm machine"", ""Solar Farm engineering"", ""impossible engineering"", ""colossal machine"", ""megastructure"", ""futuristic technology"", ""ai animation"", ""8 second render"", ""cinematic machine""]",2026-09-26T14:39:52.342319+00:00
951,Solar Canopy Terraformer,94,Solar Farm,Energy,active,18,1,1,Solar Canopy Terraformer — The Solar Farm Machine You've Never Seen ⚡,"[""Solar Canopy Terraformer"", ""Solar Farm machine"", ""Solar Farm engineering"", ""impossible engineering"", ""colossal machine"", ""megastructure"", ""futuristic technology"", ""ai animation"", ""8 second render"", ""cinematic machine""]",2026-09-26T14:39:52.342319+00:00
952,Helios Spine Megagrid,94,Solar Farm,Energy,active,18,1,1,Helios Spine Megagrid — The Solar Farm Machine You've Never Seen ⚡,"[""Helios Spine Megagrid"", ""Solar Farm machine"", ""Solar Farm engineering"", ""impossible engineering"", ""colossal machine"", ""megastructure"", ""futuristic technology"", ""ai animation"", ""8 second render"", ""cinematic machine""]",2026-09-26T14:39:52.342319+00:00
953,Solar Oceanic Expansion Wheel,94,Solar Farm,Energy,active,18,1,1,Solar Oceanic Expansion Wheel — The Solar Farm Machine You've Never Seen ⚡,"[""Solar Oceanic Expansion Wheel"", ""Solar Farm machine"", ""Solar Farm engineering"", ""impossible engineering"", ""colossal machine"", ""megastructure"", ""futuristic technology"", ""ai animation"", ""8 second render"", ""cinematic machine""]",2026-09-26T14:39:52.342319+00:00
954,Desert Sun Excavation Fortress,94,Solar Farm,Energy,active,27,1,1,Desert Sun Excavation Fortress — The Solar Farm Machine You've Never Seen ⚡,"[""Desert Sun Excavation Fortress"", ""Solar Farm machine"", ""Solar Farm engineering"", ""impossible engineering"", ""colossal machine"", ""megastructure"", ""futuristic technology"", ""ai animation"", ""8 second render"", ""cinematic machine""]",2026-09-26T14:39:52.342319+00:00
955,Solar Horizon Bridge Engine,94,Solar Farm,Energy,active,18,1,1,Solar Horizon Bridge Engine — The Solar Farm Machine You've Never Seen ⚡,"[""Solar Horizon Bridge Engine"", ""Solar Farm machine"", ""Solar Farm engineering"", ""impossible engineering"", ""colossal machine"", ""megastructure"", ""futuristic technology"", ""ai animation"", ""8 second render"", ""cinematic machine""]",2026-09-26T14:39:52.342319+00:00
956,Jetstream Bridge Wind Foundry,95,Wind Farm,Energy,active,18,1,1,Jetstream Bridge Wind Foundry — The Wind Farm Machine You've Never Seen ⚡,"[""Jetstream Bridge Wind Foundry"", ""Wind Farm machine"", ""Wind Farm engineering"", ""impossible engineering"", ""colossal machine"", ""megastructure"", ""futuristic technology"", ""ai animation"", ""8 second render"", ""cinematic machine""]",2026-09-26T14:41:34.729961+00:00
957,Stratospheric Wind Farm Elevator,95,Wind Farm,Energy,active,18,1,1,Stratospheric Wind Farm Elevator — The Wind Farm Machine You've Never Seen ⚡,"[""Stratospheric Wind Farm Elevator"", ""Wind Farm machine"", ""Wind Farm engineering"", ""impossible engineering"", ""colossal machine"", ""megastructure"", ""futuristic technology"", ""ai animation"", ""8 second render"", ""cinematic machine""]",2026-09-26T14:41:34.729961+00:00
958,Cyclone Shepherd Ring,95,Wind Farm,Energy,active,18,1,1,Cyclone Shepherd Ring — The Wind Farm Machine You've Never Seen ⚡,"[""Cyclone Shepherd Ring"", ""Wind Farm machine"", ""Wind Farm engineering"", ""impossible engineering"", ""colossal machine"", ""megastructure"", ""futuristic technology"", ""ai animation"", ""8 second render"", ""cinematic machine""]",2026-09-26T14:41:34.729961+00:00
959,Mantle-Bore Wind Rooter,95,Wind Farm,Energy,active,18,1,1,Mantle-Bore Wind Rooter — The Wind Farm Machine You've Never Seen ⚡,"[""Mantle-Bore Wind Rooter"", ""Wind Farm machine"", ""Wind Farm engineering"", ""impossible engineering"", ""colossal machine"", ""megastructure"", ""futuristic technology"", ""ai animation"", ""8 second render"", ""cinematic machine""]",2026-09-26T14:41:34.729961+00:00
960,Continental Windwalker,95,Wind Farm,Energy,active,18,1,1,Continental Windwalker — The Wind Farm Machine You've Never Seen ⚡,"[""Continental Windwalker"", ""Wind Farm machine"", ""Wind Farm engineering"", ""impossible engineering"", ""colossal machine"", ""megastructure"", ""futuristic technology"", ""ai animation"", ""8 second render"", ""cinematic machine""]",2026-09-26T14:41:34.729961+00:00
961,Atmospheric Canopy Weaver,95,Wind Farm,Energy,active,19,1,1,Atmospheric Canopy Weaver — The Wind Farm Machine You've Never Seen ⚡,"[""Atmospheric Canopy Weaver"", ""Wind Farm machine"", ""Wind Farm engineering"", ""impossible engineering"", ""colossal machine"", ""megastructure"", ""futuristic technology"", ""ai animation"", ""8 second render"", ""cinematic machine""]",2026-09-26T14:41:34.729961+00:00
962,Transoceanic Wind Spine Conveyor,95,Wind Farm,Energy,active,19,1,1,Transoceanic Wind Spine Conveyor — The Wind Farm Machine You've Never Seen ⚡,"[""Transoceanic Wind Spine Conveyor"", ""Wind Farm machine"", ""Wind Farm engineering"", ""impossible engineering"", ""colossal machine"", ""megastructure"", ""futuristic technology"", ""ai animation"", ""8 second render"", ""cinematic machine""]",2026-09-26T14:41:34.729961+00:00
963,Polar Wind Glacier Engine,95,Wind Farm,Energy,active,10,1,1,Polar Wind Glacier Engine — The Wind Farm Machine You've Never Seen ⚡,"[""Polar Wind Glacier Engine"", ""Wind Farm machine"", ""Wind Farm engineering"", ""impossible engineering"", ""colossal machine"", ""megastructure"", ""futuristic technology"", ""ai animation"", ""8 second render"", ""cinematic machine""]",2026-09-26T14:41:34.729961+00:00
964,Skyforge Rotor Cathedral,95,Wind Farm,Energy,active,19,1,1,Skyforge Rotor Cathedral — The Wind Farm Machine You've Never Seen ⚡,"[""Skyforge Rotor Cathedral"", ""Wind Farm machine"", ""Wind Farm engineering"", ""impossible engineering"", ""colossal machine"", ""megastructure"", ""futuristic technology"", ""ai animation"", ""8 second render"", ""cinematic machine""]",2026-09-26T14:41:34.729961+00:00
965,Leviathan Wind Harvester Fleet,95,Wind Farm,Energy,active,19,1,1,Leviathan Wind Harvester Fleet — The Wind Farm Machine You've Never Seen ⚡,"[""Leviathan Wind Harvester Fleet"", ""Wind Farm machine"", ""Wind Farm engineering"", ""impossible engineering"", ""colossal machine"", ""megastructure"", ""futuristic technology"", ""ai animation"", ""8 second render"", ""cinematic machine""]",2026-09-26T14:41:34.729961+00:00
966,Oceanic Tide-Bridge Foundry,96,Tidal Energy,Energy,active,10,1,1,Oceanic Tide-Bridge Foundry — The Tidal Energy Machine You've Never Seen ⚡,"[""Oceanic Tide-Bridge Foundry"", ""Tidal Energy machine"", ""Tidal Energy engineering"", ""impossible engineering"", ""colossal machine"", ""megastructure"", ""futuristic technology"", ""ai animation"", ""8 second render"", ""cinematic machine""]",2026-09-26T14:43:25.572674+00:00
967,Abyssal Current Crown,96,Tidal Energy,Energy,active,19,1,1,Abyssal Current Crown — The Tidal Energy Machine You've Never Seen ⚡,"[""Abyssal Current Crown"", ""Tidal Energy machine"", ""Tidal Energy engineering"", ""impossible engineering"", ""colossal machine"", ""megastructure"", ""futuristic technology"", ""ai animation"", ""8 second render"", ""cinematic machine""]",2026-09-26T14:43:25.572674+00:00
968,Pelagic Tide Shepherd,96,Tidal Energy,Energy,active,19,1,1,Pelagic Tide Shepherd — The Tidal Energy Machine You've Never Seen ⚡,"[""Pelagic Tide Shepherd"", ""Tidal Energy machine"", ""Tidal Energy engineering"", ""impossible engineering"", ""colossal machine"", ""megastructure"", ""futuristic technology"", ""ai animation"", ""8 second render"", ""cinematic machine""]",2026-09-26T14:43:25.572674+00:00
969,Mantle-Tide Burrow Engine,96,Tidal Energy,Energy,active,19,1,1,Mantle-Tide Burrow Engine — The Tidal Energy Machine You've Never Seen ⚡,"[""Mantle-Tide Burrow Engine"", ""Tidal Energy machine"", ""Tidal Energy engineering"", ""impossible engineering"", ""colossal machine"", ""megastructure"", ""futuristic technology"", ""ai animation"", ""8 second render"", ""cinematic machine""]",2026-09-26T14:43:25.572674+00:00
970,Sky-Tide Resonance Canopy,96,Tidal Energy,Energy,active,18,1,1,Sky-Tide Resonance Canopy — The Tidal Energy Machine You've Never Seen ⚡,"[""Sky-Tide Resonance Canopy"", ""Tidal Energy machine"", ""Tidal Energy engineering"", ""impossible engineering"", ""colossal machine"", ""megastructure"", ""futuristic technology"", ""ai animation"", ""8 second render"", ""cinematic machine""]",2026-09-26T14:43:25.572674+00:00
971,Hydrosphere Migration Spine,96,Tidal Energy,Energy,active,18,1,1,Hydrosphere Migration Spine — The Tidal Energy Machine You've Never Seen ⚡,"[""Hydrosphere Migration Spine"", ""Tidal Energy machine"", ""Tidal Energy engineering"", ""impossible engineering"", ""colossal machine"", ""megastructure"", ""futuristic technology"", ""ai animation"", ""8 second render"", ""cinematic machine""]",2026-09-26T14:43:25.572674+00:00
972,Tidal Climate Forge Tower,96,Tidal Energy,Energy,active,18,1,1,Tidal Climate Forge Tower — The Tidal Energy Machine You've Never Seen ⚡,"[""Tidal Climate Forge Tower"", ""Tidal Energy machine"", ""Tidal Energy engineering"", ""impossible engineering"", ""colossal machine"", ""megastructure"", ""futuristic technology"", ""ai animation"", ""8 second render"", ""cinematic machine""]",2026-09-26T14:43:25.572674+00:00
973,Leviathan Reef Constructor,96,Tidal Energy,Energy,active,19,1,1,This Mega Machine Builds Reefs Across Entire Coastlines 🌊,"[""tidal energy"", ""Leviathan Reef Constructor"", ""impossible machine"", ""mega machine"", ""giant machine"", ""reef construction"", ""ocean engineering"", ""tidal power"", ""coastal engineering"", ""artificial reef"", ""planetary engineering"", ""AI generated video"", ""cinematic AI"", ""future technology"", ""mechanical engineering""]",2026-09-26T14:43:25.572674+00:00
974,Transoceanic Tide Catapult,96,Tidal Energy,Energy,active,10,1,1,This Tidal Machine Launches Cargo Across Oceans! 🌊,"[""tidal energy"", ""tidal power"", ""tidal energy machine"", ""tidal energy technology"", ""future technology"", ""impossible machine"", ""mega machine"", ""ocean engineering"", ""future transportation"", ""cargo launcher"", ""transoceanic transport"", ""mechanical engineering"", ""futuristic machine"", ""engineering concept"", ""AI concept""]",2026-09-26T14:43:25.572674+00:00
975,Polar Basin Tide Rewriter,96,Tidal Energy,Energy,active,10,1,1,This Machine REWRITES Polar Tides 🌊,"[""tidal energy"", ""Polar Basin Tide Rewriter"", ""tidal machine"", ""ocean engineering"", ""impossible machine"", ""AI generated video"", ""AI cinematic"", ""mega machine"", ""giant machine"", ""ocean terraforming"", ""tidal power"", ""coastal transformation"", ""futuristic engineering"", ""planetary engineering"", ""cinematic AI""]",2026-09-26T14:43:25.572674+00:00
976,Continental Swarm Span,97,Robot Swarm,Tech,active,10,1,1,This Robot Bridge Can Move Entire Cities 🌎🤖,"[""robot swarm"", ""robot swarm machine"", ""moving bridge"", ""giant robot bridge"", ""impossible machine"", ""AI generated machine"", ""mega structure"", ""giant machine"", ""planetary engineering"", ""future technology"", ""swarm robotics"", ""city transport"", ""sci fi machine"", ""cinematic AI"", ""robot engineering""]",2026-09-26T15:01:50.121271+00:00
977,Hive-Mantle Excavation Burrower,97,Robot Swarm,Tech,active,10,1,1,Hive-Mantle Excavation Burrower — The Robot Swarm Machine You've Never Seen ⚡,"[""Hive-Mantle Excavation Burrower"", ""Robot Swarm machine"", ""Robot Swarm engineering"", ""impossible engineering"", ""colossal machine"", ""megastructure"", ""futuristic technology"", ""ai animation"", ""8 second render"", ""cinematic machine""]",2026-09-26T15:01:50.121271+00:00
978,Atmospheric Swarm Cathedral,97,Robot Swarm,Tech,active,18,1,1,Atmospheric Swarm Cathedral — The Robot Swarm Machine You've Never Seen ⚡,"[""Atmospheric Swarm Cathedral"", ""Robot Swarm machine"", ""Robot Swarm engineering"", ""impossible engineering"", ""colossal machine"", ""megastructure"", ""futuristic technology"", ""ai animation"", ""8 second render"", ""cinematic machine""]",2026-09-26T15:01:50.121271+00:00
979,Orbital Synchronization Ring,97,Robot Swarm,Tech,active,18,1,1,This Robot Ring Could Move Earth’s Infrastructure 🌍,"[""robot swarm"", ""robot swarm technology"", ""orbital synchronization ring"", ""impossible machine"", ""giant robot"", ""planetary megastructure"", ""future technology"", ""AI robots"", ""robotic megastructure"", ""Earth ring"", ""hypersonic robots"", ""energy transfer"", ""future engineering"", ""cinematic AI"", ""sci fi machine""]",2026-09-26T15:01:50.121271+00:00
980,Titan March Fabricator,97,Robot Swarm,Tech,active,19,1,1,This Robot Swarm Builds Cities While Walking 🤖,"[""robot swarm"", ""robot swarm technology"", ""city building robot"", ""future technology"", ""giant robot"", ""impossible machine"", ""megacity construction"", ""autonomous robots"", ""AI robots"", ""robot construction"", ""future megacity"", ""sci fi technology"", ""massive machine"", ""robot factory"", ""engineering future""]",2026-09-26T15:01:50.121271+00:00
981,Skyshield Swarm Canopy,97,Robot Swarm,Tech,active,10,1,1,Skyshield Swarm Canopy — The Robot Swarm Machine You've Never Seen ⚡,"[""Skyshield Swarm Canopy"", ""Robot Swarm machine"", ""Robot Swarm engineering"", ""impossible engineering"", ""colossal machine"", ""megastructure"", ""futuristic technology"", ""ai animation"", ""8 second render"", ""cinematic machine""]",2026-09-26T15:01:50.121271+00:00
982,Tectonic Spine Rewriter,97,Robot Swarm,Tech,active,19,1,1,Tectonic Spine Rewriter — The Robot Swarm Machine You've Never Seen ⚡,"[""Tectonic Spine Rewriter"", ""Robot Swarm machine"", ""Robot Swarm engineering"", ""impossible engineering"", ""colossal machine"", ""megastructure"", ""futuristic technology"", ""ai animation"", ""8 second render"", ""cinematic machine""]",2026-09-26T15:01:50.121271+00:00
983,Oceanic Swarm Harvester,97,Robot Swarm,Tech,active,19,1,1,Oceanic Swarm Harvester — The Robot Swarm Machine You've Never Seen ⚡,"[""Oceanic Swarm Harvester"", ""Robot Swarm machine"", ""Robot Swarm engineering"", ""impossible engineering"", ""colossal machine"", ""megastructure"", ""futuristic technology"", ""ai animation"", ""8 second render"", ""cinematic machine""]",2026-09-26T15:01:50.121271+00:00
984,Biome Forge Basin,97,Robot Swarm,Tech,active,19,1,1,Biome Forge Basin — The Robot Swarm Machine You've Never Seen ⚡,"[""Biome Forge Basin"", ""Robot Swarm machine"", ""Robot Swarm engineering"", ""impossible engineering"", ""colossal machine"", ""megastructure"", ""futuristic technology"", ""ai animation"", ""8 second render"", ""cinematic machine""]",2026-09-26T15:01:50.121271+00:00
985,Momentum Migration Engine,97,Robot Swarm,Tech,active,28,1,1,Momentum Migration Engine — The Robot Swarm Machine You've Never Seen ⚡,"[""Momentum Migration Engine"", ""Robot Swarm machine"", ""Robot Swarm engineering"", ""impossible engineering"", ""colossal machine"", ""megastructure"", ""futuristic technology"", ""ai animation"", ""8 second render"", ""cinematic machine""]",2026-09-26T15:01:50.121271+00:00
986,Cognitive Span Constructor,98,Artificial Intelligence,Tech,active,37,1,1,AI Builds a Continent-Spanning Intelligence Bridge 🤯,"[""artificial intelligence"", ""AI megastructure"", ""cognitive span constructor"", ""planetary AI network"", ""superconducting rails"", ""future technology"", ""science fiction"", ""mega engineering"", ""AI infrastructure"", ""data center megaproject"", ""autonomous construction"", ""mechanical intelligence"", ""continental bridge"", ""futuristic machines"", ""worldbuilding""]",2026-09-26T15:13:07.243346+00:00
987,Algorithmic Ascension Tower,98,Artificial Intelligence,Tech,active,28,1,1,Algorithmic Ascension Tower: The AI Factory That Never Stops 🚀,"[""Algorithmic Ascension Tower"", ""Artificial Intelligence"", ""AI Megastructure"", ""Future Technology"", ""Sci Fi AI"", ""Machine Learning"", ""Computational Foundry"", ""AI Factory"", ""Futuristic Engineering"", ""Vertical AI"", ""Orbital Flywheels"", ""Advanced Intelligence"", ""Cyberpunk Future"", ""Digital Evolution"", ""Science Fiction""]",2026-09-26T15:13:07.243346+00:00
988,Planetary Reasoning Ring,98,Artificial Intelligence,Tech,active,18,1,1,Planetary Reasoning Ring: AI Circulates at Hypersonic Speed 🤯,"[""Planetary Reasoning Ring"", ""Artificial Intelligence"", ""Future Technology"", ""AI Infrastructure"", ""Megastructure"", ""Hypersonic Transport"", ""Machine Intelligence"", ""AI Core Transfer"", ""Science Fiction"", ""Futuristic Engineering"", ""Advanced Computing"", ""Planetary Scale AI"", ""Magnetic Carriages"", ""Speculative Technology"", ""Future Civilization""]",2026-09-26T15:13:07.243346+00:00
989,Subsurface Cognition Burrower,98,Artificial Intelligence,Tech,active,18,1,1,AI Burrows Beneath Continents to Build a Hidden Supermind 🤖,"[""artificial intelligence"", ""AI machine"", ""subsurface cognition burrower"", ""underground AI"", ""future technology"", ""sci fi concept"", ""mega machine"", ""continental tunneling"", ""AI processors"", ""rare material extraction"", ""automated mining"", ""hidden superintelligence"", ""futuristic engineering"", ""worldbuilding"", ""technology animation""]",2026-09-26T15:13:07.243346+00:00
990,Titan Neural Walker,98,Artificial Intelligence,Tech,active,18,1,1,Titan Neural Walker: The Mountain-Sized AI That Moves Cities 🤖,"[""Titan Neural Walker"", ""Artificial Intelligence"", ""AI Megastructure"", ""Future Technology"", ""Giant Robot"", ""Data Center City"", ""Machine Learning"", ""Neural Network"", ""Sci Fi Engineering"", ""Autonomous Systems"", ""Mega Infrastructure"", ""Futuristic Robotics"", ""AI Infrastructure"", ""Advanced Robotics"", ""Future Civilization""]",2026-09-26T15:13:07.243346+00:00
991,Skymind Canopy Engine,98,Artificial Intelligence,Tech,active,18,1,1,Skymind Canopy Engine: The AI Shield Covering Entire Nations 🌐,"[""Skymind Canopy Engine"", ""artificial intelligence"", ""AI infrastructure"", ""future technology"", ""AI defense system"", ""electromagnetic shielding"", ""megastructure"", ""science fiction"", ""autonomous engineering"", ""AI network protection"", ""smart infrastructure"", ""futuristic technology"", ""adaptive shielding"", ""AI predictions"", ""advanced engineering""]",2026-09-26T15:13:07.243346+00:00
992,Sentience Spine Terraformer,98,Artificial Intelligence,Tech,active,10,1,1,Sentience Spine Terraformer: AI Rebuilds the Planet 🌍,"[""Sentience Spine Terraformer"", ""artificial intelligence"", ""AI terraforming"", ""terraforming machine"", ""megastructure"", ""future technology"", ""giant robot"", ""mechanical serpent"", ""landscape transformation"", ""AI worldbuilding"", ""science fiction"", ""futuristic engineering"", ""planetary engineering"", ""automation"", ""cinematic AI""]",2026-09-26T15:13:07.243346+00:00
993,Inference Vortex Citadel,98,Artificial Intelligence,Tech,active,28,1,1,Inference Vortex Citadel: The Rotating AI Fortress of the Future 🌀,"[""Artificial Intelligence"", ""AI Fortress"", ""Inference Vortex Citadel"", ""Future Technology"", ""Megastructure"", ""Sci Fi AI"", ""Robotics"", ""AI Infrastructure"", ""Machine Learning"", ""Futuristic Engineering"", ""Cyberpunk"", ""Autonomous Systems"", ""Computational Architecture"", ""Advanced Technology"", ""AI Defense System""]",2026-09-26T15:13:07.243346+00:00
994,Memory Current Viaduct,98,Artificial Intelligence,Tech,active,28,1,1,Memory Current Viaduct: The AI Bridge Moving Exabytes Worldwide 🌉,"[""artificial intelligence"", ""AI infrastructure"", ""future technology"", ""megastructure"", ""memory current viaduct"", ""AI memory transport"", ""exabyte data"", ""machine reasoning"", ""knowledge logistics"", ""futuristic engineering"", ""data logistics"", ""science fiction"", ""advanced automation"", ""cognition vaults"", ""technology concept""]",2026-09-26T15:13:07.243346+00:00
995,Prediction Forge Delta,98,Artificial Intelligence,Tech,active,28,1,1,Prediction Forge Delta: The AI Machine That Calculates the Future 🌍,"[""Prediction Forge Delta"", ""Artificial Intelligence"", ""AI Simulation"", ""Future Prediction"", ""Planetary AI"", ""Sci Fi Technology"", ""Machine Intelligence"", ""Future Civilization"", ""Mega Machine"", ""Worldbuilding"", ""Autonomous Construction"", ""Predictive Modeling"", ""Futuristic Engineering"", ""AI Generated World"", ""Advanced Computing""]",2026-09-26T15:13:07.243346+00:00
996,Continental Packet Span,99,Network / Web,Tech,active,28,1,1,Continental Packet Span — The Network / Web Machine You've Never Seen ⚡,"[""Continental Packet Span"", ""Network / Web machine"", ""Network / Web engineering"", ""impossible engineering"", ""colossal machine"", ""megastructure"", ""futuristic technology"", ""ai animation"", ""8 second render"", ""cinematic machine""]",2026-09-26T15:17:11.691433+00:00
997,Web Nexus Torque Tower,99,Network / Web,Tech,active,28,1,1,Web Nexus Torque Tower — The Network / Web Machine You've Never Seen ⚡,"[""Web Nexus Torque Tower"", ""Network / Web machine"", ""Network / Web engineering"", ""impossible engineering"", ""colossal machine"", ""megastructure"", ""futuristic technology"", ""ai animation"", ""8 second render"", ""cinematic machine""]",2026-09-26T15:17:11.691433+00:00
998,Firewall Circumference Engine,99,Network / Web,Tech,active,18,1,1,Firewall Circumference Engine — The Network / Web Machine You've Never Seen ⚡,"[""Firewall Circumference Engine"", ""Network / Web machine"", ""Network / Web engineering"", ""impossible engineering"", ""colossal machine"", ""megastructure"", ""futuristic technology"", ""ai animation"", ""8 second render"", ""cinematic machine""]",2026-09-26T15:17:11.691433+00:00
999,Subsurface Web Burrower,99,Network / Web,Tech,active,18,1,1,Subsurface Web Burrower — The Network / Web Machine You've Never Seen ⚡,"[""Subsurface Web Burrower"", ""Network / Web machine"", ""Network / Web engineering"", ""impossible engineering"", ""colossal machine"", ""megastructure"", ""futuristic technology"", ""ai animation"", ""8 second render"", ""cinematic machine""]",2026-09-26T15:17:11.691433+00:00
1000,Crawler of Infinite Links,99,Network / Web,Tech,active,18,1,1,Crawler of Infinite Links — The Network / Web Machine You've Never Seen ⚡,"[""Crawler of Infinite Links"", ""Network / Web machine"", ""Network / Web engineering"", ""impossible engineering"", ""colossal machine"", ""megastructure"", ""futuristic technology"", ""ai animation"", ""8 second render"", ""cinematic machine""]",2026-09-26T15:17:11.691433+00:00
1001,Atmospheric Mesh Canopy,99,Network / Web,Tech,active,18,1,1,Atmospheric Mesh Canopy — The Network / Web Machine You've Never Seen ⚡,"[""Atmospheric Mesh Canopy"", ""Network / Web machine"", ""Network / Web engineering"", ""impossible engineering"", ""colossal machine"", ""megastructure"", ""futuristic technology"", ""ai animation"", ""8 second render"", ""cinematic machine""]",2026-09-26T15:17:11.691433+00:00
1002,Hyperlink Spine Conveyor,99,Network / Web,Tech,active,10,1,1,Hyperlink Spine Conveyor — The Network / Web Machine You've Never Seen ⚡,"[""Hyperlink Spine Conveyor"", ""Network / Web machine"", ""Network / Web engineering"", ""impossible engineering"", ""colossal machine"", ""megastructure"", ""futuristic technology"", ""ai animation"", ""8 second render"", ""cinematic machine""]",2026-09-26T15:17:11.691433+00:00
1003,Protocol Forge Pyramid,99,Network / Web,Tech,active,10,1,1,Protocol Forge Pyramid — The Network / Web Machine You've Never Seen ⚡,"[""Protocol Forge Pyramid"", ""Network / Web machine"", ""Network / Web engineering"", ""impossible engineering"", ""colossal machine"", ""megastructure"", ""futuristic technology"", ""ai animation"", ""8 second render"", ""cinematic machine""]",2026-09-26T15:17:11.691433+00:00
1004,Bandwidth Harvest Wheel,99,Network / Web,Tech,active,19,1,1,Bandwidth Harvest Wheel — The Network / Web Machine You've Never Seen ⚡,"[""Bandwidth Harvest Wheel"", ""Network / Web machine"", ""Network / Web engineering"", ""impossible engineering"", ""colossal machine"", ""megastructure"", ""futuristic technology"", ""ai animation"", ""8 second render"", ""cinematic machine""]",2026-09-26T15:17:11.691433+00:00
1005,Connectivity Terraform Engine,99,Network / Web,Tech,active,19,1,1,Connectivity Terraform Engine — The Network / Web Machine You've Never Seen ⚡,"[""Connectivity Terraform Engine"", ""Network / Web machine"", ""Network / Web engineering"", ""impossible engineering"", ""colossal machine"", ""megastructure"", ""futuristic technology"", ""ai animation"", ""8 second render"", ""cinematic machine""]",2026-09-26T15:17:11.691433+00:00
1006,Recursive Span Constructor,100,Infinite Loop / Self-Replicating System,Tech,active,29,1,1,Recursive Span Constructor — The Infinite Loop / Self-Replicating System Machine You've Never Seen ⚡,"[""Recursive Span Constructor"", ""Infinite Loop / Self-Replicating System machine"", ""Infinite Loop / Self-Replicating System engineering"", ""impossible engineering"", ""colossal machine"", ""megastructure"", ""futuristic technology"", ""ai animation"", ""8 second render"", ""cinematic machine""]",2026-09-26T15:18:30.654174+00:00
1007,Autogenesis Spiral Tower,100,Infinite Loop / Self-Replicating System,Tech,active,19,1,1,Autogenesis Spiral Tower — The Infinite Loop / Self-Replicating System Machine You've Never Seen ⚡,"[""Autogenesis Spiral Tower"", ""Infinite Loop / Self-Replicating System machine"", ""Infinite Loop / Self-Replicating System engineering"", ""impossible engineering"", ""colossal machine"", ""megastructure"", ""futuristic technology"", ""ai animation"", ""8 second render"", ""cinematic machine""]",2026-09-26T15:18:30.654174+00:00
1008,Planetary Duplication Ring,100,Infinite Loop / Self-Replicating System,Tech,active,18,1,1,Planetary Duplication Ring — The Infinite Loop / Self-Replicating System Machine You've Never Seen ⚡,"[""Planetary Duplication Ring"", ""Infinite Loop / Self-Replicating System machine"", ""Infinite Loop / Self-Replicating System engineering"", ""impossible engineering"", ""colossal machine"", ""megastructure"", ""futuristic technology"", ""ai animation"", ""8 second render"", ""cinematic machine""]",2026-09-26T15:18:30.654174+00:00
1009,Self-Burrowing Replication Worm,100,Infinite Loop / Self-Replicating System,Tech,active,18,1,1,Self-Burrowing Replication Worm — The Infinite Loop / Self-Replicating System Machine You've Never Seen ⚡,"[""Self-Burrowing Replication Worm"", ""Infinite Loop / Self-Replicating System machine"", ""Infinite Loop / Self-Replicating System engineering"", ""impossible engineering"", ""colossal machine"", ""megastructure"", ""futuristic technology"", ""ai animation"", ""8 second render"", ""cinematic machine""]",2026-09-26T15:18:30.654174+00:00
1010,March of the Infinite Foundries,100,Infinite Loop / Self-Replicating System,Tech,active,28,1,1,March of the Infinite Foundries — The Infinite Loop / Self-Replicating System Machine You've Never Seen ⚡,"[""March of the Infinite Foundries"", ""Infinite Loop / Self-Replicating System machine"", ""Infinite Loop / Self-Replicating System engineering"", ""impossible engineering"", ""colossal machine"", ""megastructure"", ""futuristic technology"", ""ai animation"", ""8 second render"", ""cinematic machine""]",2026-09-26T15:18:30.654174+00:00
1011,Recursive Shield Canopy,100,Infinite Loop / Self-Replicating System,Tech,active,19,1,1,Recursive Shield Canopy — The Infinite Loop / Self-Replicating System Machine You've Never Seen ⚡,"[""Recursive Shield Canopy"", ""Infinite Loop / Self-Replicating System machine"", ""Infinite Loop / Self-Replicating System engineering"", ""impossible engineering"", ""colossal machine"", ""megastructure"", ""futuristic technology"", ""ai animation"", ""8 second render"", ""cinematic machine""]",2026-09-26T15:18:30.654174+00:00
1012,Infinity Spine Terraformer,100,Infinite Loop / Self-Replicating System,Tech,active,19,1,1,Infinity Spine Terraformer — The Infinite Loop / Self-Replicating System Machine You've Never Seen ⚡,"[""Infinity Spine Terraformer"", ""Infinite Loop / Self-Replicating System machine"", ""Infinite Loop / Self-Replicating System engineering"", ""impossible engineering"", ""colossal machine"", ""megastructure"", ""futuristic technology"", ""ai animation"", ""8 second render"", ""cinematic machine""]",2026-09-26T15:18:30.654174+00:00
1013,Chronocycle Reservoir Wheel,100,Infinite Loop / Self-Replicating System,Tech,active,18,1,1,Chronocycle Reservoir Wheel — The Infinite Loop / Self-Replicating System Machine You've Never Seen ⚡,"[""Chronocycle Reservoir Wheel"", ""Infinite Loop / Self-Replicating System machine"", ""Infinite Loop / Self-Replicating System engineering"", ""impossible engineering"", ""colossal machine"", ""megastructure"", ""futuristic technology"", ""ai animation"", ""8 second render"", ""cinematic machine""]",2026-09-26T15:18:30.654174+00:00
1014,Recursive Ocean Conveyor Archipelago,100,Infinite Loop / Self-Replicating System,Tech,active,18,1,1,Recursive Ocean Conveyor Archipelago — The Infinite Loop / Self-Replicating System Machine You've Never Seen ⚡,"[""Recursive Ocean Conveyor Archipelago"", ""Infinite Loop / Self-Replicating System machine"", ""Infinite Loop / Self-Replicating System engineering"", ""impossible engineering"", ""colossal machine"", ""megastructure"", ""futuristic technology"", ""ai animation"", ""8 second render"", ""cinematic machine""]",2026-09-26T15:18:30.654174+00:00
1015,Fractal Atmosphere Seeder,100,Infinite Loop / Self-Replicating System,Tech,active,18,1,1,Fractal Atmosphere Seeder — The Infinite Loop / Self-Replicating System Machine You've Never Seen ⚡,"[""Fractal Atmosphere Seeder"", ""Infinite Loop / Self-Replicating System machine"", ""Infinite Loop / Self-Replicating System engineering"", ""impossible engineering"", ""colossal machine"", ""megastructure"", ""futuristic technology"", ""ai animation"", ""8 second render"", ""cinematic machine""]",2026-09-26T15:18:30.654174+00:00
