Idea_ID,Idea_Title,SEO_Run_ID,Rank_By_Score,Keyword,Score,Relevance,Word_Count,Long_Tail,Source,Harvested_At
1,Rice Titan Harvester,31,1,rice paddy harvesting machine,61.0,0.5,4,1,youtube_suggest,2026-09-04 12:07:17.092820
1,Rice Titan Harvester,34,2,rice paddy harvesting machine,61.0,0.5,4,1,youtube_suggest,2026-09-09 09:49:15.929885
1,Rice Titan Harvester,31,3,paddy harvesting in china,49.33,0.3333,4,1,youtube_suggest,2026-09-04 12:07:17.092820
1,Rice Titan Harvester,31,4,paddy harvesting in japan,49.33,0.3333,4,1,youtube_suggest,2026-09-04 12:07:17.092820
1,Rice Titan Harvester,31,5,rice harvesting and processing,49.33,0.3333,4,1,youtube_suggest,2026-09-04 12:07:17.092820
1,Rice Titan Harvester,31,6,harvesting rice at home,49.33,0.3333,4,1,youtube_suggest,2026-09-04 12:07:17.092820
1,Rice Titan Harvester,31,7,paddy harvester in assam,49.33,0.3333,4,1,youtube_suggest,2026-09-04 12:07:17.092820
1,Rice Titan Harvester,31,8,paddy harvesting by hand,49.33,0.3333,4,1,youtube_suggest,2026-09-04 12:07:17.092820
1,Rice Titan Harvester,31,9,rice harvesting by hand,49.33,0.3333,4,1,youtube_suggest,2026-09-04 12:07:17.092820
1,Rice Titan Harvester,34,10,paddy harvesting in china,49.33,0.3333,4,1,youtube_suggest,2026-09-09 09:49:15.930469
1,Rice Titan Harvester,34,11,paddy harvesting in japan,49.33,0.3333,4,1,youtube_suggest,2026-09-09 09:49:15.931055
1,Rice Titan Harvester,34,12,rice harvesting and processing,49.33,0.3333,4,1,youtube_suggest,2026-09-09 09:49:15.931720
1,Rice Titan Harvester,34,13,harvesting rice at home,49.33,0.3333,4,1,youtube_suggest,2026-09-09 09:49:15.932349
1,Rice Titan Harvester,34,14,paddy harvester in assam,49.33,0.3333,4,1,youtube_suggest,2026-09-09 09:49:15.932349
1,Rice Titan Harvester,34,15,paddy harvesting by hand,49.33,0.3333,4,1,youtube_suggest,2026-09-09 09:49:15.933301
1,Rice Titan Harvester,34,16,rice harvesting by hand,49.33,0.3333,4,1,youtube_suggest,2026-09-09 09:49:15.934313
1,Rice Titan Harvester,31,17,paddy harvesting machines in agriculture,48.0,0.2857,5,1,youtube_suggest,2026-09-04 12:07:17.092820
1,Rice Titan Harvester,31,18,paddy harvesting machine in japan,48.0,0.2857,5,1,youtube_suggest,2026-09-04 12:07:17.092820
1,Rice Titan Harvester,31,19,paddy harvester in andhra pradesh,48.0,0.2857,5,1,youtube_suggest,2026-09-04 12:07:17.092820
1,Rice Titan Harvester,31,20,paddy harvesting by brush cutter,48.0,0.2857,5,1,youtube_suggest,2026-09-04 12:07:17.092820
1,Rice Titan Harvester,31,21,paddy harvesting in west bengal,48.0,0.2857,5,1,youtube_suggest,2026-09-04 12:07:17.092820
1,Rice Titan Harvester,31,22,paddy harvesting machine in india,48.0,0.2857,5,1,youtube_suggest,2026-09-04 12:07:17.092820
1,Rice Titan Harvester,31,23,paddy harvesting machine in manipur,48.0,0.2857,5,1,youtube_suggest,2026-09-04 12:07:17.092820
1,Rice Titan Harvester,31,24,paddy harvesting machine in odisha,48.0,0.2857,5,1,youtube_suggest,2026-09-04 12:07:17.092820
1,Rice Titan Harvester,31,25,paddy harvesting machine in assam,48.0,0.2857,5,1,youtube_suggest,2026-09-04 12:07:17.092820
1,Rice Titan Harvester,31,26,paddy cutting and harvesting machine,48.0,0.2857,5,1,youtube_suggest,2026-09-04 12:07:17.092820
1,Rice Titan Harvester,31,27,paddy harvesting machine in tamil,48.0,0.2857,5,1,youtube_suggest,2026-09-04 12:07:17.092820
1,Rice Titan Harvester,31,28,paddy harvesting machine in karnataka,48.0,0.2857,5,1,youtube_suggest,2026-09-04 12:07:17.092820
1,Rice Titan Harvester,31,29,paddy harvesting machine in water,48.0,0.2857,5,1,youtube_suggest,2026-09-04 12:07:17.092820
1,Rice Titan Harvester,31,30,rice harvesting machine in maharashtra,48.0,0.2857,5,1,youtube_suggest,2026-09-04 12:07:17.103223
1,Rice Titan Harvester,31,31,rice harvesting machine in nepal,48.0,0.2857,5,1,youtube_suggest,2026-09-04 12:07:17.103223
1,Rice Titan Harvester,31,32,rice harvesting machine in tamilnadu,48.0,0.2857,5,1,youtube_suggest,2026-09-04 12:07:17.103223
1,Rice Titan Harvester,31,33,rice harvesting machine in telugu,48.0,0.2857,5,1,youtube_suggest,2026-09-04 12:07:17.103223
1,Rice Titan Harvester,31,34,wheat and paddy harvesting machine,48.0,0.2857,5,1,youtube_suggest,2026-09-04 12:07:17.105353
1,Rice Titan Harvester,34,35,paddy harvesting machines in agriculture,48.0,0.2857,5,1,youtube_suggest,2026-09-09 09:49:15.935309
1,Rice Titan Harvester,34,36,paddy harvesting machine in japan,48.0,0.2857,5,1,youtube_suggest,2026-09-09 09:49:15.935309
1,Rice Titan Harvester,34,37,paddy harvesting machine in india,48.0,0.2857,5,1,youtube_suggest,2026-09-09 09:49:15.936305
1,Rice Titan Harvester,34,38,paddy harvesting machine in manipur,48.0,0.2857,5,1,youtube_suggest,2026-09-09 09:49:15.936893
1,Rice Titan Harvester,34,39,paddy harvesting machine in odisha,48.0,0.2857,5,1,youtube_suggest,2026-09-09 09:49:15.936893
1,Rice Titan Harvester,34,40,paddy harvesting machine in assam,48.0,0.2857,5,1,youtube_suggest,2026-09-09 09:49:15.936893
1,Rice Titan Harvester,34,41,paddy cutting and harvesting machine,48.0,0.2857,5,1,youtube_suggest,2026-09-09 09:49:15.937879
1,Rice Titan Harvester,34,42,paddy harvesting machine in tamil,48.0,0.2857,5,1,youtube_suggest,2026-09-09 09:49:15.937879
1,Rice Titan Harvester,34,43,paddy harvesting machine in karnataka,48.0,0.2857,5,1,youtube_suggest,2026-09-09 09:49:15.938903
1,Rice Titan Harvester,34,44,paddy harvesting machine in water,48.0,0.2857,5,1,youtube_suggest,2026-09-09 09:49:15.939888
1,Rice Titan Harvester,34,45,rice harvesting machine in maharashtra,48.0,0.2857,5,1,youtube_suggest,2026-09-09 09:49:15.939888
1,Rice Titan Harvester,34,46,rice harvesting machine in nepal,48.0,0.2857,5,1,youtube_suggest,2026-09-09 09:49:15.940906
1,Rice Titan Harvester,34,47,rice harvesting machine in tamilnadu,48.0,0.2857,5,1,youtube_suggest,2026-09-09 09:49:15.940906
1,Rice Titan Harvester,34,48,rice harvesting machine in telugu,48.0,0.2857,5,1,youtube_suggest,2026-09-09 09:49:15.942884
1,Rice Titan Harvester,34,49,wheat and paddy harvesting machine,48.0,0.2857,5,1,youtube_suggest,2026-09-09 09:49:15.942884
1,Rice Titan Harvester,34,50,paddy harvester in andhra pradesh,48.0,0.2857,5,1,youtube_suggest,2026-09-09 09:49:15.943895
1,Rice Titan Harvester,34,51,paddy harvesting by brush cutter,48.0,0.2857,5,1,youtube_suggest,2026-09-09 09:49:15.944891
1,Rice Titan Harvester,34,52,paddy harvesting in west bengal,48.0,0.2857,5,1,youtube_suggest,2026-09-09 09:49:15.944891
1,Rice Titan Harvester,31,53,best paddy harvesting machine in india,47.5,0.25,6,1,youtube_suggest,2026-09-04 12:07:17.105869
1,Rice Titan Harvester,31,54,paddy harvesting machine in west bengal,47.5,0.25,6,1,youtube_suggest,2026-09-04 12:07:17.105869
1,Rice Titan Harvester,31,55,paddy harvesting machine in india price,47.5,0.25,6,1,youtube_suggest,2026-09-04 12:07:17.105869
1,Rice Titan Harvester,31,56,paddy harvesting machine in sri lanka,47.5,0.25,6,1,youtube_suggest,2026-09-04 12:07:17.105869
1,Rice Titan Harvester,31,57,paddy harvesting machine price in india,47.5,0.25,6,1,youtube_suggest,2026-09-04 12:07:17.105869
1,Rice Titan Harvester,31,58,rice harvesting machine price in india,47.5,0.25,6,1,youtube_suggest,2026-09-04 12:07:17.105869
1,Rice Titan Harvester,31,59,rice harvesting machine price in bangladesh,47.5,0.25,6,1,youtube_suggest,2026-09-04 12:07:17.105869
1,Rice Titan Harvester,31,60,rice harvesting machine price in nepal,47.5,0.25,6,1,youtube_suggest,2026-09-04 12:07:17.105869
1,Rice Titan Harvester,34,61,paddy harvesting machine in india price,47.5,0.25,6,1,youtube_suggest,2026-09-09 09:49:15.945895
1,Rice Titan Harvester,34,62,paddy harvesting machine in west bengal,47.5,0.25,6,1,youtube_suggest,2026-09-09 09:49:15.946397
1,Rice Titan Harvester,34,63,best paddy harvesting machine in india,47.5,0.25,6,1,youtube_suggest,2026-09-09 09:49:15.946888
1,Rice Titan Harvester,34,64,paddy harvesting machine in sri lanka,47.5,0.25,6,1,youtube_suggest,2026-09-09 09:49:15.947898
1,Rice Titan Harvester,34,65,paddy harvesting machine price in india,47.5,0.25,6,1,youtube_suggest,2026-09-09 09:49:15.948898
1,Rice Titan Harvester,34,66,rice harvesting machine price in india,47.5,0.25,6,1,youtube_suggest,2026-09-09 09:49:15.949897
1,Rice Titan Harvester,34,67,rice harvesting machine price in bangladesh,47.5,0.25,6,1,youtube_suggest,2026-09-09 09:49:15.950645
1,Rice Titan Harvester,34,68,rice harvesting machine price in nepal,47.5,0.25,6,1,youtube_suggest,2026-09-09 09:49:15.951485
1,Rice Titan Harvester,31,69,paddy harvesting drawing,47.33,0.3333,3,1,youtube_suggest,2026-09-04 12:07:17.105869
1,Rice Titan Harvester,31,70,paddy harvesting time,47.33,0.3333,3,1,youtube_suggest,2026-09-04 12:07:17.105869
1,Rice Titan Harvester,31,71,paddy harvesting videos,47.33,0.3333,3,1,youtube_suggest,2026-09-04 12:07:17.105869
1,Rice Titan Harvester,31,72,paddy harvesting tractor,47.33,0.3333,3,1,youtube_suggest,2026-09-04 12:07:17.105869
1,Rice Titan Harvester,31,73,rice harvesting australia,47.33,0.3333,3,1,youtube_suggest,2026-09-04 12:07:17.105869
1,Rice Titan Harvester,31,74,rice harvesting asia,47.33,0.3333,3,1,youtube_suggest,2026-09-04 12:07:17.105869
1,Rice Titan Harvester,31,75,after paddy harvesting,47.33,0.3333,3,1,youtube_suggest,2026-09-04 12:07:17.105869
1,Rice Titan Harvester,31,76,rice harvesting china,47.33,0.3333,3,1,youtube_suggest,2026-09-04 12:07:17.105869
1,Rice Titan Harvester,31,77,paddy combine harvester,47.33,0.3333,3,1,youtube_suggest,2026-09-04 12:07:17.105869
1,Rice Titan Harvester,31,78,paddy crop harvesting,47.33,0.3333,3,1,youtube_suggest,2026-09-04 12:07:17.105869
1,Rice Titan Harvester,31,79,rice harvesting combine,47.33,0.3333,3,1,youtube_suggest,2026-09-04 12:07:17.105869
1,Rice Titan Harvester,31,80,paddy harvesting drone,47.33,0.3333,3,1,youtube_suggest,2026-09-04 12:07:17.105869
1,Rice Titan Harvester,31,81,rice harvesting drawing,47.33,0.3333,3,1,youtube_suggest,2026-09-04 12:07:17.105869
1,Rice Titan Harvester,31,82,harvesting paddy fields,47.33,0.3333,3,1,youtube_suggest,2026-09-04 12:07:17.105869
1,Rice Titan Harvester,31,83,rice harvesting fs25,47.33,0.3333,3,1,youtube_suggest,2026-09-04 12:07:17.105869
1,Rice Titan Harvester,31,84,rice farming harvesting,47.33,0.3333,3,1,youtube_suggest,2026-09-04 12:07:17.105869
1,Rice Titan Harvester,31,85,paddy harvesting machine,47.33,0.3333,3,1,youtube_suggest,2026-09-04 12:07:17.105869
1,Rice Titan Harvester,34,86,paddy harvesting machine,47.33,0.3333,3,1,youtube_suggest,2026-09-09 09:49:15.951485
1,Rice Titan Harvester,34,87,paddy harvesting drawing,47.33,0.3333,3,1,youtube_suggest,2026-09-09 09:49:15.951485
1,Rice Titan Harvester,34,88,paddy harvesting time,47.33,0.3333,3,1,youtube_suggest,2026-09-09 09:49:15.952475
1,Rice Titan Harvester,34,89,paddy harvesting videos,47.33,0.3333,3,1,youtube_suggest,2026-09-09 09:49:15.952475
1,Rice Titan Harvester,34,90,paddy harvesting tractor,47.33,0.3333,3,1,youtube_suggest,2026-09-09 09:49:15.952475
1,Rice Titan Harvester,34,91,rice harvesting australia,47.33,0.3333,3,1,youtube_suggest,2026-09-09 09:49:15.952475
1,Rice Titan Harvester,34,92,rice harvesting asia,47.33,0.3333,3,1,youtube_suggest,2026-09-09 09:49:15.953475
1,Rice Titan Harvester,34,93,after paddy harvesting,47.33,0.3333,3,1,youtube_suggest,2026-09-09 09:49:15.953475
1,Rice Titan Harvester,34,94,rice harvesting china,47.33,0.3333,3,1,youtube_suggest,2026-09-09 09:49:15.953475
1,Rice Titan Harvester,34,95,paddy combine harvester,47.33,0.3333,3,1,youtube_suggest,2026-09-09 09:49:15.953475
1,Rice Titan Harvester,34,96,paddy crop harvesting,47.33,0.3333,3,1,youtube_suggest,2026-09-09 09:49:15.954477
1,Rice Titan Harvester,34,97,rice harvesting combine,47.33,0.3333,3,1,youtube_suggest,2026-09-09 09:49:15.954477
1,Rice Titan Harvester,34,98,paddy harvesting drone,47.33,0.3333,3,1,youtube_suggest,2026-09-09 09:49:15.954477
1,Rice Titan Harvester,34,99,rice harvesting drawing,47.33,0.3333,3,1,youtube_suggest,2026-09-09 09:49:15.955480
1,Rice Titan Harvester,34,100,harvesting paddy fields,47.33,0.3333,3,1,youtube_suggest,2026-09-09 09:49:15.955480
1,Rice Titan Harvester,34,101,rice harvesting fs25,47.33,0.3333,3,1,youtube_suggest,2026-09-09 09:49:15.955480
1,Rice Titan Harvester,34,102,rice farming harvesting,47.33,0.3333,3,1,youtube_suggest,2026-09-09 09:49:15.955480
1,Rice Titan Harvester,35,103,rice paddy machine,47.33,0.3333,3,1,youtube_suggest,2026-09-09 09:49:42.424097
1,Rice Titan Harvester,36,104,rice paddy machine,47.33,0.3333,3,1,youtube_suggest,2026-09-09 09:50:12.766769
1,Rice Titan Harvester,37,105,rice paddy machine,47.33,0.3333,3,1,youtube_suggest,2026-09-09 09:51:05.378008
1,Rice Titan Harvester,38,106,rice paddy machine,47.33,0.3333,3,1,youtube_suggest,2026-09-09 09:52:46.302426
1,Rice Titan Harvester,39,107,rice paddy machine,47.33,0.3333,3,1,youtube_suggest,2026-09-09 09:53:35.613009
1,Rice Titan Harvester,40,108,rice paddy machine,47.33,0.3333,3,1,youtube_suggest,2026-09-09 09:54:38.876278
1,Rice Titan Harvester,41,109,rice paddy machine,47.33,0.3333,3,1,youtube_suggest,2026-09-09 09:55:01.050007
1,Rice Titan Harvester,42,110,rice paddy machine,47.33,0.3333,3,1,youtube_suggest,2026-09-09 09:56:02.005966
1,Rice Titan Harvester,43,111,rice paddy machine,47.33,0.3333,3,1,youtube_suggest,2026-09-09 09:57:23.606134
1,Rice Titan Harvester,44,112,rice paddy machine,47.33,0.3333,3,1,youtube_suggest,2026-09-09 10:00:11.373891
1,Rice Titan Harvester,45,113,rice paddy machine,47.33,0.3333,3,1,youtube_suggest,2026-09-09 10:10:02.484893
1,Rice Titan Harvester,46,114,rice paddy machine,47.33,0.3333,3,1,youtube_suggest,2026-09-09 10:10:51.336833
1,Rice Titan Harvester,47,115,rice paddy machine,47.33,0.3333,3,1,youtube_suggest,2026-09-09 10:11:17.218486
1,Rice Titan Harvester,49,116,rice paddy machine,47.33,0.3333,3,1,youtube_suggest,2026-09-10 18:21:29.420077
1,Rice Titan Harvester,50,117,rice paddy machine,47.33,0.3333,3,1,youtube_suggest,2026-09-11 04:08:46.715873
1,Rice Titan Harvester,51,118,rice paddy machine,47.33,0.3333,3,1,youtube_suggest,2026-09-11 04:09:40.979461
1,Rice Titan Harvester,52,119,rice paddy machine,47.33,0.3333,3,1,youtube_suggest,2026-09-11 04:29:51.723142
1,Rice Titan Harvester,53,120,rice paddy machine,47.33,0.3333,3,1,youtube_suggest,2026-09-11 05:28:05.944594
1,Rice Titan Harvester,31,121,paddy harvesting hand machine,46.0,0.2857,4,1,youtube_suggest,2026-09-04 12:07:17.105869
1,Rice Titan Harvester,31,122,rice harvesting brush cutter,46.0,0.2857,4,1,youtube_suggest,2026-09-04 12:07:17.105869
1,Rice Titan Harvester,31,123,best paddy harvesting machine,46.0,0.2857,4,1,youtube_suggest,2026-09-04 12:07:17.105869
1,Rice Titan Harvester,31,124,paddy harvesting chain machine,46.0,0.2857,4,1,youtube_suggest,2026-09-04 12:07:17.105869
1,Rice Titan Harvester,31,125,paddy harvester chain wala,46.0,0.2857,4,1,youtube_suggest,2026-09-04 12:07:17.105869
1,Rice Titan Harvester,31,126,harvesting paddy drawing easy,46.0,0.2857,4,1,youtube_suggest,2026-09-04 12:07:17.105869
1,Rice Titan Harvester,31,127,drone paddy harvesting machine,46.0,0.2857,4,1,youtube_suggest,2026-09-04 12:07:17.105869
1,Rice Titan Harvester,31,128,paddy harvester kya hai,46.0,0.2857,4,1,youtube_suggest,2026-09-04 12:07:17.105869
1,Rice Titan Harvester,31,129,paddy harvesting machine working,46.0,0.2857,4,1,youtube_suggest,2026-09-04 12:07:17.105869
1,Rice Titan Harvester,34,130,paddy harvesting machine working,46.0,0.2857,4,1,youtube_suggest,2026-09-09 09:49:15.956475
1,Rice Titan Harvester,34,131,paddy harvesting machine subsidy,46.0,0.2857,4,1,youtube_suggest,2026-09-09 09:49:15.956475
1,Rice Titan Harvester,34,132,paddy harvesting machine price,46.0,0.2857,4,1,youtube_suggest,2026-09-09 09:49:15.956475
1,Rice Titan Harvester,34,133,rice harvesting machine assam,46.0,0.2857,4,1,youtube_suggest,2026-09-09 09:49:15.957485
1,Rice Titan Harvester,34,134,best paddy harvesting machine,46.0,0.2857,4,1,youtube_suggest,2026-09-09 09:49:15.957485
1,Rice Titan Harvester,34,135,paddy harvesting chain machine,46.0,0.2857,4,1,youtube_suggest,2026-09-09 09:49:15.957485
1,Rice Titan Harvester,34,136,rice harvesting cutting machine,46.0,0.2857,4,1,youtube_suggest,2026-09-09 09:49:15.958473
1,Rice Titan Harvester,34,137,drone paddy harvesting machine,46.0,0.2857,4,1,youtube_suggest,2026-09-09 09:49:15.958473
1,Rice Titan Harvester,34,138,paddy field harvesting machine,46.0,0.2857,4,1,youtube_suggest,2026-09-09 09:49:15.958473
1,Rice Titan Harvester,35,139,giant harvester,21.67,0.1667,2,0,youtube_suggest,2026-09-09 09:49:42.424628
1,Rice Titan Harvester,35,140,colossal harvester,21.67,0.1667,2,0,youtube_suggest,2026-09-09 09:49:42.424628
1,Rice Titan Harvester,36,141,giant harvester,21.67,0.1667,2,0,youtube_suggest,2026-09-09 09:50:12.768763
1,Rice Titan Harvester,36,142,colossal harvester,21.67,0.1667,2,0,youtube_suggest,2026-09-09 09:50:12.769767
1,Rice Titan Harvester,37,143,giant harvester,21.67,0.1667,2,0,youtube_suggest,2026-09-09 09:51:05.379004
1,Rice Titan Harvester,37,144,colossal harvester,21.67,0.1667,2,0,youtube_suggest,2026-09-09 09:51:05.379004
1,Rice Titan Harvester,38,145,giant harvester,21.67,0.1667,2,0,youtube_suggest,2026-09-09 09:52:46.302426
1,Rice Titan Harvester,38,146,colossal harvester,21.67,0.1667,2,0,youtube_suggest,2026-09-09 09:52:46.303429
1,Rice Titan Harvester,39,147,giant harvester,21.67,0.1667,2,0,youtube_suggest,2026-09-09 09:53:35.613009
1,Rice Titan Harvester,39,148,colossal harvester,21.67,0.1667,2,0,youtube_suggest,2026-09-09 09:53:35.614014
1,Rice Titan Harvester,40,149,giant harvester,21.67,0.1667,2,0,youtube_suggest,2026-09-09 09:54:38.879455
1,Rice Titan Harvester,40,150,colossal harvester,21.67,0.1667,2,0,youtube_suggest,2026-09-09 09:54:38.880011
1,Rice Titan Harvester,41,151,giant harvester,21.67,0.1667,2,0,youtube_suggest,2026-09-09 09:55:01.051013
1,Rice Titan Harvester,41,152,colossal harvester,21.67,0.1667,2,0,youtube_suggest,2026-09-09 09:55:01.051013
1,Rice Titan Harvester,42,153,giant harvester,21.67,0.1667,2,0,youtube_suggest,2026-09-09 09:56:02.005966
1,Rice Titan Harvester,42,154,colossal harvester,21.67,0.1667,2,0,youtube_suggest,2026-09-09 09:56:02.005966
1,Rice Titan Harvester,43,155,giant harvester,21.67,0.1667,2,0,youtube_suggest,2026-09-09 09:57:23.607135
1,Rice Titan Harvester,43,156,colossal harvester,21.67,0.1667,2,0,youtube_suggest,2026-09-09 09:57:23.607135
1,Rice Titan Harvester,44,157,giant harvester,21.67,0.1667,2,0,youtube_suggest,2026-09-09 10:00:11.373891
1,Rice Titan Harvester,44,158,colossal harvester,21.67,0.1667,2,0,youtube_suggest,2026-09-09 10:00:11.374897
1,Rice Titan Harvester,45,159,giant harvester,21.67,0.1667,2,0,youtube_suggest,2026-09-09 10:10:02.485896
1,Rice Titan Harvester,45,160,colossal harvester,21.67,0.1667,2,0,youtube_suggest,2026-09-09 10:10:02.485896
1,Rice Titan Harvester,46,161,giant harvester,21.67,0.1667,2,0,youtube_suggest,2026-09-09 10:10:51.337841
1,Rice Titan Harvester,46,162,colossal harvester,21.67,0.1667,2,0,youtube_suggest,2026-09-09 10:10:51.337841
1,Rice Titan Harvester,47,163,giant harvester,21.67,0.1667,2,0,youtube_suggest,2026-09-09 10:11:17.219478
1,Rice Titan Harvester,47,164,colossal harvester,21.67,0.1667,2,0,youtube_suggest,2026-09-09 10:11:17.219478
1,Rice Titan Harvester,49,165,giant harvester,21.67,0.1667,2,0,youtube_suggest,2026-09-10 18:21:29.420563
1,Rice Titan Harvester,49,166,colossal harvester,21.67,0.1667,2,0,youtube_suggest,2026-09-10 18:21:29.420563
1,Rice Titan Harvester,50,167,giant harvester,21.67,0.1667,2,0,youtube_suggest,2026-09-11 04:08:46.716870
1,Rice Titan Harvester,50,168,colossal harvester,21.67,0.1667,2,0,youtube_suggest,2026-09-11 04:08:46.716870
1,Rice Titan Harvester,51,169,giant harvester,21.67,0.1667,2,0,youtube_suggest,2026-09-11 04:09:40.980462
1,Rice Titan Harvester,51,170,colossal harvester,21.67,0.1667,2,0,youtube_suggest,2026-09-11 04:09:40.980462
1,Rice Titan Harvester,52,171,giant harvester,21.67,0.1667,2,0,youtube_suggest,2026-09-11 04:29:51.723142
1,Rice Titan Harvester,52,172,colossal harvester,21.67,0.1667,2,0,youtube_suggest,2026-09-11 04:29:51.724139
1,Rice Titan Harvester,53,173,giant harvester,21.67,0.1667,2,0,youtube_suggest,2026-09-11 05:28:05.945235
1,Rice Titan Harvester,53,174,colossal harvester,21.67,0.1667,2,0,youtube_suggest,2026-09-11 05:28:05.946233
1,Rice Titan Harvester,35,175,agriculture tech,10.0,0.0,2,0,youtube_suggest,2026-09-09 09:49:42.425644
1,Rice Titan Harvester,35,176,mega farming,10.0,0.0,2,0,youtube_suggest,2026-09-09 09:49:42.425644
1,Rice Titan Harvester,36,177,agriculture tech,10.0,0.0,2,0,youtube_suggest,2026-09-09 09:50:12.769767
1,Rice Titan Harvester,36,178,mega farming,10.0,0.0,2,0,youtube_suggest,2026-09-09 09:50:12.770775
1,Rice Titan Harvester,37,179,agriculture tech,10.0,0.0,2,0,youtube_suggest,2026-09-09 09:51:05.380001
1,Rice Titan Harvester,37,180,mega farming,10.0,0.0,2,0,youtube_suggest,2026-09-09 09:51:05.380001
1,Rice Titan Harvester,38,181,agriculture tech,10.0,0.0,2,0,youtube_suggest,2026-09-09 09:52:46.303429
1,Rice Titan Harvester,38,182,mega farming,10.0,0.0,2,0,youtube_suggest,2026-09-09 09:52:46.303429
1,Rice Titan Harvester,39,183,agriculture tech,10.0,0.0,2,0,youtube_suggest,2026-09-09 09:53:35.614014
1,Rice Titan Harvester,39,184,mega farming,10.0,0.0,2,0,youtube_suggest,2026-09-09 09:53:35.615001
1,Rice Titan Harvester,40,185,agriculture tech,10.0,0.0,2,0,youtube_suggest,2026-09-09 09:54:38.880011
1,Rice Titan Harvester,40,186,mega farming,10.0,0.0,2,0,youtube_suggest,2026-09-09 09:54:38.881272
1,Rice Titan Harvester,41,187,agriculture tech,10.0,0.0,2,0,youtube_suggest,2026-09-09 09:55:01.052010
1,Rice Titan Harvester,41,188,mega farming,10.0,0.0,2,0,youtube_suggest,2026-09-09 09:55:01.052010
1,Rice Titan Harvester,42,189,agriculture tech,10.0,0.0,2,0,youtube_suggest,2026-09-09 09:56:02.006964
1,Rice Titan Harvester,42,190,mega farming,10.0,0.0,2,0,youtube_suggest,2026-09-09 09:56:02.006964
1,Rice Titan Harvester,43,191,agriculture tech,10.0,0.0,2,0,youtube_suggest,2026-09-09 09:57:23.607135
1,Rice Titan Harvester,43,192,mega farming,10.0,0.0,2,0,youtube_suggest,2026-09-09 09:57:23.607135
1,Rice Titan Harvester,44,193,agriculture tech,10.0,0.0,2,0,youtube_suggest,2026-09-09 10:00:11.375910
1,Rice Titan Harvester,44,194,mega farming,10.0,0.0,2,0,youtube_suggest,2026-09-09 10:00:11.375910
1,Rice Titan Harvester,45,195,agriculture tech,10.0,0.0,2,0,youtube_suggest,2026-09-09 10:10:02.486893
1,Rice Titan Harvester,45,196,mega farming,10.0,0.0,2,0,youtube_suggest,2026-09-09 10:10:02.486893
1,Rice Titan Harvester,46,197,agriculture tech,10.0,0.0,2,0,youtube_suggest,2026-09-09 10:10:51.338828
1,Rice Titan Harvester,46,198,mega farming,10.0,0.0,2,0,youtube_suggest,2026-09-09 10:10:51.338828
1,Rice Titan Harvester,47,199,agriculture tech,10.0,0.0,2,0,youtube_suggest,2026-09-09 10:11:17.220476
1,Rice Titan Harvester,47,200,mega farming,10.0,0.0,2,0,youtube_suggest,2026-09-09 10:11:17.220476
1,Rice Titan Harvester,49,201,agriculture tech,10.0,0.0,2,0,youtube_suggest,2026-09-10 18:21:29.420563
1,Rice Titan Harvester,49,202,mega farming,10.0,0.0,2,0,youtube_suggest,2026-09-10 18:21:29.420563
1,Rice Titan Harvester,50,203,agriculture tech,10.0,0.0,2,0,youtube_suggest,2026-09-11 04:08:46.716870
1,Rice Titan Harvester,50,204,mega farming,10.0,0.0,2,0,youtube_suggest,2026-09-11 04:08:46.716870
1,Rice Titan Harvester,51,205,agriculture tech,10.0,0.0,2,0,youtube_suggest,2026-09-11 04:09:40.981460
1,Rice Titan Harvester,51,206,mega farming,10.0,0.0,2,0,youtube_suggest,2026-09-11 04:09:40.981460
1,Rice Titan Harvester,52,207,agriculture tech,10.0,0.0,2,0,youtube_suggest,2026-09-11 04:29:51.724139
1,Rice Titan Harvester,52,208,mega farming,10.0,0.0,2,0,youtube_suggest,2026-09-11 04:29:51.725139
1,Rice Titan Harvester,53,209,agriculture tech,10.0,0.0,2,0,youtube_suggest,2026-09-11 05:28:05.946233
1,Rice Titan Harvester,53,210,mega farming,10.0,0.0,2,0,youtube_suggest,2026-09-11 05:28:05.948229
2,The Paddy Ocean Vacuum,32,1,paddy harvesting in china,54.0,0.4,4,1,youtube_suggest,2026-09-05 04:41:00.235200
2,The Paddy Ocean Vacuum,32,2,paddy harvesting in japan,54.0,0.4,4,1,youtube_suggest,2026-09-05 04:41:00.235200
2,The Paddy Ocean Vacuum,32,3,paddy harvesting by hand,54.0,0.4,4,1,youtube_suggest,2026-09-05 04:41:00.235200
2,The Paddy Ocean Vacuum,33,4,paddy harvesting in china,54.0,0.4,4,1,youtube_suggest,2026-09-05 05:31:27.418492
2,The Paddy Ocean Vacuum,33,5,paddy harvesting in japan,54.0,0.4,4,1,youtube_suggest,2026-09-05 05:31:27.418492
2,The Paddy Ocean Vacuum,33,6,paddy harvesting by hand,54.0,0.4,4,1,youtube_suggest,2026-09-05 05:31:27.418492
2,The Paddy Ocean Vacuum,32,7,paddy harvesting drawing,52.0,0.4,3,1,youtube_suggest,2026-09-05 04:41:00.236349
2,The Paddy Ocean Vacuum,32,8,paddy harvesting time,52.0,0.4,3,1,youtube_suggest,2026-09-05 04:41:00.236879
2,The Paddy Ocean Vacuum,32,9,paddy harvesting videos,52.0,0.4,3,1,youtube_suggest,2026-09-05 04:41:00.236879
2,The Paddy Ocean Vacuum,32,10,paddy harvesting tractor,52.0,0.4,3,1,youtube_suggest,2026-09-05 04:41:00.236879
2,The Paddy Ocean Vacuum,32,11,after paddy harvesting,52.0,0.4,3,1,youtube_suggest,2026-09-05 04:41:00.236879
2,The Paddy Ocean Vacuum,32,12,paddy crop harvesting,52.0,0.4,3,1,youtube_suggest,2026-09-05 04:41:00.237879
2,The Paddy Ocean Vacuum,32,13,paddy harvesting drone,52.0,0.4,3,1,youtube_suggest,2026-09-05 04:41:00.237879
2,The Paddy Ocean Vacuum,32,14,harvesting paddy fields,52.0,0.4,3,1,youtube_suggest,2026-09-05 04:41:00.237879
2,The Paddy Ocean Vacuum,32,15,paddy harvesting machine,52.0,0.4,3,1,youtube_suggest,2026-09-05 04:41:00.238878
2,The Paddy Ocean Vacuum,33,16,paddy harvesting drawing,52.0,0.4,3,1,youtube_suggest,2026-09-05 05:31:27.419493
2,The Paddy Ocean Vacuum,33,17,paddy harvesting time,52.0,0.4,3,1,youtube_suggest,2026-09-05 05:31:27.419493
2,The Paddy Ocean Vacuum,33,18,paddy harvesting videos,52.0,0.4,3,1,youtube_suggest,2026-09-05 05:31:27.419493
2,The Paddy Ocean Vacuum,33,19,paddy harvesting tractor,52.0,0.4,3,1,youtube_suggest,2026-09-05 05:31:27.420493
2,The Paddy Ocean Vacuum,33,20,after paddy harvesting,52.0,0.4,3,1,youtube_suggest,2026-09-05 05:31:27.420493
2,The Paddy Ocean Vacuum,33,21,paddy crop harvesting,52.0,0.4,3,1,youtube_suggest,2026-09-05 05:31:27.420493
2,The Paddy Ocean Vacuum,33,22,paddy harvesting drone,52.0,0.4,3,1,youtube_suggest,2026-09-05 05:31:27.420493
2,The Paddy Ocean Vacuum,33,23,harvesting paddy fields,52.0,0.4,3,1,youtube_suggest,2026-09-05 05:31:27.421491
2,The Paddy Ocean Vacuum,33,24,paddy harvesting machine,52.0,0.4,3,1,youtube_suggest,2026-09-05 05:31:27.421491
2,The Paddy Ocean Vacuum,32,25,paddy harvesting machines in agriculture,51.33,0.3333,5,1,youtube_suggest,2026-09-05 04:41:00.238878
2,The Paddy Ocean Vacuum,32,26,paddy harvesting machine in japan,51.33,0.3333,5,1,youtube_suggest,2026-09-05 04:41:00.238878
2,The Paddy Ocean Vacuum,32,27,paddy harvesting by brush cutter,51.33,0.3333,5,1,youtube_suggest,2026-09-05 04:41:00.238878
2,The Paddy Ocean Vacuum,32,28,paddy harvesting in west bengal,51.33,0.3333,5,1,youtube_suggest,2026-09-05 04:41:00.239877
2,The Paddy Ocean Vacuum,32,29,paddy harvesting machine in india,51.33,0.3333,5,1,youtube_suggest,2026-09-05 04:41:00.239877
2,The Paddy Ocean Vacuum,32,30,paddy harvesting machine in manipur,51.33,0.3333,5,1,youtube_suggest,2026-09-05 04:41:00.239877
2,The Paddy Ocean Vacuum,32,31,paddy harvesting machine in odisha,51.33,0.3333,5,1,youtube_suggest,2026-09-05 04:41:00.239877
2,The Paddy Ocean Vacuum,32,32,paddy harvesting machine in assam,51.33,0.3333,5,1,youtube_suggest,2026-09-05 04:41:00.240876
2,The Paddy Ocean Vacuum,32,33,paddy cutting and harvesting machine,51.33,0.3333,5,1,youtube_suggest,2026-09-05 04:41:00.240876
2,The Paddy Ocean Vacuum,32,34,paddy harvesting machine in tamil,51.33,0.3333,5,1,youtube_suggest,2026-09-05 04:41:00.240876
2,The Paddy Ocean Vacuum,32,35,paddy harvesting machine in karnataka,51.33,0.3333,5,1,youtube_suggest,2026-09-05 04:41:00.241879
2,The Paddy Ocean Vacuum,32,36,paddy harvesting machine in water,51.33,0.3333,5,1,youtube_suggest,2026-09-05 04:41:00.241879
2,The Paddy Ocean Vacuum,32,37,wheat and paddy harvesting machine,51.33,0.3333,5,1,youtube_suggest,2026-09-05 04:41:00.241879
2,The Paddy Ocean Vacuum,33,38,paddy harvesting machines in agriculture,51.33,0.3333,5,1,youtube_suggest,2026-09-05 05:31:27.421491
2,The Paddy Ocean Vacuum,33,39,paddy harvesting machine in japan,51.33,0.3333,5,1,youtube_suggest,2026-09-05 05:31:27.421491
2,The Paddy Ocean Vacuum,33,40,paddy harvesting by brush cutter,51.33,0.3333,5,1,youtube_suggest,2026-09-05 05:31:27.422493
2,The Paddy Ocean Vacuum,33,41,paddy harvesting in west bengal,51.33,0.3333,5,1,youtube_suggest,2026-09-05 05:31:27.422493
2,The Paddy Ocean Vacuum,33,42,paddy harvesting machine in india,51.33,0.3333,5,1,youtube_suggest,2026-09-05 05:31:27.422493
2,The Paddy Ocean Vacuum,33,43,paddy harvesting machine in manipur,51.33,0.3333,5,1,youtube_suggest,2026-09-05 05:31:27.422493
2,The Paddy Ocean Vacuum,33,44,paddy harvesting machine in odisha,51.33,0.3333,5,1,youtube_suggest,2026-09-05 05:31:27.423494
2,The Paddy Ocean Vacuum,33,45,paddy harvesting machine in assam,51.33,0.3333,5,1,youtube_suggest,2026-09-05 05:31:27.423494
2,The Paddy Ocean Vacuum,33,46,paddy cutting and harvesting machine,51.33,0.3333,5,1,youtube_suggest,2026-09-05 05:31:27.423494
2,The Paddy Ocean Vacuum,33,47,paddy harvesting machine in tamil,51.33,0.3333,5,1,youtube_suggest,2026-09-05 05:31:27.424492
2,The Paddy Ocean Vacuum,33,48,paddy harvesting machine in karnataka,51.33,0.3333,5,1,youtube_suggest,2026-09-05 05:31:27.424492
2,The Paddy Ocean Vacuum,33,49,paddy harvesting machine in water,51.33,0.3333,5,1,youtube_suggest,2026-09-05 05:31:27.424492
2,The Paddy Ocean Vacuum,33,50,wheat and paddy harvesting machine,51.33,0.3333,5,1,youtube_suggest,2026-09-05 05:31:27.425513
2,The Paddy Ocean Vacuum,32,51,best paddy harvesting machine in india,50.0,0.2857,6,1,youtube_suggest,2026-09-05 04:41:00.241879
2,The Paddy Ocean Vacuum,32,52,paddy harvesting machine in west bengal,50.0,0.2857,6,1,youtube_suggest,2026-09-05 04:41:00.242879
2,The Paddy Ocean Vacuum,32,53,paddy harvesting machine in india price,50.0,0.2857,6,1,youtube_suggest,2026-09-05 04:41:00.242879
2,The Paddy Ocean Vacuum,32,54,paddy harvesting machine in sri lanka,50.0,0.2857,6,1,youtube_suggest,2026-09-05 04:41:00.242879
2,The Paddy Ocean Vacuum,32,55,paddy harvesting machine price in india,50.0,0.2857,6,1,youtube_suggest,2026-09-05 04:41:00.242879
2,The Paddy Ocean Vacuum,33,56,best paddy harvesting machine in india,50.0,0.2857,6,1,youtube_suggest,2026-09-05 05:31:27.426507
2,The Paddy Ocean Vacuum,33,57,paddy harvesting machine in west bengal,50.0,0.2857,6,1,youtube_suggest,2026-09-05 05:31:27.427499
2,The Paddy Ocean Vacuum,33,58,paddy harvesting machine in india price,50.0,0.2857,6,1,youtube_suggest,2026-09-05 05:31:27.428518
2,The Paddy Ocean Vacuum,33,59,paddy harvesting machine in sri lanka,50.0,0.2857,6,1,youtube_suggest,2026-09-05 05:31:27.428518
2,The Paddy Ocean Vacuum,33,60,paddy harvesting machine price in india,50.0,0.2857,6,1,youtube_suggest,2026-09-05 05:31:27.429508
2,The Paddy Ocean Vacuum,32,61,paddy harvesting hand machine,49.33,0.3333,4,1,youtube_suggest,2026-09-05 04:41:00.243880
2,The Paddy Ocean Vacuum,32,62,best paddy harvesting machine,49.33,0.3333,4,1,youtube_suggest,2026-09-05 04:41:00.243880
2,The Paddy Ocean Vacuum,32,63,paddy harvesting chain machine,49.33,0.3333,4,1,youtube_suggest,2026-09-05 04:41:00.243880
2,The Paddy Ocean Vacuum,32,64,harvesting paddy drawing easy,49.33,0.3333,4,1,youtube_suggest,2026-09-05 04:41:00.243880
2,The Paddy Ocean Vacuum,32,65,drone paddy harvesting machine,49.33,0.3333,4,1,youtube_suggest,2026-09-05 04:41:00.244880
2,The Paddy Ocean Vacuum,32,66,paddy harvesting machine working,49.33,0.3333,4,1,youtube_suggest,2026-09-05 04:41:00.244880
2,The Paddy Ocean Vacuum,32,67,paddy harvesting machine subsidy,49.33,0.3333,4,1,youtube_suggest,2026-09-05 04:41:00.244880
2,The Paddy Ocean Vacuum,32,68,paddy harvesting machine price,49.33,0.3333,4,1,youtube_suggest,2026-09-05 04:41:00.244880
2,The Paddy Ocean Vacuum,32,69,paddy field harvesting machine,49.33,0.3333,4,1,youtube_suggest,2026-09-05 04:41:00.245882
2,The Paddy Ocean Vacuum,32,70,kubota paddy harvesting machine,49.33,0.3333,4,1,youtube_suggest,2026-09-05 04:41:00.246208
2,The Paddy Ocean Vacuum,32,71,paddy harvesting machine mini,49.33,0.3333,4,1,youtube_suggest,2026-09-05 04:41:00.246208
2,The Paddy Ocean Vacuum,32,72,paddy harvesting new machine,49.33,0.3333,4,1,youtube_suggest,2026-09-05 04:41:00.246750
2,The Paddy Ocean Vacuum,32,73,paddy harvesting machine odisha,49.33,0.3333,4,1,youtube_suggest,2026-09-05 04:41:00.246963
2,The Paddy Ocean Vacuum,32,74,rice paddy harvesting machine,49.33,0.3333,4,1,youtube_suggest,2026-09-05 04:41:00.246963
2,The Paddy Ocean Vacuum,32,75,paddy harvesting machine small,49.33,0.3333,4,1,youtube_suggest,2026-09-05 04:41:00.247503
2,The Paddy Ocean Vacuum,33,76,paddy harvesting hand machine,49.33,0.3333,4,1,youtube_suggest,2026-09-05 05:31:27.429508
2,The Paddy Ocean Vacuum,33,77,best paddy harvesting machine,49.33,0.3333,4,1,youtube_suggest,2026-09-05 05:31:27.430506
2,The Paddy Ocean Vacuum,33,78,paddy harvesting chain machine,49.33,0.3333,4,1,youtube_suggest,2026-09-05 05:31:27.430506
2,The Paddy Ocean Vacuum,33,79,harvesting paddy drawing easy,49.33,0.3333,4,1,youtube_suggest,2026-09-05 05:31:27.430506
2,The Paddy Ocean Vacuum,33,80,drone paddy harvesting machine,49.33,0.3333,4,1,youtube_suggest,2026-09-05 05:31:27.445032
2,The Paddy Ocean Vacuum,33,81,paddy harvesting machine working,49.33,0.3333,4,1,youtube_suggest,2026-09-05 05:31:27.445032
2,The Paddy Ocean Vacuum,33,82,paddy harvesting machine subsidy,49.33,0.3333,4,1,youtube_suggest,2026-09-05 05:31:27.446037
2,The Paddy Ocean Vacuum,33,83,paddy harvesting machine price,49.33,0.3333,4,1,youtube_suggest,2026-09-05 05:31:27.446037
2,The Paddy Ocean Vacuum,33,84,paddy field harvesting machine,49.33,0.3333,4,1,youtube_suggest,2026-09-05 05:31:27.447035
2,The Paddy Ocean Vacuum,33,85,kubota paddy harvesting machine,49.33,0.3333,4,1,youtube_suggest,2026-09-05 05:31:27.447035
2,The Paddy Ocean Vacuum,33,86,paddy harvesting machine mini,49.33,0.3333,4,1,youtube_suggest,2026-09-05 05:31:27.447035
2,The Paddy Ocean Vacuum,33,87,paddy harvesting new machine,49.33,0.3333,4,1,youtube_suggest,2026-09-05 05:31:27.447035
2,The Paddy Ocean Vacuum,33,88,paddy harvesting machine odisha,49.33,0.3333,4,1,youtube_suggest,2026-09-05 05:31:27.448030
2,The Paddy Ocean Vacuum,33,89,rice paddy harvesting machine,49.33,0.3333,4,1,youtube_suggest,2026-09-05 05:31:27.448030
2,The Paddy Ocean Vacuum,33,90,paddy harvesting machine small,49.33,0.3333,4,1,youtube_suggest,2026-09-05 05:31:27.448030
2,The Paddy Ocean Vacuum,32,91,paddy harvesting,45.0,0.5,2,0,youtube_suggest,2026-09-05 04:41:00.247503
2,The Paddy Ocean Vacuum,33,92,paddy harvesting,45.0,0.5,2,0,youtube_suggest,2026-09-05 05:31:27.449031
2,The Paddy Ocean Vacuum,32,93,rice harvesting machine price in india,38.75,0.125,6,1,youtube_suggest,2026-09-05 04:41:00.247503
2,The Paddy Ocean Vacuum,32,94,rice harvesting machine price in bangladesh,38.75,0.125,6,1,youtube_suggest,2026-09-05 04:41:00.247503
2,The Paddy Ocean Vacuum,32,95,rice harvesting machine price in nepal,38.75,0.125,6,1,youtube_suggest,2026-09-05 04:41:00.248506
2,The Paddy Ocean Vacuum,33,96,rice harvesting machine price in india,38.75,0.125,6,1,youtube_suggest,2026-09-05 05:31:27.449031
2,The Paddy Ocean Vacuum,33,97,rice harvesting machine price in bangladesh,38.75,0.125,6,1,youtube_suggest,2026-09-05 05:31:27.449031
2,The Paddy Ocean Vacuum,33,98,rice harvesting machine price in nepal,38.75,0.125,6,1,youtube_suggest,2026-09-05 05:31:27.450031
2,The Paddy Ocean Vacuum,32,99,paddy harvester in andhra pradesh,38.0,0.1429,5,1,youtube_suggest,2026-09-05 04:41:00.248506
2,The Paddy Ocean Vacuum,32,100,paddy crop disease and control,38.0,0.1429,5,1,youtube_suggest,2026-09-05 04:41:00.248506
2,The Paddy Ocean Vacuum,32,101,paddy crop diseases in telugu,38.0,0.1429,5,1,youtube_suggest,2026-09-05 04:41:00.248506
2,The Paddy Ocean Vacuum,32,102,rice harvesting machine in maharashtra,38.0,0.1429,5,1,youtube_suggest,2026-09-05 04:41:00.249507
2,The Paddy Ocean Vacuum,32,103,rice harvesting machine in nepal,38.0,0.1429,5,1,youtube_suggest,2026-09-05 04:41:00.249507
2,The Paddy Ocean Vacuum,32,104,paddy cultivation machine in telugu,38.0,0.1429,5,1,youtube_suggest,2026-09-05 04:41:00.249507
2,The Paddy Ocean Vacuum,32,105,rice harvesting machine in tamilnadu,38.0,0.1429,5,1,youtube_suggest,2026-09-05 04:41:00.250508
2,The Paddy Ocean Vacuum,32,106,paddy cultivation machine in tamil,38.0,0.1429,5,1,youtube_suggest,2026-09-05 04:41:00.250508
2,The Paddy Ocean Vacuum,32,107,rice harvesting machine in telugu,38.0,0.1429,5,1,youtube_suggest,2026-09-05 04:41:00.250508
2,The Paddy Ocean Vacuum,33,108,paddy harvester in andhra pradesh,38.0,0.1429,5,1,youtube_suggest,2026-09-05 05:31:27.450031
2,The Paddy Ocean Vacuum,33,109,paddy crop disease and control,38.0,0.1429,5,1,youtube_suggest,2026-09-05 05:31:27.450031
2,The Paddy Ocean Vacuum,33,110,paddy crop diseases in telugu,38.0,0.1429,5,1,youtube_suggest,2026-09-05 05:31:27.450031
2,The Paddy Ocean Vacuum,33,111,rice harvesting machine in maharashtra,38.0,0.1429,5,1,youtube_suggest,2026-09-05 05:31:27.451031
2,The Paddy Ocean Vacuum,33,112,rice harvesting machine in nepal,38.0,0.1429,5,1,youtube_suggest,2026-09-05 05:31:27.451031
2,The Paddy Ocean Vacuum,33,113,paddy cultivation machine in telugu,38.0,0.1429,5,1,youtube_suggest,2026-09-05 05:31:27.451031
2,The Paddy Ocean Vacuum,33,114,rice harvesting machine in tamilnadu,38.0,0.1429,5,1,youtube_suggest,2026-09-05 05:31:27.452033
2,The Paddy Ocean Vacuum,33,115,paddy cultivation machine in tamil,38.0,0.1429,5,1,youtube_suggest,2026-09-05 05:31:27.452033
2,The Paddy Ocean Vacuum,33,116,rice harvesting machine in telugu,38.0,0.1429,5,1,youtube_suggest,2026-09-05 05:31:27.452033
2,The Paddy Ocean Vacuum,32,117,harvesting rice and picking fruit(rambutan) farming,37.78,0.1111,6,1,youtube_suggest,2026-09-05 04:41:00.250508
2,The Paddy Ocean Vacuum,32,118,mini paddy harvester machine price in india,37.78,0.1111,7,1,youtube_suggest,2026-09-05 04:41:00.251507
2,The Paddy Ocean Vacuum,33,119,harvesting rice and picking fruit(rambutan) farming,37.78,0.1111,6,1,youtube_suggest,2026-09-05 05:31:27.452033
2,The Paddy Ocean Vacuum,33,120,mini paddy harvester machine price in india,37.78,0.1111,7,1,youtube_suggest,2026-09-05 05:31:27.453031
3,Rice-Field Spider Colossus,48,1,paddy field harvesting machine,56.0,0.4286,4,1,youtube_suggest,2026-09-09 10:35:18.131808
3,Rice-Field Spider Colossus,48,2,rice paddy harvesting machine,56.0,0.4286,4,1,youtube_suggest,2026-09-09 10:35:18.131808
3,Rice-Field Spider Colossus,48,3,paddy harvesting in china,46.0,0.2857,4,1,youtube_suggest,2026-09-09 10:35:18.132496
3,Rice-Field Spider Colossus,48,4,paddy harvesting in japan,46.0,0.2857,4,1,youtube_suggest,2026-09-09 10:35:18.132496
3,Rice-Field Spider Colossus,48,5,rice harvesting and processing,46.0,0.2857,4,1,youtube_suggest,2026-09-09 10:35:18.133024
3,Rice-Field Spider Colossus,48,6,harvesting rice at home,46.0,0.2857,4,1,youtube_suggest,2026-09-09 10:35:18.133024
3,Rice-Field Spider Colossus,48,7,paddy harvesting by hand,46.0,0.2857,4,1,youtube_suggest,2026-09-09 10:35:18.133024
3,Rice-Field Spider Colossus,48,8,rice harvesting by hand,46.0,0.2857,4,1,youtube_suggest,2026-09-09 10:35:18.133024
3,Rice-Field Spider Colossus,48,9,paddy harvesting machine in india price,45.56,0.2222,6,1,youtube_suggest,2026-09-09 10:35:18.134018
3,Rice-Field Spider Colossus,48,10,paddy harvesting machine in west bengal,45.56,0.2222,6,1,youtube_suggest,2026-09-09 10:35:18.134018
3,Rice-Field Spider Colossus,48,11,best paddy harvesting machine in india,45.56,0.2222,6,1,youtube_suggest,2026-09-09 10:35:18.134018
3,Rice-Field Spider Colossus,48,12,paddy harvesting machine in sri lanka,45.56,0.2222,6,1,youtube_suggest,2026-09-09 10:35:18.134018
3,Rice-Field Spider Colossus,48,13,paddy harvesting machine price in india,45.56,0.2222,6,1,youtube_suggest,2026-09-09 10:35:18.135017
3,Rice-Field Spider Colossus,48,14,rice harvesting machine price in india,45.56,0.2222,6,1,youtube_suggest,2026-09-09 10:35:18.135017
3,Rice-Field Spider Colossus,48,15,rice harvesting machine price in bangladesh,45.56,0.2222,6,1,youtube_suggest,2026-09-09 10:35:18.135017
3,Rice-Field Spider Colossus,48,16,rice harvesting machine price in nepal,45.56,0.2222,6,1,youtube_suggest,2026-09-09 10:35:18.136023
3,Rice-Field Spider Colossus,48,17,paddy harvesting machines in agriculture,45.5,0.25,5,1,youtube_suggest,2026-09-09 10:35:18.136023
3,Rice-Field Spider Colossus,48,18,paddy harvesting machine in japan,45.5,0.25,5,1,youtube_suggest,2026-09-09 10:35:18.136023
3,Rice-Field Spider Colossus,48,19,paddy harvesting machine in india,45.5,0.25,5,1,youtube_suggest,2026-09-09 10:35:18.137027
3,Rice-Field Spider Colossus,48,20,paddy harvesting machine in manipur,45.5,0.25,5,1,youtube_suggest,2026-09-09 10:35:18.137027
3,Rice-Field Spider Colossus,48,21,paddy harvesting machine in odisha,45.5,0.25,5,1,youtube_suggest,2026-09-09 10:35:18.138022
3,Rice-Field Spider Colossus,48,22,paddy harvesting machine in assam,45.5,0.25,5,1,youtube_suggest,2026-09-09 10:35:18.138022
3,Rice-Field Spider Colossus,48,23,paddy cutting and harvesting machine,45.5,0.25,5,1,youtube_suggest,2026-09-09 10:35:18.138022
3,Rice-Field Spider Colossus,48,24,paddy harvesting machine in tamil,45.5,0.25,5,1,youtube_suggest,2026-09-09 10:35:18.139024
3,Rice-Field Spider Colossus,48,25,paddy harvesting machine in karnataka,45.5,0.25,5,1,youtube_suggest,2026-09-09 10:35:18.139024
3,Rice-Field Spider Colossus,48,26,paddy harvesting machine in water,45.5,0.25,5,1,youtube_suggest,2026-09-09 10:35:18.140027
3,Rice-Field Spider Colossus,48,27,rice harvesting machine in maharashtra,45.5,0.25,5,1,youtube_suggest,2026-09-09 10:35:18.140027
3,Rice-Field Spider Colossus,48,28,rice harvesting machine in nepal,45.5,0.25,5,1,youtube_suggest,2026-09-09 10:35:18.141027
3,Rice-Field Spider Colossus,48,29,rice harvesting machine in tamilnadu,45.5,0.25,5,1,youtube_suggest,2026-09-09 10:35:18.141027
3,Rice-Field Spider Colossus,48,30,rice harvesting machine in telugu,45.5,0.25,5,1,youtube_suggest,2026-09-09 10:35:18.142028
3,Rice-Field Spider Colossus,48,31,wheat and paddy harvesting machine,45.5,0.25,5,1,youtube_suggest,2026-09-09 10:35:18.143027
3,Rice-Field Spider Colossus,48,32,paddy harvesting by brush cutter,45.5,0.25,5,1,youtube_suggest,2026-09-09 10:35:18.143027
3,Rice-Field Spider Colossus,48,33,paddy harvesting in west bengal,45.5,0.25,5,1,youtube_suggest,2026-09-09 10:35:18.143027
3,Rice-Field Spider Colossus,48,34,paddy harvesting machine,44.0,0.2857,3,1,youtube_suggest,2026-09-09 10:35:18.144025
3,Rice-Field Spider Colossus,48,35,paddy harvesting drawing,44.0,0.2857,3,1,youtube_suggest,2026-09-09 10:35:18.144025
3,Rice-Field Spider Colossus,48,36,paddy harvesting time,44.0,0.2857,3,1,youtube_suggest,2026-09-09 10:35:18.145022
3,Rice-Field Spider Colossus,48,37,paddy harvesting videos,44.0,0.2857,3,1,youtube_suggest,2026-09-09 10:35:18.145022
3,Rice-Field Spider Colossus,48,38,paddy harvesting tractor,44.0,0.2857,3,1,youtube_suggest,2026-09-09 10:35:18.146031
3,Rice-Field Spider Colossus,48,39,rice harvesting australia,44.0,0.2857,3,1,youtube_suggest,2026-09-09 10:35:18.146031
3,Rice-Field Spider Colossus,48,40,rice harvesting asia,44.0,0.2857,3,1,youtube_suggest,2026-09-09 10:35:18.147034
3,Rice-Field Spider Colossus,48,41,harvesting rice and picking fruit(rambutan) farming,44.0,0.2,6,1,youtube_suggest,2026-09-09 10:35:18.147034
3,Rice-Field Spider Colossus,48,42,after paddy harvesting,44.0,0.2857,3,1,youtube_suggest,2026-09-09 10:35:18.148023
3,Rice-Field Spider Colossus,48,43,rice harvesting china,44.0,0.2857,3,1,youtube_suggest,2026-09-09 10:35:18.149031
3,Rice-Field Spider Colossus,48,44,paddy crop harvesting,44.0,0.2857,3,1,youtube_suggest,2026-09-09 10:35:18.150033
3,Rice-Field Spider Colossus,48,45,rice harvesting combine,44.0,0.2857,3,1,youtube_suggest,2026-09-09 10:35:18.151033
3,Rice-Field Spider Colossus,48,46,paddy harvesting drone,44.0,0.2857,3,1,youtube_suggest,2026-09-09 10:35:18.152034
3,Rice-Field Spider Colossus,48,47,rice harvesting drawing,44.0,0.2857,3,1,youtube_suggest,2026-09-09 10:35:18.153033
3,Rice-Field Spider Colossus,48,48,harvesting paddy fields,44.0,0.2857,3,1,youtube_suggest,2026-09-09 10:35:18.154032
3,Rice-Field Spider Colossus,48,49,rice harvesting fs25,44.0,0.2857,3,1,youtube_suggest,2026-09-09 10:35:18.154032
3,Rice-Field Spider Colossus,48,50,rice farming harvesting,44.0,0.2857,3,1,youtube_suggest,2026-09-09 10:35:18.155049
3,Rice-Field Spider Colossus,48,51,mini rice harvesting machine price,43.56,0.2222,5,1,youtube_suggest,2026-09-09 10:35:18.155049
3,Rice-Field Spider Colossus,48,52,paddy crop field monitoring system,43.56,0.2222,5,1,youtube_suggest,2026-09-09 10:35:18.156086
3,Rice-Field Spider Colossus,48,53,paddy harvesting machine working,43.5,0.25,4,1,youtube_suggest,2026-09-09 10:35:18.156086
3,Rice-Field Spider Colossus,48,54,paddy harvesting machine subsidy,43.5,0.25,4,1,youtube_suggest,2026-09-09 10:35:18.157056
3,Rice-Field Spider Colossus,48,55,paddy harvesting machine price,43.5,0.25,4,1,youtube_suggest,2026-09-09 10:35:18.158037
3,Rice-Field Spider Colossus,48,56,rice harvesting machine assam,43.5,0.25,4,1,youtube_suggest,2026-09-09 10:35:18.158037
3,Rice-Field Spider Colossus,48,57,best paddy harvesting machine,43.5,0.25,4,1,youtube_suggest,2026-09-09 10:35:18.159027
3,Rice-Field Spider Colossus,48,58,paddy harvesting chain machine,43.5,0.25,4,1,youtube_suggest,2026-09-09 10:35:18.159027
3,Rice-Field Spider Colossus,48,59,rice harvesting cutting machine,43.5,0.25,4,1,youtube_suggest,2026-09-09 10:35:18.159027
3,Rice-Field Spider Colossus,48,60,drone paddy harvesting machine,43.5,0.25,4,1,youtube_suggest,2026-09-09 10:35:18.160021
4,The Monsoon Harvesting Ark,54,1,paddy harvesting video,59.0,0.5,3,1,youtube_suggest,2026-09-12 18:50:08.281787
4,The Monsoon Harvesting Ark,54,2,paddy harvesting in water,54.0,0.4,4,1,youtube_suggest,2026-09-12 18:50:08.282416
4,The Monsoon Harvesting Ark,54,3,paddy harvesting by hand,54.0,0.4,4,1,youtube_suggest,2026-09-12 18:50:08.282659
4,The Monsoon Harvesting Ark,54,4,paddy harvesting in china,54.0,0.4,4,1,youtube_suggest,2026-09-12 18:50:08.282994
4,The Monsoon Harvesting Ark,54,5,paddy harvesting machine,52.0,0.4,3,1,youtube_suggest,2026-09-12 18:50:08.283464
4,The Monsoon Harvesting Ark,54,6,paddy harvesting tractor,52.0,0.4,3,1,youtube_suggest,2026-09-12 18:50:08.283677
4,The Monsoon Harvesting Ark,54,7,paddy harvesting telugu,52.0,0.4,3,1,youtube_suggest,2026-09-12 18:50:08.283882
4,The Monsoon Harvesting Ark,54,8,paddy harvesting kerala,52.0,0.4,3,1,youtube_suggest,2026-09-12 18:50:08.284075
4,The Monsoon Harvesting Ark,54,9,after paddy harvesting,52.0,0.4,3,1,youtube_suggest,2026-09-12 18:50:08.284256
4,The Monsoon Harvesting Ark,54,10,paddy crop harvesting,52.0,0.4,3,1,youtube_suggest,2026-09-12 18:50:08.284476
4,The Monsoon Harvesting Ark,54,11,paddy harvesting drawing,52.0,0.4,3,1,youtube_suggest,2026-09-12 18:50:08.288992
4,The Monsoon Harvesting Ark,54,12,paddy harvesting drone,52.0,0.4,3,1,youtube_suggest,2026-09-12 18:50:08.289292
4,The Monsoon Harvesting Ark,54,13,harvesting paddy fields,52.0,0.4,3,1,youtube_suggest,2026-09-12 18:50:08.289486
4,The Monsoon Harvesting Ark,54,14,paddy harvesting machine in japan,51.33,0.3333,5,1,youtube_suggest,2026-09-12 18:50:08.289691
4,The Monsoon Harvesting Ark,54,15,paddy harvesting machine in india,51.33,0.3333,5,1,youtube_suggest,2026-09-12 18:50:08.289889
4,The Monsoon Harvesting Ark,54,16,paddy harvesting machines in agriculture,51.33,0.3333,5,1,youtube_suggest,2026-09-12 18:50:08.290081
4,The Monsoon Harvesting Ark,54,17,paddy harvesting machine in manipur,51.33,0.3333,5,1,youtube_suggest,2026-09-12 18:50:08.290262
4,The Monsoon Harvesting Ark,54,18,paddy harvesting machine in odisha,51.33,0.3333,5,1,youtube_suggest,2026-09-12 18:50:08.290468
4,The Monsoon Harvesting Ark,54,19,paddy harvesting machine in assam,51.33,0.3333,5,1,youtube_suggest,2026-09-12 18:50:08.290668
4,The Monsoon Harvesting Ark,54,20,paddy cutting and harvesting machine,51.33,0.3333,5,1,youtube_suggest,2026-09-12 18:50:08.290864
4,The Monsoon Harvesting Ark,54,21,paddy harvesting machine in tamil,51.33,0.3333,5,1,youtube_suggest,2026-09-12 18:50:08.291107
4,The Monsoon Harvesting Ark,54,22,paddy harvesting machine in karnataka,51.33,0.3333,5,1,youtube_suggest,2026-09-12 18:50:08.291310
4,The Monsoon Harvesting Ark,54,23,paddy harvesting machine in water,51.33,0.3333,5,1,youtube_suggest,2026-09-12 18:50:08.291503
4,The Monsoon Harvesting Ark,54,24,wheat and paddy harvesting machine,51.33,0.3333,5,1,youtube_suggest,2026-09-12 18:50:08.291723
4,The Monsoon Harvesting Ark,54,25,paddy harvesting by brush cutter,51.33,0.3333,5,1,youtube_suggest,2026-09-12 18:50:08.291996
4,The Monsoon Harvesting Ark,54,26,paddy harvesting in west bengal,51.33,0.3333,5,1,youtube_suggest,2026-09-12 18:50:08.292200
4,The Monsoon Harvesting Ark,54,27,paddy harvesting machine in india price,50.0,0.2857,6,1,youtube_suggest,2026-09-12 18:50:08.292384
4,The Monsoon Harvesting Ark,54,28,paddy harvesting machine in west bengal,50.0,0.2857,6,1,youtube_suggest,2026-09-12 18:50:08.295133
4,The Monsoon Harvesting Ark,54,29,best paddy harvesting machine in india,50.0,0.2857,6,1,youtube_suggest,2026-09-12 18:50:08.295380
4,The Monsoon Harvesting Ark,54,30,paddy harvesting machine in sri lanka,50.0,0.2857,6,1,youtube_suggest,2026-09-12 18:50:08.295595
4,The Monsoon Harvesting Ark,54,31,paddy harvesting machine price in india,50.0,0.2857,6,1,youtube_suggest,2026-09-12 18:50:08.295783
4,The Monsoon Harvesting Ark,54,32,paddy harvesting machine subsidy,49.33,0.3333,4,1,youtube_suggest,2026-09-12 18:50:08.295997
4,The Monsoon Harvesting Ark,54,33,paddy harvesting machine price,49.33,0.3333,4,1,youtube_suggest,2026-09-12 18:50:08.297123
4,The Monsoon Harvesting Ark,54,34,paddy harvesting machine working,49.33,0.3333,4,1,youtube_suggest,2026-09-12 18:50:08.297418
4,The Monsoon Harvesting Ark,54,35,best paddy harvesting machine,49.33,0.3333,4,1,youtube_suggest,2026-09-12 18:50:08.297651
4,The Monsoon Harvesting Ark,54,36,paddy harvesting chain machine,49.33,0.3333,4,1,youtube_suggest,2026-09-12 18:50:08.297853
4,The Monsoon Harvesting Ark,54,37,drone paddy harvesting machine,49.33,0.3333,4,1,youtube_suggest,2026-09-12 18:50:08.298054
4,The Monsoon Harvesting Ark,54,38,paddy field harvesting machine,49.33,0.3333,4,1,youtube_suggest,2026-09-12 18:50:08.298314
4,The Monsoon Harvesting Ark,54,39,paddy harvesting hand machine,49.33,0.3333,4,1,youtube_suggest,2026-09-12 18:50:08.298524
4,The Monsoon Harvesting Ark,54,40,kubota paddy harvesting machine,49.33,0.3333,4,1,youtube_suggest,2026-09-12 18:50:08.298782
4,The Monsoon Harvesting Ark,54,41,paddy harvesting machine mini,49.33,0.3333,4,1,youtube_suggest,2026-09-12 18:50:08.298977
4,The Monsoon Harvesting Ark,54,42,paddy harvesting new machine,49.33,0.3333,4,1,youtube_suggest,2026-09-12 18:50:08.299183
4,The Monsoon Harvesting Ark,54,43,paddy harvesting machine odisha,49.33,0.3333,4,1,youtube_suggest,2026-09-12 18:50:08.303700
4,The Monsoon Harvesting Ark,54,44,rice paddy harvesting machine,49.33,0.3333,4,1,youtube_suggest,2026-09-12 18:50:08.304041
4,The Monsoon Harvesting Ark,54,45,paddy harvesting machine small,49.33,0.3333,4,1,youtube_suggest,2026-09-12 18:50:08.304232
4,The Monsoon Harvesting Ark,54,46,harvesting paddy drawing easy,49.33,0.3333,4,1,youtube_suggest,2026-09-12 18:50:08.304387
4,The Monsoon Harvesting Ark,54,47,paddy harvesting,45.0,0.5,2,0,youtube_suggest,2026-09-12 18:50:08.304525
4,The Monsoon Harvesting Ark,54,48,how the monsoon happens,40.0,0.2,4,1,youtube_suggest,2026-09-12 18:50:08.304832
4,The Monsoon Harvesting Ark,54,49,taming the biggest creature in ark,40.0,0.1429,6,1,youtube_suggest,2026-09-12 18:50:08.308856
4,The Monsoon Harvesting Ark,54,50,the biggest creature in ark,39.67,0.1667,5,1,youtube_suggest,2026-09-12 18:50:08.309142
4,The Monsoon Harvesting Ark,54,51,rice harvesting machine price in india,38.75,0.125,6,1,youtube_suggest,2026-09-12 18:50:08.309359
4,The Monsoon Harvesting Ark,54,52,rice harvesting machine price in bangladesh,38.75,0.125,6,1,youtube_suggest,2026-09-12 18:50:08.309583
4,The Monsoon Harvesting Ark,54,53,rice harvesting machine price in nepal,38.75,0.125,6,1,youtube_suggest,2026-09-12 18:50:08.309775
4,The Monsoon Harvesting Ark,54,54,rice harvesting machine in maharashtra,38.0,0.1429,5,1,youtube_suggest,2026-09-12 18:50:08.309999
4,The Monsoon Harvesting Ark,54,55,rice harvesting machine in nepal,38.0,0.1429,5,1,youtube_suggest,2026-09-12 18:50:08.310180
4,The Monsoon Harvesting Ark,54,56,paddy cultivation machine in telugu,38.0,0.1429,5,1,youtube_suggest,2026-09-12 18:50:08.310359
4,The Monsoon Harvesting Ark,54,57,rice harvesting machine in tamilnadu,38.0,0.1429,5,1,youtube_suggest,2026-09-12 18:50:08.310560
4,The Monsoon Harvesting Ark,54,58,paddy cultivation machine in tamil,38.0,0.1429,5,1,youtube_suggest,2026-09-12 18:50:08.310764
4,The Monsoon Harvesting Ark,54,59,rice harvesting machine in telugu,38.0,0.1429,5,1,youtube_suggest,2026-09-12 18:50:08.310993
4,The Monsoon Harvesting Ark,54,60,the monsoon bowl,38.0,0.2,3,1,youtube_suggest,2026-09-12 18:50:08.311183
5,Paddy Ring Megaharvester,56,1,paddy harvesting video,59.0,0.5,3,1,youtube_suggest,2026-09-12 18:55:27.915542
5,Paddy Ring Megaharvester,56,2,paddy harvesting in water,54.0,0.4,4,1,youtube_suggest,2026-09-12 18:55:27.915900
5,Paddy Ring Megaharvester,56,3,paddy harvesting by hand,54.0,0.4,4,1,youtube_suggest,2026-09-12 18:55:27.916064
5,Paddy Ring Megaharvester,56,4,paddy harvesting in china,54.0,0.4,4,1,youtube_suggest,2026-09-12 18:55:27.916238
5,Paddy Ring Megaharvester,56,5,paddy ring walk,52.0,0.4,3,1,youtube_suggest,2026-09-12 18:55:27.916413
5,Paddy Ring Megaharvester,56,6,paddy pimblett ring,52.0,0.4,3,1,youtube_suggest,2026-09-12 18:55:27.918029
5,Paddy Ring Megaharvester,56,7,paddy harvesting telugu,52.0,0.4,3,1,youtube_suggest,2026-09-12 18:55:27.918202
5,Paddy Ring Megaharvester,56,8,paddy harvesting kerala,52.0,0.4,3,1,youtube_suggest,2026-09-12 18:55:27.918342
5,Paddy Ring Megaharvester,56,9,paddy harvesting tractor,52.0,0.4,3,1,youtube_suggest,2026-09-12 18:55:27.918486
5,Paddy Ring Megaharvester,56,10,after paddy harvesting,52.0,0.4,3,1,youtube_suggest,2026-09-12 18:55:27.918630
5,Paddy Ring Megaharvester,56,11,paddy crop harvesting,52.0,0.4,3,1,youtube_suggest,2026-09-12 18:55:27.918759
5,Paddy Ring Megaharvester,56,12,paddy harvesting drawing,52.0,0.4,3,1,youtube_suggest,2026-09-12 18:55:27.918942
5,Paddy Ring Megaharvester,56,13,paddy harvesting drone,52.0,0.4,3,1,youtube_suggest,2026-09-12 18:55:27.919091
5,Paddy Ring Megaharvester,56,14,paddy harvesting machine,52.0,0.4,3,1,youtube_suggest,2026-09-12 18:55:27.919221
5,Paddy Ring Megaharvester,56,15,harvesting paddy fields,52.0,0.4,3,1,youtube_suggest,2026-09-12 18:55:27.919531
5,Paddy Ring Megaharvester,56,16,paddy harvesting machine in japan,51.33,0.3333,5,1,youtube_suggest,2026-09-12 18:55:27.919665
5,Paddy Ring Megaharvester,56,17,paddy harvesting machine in india,51.33,0.3333,5,1,youtube_suggest,2026-09-12 18:55:27.919811
5,Paddy Ring Megaharvester,56,18,paddy harvesting by brush cutter,51.33,0.3333,5,1,youtube_suggest,2026-09-12 18:55:27.919941
5,Paddy Ring Megaharvester,56,19,paddy harvesting in west bengal,51.33,0.3333,5,1,youtube_suggest,2026-09-12 18:55:27.920069
5,Paddy Ring Megaharvester,56,20,paddy harvesting machines in agriculture,51.33,0.3333,5,1,youtube_suggest,2026-09-12 18:55:27.920215
5,Paddy Ring Megaharvester,56,21,paddy harvesting machine in manipur,51.33,0.3333,5,1,youtube_suggest,2026-09-12 18:55:27.920354
5,Paddy Ring Megaharvester,56,22,paddy harvesting machine in odisha,51.33,0.3333,5,1,youtube_suggest,2026-09-12 18:55:27.920500
5,Paddy Ring Megaharvester,56,23,paddy harvesting machine in assam,51.33,0.3333,5,1,youtube_suggest,2026-09-12 18:55:27.924946
5,Paddy Ring Megaharvester,56,24,paddy cutting and harvesting machine,51.33,0.3333,5,1,youtube_suggest,2026-09-12 18:55:27.925299
5,Paddy Ring Megaharvester,56,25,paddy harvesting machine in tamil,51.33,0.3333,5,1,youtube_suggest,2026-09-12 18:55:27.925501
5,Paddy Ring Megaharvester,56,26,paddy harvesting machine in karnataka,51.33,0.3333,5,1,youtube_suggest,2026-09-12 18:55:27.925658
5,Paddy Ring Megaharvester,56,27,paddy harvesting machine in water,51.33,0.3333,5,1,youtube_suggest,2026-09-12 18:55:27.925811
5,Paddy Ring Megaharvester,56,28,wheat and paddy harvesting machine,51.33,0.3333,5,1,youtube_suggest,2026-09-12 18:55:27.925975
5,Paddy Ring Megaharvester,56,29,paddy harvesting machine in india price,50.0,0.2857,6,1,youtube_suggest,2026-09-12 18:55:27.926124
5,Paddy Ring Megaharvester,56,30,best paddy harvesting machine in india,50.0,0.2857,6,1,youtube_suggest,2026-09-12 18:55:27.926280
5,Paddy Ring Megaharvester,56,31,paddy harvesting machine in west bengal,50.0,0.2857,6,1,youtube_suggest,2026-09-12 18:55:27.926590
5,Paddy Ring Megaharvester,56,32,paddy harvesting machine in sri lanka,50.0,0.2857,6,1,youtube_suggest,2026-09-12 18:55:27.926744
5,Paddy Ring Megaharvester,56,33,paddy harvesting machine price in india,50.0,0.2857,6,1,youtube_suggest,2026-09-12 18:55:27.928242
5,Paddy Ring Megaharvester,56,34,paddy harvesting machine subsidy,49.33,0.3333,4,1,youtube_suggest,2026-09-12 18:55:27.928609
5,Paddy Ring Megaharvester,56,35,best paddy harvesting machine,49.33,0.3333,4,1,youtube_suggest,2026-09-12 18:55:27.928807
5,Paddy Ring Megaharvester,56,36,paddy harvesting chain machine,49.33,0.3333,4,1,youtube_suggest,2026-09-12 18:55:27.928959
5,Paddy Ring Megaharvester,56,37,harvesting paddy drawing easy,49.33,0.3333,4,1,youtube_suggest,2026-09-12 18:55:27.929108
5,Paddy Ring Megaharvester,56,38,drone paddy harvesting machine,49.33,0.3333,4,1,youtube_suggest,2026-09-12 18:55:27.929401
5,Paddy Ring Megaharvester,56,39,paddy harvesting machine price,49.33,0.3333,4,1,youtube_suggest,2026-09-12 18:55:27.929592
5,Paddy Ring Megaharvester,56,40,paddy harvesting machine working,49.33,0.3333,4,1,youtube_suggest,2026-09-12 18:55:27.929739
5,Paddy Ring Megaharvester,56,41,paddy field harvesting machine,49.33,0.3333,4,1,youtube_suggest,2026-09-12 18:55:27.929883
5,Paddy Ring Megaharvester,56,42,paddy harvesting hand machine,49.33,0.3333,4,1,youtube_suggest,2026-09-12 18:55:27.930029
5,Paddy Ring Megaharvester,56,43,kubota paddy harvesting machine,49.33,0.3333,4,1,youtube_suggest,2026-09-12 18:55:27.930185
5,Paddy Ring Megaharvester,56,44,paddy harvesting machine mini,49.33,0.3333,4,1,youtube_suggest,2026-09-12 18:55:27.930334
5,Paddy Ring Megaharvester,56,45,paddy harvesting new machine,49.33,0.3333,4,1,youtube_suggest,2026-09-12 18:55:27.930503
5,Paddy Ring Megaharvester,56,46,paddy harvesting machine odisha,49.33,0.3333,4,1,youtube_suggest,2026-09-12 18:55:27.930661
5,Paddy Ring Megaharvester,56,47,rice paddy harvesting machine,49.33,0.3333,4,1,youtube_suggest,2026-09-12 18:55:27.930991
5,Paddy Ring Megaharvester,56,48,paddy harvesting machine small,49.33,0.3333,4,1,youtube_suggest,2026-09-12 18:55:27.931152
5,Paddy Ring Megaharvester,56,49,paddy ring,45.0,0.5,2,0,youtube_suggest,2026-09-12 18:55:27.931305
5,Paddy Ring Megaharvester,56,50,paddy harvesting,45.0,0.5,2,0,youtube_suggest,2026-09-12 18:55:27.931478
5,Paddy Ring Megaharvester,56,51,rice harvesting machine price in india,38.75,0.125,6,1,youtube_suggest,2026-09-12 18:55:27.931634
5,Paddy Ring Megaharvester,56,52,rice harvesting machine price in bangladesh,38.75,0.125,6,1,youtube_suggest,2026-09-12 18:55:27.931784
5,Paddy Ring Megaharvester,56,53,rice harvesting machine price in nepal,38.75,0.125,6,1,youtube_suggest,2026-09-12 18:55:27.931941
5,Paddy Ring Megaharvester,56,54,paddy harvester in andhra pradesh,38.0,0.1429,5,1,youtube_suggest,2026-09-12 18:55:27.932091
5,Paddy Ring Megaharvester,56,55,paddy crop disease and control,38.0,0.1429,5,1,youtube_suggest,2026-09-12 18:55:27.932435
5,Paddy Ring Megaharvester,56,56,paddy crop diseases in telugu,38.0,0.1429,5,1,youtube_suggest,2026-09-12 18:55:27.936947
5,Paddy Ring Megaharvester,56,57,rice harvesting machine in maharashtra,38.0,0.1429,5,1,youtube_suggest,2026-09-12 18:55:27.937220
5,Paddy Ring Megaharvester,56,58,rice harvesting machine in nepal,38.0,0.1429,5,1,youtube_suggest,2026-09-12 18:55:27.937390
5,Paddy Ring Megaharvester,56,59,paddy cultivation machine in telugu,38.0,0.1429,5,1,youtube_suggest,2026-09-12 18:55:27.937571
5,Paddy Ring Megaharvester,56,60,rice harvesting machine in tamilnadu,38.0,0.1429,5,1,youtube_suggest,2026-09-12 18:55:27.937712
6,Sky Reaper Rice Fortress,57,1,rice paddy harvesting machine,56.0,0.4286,4,1,youtube_suggest,2026-09-12 18:56:49.132783
6,Sky Reaper Rice Fortress,57,2,sky fortress ro,47.33,0.3333,3,1,youtube_suggest,2026-09-12 18:56:49.133180
6,Sky Reaper Rice Fortress,57,3,sky fortress 2,47.33,0.3333,3,1,youtube_suggest,2026-09-12 18:56:49.133363
6,Sky Reaper Rice Fortress,57,4,paddy harvesting video,47.33,0.3333,3,1,youtube_suggest,2026-09-12 18:56:49.133551
6,Sky Reaper Rice Fortress,57,5,paddy harvesting in water,46.0,0.2857,4,1,youtube_suggest,2026-09-12 18:56:49.133898
6,Sky Reaper Rice Fortress,57,6,rice harvesting and processing,46.0,0.2857,4,1,youtube_suggest,2026-09-12 18:56:49.134071
6,Sky Reaper Rice Fortress,57,7,harvesting rice at home,46.0,0.2857,4,1,youtube_suggest,2026-09-12 18:56:49.134235
6,Sky Reaper Rice Fortress,57,8,paddy harvesting by hand,46.0,0.2857,4,1,youtube_suggest,2026-09-12 18:56:49.134413
6,Sky Reaper Rice Fortress,57,9,rice harvesting by hand,46.0,0.2857,4,1,youtube_suggest,2026-09-12 18:56:49.134568
6,Sky Reaper Rice Fortress,57,10,paddy harvesting in china,46.0,0.2857,4,1,youtube_suggest,2026-09-12 18:56:49.134719
6,Sky Reaper Rice Fortress,57,11,paddy harvesting machine in india price,45.56,0.2222,6,1,youtube_suggest,2026-09-12 18:56:49.134869
6,Sky Reaper Rice Fortress,57,12,paddy harvesting machine in west bengal,45.56,0.2222,6,1,youtube_suggest,2026-09-12 18:56:49.135025
6,Sky Reaper Rice Fortress,57,13,best paddy harvesting machine in india,45.56,0.2222,6,1,youtube_suggest,2026-09-12 18:56:49.135187
6,Sky Reaper Rice Fortress,57,14,paddy harvesting machine in sri lanka,45.56,0.2222,6,1,youtube_suggest,2026-09-12 18:56:49.135347
6,Sky Reaper Rice Fortress,57,15,paddy harvesting machine price in india,45.56,0.2222,6,1,youtube_suggest,2026-09-12 18:56:49.135509
6,Sky Reaper Rice Fortress,57,16,rice harvesting machine price in india,45.56,0.2222,6,1,youtube_suggest,2026-09-12 18:56:49.135657
6,Sky Reaper Rice Fortress,57,17,rice harvesting machine price in bangladesh,45.56,0.2222,6,1,youtube_suggest,2026-09-12 18:56:49.135833
6,Sky Reaper Rice Fortress,57,18,rice harvesting machine price in nepal,45.56,0.2222,6,1,youtube_suggest,2026-09-12 18:56:49.140607
6,Sky Reaper Rice Fortress,57,19,paddy harvesting machine in japan,45.5,0.25,5,1,youtube_suggest,2026-09-12 18:56:49.141051
6,Sky Reaper Rice Fortress,57,20,paddy harvesting machine in india,45.5,0.25,5,1,youtube_suggest,2026-09-12 18:56:49.141298
6,Sky Reaper Rice Fortress,57,21,paddy harvesting machines in agriculture,45.5,0.25,5,1,youtube_suggest,2026-09-12 18:56:49.141522
6,Sky Reaper Rice Fortress,57,22,paddy harvesting machine in manipur,45.5,0.25,5,1,youtube_suggest,2026-09-12 18:56:49.141715
6,Sky Reaper Rice Fortress,57,23,paddy harvesting machine in odisha,45.5,0.25,5,1,youtube_suggest,2026-09-12 18:56:49.141914
6,Sky Reaper Rice Fortress,57,24,paddy harvesting machine in assam,45.5,0.25,5,1,youtube_suggest,2026-09-12 18:56:49.142118
6,Sky Reaper Rice Fortress,57,25,paddy cutting and harvesting machine,45.5,0.25,5,1,youtube_suggest,2026-09-12 18:56:49.142302
6,Sky Reaper Rice Fortress,57,26,paddy harvesting machine in tamil,45.5,0.25,5,1,youtube_suggest,2026-09-12 18:56:49.142497
6,Sky Reaper Rice Fortress,57,27,paddy harvesting machine in karnataka,45.5,0.25,5,1,youtube_suggest,2026-09-12 18:56:49.144966
6,Sky Reaper Rice Fortress,57,28,paddy harvesting machine in water,45.5,0.25,5,1,youtube_suggest,2026-09-12 18:56:49.145185
6,Sky Reaper Rice Fortress,57,29,rice harvesting machine in maharashtra,45.5,0.25,5,1,youtube_suggest,2026-09-12 18:56:49.145380
6,Sky Reaper Rice Fortress,57,30,rice harvesting machine in nepal,45.5,0.25,5,1,youtube_suggest,2026-09-12 18:56:49.145583
6,Sky Reaper Rice Fortress,57,31,rice harvesting machine in tamilnadu,45.5,0.25,5,1,youtube_suggest,2026-09-12 18:56:49.145767
6,Sky Reaper Rice Fortress,57,32,rice harvesting machine in telugu,45.5,0.25,5,1,youtube_suggest,2026-09-12 18:56:49.145951
6,Sky Reaper Rice Fortress,57,33,wheat and paddy harvesting machine,45.5,0.25,5,1,youtube_suggest,2026-09-12 18:56:49.150088
6,Sky Reaper Rice Fortress,57,34,paddy harvesting by brush cutter,45.5,0.25,5,1,youtube_suggest,2026-09-12 18:56:49.150431
6,Sky Reaper Rice Fortress,57,35,paddy harvesting in west bengal,45.5,0.25,5,1,youtube_suggest,2026-09-12 18:56:49.150670
6,Sky Reaper Rice Fortress,57,36,paddy harvesting machine,44.0,0.2857,3,1,youtube_suggest,2026-09-12 18:56:49.150862
6,Sky Reaper Rice Fortress,57,37,paddy harvesting tractor,44.0,0.2857,3,1,youtube_suggest,2026-09-12 18:56:49.151091
6,Sky Reaper Rice Fortress,57,38,sky fortress theme,44.0,0.2857,3,1,youtube_suggest,2026-09-12 18:56:49.151281
6,Sky Reaper Rice Fortress,57,39,sky fortress boss,44.0,0.2857,3,1,youtube_suggest,2026-09-12 18:56:49.152639
6,Sky Reaper Rice Fortress,57,40,sky fortress waterflame,44.0,0.2857,3,1,youtube_suggest,2026-09-12 18:56:49.152920
6,Sky Reaper Rice Fortress,57,41,paddy harvesting telugu,44.0,0.2857,3,1,youtube_suggest,2026-09-12 18:56:49.153143
6,Sky Reaper Rice Fortress,57,42,paddy harvesting kerala,44.0,0.2857,3,1,youtube_suggest,2026-09-12 18:56:49.153339
6,Sky Reaper Rice Fortress,57,43,rice harvesting australia,44.0,0.2857,3,1,youtube_suggest,2026-09-12 18:56:49.153544
6,Sky Reaper Rice Fortress,57,44,rice harvesting asia,44.0,0.2857,3,1,youtube_suggest,2026-09-12 18:56:49.153763
6,Sky Reaper Rice Fortress,57,45,harvesting rice and picking fruit(rambutan) farming,44.0,0.2,6,1,youtube_suggest,2026-09-12 18:56:49.153957
6,Sky Reaper Rice Fortress,57,46,after paddy harvesting,44.0,0.2857,3,1,youtube_suggest,2026-09-12 18:56:49.154138
6,Sky Reaper Rice Fortress,57,47,rice harvesting china,44.0,0.2857,3,1,youtube_suggest,2026-09-12 18:56:49.154346
6,Sky Reaper Rice Fortress,57,48,paddy crop harvesting,44.0,0.2857,3,1,youtube_suggest,2026-09-12 18:56:49.154550
6,Sky Reaper Rice Fortress,57,49,rice harvesting combine,44.0,0.2857,3,1,youtube_suggest,2026-09-12 18:56:49.154777
6,Sky Reaper Rice Fortress,57,50,paddy harvesting drawing,44.0,0.2857,3,1,youtube_suggest,2026-09-12 18:56:49.154977
6,Sky Reaper Rice Fortress,57,51,paddy harvesting drone,44.0,0.2857,3,1,youtube_suggest,2026-09-12 18:56:49.155160
6,Sky Reaper Rice Fortress,57,52,rice harvesting drawing,44.0,0.2857,3,1,youtube_suggest,2026-09-12 18:56:49.155348
6,Sky Reaper Rice Fortress,57,53,harvesting paddy fields,44.0,0.2857,3,1,youtube_suggest,2026-09-12 18:56:49.155540
6,Sky Reaper Rice Fortress,57,54,rice harvesting fs25,44.0,0.2857,3,1,youtube_suggest,2026-09-12 18:56:49.155722
6,Sky Reaper Rice Fortress,57,55,rice farming harvesting,44.0,0.2857,3,1,youtube_suggest,2026-09-12 18:56:49.155901
6,Sky Reaper Rice Fortress,57,56,mini rice harvesting machine price,43.56,0.2222,5,1,youtube_suggest,2026-09-12 18:56:49.156081
6,Sky Reaper Rice Fortress,57,57,paddy harvesting machine subsidy,43.5,0.25,4,1,youtube_suggest,2026-09-12 18:56:49.164846
6,Sky Reaper Rice Fortress,57,58,paddy harvesting machine price,43.5,0.25,4,1,youtube_suggest,2026-09-12 18:56:49.165235
6,Sky Reaper Rice Fortress,57,59,paddy harvesting machine working,43.5,0.25,4,1,youtube_suggest,2026-09-12 18:56:49.165496
6,Sky Reaper Rice Fortress,57,60,rice harvesting machine assam,43.5,0.25,4,1,youtube_suggest,2026-09-12 18:56:49.165748
7,The Rice Comb Superstructure,58,1,rice paddy harvesting machine,61.0,0.5,4,1,youtube_suggest,2026-09-12 18:58:12.430608
7,The Rice Comb Superstructure,58,2,paddy harvesting video,52.0,0.4,3,1,youtube_suggest,2026-09-12 18:58:12.431189
7,The Rice Comb Superstructure,58,3,paddy harvesting in water,49.33,0.3333,4,1,youtube_suggest,2026-09-12 18:58:12.431563
7,The Rice Comb Superstructure,58,4,rice harvesting and processing,49.33,0.3333,4,1,youtube_suggest,2026-09-12 18:58:12.432328
7,The Rice Comb Superstructure,58,5,harvesting rice at home,49.33,0.3333,4,1,youtube_suggest,2026-09-12 18:58:12.433354
7,The Rice Comb Superstructure,58,6,paddy harvesting by hand,49.33,0.3333,4,1,youtube_suggest,2026-09-12 18:58:12.434970
7,The Rice Comb Superstructure,58,7,rice harvesting by hand,49.33,0.3333,4,1,youtube_suggest,2026-09-12 18:58:12.435514
7,The Rice Comb Superstructure,58,8,paddy harvesting in china,49.33,0.3333,4,1,youtube_suggest,2026-09-12 18:58:12.436297
7,The Rice Comb Superstructure,58,9,paddy harvesting machine in japan,48.0,0.2857,5,1,youtube_suggest,2026-09-12 18:58:12.436772
7,The Rice Comb Superstructure,58,10,paddy harvesting machine in india,48.0,0.2857,5,1,youtube_suggest,2026-09-12 18:58:12.436990
7,The Rice Comb Superstructure,58,11,paddy harvesting machines in agriculture,48.0,0.2857,5,1,youtube_suggest,2026-09-12 18:58:12.437835
7,The Rice Comb Superstructure,58,12,paddy harvesting machine in manipur,48.0,0.2857,5,1,youtube_suggest,2026-09-12 18:58:12.438105
7,The Rice Comb Superstructure,58,13,paddy harvesting machine in odisha,48.0,0.2857,5,1,youtube_suggest,2026-09-12 18:58:12.438306
7,The Rice Comb Superstructure,58,14,paddy harvesting machine in assam,48.0,0.2857,5,1,youtube_suggest,2026-09-12 18:58:12.438512
7,The Rice Comb Superstructure,58,15,paddy cutting and harvesting machine,48.0,0.2857,5,1,youtube_suggest,2026-09-12 18:58:12.438707
7,The Rice Comb Superstructure,58,16,paddy harvesting machine in tamil,48.0,0.2857,5,1,youtube_suggest,2026-09-12 18:58:12.438890
7,The Rice Comb Superstructure,58,17,paddy harvesting machine in karnataka,48.0,0.2857,5,1,youtube_suggest,2026-09-12 18:58:12.439088
7,The Rice Comb Superstructure,58,18,paddy harvesting machine in water,48.0,0.2857,5,1,youtube_suggest,2026-09-12 18:58:12.439269
7,The Rice Comb Superstructure,58,19,rice harvesting machine in maharashtra,48.0,0.2857,5,1,youtube_suggest,2026-09-12 18:58:12.439460
7,The Rice Comb Superstructure,58,20,rice harvesting machine in nepal,48.0,0.2857,5,1,youtube_suggest,2026-09-12 18:58:12.439645
7,The Rice Comb Superstructure,58,21,rice harvesting machine in tamilnadu,48.0,0.2857,5,1,youtube_suggest,2026-09-12 18:58:12.439828
7,The Rice Comb Superstructure,58,22,rice harvesting machine in telugu,48.0,0.2857,5,1,youtube_suggest,2026-09-12 18:58:12.440019
7,The Rice Comb Superstructure,58,23,wheat and paddy harvesting machine,48.0,0.2857,5,1,youtube_suggest,2026-09-12 18:58:12.440201
7,The Rice Comb Superstructure,58,24,paddy harvesting by brush cutter,48.0,0.2857,5,1,youtube_suggest,2026-09-12 18:58:12.444771
7,The Rice Comb Superstructure,58,25,paddy harvesting in west bengal,48.0,0.2857,5,1,youtube_suggest,2026-09-12 18:58:12.445104
7,The Rice Comb Superstructure,58,26,paddy harvesting machine in india price,47.5,0.25,6,1,youtube_suggest,2026-09-12 18:58:12.445320
7,The Rice Comb Superstructure,58,27,paddy harvesting machine in west bengal,47.5,0.25,6,1,youtube_suggest,2026-09-12 18:58:12.445517
7,The Rice Comb Superstructure,58,28,best paddy harvesting machine in india,47.5,0.25,6,1,youtube_suggest,2026-09-12 18:58:12.445872
7,The Rice Comb Superstructure,58,29,paddy harvesting machine in sri lanka,47.5,0.25,6,1,youtube_suggest,2026-09-12 18:58:12.446096
7,The Rice Comb Superstructure,58,30,paddy harvesting machine price in india,47.5,0.25,6,1,youtube_suggest,2026-09-12 18:58:12.446311
7,The Rice Comb Superstructure,58,31,rice harvesting machine price in india,47.5,0.25,6,1,youtube_suggest,2026-09-12 18:58:12.446501
7,The Rice Comb Superstructure,58,32,rice harvesting machine price in bangladesh,47.5,0.25,6,1,youtube_suggest,2026-09-12 18:58:12.446698
7,The Rice Comb Superstructure,58,33,rice harvesting machine price in nepal,47.5,0.25,6,1,youtube_suggest,2026-09-12 18:58:12.446886
7,The Rice Comb Superstructure,58,34,paddy harvesting machine,47.33,0.3333,3,1,youtube_suggest,2026-09-12 18:58:12.447088
7,The Rice Comb Superstructure,58,35,paddy harvesting tractor,47.33,0.3333,3,1,youtube_suggest,2026-09-12 18:58:12.447270
7,The Rice Comb Superstructure,58,36,paddy harvesting telugu,47.33,0.3333,3,1,youtube_suggest,2026-09-12 18:58:12.447447
7,The Rice Comb Superstructure,58,37,paddy harvesting kerala,47.33,0.3333,3,1,youtube_suggest,2026-09-12 18:58:12.447630
7,The Rice Comb Superstructure,58,38,rice harvesting australia,47.33,0.3333,3,1,youtube_suggest,2026-09-12 18:58:12.447809
7,The Rice Comb Superstructure,58,39,rice harvesting asia,47.33,0.3333,3,1,youtube_suggest,2026-09-12 18:58:12.448017
7,The Rice Comb Superstructure,58,40,after paddy harvesting,47.33,0.3333,3,1,youtube_suggest,2026-09-12 18:58:12.448195
7,The Rice Comb Superstructure,58,41,rice harvesting china,47.33,0.3333,3,1,youtube_suggest,2026-09-12 18:58:12.448383
7,The Rice Comb Superstructure,58,42,paddy crop harvesting,47.33,0.3333,3,1,youtube_suggest,2026-09-12 18:58:12.451664
7,The Rice Comb Superstructure,58,43,rice harvesting combine,47.33,0.3333,3,1,youtube_suggest,2026-09-12 18:58:12.452063
7,The Rice Comb Superstructure,58,44,paddy harvesting drawing,47.33,0.3333,3,1,youtube_suggest,2026-09-12 18:58:12.452280
7,The Rice Comb Superstructure,58,45,paddy harvesting drone,47.33,0.3333,3,1,youtube_suggest,2026-09-12 18:58:12.452486
7,The Rice Comb Superstructure,58,46,rice harvesting drawing,47.33,0.3333,3,1,youtube_suggest,2026-09-12 18:58:12.455108
7,The Rice Comb Superstructure,58,47,harvesting paddy fields,47.33,0.3333,3,1,youtube_suggest,2026-09-12 18:58:12.455350
7,The Rice Comb Superstructure,58,48,rice harvesting fs25,47.33,0.3333,3,1,youtube_suggest,2026-09-12 18:58:12.455544
7,The Rice Comb Superstructure,58,49,rice farming harvesting,47.33,0.3333,3,1,youtube_suggest,2026-09-12 18:58:12.455829
7,The Rice Comb Superstructure,58,50,paddy harvesting machine subsidy,46.0,0.2857,4,1,youtube_suggest,2026-09-12 18:58:12.456037
7,The Rice Comb Superstructure,58,51,paddy harvesting machine price,46.0,0.2857,4,1,youtube_suggest,2026-09-12 18:58:12.456215
7,The Rice Comb Superstructure,58,52,paddy harvesting machine working,46.0,0.2857,4,1,youtube_suggest,2026-09-12 18:58:12.456383
7,The Rice Comb Superstructure,58,53,rice harvesting machine assam,46.0,0.2857,4,1,youtube_suggest,2026-09-12 18:58:12.456623
7,The Rice Comb Superstructure,58,54,paddy rice cutting machine,46.0,0.2857,4,1,youtube_suggest,2026-09-12 18:58:12.456815
7,The Rice Comb Superstructure,58,55,best paddy harvesting machine,46.0,0.2857,4,1,youtube_suggest,2026-09-12 18:58:12.457002
7,The Rice Comb Superstructure,58,56,paddy harvesting chain machine,46.0,0.2857,4,1,youtube_suggest,2026-09-12 18:58:12.457189
7,The Rice Comb Superstructure,58,57,rice harvesting cutting machine,46.0,0.2857,4,1,youtube_suggest,2026-09-12 18:58:12.457379
7,The Rice Comb Superstructure,58,58,drone paddy harvesting machine,46.0,0.2857,4,1,youtube_suggest,2026-09-12 18:58:12.457574
7,The Rice Comb Superstructure,58,59,paddy field harvesting machine,46.0,0.2857,4,1,youtube_suggest,2026-09-12 18:58:12.457766
7,The Rice Comb Superstructure,58,60,paddy harvesting hand machine,46.0,0.2857,4,1,youtube_suggest,2026-09-12 18:58:12.457960
8,Paddy-Gulping Harvest Worm,59,1,paddy harvesting video,52.0,0.4,3,1,youtube_suggest,2026-09-12 18:59:36.934445
8,Paddy-Gulping Harvest Worm,59,2,how to harvest worm castings from worm farm,50.0,0.2857,8,1,youtube_suggest,2026-09-12 18:59:36.934774
8,Paddy-Gulping Harvest Worm,59,3,paddy harvesting in water,49.33,0.3333,4,1,youtube_suggest,2026-09-12 18:59:36.935018
8,Paddy-Gulping Harvest Worm,59,4,paddy harvesting by hand,49.33,0.3333,4,1,youtube_suggest,2026-09-12 18:59:36.935239
8,Paddy-Gulping Harvest Worm,59,5,paddy harvesting in china,49.33,0.3333,4,1,youtube_suggest,2026-09-12 18:59:36.935477
8,Paddy-Gulping Harvest Worm,59,6,paddy harvesting machine in japan,48.0,0.2857,5,1,youtube_suggest,2026-09-12 18:59:36.935705
8,Paddy-Gulping Harvest Worm,59,7,paddy harvesting machine in india,48.0,0.2857,5,1,youtube_suggest,2026-09-12 18:59:36.935922
8,Paddy-Gulping Harvest Worm,59,8,paddy harvesting machines in agriculture,48.0,0.2857,5,1,youtube_suggest,2026-09-12 18:59:36.936128
8,Paddy-Gulping Harvest Worm,59,9,paddy harvesting machine in manipur,48.0,0.2857,5,1,youtube_suggest,2026-09-12 18:59:36.936342
8,Paddy-Gulping Harvest Worm,59,10,paddy harvesting machine in odisha,48.0,0.2857,5,1,youtube_suggest,2026-09-12 18:59:36.944698
8,Paddy-Gulping Harvest Worm,59,11,paddy harvesting machine in assam,48.0,0.2857,5,1,youtube_suggest,2026-09-12 18:59:36.945148
8,Paddy-Gulping Harvest Worm,59,12,paddy cutting and harvesting machine,48.0,0.2857,5,1,youtube_suggest,2026-09-12 18:59:36.945417
8,Paddy-Gulping Harvest Worm,59,13,paddy harvesting machine in tamil,48.0,0.2857,5,1,youtube_suggest,2026-09-12 18:59:36.945666
8,Paddy-Gulping Harvest Worm,59,14,paddy harvesting machine in karnataka,48.0,0.2857,5,1,youtube_suggest,2026-09-12 18:59:36.945884
8,Paddy-Gulping Harvest Worm,59,15,paddy harvesting machine in water,48.0,0.2857,5,1,youtube_suggest,2026-09-12 18:59:36.946101
8,Paddy-Gulping Harvest Worm,59,16,wheat and paddy harvesting machine,48.0,0.2857,5,1,youtube_suggest,2026-09-12 18:59:36.946322
8,Paddy-Gulping Harvest Worm,59,17,harvest worm castings from bin,48.0,0.2857,5,1,youtube_suggest,2026-09-12 18:59:36.946532
8,Paddy-Gulping Harvest Worm,59,18,harvesting worms from worm bin,48.0,0.2857,5,1,youtube_suggest,2026-09-12 18:59:36.946736
8,Paddy-Gulping Harvest Worm,59,19,paddy harvesting by brush cutter,48.0,0.2857,5,1,youtube_suggest,2026-09-12 18:59:36.947029
8,Paddy-Gulping Harvest Worm,59,20,paddy harvesting in west bengal,48.0,0.2857,5,1,youtube_suggest,2026-09-12 18:59:36.947256
8,Paddy-Gulping Harvest Worm,59,21,paddy harvesting machine in india price,47.5,0.25,6,1,youtube_suggest,2026-09-12 18:59:36.947486
8,Paddy-Gulping Harvest Worm,59,22,paddy harvesting machine in west bengal,47.5,0.25,6,1,youtube_suggest,2026-09-12 18:59:36.947692
8,Paddy-Gulping Harvest Worm,59,23,best paddy harvesting machine in india,47.5,0.25,6,1,youtube_suggest,2026-09-12 18:59:36.947896
8,Paddy-Gulping Harvest Worm,59,24,paddy harvesting machine in sri lanka,47.5,0.25,6,1,youtube_suggest,2026-09-12 18:59:36.948104
8,Paddy-Gulping Harvest Worm,59,25,paddy harvesting machine price in india,47.5,0.25,6,1,youtube_suggest,2026-09-12 18:59:36.948322
8,Paddy-Gulping Harvest Worm,59,26,paddy harvesting machine,47.33,0.3333,3,1,youtube_suggest,2026-09-12 18:59:36.956611
8,Paddy-Gulping Harvest Worm,59,27,paddy harvesting tractor,47.33,0.3333,3,1,youtube_suggest,2026-09-12 18:59:36.957043
8,Paddy-Gulping Harvest Worm,59,28,paddy harvesting telugu,47.33,0.3333,3,1,youtube_suggest,2026-09-12 18:59:36.957225
8,Paddy-Gulping Harvest Worm,59,29,paddy harvesting kerala,47.33,0.3333,3,1,youtube_suggest,2026-09-12 18:59:36.957636
8,Paddy-Gulping Harvest Worm,59,30,after paddy harvesting,47.33,0.3333,3,1,youtube_suggest,2026-09-12 18:59:36.957832
8,Paddy-Gulping Harvest Worm,59,31,paddy crop harvesting,47.33,0.3333,3,1,youtube_suggest,2026-09-12 18:59:36.958012
8,Paddy-Gulping Harvest Worm,59,32,paddy harvesting drawing,47.33,0.3333,3,1,youtube_suggest,2026-09-12 18:59:36.958185
8,Paddy-Gulping Harvest Worm,59,33,paddy harvesting drone,47.33,0.3333,3,1,youtube_suggest,2026-09-12 18:59:36.958368
8,Paddy-Gulping Harvest Worm,59,34,harvesting paddy fields,47.33,0.3333,3,1,youtube_suggest,2026-09-12 18:59:36.958541
8,Paddy-Gulping Harvest Worm,59,35,paddy harvesting machine subsidy,46.0,0.2857,4,1,youtube_suggest,2026-09-12 18:59:36.958704
8,Paddy-Gulping Harvest Worm,59,36,paddy harvesting machine price,46.0,0.2857,4,1,youtube_suggest,2026-09-12 18:59:36.958868
8,Paddy-Gulping Harvest Worm,59,37,paddy harvesting machine working,46.0,0.2857,4,1,youtube_suggest,2026-09-12 18:59:36.959042
8,Paddy-Gulping Harvest Worm,59,38,best paddy harvesting machine,46.0,0.2857,4,1,youtube_suggest,2026-09-12 18:59:36.959209
8,Paddy-Gulping Harvest Worm,59,39,paddy harvesting chain machine,46.0,0.2857,4,1,youtube_suggest,2026-09-12 18:59:36.959403
8,Paddy-Gulping Harvest Worm,59,40,drone paddy harvesting machine,46.0,0.2857,4,1,youtube_suggest,2026-09-12 18:59:36.959600
8,Paddy-Gulping Harvest Worm,59,41,paddy field harvesting machine,46.0,0.2857,4,1,youtube_suggest,2026-09-12 18:59:36.959767
8,Paddy-Gulping Harvest Worm,59,42,paddy harvesting hand machine,46.0,0.2857,4,1,youtube_suggest,2026-09-12 18:59:36.959945
8,Paddy-Gulping Harvest Worm,59,43,kubota paddy harvesting machine,46.0,0.2857,4,1,youtube_suggest,2026-09-12 18:59:36.960112
8,Paddy-Gulping Harvest Worm,59,44,paddy harvesting machine mini,46.0,0.2857,4,1,youtube_suggest,2026-09-12 18:59:36.960290
8,Paddy-Gulping Harvest Worm,59,45,paddy harvesting new machine,46.0,0.2857,4,1,youtube_suggest,2026-09-12 18:59:36.960474
8,Paddy-Gulping Harvest Worm,59,46,paddy harvesting machine odisha,46.0,0.2857,4,1,youtube_suggest,2026-09-12 18:59:36.966785
8,Paddy-Gulping Harvest Worm,59,47,rice paddy harvesting machine,46.0,0.2857,4,1,youtube_suggest,2026-09-12 18:59:36.967020
8,Paddy-Gulping Harvest Worm,59,48,paddy harvesting machine small,46.0,0.2857,4,1,youtube_suggest,2026-09-12 18:59:36.967238
8,Paddy-Gulping Harvest Worm,59,49,harvesting paddy drawing easy,46.0,0.2857,4,1,youtube_suggest,2026-09-12 18:59:36.967468
8,Paddy-Gulping Harvest Worm,59,50,worm harvest,38.0,0.4,2,0,youtube_suggest,2026-09-12 18:59:36.967693
8,Paddy-Gulping Harvest Worm,59,51,paddy harvesting,38.0,0.4,2,0,youtube_suggest,2026-09-12 18:59:36.967946
8,Paddy-Gulping Harvest Worm,59,52,paddy harvest,38.0,0.4,2,0,youtube_suggest,2026-09-12 18:59:36.968152
8,Paddy-Gulping Harvest Worm,59,53,rice harvesting machine price in india,37.78,0.1111,6,1,youtube_suggest,2026-09-12 18:59:36.968390
8,Paddy-Gulping Harvest Worm,59,54,rice harvesting machine price in bangladesh,37.78,0.1111,6,1,youtube_suggest,2026-09-12 18:59:36.976861
8,Paddy-Gulping Harvest Worm,59,55,rice harvesting machine price in nepal,37.78,0.1111,6,1,youtube_suggest,2026-09-12 18:59:36.977205
8,Paddy-Gulping Harvest Worm,59,56,how to get worm castings out of worm farm,37.78,0.1111,9,1,youtube_suggest,2026-09-12 18:59:36.977471
8,Paddy-Gulping Harvest Worm,59,57,worm eating a worm,37.67,0.1667,4,1,youtube_suggest,2026-09-12 18:59:36.977750
8,Paddy-Gulping Harvest Worm,59,58,mini paddy harvester machine price in india,37.0,0.1,7,1,youtube_suggest,2026-09-12 18:59:36.978012
8,Paddy-Gulping Harvest Worm,59,59,harvesting rice and picking fruit(rambutan) farming,37.0,0.1,6,1,youtube_suggest,2026-09-12 18:59:36.978223
8,Paddy-Gulping Harvest Worm,59,60,rice harvesting machine in maharashtra,36.75,0.125,5,1,youtube_suggest,2026-09-12 18:59:36.978453
9,Rice Moon Harvester,60,1,rice paddy harvesting machine,61.0,0.5,4,1,youtube_suggest,2026-09-12 19:00:58.779918
9,Rice Moon Harvester,60,2,paddy harvesting video,52.0,0.4,3,1,youtube_suggest,2026-09-12 19:00:58.780185
9,Rice Moon Harvester,60,3,paddy harvester in tractor,49.33,0.3333,4,1,youtube_suggest,2026-09-12 19:00:58.780396
9,Rice Moon Harvester,60,4,paddy harvesting in water,49.33,0.3333,4,1,youtube_suggest,2026-09-12 19:00:58.783172
9,Rice Moon Harvester,60,5,rice harvesting and processing,49.33,0.3333,4,1,youtube_suggest,2026-09-12 19:00:58.783714
9,Rice Moon Harvester,60,6,harvesting rice at home,49.33,0.3333,4,1,youtube_suggest,2026-09-12 19:00:58.784089
9,Rice Moon Harvester,60,7,paddy harvester in assam,49.33,0.3333,4,1,youtube_suggest,2026-09-12 19:00:58.790030
9,Rice Moon Harvester,60,8,paddy harvesting by hand,49.33,0.3333,4,1,youtube_suggest,2026-09-12 19:00:58.791359
9,Rice Moon Harvester,60,9,rice harvesting by hand,49.33,0.3333,4,1,youtube_suggest,2026-09-12 19:00:58.792492
9,Rice Moon Harvester,60,10,paddy harvesting in china,49.33,0.3333,4,1,youtube_suggest,2026-09-12 19:00:58.794121
9,Rice Moon Harvester,60,11,rice and corn harvester,49.33,0.3333,4,1,youtube_suggest,2026-09-12 19:00:58.794514
9,Rice Moon Harvester,60,12,paddy harvesting machine in japan,48.0,0.2857,5,1,youtube_suggest,2026-09-12 19:00:58.794732
9,Rice Moon Harvester,60,13,paddy harvesting machine in india,48.0,0.2857,5,1,youtube_suggest,2026-09-12 19:00:58.795010
9,Rice Moon Harvester,60,14,paddy harvesting machines in agriculture,48.0,0.2857,5,1,youtube_suggest,2026-09-12 19:00:58.795251
9,Rice Moon Harvester,60,15,paddy harvesting machine in manipur,48.0,0.2857,5,1,youtube_suggest,2026-09-12 19:00:58.795480
9,Rice Moon Harvester,60,16,paddy harvesting machine in odisha,48.0,0.2857,5,1,youtube_suggest,2026-09-12 19:00:58.795655
9,Rice Moon Harvester,60,17,paddy harvesting machine in assam,48.0,0.2857,5,1,youtube_suggest,2026-09-12 19:00:58.795877
9,Rice Moon Harvester,60,18,paddy cutting and harvesting machine,48.0,0.2857,5,1,youtube_suggest,2026-09-12 19:00:58.796116
9,Rice Moon Harvester,60,19,paddy harvesting machine in tamil,48.0,0.2857,5,1,youtube_suggest,2026-09-12 19:00:58.796329
9,Rice Moon Harvester,60,20,paddy harvesting machine in karnataka,48.0,0.2857,5,1,youtube_suggest,2026-09-12 19:00:58.809011
9,Rice Moon Harvester,60,21,paddy harvesting machine in water,48.0,0.2857,5,1,youtube_suggest,2026-09-12 19:00:58.809222
9,Rice Moon Harvester,60,22,rice harvesting machine in maharashtra,48.0,0.2857,5,1,youtube_suggest,2026-09-12 19:00:58.809397
9,Rice Moon Harvester,60,23,rice harvesting machine in nepal,48.0,0.2857,5,1,youtube_suggest,2026-09-12 19:00:58.809561
9,Rice Moon Harvester,60,24,rice harvesting machine in tamilnadu,48.0,0.2857,5,1,youtube_suggest,2026-09-12 19:00:58.809712
9,Rice Moon Harvester,60,25,rice harvesting machine in telugu,48.0,0.2857,5,1,youtube_suggest,2026-09-12 19:00:58.809867
9,Rice Moon Harvester,60,26,wheat and paddy harvesting machine,48.0,0.2857,5,1,youtube_suggest,2026-09-12 19:00:58.810047
9,Rice Moon Harvester,60,27,paddy harvester in andhra pradesh,48.0,0.2857,5,1,youtube_suggest,2026-09-12 19:00:58.810200
9,Rice Moon Harvester,60,28,paddy harvesting by brush cutter,48.0,0.2857,5,1,youtube_suggest,2026-09-12 19:00:58.810360
9,Rice Moon Harvester,60,29,paddy harvesting in west bengal,48.0,0.2857,5,1,youtube_suggest,2026-09-12 19:00:58.810527
9,Rice Moon Harvester,60,30,paddy harvesting machine in india price,47.5,0.25,6,1,youtube_suggest,2026-09-12 19:00:58.810684
9,Rice Moon Harvester,60,31,paddy harvesting machine in west bengal,47.5,0.25,6,1,youtube_suggest,2026-09-12 19:00:58.810837
9,Rice Moon Harvester,60,32,best paddy harvesting machine in india,47.5,0.25,6,1,youtube_suggest,2026-09-12 19:00:58.811015
9,Rice Moon Harvester,60,33,paddy harvesting machine in sri lanka,47.5,0.25,6,1,youtube_suggest,2026-09-12 19:00:58.811176
9,Rice Moon Harvester,60,34,paddy harvesting machine price in india,47.5,0.25,6,1,youtube_suggest,2026-09-12 19:00:58.811330
9,Rice Moon Harvester,60,35,rice harvesting machine price in india,47.5,0.25,6,1,youtube_suggest,2026-09-12 19:00:58.811508
9,Rice Moon Harvester,60,36,rice harvesting machine price in bangladesh,47.5,0.25,6,1,youtube_suggest,2026-09-12 19:00:58.811668
9,Rice Moon Harvester,60,37,rice harvesting machine price in nepal,47.5,0.25,6,1,youtube_suggest,2026-09-12 19:00:58.811823
9,Rice Moon Harvester,60,38,paddy harvesting machine,47.33,0.3333,3,1,youtube_suggest,2026-09-12 19:00:58.811974
9,Rice Moon Harvester,60,39,paddy harvesting tractor,47.33,0.3333,3,1,youtube_suggest,2026-09-12 19:00:58.812121
9,Rice Moon Harvester,60,40,paddy cutting harvester,47.33,0.3333,3,1,youtube_suggest,2026-09-12 19:00:58.812273
9,Rice Moon Harvester,60,41,paddy harvesting telugu,47.33,0.3333,3,1,youtube_suggest,2026-09-12 19:00:58.812438
9,Rice Moon Harvester,60,42,paddy harvesting kerala,47.33,0.3333,3,1,youtube_suggest,2026-09-12 19:00:58.815583
9,Rice Moon Harvester,60,43,rice harvesting australia,47.33,0.3333,3,1,youtube_suggest,2026-09-12 19:00:58.815854
9,Rice Moon Harvester,60,44,rice harvesting asia,47.33,0.3333,3,1,youtube_suggest,2026-09-12 19:00:58.816051
9,Rice Moon Harvester,60,45,after paddy harvesting,47.33,0.3333,3,1,youtube_suggest,2026-09-12 19:00:58.816224
9,Rice Moon Harvester,60,46,rice harvesting china,47.33,0.3333,3,1,youtube_suggest,2026-09-12 19:00:58.817743
9,Rice Moon Harvester,60,47,paddy combine harvester,47.33,0.3333,3,1,youtube_suggest,2026-09-12 19:00:58.818054
9,Rice Moon Harvester,60,48,paddy crop harvesting,47.33,0.3333,3,1,youtube_suggest,2026-09-12 19:00:58.818228
9,Rice Moon Harvester,60,49,rice harvesting combine,47.33,0.3333,3,1,youtube_suggest,2026-09-12 19:00:58.818400
9,Rice Moon Harvester,60,50,paddy harvesting drawing,47.33,0.3333,3,1,youtube_suggest,2026-09-12 19:00:58.818556
9,Rice Moon Harvester,60,51,paddy harvesting drone,47.33,0.3333,3,1,youtube_suggest,2026-09-12 19:00:58.818710
9,Rice Moon Harvester,60,52,rice harvesting drawing,47.33,0.3333,3,1,youtube_suggest,2026-09-12 19:00:58.818864
9,Rice Moon Harvester,60,53,harvesting paddy fields,47.33,0.3333,3,1,youtube_suggest,2026-09-12 19:00:58.819041
9,Rice Moon Harvester,60,54,rice harvesting fs25,47.33,0.3333,3,1,youtube_suggest,2026-09-12 19:00:58.819200
9,Rice Moon Harvester,60,55,rice farming harvesting,47.33,0.3333,3,1,youtube_suggest,2026-09-12 19:00:58.819365
9,Rice Moon Harvester,60,56,rice cutter harvester,47.33,0.3333,3,1,youtube_suggest,2026-09-12 19:00:58.819520
9,Rice Moon Harvester,60,57,rice cutting harvester,47.33,0.3333,3,1,youtube_suggest,2026-09-12 19:00:58.819701
9,Rice Moon Harvester,60,58,rice combine harvester,47.33,0.3333,3,1,youtube_suggest,2026-09-12 19:00:58.819874
9,Rice Moon Harvester,60,59,rice field harvesting,47.33,0.3333,3,1,youtube_suggest,2026-09-12 19:00:58.820034
9,Rice Moon Harvester,60,60,paddy harvesting machine subsidy,46.0,0.2857,4,1,youtube_suggest,2026-09-12 19:00:58.820188
10,The Infinite Rice Factory,61,1,rice paddy harvesting machine,61.0,0.5,4,1,youtube_suggest,2026-09-12 19:02:20.203341
10,The Infinite Rice Factory,61,2,paddy harvesting video,52.0,0.4,3,1,youtube_suggest,2026-09-12 19:02:20.203668
10,The Infinite Rice Factory,61,3,paddy harvesting in water,49.33,0.3333,4,1,youtube_suggest,2026-09-12 19:02:20.203913
10,The Infinite Rice Factory,61,4,rice harvesting and processing,49.33,0.3333,4,1,youtube_suggest,2026-09-12 19:02:20.204178
10,The Infinite Rice Factory,61,5,harvesting rice at home,49.33,0.3333,4,1,youtube_suggest,2026-09-12 19:02:20.204401
10,The Infinite Rice Factory,61,6,paddy harvesting by hand,49.33,0.3333,4,1,youtube_suggest,2026-09-12 19:02:20.207584
10,The Infinite Rice Factory,61,7,rice harvesting by hand,49.33,0.3333,4,1,youtube_suggest,2026-09-12 19:02:20.207928
10,The Infinite Rice Factory,61,8,paddy harvesting in china,49.33,0.3333,4,1,youtube_suggest,2026-09-12 19:02:20.208147
10,The Infinite Rice Factory,61,9,paddy harvesting machine in japan,48.0,0.2857,5,1,youtube_suggest,2026-09-12 19:02:20.208387
10,The Infinite Rice Factory,61,10,paddy harvesting machine in india,48.0,0.2857,5,1,youtube_suggest,2026-09-12 19:02:20.208667
10,The Infinite Rice Factory,61,11,paddy harvesting machines in agriculture,48.0,0.2857,5,1,youtube_suggest,2026-09-12 19:02:20.208903
10,The Infinite Rice Factory,61,12,paddy harvesting machine in manipur,48.0,0.2857,5,1,youtube_suggest,2026-09-12 19:02:20.209113
10,The Infinite Rice Factory,61,13,paddy harvesting machine in odisha,48.0,0.2857,5,1,youtube_suggest,2026-09-12 19:02:20.209327
10,The Infinite Rice Factory,61,14,paddy harvesting machine in assam,48.0,0.2857,5,1,youtube_suggest,2026-09-12 19:02:20.209637
10,The Infinite Rice Factory,61,15,paddy cutting and harvesting machine,48.0,0.2857,5,1,youtube_suggest,2026-09-12 19:02:20.209896
10,The Infinite Rice Factory,61,16,paddy harvesting machine in tamil,48.0,0.2857,5,1,youtube_suggest,2026-09-12 19:02:20.210102
10,The Infinite Rice Factory,61,17,paddy harvesting machine in karnataka,48.0,0.2857,5,1,youtube_suggest,2026-09-12 19:02:20.210307
10,The Infinite Rice Factory,61,18,paddy harvesting machine in water,48.0,0.2857,5,1,youtube_suggest,2026-09-12 19:02:20.210510
10,The Infinite Rice Factory,61,19,rice harvesting machine in maharashtra,48.0,0.2857,5,1,youtube_suggest,2026-09-12 19:02:20.210717
10,The Infinite Rice Factory,61,20,rice harvesting machine in nepal,48.0,0.2857,5,1,youtube_suggest,2026-09-12 19:02:20.210956
10,The Infinite Rice Factory,61,21,rice harvesting machine in tamilnadu,48.0,0.2857,5,1,youtube_suggest,2026-09-12 19:02:20.211191
10,The Infinite Rice Factory,61,22,rice harvesting machine in telugu,48.0,0.2857,5,1,youtube_suggest,2026-09-12 19:02:20.211382
10,The Infinite Rice Factory,61,23,wheat and paddy harvesting machine,48.0,0.2857,5,1,youtube_suggest,2026-09-12 19:02:20.211593
10,The Infinite Rice Factory,61,24,paddy harvesting by brush cutter,48.0,0.2857,5,1,youtube_suggest,2026-09-12 19:02:20.211834
10,The Infinite Rice Factory,61,25,paddy harvesting in west bengal,48.0,0.2857,5,1,youtube_suggest,2026-09-12 19:02:20.212053
10,The Infinite Rice Factory,61,26,paddy harvesting machine in india price,47.5,0.25,6,1,youtube_suggest,2026-09-12 19:02:20.212218
10,The Infinite Rice Factory,61,27,paddy harvesting machine in west bengal,47.5,0.25,6,1,youtube_suggest,2026-09-12 19:02:20.212384
10,The Infinite Rice Factory,61,28,best paddy harvesting machine in india,47.5,0.25,6,1,youtube_suggest,2026-09-12 19:02:20.216210
10,The Infinite Rice Factory,61,29,paddy harvesting machine in sri lanka,47.5,0.25,6,1,youtube_suggest,2026-09-12 19:02:20.216707
10,The Infinite Rice Factory,61,30,paddy harvesting machine price in india,47.5,0.25,6,1,youtube_suggest,2026-09-12 19:02:20.217513
10,The Infinite Rice Factory,61,31,rice harvesting machine price in india,47.5,0.25,6,1,youtube_suggest,2026-09-12 19:02:20.221139
10,The Infinite Rice Factory,61,32,rice harvesting machine price in bangladesh,47.5,0.25,6,1,youtube_suggest,2026-09-12 19:02:20.221414
10,The Infinite Rice Factory,61,33,rice harvesting machine price in nepal,47.5,0.25,6,1,youtube_suggest,2026-09-12 19:02:20.222013
10,The Infinite Rice Factory,61,34,paddy harvesting machine,47.33,0.3333,3,1,youtube_suggest,2026-09-12 19:02:20.222336
10,The Infinite Rice Factory,61,35,paddy harvesting tractor,47.33,0.3333,3,1,youtube_suggest,2026-09-12 19:02:20.222589
10,The Infinite Rice Factory,61,36,paddy harvesting telugu,47.33,0.3333,3,1,youtube_suggest,2026-09-12 19:02:20.222836
10,The Infinite Rice Factory,61,37,paddy harvesting kerala,47.33,0.3333,3,1,youtube_suggest,2026-09-12 19:02:20.223064
10,The Infinite Rice Factory,61,38,rice harvesting australia,47.33,0.3333,3,1,youtube_suggest,2026-09-12 19:02:20.223274
10,The Infinite Rice Factory,61,39,rice harvesting asia,47.33,0.3333,3,1,youtube_suggest,2026-09-12 19:02:20.223509
10,The Infinite Rice Factory,61,40,after paddy harvesting,47.33,0.3333,3,1,youtube_suggest,2026-09-12 19:02:20.223727
10,The Infinite Rice Factory,61,41,rice harvesting china,47.33,0.3333,3,1,youtube_suggest,2026-09-12 19:02:20.223970
10,The Infinite Rice Factory,61,42,paddy crop harvesting,47.33,0.3333,3,1,youtube_suggest,2026-09-12 19:02:20.224209
10,The Infinite Rice Factory,61,43,rice harvesting combine,47.33,0.3333,3,1,youtube_suggest,2026-09-12 19:02:20.224422
10,The Infinite Rice Factory,61,44,paddy harvesting drawing,47.33,0.3333,3,1,youtube_suggest,2026-09-12 19:02:20.227825
10,The Infinite Rice Factory,61,45,paddy harvesting drone,47.33,0.3333,3,1,youtube_suggest,2026-09-12 19:02:20.228138
10,The Infinite Rice Factory,61,46,rice harvesting drawing,47.33,0.3333,3,1,youtube_suggest,2026-09-12 19:02:20.228363
10,The Infinite Rice Factory,61,47,harvesting paddy fields,47.33,0.3333,3,1,youtube_suggest,2026-09-12 19:02:20.228678
10,The Infinite Rice Factory,61,48,rice harvesting fs25,47.33,0.3333,3,1,youtube_suggest,2026-09-12 19:02:20.228943
10,The Infinite Rice Factory,61,49,rice farming harvesting,47.33,0.3333,3,1,youtube_suggest,2026-09-12 19:02:20.229155
10,The Infinite Rice Factory,61,50,paddy harvesting machine subsidy,46.0,0.2857,4,1,youtube_suggest,2026-09-12 19:02:20.229367
10,The Infinite Rice Factory,61,51,paddy harvesting machine price,46.0,0.2857,4,1,youtube_suggest,2026-09-12 19:02:20.229590
10,The Infinite Rice Factory,61,52,paddy harvesting machine working,46.0,0.2857,4,1,youtube_suggest,2026-09-12 19:02:20.229806
10,The Infinite Rice Factory,61,53,rice harvesting machine assam,46.0,0.2857,4,1,youtube_suggest,2026-09-12 19:02:20.230027
10,The Infinite Rice Factory,61,54,paddy rice cutting machine,46.0,0.2857,4,1,youtube_suggest,2026-09-12 19:02:20.230248
10,The Infinite Rice Factory,61,55,best paddy harvesting machine,46.0,0.2857,4,1,youtube_suggest,2026-09-12 19:02:20.230492
10,The Infinite Rice Factory,61,56,paddy harvesting chain machine,46.0,0.2857,4,1,youtube_suggest,2026-09-12 19:02:20.230718
10,The Infinite Rice Factory,61,57,rice harvesting cutting machine,46.0,0.2857,4,1,youtube_suggest,2026-09-12 19:02:20.231009
10,The Infinite Rice Factory,61,58,drone paddy harvesting machine,46.0,0.2857,4,1,youtube_suggest,2026-09-12 19:02:20.231229
10,The Infinite Rice Factory,61,59,paddy field harvesting machine,46.0,0.2857,4,1,youtube_suggest,2026-09-12 19:02:20.231429
10,The Infinite Rice Factory,61,60,paddy harvesting hand machine,46.0,0.2857,4,1,youtube_suggest,2026-09-12 19:02:20.231659
11,Colossal Wheat Combine Titan,62,1,wheat field video,52.0,0.4,3,1,youtube_suggest,2026-09-12 19:04:03.717530
11,Colossal Wheat Combine Titan,62,2,wheat from field to flour,51.33,0.3333,5,1,youtube_suggest,2026-09-12 19:04:03.722709
11,Colossal Wheat Combine Titan,62,3,wheat field blowing in the wind,50.0,0.2857,6,1,youtube_suggest,2026-09-12 19:04:03.722973
11,Colossal Wheat Combine Titan,62,4,wheat field background video,49.33,0.3333,4,1,youtube_suggest,2026-09-12 19:04:03.723187
11,Colossal Wheat Combine Titan,62,5,wheat field minecraft,47.33,0.3333,3,1,youtube_suggest,2026-09-12 19:04:03.723387
11,Colossal Wheat Combine Titan,62,6,wheat field ambience,47.33,0.3333,3,1,youtube_suggest,2026-09-12 19:04:03.723594
11,Colossal Wheat Combine Titan,62,7,wheat field gladiator,47.33,0.3333,3,1,youtube_suggest,2026-09-12 19:04:03.723833
11,Colossal Wheat Combine Titan,62,8,wheat field fire,47.33,0.3333,3,1,youtube_suggest,2026-09-12 19:04:03.724034
11,Colossal Wheat Combine Titan,62,9,wheat field sounds,47.33,0.3333,3,1,youtube_suggest,2026-09-12 19:04:03.724222
11,Colossal Wheat Combine Titan,62,10,wheat field sunset,47.33,0.3333,3,1,youtube_suggest,2026-09-12 19:04:03.724408
11,Colossal Wheat Combine Titan,62,11,wheat field painting,47.33,0.3333,3,1,youtube_suggest,2026-09-12 19:04:03.728860
11,Colossal Wheat Combine Titan,62,12,wheat field acnh,47.33,0.3333,3,1,youtube_suggest,2026-09-12 19:04:03.729159
11,Colossal Wheat Combine Titan,62,13,wheat field asmr,47.33,0.3333,3,1,youtube_suggest,2026-09-12 19:04:03.729374
11,Colossal Wheat Combine Titan,62,14,wheat field ambient,47.33,0.3333,3,1,youtube_suggest,2026-09-12 19:04:03.729573
11,Colossal Wheat Combine Titan,62,15,wheat field background,47.33,0.3333,3,1,youtube_suggest,2026-09-12 19:04:03.729765
11,Colossal Wheat Combine Titan,62,16,wheat field blender,47.33,0.3333,3,1,youtube_suggest,2026-09-12 19:04:03.729952
11,Colossal Wheat Combine Titan,62,17,wheat field cinematic,47.33,0.3333,3,1,youtube_suggest,2026-09-12 19:04:03.730165
11,Colossal Wheat Combine Titan,62,18,wheat field diorama,47.33,0.3333,3,1,youtube_suggest,2026-09-12 19:04:03.730363
11,Colossal Wheat Combine Titan,62,19,wheat field drawing,47.33,0.3333,3,1,youtube_suggest,2026-09-12 19:04:03.730569
11,Colossal Wheat Combine Titan,62,20,wheat dove field,47.33,0.3333,3,1,youtube_suggest,2026-09-12 19:04:03.730756
11,Colossal Wheat Combine Titan,62,21,wheat field scene,47.33,0.3333,3,1,youtube_suggest,2026-09-12 19:04:03.730943
11,Colossal Wheat Combine Titan,62,22,wheat field footage,47.33,0.3333,3,1,youtube_suggest,2026-09-12 19:04:03.731154
11,Colossal Wheat Combine Titan,62,23,wheat field harvest,47.33,0.3333,3,1,youtube_suggest,2026-09-12 19:04:03.731343
11,Colossal Wheat Combine Titan,62,24,wheat field animal crossing,46.0,0.2857,4,1,youtube_suggest,2026-09-12 19:04:03.731539
11,Colossal Wheat Combine Titan,62,25,wheat field acrylic painting,46.0,0.2857,4,1,youtube_suggest,2026-09-12 19:04:03.731735
11,Colossal Wheat Combine Titan,62,26,wheat field alan walker,46.0,0.2857,4,1,youtube_suggest,2026-09-12 19:04:03.731937
11,Colossal Wheat Combine Titan,62,27,wheat field background loop,46.0,0.2857,4,1,youtube_suggest,2026-09-12 19:04:03.740793
11,Colossal Wheat Combine Titan,62,28,wheat field chinese song,46.0,0.2857,4,1,youtube_suggest,2026-09-12 19:04:03.741127
11,Colossal Wheat Combine Titan,62,29,wheat field drone shot,46.0,0.2857,4,1,youtube_suggest,2026-09-12 19:04:03.741318
11,Colossal Wheat Combine Titan,62,30,minecraft wheat field design,46.0,0.2857,4,1,youtube_suggest,2026-09-12 19:04:03.741483
11,Colossal Wheat Combine Titan,62,31,wheat field sound effect,46.0,0.2857,4,1,youtube_suggest,2026-09-12 19:04:03.741638
11,Colossal Wheat Combine Titan,62,32,wheat field stock footage,46.0,0.2857,4,1,youtube_suggest,2026-09-12 19:04:03.741787
11,Colossal Wheat Combine Titan,62,33,colossal titan dc2 download,46.0,0.2857,4,1,youtube_suggest,2026-09-12 19:04:03.741967
11,Colossal Wheat Combine Titan,62,34,wind over the wheat field female cover,45.56,0.2222,7,1,youtube_suggest,2026-09-12 19:04:03.742119
11,Colossal Wheat Combine Titan,62,35,wheat field backpack type adjustable pesticide automatic sprayer,42.73,0.1818,8,1,youtube_suggest,2026-09-12 19:04:03.742283
11,Colossal Wheat Combine Titan,62,36,wheat field,38.0,0.4,2,0,youtube_suggest,2026-09-12 19:04:03.742442
11,Colossal Wheat Combine Titan,62,37,wheat from farm to table,38.0,0.1429,5,1,youtube_suggest,2026-09-12 19:04:03.746331
11,Colossal Wheat Combine Titan,62,38,wheat fields and old dirt roads,37.78,0.1111,6,1,youtube_suggest,2026-09-12 19:04:03.746761
11,Colossal Wheat Combine Titan,62,39,wheat farm create mod 1.21.1,36.75,0.125,5,1,youtube_suggest,2026-09-12 19:04:03.747050
11,Colossal Wheat Combine Titan,62,40,wheat farm for minecraft bedrock,36.75,0.125,5,1,youtube_suggest,2026-09-12 19:04:03.747392
11,Colossal Wheat Combine Titan,62,41,wheat farm for donut smp,36.75,0.125,5,1,youtube_suggest,2026-09-12 19:04:03.747554
11,Colossal Wheat Combine Titan,62,42,wheat farm automatic 1.21,36.0,0.1429,4,1,youtube_suggest,2026-09-12 19:04:03.747703
11,Colossal Wheat Combine Titan,62,43,wheat planting to harvest,36.0,0.1429,4,1,youtube_suggest,2026-09-12 19:04:03.747864
11,Colossal Wheat Combine Titan,62,44,wheat farm design hypixel skyblock,35.78,0.1111,5,1,youtube_suggest,2026-09-12 19:04:03.748047
11,Colossal Wheat Combine Titan,62,45,wheat farm automatic minecraft,34.75,0.125,4,1,youtube_suggest,2026-09-12 19:04:03.748215
11,Colossal Wheat Combine Titan,62,46,wheat farm block tycoon,34.75,0.125,4,1,youtube_suggest,2026-09-12 19:04:03.752014
11,Colossal Wheat Combine Titan,62,47,wheat farm build minecraft,34.75,0.125,4,1,youtube_suggest,2026-09-12 19:04:03.752951
11,Colossal Wheat Combine Titan,62,48,bone meal wheat farm,34.75,0.125,4,1,youtube_suggest,2026-09-12 19:04:03.753203
11,Colossal Wheat Combine Titan,62,49,wheat farm create mod,34.75,0.125,4,1,youtube_suggest,2026-09-12 19:04:03.753356
11,Colossal Wheat Combine Titan,62,50,wheat farm cubecraft skyblock,34.75,0.125,4,1,youtube_suggest,2026-09-12 19:04:03.753542
11,Colossal Wheat Combine Titan,62,51,wheat crop farm minecraft,34.75,0.125,4,1,youtube_suggest,2026-09-12 19:04:03.753739
11,Colossal Wheat Combine Titan,62,52,wheat farm design minecraft,34.75,0.125,4,1,youtube_suggest,2026-09-12 19:04:03.753946
11,Colossal Wheat Combine Titan,62,53,wheat farm donut smp,34.75,0.125,4,1,youtube_suggest,2026-09-12 19:04:03.754163
11,Colossal Wheat Combine Titan,62,54,titan quest colossus form,34.75,0.125,4,1,youtube_suggest,2026-09-12 19:04:03.754345
11,Colossal Wheat Combine Titan,62,55,wheat farm machine minecraft,34.75,0.125,4,1,youtube_suggest,2026-09-12 19:04:03.754535
11,Colossal Wheat Combine Titan,62,56,wheat seed cleaning machine,34.75,0.125,4,1,youtube_suggest,2026-09-12 19:04:03.754715
11,Colossal Wheat Combine Titan,62,57,wheat farm automatic,34.0,0.1429,3,1,youtube_suggest,2026-09-12 19:04:03.754955
11,Colossal Wheat Combine Titan,62,58,wheat farm bedrock,34.0,0.1429,3,1,youtube_suggest,2026-09-12 19:04:03.755146
11,Colossal Wheat Combine Titan,62,59,wheat carrot farm,34.0,0.1429,3,1,youtube_suggest,2026-09-12 19:04:03.755327
11,Colossal Wheat Combine Titan,62,60,wheat farm drawing,34.0,0.1429,3,1,youtube_suggest,2026-09-12 19:04:03.755509
12,The Solar Wheat Sifter,63,1,wheat field video,59.0,0.5,3,1,youtube_suggest,2026-09-12 19:05:26.434071
12,The Solar Wheat Sifter,63,2,wheat from field to flour,56.0,0.4,5,1,youtube_suggest,2026-09-12 19:05:26.434510
12,The Solar Wheat Sifter,63,3,wheat field background video,54.0,0.4,4,1,youtube_suggest,2026-09-12 19:05:26.434754
12,The Solar Wheat Sifter,63,4,wheat field blowing in the wind,53.33,0.3333,6,1,youtube_suggest,2026-09-12 19:05:26.434992
12,The Solar Wheat Sifter,63,5,wheat field minecraft,52.0,0.4,3,1,youtube_suggest,2026-09-12 19:05:26.435217
12,The Solar Wheat Sifter,63,6,wheat field ambience,52.0,0.4,3,1,youtube_suggest,2026-09-12 19:05:26.440671
12,The Solar Wheat Sifter,63,7,wheat field gladiator,52.0,0.4,3,1,youtube_suggest,2026-09-12 19:05:26.441154
12,The Solar Wheat Sifter,63,8,wheat field fire,52.0,0.4,3,1,youtube_suggest,2026-09-12 19:05:26.441449
12,The Solar Wheat Sifter,63,9,wheat field sounds,52.0,0.4,3,1,youtube_suggest,2026-09-12 19:05:26.441685
12,The Solar Wheat Sifter,63,10,wheat field sunset,52.0,0.4,3,1,youtube_suggest,2026-09-12 19:05:26.441900
12,The Solar Wheat Sifter,63,11,wheat field painting,52.0,0.4,3,1,youtube_suggest,2026-09-12 19:05:26.442114
12,The Solar Wheat Sifter,63,12,wheat field acnh,52.0,0.4,3,1,youtube_suggest,2026-09-12 19:05:26.442339
12,The Solar Wheat Sifter,63,13,wheat field asmr,52.0,0.4,3,1,youtube_suggest,2026-09-12 19:05:26.442782
12,The Solar Wheat Sifter,63,14,wheat field ambient,52.0,0.4,3,1,youtube_suggest,2026-09-12 19:05:26.443030
12,The Solar Wheat Sifter,63,15,wheat field background,52.0,0.4,3,1,youtube_suggest,2026-09-12 19:05:26.443244
12,The Solar Wheat Sifter,63,16,wheat field blender,52.0,0.4,3,1,youtube_suggest,2026-09-12 19:05:26.443506
12,The Solar Wheat Sifter,63,17,wheat field cinematic,52.0,0.4,3,1,youtube_suggest,2026-09-12 19:05:26.443743
12,The Solar Wheat Sifter,63,18,wheat field diorama,52.0,0.4,3,1,youtube_suggest,2026-09-12 19:05:26.443994
12,The Solar Wheat Sifter,63,19,wheat field drawing,52.0,0.4,3,1,youtube_suggest,2026-09-12 19:05:26.444208
12,The Solar Wheat Sifter,63,20,wheat dove field,52.0,0.4,3,1,youtube_suggest,2026-09-12 19:05:26.444440
12,The Solar Wheat Sifter,63,21,wheat field scene,52.0,0.4,3,1,youtube_suggest,2026-09-12 19:05:26.448997
12,The Solar Wheat Sifter,63,22,wheat field footage,52.0,0.4,3,1,youtube_suggest,2026-09-12 19:05:26.449298
12,The Solar Wheat Sifter,63,23,wheat field harvest,52.0,0.4,3,1,youtube_suggest,2026-09-12 19:05:26.449578
12,The Solar Wheat Sifter,63,24,wheat field animal crossing,49.33,0.3333,4,1,youtube_suggest,2026-09-12 19:05:26.449811
12,The Solar Wheat Sifter,63,25,wheat field acrylic painting,49.33,0.3333,4,1,youtube_suggest,2026-09-12 19:05:26.450073
12,The Solar Wheat Sifter,63,26,wheat field alan walker,49.33,0.3333,4,1,youtube_suggest,2026-09-12 19:05:26.450304
12,The Solar Wheat Sifter,63,27,wheat field background loop,49.33,0.3333,4,1,youtube_suggest,2026-09-12 19:05:26.450557
12,The Solar Wheat Sifter,63,28,wheat field chinese song,49.33,0.3333,4,1,youtube_suggest,2026-09-12 19:05:26.450799
12,The Solar Wheat Sifter,63,29,wheat field drone shot,49.33,0.3333,4,1,youtube_suggest,2026-09-12 19:05:26.451062
12,The Solar Wheat Sifter,63,30,minecraft wheat field design,49.33,0.3333,4,1,youtube_suggest,2026-09-12 19:05:26.451286
12,The Solar Wheat Sifter,63,31,wheat field sound effect,49.33,0.3333,4,1,youtube_suggest,2026-09-12 19:05:26.451851
12,The Solar Wheat Sifter,63,32,wheat field stock footage,49.33,0.3333,4,1,youtube_suggest,2026-09-12 19:05:26.452108
12,The Solar Wheat Sifter,63,33,wind over the wheat field female cover,47.5,0.25,7,1,youtube_suggest,2026-09-12 19:05:26.452338
12,The Solar Wheat Sifter,63,34,wheat field,45.0,0.5,2,0,youtube_suggest,2026-09-12 19:05:26.456928
12,The Solar Wheat Sifter,63,35,wheat sifter,45.0,0.5,2,0,youtube_suggest,2026-09-12 19:05:26.457235
12,The Solar Wheat Sifter,63,36,wheat field backpack type adjustable pesticide automatic sprayer,44.0,0.2,8,1,youtube_suggest,2026-09-12 19:05:26.457471
12,The Solar Wheat Sifter,63,37,wheat from farm to table,39.67,0.1667,5,1,youtube_suggest,2026-09-12 19:05:26.457686
12,The Solar Wheat Sifter,63,38,wheat fields and old dirt roads,38.75,0.125,6,1,youtube_suggest,2026-09-12 19:05:26.457894
12,The Solar Wheat Sifter,63,39,wheat farm create mod 1.21.1,38.0,0.1429,5,1,youtube_suggest,2026-09-12 19:05:26.458105
12,The Solar Wheat Sifter,63,40,wheat farm for minecraft bedrock,38.0,0.1429,5,1,youtube_suggest,2026-09-12 19:05:26.458311
12,The Solar Wheat Sifter,63,41,wheat farm for donut smp,38.0,0.1429,5,1,youtube_suggest,2026-09-12 19:05:26.458537
12,The Solar Wheat Sifter,63,42,solar panel racking system ground mount,37.78,0.1111,6,1,youtube_suggest,2026-09-12 19:05:26.458747
12,The Solar Wheat Sifter,63,43,wheat farm automatic 1.21,37.67,0.1667,4,1,youtube_suggest,2026-09-12 19:05:26.458980
12,The Solar Wheat Sifter,63,44,solar system for fields,37.67,0.1667,4,1,youtube_suggest,2026-09-12 19:05:26.459212
12,The Solar Wheat Sifter,63,45,wheat planting to harvest,37.67,0.1667,4,1,youtube_suggest,2026-09-12 19:05:26.459504
12,The Solar Wheat Sifter,63,46,wheat farm design hypixel skyblock,36.75,0.125,5,1,youtube_suggest,2026-09-12 19:05:26.459733
12,The Solar Wheat Sifter,63,47,wheat farm automatic minecraft,36.0,0.1429,4,1,youtube_suggest,2026-09-12 19:05:26.459951
12,The Solar Wheat Sifter,63,48,wheat farm block tycoon,36.0,0.1429,4,1,youtube_suggest,2026-09-12 19:05:26.460159
12,The Solar Wheat Sifter,63,49,wheat farm build minecraft,36.0,0.1429,4,1,youtube_suggest,2026-09-12 19:05:26.460409
12,The Solar Wheat Sifter,63,50,bone meal wheat farm,36.0,0.1429,4,1,youtube_suggest,2026-09-12 19:05:26.461802
12,The Solar Wheat Sifter,63,51,wheat farm create mod,36.0,0.1429,4,1,youtube_suggest,2026-09-12 19:05:26.462050
12,The Solar Wheat Sifter,63,52,wheat farm cubecraft skyblock,36.0,0.1429,4,1,youtube_suggest,2026-09-12 19:05:26.462271
12,The Solar Wheat Sifter,63,53,wheat crop farm minecraft,36.0,0.1429,4,1,youtube_suggest,2026-09-12 19:05:26.462522
12,The Solar Wheat Sifter,63,54,wheat farm design minecraft,36.0,0.1429,4,1,youtube_suggest,2026-09-12 19:05:26.462728
12,The Solar Wheat Sifter,63,55,wheat farm donut smp,36.0,0.1429,4,1,youtube_suggest,2026-09-12 19:05:26.464952
12,The Solar Wheat Sifter,63,56,solar powered trash compactor,36.0,0.1429,4,1,youtube_suggest,2026-09-12 19:05:26.465473
12,The Solar Wheat Sifter,63,57,solar corona elektrische maschine,36.0,0.1429,4,1,youtube_suggest,2026-09-12 19:05:26.467129
12,The Solar Wheat Sifter,63,58,solar system treadmill race,36.0,0.1429,4,1,youtube_suggest,2026-09-12 19:05:26.467398
12,The Solar Wheat Sifter,63,59,wheat farm machine minecraft,36.0,0.1429,4,1,youtube_suggest,2026-09-12 19:05:26.467788
12,The Solar Wheat Sifter,63,60,wheat seed cleaning machine,36.0,0.1429,4,1,youtube_suggest,2026-09-12 19:05:26.468069
13,The Wheat Ocean Harvester,64,1,the wheat in the field,63.0,0.5,5,1,youtube_suggest,2026-09-12 19:06:54.661173
13,The Wheat Ocean Harvester,64,2,wheat field video,59.0,0.5,3,1,youtube_suggest,2026-09-12 19:06:54.661474
13,The Wheat Ocean Harvester,64,3,wheat from field to flour,56.0,0.4,5,1,youtube_suggest,2026-09-12 19:06:54.661692
13,The Wheat Ocean Harvester,64,4,wheat field background video,54.0,0.4,4,1,youtube_suggest,2026-09-12 19:06:54.661911
13,The Wheat Ocean Harvester,64,5,wheat field blowing in the wind,53.33,0.3333,6,1,youtube_suggest,2026-09-12 19:06:54.666058
13,The Wheat Ocean Harvester,64,6,wheat field minecraft,52.0,0.4,3,1,youtube_suggest,2026-09-12 19:06:54.666516
13,The Wheat Ocean Harvester,64,7,wheat field ambience,52.0,0.4,3,1,youtube_suggest,2026-09-12 19:06:54.666816
13,The Wheat Ocean Harvester,64,8,wheat field gladiator,52.0,0.4,3,1,youtube_suggest,2026-09-12 19:06:54.667018
13,The Wheat Ocean Harvester,64,9,wheat field fire,52.0,0.4,3,1,youtube_suggest,2026-09-12 19:06:54.667211
13,The Wheat Ocean Harvester,64,10,wheat field sounds,52.0,0.4,3,1,youtube_suggest,2026-09-12 19:06:54.667397
13,The Wheat Ocean Harvester,64,11,wheat field sunset,52.0,0.4,3,1,youtube_suggest,2026-09-12 19:06:54.667647
13,The Wheat Ocean Harvester,64,12,wheat field painting,52.0,0.4,3,1,youtube_suggest,2026-09-12 19:06:54.667862
13,The Wheat Ocean Harvester,64,13,wheat field acnh,52.0,0.4,3,1,youtube_suggest,2026-09-12 19:06:54.668050
13,The Wheat Ocean Harvester,64,14,wheat field asmr,52.0,0.4,3,1,youtube_suggest,2026-09-12 19:06:54.668235
13,The Wheat Ocean Harvester,64,15,wheat field ambient,52.0,0.4,3,1,youtube_suggest,2026-09-12 19:06:54.668415
13,The Wheat Ocean Harvester,64,16,wheat field background,52.0,0.4,3,1,youtube_suggest,2026-09-12 19:06:54.673749
13,The Wheat Ocean Harvester,64,17,wheat field blender,52.0,0.4,3,1,youtube_suggest,2026-09-12 19:06:54.676319
13,The Wheat Ocean Harvester,64,18,wheat field cinematic,52.0,0.4,3,1,youtube_suggest,2026-09-12 19:06:54.677494
13,The Wheat Ocean Harvester,64,19,wheat field diorama,52.0,0.4,3,1,youtube_suggest,2026-09-12 19:06:54.677738
13,The Wheat Ocean Harvester,64,20,wheat field drawing,52.0,0.4,3,1,youtube_suggest,2026-09-12 19:06:54.677955
13,The Wheat Ocean Harvester,64,21,wheat dove field,52.0,0.4,3,1,youtube_suggest,2026-09-12 19:06:54.678141
13,The Wheat Ocean Harvester,64,22,wheat field scene,52.0,0.4,3,1,youtube_suggest,2026-09-12 19:06:54.678352
13,The Wheat Ocean Harvester,64,23,wheat field footage,52.0,0.4,3,1,youtube_suggest,2026-09-12 19:06:54.678589
13,The Wheat Ocean Harvester,64,24,wheat field harvest,52.0,0.4,3,1,youtube_suggest,2026-09-12 19:06:54.683093
13,The Wheat Ocean Harvester,64,25,harvester cutting wheat,52.0,0.4,3,1,youtube_suggest,2026-09-12 19:06:54.683320
13,The Wheat Ocean Harvester,64,26,wheat field animal crossing,49.33,0.3333,4,1,youtube_suggest,2026-09-12 19:06:54.683541
13,The Wheat Ocean Harvester,64,27,wheat field acrylic painting,49.33,0.3333,4,1,youtube_suggest,2026-09-12 19:06:54.683736
13,The Wheat Ocean Harvester,64,28,wheat field alan walker,49.33,0.3333,4,1,youtube_suggest,2026-09-12 19:06:54.683936
13,The Wheat Ocean Harvester,64,29,wheat field background loop,49.33,0.3333,4,1,youtube_suggest,2026-09-12 19:06:54.684126
13,The Wheat Ocean Harvester,64,30,wheat field chinese song,49.33,0.3333,4,1,youtube_suggest,2026-09-12 19:06:54.684277
13,The Wheat Ocean Harvester,64,31,wheat field drone shot,49.33,0.3333,4,1,youtube_suggest,2026-09-12 19:06:54.684473
13,The Wheat Ocean Harvester,64,32,minecraft wheat field design,49.33,0.3333,4,1,youtube_suggest,2026-09-12 19:06:54.688972
13,The Wheat Ocean Harvester,64,33,wheat field sound effect,49.33,0.3333,4,1,youtube_suggest,2026-09-12 19:06:54.689241
13,The Wheat Ocean Harvester,64,34,wheat field stock footage,49.33,0.3333,4,1,youtube_suggest,2026-09-12 19:06:54.689471
13,The Wheat Ocean Harvester,64,35,wind over the wheat field female cover,47.5,0.25,7,1,youtube_suggest,2026-09-12 19:06:54.689675
13,The Wheat Ocean Harvester,64,36,wheat field,45.0,0.5,2,0,youtube_suggest,2026-09-12 19:06:54.689866
13,The Wheat Ocean Harvester,64,37,wheat field backpack type adjustable pesticide automatic sprayer,44.0,0.2,8,1,youtube_suggest,2026-09-12 19:06:54.690056
13,The Wheat Ocean Harvester,64,38,the biggest harvester in the world,41.67,0.1667,6,1,youtube_suggest,2026-09-12 19:06:54.690245
13,The Wheat Ocean Harvester,64,39,harvester advert harvest for the world,40.0,0.1429,6,1,youtube_suggest,2026-09-12 19:06:54.690441
13,The Wheat Ocean Harvester,64,40,harvester of the sorrow,40.0,0.2,4,1,youtube_suggest,2026-09-12 19:06:54.690623
13,The Wheat Ocean Harvester,64,41,wheat from farm to table,39.67,0.1667,5,1,youtube_suggest,2026-09-12 19:06:54.690804
13,The Wheat Ocean Harvester,64,42,how a wheat combine works,39.67,0.1667,5,1,youtube_suggest,2026-09-12 19:06:54.691013
13,The Wheat Ocean Harvester,64,43,the combine harvester the wurzels,39.67,0.1667,5,1,youtube_suggest,2026-09-12 19:06:54.691217
13,The Wheat Ocean Harvester,64,44,threshing wheat in a winepress,39.67,0.1667,5,1,youtube_suggest,2026-09-12 19:06:54.691417
13,The Wheat Ocean Harvester,64,45,wheat fields and old dirt roads,38.75,0.125,6,1,youtube_suggest,2026-09-12 19:06:54.691626
13,The Wheat Ocean Harvester,64,46,wheat farm create mod 1.21.1,38.0,0.1429,5,1,youtube_suggest,2026-09-12 19:06:54.691823
13,The Wheat Ocean Harvester,64,47,wheat farm for minecraft bedrock,38.0,0.1429,5,1,youtube_suggest,2026-09-12 19:06:54.691998
13,The Wheat Ocean Harvester,64,48,wheat farm for donut smp,38.0,0.1429,5,1,youtube_suggest,2026-09-12 19:06:54.692177
13,The Wheat Ocean Harvester,64,49,the wheat farmer,38.0,0.2,3,1,youtube_suggest,2026-09-12 19:06:54.692354
13,The Wheat Ocean Harvester,64,50,tractor harvesting the wheat song,38.0,0.1429,5,1,youtube_suggest,2026-09-12 19:06:54.699487
13,The Wheat Ocean Harvester,64,51,the great american wheat harvest,38.0,0.1429,5,1,youtube_suggest,2026-09-12 19:06:54.700247
13,The Wheat Ocean Harvester,64,52,harvesting wheat without a combine,38.0,0.1429,5,1,youtube_suggest,2026-09-12 19:06:54.700528
13,The Wheat Ocean Harvester,64,53,wheat farm automatic 1.21,37.67,0.1667,4,1,youtube_suggest,2026-09-12 19:06:54.700766
13,The Wheat Ocean Harvester,64,54,wheat planting to harvest,37.67,0.1667,4,1,youtube_suggest,2026-09-12 19:06:54.700958
13,The Wheat Ocean Harvester,64,55,harvester machine in water,37.67,0.1667,4,1,youtube_suggest,2026-09-12 19:06:54.701145
13,The Wheat Ocean Harvester,64,56,threshing wheat by machine,37.67,0.1667,4,1,youtube_suggest,2026-09-12 19:06:54.702630
13,The Wheat Ocean Harvester,64,57,wheat farm design hypixel skyblock,36.75,0.125,5,1,youtube_suggest,2026-09-12 19:06:54.702943
13,The Wheat Ocean Harvester,64,58,wheat farm automatic minecraft,36.0,0.1429,4,1,youtube_suggest,2026-09-12 19:06:54.703175
13,The Wheat Ocean Harvester,64,59,wheat farm block tycoon,36.0,0.1429,4,1,youtube_suggest,2026-09-12 19:06:54.703369
13,The Wheat Ocean Harvester,64,60,wheat farm build minecraft,36.0,0.1429,4,1,youtube_suggest,2026-09-12 19:06:54.703587
14,Titan Sunwheel Irrigator,65,1,wheat field video,52.0,0.4,3,1,youtube_suggest,2026-09-12 19:08:22.108112
14,Titan Sunwheel Irrigator,65,2,wheat from field to flour,51.33,0.3333,5,1,youtube_suggest,2026-09-12 19:08:22.109244
14,Titan Sunwheel Irrigator,65,3,wheat field blowing in the wind,50.0,0.2857,6,1,youtube_suggest,2026-09-12 19:08:22.111215
14,Titan Sunwheel Irrigator,65,4,wheat field background video,49.33,0.3333,4,1,youtube_suggest,2026-09-12 19:08:22.111520
14,Titan Sunwheel Irrigator,65,5,wheat field minecraft,47.33,0.3333,3,1,youtube_suggest,2026-09-12 19:08:22.111716
14,Titan Sunwheel Irrigator,65,6,wheat field ambience,47.33,0.3333,3,1,youtube_suggest,2026-09-12 19:08:22.111897
14,Titan Sunwheel Irrigator,65,7,wheat field gladiator,47.33,0.3333,3,1,youtube_suggest,2026-09-12 19:08:22.112075
14,Titan Sunwheel Irrigator,65,8,wheat field fire,47.33,0.3333,3,1,youtube_suggest,2026-09-12 19:08:22.112254
14,Titan Sunwheel Irrigator,65,9,wheat field sounds,47.33,0.3333,3,1,youtube_suggest,2026-09-12 19:08:22.112479
14,Titan Sunwheel Irrigator,65,10,wheat field sunset,47.33,0.3333,3,1,youtube_suggest,2026-09-12 19:08:22.115810
14,Titan Sunwheel Irrigator,65,11,wheat field painting,47.33,0.3333,3,1,youtube_suggest,2026-09-12 19:08:22.116409
14,Titan Sunwheel Irrigator,65,12,wheat field acnh,47.33,0.3333,3,1,youtube_suggest,2026-09-12 19:08:22.116860
14,Titan Sunwheel Irrigator,65,13,wheat field asmr,47.33,0.3333,3,1,youtube_suggest,2026-09-12 19:08:22.117080
14,Titan Sunwheel Irrigator,65,14,wheat field ambient,47.33,0.3333,3,1,youtube_suggest,2026-09-12 19:08:22.117283
14,Titan Sunwheel Irrigator,65,15,wheat field background,47.33,0.3333,3,1,youtube_suggest,2026-09-12 19:08:22.117491
14,Titan Sunwheel Irrigator,65,16,wheat field blender,47.33,0.3333,3,1,youtube_suggest,2026-09-12 19:08:22.118080
14,Titan Sunwheel Irrigator,65,17,wheat field cinematic,47.33,0.3333,3,1,youtube_suggest,2026-09-12 19:08:22.118376
14,Titan Sunwheel Irrigator,65,18,wheat field diorama,47.33,0.3333,3,1,youtube_suggest,2026-09-12 19:08:22.124715
14,Titan Sunwheel Irrigator,65,19,wheat field drawing,47.33,0.3333,3,1,youtube_suggest,2026-09-12 19:08:22.125212
14,Titan Sunwheel Irrigator,65,20,wheat dove field,47.33,0.3333,3,1,youtube_suggest,2026-09-12 19:08:22.125441
14,Titan Sunwheel Irrigator,65,21,wheat field scene,47.33,0.3333,3,1,youtube_suggest,2026-09-12 19:08:22.125643
14,Titan Sunwheel Irrigator,65,22,wheat field footage,47.33,0.3333,3,1,youtube_suggest,2026-09-12 19:08:22.125855
14,Titan Sunwheel Irrigator,65,23,wheat field harvest,47.33,0.3333,3,1,youtube_suggest,2026-09-12 19:08:22.126160
14,Titan Sunwheel Irrigator,65,24,wheat field animal crossing,46.0,0.2857,4,1,youtube_suggest,2026-09-12 19:08:22.126394
14,Titan Sunwheel Irrigator,65,25,wheat field acrylic painting,46.0,0.2857,4,1,youtube_suggest,2026-09-12 19:08:22.126588
14,Titan Sunwheel Irrigator,65,26,wheat field alan walker,46.0,0.2857,4,1,youtube_suggest,2026-09-12 19:08:22.126794
14,Titan Sunwheel Irrigator,65,27,wheat field background loop,46.0,0.2857,4,1,youtube_suggest,2026-09-12 19:08:22.126989
14,Titan Sunwheel Irrigator,65,28,wheat field chinese song,46.0,0.2857,4,1,youtube_suggest,2026-09-12 19:08:22.127298
14,Titan Sunwheel Irrigator,65,29,wheat field drone shot,46.0,0.2857,4,1,youtube_suggest,2026-09-12 19:08:22.127493
14,Titan Sunwheel Irrigator,65,30,minecraft wheat field design,46.0,0.2857,4,1,youtube_suggest,2026-09-12 19:08:22.127680
14,Titan Sunwheel Irrigator,65,31,wheat field sound effect,46.0,0.2857,4,1,youtube_suggest,2026-09-12 19:08:22.127879
14,Titan Sunwheel Irrigator,65,32,wheat field stock footage,46.0,0.2857,4,1,youtube_suggest,2026-09-12 19:08:22.128158
14,Titan Sunwheel Irrigator,65,33,wind over the wheat field female cover,45.56,0.2222,7,1,youtube_suggest,2026-09-12 19:08:22.128510
14,Titan Sunwheel Irrigator,65,34,wheat field backpack type adjustable pesticide automatic sprayer,42.73,0.1818,8,1,youtube_suggest,2026-09-12 19:08:22.128747
14,Titan Sunwheel Irrigator,65,35,wheat field,38.0,0.4,2,0,youtube_suggest,2026-09-12 19:08:22.132827
14,Titan Sunwheel Irrigator,65,36,wheat from farm to table,38.0,0.1429,5,1,youtube_suggest,2026-09-12 19:08:22.133116
14,Titan Sunwheel Irrigator,65,37,wheat fields and old dirt roads,37.78,0.1111,6,1,youtube_suggest,2026-09-12 19:08:22.133319
14,Titan Sunwheel Irrigator,65,38,wheat farm create mod 1.21.1,36.75,0.125,5,1,youtube_suggest,2026-09-12 19:08:22.133519
14,Titan Sunwheel Irrigator,65,39,wheat farm for minecraft bedrock,36.75,0.125,5,1,youtube_suggest,2026-09-12 19:08:22.133721
14,Titan Sunwheel Irrigator,65,40,wheat farm for donut smp,36.75,0.125,5,1,youtube_suggest,2026-09-12 19:08:22.134061
14,Titan Sunwheel Irrigator,65,41,wheat farm automatic 1.21,36.0,0.1429,4,1,youtube_suggest,2026-09-12 19:08:22.134250
14,Titan Sunwheel Irrigator,65,42,wheat planting to harvest,36.0,0.1429,4,1,youtube_suggest,2026-09-12 19:08:22.134405
14,Titan Sunwheel Irrigator,65,43,wheat farm design hypixel skyblock,35.78,0.1111,5,1,youtube_suggest,2026-09-12 19:08:22.134584
14,Titan Sunwheel Irrigator,65,44,wheat farm automatic minecraft,34.75,0.125,4,1,youtube_suggest,2026-09-12 19:08:22.134862
14,Titan Sunwheel Irrigator,65,45,wheat farm block tycoon,34.75,0.125,4,1,youtube_suggest,2026-09-12 19:08:22.135054
14,Titan Sunwheel Irrigator,65,46,wheat farm build minecraft,34.75,0.125,4,1,youtube_suggest,2026-09-12 19:08:22.135237
14,Titan Sunwheel Irrigator,65,47,bone meal wheat farm,34.75,0.125,4,1,youtube_suggest,2026-09-12 19:08:22.138305
14,Titan Sunwheel Irrigator,65,48,wheat farm create mod,34.75,0.125,4,1,youtube_suggest,2026-09-12 19:08:22.138740
14,Titan Sunwheel Irrigator,65,49,wheat farm cubecraft skyblock,34.75,0.125,4,1,youtube_suggest,2026-09-12 19:08:22.141074
14,Titan Sunwheel Irrigator,65,50,wheat crop farm minecraft,34.75,0.125,4,1,youtube_suggest,2026-09-12 19:08:22.141683
14,Titan Sunwheel Irrigator,65,51,wheat farm design minecraft,34.75,0.125,4,1,youtube_suggest,2026-09-12 19:08:22.142224
14,Titan Sunwheel Irrigator,65,52,wheat farm donut smp,34.75,0.125,4,1,youtube_suggest,2026-09-12 19:08:22.144783
14,Titan Sunwheel Irrigator,65,53,wheat farm machine minecraft,34.75,0.125,4,1,youtube_suggest,2026-09-12 19:08:22.145116
14,Titan Sunwheel Irrigator,65,54,wheat seed cleaning machine,34.75,0.125,4,1,youtube_suggest,2026-09-12 19:08:22.145351
14,Titan Sunwheel Irrigator,65,55,wheat farm automatic,34.0,0.1429,3,1,youtube_suggest,2026-09-12 19:08:22.145603
14,Titan Sunwheel Irrigator,65,56,wheat farm bedrock,34.0,0.1429,3,1,youtube_suggest,2026-09-12 19:08:22.145837
14,Titan Sunwheel Irrigator,65,57,wheat carrot farm,34.0,0.1429,3,1,youtube_suggest,2026-09-12 19:08:22.146082
14,Titan Sunwheel Irrigator,65,58,wheat farm drawing,34.0,0.1429,3,1,youtube_suggest,2026-09-12 19:08:22.146325
14,Titan Sunwheel Irrigator,65,59,wheat farm donut,34.0,0.1429,3,1,youtube_suggest,2026-09-12 19:08:22.146527
14,Titan Sunwheel Irrigator,65,60,wheat farm easy,34.0,0.1429,3,1,youtube_suggest,2026-09-12 19:08:22.146717
15,Wheat Field Weather Engine,66,1,wheat field video,59.0,0.5,3,1,youtube_suggest,2026-09-12 19:09:51.408255
15,Wheat Field Weather Engine,66,2,wheat from field to flour,56.0,0.4,5,1,youtube_suggest,2026-09-12 19:09:51.408642
15,Wheat Field Weather Engine,66,3,wheat field background video,54.0,0.4,4,1,youtube_suggest,2026-09-12 19:09:51.409083
15,Wheat Field Weather Engine,66,4,wheat field in wind,54.0,0.4,4,1,youtube_suggest,2026-09-12 19:09:51.409485
15,Wheat Field Weather Engine,66,5,wheat field blowing in the wind,53.33,0.3333,6,1,youtube_suggest,2026-09-12 19:09:51.409896
15,Wheat Field Weather Engine,66,6,wheat field minecraft,52.0,0.4,3,1,youtube_suggest,2026-09-12 19:09:51.410326
15,Wheat Field Weather Engine,66,7,wheat field ambience,52.0,0.4,3,1,youtube_suggest,2026-09-12 19:09:51.410867
15,Wheat Field Weather Engine,66,8,wheat field gladiator,52.0,0.4,3,1,youtube_suggest,2026-09-12 19:09:51.411409
15,Wheat Field Weather Engine,66,9,wheat field fire,52.0,0.4,3,1,youtube_suggest,2026-09-12 19:09:51.411833
15,Wheat Field Weather Engine,66,10,wheat field sounds,52.0,0.4,3,1,youtube_suggest,2026-09-12 19:09:51.412203
15,Wheat Field Weather Engine,66,11,wheat field sunset,52.0,0.4,3,1,youtube_suggest,2026-09-12 19:09:51.412456
15,Wheat Field Weather Engine,66,12,wheat field painting,52.0,0.4,3,1,youtube_suggest,2026-09-12 19:09:51.412741
15,Wheat Field Weather Engine,66,13,wheat field acnh,52.0,0.4,3,1,youtube_suggest,2026-09-12 19:09:51.413230
15,Wheat Field Weather Engine,66,14,wheat field asmr,52.0,0.4,3,1,youtube_suggest,2026-09-12 19:09:51.413835
15,Wheat Field Weather Engine,66,15,wheat field ambient,52.0,0.4,3,1,youtube_suggest,2026-09-12 19:09:51.414090
15,Wheat Field Weather Engine,66,16,wheat field background,52.0,0.4,3,1,youtube_suggest,2026-09-12 19:09:51.414550
15,Wheat Field Weather Engine,66,17,wheat field blender,52.0,0.4,3,1,youtube_suggest,2026-09-12 19:09:51.414759
15,Wheat Field Weather Engine,66,18,wheat field cinematic,52.0,0.4,3,1,youtube_suggest,2026-09-12 19:09:51.414914
15,Wheat Field Weather Engine,66,19,wheat field diorama,52.0,0.4,3,1,youtube_suggest,2026-09-12 19:09:51.415065
15,Wheat Field Weather Engine,66,20,wheat field drawing,52.0,0.4,3,1,youtube_suggest,2026-09-12 19:09:51.415240
15,Wheat Field Weather Engine,66,21,wheat dove field,52.0,0.4,3,1,youtube_suggest,2026-09-12 19:09:51.415451
15,Wheat Field Weather Engine,66,22,wheat field scene,52.0,0.4,3,1,youtube_suggest,2026-09-12 19:09:51.415797
15,Wheat Field Weather Engine,66,23,wheat field footage,52.0,0.4,3,1,youtube_suggest,2026-09-12 19:09:51.416017
15,Wheat Field Weather Engine,66,24,wheat field harvest,52.0,0.4,3,1,youtube_suggest,2026-09-12 19:09:51.416169
15,Wheat Field Weather Engine,66,25,wheat field animal crossing,49.33,0.3333,4,1,youtube_suggest,2026-09-12 19:09:51.416302
15,Wheat Field Weather Engine,66,26,wheat field acrylic painting,49.33,0.3333,4,1,youtube_suggest,2026-09-12 19:09:51.416441
15,Wheat Field Weather Engine,66,27,wheat field alan walker,49.33,0.3333,4,1,youtube_suggest,2026-09-12 19:09:51.416608
15,Wheat Field Weather Engine,66,28,wheat field background loop,49.33,0.3333,4,1,youtube_suggest,2026-09-12 19:09:51.416751
15,Wheat Field Weather Engine,66,29,wheat field chinese song,49.33,0.3333,4,1,youtube_suggest,2026-09-12 19:09:51.416881
15,Wheat Field Weather Engine,66,30,wheat field drone shot,49.33,0.3333,4,1,youtube_suggest,2026-09-12 19:09:51.417009
15,Wheat Field Weather Engine,66,31,minecraft wheat field design,49.33,0.3333,4,1,youtube_suggest,2026-09-12 19:09:51.417139
15,Wheat Field Weather Engine,66,32,wheat field sound effect,49.33,0.3333,4,1,youtube_suggest,2026-09-12 19:09:51.417265
15,Wheat Field Weather Engine,66,33,wheat field stock footage,49.33,0.3333,4,1,youtube_suggest,2026-09-12 19:09:51.417391
15,Wheat Field Weather Engine,66,34,wind over the wheat field female cover,47.5,0.25,7,1,youtube_suggest,2026-09-12 19:09:51.417554
15,Wheat Field Weather Engine,66,35,wheat field,45.0,0.5,2,0,youtube_suggest,2026-09-12 19:09:51.417689
15,Wheat Field Weather Engine,66,36,wheat field backpack type adjustable pesticide automatic sprayer,44.0,0.2,8,1,youtube_suggest,2026-09-12 19:09:51.417816
15,Wheat Field Weather Engine,66,37,wheat from farm to table,39.67,0.1667,5,1,youtube_suggest,2026-09-12 19:09:51.418044
15,Wheat Field Weather Engine,66,38,wheat fields and old dirt roads,38.75,0.125,6,1,youtube_suggest,2026-09-12 19:09:51.418189
15,Wheat Field Weather Engine,66,39,wheat farm create mod 1.21.1,38.0,0.1429,5,1,youtube_suggest,2026-09-12 19:09:51.418320
15,Wheat Field Weather Engine,66,40,wheat farm for minecraft bedrock,38.0,0.1429,5,1,youtube_suggest,2026-09-12 19:09:51.418534
15,Wheat Field Weather Engine,66,41,wheat farm for donut smp,38.0,0.1429,5,1,youtube_suggest,2026-09-12 19:09:51.418663
15,Wheat Field Weather Engine,66,42,wheat farm automatic 1.21,37.67,0.1667,4,1,youtube_suggest,2026-09-12 19:09:51.418789
15,Wheat Field Weather Engine,66,43,wheat planting to harvest,37.67,0.1667,4,1,youtube_suggest,2026-09-12 19:09:51.418916
15,Wheat Field Weather Engine,66,44,wheat farm design hypixel skyblock,36.75,0.125,5,1,youtube_suggest,2026-09-12 19:09:51.419046
15,Wheat Field Weather Engine,66,45,wheat farm automatic minecraft,36.0,0.1429,4,1,youtube_suggest,2026-09-12 19:09:51.419181
15,Wheat Field Weather Engine,66,46,wheat farm block tycoon,36.0,0.1429,4,1,youtube_suggest,2026-09-12 19:09:51.419321
15,Wheat Field Weather Engine,66,47,wheat farm build minecraft,36.0,0.1429,4,1,youtube_suggest,2026-09-12 19:09:51.419471
15,Wheat Field Weather Engine,66,48,bone meal wheat farm,36.0,0.1429,4,1,youtube_suggest,2026-09-12 19:09:51.419620
15,Wheat Field Weather Engine,66,49,wheat farm create mod,36.0,0.1429,4,1,youtube_suggest,2026-09-12 19:09:51.419780
15,Wheat Field Weather Engine,66,50,wheat farm cubecraft skyblock,36.0,0.1429,4,1,youtube_suggest,2026-09-12 19:09:51.419944
15,Wheat Field Weather Engine,66,51,wheat crop farm minecraft,36.0,0.1429,4,1,youtube_suggest,2026-09-12 19:09:51.420107
15,Wheat Field Weather Engine,66,52,wheat farm design minecraft,36.0,0.1429,4,1,youtube_suggest,2026-09-12 19:09:51.420254
15,Wheat Field Weather Engine,66,53,wheat farm donut smp,36.0,0.1429,4,1,youtube_suggest,2026-09-12 19:09:51.420395
15,Wheat Field Weather Engine,66,54,wheat farm machine minecraft,36.0,0.1429,4,1,youtube_suggest,2026-09-12 19:09:51.420601
15,Wheat Field Weather Engine,66,55,wheat seed cleaning machine,36.0,0.1429,4,1,youtube_suggest,2026-09-12 19:09:51.420916
15,Wheat Field Weather Engine,66,56,weather forecast winter storm,36.0,0.1429,4,1,youtube_suggest,2026-09-12 19:09:51.421156
15,Wheat Field Weather Engine,66,57,wheat farm automatic,35.67,0.1667,3,1,youtube_suggest,2026-09-12 19:09:51.421306
15,Wheat Field Weather Engine,66,58,wheat farm bedrock,35.67,0.1667,3,1,youtube_suggest,2026-09-12 19:09:51.421455
15,Wheat Field Weather Engine,66,59,wheat carrot farm,35.67,0.1667,3,1,youtube_suggest,2026-09-12 19:09:51.421596
15,Wheat Field Weather Engine,66,60,wheat farm drawing,35.67,0.1667,3,1,youtube_suggest,2026-09-12 19:09:51.421741
16,The Infinite Furrow Walker,67,1,wheat field alan walker,61.0,0.5,4,1,youtube_suggest,2026-09-12 19:11:16.481707
16,The Infinite Furrow Walker,67,2,wheat field video,52.0,0.4,3,1,youtube_suggest,2026-09-12 19:11:16.482987
16,The Infinite Furrow Walker,67,3,wheat from field to flour,51.33,0.3333,5,1,youtube_suggest,2026-09-12 19:11:16.483254
16,The Infinite Furrow Walker,67,4,wheat field blowing in the wind,50.0,0.2857,6,1,youtube_suggest,2026-09-12 19:11:16.484824
16,The Infinite Furrow Walker,67,5,wheat field background video,49.33,0.3333,4,1,youtube_suggest,2026-09-12 19:11:16.485109
16,The Infinite Furrow Walker,67,6,wheat field minecraft,47.33,0.3333,3,1,youtube_suggest,2026-09-12 19:11:16.485315
16,The Infinite Furrow Walker,67,7,wheat field ambience,47.33,0.3333,3,1,youtube_suggest,2026-09-12 19:11:16.485509
16,The Infinite Furrow Walker,67,8,wheat field gladiator,47.33,0.3333,3,1,youtube_suggest,2026-09-12 19:11:16.485697
16,The Infinite Furrow Walker,67,9,wheat field fire,47.33,0.3333,3,1,youtube_suggest,2026-09-12 19:11:16.485902
16,The Infinite Furrow Walker,67,10,wheat field sounds,47.33,0.3333,3,1,youtube_suggest,2026-09-12 19:11:16.487484
16,The Infinite Furrow Walker,67,11,wheat field sunset,47.33,0.3333,3,1,youtube_suggest,2026-09-12 19:11:16.487707
16,The Infinite Furrow Walker,67,12,wheat field painting,47.33,0.3333,3,1,youtube_suggest,2026-09-12 19:11:16.487921
16,The Infinite Furrow Walker,67,13,wheat field acnh,47.33,0.3333,3,1,youtube_suggest,2026-09-12 19:11:16.488116
16,The Infinite Furrow Walker,67,14,wheat field asmr,47.33,0.3333,3,1,youtube_suggest,2026-09-12 19:11:16.488301
16,The Infinite Furrow Walker,67,15,wheat field ambient,47.33,0.3333,3,1,youtube_suggest,2026-09-12 19:11:16.488486
16,The Infinite Furrow Walker,67,16,wheat field background,47.33,0.3333,3,1,youtube_suggest,2026-09-12 19:11:16.490122
16,The Infinite Furrow Walker,67,17,wheat field blender,47.33,0.3333,3,1,youtube_suggest,2026-09-12 19:11:16.490334
16,The Infinite Furrow Walker,67,18,wheat field cinematic,47.33,0.3333,3,1,youtube_suggest,2026-09-12 19:11:16.490522
16,The Infinite Furrow Walker,67,19,wheat field diorama,47.33,0.3333,3,1,youtube_suggest,2026-09-12 19:11:16.490709
16,The Infinite Furrow Walker,67,20,wheat field drawing,47.33,0.3333,3,1,youtube_suggest,2026-09-12 19:11:16.490906
16,The Infinite Furrow Walker,67,21,wheat dove field,47.33,0.3333,3,1,youtube_suggest,2026-09-12 19:11:16.491133
16,The Infinite Furrow Walker,67,22,wheat field scene,47.33,0.3333,3,1,youtube_suggest,2026-09-12 19:11:16.491325
16,The Infinite Furrow Walker,67,23,wheat field footage,47.33,0.3333,3,1,youtube_suggest,2026-09-12 19:11:16.491510
16,The Infinite Furrow Walker,67,24,wheat field harvest,47.33,0.3333,3,1,youtube_suggest,2026-09-12 19:11:16.491736
16,The Infinite Furrow Walker,67,25,wheat field animal crossing,46.0,0.2857,4,1,youtube_suggest,2026-09-12 19:11:16.491957
16,The Infinite Furrow Walker,67,26,wheat field acrylic painting,46.0,0.2857,4,1,youtube_suggest,2026-09-12 19:11:16.512781
16,The Infinite Furrow Walker,67,27,wheat field background loop,46.0,0.2857,4,1,youtube_suggest,2026-09-12 19:11:16.513372
16,The Infinite Furrow Walker,67,28,wheat field chinese song,46.0,0.2857,4,1,youtube_suggest,2026-09-12 19:11:16.513651
16,The Infinite Furrow Walker,67,29,wheat field drone shot,46.0,0.2857,4,1,youtube_suggest,2026-09-12 19:11:16.513858
16,The Infinite Furrow Walker,67,30,minecraft wheat field design,46.0,0.2857,4,1,youtube_suggest,2026-09-12 19:11:16.514083
16,The Infinite Furrow Walker,67,31,wheat field sound effect,46.0,0.2857,4,1,youtube_suggest,2026-09-12 19:11:16.514274
16,The Infinite Furrow Walker,67,32,wheat field stock footage,46.0,0.2857,4,1,youtube_suggest,2026-09-12 19:11:16.514461
16,The Infinite Furrow Walker,67,33,wind over the wheat field female cover,45.56,0.2222,7,1,youtube_suggest,2026-09-12 19:11:16.514655
16,The Infinite Furrow Walker,67,34,wheat field backpack type adjustable pesticide automatic sprayer,42.73,0.1818,8,1,youtube_suggest,2026-09-12 19:11:16.517114
16,The Infinite Furrow Walker,67,35,wheat field,38.0,0.4,2,0,youtube_suggest,2026-09-12 19:11:16.517363
16,The Infinite Furrow Walker,67,36,wheat from farm to table,38.0,0.1429,5,1,youtube_suggest,2026-09-12 19:11:16.519493
16,The Infinite Furrow Walker,67,37,wheat fields and old dirt roads,37.78,0.1111,6,1,youtube_suggest,2026-09-12 19:11:16.519835
16,The Infinite Furrow Walker,67,38,wheat farm create mod 1.21.1,36.75,0.125,5,1,youtube_suggest,2026-09-12 19:11:16.520066
16,The Infinite Furrow Walker,67,39,wheat farm for minecraft bedrock,36.75,0.125,5,1,youtube_suggest,2026-09-12 19:11:16.520260
16,The Infinite Furrow Walker,67,40,wheat farm for donut smp,36.75,0.125,5,1,youtube_suggest,2026-09-12 19:11:16.520663
16,The Infinite Furrow Walker,67,41,wheat farm automatic 1.21,36.0,0.1429,4,1,youtube_suggest,2026-09-12 19:11:16.520909
16,The Infinite Furrow Walker,67,42,wheat planting to harvest,36.0,0.1429,4,1,youtube_suggest,2026-09-12 19:11:16.521105
16,The Infinite Furrow Walker,67,43,wheat farm design hypixel skyblock,35.78,0.1111,5,1,youtube_suggest,2026-09-12 19:11:16.521292
16,The Infinite Furrow Walker,67,44,wheat farm automatic minecraft,34.75,0.125,4,1,youtube_suggest,2026-09-12 19:11:16.521508
16,The Infinite Furrow Walker,67,45,wheat farm block tycoon,34.75,0.125,4,1,youtube_suggest,2026-09-12 19:11:16.521696
16,The Infinite Furrow Walker,67,46,wheat farm build minecraft,34.75,0.125,4,1,youtube_suggest,2026-09-12 19:11:16.521894
16,The Infinite Furrow Walker,67,47,bone meal wheat farm,34.75,0.125,4,1,youtube_suggest,2026-09-12 19:11:16.522082
16,The Infinite Furrow Walker,67,48,wheat farm create mod,34.75,0.125,4,1,youtube_suggest,2026-09-12 19:11:16.522266
16,The Infinite Furrow Walker,67,49,wheat farm cubecraft skyblock,34.75,0.125,4,1,youtube_suggest,2026-09-12 19:11:16.522463
16,The Infinite Furrow Walker,67,50,wheat crop farm minecraft,34.75,0.125,4,1,youtube_suggest,2026-09-12 19:11:16.522659
16,The Infinite Furrow Walker,67,51,wheat farm design minecraft,34.75,0.125,4,1,youtube_suggest,2026-09-12 19:11:16.522837
16,The Infinite Furrow Walker,67,52,wheat farm donut smp,34.75,0.125,4,1,youtube_suggest,2026-09-12 19:11:16.523039
16,The Infinite Furrow Walker,67,53,wheat farm machine minecraft,34.75,0.125,4,1,youtube_suggest,2026-09-12 19:11:16.523217
16,The Infinite Furrow Walker,67,54,wheat seed cleaning machine,34.75,0.125,4,1,youtube_suggest,2026-09-12 19:11:16.523405
16,The Infinite Furrow Walker,67,55,wheat farm automatic,34.0,0.1429,3,1,youtube_suggest,2026-09-12 19:11:16.523592
16,The Infinite Furrow Walker,67,56,wheat farm bedrock,34.0,0.1429,3,1,youtube_suggest,2026-09-12 19:11:16.523787
16,The Infinite Furrow Walker,67,57,wheat carrot farm,34.0,0.1429,3,1,youtube_suggest,2026-09-12 19:11:16.523987
16,The Infinite Furrow Walker,67,58,wheat farm drawing,34.0,0.1429,3,1,youtube_suggest,2026-09-12 19:11:16.524172
16,The Infinite Furrow Walker,67,59,wheat farm donut,34.0,0.1429,3,1,youtube_suggest,2026-09-12 19:11:16.524350
16,The Infinite Furrow Walker,67,60,wheat farm easy,34.0,0.1429,3,1,youtube_suggest,2026-09-12 19:11:16.532216
17,Golden Grain Conveyor City,68,1,wheat from field to flour,48.0,0.2857,5,1,youtube_suggest,2026-09-12 19:12:45.549206
17,Golden Grain Conveyor City,68,2,wheat field blowing in the wind,47.5,0.25,6,1,youtube_suggest,2026-09-12 19:12:45.551331
17,Golden Grain Conveyor City,68,3,wheat field video,47.33,0.3333,3,1,youtube_suggest,2026-09-12 19:12:45.551627
17,Golden Grain Conveyor City,68,4,wheat field background video,46.0,0.2857,4,1,youtube_suggest,2026-09-12 19:12:45.554611
17,Golden Grain Conveyor City,68,5,wheat field minecraft,44.0,0.2857,3,1,youtube_suggest,2026-09-12 19:12:45.554982
17,Golden Grain Conveyor City,68,6,wheat field ambience,44.0,0.2857,3,1,youtube_suggest,2026-09-12 19:12:45.555228
17,Golden Grain Conveyor City,68,7,wheat field gladiator,44.0,0.2857,3,1,youtube_suggest,2026-09-12 19:12:45.555429
17,Golden Grain Conveyor City,68,8,wheat field fire,44.0,0.2857,3,1,youtube_suggest,2026-09-12 19:12:45.555638
17,Golden Grain Conveyor City,68,9,wheat field sounds,44.0,0.2857,3,1,youtube_suggest,2026-09-12 19:12:45.555826
17,Golden Grain Conveyor City,68,10,wheat field sunset,44.0,0.2857,3,1,youtube_suggest,2026-09-12 19:12:45.556028
17,Golden Grain Conveyor City,68,11,wheat field painting,44.0,0.2857,3,1,youtube_suggest,2026-09-12 19:12:45.556232
17,Golden Grain Conveyor City,68,12,wheat field acnh,44.0,0.2857,3,1,youtube_suggest,2026-09-12 19:12:45.556419
17,Golden Grain Conveyor City,68,13,wheat field asmr,44.0,0.2857,3,1,youtube_suggest,2026-09-12 19:12:45.559847
17,Golden Grain Conveyor City,68,14,wheat field ambient,44.0,0.2857,3,1,youtube_suggest,2026-09-12 19:12:45.560088
17,Golden Grain Conveyor City,68,15,wheat field background,44.0,0.2857,3,1,youtube_suggest,2026-09-12 19:12:45.560285
17,Golden Grain Conveyor City,68,16,wheat field blender,44.0,0.2857,3,1,youtube_suggest,2026-09-12 19:12:45.560491
17,Golden Grain Conveyor City,68,17,wheat field cinematic,44.0,0.2857,3,1,youtube_suggest,2026-09-12 19:12:45.560738
17,Golden Grain Conveyor City,68,18,wheat field diorama,44.0,0.2857,3,1,youtube_suggest,2026-09-12 19:12:45.560921
17,Golden Grain Conveyor City,68,19,wheat field drawing,44.0,0.2857,3,1,youtube_suggest,2026-09-12 19:12:45.561108
17,Golden Grain Conveyor City,68,20,wheat dove field,44.0,0.2857,3,1,youtube_suggest,2026-09-12 19:12:45.561274
17,Golden Grain Conveyor City,68,21,wheat field scene,44.0,0.2857,3,1,youtube_suggest,2026-09-12 19:12:45.561482
17,Golden Grain Conveyor City,68,22,wheat field footage,44.0,0.2857,3,1,youtube_suggest,2026-09-12 19:12:45.561671
17,Golden Grain Conveyor City,68,23,wind over the wheat field female cover,44.0,0.2,7,1,youtube_suggest,2026-09-12 19:12:45.561861
17,Golden Grain Conveyor City,68,24,wheat field harvest,44.0,0.2857,3,1,youtube_suggest,2026-09-12 19:12:45.562183
17,Golden Grain Conveyor City,68,25,drive over grain conveyor,43.5,0.25,4,1,youtube_suggest,2026-09-12 19:12:45.562382
17,Golden Grain Conveyor City,68,26,wheat field animal crossing,43.5,0.25,4,1,youtube_suggest,2026-09-12 19:12:45.562569
17,Golden Grain Conveyor City,68,27,wheat field acrylic painting,43.5,0.25,4,1,youtube_suggest,2026-09-12 19:12:45.562749
17,Golden Grain Conveyor City,68,28,wheat field alan walker,43.5,0.25,4,1,youtube_suggest,2026-09-12 19:12:45.562947
17,Golden Grain Conveyor City,68,29,wheat field background loop,43.5,0.25,4,1,youtube_suggest,2026-09-12 19:12:45.563159
17,Golden Grain Conveyor City,68,30,wheat field chinese song,43.5,0.25,4,1,youtube_suggest,2026-09-12 19:12:45.563388
17,Golden Grain Conveyor City,68,31,wheat field drone shot,43.5,0.25,4,1,youtube_suggest,2026-09-12 19:12:45.563598
17,Golden Grain Conveyor City,68,32,minecraft wheat field design,43.5,0.25,4,1,youtube_suggest,2026-09-12 19:12:45.563799
17,Golden Grain Conveyor City,68,33,wheat field sound effect,43.5,0.25,4,1,youtube_suggest,2026-09-12 19:12:45.564011
17,Golden Grain Conveyor City,68,34,wheat field stock footage,43.5,0.25,4,1,youtube_suggest,2026-09-12 19:12:45.564208
17,Golden Grain Conveyor City,68,35,wheat field backpack type adjustable pesticide automatic sprayer,41.67,0.1667,8,1,youtube_suggest,2026-09-12 19:12:45.564426
17,Golden Grain Conveyor City,68,36,wheat fields and old dirt roads,37.0,0.1,6,1,youtube_suggest,2026-09-12 19:12:45.567958
17,Golden Grain Conveyor City,68,37,wheat from farm to table,36.75,0.125,5,1,youtube_suggest,2026-09-12 19:12:45.568265
17,Golden Grain Conveyor City,68,38,wheat farm create mod 1.21.1,35.78,0.1111,5,1,youtube_suggest,2026-09-12 19:12:45.568502
17,Golden Grain Conveyor City,68,39,wheat farm for minecraft bedrock,35.78,0.1111,5,1,youtube_suggest,2026-09-12 19:12:45.568739
17,Golden Grain Conveyor City,68,40,wheat farm for donut smp,35.78,0.1111,5,1,youtube_suggest,2026-09-12 19:12:45.568939
17,Golden Grain Conveyor City,68,41,wheat farm design hypixel skyblock,35.0,0.1,5,1,youtube_suggest,2026-09-12 19:12:45.569132
17,Golden Grain Conveyor City,68,42,wheat farm automatic 1.21,34.75,0.125,4,1,youtube_suggest,2026-09-12 19:12:45.569334
17,Golden Grain Conveyor City,68,43,wheat planting to harvest,34.75,0.125,4,1,youtube_suggest,2026-09-12 19:12:45.569523
17,Golden Grain Conveyor City,68,44,wheat farm automatic minecraft,33.78,0.1111,4,1,youtube_suggest,2026-09-12 19:12:45.569717
17,Golden Grain Conveyor City,68,45,wheat farm block tycoon,33.78,0.1111,4,1,youtube_suggest,2026-09-12 19:12:45.569900
17,Golden Grain Conveyor City,68,46,wheat farm build minecraft,33.78,0.1111,4,1,youtube_suggest,2026-09-12 19:12:45.570082
17,Golden Grain Conveyor City,68,47,bone meal wheat farm,33.78,0.1111,4,1,youtube_suggest,2026-09-12 19:12:45.570327
17,Golden Grain Conveyor City,68,48,wheat farm create mod,33.78,0.1111,4,1,youtube_suggest,2026-09-12 19:12:45.570523
17,Golden Grain Conveyor City,68,49,wheat farm cubecraft skyblock,33.78,0.1111,4,1,youtube_suggest,2026-09-12 19:12:45.570711
17,Golden Grain Conveyor City,68,50,wheat crop farm minecraft,33.78,0.1111,4,1,youtube_suggest,2026-09-12 19:12:45.570903
17,Golden Grain Conveyor City,68,51,wheat farm design minecraft,33.78,0.1111,4,1,youtube_suggest,2026-09-12 19:12:45.571121
17,Golden Grain Conveyor City,68,52,wheat farm donut smp,33.78,0.1111,4,1,youtube_suggest,2026-09-12 19:12:45.571322
17,Golden Grain Conveyor City,68,53,wheat farm machine minecraft,33.78,0.1111,4,1,youtube_suggest,2026-09-12 19:12:45.571516
17,Golden Grain Conveyor City,68,54,wheat seed cleaning machine,33.78,0.1111,4,1,youtube_suggest,2026-09-12 19:12:45.571725
17,Golden Grain Conveyor City,68,55,wheat field,33.33,0.3333,2,0,youtube_suggest,2026-09-12 19:12:45.571912
17,Golden Grain Conveyor City,68,56,wheat farm automatic,32.75,0.125,3,1,youtube_suggest,2026-09-12 19:12:45.572097
17,Golden Grain Conveyor City,68,57,wheat farm bedrock,32.75,0.125,3,1,youtube_suggest,2026-09-12 19:12:45.572294
17,Golden Grain Conveyor City,68,58,wheat carrot farm,32.75,0.125,3,1,youtube_suggest,2026-09-12 19:12:45.572472
17,Golden Grain Conveyor City,68,59,wheat farm drawing,32.75,0.125,3,1,youtube_suggest,2026-09-12 19:12:45.580112
17,Golden Grain Conveyor City,68,60,wheat farm donut,32.75,0.125,3,1,youtube_suggest,2026-09-12 19:12:45.580651
18,Wheatfield Solar Crown,69,1,wheat field video,52.0,0.4,3,1,youtube_suggest,2026-09-12 19:14:33.329090
18,Wheatfield Solar Crown,69,2,wheat from field to flour,51.33,0.3333,5,1,youtube_suggest,2026-09-12 19:14:33.337232
18,Wheatfield Solar Crown,69,3,wheat field blowing in the wind,50.0,0.2857,6,1,youtube_suggest,2026-09-12 19:14:33.337561
18,Wheatfield Solar Crown,69,4,the crew solar crown,49.33,0.3333,4,1,youtube_suggest,2026-09-12 19:14:33.337797
18,Wheatfield Solar Crown,69,5,wheat field background video,49.33,0.3333,4,1,youtube_suggest,2026-09-12 19:14:33.338031
18,Wheatfield Solar Crown,69,6,the crew motorfest vs tdu solar crown,47.5,0.25,7,1,youtube_suggest,2026-09-12 19:14:33.338251
18,Wheatfield Solar Crown,69,7,wheat field minecraft,47.33,0.3333,3,1,youtube_suggest,2026-09-12 19:14:33.338494
18,Wheatfield Solar Crown,69,8,wheat field ambience,47.33,0.3333,3,1,youtube_suggest,2026-09-12 19:14:33.338734
18,Wheatfield Solar Crown,69,9,wheat field gladiator,47.33,0.3333,3,1,youtube_suggest,2026-09-12 19:14:33.338980
18,Wheatfield Solar Crown,69,10,wheat field fire,47.33,0.3333,3,1,youtube_suggest,2026-09-12 19:14:33.339216
18,Wheatfield Solar Crown,69,11,wheat field sounds,47.33,0.3333,3,1,youtube_suggest,2026-09-12 19:14:33.339439
18,Wheatfield Solar Crown,69,12,wheat field sunset,47.33,0.3333,3,1,youtube_suggest,2026-09-12 19:14:33.339654
18,Wheatfield Solar Crown,69,13,wheat field painting,47.33,0.3333,3,1,youtube_suggest,2026-09-12 19:14:33.339864
18,Wheatfield Solar Crown,69,14,wheat field acnh,47.33,0.3333,3,1,youtube_suggest,2026-09-12 19:14:33.340126
18,Wheatfield Solar Crown,69,15,wheat field asmr,47.33,0.3333,3,1,youtube_suggest,2026-09-12 19:14:33.340345
18,Wheatfield Solar Crown,69,16,wheat field ambient,47.33,0.3333,3,1,youtube_suggest,2026-09-12 19:14:33.346467
18,Wheatfield Solar Crown,69,17,wheat field background,47.33,0.3333,3,1,youtube_suggest,2026-09-12 19:14:33.347637
18,Wheatfield Solar Crown,69,18,wheat field blender,47.33,0.3333,3,1,youtube_suggest,2026-09-12 19:14:33.349554
18,Wheatfield Solar Crown,69,19,wheat field cinematic,47.33,0.3333,3,1,youtube_suggest,2026-09-12 19:14:33.352705
18,Wheatfield Solar Crown,69,20,wheat field diorama,47.33,0.3333,3,1,youtube_suggest,2026-09-12 19:14:33.353109
18,Wheatfield Solar Crown,69,21,wheat field drawing,47.33,0.3333,3,1,youtube_suggest,2026-09-12 19:14:33.353332
18,Wheatfield Solar Crown,69,22,wheat dove field,47.33,0.3333,3,1,youtube_suggest,2026-09-12 19:14:33.353548
18,Wheatfield Solar Crown,69,23,wheat field scene,47.33,0.3333,3,1,youtube_suggest,2026-09-12 19:14:33.353814
18,Wheatfield Solar Crown,69,24,wheat field footage,47.33,0.3333,3,1,youtube_suggest,2026-09-12 19:14:33.354046
18,Wheatfield Solar Crown,69,25,wheat field harvest,47.33,0.3333,3,1,youtube_suggest,2026-09-12 19:14:33.354264
18,Wheatfield Solar Crown,69,26,solar crown test drive,46.0,0.2857,4,1,youtube_suggest,2026-09-12 19:14:33.354474
18,Wheatfield Solar Crown,69,27,wheat field animal crossing,46.0,0.2857,4,1,youtube_suggest,2026-09-12 19:14:33.354692
18,Wheatfield Solar Crown,69,28,wheat field acrylic painting,46.0,0.2857,4,1,youtube_suggest,2026-09-12 19:14:33.354901
18,Wheatfield Solar Crown,69,29,wheat field alan walker,46.0,0.2857,4,1,youtube_suggest,2026-09-12 19:14:33.355130
18,Wheatfield Solar Crown,69,30,wheat field background loop,46.0,0.2857,4,1,youtube_suggest,2026-09-12 19:14:33.355408
18,Wheatfield Solar Crown,69,31,wheat field chinese song,46.0,0.2857,4,1,youtube_suggest,2026-09-12 19:14:33.355626
18,Wheatfield Solar Crown,69,32,wheat field drone shot,46.0,0.2857,4,1,youtube_suggest,2026-09-12 19:14:33.355834
18,Wheatfield Solar Crown,69,33,minecraft wheat field design,46.0,0.2857,4,1,youtube_suggest,2026-09-12 19:14:33.356048
18,Wheatfield Solar Crown,69,34,wheat field sound effect,46.0,0.2857,4,1,youtube_suggest,2026-09-12 19:14:33.356261
18,Wheatfield Solar Crown,69,35,wheat field stock footage,46.0,0.2857,4,1,youtube_suggest,2026-09-12 19:14:33.356486
18,Wheatfield Solar Crown,69,36,wind over the wheat field female cover,45.56,0.2222,7,1,youtube_suggest,2026-09-12 19:14:33.366551
18,Wheatfield Solar Crown,69,37,test drive solar crown map,45.5,0.25,5,1,youtube_suggest,2026-09-12 19:14:33.366870
18,Wheatfield Solar Crown,69,38,wheat field backpack type adjustable pesticide automatic sprayer,42.73,0.1818,8,1,youtube_suggest,2026-09-12 19:14:33.367435
18,Wheatfield Solar Crown,69,39,wheat field,38.0,0.4,2,0,youtube_suggest,2026-09-12 19:14:33.368852
18,Wheatfield Solar Crown,69,40,wheat from farm to table,38.0,0.1429,5,1,youtube_suggest,2026-09-12 19:14:33.369122
18,Wheatfield Solar Crown,69,41,wheat fields and old dirt roads,37.78,0.1111,6,1,youtube_suggest,2026-09-12 19:14:33.369349
18,Wheatfield Solar Crown,69,42,wheat farm create mod 1.21.1,36.75,0.125,5,1,youtube_suggest,2026-09-12 19:14:33.369572
18,Wheatfield Solar Crown,69,43,wheat farm for minecraft bedrock,36.75,0.125,5,1,youtube_suggest,2026-09-12 19:14:33.369789
18,Wheatfield Solar Crown,69,44,wheat farm for donut smp,36.75,0.125,5,1,youtube_suggest,2026-09-12 19:14:33.370012
18,Wheatfield Solar Crown,69,45,wheat farm automatic 1.21,36.0,0.1429,4,1,youtube_suggest,2026-09-12 19:14:33.370222
18,Wheatfield Solar Crown,69,46,wheat planting to harvest,36.0,0.1429,4,1,youtube_suggest,2026-09-12 19:14:33.370429
18,Wheatfield Solar Crown,69,47,wheat farm design hypixel skyblock,35.78,0.1111,5,1,youtube_suggest,2026-09-12 19:14:33.370638
18,Wheatfield Solar Crown,69,48,wheatfield with cypresses,35.67,0.1667,3,1,youtube_suggest,2026-09-12 19:14:33.370869
18,Wheatfield Solar Crown,69,49,wheat farm automatic minecraft,34.75,0.125,4,1,youtube_suggest,2026-09-12 19:14:33.371121
18,Wheatfield Solar Crown,69,50,wheat farm block tycoon,34.75,0.125,4,1,youtube_suggest,2026-09-12 19:14:33.371331
18,Wheatfield Solar Crown,69,51,wheat farm build minecraft,34.75,0.125,4,1,youtube_suggest,2026-09-12 19:14:33.371529
18,Wheatfield Solar Crown,69,52,bone meal wheat farm,34.75,0.125,4,1,youtube_suggest,2026-09-12 19:14:33.371750
18,Wheatfield Solar Crown,69,53,wheat farm create mod,34.75,0.125,4,1,youtube_suggest,2026-09-12 19:14:33.371972
18,Wheatfield Solar Crown,69,54,wheat farm cubecraft skyblock,34.75,0.125,4,1,youtube_suggest,2026-09-12 19:14:33.372181
18,Wheatfield Solar Crown,69,55,wheat crop farm minecraft,34.75,0.125,4,1,youtube_suggest,2026-09-12 19:14:33.372383
18,Wheatfield Solar Crown,69,56,wheat farm design minecraft,34.75,0.125,4,1,youtube_suggest,2026-09-12 19:14:33.382961
18,Wheatfield Solar Crown,69,57,wheat farm donut smp,34.75,0.125,4,1,youtube_suggest,2026-09-12 19:14:33.383311
18,Wheatfield Solar Crown,69,58,wheat farm machine minecraft,34.75,0.125,4,1,youtube_suggest,2026-09-12 19:14:33.383523
18,Wheatfield Solar Crown,69,59,wheat seed cleaning machine,34.75,0.125,4,1,youtube_suggest,2026-09-12 19:14:33.383711
18,Wheatfield Solar Crown,69,60,wheatfield under thunderclouds,34.0,0.1429,3,1,youtube_suggest,2026-09-12 19:14:33.383909
19,The Root Network Excavator,70,1,wheat field video,52.0,0.4,3,1,youtube_suggest,2026-09-12 19:16:02.763902
19,The Root Network Excavator,70,2,the root network,52.0,0.4,3,1,youtube_suggest,2026-09-12 19:16:02.764213
19,The Root Network Excavator,70,3,wheat from field to flour,51.33,0.3333,5,1,youtube_suggest,2026-09-12 19:16:02.764424
19,The Root Network Excavator,70,4,wheat field blowing in the wind,50.0,0.2857,6,1,youtube_suggest,2026-09-12 19:16:02.766406
19,The Root Network Excavator,70,5,wheat field background video,49.33,0.3333,4,1,youtube_suggest,2026-09-12 19:16:02.766678
19,The Root Network Excavator,70,6,root ripper for excavator,49.33,0.3333,4,1,youtube_suggest,2026-09-12 19:16:02.766899
19,The Root Network Excavator,70,7,root rake on excavator,49.33,0.3333,4,1,youtube_suggest,2026-09-12 19:16:02.768715
19,The Root Network Excavator,70,8,root ripper for mini excavator,48.0,0.2857,5,1,youtube_suggest,2026-09-12 19:16:02.769104
19,The Root Network Excavator,70,9,wheat field minecraft,47.33,0.3333,3,1,youtube_suggest,2026-09-12 19:16:02.769906
19,The Root Network Excavator,70,10,wheat field ambience,47.33,0.3333,3,1,youtube_suggest,2026-09-12 19:16:02.770150
19,The Root Network Excavator,70,11,wheat field gladiator,47.33,0.3333,3,1,youtube_suggest,2026-09-12 19:16:02.770367
19,The Root Network Excavator,70,12,wheat field fire,47.33,0.3333,3,1,youtube_suggest,2026-09-12 19:16:02.770657
19,The Root Network Excavator,70,13,wheat field sounds,47.33,0.3333,3,1,youtube_suggest,2026-09-12 19:16:02.770841
19,The Root Network Excavator,70,14,wheat field sunset,47.33,0.3333,3,1,youtube_suggest,2026-09-12 19:16:02.771083
19,The Root Network Excavator,70,15,wheat field painting,47.33,0.3333,3,1,youtube_suggest,2026-09-12 19:16:02.771248
19,The Root Network Excavator,70,16,wheat field acnh,47.33,0.3333,3,1,youtube_suggest,2026-09-12 19:16:02.771409
19,The Root Network Excavator,70,17,wheat field asmr,47.33,0.3333,3,1,youtube_suggest,2026-09-12 19:16:02.771561
19,The Root Network Excavator,70,18,wheat field ambient,47.33,0.3333,3,1,youtube_suggest,2026-09-12 19:16:02.771725
19,The Root Network Excavator,70,19,wheat field background,47.33,0.3333,3,1,youtube_suggest,2026-09-12 19:16:02.771872
19,The Root Network Excavator,70,20,wheat field blender,47.33,0.3333,3,1,youtube_suggest,2026-09-12 19:16:02.772017
19,The Root Network Excavator,70,21,wheat field cinematic,47.33,0.3333,3,1,youtube_suggest,2026-09-12 19:16:02.772162
19,The Root Network Excavator,70,22,wheat field diorama,47.33,0.3333,3,1,youtube_suggest,2026-09-12 19:16:02.772307
19,The Root Network Excavator,70,23,wheat field drawing,47.33,0.3333,3,1,youtube_suggest,2026-09-12 19:16:02.772464
19,The Root Network Excavator,70,24,wheat dove field,47.33,0.3333,3,1,youtube_suggest,2026-09-12 19:16:02.776599
19,The Root Network Excavator,70,25,wheat field scene,47.33,0.3333,3,1,youtube_suggest,2026-09-12 19:16:02.776991
19,The Root Network Excavator,70,26,wheat field footage,47.33,0.3333,3,1,youtube_suggest,2026-09-12 19:16:02.777166
19,The Root Network Excavator,70,27,wheat field harvest,47.33,0.3333,3,1,youtube_suggest,2026-09-12 19:16:02.777343
19,The Root Network Excavator,70,28,wheat field animal crossing,46.0,0.2857,4,1,youtube_suggest,2026-09-12 19:16:02.777510
19,The Root Network Excavator,70,29,wheat field acrylic painting,46.0,0.2857,4,1,youtube_suggest,2026-09-12 19:16:02.777660
19,The Root Network Excavator,70,30,wheat field alan walker,46.0,0.2857,4,1,youtube_suggest,2026-09-12 19:16:02.777817
19,The Root Network Excavator,70,31,wheat field background loop,46.0,0.2857,4,1,youtube_suggest,2026-09-12 19:16:02.777968
19,The Root Network Excavator,70,32,wheat field chinese song,46.0,0.2857,4,1,youtube_suggest,2026-09-12 19:16:02.778110
19,The Root Network Excavator,70,33,wheat field drone shot,46.0,0.2857,4,1,youtube_suggest,2026-09-12 19:16:02.778250
19,The Root Network Excavator,70,34,minecraft wheat field design,46.0,0.2857,4,1,youtube_suggest,2026-09-12 19:16:02.778388
19,The Root Network Excavator,70,35,wheat field sound effect,46.0,0.2857,4,1,youtube_suggest,2026-09-12 19:16:02.778554
19,The Root Network Excavator,70,36,wheat field stock footage,46.0,0.2857,4,1,youtube_suggest,2026-09-12 19:16:02.778712
19,The Root Network Excavator,70,37,wind over the wheat field female cover,45.56,0.2222,7,1,youtube_suggest,2026-09-12 19:16:02.778856
19,The Root Network Excavator,70,38,wheat field backpack type adjustable pesticide automatic sprayer,42.73,0.1818,8,1,youtube_suggest,2026-09-12 19:16:02.779002
19,The Root Network Excavator,70,39,wheat field,38.0,0.4,2,0,youtube_suggest,2026-09-12 19:16:02.779139
19,The Root Network Excavator,70,40,wheat from farm to table,38.0,0.1429,5,1,youtube_suggest,2026-09-12 19:16:02.779268
19,The Root Network Excavator,70,41,root network,38.0,0.4,2,0,youtube_suggest,2026-09-12 19:16:02.779420
19,The Root Network Excavator,70,42,wheat fields and old dirt roads,37.78,0.1111,6,1,youtube_suggest,2026-09-12 19:16:02.782924
19,The Root Network Excavator,70,43,wheat farm create mod 1.21.1,36.75,0.125,5,1,youtube_suggest,2026-09-12 19:16:02.783169
19,The Root Network Excavator,70,44,wheat farm for minecraft bedrock,36.75,0.125,5,1,youtube_suggest,2026-09-12 19:16:02.784848
19,The Root Network Excavator,70,45,wheat farm for donut smp,36.75,0.125,5,1,youtube_suggest,2026-09-12 19:16:02.785154
19,The Root Network Excavator,70,46,root cause root canal documentary,36.75,0.125,5,1,youtube_suggest,2026-09-12 19:16:02.785366
19,The Root Network Excavator,70,47,wheat farm automatic 1.21,36.0,0.1429,4,1,youtube_suggest,2026-09-12 19:16:02.785555
19,The Root Network Excavator,70,48,wheat planting to harvest,36.0,0.1429,4,1,youtube_suggest,2026-09-12 19:16:02.785736
19,The Root Network Excavator,70,49,root rake on dozer,36.0,0.1429,4,1,youtube_suggest,2026-09-12 19:16:02.785908
19,The Root Network Excavator,70,50,wheat farm design hypixel skyblock,35.78,0.1111,5,1,youtube_suggest,2026-09-12 19:16:02.786076
19,The Root Network Excavator,70,51,wheat farm automatic minecraft,34.75,0.125,4,1,youtube_suggest,2026-09-12 19:16:02.786244
19,The Root Network Excavator,70,52,wheat farm block tycoon,34.75,0.125,4,1,youtube_suggest,2026-09-12 19:16:02.786427
19,The Root Network Excavator,70,53,wheat farm build minecraft,34.75,0.125,4,1,youtube_suggest,2026-09-12 19:16:02.786594
19,The Root Network Excavator,70,54,bone meal wheat farm,34.75,0.125,4,1,youtube_suggest,2026-09-12 19:16:02.786774
19,The Root Network Excavator,70,55,wheat farm create mod,34.75,0.125,4,1,youtube_suggest,2026-09-12 19:16:02.786962
19,The Root Network Excavator,70,56,wheat farm cubecraft skyblock,34.75,0.125,4,1,youtube_suggest,2026-09-12 19:16:02.787133
19,The Root Network Excavator,70,57,wheat crop farm minecraft,34.75,0.125,4,1,youtube_suggest,2026-09-12 19:16:02.787345
19,The Root Network Excavator,70,58,wheat farm design minecraft,34.75,0.125,4,1,youtube_suggest,2026-09-12 19:16:02.787532
19,The Root Network Excavator,70,59,wheat farm donut smp,34.75,0.125,4,1,youtube_suggest,2026-09-12 19:16:02.787721
19,The Root Network Excavator,70,60,wheat farm machine minecraft,34.75,0.125,4,1,youtube_suggest,2026-09-12 19:16:02.787907
20,Wheat Sentinel Colossus,71,1,wheat field video,59.0,0.5,3,1,youtube_suggest,2026-09-12 19:17:31.805827
20,Wheat Sentinel Colossus,71,2,wheat from field to flour,56.0,0.4,5,1,youtube_suggest,2026-09-12 19:17:31.806330
20,Wheat Sentinel Colossus,71,3,wheat field background video,54.0,0.4,4,1,youtube_suggest,2026-09-12 19:17:31.806714
20,Wheat Sentinel Colossus,71,4,wheat field blowing in the wind,53.33,0.3333,6,1,youtube_suggest,2026-09-12 19:17:31.807087
20,Wheat Sentinel Colossus,71,5,wheat field minecraft,52.0,0.4,3,1,youtube_suggest,2026-09-12 19:17:31.807355
20,Wheat Sentinel Colossus,71,6,wheat field ambience,52.0,0.4,3,1,youtube_suggest,2026-09-12 19:17:31.807629
20,Wheat Sentinel Colossus,71,7,wheat field gladiator,52.0,0.4,3,1,youtube_suggest,2026-09-12 19:17:31.812912
20,Wheat Sentinel Colossus,71,8,wheat field fire,52.0,0.4,3,1,youtube_suggest,2026-09-12 19:17:31.813364
20,Wheat Sentinel Colossus,71,9,wheat field sounds,52.0,0.4,3,1,youtube_suggest,2026-09-12 19:17:31.816657
20,Wheat Sentinel Colossus,71,10,wheat field sunset,52.0,0.4,3,1,youtube_suggest,2026-09-12 19:17:31.817007
20,Wheat Sentinel Colossus,71,11,wheat field painting,52.0,0.4,3,1,youtube_suggest,2026-09-12 19:17:31.817245
20,Wheat Sentinel Colossus,71,12,wheat field acnh,52.0,0.4,3,1,youtube_suggest,2026-09-12 19:17:31.817399
20,Wheat Sentinel Colossus,71,13,wheat field asmr,52.0,0.4,3,1,youtube_suggest,2026-09-12 19:17:31.817631
20,Wheat Sentinel Colossus,71,14,wheat field ambient,52.0,0.4,3,1,youtube_suggest,2026-09-12 19:17:31.817821
20,Wheat Sentinel Colossus,71,15,wheat field background,52.0,0.4,3,1,youtube_suggest,2026-09-12 19:17:31.817958
20,Wheat Sentinel Colossus,71,16,wheat field blender,52.0,0.4,3,1,youtube_suggest,2026-09-12 19:17:31.818099
20,Wheat Sentinel Colossus,71,17,wheat field cinematic,52.0,0.4,3,1,youtube_suggest,2026-09-12 19:17:31.818225
20,Wheat Sentinel Colossus,71,18,wheat field diorama,52.0,0.4,3,1,youtube_suggest,2026-09-12 19:17:31.818361
20,Wheat Sentinel Colossus,71,19,wheat field drawing,52.0,0.4,3,1,youtube_suggest,2026-09-12 19:17:31.818649
20,Wheat Sentinel Colossus,71,20,wheat dove field,52.0,0.4,3,1,youtube_suggest,2026-09-12 19:17:31.818931
20,Wheat Sentinel Colossus,71,21,wheat field scene,52.0,0.4,3,1,youtube_suggest,2026-09-12 19:17:31.819192
20,Wheat Sentinel Colossus,71,22,wheat field footage,52.0,0.4,3,1,youtube_suggest,2026-09-12 19:17:31.819436
20,Wheat Sentinel Colossus,71,23,wheat field harvest,52.0,0.4,3,1,youtube_suggest,2026-09-12 19:17:31.819688
20,Wheat Sentinel Colossus,71,24,wheat field animal crossing,49.33,0.3333,4,1,youtube_suggest,2026-09-12 19:17:31.825094
20,Wheat Sentinel Colossus,71,25,wheat field acrylic painting,49.33,0.3333,4,1,youtube_suggest,2026-09-12 19:17:31.825438
20,Wheat Sentinel Colossus,71,26,wheat field alan walker,49.33,0.3333,4,1,youtube_suggest,2026-09-12 19:17:31.825736
20,Wheat Sentinel Colossus,71,27,wheat field background loop,49.33,0.3333,4,1,youtube_suggest,2026-09-12 19:17:31.826009
20,Wheat Sentinel Colossus,71,28,wheat field chinese song,49.33,0.3333,4,1,youtube_suggest,2026-09-12 19:17:31.826185
20,Wheat Sentinel Colossus,71,29,wheat field drone shot,49.33,0.3333,4,1,youtube_suggest,2026-09-12 19:17:31.826329
20,Wheat Sentinel Colossus,71,30,minecraft wheat field design,49.33,0.3333,4,1,youtube_suggest,2026-09-12 19:17:31.826472
20,Wheat Sentinel Colossus,71,31,wheat field sound effect,49.33,0.3333,4,1,youtube_suggest,2026-09-12 19:17:31.826607
20,Wheat Sentinel Colossus,71,32,wheat field stock footage,49.33,0.3333,4,1,youtube_suggest,2026-09-12 19:17:31.833222
20,Wheat Sentinel Colossus,71,33,wind over the wheat field female cover,47.5,0.25,7,1,youtube_suggest,2026-09-12 19:17:31.833509
20,Wheat Sentinel Colossus,71,34,wheat field,45.0,0.5,2,0,youtube_suggest,2026-09-12 19:17:31.833670
20,Wheat Sentinel Colossus,71,35,wheat field backpack type adjustable pesticide automatic sprayer,44.0,0.2,8,1,youtube_suggest,2026-09-12 19:17:31.833891
20,Wheat Sentinel Colossus,71,36,wheat from farm to table,39.67,0.1667,5,1,youtube_suggest,2026-09-12 19:17:31.834206
20,Wheat Sentinel Colossus,71,37,wheat fields and old dirt roads,38.75,0.125,6,1,youtube_suggest,2026-09-12 19:17:31.834504
20,Wheat Sentinel Colossus,71,38,wheat farm create mod 1.21.1,38.0,0.1429,5,1,youtube_suggest,2026-09-12 19:17:31.834775
20,Wheat Sentinel Colossus,71,39,wheat farm for minecraft bedrock,38.0,0.1429,5,1,youtube_suggest,2026-09-12 19:17:31.835049
20,Wheat Sentinel Colossus,71,40,wheat farm for donut smp,38.0,0.1429,5,1,youtube_suggest,2026-09-12 19:17:31.835341
20,Wheat Sentinel Colossus,71,41,wheat farm automatic 1.21,37.67,0.1667,4,1,youtube_suggest,2026-09-12 19:17:31.835660
20,Wheat Sentinel Colossus,71,42,wheat planting to harvest,37.67,0.1667,4,1,youtube_suggest,2026-09-12 19:17:31.835916
20,Wheat Sentinel Colossus,71,43,wheat farm design hypixel skyblock,36.75,0.125,5,1,youtube_suggest,2026-09-12 19:17:31.836073
20,Wheat Sentinel Colossus,71,44,wheat farm automatic minecraft,36.0,0.1429,4,1,youtube_suggest,2026-09-12 19:17:31.836263
20,Wheat Sentinel Colossus,71,45,wheat farm block tycoon,36.0,0.1429,4,1,youtube_suggest,2026-09-12 19:17:31.836414
20,Wheat Sentinel Colossus,71,46,wheat farm build minecraft,36.0,0.1429,4,1,youtube_suggest,2026-09-12 19:17:31.840748
20,Wheat Sentinel Colossus,71,47,bone meal wheat farm,36.0,0.1429,4,1,youtube_suggest,2026-09-12 19:17:31.841081
20,Wheat Sentinel Colossus,71,48,wheat farm create mod,36.0,0.1429,4,1,youtube_suggest,2026-09-12 19:17:31.841235
20,Wheat Sentinel Colossus,71,49,wheat farm cubecraft skyblock,36.0,0.1429,4,1,youtube_suggest,2026-09-12 19:17:31.841388
20,Wheat Sentinel Colossus,71,50,wheat crop farm minecraft,36.0,0.1429,4,1,youtube_suggest,2026-09-12 19:17:31.841519
20,Wheat Sentinel Colossus,71,51,wheat farm design minecraft,36.0,0.1429,4,1,youtube_suggest,2026-09-12 19:17:31.841647
20,Wheat Sentinel Colossus,71,52,wheat farm donut smp,36.0,0.1429,4,1,youtube_suggest,2026-09-12 19:17:31.841924
20,Wheat Sentinel Colossus,71,53,wheat farm machine minecraft,36.0,0.1429,4,1,youtube_suggest,2026-09-12 19:17:31.842326
20,Wheat Sentinel Colossus,71,54,wheat seed cleaning machine,36.0,0.1429,4,1,youtube_suggest,2026-09-12 19:17:31.844689
20,Wheat Sentinel Colossus,71,55,wheat farm automatic,35.67,0.1667,3,1,youtube_suggest,2026-09-12 19:17:31.845142
20,Wheat Sentinel Colossus,71,56,wheat farm bedrock,35.67,0.1667,3,1,youtube_suggest,2026-09-12 19:17:31.845346
20,Wheat Sentinel Colossus,71,57,wheat carrot farm,35.67,0.1667,3,1,youtube_suggest,2026-09-12 19:17:31.845526
20,Wheat Sentinel Colossus,71,58,wheat farm drawing,35.67,0.1667,3,1,youtube_suggest,2026-09-12 19:17:31.845685
20,Wheat Sentinel Colossus,71,59,wheat farm donut,35.67,0.1667,3,1,youtube_suggest,2026-09-12 19:17:31.845838
20,Wheat Sentinel Colossus,71,60,wheat farm easy,35.67,0.1667,3,1,youtube_suggest,2026-09-12 19:17:31.845989
21,The Atmospheric Grain Elevator,72,1,what is a grain elevator,56.0,0.4,5,1,youtube_suggest,2026-09-12 19:18:55.542946
21,The Atmospheric Grain Elevator,72,2,wheat field video,52.0,0.4,3,1,youtube_suggest,2026-09-12 19:18:55.543317
21,The Atmospheric Grain Elevator,72,3,wheat from field to flour,51.33,0.3333,5,1,youtube_suggest,2026-09-12 19:18:55.543521
21,The Atmospheric Grain Elevator,72,4,grain elevator how it works,51.33,0.3333,5,1,youtube_suggest,2026-09-12 19:18:55.543690
21,The Atmospheric Grain Elevator,72,5,wheat field blowing in the wind,50.0,0.2857,6,1,youtube_suggest,2026-09-12 19:18:55.544779
21,The Atmospheric Grain Elevator,72,6,wheat field background video,49.33,0.3333,4,1,youtube_suggest,2026-09-12 19:18:55.544998
21,The Atmospheric Grain Elevator,72,7,wheat field minecraft,47.33,0.3333,3,1,youtube_suggest,2026-09-12 19:18:55.545165
21,The Atmospheric Grain Elevator,72,8,wheat field ambience,47.33,0.3333,3,1,youtube_suggest,2026-09-12 19:18:55.545339
21,The Atmospheric Grain Elevator,72,9,wheat field gladiator,47.33,0.3333,3,1,youtube_suggest,2026-09-12 19:18:55.545499
21,The Atmospheric Grain Elevator,72,10,wheat field fire,47.33,0.3333,3,1,youtube_suggest,2026-09-12 19:18:55.545679
21,The Atmospheric Grain Elevator,72,11,wheat field sounds,47.33,0.3333,3,1,youtube_suggest,2026-09-12 19:18:55.545884
21,The Atmospheric Grain Elevator,72,12,wheat field sunset,47.33,0.3333,3,1,youtube_suggest,2026-09-12 19:18:55.546073
21,The Atmospheric Grain Elevator,72,13,wheat field painting,47.33,0.3333,3,1,youtube_suggest,2026-09-12 19:18:55.546269
21,The Atmospheric Grain Elevator,72,14,wheat field acnh,47.33,0.3333,3,1,youtube_suggest,2026-09-12 19:18:55.546476
21,The Atmospheric Grain Elevator,72,15,wheat field asmr,47.33,0.3333,3,1,youtube_suggest,2026-09-12 19:18:55.546665
21,The Atmospheric Grain Elevator,72,16,wheat field ambient,47.33,0.3333,3,1,youtube_suggest,2026-09-12 19:18:55.546846
21,The Atmospheric Grain Elevator,72,17,wheat field background,47.33,0.3333,3,1,youtube_suggest,2026-09-12 19:18:55.547032
21,The Atmospheric Grain Elevator,72,18,wheat field blender,47.33,0.3333,3,1,youtube_suggest,2026-09-12 19:18:55.547227
21,The Atmospheric Grain Elevator,72,19,wheat field cinematic,47.33,0.3333,3,1,youtube_suggest,2026-09-12 19:18:55.547427
21,The Atmospheric Grain Elevator,72,20,wheat field diorama,47.33,0.3333,3,1,youtube_suggest,2026-09-12 19:18:55.547633
21,The Atmospheric Grain Elevator,72,21,wheat field drawing,47.33,0.3333,3,1,youtube_suggest,2026-09-12 19:18:55.547825
21,The Atmospheric Grain Elevator,72,22,wheat dove field,47.33,0.3333,3,1,youtube_suggest,2026-09-12 19:18:55.548013
21,The Atmospheric Grain Elevator,72,23,wheat field scene,47.33,0.3333,3,1,youtube_suggest,2026-09-12 19:18:55.548203
21,The Atmospheric Grain Elevator,72,24,wheat field footage,47.33,0.3333,3,1,youtube_suggest,2026-09-12 19:18:55.548409
21,The Atmospheric Grain Elevator,72,25,wheat field harvest,47.33,0.3333,3,1,youtube_suggest,2026-09-12 19:18:55.559753
21,The Atmospheric Grain Elevator,72,26,wheat field animal crossing,46.0,0.2857,4,1,youtube_suggest,2026-09-12 19:18:55.560087
21,The Atmospheric Grain Elevator,72,27,wheat field acrylic painting,46.0,0.2857,4,1,youtube_suggest,2026-09-12 19:18:55.560286
21,The Atmospheric Grain Elevator,72,28,wheat field alan walker,46.0,0.2857,4,1,youtube_suggest,2026-09-12 19:18:55.560464
21,The Atmospheric Grain Elevator,72,29,wheat field background loop,46.0,0.2857,4,1,youtube_suggest,2026-09-12 19:18:55.563239
21,The Atmospheric Grain Elevator,72,30,wheat field chinese song,46.0,0.2857,4,1,youtube_suggest,2026-09-12 19:18:55.563497
21,The Atmospheric Grain Elevator,72,31,wheat field drone shot,46.0,0.2857,4,1,youtube_suggest,2026-09-12 19:18:55.563726
21,The Atmospheric Grain Elevator,72,32,minecraft wheat field design,46.0,0.2857,4,1,youtube_suggest,2026-09-12 19:18:55.563998
21,The Atmospheric Grain Elevator,72,33,wheat field sound effect,46.0,0.2857,4,1,youtube_suggest,2026-09-12 19:18:55.564189
21,The Atmospheric Grain Elevator,72,34,wheat field stock footage,46.0,0.2857,4,1,youtube_suggest,2026-09-12 19:18:55.564378
21,The Atmospheric Grain Elevator,72,35,tom scott grain elevator,46.0,0.2857,4,1,youtube_suggest,2026-09-12 19:18:55.566612
21,The Atmospheric Grain Elevator,72,36,grain elevator dust explosion,46.0,0.2857,4,1,youtube_suggest,2026-09-12 19:18:55.566980
21,The Atmospheric Grain Elevator,72,37,wind over the wheat field female cover,45.56,0.2222,7,1,youtube_suggest,2026-09-12 19:18:55.567190
21,The Atmospheric Grain Elevator,72,38,wheat field backpack type adjustable pesticide automatic sprayer,42.73,0.1818,8,1,youtube_suggest,2026-09-12 19:18:55.567396
21,The Atmospheric Grain Elevator,72,39,wheat field,38.0,0.4,2,0,youtube_suggest,2026-09-12 19:18:55.570263
21,The Atmospheric Grain Elevator,72,40,wheat from farm to table,38.0,0.1429,5,1,youtube_suggest,2026-09-12 19:18:55.570577
21,The Atmospheric Grain Elevator,72,41,wheat fields and old dirt roads,37.78,0.1111,6,1,youtube_suggest,2026-09-12 19:18:55.570795
21,The Atmospheric Grain Elevator,72,42,wheat farm create mod 1.21.1,36.75,0.125,5,1,youtube_suggest,2026-09-12 19:18:55.571018
21,The Atmospheric Grain Elevator,72,43,wheat farm for minecraft bedrock,36.75,0.125,5,1,youtube_suggest,2026-09-12 19:18:55.571217
21,The Atmospheric Grain Elevator,72,44,wheat farm for donut smp,36.75,0.125,5,1,youtube_suggest,2026-09-12 19:18:55.571408
21,The Atmospheric Grain Elevator,72,45,wheat farm automatic 1.21,36.0,0.1429,4,1,youtube_suggest,2026-09-12 19:18:55.571598
21,The Atmospheric Grain Elevator,72,46,wheat planting to harvest,36.0,0.1429,4,1,youtube_suggest,2026-09-12 19:18:55.571796
21,The Atmospheric Grain Elevator,72,47,wheat farm design hypixel skyblock,35.78,0.1111,5,1,youtube_suggest,2026-09-12 19:18:55.571985
21,The Atmospheric Grain Elevator,72,48,wheat farm automatic minecraft,34.75,0.125,4,1,youtube_suggest,2026-09-12 19:18:55.572166
21,The Atmospheric Grain Elevator,72,49,wheat farm block tycoon,34.75,0.125,4,1,youtube_suggest,2026-09-12 19:18:55.572352
21,The Atmospheric Grain Elevator,72,50,wheat farm build minecraft,34.75,0.125,4,1,youtube_suggest,2026-09-12 19:18:55.579668
21,The Atmospheric Grain Elevator,72,51,bone meal wheat farm,34.75,0.125,4,1,youtube_suggest,2026-09-12 19:18:55.580311
21,The Atmospheric Grain Elevator,72,52,wheat farm create mod,34.75,0.125,4,1,youtube_suggest,2026-09-12 19:18:55.580592
21,The Atmospheric Grain Elevator,72,53,wheat farm cubecraft skyblock,34.75,0.125,4,1,youtube_suggest,2026-09-12 19:18:55.580807
21,The Atmospheric Grain Elevator,72,54,wheat crop farm minecraft,34.75,0.125,4,1,youtube_suggest,2026-09-12 19:18:55.581072
21,The Atmospheric Grain Elevator,72,55,wheat farm design minecraft,34.75,0.125,4,1,youtube_suggest,2026-09-12 19:18:55.581263
21,The Atmospheric Grain Elevator,72,56,wheat farm donut smp,34.75,0.125,4,1,youtube_suggest,2026-09-12 19:18:55.581451
21,The Atmospheric Grain Elevator,72,57,grain silo collapse explosion,34.75,0.125,4,1,youtube_suggest,2026-09-12 19:18:55.581630
21,The Atmospheric Grain Elevator,72,58,wheat farm machine minecraft,34.75,0.125,4,1,youtube_suggest,2026-09-12 19:18:55.581804
21,The Atmospheric Grain Elevator,72,59,wheat seed cleaning machine,34.75,0.125,4,1,youtube_suggest,2026-09-12 19:18:55.581994
21,The Atmospheric Grain Elevator,72,60,wheat farm automatic,34.0,0.1429,3,1,youtube_suggest,2026-09-12 19:18:55.582166
22,Chrono-Harvest Megamachine,73,1,wheat field harvest,66.0,0.6,3,1,youtube_suggest,2026-09-12 19:20:24.651874
22,Chrono-Harvest Megamachine,73,2,wheat field video,52.0,0.4,3,1,youtube_suggest,2026-09-12 19:20:24.652192
22,Chrono-Harvest Megamachine,73,3,wheat from field to flour,51.33,0.3333,5,1,youtube_suggest,2026-09-12 19:20:24.652414
22,Chrono-Harvest Megamachine,73,4,wheat field blowing in the wind,50.0,0.2857,6,1,youtube_suggest,2026-09-12 19:20:24.656832
22,Chrono-Harvest Megamachine,73,5,wheat field background video,49.33,0.3333,4,1,youtube_suggest,2026-09-12 19:20:24.657137
22,Chrono-Harvest Megamachine,73,6,wheat planting to harvest,49.33,0.3333,4,1,youtube_suggest,2026-09-12 19:20:24.657341
22,Chrono-Harvest Megamachine,73,7,wheat field minecraft,47.33,0.3333,3,1,youtube_suggest,2026-09-12 19:20:24.657533
22,Chrono-Harvest Megamachine,73,8,wheat field ambience,47.33,0.3333,3,1,youtube_suggest,2026-09-12 19:20:24.657724
22,Chrono-Harvest Megamachine,73,9,wheat field gladiator,47.33,0.3333,3,1,youtube_suggest,2026-09-12 19:20:24.657966
22,Chrono-Harvest Megamachine,73,10,wheat field fire,47.33,0.3333,3,1,youtube_suggest,2026-09-12 19:20:24.658155
22,Chrono-Harvest Megamachine,73,11,wheat field sounds,47.33,0.3333,3,1,youtube_suggest,2026-09-12 19:20:24.658379
22,Chrono-Harvest Megamachine,73,12,wheat field sunset,47.33,0.3333,3,1,youtube_suggest,2026-09-12 19:20:24.658576
22,Chrono-Harvest Megamachine,73,13,wheat field painting,47.33,0.3333,3,1,youtube_suggest,2026-09-12 19:20:24.658780
22,Chrono-Harvest Megamachine,73,14,wheat field acnh,47.33,0.3333,3,1,youtube_suggest,2026-09-12 19:20:24.658975
22,Chrono-Harvest Megamachine,73,15,wheat field asmr,47.33,0.3333,3,1,youtube_suggest,2026-09-12 19:20:24.659208
22,Chrono-Harvest Megamachine,73,16,wheat field ambient,47.33,0.3333,3,1,youtube_suggest,2026-09-12 19:20:24.665766
22,Chrono-Harvest Megamachine,73,17,wheat field background,47.33,0.3333,3,1,youtube_suggest,2026-09-12 19:20:24.666267
22,Chrono-Harvest Megamachine,73,18,wheat field blender,47.33,0.3333,3,1,youtube_suggest,2026-09-12 19:20:24.666490
22,Chrono-Harvest Megamachine,73,19,wheat field cinematic,47.33,0.3333,3,1,youtube_suggest,2026-09-12 19:20:24.667774
22,Chrono-Harvest Megamachine,73,20,wheat field diorama,47.33,0.3333,3,1,youtube_suggest,2026-09-12 19:20:24.668094
22,Chrono-Harvest Megamachine,73,21,wheat field drawing,47.33,0.3333,3,1,youtube_suggest,2026-09-12 19:20:24.668301
22,Chrono-Harvest Megamachine,73,22,wheat dove field,47.33,0.3333,3,1,youtube_suggest,2026-09-12 19:20:24.668491
22,Chrono-Harvest Megamachine,73,23,wheat field scene,47.33,0.3333,3,1,youtube_suggest,2026-09-12 19:20:24.676151
22,Chrono-Harvest Megamachine,73,24,wheat field footage,47.33,0.3333,3,1,youtube_suggest,2026-09-12 19:20:24.676403
22,Chrono-Harvest Megamachine,73,25,wheat field animal crossing,46.0,0.2857,4,1,youtube_suggest,2026-09-12 19:20:24.676645
22,Chrono-Harvest Megamachine,73,26,wheat field acrylic painting,46.0,0.2857,4,1,youtube_suggest,2026-09-12 19:20:24.676843
22,Chrono-Harvest Megamachine,73,27,wheat field alan walker,46.0,0.2857,4,1,youtube_suggest,2026-09-12 19:20:24.677047
22,Chrono-Harvest Megamachine,73,28,wheat field background loop,46.0,0.2857,4,1,youtube_suggest,2026-09-12 19:20:24.677237
22,Chrono-Harvest Megamachine,73,29,wheat field chinese song,46.0,0.2857,4,1,youtube_suggest,2026-09-12 19:20:24.677423
22,Chrono-Harvest Megamachine,73,30,wheat field drone shot,46.0,0.2857,4,1,youtube_suggest,2026-09-12 19:20:24.677611
22,Chrono-Harvest Megamachine,73,31,minecraft wheat field design,46.0,0.2857,4,1,youtube_suggest,2026-09-12 19:20:24.677794
22,Chrono-Harvest Megamachine,73,32,wheat field sound effect,46.0,0.2857,4,1,youtube_suggest,2026-09-12 19:20:24.677992
22,Chrono-Harvest Megamachine,73,33,wheat field stock footage,46.0,0.2857,4,1,youtube_suggest,2026-09-12 19:20:24.678175
22,Chrono-Harvest Megamachine,73,34,wind over the wheat field female cover,45.56,0.2222,7,1,youtube_suggest,2026-09-12 19:20:24.678370
22,Chrono-Harvest Megamachine,73,35,wheat field backpack type adjustable pesticide automatic sprayer,42.73,0.1818,8,1,youtube_suggest,2026-09-12 19:20:24.678553
22,Chrono-Harvest Megamachine,73,36,wheat field,38.0,0.4,2,0,youtube_suggest,2026-09-12 19:20:24.678733
22,Chrono-Harvest Megamachine,73,37,wheat from farm to table,38.0,0.1429,5,1,youtube_suggest,2026-09-12 19:20:24.678929
22,Chrono-Harvest Megamachine,73,38,wheat fields and old dirt roads,37.78,0.1111,6,1,youtube_suggest,2026-09-12 19:20:24.679151
22,Chrono-Harvest Megamachine,73,39,wheat farm create mod 1.21.1,36.75,0.125,5,1,youtube_suggest,2026-09-12 19:20:24.679333
22,Chrono-Harvest Megamachine,73,40,wheat farm for minecraft bedrock,36.75,0.125,5,1,youtube_suggest,2026-09-12 19:20:24.679514
22,Chrono-Harvest Megamachine,73,41,wheat farm for donut smp,36.75,0.125,5,1,youtube_suggest,2026-09-12 19:20:24.679697
22,Chrono-Harvest Megamachine,73,42,chrono trigger nu farming,36.0,0.1429,4,1,youtube_suggest,2026-09-12 19:20:24.679888
22,Chrono-Harvest Megamachine,73,43,wheat farm automatic 1.21,36.0,0.1429,4,1,youtube_suggest,2026-09-12 19:20:24.680068
22,Chrono-Harvest Megamachine,73,44,wheat farm design hypixel skyblock,35.78,0.1111,5,1,youtube_suggest,2026-09-12 19:20:24.680238
22,Chrono-Harvest Megamachine,73,45,chrono trigger type beat,34.75,0.125,4,1,youtube_suggest,2026-09-12 19:20:24.680415
22,Chrono-Harvest Megamachine,73,46,wheat farm automatic minecraft,34.75,0.125,4,1,youtube_suggest,2026-09-12 19:20:24.686062
22,Chrono-Harvest Megamachine,73,47,wheat farm block tycoon,34.75,0.125,4,1,youtube_suggest,2026-09-12 19:20:24.686459
22,Chrono-Harvest Megamachine,73,48,wheat farm build minecraft,34.75,0.125,4,1,youtube_suggest,2026-09-12 19:20:24.686689
22,Chrono-Harvest Megamachine,73,49,bone meal wheat farm,34.75,0.125,4,1,youtube_suggest,2026-09-12 19:20:24.688996
22,Chrono-Harvest Megamachine,73,50,wheat farm create mod,34.75,0.125,4,1,youtube_suggest,2026-09-12 19:20:24.689272
22,Chrono-Harvest Megamachine,73,51,wheat farm cubecraft skyblock,34.75,0.125,4,1,youtube_suggest,2026-09-12 19:20:24.689525
22,Chrono-Harvest Megamachine,73,52,wheat crop farm minecraft,34.75,0.125,4,1,youtube_suggest,2026-09-12 19:20:24.689778
22,Chrono-Harvest Megamachine,73,53,wheat farm design minecraft,34.75,0.125,4,1,youtube_suggest,2026-09-12 19:20:24.690018
22,Chrono-Harvest Megamachine,73,54,wheat farm donut smp,34.75,0.125,4,1,youtube_suggest,2026-09-12 19:20:24.690240
22,Chrono-Harvest Megamachine,73,55,wheat farm machine minecraft,34.75,0.125,4,1,youtube_suggest,2026-09-12 19:20:24.690468
22,Chrono-Harvest Megamachine,73,56,wheat seed cleaning machine,34.75,0.125,4,1,youtube_suggest,2026-09-12 19:20:24.690695
22,Chrono-Harvest Megamachine,73,57,chrono trigger future,34.0,0.1429,3,1,youtube_suggest,2026-09-12 19:20:24.690910
22,Chrono-Harvest Megamachine,73,58,chrono trigger farming,34.0,0.1429,3,1,youtube_suggest,2026-09-12 19:20:24.692512
22,Chrono-Harvest Megamachine,73,59,wheat farm automatic,34.0,0.1429,3,1,youtube_suggest,2026-09-12 19:20:24.706490
22,Chrono-Harvest Megamachine,73,60,wheat farm bedrock,34.0,0.1429,3,1,youtube_suggest,2026-09-12 19:20:24.706722
23,Colossal Corn Thresher Titan,74,1,corn in corn field,54.0,0.4,4,1,youtube_suggest,2026-09-12 19:21:48.038086
23,Colossal Corn Thresher Titan,74,2,corn field blowing in the wind,50.0,0.2857,6,1,youtube_suggest,2026-09-12 19:21:48.038362
23,Colossal Corn Thresher Titan,74,3,clown in the corn field explained,50.0,0.2857,6,1,youtube_suggest,2026-09-12 19:21:48.038550
23,Colossal Corn Thresher Titan,74,4,corn field at night,49.33,0.3333,4,1,youtube_suggest,2026-09-12 19:21:48.038753
23,Colossal Corn Thresher Titan,74,5,corn field background video,49.33,0.3333,4,1,youtube_suggest,2026-09-12 19:21:48.038959
23,Colossal Corn Thresher Titan,74,6,clown in the corn field explained in hindi,47.5,0.25,8,1,youtube_suggest,2026-09-12 19:21:48.039157
23,Colossal Corn Thresher Titan,74,7,colossal corn removal,47.33,0.3333,3,1,youtube_suggest,2026-09-12 19:21:48.039342
23,Colossal Corn Thresher Titan,74,8,corn field song,47.33,0.3333,3,1,youtube_suggest,2026-09-12 19:21:48.039523
23,Colossal Corn Thresher Titan,74,9,corn field fire,47.33,0.3333,3,1,youtube_suggest,2026-09-12 19:21:48.039704
23,Colossal Corn Thresher Titan,74,10,corn field ambience,47.33,0.3333,3,1,youtube_suggest,2026-09-12 19:21:48.039888
23,Colossal Corn Thresher Titan,74,11,corn field interstellar,47.33,0.3333,3,1,youtube_suggest,2026-09-12 19:21:48.040081
23,Colossal Corn Thresher Titan,74,12,corn field piano,47.33,0.3333,3,1,youtube_suggest,2026-09-12 19:21:48.040265
23,Colossal Corn Thresher Titan,74,13,corn field maze,47.33,0.3333,3,1,youtube_suggest,2026-09-12 19:21:48.040440
23,Colossal Corn Thresher Titan,74,14,corn field asmr,47.33,0.3333,3,1,youtube_suggest,2026-09-12 19:21:48.044831
23,Colossal Corn Thresher Titan,74,15,corn field akbar,47.33,0.3333,3,1,youtube_suggest,2026-09-12 19:21:48.045114
23,Colossal Corn Thresher Titan,74,16,corn field animation,47.33,0.3333,3,1,youtube_suggest,2026-09-12 19:21:48.045312
23,Colossal Corn Thresher Titan,74,17,apocalypto corn field,47.33,0.3333,3,1,youtube_suggest,2026-09-12 19:21:48.045498
23,Colossal Corn Thresher Titan,74,18,corn field background,47.33,0.3333,3,1,youtube_suggest,2026-09-12 19:21:48.045683
23,Colossal Corn Thresher Titan,74,19,corn field baseball,47.33,0.3333,3,1,youtube_suggest,2026-09-12 19:21:48.045869
23,Colossal Corn Thresher Titan,74,20,corn field bgm,47.33,0.3333,3,1,youtube_suggest,2026-09-12 19:21:48.046068
23,Colossal Corn Thresher Titan,74,21,corn field drawing,47.33,0.3333,3,1,youtube_suggest,2026-09-12 19:21:48.046252
23,Colossal Corn Thresher Titan,74,22,corn field drone,47.33,0.3333,3,1,youtube_suggest,2026-09-12 19:21:48.046461
23,Colossal Corn Thresher Titan,74,23,corn field documentary,47.33,0.3333,3,1,youtube_suggest,2026-09-12 19:21:48.046657
23,Colossal Corn Thresher Titan,74,24,corn field footage,47.33,0.3333,3,1,youtube_suggest,2026-09-12 19:21:48.046849
23,Colossal Corn Thresher Titan,74,25,corn field farming,47.33,0.3333,3,1,youtube_suggest,2026-09-12 19:21:48.053028
23,Colossal Corn Thresher Titan,74,26,corn field machine,47.33,0.3333,3,1,youtube_suggest,2026-09-12 19:21:48.053983
23,Colossal Corn Thresher Titan,74,27,corn field duck hunting,46.0,0.2857,4,1,youtube_suggest,2026-09-12 19:21:48.054240
23,Colossal Corn Thresher Titan,74,28,corn field goose hunt,46.0,0.2857,4,1,youtube_suggest,2026-09-12 19:21:48.054432
23,Colossal Corn Thresher Titan,74,29,corn field acrylic painting,46.0,0.2857,4,1,youtube_suggest,2026-09-12 19:21:48.056076
23,Colossal Corn Thresher Titan,74,30,corn field coyote hunting,46.0,0.2857,4,1,youtube_suggest,2026-09-12 19:21:48.056314
23,Colossal Corn Thresher Titan,74,31,corn field dove hunting,46.0,0.2857,4,1,youtube_suggest,2026-09-12 19:21:48.056510
23,Colossal Corn Thresher Titan,74,32,corn field deer hunting,46.0,0.2857,4,1,youtube_suggest,2026-09-12 19:21:48.056772
23,Colossal Corn Thresher Titan,74,33,corn field drone footage,46.0,0.2857,4,1,youtube_suggest,2026-09-12 19:21:48.056991
23,Colossal Corn Thresher Titan,74,34,corn field fire emergency,46.0,0.2857,4,1,youtube_suggest,2026-09-12 19:21:48.057194
23,Colossal Corn Thresher Titan,74,35,corn field sound effect,46.0,0.2857,4,1,youtube_suggest,2026-09-12 19:21:48.057395
23,Colossal Corn Thresher Titan,74,36,corn field full movie,46.0,0.2857,4,1,youtube_suggest,2026-09-12 19:21:48.057595
23,Colossal Corn Thresher Titan,74,37,corn field dirt bike track,45.5,0.25,5,1,youtube_suggest,2026-09-12 19:21:48.057786
23,Colossal Corn Thresher Titan,74,38,how does corn cap remove corn,38.75,0.125,6,1,youtube_suggest,2026-09-12 19:21:48.058010
23,Colossal Corn Thresher Titan,74,39,corn field,38.0,0.4,2,0,youtube_suggest,2026-09-12 19:21:48.058197
23,Colossal Corn Thresher Titan,74,40,corn after corn cap,36.0,0.1429,4,1,youtube_suggest,2026-09-12 19:21:48.058384
23,Colossal Corn Thresher Titan,74,41,corn maze at night,36.0,0.1429,4,1,youtube_suggest,2026-09-12 19:21:48.060573
23,Colossal Corn Thresher Titan,74,42,corn maze el paso,36.0,0.1429,4,1,youtube_suggest,2026-09-12 19:21:48.060870
23,Colossal Corn Thresher Titan,74,43,corn maze fnaf vr,36.0,0.1429,4,1,youtube_suggest,2026-09-12 19:21:48.061081
23,Colossal Corn Thresher Titan,74,44,corn maze fnaf help wanted,35.78,0.1111,5,1,youtube_suggest,2026-09-12 19:21:48.061277
23,Colossal Corn Thresher Titan,74,45,corn maze aesop rock,34.75,0.125,4,1,youtube_suggest,2026-09-12 19:21:48.061463
23,Colossal Corn Thresher Titan,74,46,corn fields back home,34.75,0.125,4,1,youtube_suggest,2026-09-12 19:21:48.061648
23,Colossal Corn Thresher Titan,74,47,corn removal huge,34.0,0.1429,3,1,youtube_suggest,2026-09-12 19:21:48.061832
23,Colossal Corn Thresher Titan,74,48,corn cap review,34.0,0.1429,3,1,youtube_suggest,2026-09-12 19:21:48.063565
23,Colossal Corn Thresher Titan,74,49,corn cap tape,34.0,0.1429,3,1,youtube_suggest,2026-09-12 19:21:48.063765
23,Colossal Corn Thresher Titan,74,50,corn maze ambience,34.0,0.1429,3,1,youtube_suggest,2026-09-12 19:21:48.065677
23,Colossal Corn Thresher Titan,74,51,corn maze bgsi,34.0,0.1429,3,1,youtube_suggest,2026-09-12 19:21:48.065876
23,Colossal Corn Thresher Titan,74,52,corn maze blesiv,34.0,0.1429,3,1,youtube_suggest,2026-09-12 19:21:48.066141
23,Colossal Corn Thresher Titan,74,53,corn maze edmonton,34.0,0.1429,3,1,youtube_suggest,2026-09-12 19:21:48.066330
23,Colossal Corn Thresher Titan,74,54,corn maze escape,34.0,0.1429,3,1,youtube_suggest,2026-09-12 19:21:48.066678
23,Colossal Corn Thresher Titan,74,55,corn maze fnaf,34.0,0.1429,3,1,youtube_suggest,2026-09-12 19:21:48.066919
23,Colossal Corn Thresher Titan,74,56,corn maze fortnite,34.0,0.1429,3,1,youtube_suggest,2026-09-12 19:21:48.067116
23,Colossal Corn Thresher Titan,74,57,corn maze funny,34.0,0.1429,3,1,youtube_suggest,2026-09-12 19:21:48.067327
23,Colossal Corn Thresher Titan,74,58,cornfield chase piano tutorial,26.0,0.0,4,1,youtube_suggest,2026-09-12 19:21:48.067511
23,Colossal Corn Thresher Titan,74,59,cornfield chase piano,24.0,0.0,3,1,youtube_suggest,2026-09-12 19:21:48.067689
23,Colossal Corn Thresher Titan,74,60,cornfield chase loop,24.0,0.0,3,1,youtube_suggest,2026-09-12 19:21:48.067866
24,The Solar Corn Silo Walker,75,1,corn in corn field,54.0,0.4,4,1,youtube_suggest,2026-09-12 19:23:13.687599
24,The Solar Corn Silo Walker,75,2,stuck in a corn silo,51.33,0.3333,5,1,youtube_suggest,2026-09-12 19:23:13.687847
24,The Solar Corn Silo Walker,75,3,corn field blowing in the wind,50.0,0.2857,6,1,youtube_suggest,2026-09-12 19:23:13.688045
24,The Solar Corn Silo Walker,75,4,clown in the corn field explained,50.0,0.2857,6,1,youtube_suggest,2026-09-12 19:23:13.688264
24,The Solar Corn Silo Walker,75,5,corn field at night,49.33,0.3333,4,1,youtube_suggest,2026-09-12 19:23:13.692731
24,The Solar Corn Silo Walker,75,6,corn field background video,49.33,0.3333,4,1,youtube_suggest,2026-09-12 19:23:13.693101
24,The Solar Corn Silo Walker,75,7,stuck in corn silo,49.33,0.3333,4,1,youtube_suggest,2026-09-12 19:23:13.693381
24,The Solar Corn Silo Walker,75,8,clown in the corn field explained in hindi,47.5,0.25,8,1,youtube_suggest,2026-09-12 19:23:13.693626
24,The Solar Corn Silo Walker,75,9,corn field song,47.33,0.3333,3,1,youtube_suggest,2026-09-12 19:23:13.693857
24,The Solar Corn Silo Walker,75,10,corn field fire,47.33,0.3333,3,1,youtube_suggest,2026-09-12 19:23:13.694196
24,The Solar Corn Silo Walker,75,11,corn field ambience,47.33,0.3333,3,1,youtube_suggest,2026-09-12 19:23:13.694486
24,The Solar Corn Silo Walker,75,12,corn field interstellar,47.33,0.3333,3,1,youtube_suggest,2026-09-12 19:23:13.694720
24,The Solar Corn Silo Walker,75,13,corn field piano,47.33,0.3333,3,1,youtube_suggest,2026-09-12 19:23:13.694979
24,The Solar Corn Silo Walker,75,14,corn field maze,47.33,0.3333,3,1,youtube_suggest,2026-09-12 19:23:13.695173
24,The Solar Corn Silo Walker,75,15,corn field asmr,47.33,0.3333,3,1,youtube_suggest,2026-09-12 19:23:13.695310
24,The Solar Corn Silo Walker,75,16,corn field akbar,47.33,0.3333,3,1,youtube_suggest,2026-09-12 19:23:13.695471
24,The Solar Corn Silo Walker,75,17,corn field animation,47.33,0.3333,3,1,youtube_suggest,2026-09-12 19:23:13.695650
24,The Solar Corn Silo Walker,75,18,apocalypto corn field,47.33,0.3333,3,1,youtube_suggest,2026-09-12 19:23:13.695811
24,The Solar Corn Silo Walker,75,19,corn field background,47.33,0.3333,3,1,youtube_suggest,2026-09-12 19:23:13.695992
24,The Solar Corn Silo Walker,75,20,corn field baseball,47.33,0.3333,3,1,youtube_suggest,2026-09-12 19:23:13.696221
24,The Solar Corn Silo Walker,75,21,corn field bgm,47.33,0.3333,3,1,youtube_suggest,2026-09-12 19:23:13.703830
24,The Solar Corn Silo Walker,75,22,corn field drawing,47.33,0.3333,3,1,youtube_suggest,2026-09-12 19:23:13.704320
24,The Solar Corn Silo Walker,75,23,corn field drone,47.33,0.3333,3,1,youtube_suggest,2026-09-12 19:23:13.704825
24,The Solar Corn Silo Walker,75,24,corn field documentary,47.33,0.3333,3,1,youtube_suggest,2026-09-12 19:23:13.705083
24,The Solar Corn Silo Walker,75,25,corn field footage,47.33,0.3333,3,1,youtube_suggest,2026-09-12 19:23:13.705331
24,The Solar Corn Silo Walker,75,26,corn field farming,47.33,0.3333,3,1,youtube_suggest,2026-09-12 19:23:13.705533
24,The Solar Corn Silo Walker,75,27,corn field machine,47.33,0.3333,3,1,youtube_suggest,2026-09-12 19:23:13.705664
24,The Solar Corn Silo Walker,75,28,corn field duck hunting,46.0,0.2857,4,1,youtube_suggest,2026-09-12 19:23:13.705796
24,The Solar Corn Silo Walker,75,29,corn field goose hunt,46.0,0.2857,4,1,youtube_suggest,2026-09-12 19:23:13.705937
24,The Solar Corn Silo Walker,75,30,corn field acrylic painting,46.0,0.2857,4,1,youtube_suggest,2026-09-12 19:23:13.706063
24,The Solar Corn Silo Walker,75,31,corn field coyote hunting,46.0,0.2857,4,1,youtube_suggest,2026-09-12 19:23:13.706192
24,The Solar Corn Silo Walker,75,32,corn field dove hunting,46.0,0.2857,4,1,youtube_suggest,2026-09-12 19:23:13.706325
24,The Solar Corn Silo Walker,75,33,corn field deer hunting,46.0,0.2857,4,1,youtube_suggest,2026-09-12 19:23:13.706463
24,The Solar Corn Silo Walker,75,34,corn field drone footage,46.0,0.2857,4,1,youtube_suggest,2026-09-12 19:23:13.706596
24,The Solar Corn Silo Walker,75,35,corn field fire emergency,46.0,0.2857,4,1,youtube_suggest,2026-09-12 19:23:13.706730
24,The Solar Corn Silo Walker,75,36,corn field sound effect,46.0,0.2857,4,1,youtube_suggest,2026-09-12 19:23:13.706861
24,The Solar Corn Silo Walker,75,37,corn field full movie,46.0,0.2857,4,1,youtube_suggest,2026-09-12 19:23:13.707005
24,The Solar Corn Silo Walker,75,38,corn field dirt bike track,45.5,0.25,5,1,youtube_suggest,2026-09-12 19:23:13.707134
24,The Solar Corn Silo Walker,75,39,corn field,38.0,0.4,2,0,youtube_suggest,2026-09-12 19:23:13.707250
24,The Solar Corn Silo Walker,75,40,stuck in a grain silo,38.0,0.1429,5,1,youtube_suggest,2026-09-12 19:23:13.707394
24,The Solar Corn Silo Walker,75,41,falling into a grain silo,36.75,0.125,5,1,youtube_suggest,2026-09-12 19:23:13.707522
24,The Solar Corn Silo Walker,75,42,corn maze at night,36.0,0.1429,4,1,youtube_suggest,2026-09-12 19:23:13.707649
24,The Solar Corn Silo Walker,75,43,corn maze el paso,36.0,0.1429,4,1,youtube_suggest,2026-09-12 19:23:13.707777
24,The Solar Corn Silo Walker,75,44,corn maze fnaf vr,36.0,0.1429,4,1,youtube_suggest,2026-09-12 19:23:13.707925
24,The Solar Corn Silo Walker,75,45,corn maze fnaf help wanted,35.78,0.1111,5,1,youtube_suggest,2026-09-12 19:23:13.708056
24,The Solar Corn Silo Walker,75,46,corn maze aesop rock,34.75,0.125,4,1,youtube_suggest,2026-09-12 19:23:13.708195
24,The Solar Corn Silo Walker,75,47,corn fields back home,34.75,0.125,4,1,youtube_suggest,2026-09-12 19:23:13.708325
24,The Solar Corn Silo Walker,75,48,corn maze ambience,34.0,0.1429,3,1,youtube_suggest,2026-09-12 19:23:13.708455
24,The Solar Corn Silo Walker,75,49,corn maze bgsi,34.0,0.1429,3,1,youtube_suggest,2026-09-12 19:23:13.716974
24,The Solar Corn Silo Walker,75,50,corn maze blesiv,34.0,0.1429,3,1,youtube_suggest,2026-09-12 19:23:13.717215
24,The Solar Corn Silo Walker,75,51,corn maze edmonton,34.0,0.1429,3,1,youtube_suggest,2026-09-12 19:23:13.717364
24,The Solar Corn Silo Walker,75,52,corn maze escape,34.0,0.1429,3,1,youtube_suggest,2026-09-12 19:23:13.717507
24,The Solar Corn Silo Walker,75,53,corn maze fnaf,34.0,0.1429,3,1,youtube_suggest,2026-09-12 19:23:13.720901
24,The Solar Corn Silo Walker,75,54,corn maze fortnite,34.0,0.1429,3,1,youtube_suggest,2026-09-12 19:23:13.721076
24,The Solar Corn Silo Walker,75,55,corn maze funny,34.0,0.1429,3,1,youtube_suggest,2026-09-12 19:23:13.721220
24,The Solar Corn Silo Walker,75,56,cornfield chase piano tutorial,26.0,0.0,4,1,youtube_suggest,2026-09-12 19:23:13.721358
24,The Solar Corn Silo Walker,75,57,cornfield chase piano,24.0,0.0,3,1,youtube_suggest,2026-09-12 19:23:13.721509
24,The Solar Corn Silo Walker,75,58,cornfield chase loop,24.0,0.0,3,1,youtube_suggest,2026-09-12 19:23:13.721650
24,The Solar Corn Silo Walker,75,59,cornfield chase interstellar,24.0,0.0,3,1,youtube_suggest,2026-09-12 19:23:13.721781
24,The Solar Corn Silo Walker,75,60,cornfield chase scene,24.0,0.0,3,1,youtube_suggest,2026-09-12 19:23:13.721927
33,The Whispering Canopy Harvester,76,1,the whispering forest,59.0,0.5,3,1,youtube_suggest,2026-09-12 19:24:45.850617
33,The Whispering Canopy Harvester,76,2,forest harvester machine,52.0,0.4,3,1,youtube_suggest,2026-09-12 19:24:45.850918
33,The Whispering Canopy Harvester,76,3,forest harvester,45.0,0.5,2,0,youtube_suggest,2026-09-12 19:24:45.851201
33,The Whispering Canopy Harvester,76,4,the spell of the winter forest,41.67,0.1667,6,1,youtube_suggest,2026-09-12 19:24:45.851402
33,The Whispering Canopy Harvester,76,5,forest blakk if you love her,40.0,0.1429,6,1,youtube_suggest,2026-09-12 19:24:45.852917
33,The Whispering Canopy Harvester,76,6,sons of the forest machine gun,40.0,0.1429,6,1,youtube_suggest,2026-09-12 19:24:45.853162
33,The Whispering Canopy Harvester,76,7,forest blakk i choose you,39.67,0.1667,5,1,youtube_suggest,2026-09-12 19:24:45.853362
33,The Whispering Canopy Harvester,76,8,forest machinery euro truck simulator 2,38.75,0.125,6,1,youtube_suggest,2026-09-12 19:24:45.853554
33,The Whispering Canopy Harvester,76,9,random forest in machine learning in telugu,38.75,0.125,7,1,youtube_suggest,2026-09-12 19:24:45.853764
33,The Whispering Canopy Harvester,76,10,random forest in machine learning tamil,38.75,0.125,6,1,youtube_suggest,2026-09-12 19:24:45.853971
33,The Whispering Canopy Harvester,76,11,random forest in machine learning example,38.75,0.125,6,1,youtube_suggest,2026-09-12 19:24:45.854155
33,The Whispering Canopy Harvester,76,12,random forest in machine learning malayalam,38.75,0.125,6,1,youtube_suggest,2026-09-12 19:24:45.854358
33,The Whispering Canopy Harvester,76,13,random forest in machine learning numerical,38.75,0.125,6,1,youtube_suggest,2026-09-12 19:24:45.854551
33,The Whispering Canopy Harvester,76,14,bagging random forest in machine learning,38.75,0.125,6,1,youtube_suggest,2026-09-12 19:24:45.854736
33,The Whispering Canopy Harvester,76,15,forest at night,38.0,0.2,3,1,youtube_suggest,2026-09-12 19:24:45.854944
33,The Whispering Canopy Harvester,76,16,forest blakk fall into me,38.0,0.1429,5,1,youtube_suggest,2026-09-12 19:24:45.855128
33,The Whispering Canopy Harvester,76,17,forest encounters caught on camera,38.0,0.1429,5,1,youtube_suggest,2026-09-12 19:24:45.855310
33,The Whispering Canopy Harvester,76,18,forest the machine,38.0,0.2,3,1,youtube_suggest,2026-09-12 19:24:45.855488
33,The Whispering Canopy Harvester,76,19,random forest for machine learning,38.0,0.1429,5,1,youtube_suggest,2026-09-12 19:24:45.855653
33,The Whispering Canopy Harvester,76,20,isolation forest in machine learning,38.0,0.1429,5,1,youtube_suggest,2026-09-12 19:24:45.855842
33,The Whispering Canopy Harvester,76,21,random forest in machine learning,38.0,0.1429,5,1,youtube_suggest,2026-09-12 19:24:45.856058
33,The Whispering Canopy Harvester,76,22,random forest in machine learning mahesh huddar,37.78,0.1111,7,1,youtube_suggest,2026-09-12 19:24:45.856249
33,The Whispering Canopy Harvester,76,23,random forest machine learning krish naik,37.78,0.1111,6,1,youtube_suggest,2026-09-12 19:24:45.856436
33,The Whispering Canopy Harvester,76,24,forest fire prediction using machine learning,37.78,0.1111,6,1,youtube_suggest,2026-09-12 19:24:45.860862
33,The Whispering Canopy Harvester,76,25,forest fire detection using machine learning,37.78,0.1111,6,1,youtube_suggest,2026-09-12 19:24:45.861140
33,The Whispering Canopy Harvester,76,26,forest animals for kids,37.67,0.1667,4,1,youtube_suggest,2026-09-12 19:24:45.861340
33,The Whispering Canopy Harvester,76,27,the whispering tree farmer,37.67,0.1667,4,1,youtube_suggest,2026-09-12 19:24:45.861529
33,The Whispering Canopy Harvester,76,28,the wuzzles combine harvester,37.67,0.1667,4,1,youtube_suggest,2026-09-12 19:24:45.861718
33,The Whispering Canopy Harvester,76,29,forest machinery american truck simulator,36.75,0.125,5,1,youtube_suggest,2026-09-12 19:24:45.861906
33,The Whispering Canopy Harvester,76,30,random forest algorithm machine learning,36.75,0.125,5,1,youtube_suggest,2026-09-12 19:24:45.862083
33,The Whispering Canopy Harvester,76,31,forest fair mall ball machine,36.75,0.125,5,1,youtube_suggest,2026-09-12 19:24:45.862268
33,The Whispering Canopy Harvester,76,32,random forest machine learning deutsch,36.75,0.125,5,1,youtube_suggest,2026-09-12 19:24:45.862443
33,The Whispering Canopy Harvester,76,33,random forest machine learning explained,36.75,0.125,5,1,youtube_suggest,2026-09-12 19:24:45.862660
33,The Whispering Canopy Harvester,76,34,random forest machine learning example,36.75,0.125,5,1,youtube_suggest,2026-09-12 19:24:45.862839
33,The Whispering Canopy Harvester,76,35,random forest machine learning explanation,36.75,0.125,5,1,youtube_suggest,2026-09-12 19:24:45.863012
33,The Whispering Canopy Harvester,76,36,big red machine forest green,36.75,0.125,5,1,youtube_suggest,2026-09-12 19:24:45.863155
33,The Whispering Canopy Harvester,76,37,crystal forest slot machine jackpot,36.75,0.125,5,1,youtube_suggest,2026-09-12 19:24:45.863342
33,The Whispering Canopy Harvester,76,38,deep forest live machine 2025,36.75,0.125,5,1,youtube_suggest,2026-09-12 19:24:45.863528
33,The Whispering Canopy Harvester,76,39,random forest machine learning python,36.75,0.125,5,1,youtube_suggest,2026-09-12 19:24:45.863709
33,The Whispering Canopy Harvester,76,40,random forest machine learning algorithm,36.75,0.125,5,1,youtube_suggest,2026-09-12 19:24:45.863904
33,The Whispering Canopy Harvester,76,41,forest demon smiling friends,36.0,0.1429,4,1,youtube_suggest,2026-09-12 19:24:45.864082
33,The Whispering Canopy Harvester,76,42,forest elf makeup tutorial,36.0,0.1429,4,1,youtube_suggest,2026-09-12 19:24:45.864280
33,The Whispering Canopy Harvester,76,43,deep forest computer machine,36.0,0.1429,4,1,youtube_suggest,2026-09-12 19:24:45.864455
33,The Whispering Canopy Harvester,76,44,ets2 forest machinery dlc,36.0,0.1429,4,1,youtube_suggest,2026-09-12 19:24:45.873046
33,The Whispering Canopy Harvester,76,45,ats forest machinery dlc,36.0,0.1429,4,1,youtube_suggest,2026-09-12 19:24:45.873365
33,The Whispering Canopy Harvester,76,46,ets forest machinery dlc,36.0,0.1429,4,1,youtube_suggest,2026-09-12 19:24:45.873582
33,The Whispering Canopy Harvester,76,47,isolation forest machine learning,36.0,0.1429,4,1,youtube_suggest,2026-09-12 19:24:45.873821
33,The Whispering Canopy Harvester,76,48,deep forest live machine,36.0,0.1429,4,1,youtube_suggest,2026-09-12 19:24:45.874097
33,The Whispering Canopy Harvester,76,49,forest auto review,35.67,0.1667,3,1,youtube_suggest,2026-09-12 19:24:45.874293
33,The Whispering Canopy Harvester,76,50,forest ambience dnd,35.67,0.1667,3,1,youtube_suggest,2026-09-12 19:24:45.874478
33,The Whispering Canopy Harvester,76,51,forest ambience night,35.67,0.1667,3,1,youtube_suggest,2026-09-12 19:24:45.874686
33,The Whispering Canopy Harvester,76,52,forest animal sounds,35.67,0.1667,3,1,youtube_suggest,2026-09-12 19:24:45.874885
33,The Whispering Canopy Harvester,76,53,forest birds sounds,35.67,0.1667,3,1,youtube_suggest,2026-09-12 19:24:45.875077
33,The Whispering Canopy Harvester,76,54,forest city malaysia,35.67,0.1667,3,1,youtube_suggest,2026-09-12 19:24:45.875257
33,The Whispering Canopy Harvester,76,55,forest car review,35.67,0.1667,3,1,youtube_suggest,2026-09-12 19:24:45.875440
33,The Whispering Canopy Harvester,76,56,forest cafe jazz,35.67,0.1667,3,1,youtube_suggest,2026-09-12 19:24:45.875622
33,The Whispering Canopy Harvester,76,57,forest city worship,35.67,0.1667,3,1,youtube_suggest,2026-09-12 19:24:45.875814
33,The Whispering Canopy Harvester,76,58,forest doesn't care,35.67,0.1667,3,1,youtube_suggest,2026-09-12 19:24:45.876021
33,The Whispering Canopy Harvester,76,59,forest dnd music,35.67,0.1667,3,1,youtube_suggest,2026-09-12 19:24:45.876201
33,The Whispering Canopy Harvester,76,60,forest elementary school,35.67,0.1667,3,1,youtube_suggest,2026-09-12 19:24:45.876378
34,The Timberland Root Walker,77,1,how to clean the timberland boots,41.67,0.1667,6,1,youtube_suggest,2026-09-12 19:26:08.650318
34,The Timberland Root Walker,77,2,forest blakk if you love her,40.0,0.1429,6,1,youtube_suggest,2026-09-12 19:26:08.650592
34,The Timberland Root Walker,77,3,sons of the forest machine gun,40.0,0.1429,6,1,youtube_suggest,2026-09-12 19:26:08.650772
34,The Timberland Root Walker,77,4,forest blakk i choose you,39.67,0.1667,5,1,youtube_suggest,2026-09-12 19:26:08.652711
34,The Timberland Root Walker,77,5,forest machinery euro truck simulator 2,38.75,0.125,6,1,youtube_suggest,2026-09-12 19:26:08.653150
34,The Timberland Root Walker,77,6,random forest in machine learning in telugu,38.75,0.125,7,1,youtube_suggest,2026-09-12 19:26:08.653371
34,The Timberland Root Walker,77,7,random forest in machine learning tamil,38.75,0.125,6,1,youtube_suggest,2026-09-12 19:26:08.653536
34,The Timberland Root Walker,77,8,random forest in machine learning example,38.75,0.125,6,1,youtube_suggest,2026-09-12 19:26:08.653769
34,The Timberland Root Walker,77,9,random forest in machine learning malayalam,38.75,0.125,6,1,youtube_suggest,2026-09-12 19:26:08.654105
34,The Timberland Root Walker,77,10,random forest in machine learning numerical,38.75,0.125,6,1,youtube_suggest,2026-09-12 19:26:08.654347
34,The Timberland Root Walker,77,11,bagging random forest in machine learning,38.75,0.125,6,1,youtube_suggest,2026-09-12 19:26:08.654510
34,The Timberland Root Walker,77,12,forest at night,38.0,0.2,3,1,youtube_suggest,2026-09-12 19:26:08.654677
34,The Timberland Root Walker,77,13,forest blakk fall into me,38.0,0.1429,5,1,youtube_suggest,2026-09-12 19:26:08.654952
34,The Timberland Root Walker,77,14,forest encounters caught on camera,38.0,0.1429,5,1,youtube_suggest,2026-09-12 19:26:08.655148
34,The Timberland Root Walker,77,15,timberland true grit pull on,38.0,0.1429,5,1,youtube_suggest,2026-09-12 19:26:08.655324
34,The Timberland Root Walker,77,16,forest the machine,38.0,0.2,3,1,youtube_suggest,2026-09-12 19:26:08.655477
34,The Timberland Root Walker,77,17,random forest for machine learning,38.0,0.1429,5,1,youtube_suggest,2026-09-12 19:26:08.655627
34,The Timberland Root Walker,77,18,isolation forest in machine learning,38.0,0.1429,5,1,youtube_suggest,2026-09-12 19:26:08.655768
34,The Timberland Root Walker,77,19,random forest in machine learning,38.0,0.1429,5,1,youtube_suggest,2026-09-12 19:26:08.655919
34,The Timberland Root Walker,77,20,random forest in machine learning mahesh huddar,37.78,0.1111,7,1,youtube_suggest,2026-09-12 19:26:08.656059
34,The Timberland Root Walker,77,21,random forest machine learning krish naik,37.78,0.1111,6,1,youtube_suggest,2026-09-12 19:26:08.656198
34,The Timberland Root Walker,77,22,forest fire prediction using machine learning,37.78,0.1111,6,1,youtube_suggest,2026-09-12 19:26:08.656373
34,The Timberland Root Walker,77,23,forest fire detection using machine learning,37.78,0.1111,6,1,youtube_suggest,2026-09-12 19:26:08.656527
34,The Timberland Root Walker,77,24,forest animals for kids,37.67,0.1667,4,1,youtube_suggest,2026-09-12 19:26:08.665706
34,The Timberland Root Walker,77,25,timberland boots 40 below,37.67,0.1667,4,1,youtube_suggest,2026-09-12 19:26:08.666058
34,The Timberland Root Walker,77,26,timberland boots on snow,37.67,0.1667,4,1,youtube_suggest,2026-09-12 19:26:08.666351
34,The Timberland Root Walker,77,27,timberland euro rock mid hiker,36.75,0.125,5,1,youtube_suggest,2026-09-12 19:26:08.668669
34,The Timberland Root Walker,77,28,timberland men's waterproof field boots,36.75,0.125,5,1,youtube_suggest,2026-09-12 19:26:08.671547
34,The Timberland Root Walker,77,29,forest machinery american truck simulator,36.75,0.125,5,1,youtube_suggest,2026-09-12 19:26:08.672030
34,The Timberland Root Walker,77,30,random forest algorithm machine learning,36.75,0.125,5,1,youtube_suggest,2026-09-12 19:26:08.672445
34,The Timberland Root Walker,77,31,forest fair mall ball machine,36.75,0.125,5,1,youtube_suggest,2026-09-12 19:26:08.672786
34,The Timberland Root Walker,77,32,random forest machine learning deutsch,36.75,0.125,5,1,youtube_suggest,2026-09-12 19:26:08.676110
34,The Timberland Root Walker,77,33,random forest machine learning explained,36.75,0.125,5,1,youtube_suggest,2026-09-12 19:26:08.676588
34,The Timberland Root Walker,77,34,random forest machine learning example,36.75,0.125,5,1,youtube_suggest,2026-09-12 19:26:08.676992
34,The Timberland Root Walker,77,35,random forest machine learning explanation,36.75,0.125,5,1,youtube_suggest,2026-09-12 19:26:08.677240
34,The Timberland Root Walker,77,36,big red machine forest green,36.75,0.125,5,1,youtube_suggest,2026-09-12 19:26:08.677448
34,The Timberland Root Walker,77,37,crystal forest slot machine jackpot,36.75,0.125,5,1,youtube_suggest,2026-09-12 19:26:08.677656
34,The Timberland Root Walker,77,38,deep forest live machine 2025,36.75,0.125,5,1,youtube_suggest,2026-09-12 19:26:08.677822
34,The Timberland Root Walker,77,39,random forest machine learning python,36.75,0.125,5,1,youtube_suggest,2026-09-12 19:26:08.680895
34,The Timberland Root Walker,77,40,random forest machine learning algorithm,36.75,0.125,5,1,youtube_suggest,2026-09-12 19:26:08.681108
34,The Timberland Root Walker,77,41,forest demon smiling friends,36.0,0.1429,4,1,youtube_suggest,2026-09-12 19:26:08.681381
34,The Timberland Root Walker,77,42,forest elf makeup tutorial,36.0,0.1429,4,1,youtube_suggest,2026-09-12 19:26:08.681806
34,The Timberland Root Walker,77,43,timberland scar ridge parka,36.0,0.1429,4,1,youtube_suggest,2026-09-12 19:26:08.681996
34,The Timberland Root Walker,77,44,timberland roll top boots,36.0,0.1429,4,1,youtube_suggest,2026-09-12 19:26:08.682159
34,The Timberland Root Walker,77,45,deep forest computer machine,36.0,0.1429,4,1,youtube_suggest,2026-09-12 19:26:08.682320
34,The Timberland Root Walker,77,46,ets2 forest machinery dlc,36.0,0.1429,4,1,youtube_suggest,2026-09-12 19:26:08.682471
34,The Timberland Root Walker,77,47,ats forest machinery dlc,36.0,0.1429,4,1,youtube_suggest,2026-09-12 19:26:08.684779
34,The Timberland Root Walker,77,48,ets forest machinery dlc,36.0,0.1429,4,1,youtube_suggest,2026-09-12 19:26:08.685012
34,The Timberland Root Walker,77,49,isolation forest machine learning,36.0,0.1429,4,1,youtube_suggest,2026-09-12 19:26:08.685180
34,The Timberland Root Walker,77,50,deep forest live machine,36.0,0.1429,4,1,youtube_suggest,2026-09-12 19:26:08.685336
34,The Timberland Root Walker,77,51,forest auto review,35.67,0.1667,3,1,youtube_suggest,2026-09-12 19:26:08.685497
34,The Timberland Root Walker,77,52,forest ambience dnd,35.67,0.1667,3,1,youtube_suggest,2026-09-12 19:26:08.685649
34,The Timberland Root Walker,77,53,forest ambience night,35.67,0.1667,3,1,youtube_suggest,2026-09-12 19:26:08.685797
34,The Timberland Root Walker,77,54,forest animal sounds,35.67,0.1667,3,1,youtube_suggest,2026-09-12 19:26:08.685957
34,The Timberland Root Walker,77,55,forest birds sounds,35.67,0.1667,3,1,youtube_suggest,2026-09-12 19:26:08.686106
34,The Timberland Root Walker,77,56,forest city malaysia,35.67,0.1667,3,1,youtube_suggest,2026-09-12 19:26:08.686254
34,The Timberland Root Walker,77,57,forest car review,35.67,0.1667,3,1,youtube_suggest,2026-09-12 19:26:08.686621
34,The Timberland Root Walker,77,58,forest cafe jazz,35.67,0.1667,3,1,youtube_suggest,2026-09-12 19:26:08.686865
34,The Timberland Root Walker,77,59,forest city worship,35.67,0.1667,3,1,youtube_suggest,2026-09-12 19:26:08.693047
34,The Timberland Root Walker,77,60,forest doesn't care,35.67,0.1667,3,1,youtube_suggest,2026-09-12 19:26:08.693229
35,Bioluminescent Spore Fortress,78,1,forest blakk if you love her,40.0,0.1429,6,1,youtube_suggest,2026-09-12 19:27:31.852507
35,Bioluminescent Spore Fortress,78,2,sons of the forest machine gun,40.0,0.1429,6,1,youtube_suggest,2026-09-12 19:27:31.852854
35,Bioluminescent Spore Fortress,78,3,forest blakk i choose you,39.67,0.1667,5,1,youtube_suggest,2026-09-12 19:27:31.853075
35,Bioluminescent Spore Fortress,78,4,forest machinery euro truck simulator 2,38.75,0.125,6,1,youtube_suggest,2026-09-12 19:27:31.853272
35,Bioluminescent Spore Fortress,78,5,random forest in machine learning in telugu,38.75,0.125,7,1,youtube_suggest,2026-09-12 19:27:31.853461
35,Bioluminescent Spore Fortress,78,6,random forest in machine learning tamil,38.75,0.125,6,1,youtube_suggest,2026-09-12 19:27:31.853647
35,Bioluminescent Spore Fortress,78,7,random forest in machine learning example,38.75,0.125,6,1,youtube_suggest,2026-09-12 19:27:31.853817
35,Bioluminescent Spore Fortress,78,8,random forest in machine learning malayalam,38.75,0.125,6,1,youtube_suggest,2026-09-12 19:27:31.854003
35,Bioluminescent Spore Fortress,78,9,random forest in machine learning numerical,38.75,0.125,6,1,youtube_suggest,2026-09-12 19:27:31.854192
35,Bioluminescent Spore Fortress,78,10,bagging random forest in machine learning,38.75,0.125,6,1,youtube_suggest,2026-09-12 19:27:31.856837
35,Bioluminescent Spore Fortress,78,11,forest at night,38.0,0.2,3,1,youtube_suggest,2026-09-12 19:27:31.857119
35,Bioluminescent Spore Fortress,78,12,forest blakk fall into me,38.0,0.1429,5,1,youtube_suggest,2026-09-12 19:27:31.858086
35,Bioluminescent Spore Fortress,78,13,forest encounters caught on camera,38.0,0.1429,5,1,youtube_suggest,2026-09-12 19:27:31.858946
35,Bioluminescent Spore Fortress,78,14,forest the machine,38.0,0.2,3,1,youtube_suggest,2026-09-12 19:27:31.859897
35,Bioluminescent Spore Fortress,78,15,random forest for machine learning,38.0,0.1429,5,1,youtube_suggest,2026-09-12 19:27:31.860763
35,Bioluminescent Spore Fortress,78,16,isolation forest in machine learning,38.0,0.1429,5,1,youtube_suggest,2026-09-12 19:27:31.861481
35,Bioluminescent Spore Fortress,78,17,random forest in machine learning,38.0,0.1429,5,1,youtube_suggest,2026-09-12 19:27:31.862307
35,Bioluminescent Spore Fortress,78,18,random forest in machine learning mahesh huddar,37.78,0.1111,7,1,youtube_suggest,2026-09-12 19:27:31.864684
35,Bioluminescent Spore Fortress,78,19,random forest machine learning krish naik,37.78,0.1111,6,1,youtube_suggest,2026-09-12 19:27:31.864956
35,Bioluminescent Spore Fortress,78,20,forest fire prediction using machine learning,37.78,0.1111,6,1,youtube_suggest,2026-09-12 19:27:31.865146
35,Bioluminescent Spore Fortress,78,21,forest fire detection using machine learning,37.78,0.1111,6,1,youtube_suggest,2026-09-12 19:27:31.865337
35,Bioluminescent Spore Fortress,78,22,forest animals for kids,37.67,0.1667,4,1,youtube_suggest,2026-09-12 19:27:31.865641
35,Bioluminescent Spore Fortress,78,23,forest machinery american truck simulator,36.75,0.125,5,1,youtube_suggest,2026-09-12 19:27:31.865835
35,Bioluminescent Spore Fortress,78,24,random forest algorithm machine learning,36.75,0.125,5,1,youtube_suggest,2026-09-12 19:27:31.866101
35,Bioluminescent Spore Fortress,78,25,forest fair mall ball machine,36.75,0.125,5,1,youtube_suggest,2026-09-12 19:27:31.866283
35,Bioluminescent Spore Fortress,78,26,random forest machine learning deutsch,36.75,0.125,5,1,youtube_suggest,2026-09-12 19:27:31.866462
35,Bioluminescent Spore Fortress,78,27,random forest machine learning explained,36.75,0.125,5,1,youtube_suggest,2026-09-12 19:27:31.867707
35,Bioluminescent Spore Fortress,78,28,random forest machine learning example,36.75,0.125,5,1,youtube_suggest,2026-09-12 19:27:31.867977
35,Bioluminescent Spore Fortress,78,29,random forest machine learning explanation,36.75,0.125,5,1,youtube_suggest,2026-09-12 19:27:31.868168
35,Bioluminescent Spore Fortress,78,30,big red machine forest green,36.75,0.125,5,1,youtube_suggest,2026-09-12 19:27:31.868346
35,Bioluminescent Spore Fortress,78,31,crystal forest slot machine jackpot,36.75,0.125,5,1,youtube_suggest,2026-09-12 19:27:31.868524
35,Bioluminescent Spore Fortress,78,32,deep forest live machine 2025,36.75,0.125,5,1,youtube_suggest,2026-09-12 19:27:31.868770
35,Bioluminescent Spore Fortress,78,33,random forest machine learning python,36.75,0.125,5,1,youtube_suggest,2026-09-12 19:27:31.868950
35,Bioluminescent Spore Fortress,78,34,random forest machine learning algorithm,36.75,0.125,5,1,youtube_suggest,2026-09-12 19:27:31.869122
35,Bioluminescent Spore Fortress,78,35,forest demon smiling friends,36.0,0.1429,4,1,youtube_suggest,2026-09-12 19:27:31.869276
35,Bioluminescent Spore Fortress,78,36,forest elf makeup tutorial,36.0,0.1429,4,1,youtube_suggest,2026-09-12 19:27:31.869460
35,Bioluminescent Spore Fortress,78,37,bioluminescent mushroom time lapse,36.0,0.1429,4,1,youtube_suggest,2026-09-12 19:27:31.869644
35,Bioluminescent Spore Fortress,78,38,deep forest computer machine,36.0,0.1429,4,1,youtube_suggest,2026-09-12 19:27:31.869817
35,Bioluminescent Spore Fortress,78,39,ets2 forest machinery dlc,36.0,0.1429,4,1,youtube_suggest,2026-09-12 19:27:31.870006
35,Bioluminescent Spore Fortress,78,40,ats forest machinery dlc,36.0,0.1429,4,1,youtube_suggest,2026-09-12 19:27:31.870183
35,Bioluminescent Spore Fortress,78,41,ets forest machinery dlc,36.0,0.1429,4,1,youtube_suggest,2026-09-12 19:27:31.870362
35,Bioluminescent Spore Fortress,78,42,isolation forest machine learning,36.0,0.1429,4,1,youtube_suggest,2026-09-12 19:27:31.876671
35,Bioluminescent Spore Fortress,78,43,deep forest live machine,36.0,0.1429,4,1,youtube_suggest,2026-09-12 19:27:31.877111
35,Bioluminescent Spore Fortress,78,44,forest auto review,35.67,0.1667,3,1,youtube_suggest,2026-09-12 19:27:31.877337
35,Bioluminescent Spore Fortress,78,45,forest ambience dnd,35.67,0.1667,3,1,youtube_suggest,2026-09-12 19:27:31.877538
35,Bioluminescent Spore Fortress,78,46,forest ambience night,35.67,0.1667,3,1,youtube_suggest,2026-09-12 19:27:31.877776
35,Bioluminescent Spore Fortress,78,47,forest animal sounds,35.67,0.1667,3,1,youtube_suggest,2026-09-12 19:27:31.880807
35,Bioluminescent Spore Fortress,78,48,forest birds sounds,35.67,0.1667,3,1,youtube_suggest,2026-09-12 19:27:31.881093
35,Bioluminescent Spore Fortress,78,49,forest city malaysia,35.67,0.1667,3,1,youtube_suggest,2026-09-12 19:27:31.881285
35,Bioluminescent Spore Fortress,78,50,forest car review,35.67,0.1667,3,1,youtube_suggest,2026-09-12 19:27:31.881475
35,Bioluminescent Spore Fortress,78,51,forest cafe jazz,35.67,0.1667,3,1,youtube_suggest,2026-09-12 19:27:31.881771
35,Bioluminescent Spore Fortress,78,52,forest city worship,35.67,0.1667,3,1,youtube_suggest,2026-09-12 19:27:31.882004
35,Bioluminescent Spore Fortress,78,53,forest doesn't care,35.67,0.1667,3,1,youtube_suggest,2026-09-12 19:27:31.882186
35,Bioluminescent Spore Fortress,78,54,forest dnd music,35.67,0.1667,3,1,youtube_suggest,2026-09-12 19:27:31.882370
35,Bioluminescent Spore Fortress,78,55,forest elementary school,35.67,0.1667,3,1,youtube_suggest,2026-09-12 19:27:31.882576
35,Bioluminescent Spore Fortress,78,56,bioluminescent mushroom terrarium,35.67,0.1667,3,1,youtube_suggest,2026-09-12 19:27:31.883015
35,Bioluminescent Spore Fortress,78,57,forest machine impression,35.67,0.1667,3,1,youtube_suggest,2026-09-12 19:27:31.883234
35,Bioluminescent Spore Fortress,78,58,forest machine operator,35.67,0.1667,3,1,youtube_suggest,2026-09-12 19:27:31.883415
35,Bioluminescent Spore Fortress,78,59,forest machinery dlc,35.67,0.1667,3,1,youtube_suggest,2026-09-12 19:27:31.883591
35,Bioluminescent Spore Fortress,78,60,forest machinery ets2,35.67,0.1667,3,1,youtube_suggest,2026-09-12 19:27:31.883810
36,Atmospheric Timber Leviathan,79,1,forest blakk if you love her,40.0,0.1429,6,1,youtube_suggest,2026-09-12 19:28:56.245979
36,Atmospheric Timber Leviathan,79,2,sons of the forest machine gun,40.0,0.1429,6,1,youtube_suggest,2026-09-12 19:28:56.247144
36,Atmospheric Timber Leviathan,79,3,forest blakk i choose you,39.67,0.1667,5,1,youtube_suggest,2026-09-12 19:28:56.247413
36,Atmospheric Timber Leviathan,79,4,forest machinery euro truck simulator 2,38.75,0.125,6,1,youtube_suggest,2026-09-12 19:28:56.247666
36,Atmospheric Timber Leviathan,79,5,random forest in machine learning in telugu,38.75,0.125,7,1,youtube_suggest,2026-09-12 19:28:56.247889
36,Atmospheric Timber Leviathan,79,6,random forest in machine learning tamil,38.75,0.125,6,1,youtube_suggest,2026-09-12 19:28:56.248126
36,Atmospheric Timber Leviathan,79,7,random forest in machine learning example,38.75,0.125,6,1,youtube_suggest,2026-09-12 19:28:56.249569
36,Atmospheric Timber Leviathan,79,8,random forest in machine learning malayalam,38.75,0.125,6,1,youtube_suggest,2026-09-12 19:28:56.249802
36,Atmospheric Timber Leviathan,79,9,random forest in machine learning numerical,38.75,0.125,6,1,youtube_suggest,2026-09-12 19:28:56.250018
36,Atmospheric Timber Leviathan,79,10,bagging random forest in machine learning,38.75,0.125,6,1,youtube_suggest,2026-09-12 19:28:56.251530
36,Atmospheric Timber Leviathan,79,11,forest at night,38.0,0.2,3,1,youtube_suggest,2026-09-12 19:28:56.252710
36,Atmospheric Timber Leviathan,79,12,forest blakk fall into me,38.0,0.1429,5,1,youtube_suggest,2026-09-12 19:28:56.252979
36,Atmospheric Timber Leviathan,79,13,forest encounters caught on camera,38.0,0.1429,5,1,youtube_suggest,2026-09-12 19:28:56.253183
36,Atmospheric Timber Leviathan,79,14,forest the machine,38.0,0.2,3,1,youtube_suggest,2026-09-12 19:28:56.253409
36,Atmospheric Timber Leviathan,79,15,random forest for machine learning,38.0,0.1429,5,1,youtube_suggest,2026-09-12 19:28:56.253610
36,Atmospheric Timber Leviathan,79,16,isolation forest in machine learning,38.0,0.1429,5,1,youtube_suggest,2026-09-12 19:28:56.253798
36,Atmospheric Timber Leviathan,79,17,random forest in machine learning,38.0,0.1429,5,1,youtube_suggest,2026-09-12 19:28:56.253999
36,Atmospheric Timber Leviathan,79,18,leviathan of parsonstown,38.0,0.2,3,1,youtube_suggest,2026-09-12 19:28:56.254177
36,Atmospheric Timber Leviathan,79,19,random forest in machine learning mahesh huddar,37.78,0.1111,7,1,youtube_suggest,2026-09-12 19:28:56.254406
36,Atmospheric Timber Leviathan,79,20,random forest machine learning krish naik,37.78,0.1111,6,1,youtube_suggest,2026-09-12 19:28:56.254615
36,Atmospheric Timber Leviathan,79,21,forest fire prediction using machine learning,37.78,0.1111,6,1,youtube_suggest,2026-09-12 19:28:56.254818
36,Atmospheric Timber Leviathan,79,22,forest fire detection using machine learning,37.78,0.1111,6,1,youtube_suggest,2026-09-12 19:28:56.255023
36,Atmospheric Timber Leviathan,79,23,forest animals for kids,37.67,0.1667,4,1,youtube_suggest,2026-09-12 19:28:56.255228
36,Atmospheric Timber Leviathan,79,24,forest machinery american truck simulator,36.75,0.125,5,1,youtube_suggest,2026-09-12 19:28:56.255447
36,Atmospheric Timber Leviathan,79,25,random forest algorithm machine learning,36.75,0.125,5,1,youtube_suggest,2026-09-12 19:28:56.255646
36,Atmospheric Timber Leviathan,79,26,forest fair mall ball machine,36.75,0.125,5,1,youtube_suggest,2026-09-12 19:28:56.255842
36,Atmospheric Timber Leviathan,79,27,random forest machine learning deutsch,36.75,0.125,5,1,youtube_suggest,2026-09-12 19:28:56.256042
36,Atmospheric Timber Leviathan,79,28,random forest machine learning explained,36.75,0.125,5,1,youtube_suggest,2026-09-12 19:28:56.259735
36,Atmospheric Timber Leviathan,79,29,random forest machine learning example,36.75,0.125,5,1,youtube_suggest,2026-09-12 19:28:56.259958
36,Atmospheric Timber Leviathan,79,30,random forest machine learning explanation,36.75,0.125,5,1,youtube_suggest,2026-09-12 19:28:56.260179
36,Atmospheric Timber Leviathan,79,31,big red machine forest green,36.75,0.125,5,1,youtube_suggest,2026-09-12 19:28:56.260397
36,Atmospheric Timber Leviathan,79,32,crystal forest slot machine jackpot,36.75,0.125,5,1,youtube_suggest,2026-09-12 19:28:56.260639
36,Atmospheric Timber Leviathan,79,33,deep forest live machine 2025,36.75,0.125,5,1,youtube_suggest,2026-09-12 19:28:56.260850
36,Atmospheric Timber Leviathan,79,34,random forest machine learning python,36.75,0.125,5,1,youtube_suggest,2026-09-12 19:28:56.261074
36,Atmospheric Timber Leviathan,79,35,random forest machine learning algorithm,36.75,0.125,5,1,youtube_suggest,2026-09-12 19:28:56.264925
36,Atmospheric Timber Leviathan,79,36,forest demon smiling friends,36.0,0.1429,4,1,youtube_suggest,2026-09-12 19:28:56.265190
36,Atmospheric Timber Leviathan,79,37,forest elf makeup tutorial,36.0,0.1429,4,1,youtube_suggest,2026-09-12 19:28:56.265599
36,Atmospheric Timber Leviathan,79,38,deep forest computer machine,36.0,0.1429,4,1,youtube_suggest,2026-09-12 19:28:56.265785
36,Atmospheric Timber Leviathan,79,39,ets2 forest machinery dlc,36.0,0.1429,4,1,youtube_suggest,2026-09-12 19:28:56.266009
36,Atmospheric Timber Leviathan,79,40,ats forest machinery dlc,36.0,0.1429,4,1,youtube_suggest,2026-09-12 19:28:56.266176
36,Atmospheric Timber Leviathan,79,41,ets forest machinery dlc,36.0,0.1429,4,1,youtube_suggest,2026-09-12 19:28:56.266340
36,Atmospheric Timber Leviathan,79,42,isolation forest machine learning,36.0,0.1429,4,1,youtube_suggest,2026-09-12 19:28:56.266485
36,Atmospheric Timber Leviathan,79,43,deep forest live machine,36.0,0.1429,4,1,youtube_suggest,2026-09-12 19:28:56.266869
36,Atmospheric Timber Leviathan,79,44,forest auto review,35.67,0.1667,3,1,youtube_suggest,2026-09-12 19:28:56.267038
36,Atmospheric Timber Leviathan,79,45,forest ambience dnd,35.67,0.1667,3,1,youtube_suggest,2026-09-12 19:28:56.267186
36,Atmospheric Timber Leviathan,79,46,forest ambience night,35.67,0.1667,3,1,youtube_suggest,2026-09-12 19:28:56.267339
36,Atmospheric Timber Leviathan,79,47,forest animal sounds,35.67,0.1667,3,1,youtube_suggest,2026-09-12 19:28:56.267483
36,Atmospheric Timber Leviathan,79,48,forest birds sounds,35.67,0.1667,3,1,youtube_suggest,2026-09-12 19:28:56.267716
36,Atmospheric Timber Leviathan,79,49,forest city malaysia,35.67,0.1667,3,1,youtube_suggest,2026-09-12 19:28:56.267870
36,Atmospheric Timber Leviathan,79,50,forest car review,35.67,0.1667,3,1,youtube_suggest,2026-09-12 19:28:56.268018
36,Atmospheric Timber Leviathan,79,51,forest cafe jazz,35.67,0.1667,3,1,youtube_suggest,2026-09-12 19:28:56.268161
36,Atmospheric Timber Leviathan,79,52,forest city worship,35.67,0.1667,3,1,youtube_suggest,2026-09-12 19:28:56.268316
36,Atmospheric Timber Leviathan,79,53,forest doesn't care,35.67,0.1667,3,1,youtube_suggest,2026-09-12 19:28:56.268458
36,Atmospheric Timber Leviathan,79,54,forest dnd music,35.67,0.1667,3,1,youtube_suggest,2026-09-12 19:28:56.268650
36,Atmospheric Timber Leviathan,79,55,forest elementary school,35.67,0.1667,3,1,youtube_suggest,2026-09-12 19:28:56.268933
36,Atmospheric Timber Leviathan,79,56,forest machine impression,35.67,0.1667,3,1,youtube_suggest,2026-09-12 19:28:56.269144
36,Atmospheric Timber Leviathan,79,57,forest machine operator,35.67,0.1667,3,1,youtube_suggest,2026-09-12 19:28:56.269366
36,Atmospheric Timber Leviathan,79,58,forest machinery dlc,35.67,0.1667,3,1,youtube_suggest,2026-09-12 19:28:56.269565
36,Atmospheric Timber Leviathan,79,59,forest machinery ets2,35.67,0.1667,3,1,youtube_suggest,2026-09-12 19:28:56.269762
36,Atmospheric Timber Leviathan,79,60,forest machine learning,35.67,0.1667,3,1,youtube_suggest,2026-09-12 19:28:56.270161
37,The Ancient Grove Siphon,80,1,the casket of the ancient winters,41.67,0.1667,6,1,youtube_suggest,2026-09-12 19:30:25.605622
37,The Ancient Grove Siphon,80,2,forest blakk if you love her,40.0,0.1429,6,1,youtube_suggest,2026-09-12 19:30:25.606077
37,The Ancient Grove Siphon,80,3,sons of the forest machine gun,40.0,0.1429,6,1,youtube_suggest,2026-09-12 19:30:25.606392
37,The Ancient Grove Siphon,80,4,forest blakk i choose you,39.67,0.1667,5,1,youtube_suggest,2026-09-12 19:30:25.606654
37,The Ancient Grove Siphon,80,5,forest machinery euro truck simulator 2,38.75,0.125,6,1,youtube_suggest,2026-09-12 19:30:25.606889
37,The Ancient Grove Siphon,80,6,random forest in machine learning in telugu,38.75,0.125,7,1,youtube_suggest,2026-09-12 19:30:25.607041
37,The Ancient Grove Siphon,80,7,random forest in machine learning tamil,38.75,0.125,6,1,youtube_suggest,2026-09-12 19:30:25.607210
37,The Ancient Grove Siphon,80,8,random forest in machine learning example,38.75,0.125,6,1,youtube_suggest,2026-09-12 19:30:25.607380
37,The Ancient Grove Siphon,80,9,random forest in machine learning malayalam,38.75,0.125,6,1,youtube_suggest,2026-09-12 19:30:25.607565
37,The Ancient Grove Siphon,80,10,random forest in machine learning numerical,38.75,0.125,6,1,youtube_suggest,2026-09-12 19:30:25.607747
37,The Ancient Grove Siphon,80,11,bagging random forest in machine learning,38.75,0.125,6,1,youtube_suggest,2026-09-12 19:30:25.607917
37,The Ancient Grove Siphon,80,12,forest at night,38.0,0.2,3,1,youtube_suggest,2026-09-12 19:30:25.608089
37,The Ancient Grove Siphon,80,13,forest blakk fall into me,38.0,0.1429,5,1,youtube_suggest,2026-09-12 19:30:25.608308
37,The Ancient Grove Siphon,80,14,forest encounters caught on camera,38.0,0.1429,5,1,youtube_suggest,2026-09-12 19:30:25.616792
37,The Ancient Grove Siphon,80,15,forest the machine,38.0,0.2,3,1,youtube_suggest,2026-09-12 19:30:25.617322
37,The Ancient Grove Siphon,80,16,random forest for machine learning,38.0,0.1429,5,1,youtube_suggest,2026-09-12 19:30:25.617648
37,The Ancient Grove Siphon,80,17,isolation forest in machine learning,38.0,0.1429,5,1,youtube_suggest,2026-09-12 19:30:25.618018
37,The Ancient Grove Siphon,80,18,random forest in machine learning,38.0,0.1429,5,1,youtube_suggest,2026-09-12 19:30:25.618328
37,The Ancient Grove Siphon,80,19,random forest in machine learning mahesh huddar,37.78,0.1111,7,1,youtube_suggest,2026-09-12 19:30:25.618592
37,The Ancient Grove Siphon,80,20,random forest machine learning krish naik,37.78,0.1111,6,1,youtube_suggest,2026-09-12 19:30:25.620702
37,The Ancient Grove Siphon,80,21,forest fire prediction using machine learning,37.78,0.1111,6,1,youtube_suggest,2026-09-12 19:30:25.621115
37,The Ancient Grove Siphon,80,22,forest fire detection using machine learning,37.78,0.1111,6,1,youtube_suggest,2026-09-12 19:30:25.621284
37,The Ancient Grove Siphon,80,23,forest animals for kids,37.67,0.1667,4,1,youtube_suggest,2026-09-12 19:30:25.621431
37,The Ancient Grove Siphon,80,24,forest machinery american truck simulator,36.75,0.125,5,1,youtube_suggest,2026-09-12 19:30:25.621579
37,The Ancient Grove Siphon,80,25,random forest algorithm machine learning,36.75,0.125,5,1,youtube_suggest,2026-09-12 19:30:25.621887
37,The Ancient Grove Siphon,80,26,forest fair mall ball machine,36.75,0.125,5,1,youtube_suggest,2026-09-12 19:30:25.622143
37,The Ancient Grove Siphon,80,27,random forest machine learning deutsch,36.75,0.125,5,1,youtube_suggest,2026-09-12 19:30:25.622295
37,The Ancient Grove Siphon,80,28,random forest machine learning explained,36.75,0.125,5,1,youtube_suggest,2026-09-12 19:30:25.622444
37,The Ancient Grove Siphon,80,29,random forest machine learning example,36.75,0.125,5,1,youtube_suggest,2026-09-12 19:30:25.622640
37,The Ancient Grove Siphon,80,30,random forest machine learning explanation,36.75,0.125,5,1,youtube_suggest,2026-09-12 19:30:25.622908
37,The Ancient Grove Siphon,80,31,big red machine forest green,36.75,0.125,5,1,youtube_suggest,2026-09-12 19:30:25.623107
37,The Ancient Grove Siphon,80,32,crystal forest slot machine jackpot,36.75,0.125,5,1,youtube_suggest,2026-09-12 19:30:25.623247
37,The Ancient Grove Siphon,80,33,deep forest live machine 2025,36.75,0.125,5,1,youtube_suggest,2026-09-12 19:30:25.623379
37,The Ancient Grove Siphon,80,34,random forest machine learning python,36.75,0.125,5,1,youtube_suggest,2026-09-12 19:30:25.623511
37,The Ancient Grove Siphon,80,35,random forest machine learning algorithm,36.75,0.125,5,1,youtube_suggest,2026-09-12 19:30:25.623638
37,The Ancient Grove Siphon,80,36,forest demon smiling friends,36.0,0.1429,4,1,youtube_suggest,2026-09-12 19:30:25.623764
37,The Ancient Grove Siphon,80,37,forest elf makeup tutorial,36.0,0.1429,4,1,youtube_suggest,2026-09-12 19:30:25.623899
37,The Ancient Grove Siphon,80,38,deep forest computer machine,36.0,0.1429,4,1,youtube_suggest,2026-09-12 19:30:25.624024
37,The Ancient Grove Siphon,80,39,ets2 forest machinery dlc,36.0,0.1429,4,1,youtube_suggest,2026-09-12 19:30:25.624147
37,The Ancient Grove Siphon,80,40,ats forest machinery dlc,36.0,0.1429,4,1,youtube_suggest,2026-09-12 19:30:25.624271
37,The Ancient Grove Siphon,80,41,ets forest machinery dlc,36.0,0.1429,4,1,youtube_suggest,2026-09-12 19:30:25.624393
37,The Ancient Grove Siphon,80,42,isolation forest machine learning,36.0,0.1429,4,1,youtube_suggest,2026-09-12 19:30:25.624514
37,The Ancient Grove Siphon,80,43,deep forest live machine,36.0,0.1429,4,1,youtube_suggest,2026-09-12 19:30:25.633166
37,The Ancient Grove Siphon,80,44,forest auto review,35.67,0.1667,3,1,youtube_suggest,2026-09-12 19:30:25.634329
37,The Ancient Grove Siphon,80,45,forest ambience dnd,35.67,0.1667,3,1,youtube_suggest,2026-09-12 19:30:25.634752
37,The Ancient Grove Siphon,80,46,forest ambience night,35.67,0.1667,3,1,youtube_suggest,2026-09-12 19:30:25.635117
37,The Ancient Grove Siphon,80,47,forest animal sounds,35.67,0.1667,3,1,youtube_suggest,2026-09-12 19:30:25.635305
37,The Ancient Grove Siphon,80,48,forest birds sounds,35.67,0.1667,3,1,youtube_suggest,2026-09-12 19:30:25.635472
37,The Ancient Grove Siphon,80,49,forest city malaysia,35.67,0.1667,3,1,youtube_suggest,2026-09-12 19:30:25.635636
37,The Ancient Grove Siphon,80,50,forest car review,35.67,0.1667,3,1,youtube_suggest,2026-09-12 19:30:25.635787
37,The Ancient Grove Siphon,80,51,forest cafe jazz,35.67,0.1667,3,1,youtube_suggest,2026-09-12 19:30:25.635930
37,The Ancient Grove Siphon,80,52,forest city worship,35.67,0.1667,3,1,youtube_suggest,2026-09-12 19:30:25.636194
37,The Ancient Grove Siphon,80,53,forest doesn't care,35.67,0.1667,3,1,youtube_suggest,2026-09-12 19:30:25.636404
37,The Ancient Grove Siphon,80,54,forest dnd music,35.67,0.1667,3,1,youtube_suggest,2026-09-12 19:30:25.640770
37,The Ancient Grove Siphon,80,55,forest elementary school,35.67,0.1667,3,1,youtube_suggest,2026-09-12 19:30:25.641025
37,The Ancient Grove Siphon,80,56,forest machine impression,35.67,0.1667,3,1,youtube_suggest,2026-09-12 19:30:25.641183
37,The Ancient Grove Siphon,80,57,forest machine operator,35.67,0.1667,3,1,youtube_suggest,2026-09-12 19:30:25.641326
37,The Ancient Grove Siphon,80,58,forest machinery dlc,35.67,0.1667,3,1,youtube_suggest,2026-09-12 19:30:25.641473
37,The Ancient Grove Siphon,80,59,forest machinery ets2,35.67,0.1667,3,1,youtube_suggest,2026-09-12 19:30:25.641611
37,The Ancient Grove Siphon,80,60,forest machine learning,35.67,0.1667,3,1,youtube_suggest,2026-09-12 19:30:25.641778
38,Ironwood Deep-Root Excavator,81,1,excavator with root rake,49.33,0.3333,4,1,youtube_suggest,2026-09-12 19:31:51.763730
38,Ironwood Deep-Root Excavator,81,2,deep forest computer machine,46.0,0.2857,4,1,youtube_suggest,2026-09-12 19:31:51.764040
38,Ironwood Deep-Root Excavator,81,3,deep forest live machine,46.0,0.2857,4,1,youtube_suggest,2026-09-12 19:31:51.764254
38,Ironwood Deep-Root Excavator,81,4,excavator root rake attachment,46.0,0.2857,4,1,youtube_suggest,2026-09-12 19:31:51.764452
38,Ironwood Deep-Root Excavator,81,5,deep forest live machine 2025,45.5,0.25,5,1,youtube_suggest,2026-09-12 19:31:51.768354
38,Ironwood Deep-Root Excavator,81,6,forest blakk if you love her,38.75,0.125,6,1,youtube_suggest,2026-09-12 19:31:51.768643
38,Ironwood Deep-Root Excavator,81,7,sons of the forest machine gun,38.75,0.125,6,1,youtube_suggest,2026-09-12 19:31:51.768854
38,Ironwood Deep-Root Excavator,81,8,forest blakk i choose you,38.0,0.1429,5,1,youtube_suggest,2026-09-12 19:31:51.769046
38,Ironwood Deep-Root Excavator,81,9,forest machinery euro truck simulator 2,37.78,0.1111,6,1,youtube_suggest,2026-09-12 19:31:51.769240
38,Ironwood Deep-Root Excavator,81,10,random forest in machine learning in telugu,37.78,0.1111,7,1,youtube_suggest,2026-09-12 19:31:51.769422
38,Ironwood Deep-Root Excavator,81,11,random forest in machine learning tamil,37.78,0.1111,6,1,youtube_suggest,2026-09-12 19:31:51.769605
38,Ironwood Deep-Root Excavator,81,12,random forest in machine learning example,37.78,0.1111,6,1,youtube_suggest,2026-09-12 19:31:51.772684
38,Ironwood Deep-Root Excavator,81,13,random forest in machine learning malayalam,37.78,0.1111,6,1,youtube_suggest,2026-09-12 19:31:51.773011
38,Ironwood Deep-Root Excavator,81,14,random forest in machine learning numerical,37.78,0.1111,6,1,youtube_suggest,2026-09-12 19:31:51.773199
38,Ironwood Deep-Root Excavator,81,15,bagging random forest in machine learning,37.78,0.1111,6,1,youtube_suggest,2026-09-12 19:31:51.773389
38,Ironwood Deep-Root Excavator,81,16,random forest in machine learning mahesh huddar,37.0,0.1,7,1,youtube_suggest,2026-09-12 19:31:51.773595
38,Ironwood Deep-Root Excavator,81,17,random forest machine learning krish naik,37.0,0.1,6,1,youtube_suggest,2026-09-12 19:31:51.773807
38,Ironwood Deep-Root Excavator,81,18,forest fire prediction using machine learning,37.0,0.1,6,1,youtube_suggest,2026-09-12 19:31:51.773961
38,Ironwood Deep-Root Excavator,81,19,forest fire detection using machine learning,37.0,0.1,6,1,youtube_suggest,2026-09-12 19:31:51.774106
38,Ironwood Deep-Root Excavator,81,20,forest blakk fall into me,36.75,0.125,5,1,youtube_suggest,2026-09-12 19:31:51.774251
38,Ironwood Deep-Root Excavator,81,21,forest encounters caught on camera,36.75,0.125,5,1,youtube_suggest,2026-09-12 19:31:51.774396
38,Ironwood Deep-Root Excavator,81,22,random forest for machine learning,36.75,0.125,5,1,youtube_suggest,2026-09-12 19:31:51.774545
38,Ironwood Deep-Root Excavator,81,23,isolation forest in machine learning,36.75,0.125,5,1,youtube_suggest,2026-09-12 19:31:51.774730
38,Ironwood Deep-Root Excavator,81,24,random forest in machine learning,36.75,0.125,5,1,youtube_suggest,2026-09-12 19:31:51.775046
38,Ironwood Deep-Root Excavator,81,25,forest animals for kids,36.0,0.1429,4,1,youtube_suggest,2026-09-12 19:31:51.775238
38,Ironwood Deep-Root Excavator,81,26,forest machinery american truck simulator,35.78,0.1111,5,1,youtube_suggest,2026-09-12 19:31:51.775427
38,Ironwood Deep-Root Excavator,81,27,random forest algorithm machine learning,35.78,0.1111,5,1,youtube_suggest,2026-09-12 19:31:51.775613
38,Ironwood Deep-Root Excavator,81,28,forest fair mall ball machine,35.78,0.1111,5,1,youtube_suggest,2026-09-12 19:31:51.775803
38,Ironwood Deep-Root Excavator,81,29,random forest machine learning deutsch,35.78,0.1111,5,1,youtube_suggest,2026-09-12 19:31:51.775986
38,Ironwood Deep-Root Excavator,81,30,random forest machine learning explained,35.78,0.1111,5,1,youtube_suggest,2026-09-12 19:31:51.776168
38,Ironwood Deep-Root Excavator,81,31,random forest machine learning example,35.78,0.1111,5,1,youtube_suggest,2026-09-12 19:31:51.776337
38,Ironwood Deep-Root Excavator,81,32,random forest machine learning explanation,35.78,0.1111,5,1,youtube_suggest,2026-09-12 19:31:51.776479
38,Ironwood Deep-Root Excavator,81,33,big red machine forest green,35.78,0.1111,5,1,youtube_suggest,2026-09-12 19:31:51.782549
38,Ironwood Deep-Root Excavator,81,34,crystal forest slot machine jackpot,35.78,0.1111,5,1,youtube_suggest,2026-09-12 19:31:51.782797
38,Ironwood Deep-Root Excavator,81,35,random forest machine learning python,35.78,0.1111,5,1,youtube_suggest,2026-09-12 19:31:51.782999
38,Ironwood Deep-Root Excavator,81,36,random forest machine learning algorithm,35.78,0.1111,5,1,youtube_suggest,2026-09-12 19:31:51.783249
38,Ironwood Deep-Root Excavator,81,37,rut mini excavator disc mulcher,35.78,0.1111,5,1,youtube_suggest,2026-09-12 19:31:51.783441
38,Ironwood Deep-Root Excavator,81,38,forest at night,35.67,0.1667,3,1,youtube_suggest,2026-09-12 19:31:51.783629
38,Ironwood Deep-Root Excavator,81,39,forest the machine,35.67,0.1667,3,1,youtube_suggest,2026-09-12 19:31:51.783821
38,Ironwood Deep-Root Excavator,81,40,forest demon smiling friends,34.75,0.125,4,1,youtube_suggest,2026-09-12 19:31:51.784006
38,Ironwood Deep-Root Excavator,81,41,forest elf makeup tutorial,34.75,0.125,4,1,youtube_suggest,2026-09-12 19:31:51.784184
38,Ironwood Deep-Root Excavator,81,42,ets2 forest machinery dlc,34.75,0.125,4,1,youtube_suggest,2026-09-12 19:31:51.784362
38,Ironwood Deep-Root Excavator,81,43,ats forest machinery dlc,34.75,0.125,4,1,youtube_suggest,2026-09-12 19:31:51.787075
38,Ironwood Deep-Root Excavator,81,44,ets forest machinery dlc,34.75,0.125,4,1,youtube_suggest,2026-09-12 19:31:51.788948
38,Ironwood Deep-Root Excavator,81,45,isolation forest machine learning,34.75,0.125,4,1,youtube_suggest,2026-09-12 19:31:51.790698
38,Ironwood Deep-Root Excavator,81,46,ironwood acres timber harvest,34.75,0.125,4,1,youtube_suggest,2026-09-12 19:31:51.791002
38,Ironwood Deep-Root Excavator,81,47,root pustule below zero,34.75,0.125,4,1,youtube_suggest,2026-09-12 19:31:51.791211
38,Ironwood Deep-Root Excavator,81,48,forest auto review,34.0,0.1429,3,1,youtube_suggest,2026-09-12 19:31:51.791400
38,Ironwood Deep-Root Excavator,81,49,forest ambience dnd,34.0,0.1429,3,1,youtube_suggest,2026-09-12 19:31:51.791599
38,Ironwood Deep-Root Excavator,81,50,forest ambience night,34.0,0.1429,3,1,youtube_suggest,2026-09-12 19:31:51.791799
38,Ironwood Deep-Root Excavator,81,51,forest animal sounds,34.0,0.1429,3,1,youtube_suggest,2026-09-12 19:31:51.796926
38,Ironwood Deep-Root Excavator,81,52,forest birds sounds,34.0,0.1429,3,1,youtube_suggest,2026-09-12 19:31:51.797194
38,Ironwood Deep-Root Excavator,81,53,forest city malaysia,34.0,0.1429,3,1,youtube_suggest,2026-09-12 19:31:51.797396
38,Ironwood Deep-Root Excavator,81,54,forest car review,34.0,0.1429,3,1,youtube_suggest,2026-09-12 19:31:51.797604
38,Ironwood Deep-Root Excavator,81,55,forest cafe jazz,34.0,0.1429,3,1,youtube_suggest,2026-09-12 19:31:51.797799
38,Ironwood Deep-Root Excavator,81,56,forest city worship,34.0,0.1429,3,1,youtube_suggest,2026-09-12 19:31:51.797998
38,Ironwood Deep-Root Excavator,81,57,forest doesn't care,34.0,0.1429,3,1,youtube_suggest,2026-09-12 19:31:51.798204
38,Ironwood Deep-Root Excavator,81,58,forest dnd music,34.0,0.1429,3,1,youtube_suggest,2026-09-12 19:31:51.798385
38,Ironwood Deep-Root Excavator,81,59,forest elementary school,34.0,0.1429,3,1,youtube_suggest,2026-09-12 19:31:51.798567
38,Ironwood Deep-Root Excavator,81,60,forest machine impression,34.0,0.1429,3,1,youtube_suggest,2026-09-12 19:31:51.798743
39,Planetary Mycelial Loom,82,1,forest blakk if you love her,40.0,0.1429,6,1,youtube_suggest,2026-09-12 19:33:21.039802
39,Planetary Mycelial Loom,82,2,sons of the forest machine gun,40.0,0.1429,6,1,youtube_suggest,2026-09-12 19:33:21.040128
39,Planetary Mycelial Loom,82,3,forest blakk i choose you,39.67,0.1667,5,1,youtube_suggest,2026-09-12 19:33:21.040380
39,Planetary Mycelial Loom,82,4,forest machinery euro truck simulator 2,38.75,0.125,6,1,youtube_suggest,2026-09-12 19:33:21.040774
39,Planetary Mycelial Loom,82,5,random forest in machine learning in telugu,38.75,0.125,7,1,youtube_suggest,2026-09-12 19:33:21.041031
39,Planetary Mycelial Loom,82,6,random forest in machine learning tamil,38.75,0.125,6,1,youtube_suggest,2026-09-12 19:33:21.041281
39,Planetary Mycelial Loom,82,7,random forest in machine learning example,38.75,0.125,6,1,youtube_suggest,2026-09-12 19:33:21.041535
39,Planetary Mycelial Loom,82,8,random forest in machine learning malayalam,38.75,0.125,6,1,youtube_suggest,2026-09-12 19:33:21.041749
39,Planetary Mycelial Loom,82,9,random forest in machine learning numerical,38.75,0.125,6,1,youtube_suggest,2026-09-12 19:33:21.041980
39,Planetary Mycelial Loom,82,10,bagging random forest in machine learning,38.75,0.125,6,1,youtube_suggest,2026-09-12 19:33:21.042190
39,Planetary Mycelial Loom,82,11,forest at night,38.0,0.2,3,1,youtube_suggest,2026-09-12 19:33:21.042407
39,Planetary Mycelial Loom,82,12,forest blakk fall into me,38.0,0.1429,5,1,youtube_suggest,2026-09-12 19:33:21.042611
39,Planetary Mycelial Loom,82,13,forest encounters caught on camera,38.0,0.1429,5,1,youtube_suggest,2026-09-12 19:33:21.044651
39,Planetary Mycelial Loom,82,14,forest the machine,38.0,0.2,3,1,youtube_suggest,2026-09-12 19:33:21.049027
39,Planetary Mycelial Loom,82,15,random forest for machine learning,38.0,0.1429,5,1,youtube_suggest,2026-09-12 19:33:21.049322
39,Planetary Mycelial Loom,82,16,isolation forest in machine learning,38.0,0.1429,5,1,youtube_suggest,2026-09-12 19:33:21.049799
39,Planetary Mycelial Loom,82,17,random forest in machine learning,38.0,0.1429,5,1,youtube_suggest,2026-09-12 19:33:21.050053
39,Planetary Mycelial Loom,82,18,random forest in machine learning mahesh huddar,37.78,0.1111,7,1,youtube_suggest,2026-09-12 19:33:21.050277
39,Planetary Mycelial Loom,82,19,random forest machine learning krish naik,37.78,0.1111,6,1,youtube_suggest,2026-09-12 19:33:21.050490
39,Planetary Mycelial Loom,82,20,forest fire prediction using machine learning,37.78,0.1111,6,1,youtube_suggest,2026-09-12 19:33:21.050683
39,Planetary Mycelial Loom,82,21,forest fire detection using machine learning,37.78,0.1111,6,1,youtube_suggest,2026-09-12 19:33:21.050883
39,Planetary Mycelial Loom,82,22,forest animals for kids,37.67,0.1667,4,1,youtube_suggest,2026-09-12 19:33:21.051120
39,Planetary Mycelial Loom,82,23,forest machinery american truck simulator,36.75,0.125,5,1,youtube_suggest,2026-09-12 19:33:21.051379
39,Planetary Mycelial Loom,82,24,random forest algorithm machine learning,36.75,0.125,5,1,youtube_suggest,2026-09-12 19:33:21.051587
39,Planetary Mycelial Loom,82,25,forest fair mall ball machine,36.75,0.125,5,1,youtube_suggest,2026-09-12 19:33:21.051816
39,Planetary Mycelial Loom,82,26,random forest machine learning deutsch,36.75,0.125,5,1,youtube_suggest,2026-09-12 19:33:21.053513
39,Planetary Mycelial Loom,82,27,random forest machine learning explained,36.75,0.125,5,1,youtube_suggest,2026-09-12 19:33:21.053765
39,Planetary Mycelial Loom,82,28,random forest machine learning example,36.75,0.125,5,1,youtube_suggest,2026-09-12 19:33:21.053983
39,Planetary Mycelial Loom,82,29,random forest machine learning explanation,36.75,0.125,5,1,youtube_suggest,2026-09-12 19:33:21.054189
39,Planetary Mycelial Loom,82,30,big red machine forest green,36.75,0.125,5,1,youtube_suggest,2026-09-12 19:33:21.054414
39,Planetary Mycelial Loom,82,31,crystal forest slot machine jackpot,36.75,0.125,5,1,youtube_suggest,2026-09-12 19:33:21.054615
39,Planetary Mycelial Loom,82,32,deep forest live machine 2025,36.75,0.125,5,1,youtube_suggest,2026-09-12 19:33:21.060015
39,Planetary Mycelial Loom,82,33,random forest machine learning python,36.75,0.125,5,1,youtube_suggest,2026-09-12 19:33:21.060425
39,Planetary Mycelial Loom,82,34,random forest machine learning algorithm,36.75,0.125,5,1,youtube_suggest,2026-09-12 19:33:21.060684
39,Planetary Mycelial Loom,82,35,forest demon smiling friends,36.0,0.1429,4,1,youtube_suggest,2026-09-12 19:33:21.060919
39,Planetary Mycelial Loom,82,36,forest elf makeup tutorial,36.0,0.1429,4,1,youtube_suggest,2026-09-12 19:33:21.061127
39,Planetary Mycelial Loom,82,37,deep forest computer machine,36.0,0.1429,4,1,youtube_suggest,2026-09-12 19:33:21.061361
39,Planetary Mycelial Loom,82,38,ets2 forest machinery dlc,36.0,0.1429,4,1,youtube_suggest,2026-09-12 19:33:21.061568
39,Planetary Mycelial Loom,82,39,ats forest machinery dlc,36.0,0.1429,4,1,youtube_suggest,2026-09-12 19:33:21.061785
39,Planetary Mycelial Loom,82,40,ets forest machinery dlc,36.0,0.1429,4,1,youtube_suggest,2026-09-12 19:33:21.061992
39,Planetary Mycelial Loom,82,41,isolation forest machine learning,36.0,0.1429,4,1,youtube_suggest,2026-09-12 19:33:21.062193
39,Planetary Mycelial Loom,82,42,deep forest live machine,36.0,0.1429,4,1,youtube_suggest,2026-09-12 19:33:21.062411
39,Planetary Mycelial Loom,82,43,forest auto review,35.67,0.1667,3,1,youtube_suggest,2026-09-12 19:33:21.062610
39,Planetary Mycelial Loom,82,44,forest ambience dnd,35.67,0.1667,3,1,youtube_suggest,2026-09-12 19:33:21.062811
39,Planetary Mycelial Loom,82,45,forest ambience night,35.67,0.1667,3,1,youtube_suggest,2026-09-12 19:33:21.063012
39,Planetary Mycelial Loom,82,46,forest animal sounds,35.67,0.1667,3,1,youtube_suggest,2026-09-12 19:33:21.063230
39,Planetary Mycelial Loom,82,47,forest birds sounds,35.67,0.1667,3,1,youtube_suggest,2026-09-12 19:33:21.063442
39,Planetary Mycelial Loom,82,48,forest city malaysia,35.67,0.1667,3,1,youtube_suggest,2026-09-12 19:33:21.063650
39,Planetary Mycelial Loom,82,49,forest car review,35.67,0.1667,3,1,youtube_suggest,2026-09-12 19:33:21.063869
39,Planetary Mycelial Loom,82,50,forest cafe jazz,35.67,0.1667,3,1,youtube_suggest,2026-09-12 19:33:21.064071
39,Planetary Mycelial Loom,82,51,forest city worship,35.67,0.1667,3,1,youtube_suggest,2026-09-12 19:33:21.064282
39,Planetary Mycelial Loom,82,52,forest doesn't care,35.67,0.1667,3,1,youtube_suggest,2026-09-12 19:33:21.068431
39,Planetary Mycelial Loom,82,53,forest dnd music,35.67,0.1667,3,1,youtube_suggest,2026-09-12 19:33:21.073033
39,Planetary Mycelial Loom,82,54,forest elementary school,35.67,0.1667,3,1,youtube_suggest,2026-09-12 19:33:21.073312
39,Planetary Mycelial Loom,82,55,loom knit mushroom,35.67,0.1667,3,1,youtube_suggest,2026-09-12 19:33:21.073528
39,Planetary Mycelial Loom,82,56,planetary solar system,35.67,0.1667,3,1,youtube_suggest,2026-09-12 19:33:21.073726
39,Planetary Mycelial Loom,82,57,forest machine impression,35.67,0.1667,3,1,youtube_suggest,2026-09-12 19:33:21.073923
39,Planetary Mycelial Loom,82,58,forest machine operator,35.67,0.1667,3,1,youtube_suggest,2026-09-12 19:33:21.074141
39,Planetary Mycelial Loom,82,59,forest machinery dlc,35.67,0.1667,3,1,youtube_suggest,2026-09-12 19:33:21.074346
39,Planetary Mycelial Loom,82,60,forest machinery ets2,35.67,0.1667,3,1,youtube_suggest,2026-09-12 19:33:21.074536
40,The Evergreen Core Furnace,83,1,forest core,45.0,0.5,2,0,youtube_suggest,2026-09-12 19:35:06.407653
40,The Evergreen Core Furnace,83,2,80 vs 95 efficient furnace,42.0,0.2,5,1,youtube_suggest,2026-09-12 19:35:06.408101
40,The Evergreen Core Furnace,83,3,all furnace parts and what they do,40.0,0.1429,7,1,youtube_suggest,2026-09-12 19:35:06.408310
40,The Evergreen Core Furnace,83,4,fine brass refined in a furnace,40.0,0.1429,6,1,youtube_suggest,2026-09-12 19:35:06.408514
40,The Evergreen Core Furnace,83,5,forest blakk if you love her,40.0,0.1429,6,1,youtube_suggest,2026-09-12 19:35:06.416555
40,The Evergreen Core Furnace,83,6,sons of the forest machine gun,40.0,0.1429,6,1,youtube_suggest,2026-09-12 19:35:06.418022
40,The Evergreen Core Furnace,83,7,forest blakk i choose you,39.67,0.1667,5,1,youtube_suggest,2026-09-12 19:35:06.419251
40,The Evergreen Core Furnace,83,8,forest machinery euro truck simulator 2,38.75,0.125,6,1,youtube_suggest,2026-09-12 19:35:06.420072
40,The Evergreen Core Furnace,83,9,random forest in machine learning in telugu,38.75,0.125,7,1,youtube_suggest,2026-09-12 19:35:06.420314
40,The Evergreen Core Furnace,83,10,random forest in machine learning tamil,38.75,0.125,6,1,youtube_suggest,2026-09-12 19:35:06.420920
40,The Evergreen Core Furnace,83,11,random forest in machine learning example,38.75,0.125,6,1,youtube_suggest,2026-09-12 19:35:06.422617
40,The Evergreen Core Furnace,83,12,random forest in machine learning malayalam,38.75,0.125,6,1,youtube_suggest,2026-09-12 19:35:06.422870
40,The Evergreen Core Furnace,83,13,random forest in machine learning numerical,38.75,0.125,6,1,youtube_suggest,2026-09-12 19:35:06.423082
40,The Evergreen Core Furnace,83,14,bagging random forest in machine learning,38.75,0.125,6,1,youtube_suggest,2026-09-12 19:35:06.423311
40,The Evergreen Core Furnace,83,15,the evergreen tree,38.0,0.2,3,1,youtube_suggest,2026-09-12 19:35:06.423664
40,The Evergreen Core Furnace,83,16,forest at night,38.0,0.2,3,1,youtube_suggest,2026-09-12 19:35:06.423857
40,The Evergreen Core Furnace,83,17,forest blakk fall into me,38.0,0.1429,5,1,youtube_suggest,2026-09-12 19:35:06.424041
40,The Evergreen Core Furnace,83,18,forest encounters caught on camera,38.0,0.1429,5,1,youtube_suggest,2026-09-12 19:35:06.424237
40,The Evergreen Core Furnace,83,19,forest the machine,38.0,0.2,3,1,youtube_suggest,2026-09-12 19:35:06.424420
40,The Evergreen Core Furnace,83,20,random forest for machine learning,38.0,0.1429,5,1,youtube_suggest,2026-09-12 19:35:06.428934
40,The Evergreen Core Furnace,83,21,isolation forest in machine learning,38.0,0.1429,5,1,youtube_suggest,2026-09-12 19:35:06.429363
40,The Evergreen Core Furnace,83,22,random forest in machine learning,38.0,0.1429,5,1,youtube_suggest,2026-09-12 19:35:06.429578
40,The Evergreen Core Furnace,83,23,random forest in machine learning mahesh huddar,37.78,0.1111,7,1,youtube_suggest,2026-09-12 19:35:06.429786
40,The Evergreen Core Furnace,83,24,random forest machine learning krish naik,37.78,0.1111,6,1,youtube_suggest,2026-09-12 19:35:06.430039
40,The Evergreen Core Furnace,83,25,forest fire prediction using machine learning,37.78,0.1111,6,1,youtube_suggest,2026-09-12 19:35:06.430237
40,The Evergreen Core Furnace,83,26,forest fire detection using machine learning,37.78,0.1111,6,1,youtube_suggest,2026-09-12 19:35:06.430658
40,The Evergreen Core Furnace,83,27,forest animals for kids,37.67,0.1667,4,1,youtube_suggest,2026-09-12 19:35:06.430856
40,The Evergreen Core Furnace,83,28,forest machinery american truck simulator,36.75,0.125,5,1,youtube_suggest,2026-09-12 19:35:06.431072
40,The Evergreen Core Furnace,83,29,random forest algorithm machine learning,36.75,0.125,5,1,youtube_suggest,2026-09-12 19:35:06.431258
40,The Evergreen Core Furnace,83,30,forest fair mall ball machine,36.75,0.125,5,1,youtube_suggest,2026-09-12 19:35:06.431449
40,The Evergreen Core Furnace,83,31,random forest machine learning deutsch,36.75,0.125,5,1,youtube_suggest,2026-09-12 19:35:06.431648
40,The Evergreen Core Furnace,83,32,random forest machine learning explained,36.75,0.125,5,1,youtube_suggest,2026-09-12 19:35:06.432769
40,The Evergreen Core Furnace,83,33,random forest machine learning example,36.75,0.125,5,1,youtube_suggest,2026-09-12 19:35:06.434132
40,The Evergreen Core Furnace,83,34,random forest machine learning explanation,36.75,0.125,5,1,youtube_suggest,2026-09-12 19:35:06.434345
40,The Evergreen Core Furnace,83,35,big red machine forest green,36.75,0.125,5,1,youtube_suggest,2026-09-12 19:35:06.434548
40,The Evergreen Core Furnace,83,36,crystal forest slot machine jackpot,36.75,0.125,5,1,youtube_suggest,2026-09-12 19:35:06.434897
40,The Evergreen Core Furnace,83,37,deep forest live machine 2025,36.75,0.125,5,1,youtube_suggest,2026-09-12 19:35:06.435094
40,The Evergreen Core Furnace,83,38,random forest machine learning python,36.75,0.125,5,1,youtube_suggest,2026-09-12 19:35:06.435280
40,The Evergreen Core Furnace,83,39,random forest machine learning algorithm,36.75,0.125,5,1,youtube_suggest,2026-09-12 19:35:06.435475
40,The Evergreen Core Furnace,83,40,forest demon smiling friends,36.0,0.1429,4,1,youtube_suggest,2026-09-12 19:35:06.435664
40,The Evergreen Core Furnace,83,41,forest elf makeup tutorial,36.0,0.1429,4,1,youtube_suggest,2026-09-12 19:35:06.435844
40,The Evergreen Core Furnace,83,42,deep forest computer machine,36.0,0.1429,4,1,youtube_suggest,2026-09-12 19:35:06.436025
40,The Evergreen Core Furnace,83,43,ets2 forest machinery dlc,36.0,0.1429,4,1,youtube_suggest,2026-09-12 19:35:06.436352
40,The Evergreen Core Furnace,83,44,ats forest machinery dlc,36.0,0.1429,4,1,youtube_suggest,2026-09-12 19:35:06.440748
40,The Evergreen Core Furnace,83,45,ets forest machinery dlc,36.0,0.1429,4,1,youtube_suggest,2026-09-12 19:35:06.441135
40,The Evergreen Core Furnace,83,46,isolation forest machine learning,36.0,0.1429,4,1,youtube_suggest,2026-09-12 19:35:06.441360
40,The Evergreen Core Furnace,83,47,deep forest live machine,36.0,0.1429,4,1,youtube_suggest,2026-09-12 19:35:06.441575
40,The Evergreen Core Furnace,83,48,evergreen fiery furnaces,35.67,0.1667,3,1,youtube_suggest,2026-09-12 19:35:06.441815
40,The Evergreen Core Furnace,83,49,pit type furnace,35.67,0.1667,3,1,youtube_suggest,2026-09-12 19:35:06.442167
40,The Evergreen Core Furnace,83,50,early blast furnace,35.67,0.1667,3,1,youtube_suggest,2026-09-12 19:35:06.442364
40,The Evergreen Core Furnace,83,51,forest auto review,35.67,0.1667,3,1,youtube_suggest,2026-09-12 19:35:06.448752
40,The Evergreen Core Furnace,83,52,forest ambience dnd,35.67,0.1667,3,1,youtube_suggest,2026-09-12 19:35:06.449389
40,The Evergreen Core Furnace,83,53,forest ambience night,35.67,0.1667,3,1,youtube_suggest,2026-09-12 19:35:06.449625
40,The Evergreen Core Furnace,83,54,forest animal sounds,35.67,0.1667,3,1,youtube_suggest,2026-09-12 19:35:06.449818
40,The Evergreen Core Furnace,83,55,forest birds sounds,35.67,0.1667,3,1,youtube_suggest,2026-09-12 19:35:06.450003
40,The Evergreen Core Furnace,83,56,forest city malaysia,35.67,0.1667,3,1,youtube_suggest,2026-09-12 19:35:06.450191
40,The Evergreen Core Furnace,83,57,forest car review,35.67,0.1667,3,1,youtube_suggest,2026-09-12 19:35:06.450535
40,The Evergreen Core Furnace,83,58,forest cafe jazz,35.67,0.1667,3,1,youtube_suggest,2026-09-12 19:35:06.451037
40,The Evergreen Core Furnace,83,59,forest city worship,35.67,0.1667,3,1,youtube_suggest,2026-09-12 19:35:06.451234
40,The Evergreen Core Furnace,83,60,forest doesn't care,35.67,0.1667,3,1,youtube_suggest,2026-09-12 19:35:06.451421
41,Chrono-Bark Synthesizer,84,1,forest blakk if you love her,40.0,0.1429,6,1,youtube_suggest,2026-09-12 19:36:35.122138
41,Chrono-Bark Synthesizer,84,2,sons of the forest machine gun,40.0,0.1429,6,1,youtube_suggest,2026-09-12 19:36:35.122448
41,Chrono-Bark Synthesizer,84,3,forest blakk i choose you,39.67,0.1667,5,1,youtube_suggest,2026-09-12 19:36:35.122644
41,Chrono-Bark Synthesizer,84,4,forest machinery euro truck simulator 2,38.75,0.125,6,1,youtube_suggest,2026-09-12 19:36:35.122908
41,Chrono-Bark Synthesizer,84,5,random forest in machine learning in telugu,38.75,0.125,7,1,youtube_suggest,2026-09-12 19:36:35.123104
41,Chrono-Bark Synthesizer,84,6,random forest in machine learning tamil,38.75,0.125,6,1,youtube_suggest,2026-09-12 19:36:35.123445
41,Chrono-Bark Synthesizer,84,7,random forest in machine learning example,38.75,0.125,6,1,youtube_suggest,2026-09-12 19:36:35.123602
41,Chrono-Bark Synthesizer,84,8,random forest in machine learning malayalam,38.75,0.125,6,1,youtube_suggest,2026-09-12 19:36:35.123733
41,Chrono-Bark Synthesizer,84,9,random forest in machine learning numerical,38.75,0.125,6,1,youtube_suggest,2026-09-12 19:36:35.123872
41,Chrono-Bark Synthesizer,84,10,bagging random forest in machine learning,38.75,0.125,6,1,youtube_suggest,2026-09-12 19:36:35.124011
41,Chrono-Bark Synthesizer,84,11,forest at night,38.0,0.2,3,1,youtube_suggest,2026-09-12 19:36:35.124145
41,Chrono-Bark Synthesizer,84,12,forest blakk fall into me,38.0,0.1429,5,1,youtube_suggest,2026-09-12 19:36:35.124283
41,Chrono-Bark Synthesizer,84,13,forest encounters caught on camera,38.0,0.1429,5,1,youtube_suggest,2026-09-12 19:36:35.124405
41,Chrono-Bark Synthesizer,84,14,forest the machine,38.0,0.2,3,1,youtube_suggest,2026-09-12 19:36:35.132666
41,Chrono-Bark Synthesizer,84,15,random forest for machine learning,38.0,0.1429,5,1,youtube_suggest,2026-09-12 19:36:35.133088
41,Chrono-Bark Synthesizer,84,16,isolation forest in machine learning,38.0,0.1429,5,1,youtube_suggest,2026-09-12 19:36:35.133300
41,Chrono-Bark Synthesizer,84,17,random forest in machine learning,38.0,0.1429,5,1,youtube_suggest,2026-09-12 19:36:35.133472
41,Chrono-Bark Synthesizer,84,18,asterian synthesizer v,38.0,0.2,3,1,youtube_suggest,2026-09-12 19:36:35.133625
41,Chrono-Bark Synthesizer,84,19,random forest in machine learning mahesh huddar,37.78,0.1111,7,1,youtube_suggest,2026-09-12 19:36:35.133790
41,Chrono-Bark Synthesizer,84,20,random forest machine learning krish naik,37.78,0.1111,6,1,youtube_suggest,2026-09-12 19:36:35.133942
41,Chrono-Bark Synthesizer,84,21,forest fire prediction using machine learning,37.78,0.1111,6,1,youtube_suggest,2026-09-12 19:36:35.134090
41,Chrono-Bark Synthesizer,84,22,forest fire detection using machine learning,37.78,0.1111,6,1,youtube_suggest,2026-09-12 19:36:35.134239
41,Chrono-Bark Synthesizer,84,23,forest animals for kids,37.67,0.1667,4,1,youtube_suggest,2026-09-12 19:36:35.134543
41,Chrono-Bark Synthesizer,84,24,chrono trigger chrono doll,37.67,0.1667,4,1,youtube_suggest,2026-09-12 19:36:35.134768
41,Chrono-Bark Synthesizer,84,25,forest machinery american truck simulator,36.75,0.125,5,1,youtube_suggest,2026-09-12 19:36:35.134929
41,Chrono-Bark Synthesizer,84,26,random forest algorithm machine learning,36.75,0.125,5,1,youtube_suggest,2026-09-12 19:36:35.135074
41,Chrono-Bark Synthesizer,84,27,forest fair mall ball machine,36.75,0.125,5,1,youtube_suggest,2026-09-12 19:36:35.135217
41,Chrono-Bark Synthesizer,84,28,random forest machine learning deutsch,36.75,0.125,5,1,youtube_suggest,2026-09-12 19:36:35.135388
41,Chrono-Bark Synthesizer,84,29,random forest machine learning explained,36.75,0.125,5,1,youtube_suggest,2026-09-12 19:36:35.135532
41,Chrono-Bark Synthesizer,84,30,random forest machine learning example,36.75,0.125,5,1,youtube_suggest,2026-09-12 19:36:35.135665
41,Chrono-Bark Synthesizer,84,31,random forest machine learning explanation,36.75,0.125,5,1,youtube_suggest,2026-09-12 19:36:35.135810
41,Chrono-Bark Synthesizer,84,32,big red machine forest green,36.75,0.125,5,1,youtube_suggest,2026-09-12 19:36:35.135967
41,Chrono-Bark Synthesizer,84,33,crystal forest slot machine jackpot,36.75,0.125,5,1,youtube_suggest,2026-09-12 19:36:35.136126
41,Chrono-Bark Synthesizer,84,34,deep forest live machine 2025,36.75,0.125,5,1,youtube_suggest,2026-09-12 19:36:35.136281
41,Chrono-Bark Synthesizer,84,35,random forest machine learning python,36.75,0.125,5,1,youtube_suggest,2026-09-12 19:36:35.136427
41,Chrono-Bark Synthesizer,84,36,random forest machine learning algorithm,36.75,0.125,5,1,youtube_suggest,2026-09-12 19:36:35.144778
41,Chrono-Bark Synthesizer,84,37,forest demon smiling friends,36.0,0.1429,4,1,youtube_suggest,2026-09-12 19:36:35.145311
41,Chrono-Bark Synthesizer,84,38,forest elf makeup tutorial,36.0,0.1429,4,1,youtube_suggest,2026-09-12 19:36:35.145729
41,Chrono-Bark Synthesizer,84,39,deep forest computer machine,36.0,0.1429,4,1,youtube_suggest,2026-09-12 19:36:35.145944
41,Chrono-Bark Synthesizer,84,40,ets2 forest machinery dlc,36.0,0.1429,4,1,youtube_suggest,2026-09-12 19:36:35.146106
41,Chrono-Bark Synthesizer,84,41,ats forest machinery dlc,36.0,0.1429,4,1,youtube_suggest,2026-09-12 19:36:35.146481
41,Chrono-Bark Synthesizer,84,42,ets forest machinery dlc,36.0,0.1429,4,1,youtube_suggest,2026-09-12 19:36:35.146700
41,Chrono-Bark Synthesizer,84,43,isolation forest machine learning,36.0,0.1429,4,1,youtube_suggest,2026-09-12 19:36:35.146885
41,Chrono-Bark Synthesizer,84,44,deep forest live machine,36.0,0.1429,4,1,youtube_suggest,2026-09-12 19:36:35.147083
41,Chrono-Bark Synthesizer,84,45,chrono trigger type beat,36.0,0.1429,4,1,youtube_suggest,2026-09-12 19:36:35.147251
41,Chrono-Bark Synthesizer,84,46,chrono trigger balthasar theme,36.0,0.1429,4,1,youtube_suggest,2026-09-12 19:36:35.147428
41,Chrono-Bark Synthesizer,84,47,forest auto review,35.67,0.1667,3,1,youtube_suggest,2026-09-12 19:36:35.147636
41,Chrono-Bark Synthesizer,84,48,forest ambience dnd,35.67,0.1667,3,1,youtube_suggest,2026-09-12 19:36:35.147893
41,Chrono-Bark Synthesizer,84,49,forest ambience night,35.67,0.1667,3,1,youtube_suggest,2026-09-12 19:36:35.148054
41,Chrono-Bark Synthesizer,84,50,forest animal sounds,35.67,0.1667,3,1,youtube_suggest,2026-09-12 19:36:35.148206
41,Chrono-Bark Synthesizer,84,51,forest birds sounds,35.67,0.1667,3,1,youtube_suggest,2026-09-12 19:36:35.148385
41,Chrono-Bark Synthesizer,84,52,forest city malaysia,35.67,0.1667,3,1,youtube_suggest,2026-09-12 19:36:35.160708
41,Chrono-Bark Synthesizer,84,53,forest car review,35.67,0.1667,3,1,youtube_suggest,2026-09-12 19:36:35.161057
41,Chrono-Bark Synthesizer,84,54,forest cafe jazz,35.67,0.1667,3,1,youtube_suggest,2026-09-12 19:36:35.161233
41,Chrono-Bark Synthesizer,84,55,forest city worship,35.67,0.1667,3,1,youtube_suggest,2026-09-12 19:36:35.161416
41,Chrono-Bark Synthesizer,84,56,forest doesn't care,35.67,0.1667,3,1,youtube_suggest,2026-09-12 19:36:35.161572
41,Chrono-Bark Synthesizer,84,57,forest dnd music,35.67,0.1667,3,1,youtube_suggest,2026-09-12 19:36:35.161724
41,Chrono-Bark Synthesizer,84,58,forest elementary school,35.67,0.1667,3,1,youtube_suggest,2026-09-12 19:36:35.161873
41,Chrono-Bark Synthesizer,84,59,forest machine impression,35.67,0.1667,3,1,youtube_suggest,2026-09-12 19:36:35.162017
41,Chrono-Bark Synthesizer,84,60,forest machine operator,35.67,0.1667,3,1,youtube_suggest,2026-09-12 19:36:35.162171
42,The World-Forest Atmospheric Crown,85,1,forest in the world,61.0,0.5,4,1,youtube_suggest,2026-09-12 19:38:00.790373
42,The World-Forest Atmospheric Crown,85,2,the world forest,59.0,0.5,3,1,youtube_suggest,2026-09-12 19:38:00.790715
42,The World-Forest Atmospheric Crown,85,3,the big forest in the world,58.0,0.4,6,1,youtube_suggest,2026-09-12 19:38:00.790965
42,The World-Forest Atmospheric Crown,85,4,the best forest in the world,58.0,0.4,6,1,youtube_suggest,2026-09-12 19:38:00.791206
42,The World-Forest Atmospheric Crown,85,5,the word for world is forest,58.0,0.4,6,1,youtube_suggest,2026-09-12 19:38:00.791447
42,The World-Forest Atmospheric Crown,85,6,dark forest in the world,56.0,0.4,5,1,youtube_suggest,2026-09-12 19:38:00.791662
42,The World-Forest Atmospheric Crown,85,7,darkest forest in the world,56.0,0.4,5,1,youtube_suggest,2026-09-12 19:38:00.791887
42,The World-Forest Atmospheric Crown,85,8,forest world athena,52.0,0.4,3,1,youtube_suggest,2026-09-12 19:38:00.792096
42,The World-Forest Atmospheric Crown,85,9,forest all over the world,51.33,0.3333,5,1,youtube_suggest,2026-09-12 19:38:00.792319
42,The World-Forest Atmospheric Crown,85,10,forest whole world in our hands,50.0,0.2857,6,1,youtube_suggest,2026-09-12 19:38:00.795381
42,The World-Forest Atmospheric Crown,85,11,forest world yume 2kki,49.33,0.3333,4,1,youtube_suggest,2026-09-12 19:38:00.795813
42,The World-Forest Atmospheric Crown,85,12,forest stream the crown of winter full album,47.5,0.25,8,1,youtube_suggest,2026-09-12 19:38:00.796049
42,The World-Forest Atmospheric Crown,85,13,forest blakk if you love her,40.0,0.1429,6,1,youtube_suggest,2026-09-12 19:38:00.796293
42,The World-Forest Atmospheric Crown,85,14,forest for the trees spitfire grill,40.0,0.1429,6,1,youtube_suggest,2026-09-12 19:38:00.798870
42,The World-Forest Atmospheric Crown,85,15,the world is alive casting crowns,40.0,0.1429,6,1,youtube_suggest,2026-09-12 19:38:00.800725
42,The World-Forest Atmospheric Crown,85,16,forest in the sky,40.0,0.2,4,1,youtube_suggest,2026-09-12 19:38:00.801055
42,The World-Forest Atmospheric Crown,85,17,forest in the mist,40.0,0.2,4,1,youtube_suggest,2026-09-12 19:38:00.801282
42,The World-Forest Atmospheric Crown,85,18,sons of the forest machine gun,40.0,0.1429,6,1,youtube_suggest,2026-09-12 19:38:00.801503
42,The World-Forest Atmospheric Crown,85,19,forest blakk i choose you,39.67,0.1667,5,1,youtube_suggest,2026-09-12 19:38:00.801714
42,The World-Forest Atmospheric Crown,85,20,forest machinery euro truck simulator 2,38.75,0.125,6,1,youtube_suggest,2026-09-12 19:38:00.801919
42,The World-Forest Atmospheric Crown,85,21,random forest in machine learning in telugu,38.75,0.125,7,1,youtube_suggest,2026-09-12 19:38:00.802122
42,The World-Forest Atmospheric Crown,85,22,random forest in machine learning tamil,38.75,0.125,6,1,youtube_suggest,2026-09-12 19:38:00.802346
42,The World-Forest Atmospheric Crown,85,23,random forest in machine learning example,38.75,0.125,6,1,youtube_suggest,2026-09-12 19:38:00.802555
42,The World-Forest Atmospheric Crown,85,24,random forest in machine learning malayalam,38.75,0.125,6,1,youtube_suggest,2026-09-12 19:38:00.802759
42,The World-Forest Atmospheric Crown,85,25,random forest in machine learning numerical,38.75,0.125,6,1,youtube_suggest,2026-09-12 19:38:00.802966
42,The World-Forest Atmospheric Crown,85,26,bagging random forest in machine learning,38.75,0.125,6,1,youtube_suggest,2026-09-12 19:38:00.803168
42,The World-Forest Atmospheric Crown,85,27,forest at night,38.0,0.2,3,1,youtube_suggest,2026-09-12 19:38:00.803384
42,The World-Forest Atmospheric Crown,85,28,forest blakk fall into me,38.0,0.1429,5,1,youtube_suggest,2026-09-12 19:38:00.803584
42,The World-Forest Atmospheric Crown,85,29,forest encounters caught on camera,38.0,0.1429,5,1,youtube_suggest,2026-09-12 19:38:00.803801
42,The World-Forest Atmospheric Crown,85,30,twilight forest dark forest stronghold,38.0,0.1429,5,1,youtube_suggest,2026-09-12 19:38:00.804028
42,The World-Forest Atmospheric Crown,85,31,the forest all water caves,38.0,0.1429,5,1,youtube_suggest,2026-09-12 19:38:00.804244
42,The World-Forest Atmospheric Crown,85,32,the enchanted forest alexandra woodward,38.0,0.1429,5,1,youtube_suggest,2026-09-12 19:38:00.804466
42,The World-Forest Atmospheric Crown,85,33,forest the machine,38.0,0.2,3,1,youtube_suggest,2026-09-12 19:38:00.808561
42,The World-Forest Atmospheric Crown,85,34,random forest for machine learning,38.0,0.1429,5,1,youtube_suggest,2026-09-12 19:38:00.809585
42,The World-Forest Atmospheric Crown,85,35,isolation forest in machine learning,38.0,0.1429,5,1,youtube_suggest,2026-09-12 19:38:00.812604
42,The World-Forest Atmospheric Crown,85,36,random forest in machine learning,38.0,0.1429,5,1,youtube_suggest,2026-09-12 19:38:00.812967
42,The World-Forest Atmospheric Crown,85,37,random forest in machine learning mahesh huddar,37.78,0.1111,7,1,youtube_suggest,2026-09-12 19:38:00.813281
42,The World-Forest Atmospheric Crown,85,38,random forest machine learning krish naik,37.78,0.1111,6,1,youtube_suggest,2026-09-12 19:38:00.813477
42,The World-Forest Atmospheric Crown,85,39,forest fire prediction using machine learning,37.78,0.1111,6,1,youtube_suggest,2026-09-12 19:38:00.813637
42,The World-Forest Atmospheric Crown,85,40,forest fire detection using machine learning,37.78,0.1111,6,1,youtube_suggest,2026-09-12 19:38:00.813803
42,The World-Forest Atmospheric Crown,85,41,forest animals for kids,37.67,0.1667,4,1,youtube_suggest,2026-09-12 19:38:00.813955
42,The World-Forest Atmospheric Crown,85,42,the enchanted forest band,37.67,0.1667,4,1,youtube_suggest,2026-09-12 19:38:00.814113
42,The World-Forest Atmospheric Crown,85,43,the forest light cave,37.67,0.1667,4,1,youtube_suggest,2026-09-12 19:38:00.814271
42,The World-Forest Atmospheric Crown,85,44,forest machinery american truck simulator,36.75,0.125,5,1,youtube_suggest,2026-09-12 19:38:00.814425
42,The World-Forest Atmospheric Crown,85,45,random forest algorithm machine learning,36.75,0.125,5,1,youtube_suggest,2026-09-12 19:38:00.814570
42,The World-Forest Atmospheric Crown,85,46,forest fair mall ball machine,36.75,0.125,5,1,youtube_suggest,2026-09-12 19:38:00.814714
42,The World-Forest Atmospheric Crown,85,47,random forest machine learning deutsch,36.75,0.125,5,1,youtube_suggest,2026-09-12 19:38:00.814857
42,The World-Forest Atmospheric Crown,85,48,random forest machine learning explained,36.75,0.125,5,1,youtube_suggest,2026-09-12 19:38:00.815000
42,The World-Forest Atmospheric Crown,85,49,random forest machine learning example,36.75,0.125,5,1,youtube_suggest,2026-09-12 19:38:00.815169
42,The World-Forest Atmospheric Crown,85,50,random forest machine learning explanation,36.75,0.125,5,1,youtube_suggest,2026-09-12 19:38:00.815321
42,The World-Forest Atmospheric Crown,85,51,big red machine forest green,36.75,0.125,5,1,youtube_suggest,2026-09-12 19:38:00.821055
42,The World-Forest Atmospheric Crown,85,52,crystal forest slot machine jackpot,36.75,0.125,5,1,youtube_suggest,2026-09-12 19:38:00.821320
42,The World-Forest Atmospheric Crown,85,53,deep forest live machine 2025,36.75,0.125,5,1,youtube_suggest,2026-09-12 19:38:00.821499
42,The World-Forest Atmospheric Crown,85,54,random forest machine learning python,36.75,0.125,5,1,youtube_suggest,2026-09-12 19:38:00.821667
42,The World-Forest Atmospheric Crown,85,55,random forest machine learning algorithm,36.75,0.125,5,1,youtube_suggest,2026-09-12 19:38:00.821839
42,The World-Forest Atmospheric Crown,85,56,forest demon smiling friends,36.0,0.1429,4,1,youtube_suggest,2026-09-12 19:38:00.822013
42,The World-Forest Atmospheric Crown,85,57,forest elf makeup tutorial,36.0,0.1429,4,1,youtube_suggest,2026-09-12 19:38:00.822181
42,The World-Forest Atmospheric Crown,85,58,deep forest computer machine,36.0,0.1429,4,1,youtube_suggest,2026-09-12 19:38:00.822362
42,The World-Forest Atmospheric Crown,85,59,ets2 forest machinery dlc,36.0,0.1429,4,1,youtube_suggest,2026-09-12 19:38:00.822526
42,The World-Forest Atmospheric Crown,85,60,ats forest machinery dlc,36.0,0.1429,4,1,youtube_suggest,2026-09-12 19:38:00.822689
43,Canopy Orbit Engine,86,1,giant tree to a hidden shelter,50.0,0.2857,6,1,youtube_suggest,2026-09-12 19:39:31.330883
43,Canopy Orbit Engine,86,2,giant tree as shelter,49.33,0.3333,4,1,youtube_suggest,2026-09-12 19:39:31.337132
43,Canopy Orbit Engine,86,3,giant tree cat tree,49.33,0.3333,4,1,youtube_suggest,2026-09-12 19:39:31.337887
43,Canopy Orbit Engine,86,4,giant tree grow a garden,48.0,0.2857,5,1,youtube_suggest,2026-09-12 19:39:31.338576
43,Canopy Orbit Engine,86,5,giant tree before the flood,48.0,0.2857,5,1,youtube_suggest,2026-09-12 19:39:31.338723
43,Canopy Orbit Engine,86,6,giant tree falls on house,48.0,0.2857,5,1,youtube_suggest,2026-09-12 19:39:31.338855
43,Canopy Orbit Engine,86,7,giant durian tree grow a garden,47.5,0.25,6,1,youtube_suggest,2026-09-12 19:39:31.339012
43,Canopy Orbit Engine,86,8,giant tree cutting,47.33,0.3333,3,1,youtube_suggest,2026-09-12 19:39:31.343126
43,Canopy Orbit Engine,86,9,giant tree removal,47.33,0.3333,3,1,youtube_suggest,2026-09-12 19:39:31.343429
43,Canopy Orbit Engine,86,10,giant tree minecraft,47.33,0.3333,3,1,youtube_suggest,2026-09-12 19:39:31.343578
43,Canopy Orbit Engine,86,11,giant tree avatar,47.33,0.3333,3,1,youtube_suggest,2026-09-12 19:39:31.343708
43,Canopy Orbit Engine,86,12,giant tree ancient,47.33,0.3333,3,1,youtube_suggest,2026-09-12 19:39:31.343838
43,Canopy Orbit Engine,86,13,giant tree anime,47.33,0.3333,3,1,youtube_suggest,2026-09-12 19:39:31.343962
43,Canopy Orbit Engine,86,14,giant amberheart tree,47.33,0.3333,3,1,youtube_suggest,2026-09-12 19:39:31.344086
43,Canopy Orbit Engine,86,15,giant arborvitae tree,47.33,0.3333,3,1,youtube_suggest,2026-09-12 19:39:31.344207
43,Canopy Orbit Engine,86,16,giant tree build,47.33,0.3333,3,1,youtube_suggest,2026-09-12 19:39:31.356886
43,Canopy Orbit Engine,86,17,giant tree bow,47.33,0.3333,3,1,youtube_suggest,2026-09-12 19:39:31.357133
43,Canopy Orbit Engine,86,18,giant tree base,47.33,0.3333,3,1,youtube_suggest,2026-09-12 19:39:31.357286
43,Canopy Orbit Engine,86,19,giant tree bee,47.33,0.3333,3,1,youtube_suggest,2026-09-12 19:39:31.357417
43,Canopy Orbit Engine,86,20,giant tree climbing,47.33,0.3333,3,1,youtube_suggest,2026-09-12 19:39:31.357546
43,Canopy Orbit Engine,86,21,giant tree cartoon,47.33,0.3333,3,1,youtube_suggest,2026-09-12 19:39:31.357672
43,Canopy Orbit Engine,86,22,giant tree chainsaw,47.33,0.3333,3,1,youtube_suggest,2026-09-12 19:39:31.357797
43,Canopy Orbit Engine,86,23,giant tree documentary,47.33,0.3333,3,1,youtube_suggest,2026-09-12 19:39:31.357923
43,Canopy Orbit Engine,86,24,giant tree ds2,47.33,0.3333,3,1,youtube_suggest,2026-09-12 19:39:31.358044
43,Canopy Orbit Engine,86,25,giant tree diy,47.33,0.3333,3,1,youtube_suggest,2026-09-12 19:39:31.358175
43,Canopy Orbit Engine,86,26,giant tree drawing,47.33,0.3333,3,1,youtube_suggest,2026-09-12 19:39:31.358308
43,Canopy Orbit Engine,86,27,giant tree dst,47.33,0.3333,3,1,youtube_suggest,2026-09-12 19:39:31.358425
43,Canopy Orbit Engine,86,28,giant enemy tree,47.33,0.3333,3,1,youtube_suggest,2026-09-12 19:39:31.358542
43,Canopy Orbit Engine,86,29,giant eucalyptus tree,47.33,0.3333,3,1,youtube_suggest,2026-09-12 19:39:31.358658
43,Canopy Orbit Engine,86,30,giant elm tree,47.33,0.3333,3,1,youtube_suggest,2026-09-12 19:39:31.358779
43,Canopy Orbit Engine,86,31,giant tree falling,47.33,0.3333,3,1,youtube_suggest,2026-09-12 19:39:31.358896
43,Canopy Orbit Engine,86,32,giant tree frog,47.33,0.3333,3,1,youtube_suggest,2026-09-12 19:39:31.359011
43,Canopy Orbit Engine,86,33,giant tree fossils,47.33,0.3333,3,1,youtube_suggest,2026-09-12 19:39:31.359126
43,Canopy Orbit Engine,86,34,giant tree forest,47.33,0.3333,3,1,youtube_suggest,2026-09-12 19:39:31.359255
43,Canopy Orbit Engine,86,35,giant tree farm,47.33,0.3333,3,1,youtube_suggest,2026-09-12 19:39:31.359372
43,Canopy Orbit Engine,86,36,giant tree fern,47.33,0.3333,3,1,youtube_suggest,2026-09-12 19:39:31.359487
43,Canopy Orbit Engine,86,37,giant tree cutting machine,46.0,0.2857,4,1,youtube_suggest,2026-09-12 19:39:31.359602
43,Canopy Orbit Engine,86,38,giant tree minecraft tutorial,46.0,0.2857,4,1,youtube_suggest,2026-09-12 19:39:31.359717
43,Canopy Orbit Engine,86,39,giant tree build minecraft,46.0,0.2857,4,1,youtube_suggest,2026-09-12 19:39:31.359836
43,Canopy Orbit Engine,86,40,giant tree base minecraft,46.0,0.2857,4,1,youtube_suggest,2026-09-12 19:39:31.359951
43,Canopy Orbit Engine,86,41,giant tree house minecraft,46.0,0.2857,4,1,youtube_suggest,2026-09-12 19:39:31.360063
43,Canopy Orbit Engine,86,42,giant tree bushcraft shelter,46.0,0.2857,4,1,youtube_suggest,2026-09-12 19:39:31.360177
43,Canopy Orbit Engine,86,43,giant tree cut down,46.0,0.2857,4,1,youtube_suggest,2026-09-12 19:39:31.360302
43,Canopy Orbit Engine,86,44,giant tree crushes house,46.0,0.2857,4,1,youtube_suggest,2026-09-12 19:39:31.360421
43,Canopy Orbit Engine,86,45,giant tree chiang mai,46.0,0.2857,4,1,youtube_suggest,2026-09-12 19:39:31.373968
43,Canopy Orbit Engine,86,46,giant tree design minecraft,46.0,0.2857,4,1,youtube_suggest,2026-09-12 19:39:31.377298
43,Canopy Orbit Engine,86,47,giant tree farm minecraft,46.0,0.2857,4,1,youtube_suggest,2026-09-12 19:39:31.380651
43,Canopy Orbit Engine,86,48,giant tree fantasy life,46.0,0.2857,4,1,youtube_suggest,2026-09-12 19:39:31.380960
43,Canopy Orbit Engine,86,49,giant tree full movie,46.0,0.2857,4,1,youtube_suggest,2026-09-12 19:39:31.381111
43,Canopy Orbit Engine,86,50,giant tree house minecraft tutorial,45.5,0.25,5,1,youtube_suggest,2026-09-12 19:39:31.381255
43,Canopy Orbit Engine,86,51,giant tree base minecraft tutorial,45.5,0.25,5,1,youtube_suggest,2026-09-12 19:39:31.381383
43,Canopy Orbit Engine,86,52,giant tree build minecraft tutorial,45.5,0.25,5,1,youtube_suggest,2026-09-12 19:39:31.381506
43,Canopy Orbit Engine,86,53,giant trees in the bible,38.0,0.1429,5,1,youtube_suggest,2026-09-12 19:39:31.381628
43,Canopy Orbit Engine,86,54,giant trees before the flood,36.75,0.125,5,1,youtube_suggest,2026-09-12 19:39:31.381750
43,Canopy Orbit Engine,86,55,big tree cutting machine stihl,35.78,0.1111,5,1,youtube_suggest,2026-09-12 19:39:31.381868
43,Canopy Orbit Engine,86,56,great tree elite pirate spawn,35.78,0.1111,5,1,youtube_suggest,2026-09-12 19:39:31.395068
43,Canopy Orbit Engine,86,57,big tree entertainment private limited,35.78,0.1111,5,1,youtube_suggest,2026-09-12 19:39:31.395264
43,Canopy Orbit Engine,86,58,canopy pop up,35.67,0.1667,3,1,youtube_suggest,2026-09-12 19:39:31.395400
43,Canopy Orbit Engine,86,59,big tree cutting machine,34.75,0.125,4,1,youtube_suggest,2026-09-12 19:39:31.395526
43,Canopy Orbit Engine,86,60,big tree cutter machine,34.75,0.125,4,1,youtube_suggest,2026-09-12 19:39:31.395650
44,Rootway Titan,87,1,giant tree as shelter,54.0,0.4,4,1,youtube_suggest,2026-09-12 19:41:08.239455
44,Rootway Titan,87,2,giant tree cat tree,54.0,0.4,4,1,youtube_suggest,2026-09-12 19:41:08.239757
44,Rootway Titan,87,3,giant tree to a hidden shelter,53.33,0.3333,6,1,youtube_suggest,2026-09-12 19:41:08.239965
44,Rootway Titan,87,4,giant tree cutting,52.0,0.4,3,1,youtube_suggest,2026-09-12 19:41:08.240161
44,Rootway Titan,87,5,giant tree removal,52.0,0.4,3,1,youtube_suggest,2026-09-12 19:41:08.240355
44,Rootway Titan,87,6,giant tree minecraft,52.0,0.4,3,1,youtube_suggest,2026-09-12 19:41:08.244744
44,Rootway Titan,87,7,giant tree avatar,52.0,0.4,3,1,youtube_suggest,2026-09-12 19:41:08.245793
44,Rootway Titan,87,8,giant tree ancient,52.0,0.4,3,1,youtube_suggest,2026-09-12 19:41:08.246914
44,Rootway Titan,87,9,giant tree anime,52.0,0.4,3,1,youtube_suggest,2026-09-12 19:41:08.248249
44,Rootway Titan,87,10,giant amberheart tree,52.0,0.4,3,1,youtube_suggest,2026-09-12 19:41:08.249344
44,Rootway Titan,87,11,giant arborvitae tree,52.0,0.4,3,1,youtube_suggest,2026-09-12 19:41:08.250478
44,Rootway Titan,87,12,giant tree build,52.0,0.4,3,1,youtube_suggest,2026-09-12 19:41:08.251204
44,Rootway Titan,87,13,giant tree bow,52.0,0.4,3,1,youtube_suggest,2026-09-12 19:41:08.252069
44,Rootway Titan,87,14,giant tree base,52.0,0.4,3,1,youtube_suggest,2026-09-12 19:41:08.252302
44,Rootway Titan,87,15,giant tree bee,52.0,0.4,3,1,youtube_suggest,2026-09-12 19:41:08.252496
44,Rootway Titan,87,16,giant tree climbing,52.0,0.4,3,1,youtube_suggest,2026-09-12 19:41:08.252700
44,Rootway Titan,87,17,giant tree cartoon,52.0,0.4,3,1,youtube_suggest,2026-09-12 19:41:08.254462
44,Rootway Titan,87,18,giant tree chainsaw,52.0,0.4,3,1,youtube_suggest,2026-09-12 19:41:08.254674
44,Rootway Titan,87,19,giant tree documentary,52.0,0.4,3,1,youtube_suggest,2026-09-12 19:41:08.254889
44,Rootway Titan,87,20,giant tree ds2,52.0,0.4,3,1,youtube_suggest,2026-09-12 19:41:08.255080
44,Rootway Titan,87,21,giant tree diy,52.0,0.4,3,1,youtube_suggest,2026-09-12 19:41:08.255282
44,Rootway Titan,87,22,giant tree drawing,52.0,0.4,3,1,youtube_suggest,2026-09-12 19:41:08.255502
44,Rootway Titan,87,23,giant tree dst,52.0,0.4,3,1,youtube_suggest,2026-09-12 19:41:08.255692
44,Rootway Titan,87,24,giant enemy tree,52.0,0.4,3,1,youtube_suggest,2026-09-12 19:41:08.255891
44,Rootway Titan,87,25,giant eucalyptus tree,52.0,0.4,3,1,youtube_suggest,2026-09-12 19:41:08.256073
44,Rootway Titan,87,26,giant elm tree,52.0,0.4,3,1,youtube_suggest,2026-09-12 19:41:08.256256
44,Rootway Titan,87,27,giant tree falling,52.0,0.4,3,1,youtube_suggest,2026-09-12 19:41:08.256438
44,Rootway Titan,87,28,giant tree frog,52.0,0.4,3,1,youtube_suggest,2026-09-12 19:41:08.259674
44,Rootway Titan,87,29,giant tree fossils,52.0,0.4,3,1,youtube_suggest,2026-09-12 19:41:08.259939
44,Rootway Titan,87,30,giant tree forest,52.0,0.4,3,1,youtube_suggest,2026-09-12 19:41:08.260139
44,Rootway Titan,87,31,giant tree farm,52.0,0.4,3,1,youtube_suggest,2026-09-12 19:41:08.260332
44,Rootway Titan,87,32,giant tree fern,52.0,0.4,3,1,youtube_suggest,2026-09-12 19:41:08.260518
44,Rootway Titan,87,33,giant tree grow a garden,51.33,0.3333,5,1,youtube_suggest,2026-09-12 19:41:08.260826
44,Rootway Titan,87,34,giant tree before the flood,51.33,0.3333,5,1,youtube_suggest,2026-09-12 19:41:08.261018
44,Rootway Titan,87,35,giant tree falls on house,51.33,0.3333,5,1,youtube_suggest,2026-09-12 19:41:08.261203
44,Rootway Titan,87,36,giant durian tree grow a garden,50.0,0.2857,6,1,youtube_suggest,2026-09-12 19:41:08.261392
44,Rootway Titan,87,37,giant tree cutting machine,49.33,0.3333,4,1,youtube_suggest,2026-09-12 19:41:08.261570
44,Rootway Titan,87,38,giant tree minecraft tutorial,49.33,0.3333,4,1,youtube_suggest,2026-09-12 19:41:08.261771
44,Rootway Titan,87,39,giant tree build minecraft,49.33,0.3333,4,1,youtube_suggest,2026-09-12 19:41:08.264628
44,Rootway Titan,87,40,giant tree base minecraft,49.33,0.3333,4,1,youtube_suggest,2026-09-12 19:41:08.264952
44,Rootway Titan,87,41,giant tree house minecraft,49.33,0.3333,4,1,youtube_suggest,2026-09-12 19:41:08.265102
44,Rootway Titan,87,42,giant tree bushcraft shelter,49.33,0.3333,4,1,youtube_suggest,2026-09-12 19:41:08.265276
44,Rootway Titan,87,43,giant tree cut down,49.33,0.3333,4,1,youtube_suggest,2026-09-12 19:41:08.265456
44,Rootway Titan,87,44,giant tree crushes house,49.33,0.3333,4,1,youtube_suggest,2026-09-12 19:41:08.265650
44,Rootway Titan,87,45,giant tree chiang mai,49.33,0.3333,4,1,youtube_suggest,2026-09-12 19:41:08.267635
44,Rootway Titan,87,46,giant tree design minecraft,49.33,0.3333,4,1,youtube_suggest,2026-09-12 19:41:08.267951
44,Rootway Titan,87,47,giant tree farm minecraft,49.33,0.3333,4,1,youtube_suggest,2026-09-12 19:41:08.268152
44,Rootway Titan,87,48,giant tree fantasy life,49.33,0.3333,4,1,youtube_suggest,2026-09-12 19:41:08.268341
44,Rootway Titan,87,49,giant tree full movie,49.33,0.3333,4,1,youtube_suggest,2026-09-12 19:41:08.268527
44,Rootway Titan,87,50,giant tree house minecraft tutorial,48.0,0.2857,5,1,youtube_suggest,2026-09-12 19:41:08.268811
44,Rootway Titan,87,51,giant tree base minecraft tutorial,48.0,0.2857,5,1,youtube_suggest,2026-09-12 19:41:08.268976
44,Rootway Titan,87,52,giant tree build minecraft tutorial,48.0,0.2857,5,1,youtube_suggest,2026-09-12 19:41:08.269119
44,Rootway Titan,87,53,titan v vs titan x,45.5,0.25,5,1,youtube_suggest,2026-09-12 19:41:08.269260
44,Rootway Titan,87,54,titan quest dust of a titan,41.67,0.1667,6,1,youtube_suggest,2026-09-12 19:41:08.269402
44,Rootway Titan,87,55,titan a titan,41.5,0.25,3,1,youtube_suggest,2026-09-12 19:41:08.269546
44,Rootway Titan,87,56,titan h nd,41.5,0.25,3,1,youtube_suggest,2026-09-12 19:41:08.269681
44,Rootway Titan,87,57,titan v vs,41.5,0.25,3,1,youtube_suggest,2026-09-12 19:41:08.269834
44,Rootway Titan,87,58,titan x titan,41.5,0.25,3,1,youtube_suggest,2026-09-12 19:41:08.269963
44,Rootway Titan,87,59,giant trees in the bible,39.67,0.1667,5,1,youtube_suggest,2026-09-12 19:41:08.270095
44,Rootway Titan,87,60,giant trees before the flood,38.0,0.1429,5,1,youtube_suggest,2026-09-12 19:41:08.270225
45,Sun Harvester Colossus,88,1,giant tree to a hidden shelter,50.0,0.2857,6,1,youtube_suggest,2026-09-12 19:42:35.454834
45,Sun Harvester Colossus,88,2,giant tree as shelter,49.33,0.3333,4,1,youtube_suggest,2026-09-12 19:42:35.455204
45,Sun Harvester Colossus,88,3,giant tree cat tree,49.33,0.3333,4,1,youtube_suggest,2026-09-12 19:42:35.455454
45,Sun Harvester Colossus,88,4,giant tree grow a garden,48.0,0.2857,5,1,youtube_suggest,2026-09-12 19:42:35.455688
45,Sun Harvester Colossus,88,5,giant tree before the flood,48.0,0.2857,5,1,youtube_suggest,2026-09-12 19:42:35.455903
45,Sun Harvester Colossus,88,6,giant tree falls on house,48.0,0.2857,5,1,youtube_suggest,2026-09-12 19:42:35.456127
45,Sun Harvester Colossus,88,7,giant durian tree grow a garden,47.5,0.25,6,1,youtube_suggest,2026-09-12 19:42:35.456356
45,Sun Harvester Colossus,88,8,giant tree cutting,47.33,0.3333,3,1,youtube_suggest,2026-09-12 19:42:35.460749
45,Sun Harvester Colossus,88,9,giant tree removal,47.33,0.3333,3,1,youtube_suggest,2026-09-12 19:42:35.461166
45,Sun Harvester Colossus,88,10,giant tree minecraft,47.33,0.3333,3,1,youtube_suggest,2026-09-12 19:42:35.461414
45,Sun Harvester Colossus,88,11,giant tree avatar,47.33,0.3333,3,1,youtube_suggest,2026-09-12 19:42:35.461642
45,Sun Harvester Colossus,88,12,giant tree ancient,47.33,0.3333,3,1,youtube_suggest,2026-09-12 19:42:35.461857
45,Sun Harvester Colossus,88,13,giant tree anime,47.33,0.3333,3,1,youtube_suggest,2026-09-12 19:42:35.463846
45,Sun Harvester Colossus,88,14,giant amberheart tree,47.33,0.3333,3,1,youtube_suggest,2026-09-12 19:42:35.464104
45,Sun Harvester Colossus,88,15,giant arborvitae tree,47.33,0.3333,3,1,youtube_suggest,2026-09-12 19:42:35.464326
45,Sun Harvester Colossus,88,16,giant tree build,47.33,0.3333,3,1,youtube_suggest,2026-09-12 19:42:35.470416
45,Sun Harvester Colossus,88,17,giant tree bow,47.33,0.3333,3,1,youtube_suggest,2026-09-12 19:42:35.470773
45,Sun Harvester Colossus,88,18,giant tree base,47.33,0.3333,3,1,youtube_suggest,2026-09-12 19:42:35.470978
45,Sun Harvester Colossus,88,19,giant tree bee,47.33,0.3333,3,1,youtube_suggest,2026-09-12 19:42:35.471139
45,Sun Harvester Colossus,88,20,giant tree climbing,47.33,0.3333,3,1,youtube_suggest,2026-09-12 19:42:35.471294
45,Sun Harvester Colossus,88,21,giant tree cartoon,47.33,0.3333,3,1,youtube_suggest,2026-09-12 19:42:35.471454
45,Sun Harvester Colossus,88,22,giant tree chainsaw,47.33,0.3333,3,1,youtube_suggest,2026-09-12 19:42:35.471605
45,Sun Harvester Colossus,88,23,giant tree documentary,47.33,0.3333,3,1,youtube_suggest,2026-09-12 19:42:35.471756
45,Sun Harvester Colossus,88,24,giant tree ds2,47.33,0.3333,3,1,youtube_suggest,2026-09-12 19:42:35.471904
45,Sun Harvester Colossus,88,25,giant tree diy,47.33,0.3333,3,1,youtube_suggest,2026-09-12 19:42:35.472050
45,Sun Harvester Colossus,88,26,giant tree drawing,47.33,0.3333,3,1,youtube_suggest,2026-09-12 19:42:35.472194
45,Sun Harvester Colossus,88,27,giant tree dst,47.33,0.3333,3,1,youtube_suggest,2026-09-12 19:42:35.472348
45,Sun Harvester Colossus,88,28,giant enemy tree,47.33,0.3333,3,1,youtube_suggest,2026-09-12 19:42:35.472494
45,Sun Harvester Colossus,88,29,giant eucalyptus tree,47.33,0.3333,3,1,youtube_suggest,2026-09-12 19:42:35.479841
45,Sun Harvester Colossus,88,30,giant elm tree,47.33,0.3333,3,1,youtube_suggest,2026-09-12 19:42:35.480058
45,Sun Harvester Colossus,88,31,giant tree falling,47.33,0.3333,3,1,youtube_suggest,2026-09-12 19:42:35.480233
45,Sun Harvester Colossus,88,32,giant tree frog,47.33,0.3333,3,1,youtube_suggest,2026-09-12 19:42:35.480416
45,Sun Harvester Colossus,88,33,giant tree fossils,47.33,0.3333,3,1,youtube_suggest,2026-09-12 19:42:35.480642
45,Sun Harvester Colossus,88,34,giant tree forest,47.33,0.3333,3,1,youtube_suggest,2026-09-12 19:42:35.480815
45,Sun Harvester Colossus,88,35,giant tree farm,47.33,0.3333,3,1,youtube_suggest,2026-09-12 19:42:35.480980
45,Sun Harvester Colossus,88,36,giant tree fern,47.33,0.3333,3,1,youtube_suggest,2026-09-12 19:42:35.481143
45,Sun Harvester Colossus,88,37,giant tree cutting machine,46.0,0.2857,4,1,youtube_suggest,2026-09-12 19:42:35.481307
45,Sun Harvester Colossus,88,38,giant tree minecraft tutorial,46.0,0.2857,4,1,youtube_suggest,2026-09-12 19:42:35.481497
45,Sun Harvester Colossus,88,39,giant tree build minecraft,46.0,0.2857,4,1,youtube_suggest,2026-09-12 19:42:35.481669
45,Sun Harvester Colossus,88,40,giant tree base minecraft,46.0,0.2857,4,1,youtube_suggest,2026-09-12 19:42:35.481834
45,Sun Harvester Colossus,88,41,giant tree house minecraft,46.0,0.2857,4,1,youtube_suggest,2026-09-12 19:42:35.481999
45,Sun Harvester Colossus,88,42,giant tree bushcraft shelter,46.0,0.2857,4,1,youtube_suggest,2026-09-12 19:42:35.483694
45,Sun Harvester Colossus,88,43,giant tree cut down,46.0,0.2857,4,1,youtube_suggest,2026-09-12 19:42:35.483963
45,Sun Harvester Colossus,88,44,giant tree crushes house,46.0,0.2857,4,1,youtube_suggest,2026-09-12 19:42:35.484142
45,Sun Harvester Colossus,88,45,giant tree chiang mai,46.0,0.2857,4,1,youtube_suggest,2026-09-12 19:42:35.484321
45,Sun Harvester Colossus,88,46,giant tree design minecraft,46.0,0.2857,4,1,youtube_suggest,2026-09-12 19:42:35.484710
45,Sun Harvester Colossus,88,47,giant tree farm minecraft,46.0,0.2857,4,1,youtube_suggest,2026-09-12 19:42:35.484940
45,Sun Harvester Colossus,88,48,giant tree fantasy life,46.0,0.2857,4,1,youtube_suggest,2026-09-12 19:42:35.485156
45,Sun Harvester Colossus,88,49,giant tree full movie,46.0,0.2857,4,1,youtube_suggest,2026-09-12 19:42:35.485378
45,Sun Harvester Colossus,88,50,giant tree house minecraft tutorial,45.5,0.25,5,1,youtube_suggest,2026-09-12 19:42:35.485593
45,Sun Harvester Colossus,88,51,giant tree base minecraft tutorial,45.5,0.25,5,1,youtube_suggest,2026-09-12 19:42:35.485847
45,Sun Harvester Colossus,88,52,giant tree build minecraft tutorial,45.5,0.25,5,1,youtube_suggest,2026-09-12 19:42:35.486063
45,Sun Harvester Colossus,88,53,colossus 6 shadow of the colossus,41.67,0.1667,6,1,youtube_suggest,2026-09-12 19:42:35.486280
45,Sun Harvester Colossus,88,54,colossus 7 shadow of the colossus,41.67,0.1667,6,1,youtube_suggest,2026-09-12 19:42:35.486499
45,Sun Harvester Colossus,88,55,colossus 10 shadow of the colossus,41.67,0.1667,6,1,youtube_suggest,2026-09-12 19:42:35.486701
45,Sun Harvester Colossus,88,56,shadow of the colossus tallest colossus,40.0,0.1429,6,1,youtube_suggest,2026-09-12 19:42:35.486910
45,Sun Harvester Colossus,88,57,shadow of the colossus boss 4,40.0,0.1429,6,1,youtube_suggest,2026-09-12 19:42:35.487106
45,Sun Harvester Colossus,88,58,shadow of the colossus water colossus,40.0,0.1429,6,1,youtube_suggest,2026-09-12 19:42:35.487297
45,Sun Harvester Colossus,88,59,7th colossus shadow of the colossus,40.0,0.1429,6,1,youtube_suggest,2026-09-12 19:42:35.487507
45,Sun Harvester Colossus,88,60,shadow of the colossus biggest colossus,40.0,0.1429,6,1,youtube_suggest,2026-09-12 19:42:35.487693
46,Cloud Rooter,89,1,giant tree as shelter,54.0,0.4,4,1,youtube_suggest,2026-09-12 19:43:59.951000
46,Cloud Rooter,89,2,giant tree cat tree,54.0,0.4,4,1,youtube_suggest,2026-09-12 19:43:59.951313
46,Cloud Rooter,89,3,giant tree to a hidden shelter,53.33,0.3333,6,1,youtube_suggest,2026-09-12 19:43:59.951569
46,Cloud Rooter,89,4,giant tree cutting,52.0,0.4,3,1,youtube_suggest,2026-09-12 19:43:59.956790
46,Cloud Rooter,89,5,giant tree removal,52.0,0.4,3,1,youtube_suggest,2026-09-12 19:43:59.957225
46,Cloud Rooter,89,6,giant tree minecraft,52.0,0.4,3,1,youtube_suggest,2026-09-12 19:43:59.957476
46,Cloud Rooter,89,7,giant tree avatar,52.0,0.4,3,1,youtube_suggest,2026-09-12 19:43:59.957697
46,Cloud Rooter,89,8,giant tree ancient,52.0,0.4,3,1,youtube_suggest,2026-09-12 19:43:59.957909
46,Cloud Rooter,89,9,giant tree anime,52.0,0.4,3,1,youtube_suggest,2026-09-12 19:43:59.958119
46,Cloud Rooter,89,10,giant amberheart tree,52.0,0.4,3,1,youtube_suggest,2026-09-12 19:43:59.958319
46,Cloud Rooter,89,11,giant arborvitae tree,52.0,0.4,3,1,youtube_suggest,2026-09-12 19:43:59.958541
46,Cloud Rooter,89,12,giant tree build,52.0,0.4,3,1,youtube_suggest,2026-09-12 19:43:59.958757
46,Cloud Rooter,89,13,giant tree bow,52.0,0.4,3,1,youtube_suggest,2026-09-12 19:43:59.958962
46,Cloud Rooter,89,14,giant tree base,52.0,0.4,3,1,youtube_suggest,2026-09-12 19:43:59.959169
46,Cloud Rooter,89,15,giant tree bee,52.0,0.4,3,1,youtube_suggest,2026-09-12 19:43:59.959381
46,Cloud Rooter,89,16,giant tree climbing,52.0,0.4,3,1,youtube_suggest,2026-09-12 19:43:59.959594
46,Cloud Rooter,89,17,giant tree cartoon,52.0,0.4,3,1,youtube_suggest,2026-09-12 19:43:59.959799
46,Cloud Rooter,89,18,giant tree chainsaw,52.0,0.4,3,1,youtube_suggest,2026-09-12 19:43:59.960001
46,Cloud Rooter,89,19,giant tree documentary,52.0,0.4,3,1,youtube_suggest,2026-09-12 19:43:59.960209
46,Cloud Rooter,89,20,giant tree ds2,52.0,0.4,3,1,youtube_suggest,2026-09-12 19:43:59.960441
46,Cloud Rooter,89,21,giant tree diy,52.0,0.4,3,1,youtube_suggest,2026-09-12 19:43:59.963137
46,Cloud Rooter,89,22,giant tree drawing,52.0,0.4,3,1,youtube_suggest,2026-09-12 19:43:59.964195
46,Cloud Rooter,89,23,giant tree dst,52.0,0.4,3,1,youtube_suggest,2026-09-12 19:43:59.965219
46,Cloud Rooter,89,24,giant enemy tree,52.0,0.4,3,1,youtube_suggest,2026-09-12 19:43:59.966063
46,Cloud Rooter,89,25,giant eucalyptus tree,52.0,0.4,3,1,youtube_suggest,2026-09-12 19:43:59.966610
46,Cloud Rooter,89,26,giant elm tree,52.0,0.4,3,1,youtube_suggest,2026-09-12 19:43:59.967708
46,Cloud Rooter,89,27,giant tree falling,52.0,0.4,3,1,youtube_suggest,2026-09-12 19:43:59.967970
46,Cloud Rooter,89,28,giant tree frog,52.0,0.4,3,1,youtube_suggest,2026-09-12 19:43:59.968188
46,Cloud Rooter,89,29,giant tree fossils,52.0,0.4,3,1,youtube_suggest,2026-09-12 19:43:59.968411
46,Cloud Rooter,89,30,giant tree forest,52.0,0.4,3,1,youtube_suggest,2026-09-12 19:43:59.970383
46,Cloud Rooter,89,31,giant tree farm,52.0,0.4,3,1,youtube_suggest,2026-09-12 19:43:59.970643
46,Cloud Rooter,89,32,giant tree fern,52.0,0.4,3,1,youtube_suggest,2026-09-12 19:43:59.970860
46,Cloud Rooter,89,33,giant tree grow a garden,51.33,0.3333,5,1,youtube_suggest,2026-09-12 19:43:59.971116
46,Cloud Rooter,89,34,giant tree before the flood,51.33,0.3333,5,1,youtube_suggest,2026-09-12 19:43:59.971339
46,Cloud Rooter,89,35,giant tree falls on house,51.33,0.3333,5,1,youtube_suggest,2026-09-12 19:43:59.971554
46,Cloud Rooter,89,36,giant durian tree grow a garden,50.0,0.2857,6,1,youtube_suggest,2026-09-12 19:43:59.977063
46,Cloud Rooter,89,37,giant tree cutting machine,49.33,0.3333,4,1,youtube_suggest,2026-09-12 19:43:59.977512
46,Cloud Rooter,89,38,giant tree minecraft tutorial,49.33,0.3333,4,1,youtube_suggest,2026-09-12 19:43:59.977891
46,Cloud Rooter,89,39,giant tree build minecraft,49.33,0.3333,4,1,youtube_suggest,2026-09-12 19:43:59.978137
46,Cloud Rooter,89,40,giant tree base minecraft,49.33,0.3333,4,1,youtube_suggest,2026-09-12 19:43:59.978302
46,Cloud Rooter,89,41,giant tree house minecraft,49.33,0.3333,4,1,youtube_suggest,2026-09-12 19:43:59.978473
46,Cloud Rooter,89,42,giant tree bushcraft shelter,49.33,0.3333,4,1,youtube_suggest,2026-09-12 19:43:59.978746
46,Cloud Rooter,89,43,giant tree cut down,49.33,0.3333,4,1,youtube_suggest,2026-09-12 19:43:59.979055
46,Cloud Rooter,89,44,giant tree crushes house,49.33,0.3333,4,1,youtube_suggest,2026-09-12 19:43:59.979392
46,Cloud Rooter,89,45,giant tree chiang mai,49.33,0.3333,4,1,youtube_suggest,2026-09-12 19:43:59.979693
46,Cloud Rooter,89,46,giant tree design minecraft,49.33,0.3333,4,1,youtube_suggest,2026-09-12 19:43:59.980070
46,Cloud Rooter,89,47,giant tree farm minecraft,49.33,0.3333,4,1,youtube_suggest,2026-09-12 19:43:59.980363
46,Cloud Rooter,89,48,giant tree fantasy life,49.33,0.3333,4,1,youtube_suggest,2026-09-12 19:43:59.988840
46,Cloud Rooter,89,49,giant tree full movie,49.33,0.3333,4,1,youtube_suggest,2026-09-12 19:43:59.989171
46,Cloud Rooter,89,50,giant tree house minecraft tutorial,48.0,0.2857,5,1,youtube_suggest,2026-09-12 19:43:59.989537
46,Cloud Rooter,89,51,giant tree base minecraft tutorial,48.0,0.2857,5,1,youtube_suggest,2026-09-12 19:43:59.989750
46,Cloud Rooter,89,52,giant tree build minecraft tutorial,48.0,0.2857,5,1,youtube_suggest,2026-09-12 19:43:59.990122
46,Cloud Rooter,89,53,giant trees in the bible,39.67,0.1667,5,1,youtube_suggest,2026-09-12 19:43:59.993117
46,Cloud Rooter,89,54,cloud to router cisco packet tracer,38.75,0.125,6,1,youtube_suggest,2026-09-12 19:43:59.993374
46,Cloud Rooter,89,55,giant trees before the flood,38.0,0.1429,5,1,youtube_suggest,2026-09-12 19:43:59.993585
46,Cloud Rooter,89,56,rooter coin convert to cash,38.0,0.1429,5,1,youtube_suggest,2026-09-12 19:43:59.993753
46,Cloud Rooter,89,57,cloud router in gcp,37.67,0.1667,4,1,youtube_suggest,2026-09-12 19:43:59.994024
46,Cloud Rooter,89,58,cloud on roof led,37.67,0.1667,4,1,youtube_suggest,2026-09-12 19:43:59.994381
46,Cloud Rooter,89,59,cloud to router cisco,37.67,0.1667,4,1,youtube_suggest,2026-09-12 19:43:59.994721
46,Cloud Rooter,89,60,big tree cutting machine stihl,36.75,0.125,5,1,youtube_suggest,2026-09-12 19:43:59.995037
47,Bark Foundry,90,1,giant tree as shelter,54.0,0.4,4,1,youtube_suggest,2026-09-12 19:45:32.022456
47,Bark Foundry,90,2,giant tree cat tree,54.0,0.4,4,1,youtube_suggest,2026-09-12 19:45:32.022669
47,Bark Foundry,90,3,giant tree to a hidden shelter,53.33,0.3333,6,1,youtube_suggest,2026-09-12 19:45:32.022814
47,Bark Foundry,90,4,giant tree cutting,52.0,0.4,3,1,youtube_suggest,2026-09-12 19:45:32.022957
47,Bark Foundry,90,5,giant tree removal,52.0,0.4,3,1,youtube_suggest,2026-09-12 19:45:32.023098
47,Bark Foundry,90,6,giant tree minecraft,52.0,0.4,3,1,youtube_suggest,2026-09-12 19:45:32.023234
47,Bark Foundry,90,7,giant tree avatar,52.0,0.4,3,1,youtube_suggest,2026-09-12 19:45:32.023367
47,Bark Foundry,90,8,giant tree ancient,52.0,0.4,3,1,youtube_suggest,2026-09-12 19:45:32.023517
47,Bark Foundry,90,9,giant tree anime,52.0,0.4,3,1,youtube_suggest,2026-09-12 19:45:32.023650
47,Bark Foundry,90,10,giant amberheart tree,52.0,0.4,3,1,youtube_suggest,2026-09-12 19:45:32.023779
47,Bark Foundry,90,11,giant arborvitae tree,52.0,0.4,3,1,youtube_suggest,2026-09-12 19:45:32.023909
47,Bark Foundry,90,12,giant tree build,52.0,0.4,3,1,youtube_suggest,2026-09-12 19:45:32.024041
47,Bark Foundry,90,13,giant tree bow,52.0,0.4,3,1,youtube_suggest,2026-09-12 19:45:32.024169
47,Bark Foundry,90,14,giant tree base,52.0,0.4,3,1,youtube_suggest,2026-09-12 19:45:32.024303
47,Bark Foundry,90,15,giant tree bee,52.0,0.4,3,1,youtube_suggest,2026-09-12 19:45:32.024451
47,Bark Foundry,90,16,giant tree climbing,52.0,0.4,3,1,youtube_suggest,2026-09-12 19:45:32.027639
47,Bark Foundry,90,17,giant tree cartoon,52.0,0.4,3,1,youtube_suggest,2026-09-12 19:45:32.027909
47,Bark Foundry,90,18,giant tree chainsaw,52.0,0.4,3,1,youtube_suggest,2026-09-12 19:45:32.028101
47,Bark Foundry,90,19,giant tree documentary,52.0,0.4,3,1,youtube_suggest,2026-09-12 19:45:32.028274
47,Bark Foundry,90,20,giant tree ds2,52.0,0.4,3,1,youtube_suggest,2026-09-12 19:45:32.028481
47,Bark Foundry,90,21,giant tree diy,52.0,0.4,3,1,youtube_suggest,2026-09-12 19:45:32.028718
47,Bark Foundry,90,22,giant tree drawing,52.0,0.4,3,1,youtube_suggest,2026-09-12 19:45:32.028871
47,Bark Foundry,90,23,giant tree dst,52.0,0.4,3,1,youtube_suggest,2026-09-12 19:45:32.029021
47,Bark Foundry,90,24,giant enemy tree,52.0,0.4,3,1,youtube_suggest,2026-09-12 19:45:32.029187
47,Bark Foundry,90,25,giant eucalyptus tree,52.0,0.4,3,1,youtube_suggest,2026-09-12 19:45:32.029370
47,Bark Foundry,90,26,giant elm tree,52.0,0.4,3,1,youtube_suggest,2026-09-12 19:45:32.029572
47,Bark Foundry,90,27,giant tree falling,52.0,0.4,3,1,youtube_suggest,2026-09-12 19:45:32.029763
47,Bark Foundry,90,28,giant tree frog,52.0,0.4,3,1,youtube_suggest,2026-09-12 19:45:32.032330
47,Bark Foundry,90,29,giant tree fossils,52.0,0.4,3,1,youtube_suggest,2026-09-12 19:45:32.033334
47,Bark Foundry,90,30,giant tree forest,52.0,0.4,3,1,youtube_suggest,2026-09-12 19:45:32.033506
47,Bark Foundry,90,31,giant tree farm,52.0,0.4,3,1,youtube_suggest,2026-09-12 19:45:32.036864
47,Bark Foundry,90,32,giant tree fern,52.0,0.4,3,1,youtube_suggest,2026-09-12 19:45:32.037083
47,Bark Foundry,90,33,giant tree grow a garden,51.33,0.3333,5,1,youtube_suggest,2026-09-12 19:45:32.037274
47,Bark Foundry,90,34,giant tree before the flood,51.33,0.3333,5,1,youtube_suggest,2026-09-12 19:45:32.037471
47,Bark Foundry,90,35,giant tree falls on house,51.33,0.3333,5,1,youtube_suggest,2026-09-12 19:45:32.037660
47,Bark Foundry,90,36,giant durian tree grow a garden,50.0,0.2857,6,1,youtube_suggest,2026-09-12 19:45:32.037844
47,Bark Foundry,90,37,giant tree cutting machine,49.33,0.3333,4,1,youtube_suggest,2026-09-12 19:45:32.038023
47,Bark Foundry,90,38,giant tree minecraft tutorial,49.33,0.3333,4,1,youtube_suggest,2026-09-12 19:45:32.038204
47,Bark Foundry,90,39,giant tree build minecraft,49.33,0.3333,4,1,youtube_suggest,2026-09-12 19:45:32.038392
47,Bark Foundry,90,40,giant tree base minecraft,49.33,0.3333,4,1,youtube_suggest,2026-09-12 19:45:32.038571
47,Bark Foundry,90,41,giant tree house minecraft,49.33,0.3333,4,1,youtube_suggest,2026-09-12 19:45:32.038758
47,Bark Foundry,90,42,giant tree bushcraft shelter,49.33,0.3333,4,1,youtube_suggest,2026-09-12 19:45:32.038963
47,Bark Foundry,90,43,giant tree cut down,49.33,0.3333,4,1,youtube_suggest,2026-09-12 19:45:32.039146
47,Bark Foundry,90,44,giant tree crushes house,49.33,0.3333,4,1,youtube_suggest,2026-09-12 19:45:32.039338
47,Bark Foundry,90,45,giant tree chiang mai,49.33,0.3333,4,1,youtube_suggest,2026-09-12 19:45:32.039534
47,Bark Foundry,90,46,giant tree design minecraft,49.33,0.3333,4,1,youtube_suggest,2026-09-12 19:45:32.039723
47,Bark Foundry,90,47,giant tree farm minecraft,49.33,0.3333,4,1,youtube_suggest,2026-09-12 19:45:32.042766
47,Bark Foundry,90,48,giant tree fantasy life,49.33,0.3333,4,1,youtube_suggest,2026-09-12 19:45:32.043067
47,Bark Foundry,90,49,giant tree full movie,49.33,0.3333,4,1,youtube_suggest,2026-09-12 19:45:32.043265
47,Bark Foundry,90,50,giant tree house minecraft tutorial,48.0,0.2857,5,1,youtube_suggest,2026-09-12 19:45:32.043548
47,Bark Foundry,90,51,giant tree base minecraft tutorial,48.0,0.2857,5,1,youtube_suggest,2026-09-12 19:45:32.043755
47,Bark Foundry,90,52,giant tree build minecraft tutorial,48.0,0.2857,5,1,youtube_suggest,2026-09-12 19:45:32.043938
47,Bark Foundry,90,53,giant trees in the bible,39.67,0.1667,5,1,youtube_suggest,2026-09-12 19:45:32.044133
47,Bark Foundry,90,54,bark river 3v,38.0,0.2,3,1,youtube_suggest,2026-09-12 19:45:32.044315
47,Bark Foundry,90,55,giant trees before the flood,38.0,0.1429,5,1,youtube_suggest,2026-09-12 19:45:32.044510
47,Bark Foundry,90,56,bark river petty z,37.67,0.1667,4,1,youtube_suggest,2026-09-12 19:45:32.048836
47,Bark Foundry,90,57,big tree cutting machine stihl,36.75,0.125,5,1,youtube_suggest,2026-09-12 19:45:32.049027
47,Bark Foundry,90,58,great tree elite pirate spawn,36.75,0.125,5,1,youtube_suggest,2026-09-12 19:45:32.049241
47,Bark Foundry,90,59,big tree entertainment private limited,36.75,0.125,5,1,youtube_suggest,2026-09-12 19:45:32.049420
47,Bark Foundry,90,60,big tree cutting machine,36.0,0.1429,4,1,youtube_suggest,2026-09-12 19:45:32.049578
48,Season Engine,91,1,season v8 engine,59.0,0.5,3,1,youtube_suggest,2026-09-12 19:46:53.357798
48,Season Engine,91,2,giant tree as shelter,54.0,0.4,4,1,youtube_suggest,2026-09-12 19:46:53.358077
48,Season Engine,91,3,giant tree cat tree,54.0,0.4,4,1,youtube_suggest,2026-09-12 19:46:53.358269
48,Season Engine,91,4,season v8 engine model,54.0,0.4,4,1,youtube_suggest,2026-09-12 19:46:53.358459
48,Season Engine,91,5,season v8 engine running,54.0,0.4,4,1,youtube_suggest,2026-09-12 19:46:53.358651
48,Season Engine,91,6,engine masters season 1,54.0,0.4,4,1,youtube_suggest,2026-09-12 19:46:53.358900
48,Season Engine,91,7,engine masters season 2,54.0,0.4,4,1,youtube_suggest,2026-09-12 19:46:53.359088
48,Season Engine,91,8,engine masters season 6,54.0,0.4,4,1,youtube_suggest,2026-09-12 19:46:53.359274
48,Season Engine,91,9,giant tree to a hidden shelter,53.33,0.3333,6,1,youtube_suggest,2026-09-12 19:46:53.362240
48,Season Engine,91,10,engine masters season 2 episode 22,53.33,0.3333,6,1,youtube_suggest,2026-09-12 19:46:53.362480
48,Season Engine,91,11,engine power season 1 episode 8,53.33,0.3333,6,1,youtube_suggest,2026-09-12 19:46:53.362678
48,Season Engine,91,12,giant tree cutting,52.0,0.4,3,1,youtube_suggest,2026-09-12 19:46:53.362891
48,Season Engine,91,13,giant tree removal,52.0,0.4,3,1,youtube_suggest,2026-09-12 19:46:53.363084
48,Season Engine,91,14,giant tree minecraft,52.0,0.4,3,1,youtube_suggest,2026-09-12 19:46:53.363264
48,Season Engine,91,15,giant tree avatar,52.0,0.4,3,1,youtube_suggest,2026-09-12 19:46:53.363454
48,Season Engine,91,16,giant tree ancient,52.0,0.4,3,1,youtube_suggest,2026-09-12 19:46:53.363636
48,Season Engine,91,17,giant tree anime,52.0,0.4,3,1,youtube_suggest,2026-09-12 19:46:53.363825
48,Season Engine,91,18,giant amberheart tree,52.0,0.4,3,1,youtube_suggest,2026-09-12 19:46:53.364008
48,Season Engine,91,19,giant arborvitae tree,52.0,0.4,3,1,youtube_suggest,2026-09-12 19:46:53.364192
48,Season Engine,91,20,giant tree build,52.0,0.4,3,1,youtube_suggest,2026-09-12 19:46:53.364373
48,Season Engine,91,21,giant tree bow,52.0,0.4,3,1,youtube_suggest,2026-09-12 19:46:53.367759
48,Season Engine,91,22,giant tree base,52.0,0.4,3,1,youtube_suggest,2026-09-12 19:46:53.368100
48,Season Engine,91,23,giant tree bee,52.0,0.4,3,1,youtube_suggest,2026-09-12 19:46:53.368308
48,Season Engine,91,24,giant tree climbing,52.0,0.4,3,1,youtube_suggest,2026-09-12 19:46:53.368499
48,Season Engine,91,25,giant tree cartoon,52.0,0.4,3,1,youtube_suggest,2026-09-12 19:46:53.368725
48,Season Engine,91,26,giant tree chainsaw,52.0,0.4,3,1,youtube_suggest,2026-09-12 19:46:53.368924
48,Season Engine,91,27,giant tree documentary,52.0,0.4,3,1,youtube_suggest,2026-09-12 19:46:53.369110
48,Season Engine,91,28,giant tree ds2,52.0,0.4,3,1,youtube_suggest,2026-09-12 19:46:53.369290
48,Season Engine,91,29,giant tree diy,52.0,0.4,3,1,youtube_suggest,2026-09-12 19:46:53.369476
48,Season Engine,91,30,giant tree drawing,52.0,0.4,3,1,youtube_suggest,2026-09-12 19:46:53.372891
48,Season Engine,91,31,giant tree dst,52.0,0.4,3,1,youtube_suggest,2026-09-12 19:46:53.373059
48,Season Engine,91,32,giant enemy tree,52.0,0.4,3,1,youtube_suggest,2026-09-12 19:46:53.373193
48,Season Engine,91,33,giant eucalyptus tree,52.0,0.4,3,1,youtube_suggest,2026-09-12 19:46:53.373364
48,Season Engine,91,34,giant elm tree,52.0,0.4,3,1,youtube_suggest,2026-09-12 19:46:53.373501
48,Season Engine,91,35,giant tree falling,52.0,0.4,3,1,youtube_suggest,2026-09-12 19:46:53.373627
48,Season Engine,91,36,giant tree frog,52.0,0.4,3,1,youtube_suggest,2026-09-12 19:46:53.373755
48,Season Engine,91,37,giant tree fossils,52.0,0.4,3,1,youtube_suggest,2026-09-12 19:46:53.373887
48,Season Engine,91,38,giant tree forest,52.0,0.4,3,1,youtube_suggest,2026-09-12 19:46:53.374017
48,Season Engine,91,39,giant tree farm,52.0,0.4,3,1,youtube_suggest,2026-09-12 19:46:53.374147
48,Season Engine,91,40,giant tree fern,52.0,0.4,3,1,youtube_suggest,2026-09-12 19:46:53.374295
48,Season Engine,91,41,giant tree grow a garden,51.33,0.3333,5,1,youtube_suggest,2026-09-12 19:46:53.374423
48,Season Engine,91,42,giant tree before the flood,51.33,0.3333,5,1,youtube_suggest,2026-09-12 19:46:53.374555
48,Season Engine,91,43,giant tree falls on house,51.33,0.3333,5,1,youtube_suggest,2026-09-12 19:46:53.374684
48,Season Engine,91,44,season 12 engine roll call,51.33,0.3333,5,1,youtube_suggest,2026-09-12 19:46:53.374814
48,Season Engine,91,45,season 19 engine roll call,51.33,0.3333,5,1,youtube_suggest,2026-09-12 19:46:53.374933
48,Season Engine,91,46,season 11 engine roll call,51.33,0.3333,5,1,youtube_suggest,2026-09-12 19:46:53.375117
48,Season Engine,91,47,season v8 engine model kit,51.33,0.3333,5,1,youtube_suggest,2026-09-12 19:46:53.375387
48,Season Engine,91,48,giant durian tree grow a garden,50.0,0.2857,6,1,youtube_suggest,2026-09-12 19:46:53.375610
48,Season Engine,91,49,thomas season 12 engine roll call,50.0,0.2857,6,1,youtube_suggest,2026-09-12 19:46:53.375801
48,Season Engine,91,50,thomas season 13 engine roll call,50.0,0.2857,6,1,youtube_suggest,2026-09-12 19:46:53.376121
48,Season Engine,91,51,thomas season 22 engine roll call,50.0,0.2857,6,1,youtube_suggest,2026-09-12 19:46:53.376380
48,Season Engine,91,52,giant tree cutting machine,49.33,0.3333,4,1,youtube_suggest,2026-09-12 19:46:53.384689
48,Season Engine,91,53,giant tree minecraft tutorial,49.33,0.3333,4,1,youtube_suggest,2026-09-12 19:46:53.385003
48,Season Engine,91,54,giant tree build minecraft,49.33,0.3333,4,1,youtube_suggest,2026-09-12 19:46:53.385169
48,Season Engine,91,55,giant tree base minecraft,49.33,0.3333,4,1,youtube_suggest,2026-09-12 19:46:53.385326
48,Season Engine,91,56,giant tree house minecraft,49.33,0.3333,4,1,youtube_suggest,2026-09-12 19:46:53.385474
48,Season Engine,91,57,giant tree bushcraft shelter,49.33,0.3333,4,1,youtube_suggest,2026-09-12 19:46:53.385617
48,Season Engine,91,58,giant tree cut down,49.33,0.3333,4,1,youtube_suggest,2026-09-12 19:46:53.385752
48,Season Engine,91,59,giant tree crushes house,49.33,0.3333,4,1,youtube_suggest,2026-09-12 19:46:53.385890
48,Season Engine,91,60,giant tree chiang mai,49.33,0.3333,4,1,youtube_suggest,2026-09-12 19:46:53.386018
49,Branch Bridge Machine,92,1,giant tree cutting machine,61.0,0.5,4,1,youtube_suggest,2026-09-12 19:48:15.470821
49,Branch Bridge Machine,92,2,giant tree to a hidden shelter,50.0,0.2857,6,1,youtube_suggest,2026-09-12 19:48:15.471101
49,Branch Bridge Machine,92,3,giant tree as shelter,49.33,0.3333,4,1,youtube_suggest,2026-09-12 19:48:15.471265
49,Branch Bridge Machine,92,4,giant tree cat tree,49.33,0.3333,4,1,youtube_suggest,2026-09-12 19:48:15.471411
49,Branch Bridge Machine,92,5,giant tree grow a garden,48.0,0.2857,5,1,youtube_suggest,2026-09-12 19:48:15.471731
49,Branch Bridge Machine,92,6,giant tree before the flood,48.0,0.2857,5,1,youtube_suggest,2026-09-12 19:48:15.472006
49,Branch Bridge Machine,92,7,giant tree falls on house,48.0,0.2857,5,1,youtube_suggest,2026-09-12 19:48:15.472295
49,Branch Bridge Machine,92,8,giant durian tree grow a garden,47.5,0.25,6,1,youtube_suggest,2026-09-12 19:48:15.476212
49,Branch Bridge Machine,92,9,giant tree cutting,47.33,0.3333,3,1,youtube_suggest,2026-09-12 19:48:15.476698
49,Branch Bridge Machine,92,10,giant tree removal,47.33,0.3333,3,1,youtube_suggest,2026-09-12 19:48:15.476901
49,Branch Bridge Machine,92,11,giant tree minecraft,47.33,0.3333,3,1,youtube_suggest,2026-09-12 19:48:15.477100
49,Branch Bridge Machine,92,12,giant tree avatar,47.33,0.3333,3,1,youtube_suggest,2026-09-12 19:48:15.477305
49,Branch Bridge Machine,92,13,giant tree ancient,47.33,0.3333,3,1,youtube_suggest,2026-09-12 19:48:15.477504
49,Branch Bridge Machine,92,14,giant tree anime,47.33,0.3333,3,1,youtube_suggest,2026-09-12 19:48:15.477758
49,Branch Bridge Machine,92,15,giant amberheart tree,47.33,0.3333,3,1,youtube_suggest,2026-09-12 19:48:15.477963
49,Branch Bridge Machine,92,16,giant arborvitae tree,47.33,0.3333,3,1,youtube_suggest,2026-09-12 19:48:15.478172
49,Branch Bridge Machine,92,17,giant tree build,47.33,0.3333,3,1,youtube_suggest,2026-09-12 19:48:15.480865
49,Branch Bridge Machine,92,18,giant tree bow,47.33,0.3333,3,1,youtube_suggest,2026-09-12 19:48:15.481087
49,Branch Bridge Machine,92,19,giant tree base,47.33,0.3333,3,1,youtube_suggest,2026-09-12 19:48:15.481285
49,Branch Bridge Machine,92,20,giant tree bee,47.33,0.3333,3,1,youtube_suggest,2026-09-12 19:48:15.481479
49,Branch Bridge Machine,92,21,giant tree climbing,47.33,0.3333,3,1,youtube_suggest,2026-09-12 19:48:15.481669
49,Branch Bridge Machine,92,22,giant tree cartoon,47.33,0.3333,3,1,youtube_suggest,2026-09-12 19:48:15.481871
49,Branch Bridge Machine,92,23,giant tree chainsaw,47.33,0.3333,3,1,youtube_suggest,2026-09-12 19:48:15.482098
49,Branch Bridge Machine,92,24,giant tree documentary,47.33,0.3333,3,1,youtube_suggest,2026-09-12 19:48:15.484721
49,Branch Bridge Machine,92,25,giant tree ds2,47.33,0.3333,3,1,youtube_suggest,2026-09-12 19:48:15.484988
49,Branch Bridge Machine,92,26,giant tree diy,47.33,0.3333,3,1,youtube_suggest,2026-09-12 19:48:15.485144
49,Branch Bridge Machine,92,27,giant tree drawing,47.33,0.3333,3,1,youtube_suggest,2026-09-12 19:48:15.485288
49,Branch Bridge Machine,92,28,giant tree dst,47.33,0.3333,3,1,youtube_suggest,2026-09-12 19:48:15.485485
49,Branch Bridge Machine,92,29,giant enemy tree,47.33,0.3333,3,1,youtube_suggest,2026-09-12 19:48:15.485755
49,Branch Bridge Machine,92,30,giant eucalyptus tree,47.33,0.3333,3,1,youtube_suggest,2026-09-12 19:48:15.486026
49,Branch Bridge Machine,92,31,giant elm tree,47.33,0.3333,3,1,youtube_suggest,2026-09-12 19:48:15.486217
49,Branch Bridge Machine,92,32,giant tree falling,47.33,0.3333,3,1,youtube_suggest,2026-09-12 19:48:15.486409
49,Branch Bridge Machine,92,33,giant tree frog,47.33,0.3333,3,1,youtube_suggest,2026-09-12 19:48:15.486633
49,Branch Bridge Machine,92,34,giant tree fossils,47.33,0.3333,3,1,youtube_suggest,2026-09-12 19:48:15.486803
49,Branch Bridge Machine,92,35,giant tree forest,47.33,0.3333,3,1,youtube_suggest,2026-09-12 19:48:15.486936
49,Branch Bridge Machine,92,36,giant tree farm,47.33,0.3333,3,1,youtube_suggest,2026-09-12 19:48:15.487073
49,Branch Bridge Machine,92,37,giant tree fern,47.33,0.3333,3,1,youtube_suggest,2026-09-12 19:48:15.487223
49,Branch Bridge Machine,92,38,bridge girder machine,47.33,0.3333,3,1,youtube_suggest,2026-09-12 19:48:15.487387
49,Branch Bridge Machine,92,39,bridge laying machine,47.33,0.3333,3,1,youtube_suggest,2026-09-12 19:48:15.493600
49,Branch Bridge Machine,92,40,bridge builder machine,47.33,0.3333,3,1,youtube_suggest,2026-09-12 19:48:15.493838
49,Branch Bridge Machine,92,41,bridge machine gym,47.33,0.3333,3,1,youtube_suggest,2026-09-12 19:48:15.493994
49,Branch Bridge Machine,92,42,bridge building machine,47.33,0.3333,3,1,youtube_suggest,2026-09-12 19:48:15.494142
49,Branch Bridge Machine,92,43,big tree cutting machine,46.0,0.2857,4,1,youtube_suggest,2026-09-12 19:48:15.495449
49,Branch Bridge Machine,92,44,big tree cutter machine,46.0,0.2857,4,1,youtube_suggest,2026-09-12 19:48:15.495735
49,Branch Bridge Machine,92,45,large tree cutting machine,46.0,0.2857,4,1,youtube_suggest,2026-09-12 19:48:15.495945
49,Branch Bridge Machine,92,46,big tree planting machine,46.0,0.2857,4,1,youtube_suggest,2026-09-12 19:48:15.496941
49,Branch Bridge Machine,92,47,big tree removal machine,46.0,0.2857,4,1,youtube_suggest,2026-09-12 19:48:15.497150
49,Branch Bridge Machine,92,48,large tree removal machine,46.0,0.2857,4,1,youtube_suggest,2026-09-12 19:48:15.497428
49,Branch Bridge Machine,92,49,big tree spray machine,46.0,0.2857,4,1,youtube_suggest,2026-09-12 19:48:15.497699
49,Branch Bridge Machine,92,50,big tree shifting machine,46.0,0.2857,4,1,youtube_suggest,2026-09-12 19:48:15.497869
49,Branch Bridge Machine,92,51,big tree transplant machine,46.0,0.2857,4,1,youtube_suggest,2026-09-12 19:48:15.498008
49,Branch Bridge Machine,92,52,giant tree minecraft tutorial,46.0,0.2857,4,1,youtube_suggest,2026-09-12 19:48:15.498164
49,Branch Bridge Machine,92,53,giant tree build minecraft,46.0,0.2857,4,1,youtube_suggest,2026-09-12 19:48:15.498333
49,Branch Bridge Machine,92,54,giant tree base minecraft,46.0,0.2857,4,1,youtube_suggest,2026-09-12 19:48:15.501477
49,Branch Bridge Machine,92,55,giant tree house minecraft,46.0,0.2857,4,1,youtube_suggest,2026-09-12 19:48:15.501680
49,Branch Bridge Machine,92,56,giant tree bushcraft shelter,46.0,0.2857,4,1,youtube_suggest,2026-09-12 19:48:15.501856
49,Branch Bridge Machine,92,57,giant tree cut down,46.0,0.2857,4,1,youtube_suggest,2026-09-12 19:48:15.502014
49,Branch Bridge Machine,92,58,giant tree crushes house,46.0,0.2857,4,1,youtube_suggest,2026-09-12 19:48:15.502163
49,Branch Bridge Machine,92,59,giant tree chiang mai,46.0,0.2857,4,1,youtube_suggest,2026-09-12 19:48:15.502303
49,Branch Bridge Machine,92,60,giant tree design minecraft,46.0,0.2857,4,1,youtube_suggest,2026-09-12 19:48:15.502440
50,Pollinator Cathedral,93,1,giant tree as shelter,54.0,0.4,4,1,youtube_suggest,2026-09-12 19:49:44.201145
50,Pollinator Cathedral,93,2,giant tree cat tree,54.0,0.4,4,1,youtube_suggest,2026-09-12 19:49:44.201444
50,Pollinator Cathedral,93,3,giant tree to a hidden shelter,53.33,0.3333,6,1,youtube_suggest,2026-09-12 19:49:44.203735
50,Pollinator Cathedral,93,4,giant tree cutting,52.0,0.4,3,1,youtube_suggest,2026-09-12 19:49:44.204072
50,Pollinator Cathedral,93,5,giant tree removal,52.0,0.4,3,1,youtube_suggest,2026-09-12 19:49:44.204288
50,Pollinator Cathedral,93,6,giant tree minecraft,52.0,0.4,3,1,youtube_suggest,2026-09-12 19:49:44.204504
50,Pollinator Cathedral,93,7,giant tree avatar,52.0,0.4,3,1,youtube_suggest,2026-09-12 19:49:44.204972
50,Pollinator Cathedral,93,8,giant tree ancient,52.0,0.4,3,1,youtube_suggest,2026-09-12 19:49:44.205192
50,Pollinator Cathedral,93,9,giant tree anime,52.0,0.4,3,1,youtube_suggest,2026-09-12 19:49:44.205400
50,Pollinator Cathedral,93,10,giant amberheart tree,52.0,0.4,3,1,youtube_suggest,2026-09-12 19:49:44.205608
50,Pollinator Cathedral,93,11,giant arborvitae tree,52.0,0.4,3,1,youtube_suggest,2026-09-12 19:49:44.205829
50,Pollinator Cathedral,93,12,giant tree build,52.0,0.4,3,1,youtube_suggest,2026-09-12 19:49:44.206042
50,Pollinator Cathedral,93,13,giant tree bow,52.0,0.4,3,1,youtube_suggest,2026-09-12 19:49:44.206247
50,Pollinator Cathedral,93,14,giant tree base,52.0,0.4,3,1,youtube_suggest,2026-09-12 19:49:44.206444
50,Pollinator Cathedral,93,15,giant tree bee,52.0,0.4,3,1,youtube_suggest,2026-09-12 19:49:44.206754
50,Pollinator Cathedral,93,16,giant tree climbing,52.0,0.4,3,1,youtube_suggest,2026-09-12 19:49:44.206989
50,Pollinator Cathedral,93,17,giant tree cartoon,52.0,0.4,3,1,youtube_suggest,2026-09-12 19:49:44.207261
50,Pollinator Cathedral,93,18,giant tree chainsaw,52.0,0.4,3,1,youtube_suggest,2026-09-12 19:49:44.207507
50,Pollinator Cathedral,93,19,giant tree documentary,52.0,0.4,3,1,youtube_suggest,2026-09-12 19:49:44.207719
50,Pollinator Cathedral,93,20,giant tree ds2,52.0,0.4,3,1,youtube_suggest,2026-09-12 19:49:44.207946
50,Pollinator Cathedral,93,21,giant tree diy,52.0,0.4,3,1,youtube_suggest,2026-09-12 19:49:44.208153
50,Pollinator Cathedral,93,22,giant tree drawing,52.0,0.4,3,1,youtube_suggest,2026-09-12 19:49:44.208360
50,Pollinator Cathedral,93,23,giant tree dst,52.0,0.4,3,1,youtube_suggest,2026-09-12 19:49:44.213921
50,Pollinator Cathedral,93,24,giant enemy tree,52.0,0.4,3,1,youtube_suggest,2026-09-12 19:49:44.214266
50,Pollinator Cathedral,93,25,giant eucalyptus tree,52.0,0.4,3,1,youtube_suggest,2026-09-12 19:49:44.214496
50,Pollinator Cathedral,93,26,giant elm tree,52.0,0.4,3,1,youtube_suggest,2026-09-12 19:49:44.214712
50,Pollinator Cathedral,93,27,giant tree falling,52.0,0.4,3,1,youtube_suggest,2026-09-12 19:49:44.214941
50,Pollinator Cathedral,93,28,giant tree frog,52.0,0.4,3,1,youtube_suggest,2026-09-12 19:49:44.216335
50,Pollinator Cathedral,93,29,giant tree fossils,52.0,0.4,3,1,youtube_suggest,2026-09-12 19:49:44.216673
50,Pollinator Cathedral,93,30,giant tree forest,52.0,0.4,3,1,youtube_suggest,2026-09-12 19:49:44.217720
50,Pollinator Cathedral,93,31,giant tree farm,52.0,0.4,3,1,youtube_suggest,2026-09-12 19:49:44.217981
50,Pollinator Cathedral,93,32,giant tree fern,52.0,0.4,3,1,youtube_suggest,2026-09-12 19:49:44.218200
50,Pollinator Cathedral,93,33,giant tree grow a garden,51.33,0.3333,5,1,youtube_suggest,2026-09-12 19:49:44.218411
50,Pollinator Cathedral,93,34,giant tree before the flood,51.33,0.3333,5,1,youtube_suggest,2026-09-12 19:49:44.218648
50,Pollinator Cathedral,93,35,giant tree falls on house,51.33,0.3333,5,1,youtube_suggest,2026-09-12 19:49:44.218867
50,Pollinator Cathedral,93,36,giant durian tree grow a garden,50.0,0.2857,6,1,youtube_suggest,2026-09-12 19:49:44.220911
50,Pollinator Cathedral,93,37,giant tree cutting machine,49.33,0.3333,4,1,youtube_suggest,2026-09-12 19:49:44.221140
50,Pollinator Cathedral,93,38,giant tree minecraft tutorial,49.33,0.3333,4,1,youtube_suggest,2026-09-12 19:49:44.221359
50,Pollinator Cathedral,93,39,giant tree build minecraft,49.33,0.3333,4,1,youtube_suggest,2026-09-12 19:49:44.221575
50,Pollinator Cathedral,93,40,giant tree base minecraft,49.33,0.3333,4,1,youtube_suggest,2026-09-12 19:49:44.221807
50,Pollinator Cathedral,93,41,giant tree house minecraft,49.33,0.3333,4,1,youtube_suggest,2026-09-12 19:49:44.224390
50,Pollinator Cathedral,93,42,giant tree bushcraft shelter,49.33,0.3333,4,1,youtube_suggest,2026-09-12 19:49:44.224789
50,Pollinator Cathedral,93,43,giant tree cut down,49.33,0.3333,4,1,youtube_suggest,2026-09-12 19:49:44.225009
50,Pollinator Cathedral,93,44,giant tree crushes house,49.33,0.3333,4,1,youtube_suggest,2026-09-12 19:49:44.225210
50,Pollinator Cathedral,93,45,giant tree chiang mai,49.33,0.3333,4,1,youtube_suggest,2026-09-12 19:49:44.225418
50,Pollinator Cathedral,93,46,giant tree design minecraft,49.33,0.3333,4,1,youtube_suggest,2026-09-12 19:49:44.225697
50,Pollinator Cathedral,93,47,giant tree farm minecraft,49.33,0.3333,4,1,youtube_suggest,2026-09-12 19:49:44.226236
50,Pollinator Cathedral,93,48,giant tree fantasy life,49.33,0.3333,4,1,youtube_suggest,2026-09-12 19:49:44.226438
50,Pollinator Cathedral,93,49,giant tree full movie,49.33,0.3333,4,1,youtube_suggest,2026-09-12 19:49:44.226675
50,Pollinator Cathedral,93,50,giant tree house minecraft tutorial,48.0,0.2857,5,1,youtube_suggest,2026-09-12 19:49:44.226923
50,Pollinator Cathedral,93,51,giant tree base minecraft tutorial,48.0,0.2857,5,1,youtube_suggest,2026-09-12 19:49:44.227112
50,Pollinator Cathedral,93,52,giant tree build minecraft tutorial,48.0,0.2857,5,1,youtube_suggest,2026-09-12 19:49:44.227277
50,Pollinator Cathedral,93,53,giant trees in the bible,39.67,0.1667,5,1,youtube_suggest,2026-09-12 19:49:44.227443
50,Pollinator Cathedral,93,54,giant trees before the flood,38.0,0.1429,5,1,youtube_suggest,2026-09-12 19:49:44.227619
50,Pollinator Cathedral,93,55,big tree cutting machine stihl,36.75,0.125,5,1,youtube_suggest,2026-09-12 19:49:44.227795
50,Pollinator Cathedral,93,56,great tree elite pirate spawn,36.75,0.125,5,1,youtube_suggest,2026-09-12 19:49:44.228014
50,Pollinator Cathedral,93,57,big tree entertainment private limited,36.75,0.125,5,1,youtube_suggest,2026-09-12 19:49:44.228222
50,Pollinator Cathedral,93,58,big tree cutting machine,36.0,0.1429,4,1,youtube_suggest,2026-09-12 19:49:44.228422
50,Pollinator Cathedral,93,59,big tree cutter machine,36.0,0.1429,4,1,youtube_suggest,2026-09-12 19:49:44.232388
50,Pollinator Cathedral,93,60,large tree cutting machine,36.0,0.1429,4,1,youtube_suggest,2026-09-12 19:49:44.233657
51,Root Memory Engine,94,1,giant tree to a hidden shelter,50.0,0.2857,6,1,youtube_suggest,2026-09-12 19:51:08.067544
51,Root Memory Engine,94,2,giant tree as shelter,49.33,0.3333,4,1,youtube_suggest,2026-09-12 19:51:08.067836
51,Root Memory Engine,94,3,giant tree cat tree,49.33,0.3333,4,1,youtube_suggest,2026-09-12 19:51:08.068043
51,Root Memory Engine,94,4,giant tree grow a garden,48.0,0.2857,5,1,youtube_suggest,2026-09-12 19:51:08.068252
51,Root Memory Engine,94,5,giant tree before the flood,48.0,0.2857,5,1,youtube_suggest,2026-09-12 19:51:08.068447
51,Root Memory Engine,94,6,giant tree falls on house,48.0,0.2857,5,1,youtube_suggest,2026-09-12 19:51:08.075434
51,Root Memory Engine,94,7,giant durian tree grow a garden,47.5,0.25,6,1,youtube_suggest,2026-09-12 19:51:08.077129
51,Root Memory Engine,94,8,giant tree cutting,47.33,0.3333,3,1,youtube_suggest,2026-09-12 19:51:08.077854
51,Root Memory Engine,94,9,giant tree removal,47.33,0.3333,3,1,youtube_suggest,2026-09-12 19:51:08.078072
51,Root Memory Engine,94,10,giant tree minecraft,47.33,0.3333,3,1,youtube_suggest,2026-09-12 19:51:08.078280
51,Root Memory Engine,94,11,giant tree avatar,47.33,0.3333,3,1,youtube_suggest,2026-09-12 19:51:08.081886
51,Root Memory Engine,94,12,giant tree ancient,47.33,0.3333,3,1,youtube_suggest,2026-09-12 19:51:08.082117
51,Root Memory Engine,94,13,giant tree anime,47.33,0.3333,3,1,youtube_suggest,2026-09-12 19:51:08.082324
51,Root Memory Engine,94,14,giant amberheart tree,47.33,0.3333,3,1,youtube_suggest,2026-09-12 19:51:08.082612
51,Root Memory Engine,94,15,giant arborvitae tree,47.33,0.3333,3,1,youtube_suggest,2026-09-12 19:51:08.084740
51,Root Memory Engine,94,16,giant tree build,47.33,0.3333,3,1,youtube_suggest,2026-09-12 19:51:08.084958
51,Root Memory Engine,94,17,giant tree bow,47.33,0.3333,3,1,youtube_suggest,2026-09-12 19:51:08.085157
51,Root Memory Engine,94,18,giant tree base,47.33,0.3333,3,1,youtube_suggest,2026-09-12 19:51:08.085359
51,Root Memory Engine,94,19,giant tree bee,47.33,0.3333,3,1,youtube_suggest,2026-09-12 19:51:08.085542
51,Root Memory Engine,94,20,giant tree climbing,47.33,0.3333,3,1,youtube_suggest,2026-09-12 19:51:08.085725
51,Root Memory Engine,94,21,giant tree cartoon,47.33,0.3333,3,1,youtube_suggest,2026-09-12 19:51:08.085910
51,Root Memory Engine,94,22,giant tree chainsaw,47.33,0.3333,3,1,youtube_suggest,2026-09-12 19:51:08.086092
51,Root Memory Engine,94,23,giant tree documentary,47.33,0.3333,3,1,youtube_suggest,2026-09-12 19:51:08.086292
51,Root Memory Engine,94,24,giant tree ds2,47.33,0.3333,3,1,youtube_suggest,2026-09-12 19:51:08.086471
51,Root Memory Engine,94,25,giant tree diy,47.33,0.3333,3,1,youtube_suggest,2026-09-12 19:51:08.086649
51,Root Memory Engine,94,26,giant tree drawing,47.33,0.3333,3,1,youtube_suggest,2026-09-12 19:51:08.086826
51,Root Memory Engine,94,27,giant tree dst,47.33,0.3333,3,1,youtube_suggest,2026-09-12 19:51:08.087003
51,Root Memory Engine,94,28,giant enemy tree,47.33,0.3333,3,1,youtube_suggest,2026-09-12 19:51:08.087179
51,Root Memory Engine,94,29,giant eucalyptus tree,47.33,0.3333,3,1,youtube_suggest,2026-09-12 19:51:08.087372
51,Root Memory Engine,94,30,giant elm tree,47.33,0.3333,3,1,youtube_suggest,2026-09-12 19:51:08.087550
51,Root Memory Engine,94,31,giant tree falling,47.33,0.3333,3,1,youtube_suggest,2026-09-12 19:51:08.097002
51,Root Memory Engine,94,32,giant tree frog,47.33,0.3333,3,1,youtube_suggest,2026-09-12 19:51:08.097246
51,Root Memory Engine,94,33,giant tree fossils,47.33,0.3333,3,1,youtube_suggest,2026-09-12 19:51:08.097443
51,Root Memory Engine,94,34,giant tree forest,47.33,0.3333,3,1,youtube_suggest,2026-09-12 19:51:08.097628
51,Root Memory Engine,94,35,giant tree farm,47.33,0.3333,3,1,youtube_suggest,2026-09-12 19:51:08.097932
51,Root Memory Engine,94,36,giant tree fern,47.33,0.3333,3,1,youtube_suggest,2026-09-12 19:51:08.098125
51,Root Memory Engine,94,37,giant tree cutting machine,46.0,0.2857,4,1,youtube_suggest,2026-09-12 19:51:08.098340
51,Root Memory Engine,94,38,giant tree minecraft tutorial,46.0,0.2857,4,1,youtube_suggest,2026-09-12 19:51:08.098526
51,Root Memory Engine,94,39,giant tree build minecraft,46.0,0.2857,4,1,youtube_suggest,2026-09-12 19:51:08.098705
51,Root Memory Engine,94,40,giant tree base minecraft,46.0,0.2857,4,1,youtube_suggest,2026-09-12 19:51:08.098887
51,Root Memory Engine,94,41,giant tree house minecraft,46.0,0.2857,4,1,youtube_suggest,2026-09-12 19:51:08.100433
51,Root Memory Engine,94,42,giant tree bushcraft shelter,46.0,0.2857,4,1,youtube_suggest,2026-09-12 19:51:08.100665
51,Root Memory Engine,94,43,giant tree cut down,46.0,0.2857,4,1,youtube_suggest,2026-09-12 19:51:08.100857
51,Root Memory Engine,94,44,giant tree crushes house,46.0,0.2857,4,1,youtube_suggest,2026-09-12 19:51:08.101047
51,Root Memory Engine,94,45,giant tree chiang mai,46.0,0.2857,4,1,youtube_suggest,2026-09-12 19:51:08.101333
51,Root Memory Engine,94,46,giant tree design minecraft,46.0,0.2857,4,1,youtube_suggest,2026-09-12 19:51:08.101534
51,Root Memory Engine,94,47,giant tree farm minecraft,46.0,0.2857,4,1,youtube_suggest,2026-09-12 19:51:08.101719
51,Root Memory Engine,94,48,giant tree fantasy life,46.0,0.2857,4,1,youtube_suggest,2026-09-12 19:51:08.101903
51,Root Memory Engine,94,49,giant tree full movie,46.0,0.2857,4,1,youtube_suggest,2026-09-12 19:51:08.102086
51,Root Memory Engine,94,50,giant tree house minecraft tutorial,45.5,0.25,5,1,youtube_suggest,2026-09-12 19:51:08.102276
51,Root Memory Engine,94,51,giant tree base minecraft tutorial,45.5,0.25,5,1,youtube_suggest,2026-09-12 19:51:08.102469
51,Root Memory Engine,94,52,giant tree build minecraft tutorial,45.5,0.25,5,1,youtube_suggest,2026-09-12 19:51:08.102649
51,Root Memory Engine,94,53,giant trees in the bible,38.0,0.1429,5,1,youtube_suggest,2026-09-12 19:51:08.102824
51,Root Memory Engine,94,54,root alpha + root beta,38.0,0.1429,5,1,youtube_suggest,2026-09-12 19:51:08.102998
51,Root Memory Engine,94,55,root 11.7 on number line,38.0,0.1429,5,1,youtube_suggest,2026-09-12 19:51:08.103172
51,Root Memory Engine,94,56,giant trees before the flood,36.75,0.125,5,1,youtube_suggest,2026-09-12 19:51:08.103365
51,Root Memory Engine,94,57,root mechanical marquise 1.0,36.0,0.1429,4,1,youtube_suggest,2026-09-12 19:51:08.103545
51,Root Memory Engine,94,58,root mechanical marquise 2.0,36.0,0.1429,4,1,youtube_suggest,2026-09-12 19:51:08.103720
51,Root Memory Engine,94,59,big tree cutting machine stihl,35.78,0.1111,5,1,youtube_suggest,2026-09-12 19:51:08.103903
51,Root Memory Engine,94,60,great tree elite pirate spawn,35.78,0.1111,5,1,youtube_suggest,2026-09-12 19:51:08.104077
52,Worldtree Stabilizer,95,1,giant tree as shelter,54.0,0.4,4,1,youtube_suggest,2026-09-12 19:52:30.574320
52,Worldtree Stabilizer,95,2,giant tree cat tree,54.0,0.4,4,1,youtube_suggest,2026-09-12 19:52:30.574604
52,Worldtree Stabilizer,95,3,giant tree to a hidden shelter,53.33,0.3333,6,1,youtube_suggest,2026-09-12 19:52:30.574822
52,Worldtree Stabilizer,95,4,giant tree cutting,52.0,0.4,3,1,youtube_suggest,2026-09-12 19:52:30.580507
52,Worldtree Stabilizer,95,5,giant tree removal,52.0,0.4,3,1,youtube_suggest,2026-09-12 19:52:30.580873
52,Worldtree Stabilizer,95,6,giant tree minecraft,52.0,0.4,3,1,youtube_suggest,2026-09-12 19:52:30.581080
52,Worldtree Stabilizer,95,7,giant tree avatar,52.0,0.4,3,1,youtube_suggest,2026-09-12 19:52:30.581274
52,Worldtree Stabilizer,95,8,giant tree ancient,52.0,0.4,3,1,youtube_suggest,2026-09-12 19:52:30.581464
52,Worldtree Stabilizer,95,9,giant tree anime,52.0,0.4,3,1,youtube_suggest,2026-09-12 19:52:30.581647
52,Worldtree Stabilizer,95,10,giant amberheart tree,52.0,0.4,3,1,youtube_suggest,2026-09-12 19:52:30.581839
52,Worldtree Stabilizer,95,11,giant arborvitae tree,52.0,0.4,3,1,youtube_suggest,2026-09-12 19:52:30.582019
52,Worldtree Stabilizer,95,12,giant tree build,52.0,0.4,3,1,youtube_suggest,2026-09-12 19:52:30.582203
52,Worldtree Stabilizer,95,13,giant tree bow,52.0,0.4,3,1,youtube_suggest,2026-09-12 19:52:30.582386
52,Worldtree Stabilizer,95,14,giant tree base,52.0,0.4,3,1,youtube_suggest,2026-09-12 19:52:30.582922
52,Worldtree Stabilizer,95,15,giant tree bee,52.0,0.4,3,1,youtube_suggest,2026-09-12 19:52:30.583110
52,Worldtree Stabilizer,95,16,giant tree climbing,52.0,0.4,3,1,youtube_suggest,2026-09-12 19:52:30.583289
52,Worldtree Stabilizer,95,17,giant tree cartoon,52.0,0.4,3,1,youtube_suggest,2026-09-12 19:52:30.583461
52,Worldtree Stabilizer,95,18,giant tree chainsaw,52.0,0.4,3,1,youtube_suggest,2026-09-12 19:52:30.583647
52,Worldtree Stabilizer,95,19,giant tree documentary,52.0,0.4,3,1,youtube_suggest,2026-09-12 19:52:30.583843
52,Worldtree Stabilizer,95,20,giant tree ds2,52.0,0.4,3,1,youtube_suggest,2026-09-12 19:52:30.584027
52,Worldtree Stabilizer,95,21,giant tree diy,52.0,0.4,3,1,youtube_suggest,2026-09-12 19:52:30.584206
52,Worldtree Stabilizer,95,22,giant tree drawing,52.0,0.4,3,1,youtube_suggest,2026-09-12 19:52:30.584384
52,Worldtree Stabilizer,95,23,giant tree dst,52.0,0.4,3,1,youtube_suggest,2026-09-12 19:52:30.586651
52,Worldtree Stabilizer,95,24,giant enemy tree,52.0,0.4,3,1,youtube_suggest,2026-09-12 19:52:30.587129
52,Worldtree Stabilizer,95,25,giant eucalyptus tree,52.0,0.4,3,1,youtube_suggest,2026-09-12 19:52:30.587589
52,Worldtree Stabilizer,95,26,giant elm tree,52.0,0.4,3,1,youtube_suggest,2026-09-12 19:52:30.587811
52,Worldtree Stabilizer,95,27,giant tree falling,52.0,0.4,3,1,youtube_suggest,2026-09-12 19:52:30.588001
52,Worldtree Stabilizer,95,28,giant tree frog,52.0,0.4,3,1,youtube_suggest,2026-09-12 19:52:30.588191
52,Worldtree Stabilizer,95,29,giant tree fossils,52.0,0.4,3,1,youtube_suggest,2026-09-12 19:52:30.588412
52,Worldtree Stabilizer,95,30,giant tree forest,52.0,0.4,3,1,youtube_suggest,2026-09-12 19:52:30.591791
52,Worldtree Stabilizer,95,31,giant tree farm,52.0,0.4,3,1,youtube_suggest,2026-09-12 19:52:30.592058
52,Worldtree Stabilizer,95,32,giant tree fern,52.0,0.4,3,1,youtube_suggest,2026-09-12 19:52:30.592253
52,Worldtree Stabilizer,95,33,giant tree grow a garden,51.33,0.3333,5,1,youtube_suggest,2026-09-12 19:52:30.592449
52,Worldtree Stabilizer,95,34,giant tree before the flood,51.33,0.3333,5,1,youtube_suggest,2026-09-12 19:52:30.592806
52,Worldtree Stabilizer,95,35,giant tree falls on house,51.33,0.3333,5,1,youtube_suggest,2026-09-12 19:52:30.592993
52,Worldtree Stabilizer,95,36,giant durian tree grow a garden,50.0,0.2857,6,1,youtube_suggest,2026-09-12 19:52:30.593169
52,Worldtree Stabilizer,95,37,giant tree cutting machine,49.33,0.3333,4,1,youtube_suggest,2026-09-12 19:52:30.593339
52,Worldtree Stabilizer,95,38,giant tree minecraft tutorial,49.33,0.3333,4,1,youtube_suggest,2026-09-12 19:52:30.593545
52,Worldtree Stabilizer,95,39,giant tree build minecraft,49.33,0.3333,4,1,youtube_suggest,2026-09-12 19:52:30.593708
52,Worldtree Stabilizer,95,40,giant tree base minecraft,49.33,0.3333,4,1,youtube_suggest,2026-09-12 19:52:30.593870
52,Worldtree Stabilizer,95,41,giant tree house minecraft,49.33,0.3333,4,1,youtube_suggest,2026-09-12 19:52:30.594062
52,Worldtree Stabilizer,95,42,giant tree bushcraft shelter,49.33,0.3333,4,1,youtube_suggest,2026-09-12 19:52:30.594248
52,Worldtree Stabilizer,95,43,giant tree cut down,49.33,0.3333,4,1,youtube_suggest,2026-09-12 19:52:30.594433
52,Worldtree Stabilizer,95,44,giant tree crushes house,49.33,0.3333,4,1,youtube_suggest,2026-09-12 19:52:30.594617
52,Worldtree Stabilizer,95,45,giant tree chiang mai,49.33,0.3333,4,1,youtube_suggest,2026-09-12 19:52:30.594810
52,Worldtree Stabilizer,95,46,giant tree design minecraft,49.33,0.3333,4,1,youtube_suggest,2026-09-12 19:52:30.594992
52,Worldtree Stabilizer,95,47,giant tree farm minecraft,49.33,0.3333,4,1,youtube_suggest,2026-09-12 19:52:30.595170
52,Worldtree Stabilizer,95,48,giant tree fantasy life,49.33,0.3333,4,1,youtube_suggest,2026-09-12 19:52:30.595378
52,Worldtree Stabilizer,95,49,giant tree full movie,49.33,0.3333,4,1,youtube_suggest,2026-09-12 19:52:30.595565
52,Worldtree Stabilizer,95,50,giant tree house minecraft tutorial,48.0,0.2857,5,1,youtube_suggest,2026-09-12 19:52:30.595756
52,Worldtree Stabilizer,95,51,giant tree base minecraft tutorial,48.0,0.2857,5,1,youtube_suggest,2026-09-12 19:52:30.595943
52,Worldtree Stabilizer,95,52,giant tree build minecraft tutorial,48.0,0.2857,5,1,youtube_suggest,2026-09-12 19:52:30.596122
52,Worldtree Stabilizer,95,53,giant trees in the bible,39.67,0.1667,5,1,youtube_suggest,2026-09-12 19:52:30.596300
52,Worldtree Stabilizer,95,54,work of stabilizer,38.0,0.2,3,1,youtube_suggest,2026-09-12 19:52:30.600105
52,Worldtree Stabilizer,95,55,giant trees before the flood,38.0,0.1429,5,1,youtube_suggest,2026-09-12 19:52:30.600404
52,Worldtree Stabilizer,95,56,big tree cutting machine stihl,36.75,0.125,5,1,youtube_suggest,2026-09-12 19:52:30.600631
52,Worldtree Stabilizer,95,57,great tree elite pirate spawn,36.75,0.125,5,1,youtube_suggest,2026-09-12 19:52:30.600848
52,Worldtree Stabilizer,95,58,big tree entertainment private limited,36.75,0.125,5,1,youtube_suggest,2026-09-12 19:52:30.601036
52,Worldtree Stabilizer,95,59,big tree cutting machine,36.0,0.1429,4,1,youtube_suggest,2026-09-12 19:52:30.601222
52,Worldtree Stabilizer,95,60,big tree cutter machine,36.0,0.1429,4,1,youtube_suggest,2026-09-12 19:52:30.601412
53,Palm Titan Water Crown,96,1,palm tree panic x machine girl,47.5,0.25,6,1,youtube_suggest,2026-09-12 19:53:56.314160
53,Palm Titan Water Crown,96,2,palm tree panic,47.33,0.3333,3,1,youtube_suggest,2026-09-12 19:53:56.315817
53,Palm Titan Water Crown,96,3,palm tree misery,47.33,0.3333,3,1,youtube_suggest,2026-09-12 19:53:56.320929
53,Palm Titan Water Crown,96,4,palm tree aspen,47.33,0.3333,3,1,youtube_suggest,2026-09-12 19:53:56.321153
53,Palm Titan Water Crown,96,5,palm tree ambience,47.33,0.3333,3,1,youtube_suggest,2026-09-12 19:53:56.321338
53,Palm Titan Water Crown,96,6,palm tree accident,47.33,0.3333,3,1,youtube_suggest,2026-09-12 19:53:56.321499
53,Palm Titan Water Crown,96,7,palm tree arborist,47.33,0.3333,3,1,youtube_suggest,2026-09-12 19:53:56.321646
53,Palm Titan Water Crown,96,8,palm tree art,47.33,0.3333,3,1,youtube_suggest,2026-09-12 19:53:56.321806
53,Palm Titan Water Crown,96,9,palm tree animation,47.33,0.3333,3,1,youtube_suggest,2026-09-12 19:53:56.321953
53,Palm Titan Water Crown,96,10,palm tree asmr,47.33,0.3333,3,1,youtube_suggest,2026-09-12 19:53:56.322096
53,Palm Titan Water Crown,96,11,palm tree blue,47.33,0.3333,3,1,youtube_suggest,2026-09-12 19:53:56.322238
53,Palm Titan Water Crown,96,12,palm tree bonsai,47.33,0.3333,3,1,youtube_suggest,2026-09-12 19:53:56.322394
53,Palm Titan Water Crown,96,13,palm tree balloon,47.33,0.3333,3,1,youtube_suggest,2026-09-12 19:53:56.322541
53,Palm Titan Water Crown,96,14,palm tree breeze,47.33,0.3333,3,1,youtube_suggest,2026-09-12 19:53:56.322683
53,Palm Titan Water Crown,96,15,palm tree blender,47.33,0.3333,3,1,youtube_suggest,2026-09-12 19:53:56.322838
53,Palm Titan Water Crown,96,16,palm tree beach,47.33,0.3333,3,1,youtube_suggest,2026-09-12 19:53:56.322978
53,Palm Titan Water Crown,96,17,palm tree climbing,47.33,0.3333,3,1,youtube_suggest,2026-09-12 19:53:56.323126
53,Palm Titan Water Crown,96,18,palm tree care,47.33,0.3333,3,1,youtube_suggest,2026-09-12 19:53:56.323269
53,Palm Titan Water Crown,96,19,palm tree cleaning,47.33,0.3333,3,1,youtube_suggest,2026-09-12 19:53:56.323417
53,Palm Titan Water Crown,96,20,palm tree club,47.33,0.3333,3,1,youtube_suggest,2026-09-12 19:53:56.323562
53,Palm Titan Water Crown,96,21,palm tree country,47.33,0.3333,3,1,youtube_suggest,2026-09-12 19:53:56.323708
53,Palm Titan Water Crown,96,22,palm tree crochet,47.33,0.3333,3,1,youtube_suggest,2026-09-12 19:53:56.323865
53,Palm Titan Water Crown,96,23,palm tree drawing,47.33,0.3333,3,1,youtube_suggest,2026-09-12 19:53:56.328926
53,Palm Titan Water Crown,96,24,palm tree days,47.33,0.3333,3,1,youtube_suggest,2026-09-12 19:53:56.329965
53,Palm Titan Water Crown,96,25,palm tree death,47.33,0.3333,3,1,youtube_suggest,2026-09-12 19:53:56.330796
53,Palm Titan Water Crown,96,26,palm tree diy,47.33,0.3333,3,1,youtube_suggest,2026-09-12 19:53:56.331531
53,Palm Titan Water Crown,96,27,palm tree diseases,47.33,0.3333,3,1,youtube_suggest,2026-09-12 19:53:56.331777
53,Palm Titan Water Crown,96,28,palm tree dying,47.33,0.3333,3,1,youtube_suggest,2026-09-12 19:53:56.331999
53,Palm Titan Water Crown,96,29,palm tree escape,47.33,0.3333,3,1,youtube_suggest,2026-09-12 19:53:56.333818
53,Palm Titan Water Crown,96,30,palm tree embroidery,47.33,0.3333,3,1,youtube_suggest,2026-09-12 19:53:56.334047
53,Palm Titan Water Crown,96,31,palm tree exploding,47.33,0.3333,3,1,youtube_suggest,2026-09-12 19:53:56.334264
53,Palm Titan Water Crown,96,32,palm tree edit,47.33,0.3333,3,1,youtube_suggest,2026-09-12 19:53:56.334473
53,Palm Titan Water Crown,96,33,palm tree evolution,47.33,0.3333,3,1,youtube_suggest,2026-09-12 19:53:56.334679
53,Palm Titan Water Crown,96,34,palm tree easy,47.33,0.3333,3,1,youtube_suggest,2026-09-12 19:53:56.334904
53,Palm Titan Water Crown,96,35,palm tree machine,47.33,0.3333,3,1,youtube_suggest,2026-09-12 19:53:56.335108
53,Palm Titan Water Crown,96,36,palm tree cutter,47.33,0.3333,3,1,youtube_suggest,2026-09-12 19:53:56.335327
53,Palm Titan Water Crown,96,37,palm tree saw,47.33,0.3333,3,1,youtube_suggest,2026-09-12 19:53:56.335539
53,Palm Titan Water Crown,96,38,palm tree panic funk,46.0,0.2857,4,1,youtube_suggest,2026-09-12 19:53:56.335741
53,Palm Titan Water Crown,96,39,palm tree panic hysteria,46.0,0.2857,4,1,youtube_suggest,2026-09-12 19:53:56.335960
53,Palm Titan Water Crown,96,40,palm tree acrylic painting,46.0,0.2857,4,1,youtube_suggest,2026-09-12 19:53:56.338217
53,Palm Titan Water Crown,96,41,palm tree angry ginge,46.0,0.2857,4,1,youtube_suggest,2026-09-12 19:53:56.338508
53,Palm Titan Water Crown,96,42,palm tree beach club,46.0,0.2857,4,1,youtube_suggest,2026-09-12 19:53:56.338734
53,Palm Titan Water Crown,96,43,palm tree build minecraft,46.0,0.2857,4,1,youtube_suggest,2026-09-12 19:53:56.340812
53,Palm Titan Water Crown,96,44,palm tree christmas lights,46.0,0.2857,4,1,youtube_suggest,2026-09-12 19:53:56.341013
53,Palm Titan Water Crown,96,45,palm tree club miami,46.0,0.2857,4,1,youtube_suggest,2026-09-12 19:53:56.341197
53,Palm Titan Water Crown,96,46,palm tree club orlando,46.0,0.2857,4,1,youtube_suggest,2026-09-12 19:53:56.341409
53,Palm Titan Water Crown,96,47,palm tree drawing easy,46.0,0.2857,4,1,youtube_suggest,2026-09-12 19:53:56.341591
53,Palm Titan Water Crown,96,48,palm tree decals bloxburg,46.0,0.2857,4,1,youtube_suggest,2026-09-12 19:53:56.342677
53,Palm Titan Water Crown,96,49,palm tree drawing tutorial,46.0,0.2857,4,1,youtube_suggest,2026-09-12 19:53:56.342921
53,Palm Titan Water Crown,96,50,palm tree decoration ideas,46.0,0.2857,4,1,youtube_suggest,2026-09-12 19:53:56.343265
53,Palm Titan Water Crown,96,51,palm tree elementary school,46.0,0.2857,4,1,youtube_suggest,2026-09-12 19:53:56.343497
53,Palm Titan Water Crown,96,52,palm tree easy drawing,46.0,0.2857,4,1,youtube_suggest,2026-09-12 19:53:56.343656
53,Palm Titan Water Crown,96,53,palm tree escape piano,46.0,0.2857,4,1,youtube_suggest,2026-09-12 19:53:56.344854
53,Palm Titan Water Crown,96,54,palm tree climbing machine,46.0,0.2857,4,1,youtube_suggest,2026-09-12 19:53:56.345079
53,Palm Titan Water Crown,96,55,palm tree harvesting machine,46.0,0.2857,4,1,youtube_suggest,2026-09-12 19:53:56.345292
53,Palm Titan Water Crown,96,56,palm tree cutting machine,46.0,0.2857,4,1,youtube_suggest,2026-09-12 19:53:56.345505
53,Palm Titan Water Crown,96,57,palm tree climber machine,46.0,0.2857,4,1,youtube_suggest,2026-09-12 19:53:56.345707
53,Palm Titan Water Crown,96,58,palm tree climbing equipment,46.0,0.2857,4,1,youtube_suggest,2026-09-12 19:53:56.345927
53,Palm Titan Water Crown,96,59,palm tree cutting swing,46.0,0.2857,4,1,youtube_suggest,2026-09-12 19:53:56.346131
53,Palm Titan Water Crown,96,60,palm tree trimming dangers,46.0,0.2857,4,1,youtube_suggest,2026-09-12 19:53:56.346367
54,Sun Harvesting Palm Engine,97,1,palm tree harvesting machine,61.0,0.5,4,1,youtube_suggest,2026-09-12 19:55:46.671754
54,Sun Harvesting Palm Engine,97,2,palm tree breeze sneaker sun,58.0,0.4286,5,1,youtube_suggest,2026-09-12 19:55:46.672057
54,Sun Harvesting Palm Engine,97,3,palm tree panic x machine girl,47.5,0.25,6,1,youtube_suggest,2026-09-12 19:55:46.672263
54,Sun Harvesting Palm Engine,97,4,palm tree machine,47.33,0.3333,3,1,youtube_suggest,2026-09-12 19:55:46.672470
54,Sun Harvesting Palm Engine,97,5,palm tree cutter,47.33,0.3333,3,1,youtube_suggest,2026-09-12 19:55:46.676267
54,Sun Harvesting Palm Engine,97,6,palm tree saw,47.33,0.3333,3,1,youtube_suggest,2026-09-12 19:55:46.676494
54,Sun Harvesting Palm Engine,97,7,palm tree panic,47.33,0.3333,3,1,youtube_suggest,2026-09-12 19:55:46.676748
54,Sun Harvesting Palm Engine,97,8,palm tree misery,47.33,0.3333,3,1,youtube_suggest,2026-09-12 19:55:46.676955
54,Sun Harvesting Palm Engine,97,9,palm tree aspen,47.33,0.3333,3,1,youtube_suggest,2026-09-12 19:55:46.677138
54,Sun Harvesting Palm Engine,97,10,palm tree ambience,47.33,0.3333,3,1,youtube_suggest,2026-09-12 19:55:46.677319
54,Sun Harvesting Palm Engine,97,11,palm tree accident,47.33,0.3333,3,1,youtube_suggest,2026-09-12 19:55:46.677502
54,Sun Harvesting Palm Engine,97,12,palm tree arborist,47.33,0.3333,3,1,youtube_suggest,2026-09-12 19:55:46.677688
54,Sun Harvesting Palm Engine,97,13,palm tree art,47.33,0.3333,3,1,youtube_suggest,2026-09-12 19:55:46.677884
54,Sun Harvesting Palm Engine,97,14,palm tree animation,47.33,0.3333,3,1,youtube_suggest,2026-09-12 19:55:46.678064
54,Sun Harvesting Palm Engine,97,15,palm tree asmr,47.33,0.3333,3,1,youtube_suggest,2026-09-12 19:55:46.678239
54,Sun Harvesting Palm Engine,97,16,palm tree blue,47.33,0.3333,3,1,youtube_suggest,2026-09-12 19:55:46.678411
54,Sun Harvesting Palm Engine,97,17,palm tree bonsai,47.33,0.3333,3,1,youtube_suggest,2026-09-12 19:55:46.678600
54,Sun Harvesting Palm Engine,97,18,palm tree balloon,47.33,0.3333,3,1,youtube_suggest,2026-09-12 19:55:46.678780
54,Sun Harvesting Palm Engine,97,19,palm tree breeze,47.33,0.3333,3,1,youtube_suggest,2026-09-12 19:55:46.678973
54,Sun Harvesting Palm Engine,97,20,palm tree blender,47.33,0.3333,3,1,youtube_suggest,2026-09-12 19:55:46.679150
54,Sun Harvesting Palm Engine,97,21,palm tree beach,47.33,0.3333,3,1,youtube_suggest,2026-09-12 19:55:46.679329
54,Sun Harvesting Palm Engine,97,22,palm tree climbing,47.33,0.3333,3,1,youtube_suggest,2026-09-12 19:55:46.679510
54,Sun Harvesting Palm Engine,97,23,palm tree care,47.33,0.3333,3,1,youtube_suggest,2026-09-12 19:55:46.679689
54,Sun Harvesting Palm Engine,97,24,palm tree cleaning,47.33,0.3333,3,1,youtube_suggest,2026-09-12 19:55:46.679882
54,Sun Harvesting Palm Engine,97,25,palm tree club,47.33,0.3333,3,1,youtube_suggest,2026-09-12 19:55:46.680062
54,Sun Harvesting Palm Engine,97,26,palm tree country,47.33,0.3333,3,1,youtube_suggest,2026-09-12 19:55:46.680239
54,Sun Harvesting Palm Engine,97,27,palm tree crochet,47.33,0.3333,3,1,youtube_suggest,2026-09-12 19:55:46.680416
54,Sun Harvesting Palm Engine,97,28,palm tree drawing,47.33,0.3333,3,1,youtube_suggest,2026-09-12 19:55:46.684044
54,Sun Harvesting Palm Engine,97,29,palm tree days,47.33,0.3333,3,1,youtube_suggest,2026-09-12 19:55:46.684323
54,Sun Harvesting Palm Engine,97,30,palm tree death,47.33,0.3333,3,1,youtube_suggest,2026-09-12 19:55:46.684519
54,Sun Harvesting Palm Engine,97,31,palm tree diy,47.33,0.3333,3,1,youtube_suggest,2026-09-12 19:55:46.684743
54,Sun Harvesting Palm Engine,97,32,palm tree diseases,47.33,0.3333,3,1,youtube_suggest,2026-09-12 19:55:46.684946
54,Sun Harvesting Palm Engine,97,33,palm tree dying,47.33,0.3333,3,1,youtube_suggest,2026-09-12 19:55:46.685134
54,Sun Harvesting Palm Engine,97,34,palm tree escape,47.33,0.3333,3,1,youtube_suggest,2026-09-12 19:55:46.685319
54,Sun Harvesting Palm Engine,97,35,palm tree embroidery,47.33,0.3333,3,1,youtube_suggest,2026-09-12 19:55:46.685500
54,Sun Harvesting Palm Engine,97,36,palm tree exploding,47.33,0.3333,3,1,youtube_suggest,2026-09-12 19:55:46.685682
54,Sun Harvesting Palm Engine,97,37,palm tree edit,47.33,0.3333,3,1,youtube_suggest,2026-09-12 19:55:46.689012
54,Sun Harvesting Palm Engine,97,38,palm tree evolution,47.33,0.3333,3,1,youtube_suggest,2026-09-12 19:55:46.689245
54,Sun Harvesting Palm Engine,97,39,palm tree easy,47.33,0.3333,3,1,youtube_suggest,2026-09-12 19:55:46.689439
54,Sun Harvesting Palm Engine,97,40,palm tree climbing machine,46.0,0.2857,4,1,youtube_suggest,2026-09-12 19:55:46.689629
54,Sun Harvesting Palm Engine,97,41,palm tree cutting machine,46.0,0.2857,4,1,youtube_suggest,2026-09-12 19:55:46.689817
54,Sun Harvesting Palm Engine,97,42,palm tree climber machine,46.0,0.2857,4,1,youtube_suggest,2026-09-12 19:55:46.690017
54,Sun Harvesting Palm Engine,97,43,palm tree climbing equipment,46.0,0.2857,4,1,youtube_suggest,2026-09-12 19:55:46.690203
54,Sun Harvesting Palm Engine,97,44,coconut tree harvesting machine,46.0,0.2857,4,1,youtube_suggest,2026-09-12 19:55:46.690389
54,Sun Harvesting Palm Engine,97,45,palm tree cutting swing,46.0,0.2857,4,1,youtube_suggest,2026-09-12 19:55:46.690572
54,Sun Harvesting Palm Engine,97,46,palm tree trimming dangers,46.0,0.2857,4,1,youtube_suggest,2026-09-12 19:55:46.692953
54,Sun Harvesting Palm Engine,97,47,palm tree root removal,46.0,0.2857,4,1,youtube_suggest,2026-09-12 19:55:46.693193
54,Sun Harvesting Palm Engine,97,48,palm tree skinning machine,46.0,0.2857,4,1,youtube_suggest,2026-09-12 19:55:46.693383
54,Sun Harvesting Palm Engine,97,49,palm tree trimming machine,46.0,0.2857,4,1,youtube_suggest,2026-09-12 19:55:46.693572
54,Sun Harvesting Palm Engine,97,50,palm tree trimmer machine,46.0,0.2857,4,1,youtube_suggest,2026-09-12 19:55:46.693755
54,Sun Harvesting Palm Engine,97,51,palm tree panic funk,46.0,0.2857,4,1,youtube_suggest,2026-09-12 19:55:46.693950
54,Sun Harvesting Palm Engine,97,52,palm tree panic hysteria,46.0,0.2857,4,1,youtube_suggest,2026-09-12 19:55:46.694112
54,Sun Harvesting Palm Engine,97,53,palm tree acrylic painting,46.0,0.2857,4,1,youtube_suggest,2026-09-12 19:55:46.694278
54,Sun Harvesting Palm Engine,97,54,palm tree angry ginge,46.0,0.2857,4,1,youtube_suggest,2026-09-12 19:55:46.694453
54,Sun Harvesting Palm Engine,97,55,palm tree beach club,46.0,0.2857,4,1,youtube_suggest,2026-09-12 19:55:46.694623
54,Sun Harvesting Palm Engine,97,56,palm tree build minecraft,46.0,0.2857,4,1,youtube_suggest,2026-09-12 19:55:46.694790
54,Sun Harvesting Palm Engine,97,57,palm tree christmas lights,46.0,0.2857,4,1,youtube_suggest,2026-09-12 19:55:46.694977
54,Sun Harvesting Palm Engine,97,58,palm tree club miami,46.0,0.2857,4,1,youtube_suggest,2026-09-12 19:55:46.695152
54,Sun Harvesting Palm Engine,97,59,palm tree club orlando,46.0,0.2857,4,1,youtube_suggest,2026-09-12 19:55:46.695326
54,Sun Harvesting Palm Engine,97,60,palm tree drawing easy,46.0,0.2857,4,1,youtube_suggest,2026-09-12 19:55:46.695503
55,Palm Root Earth Mover,98,1,palm tree root removal,61.0,0.5,4,1,youtube_suggest,2026-09-12 19:57:12.295535
55,Palm Root Earth Mover,98,2,palm tree root ball,61.0,0.5,4,1,youtube_suggest,2026-09-12 19:57:12.295828
55,Palm Root Earth Mover,98,3,palm tree root system,61.0,0.5,4,1,youtube_suggest,2026-09-12 19:57:12.296036
55,Palm Root Earth Mover,98,4,palm tree panic x machine girl,47.5,0.25,6,1,youtube_suggest,2026-09-12 19:57:12.296244
55,Palm Root Earth Mover,98,5,palm tree panic,47.33,0.3333,3,1,youtube_suggest,2026-09-12 19:57:12.296439
55,Palm Root Earth Mover,98,6,palm tree misery,47.33,0.3333,3,1,youtube_suggest,2026-09-12 19:57:12.305232
55,Palm Root Earth Mover,98,7,palm tree aspen,47.33,0.3333,3,1,youtube_suggest,2026-09-12 19:57:12.305519
55,Palm Root Earth Mover,98,8,palm tree ambience,47.33,0.3333,3,1,youtube_suggest,2026-09-12 19:57:12.305734
55,Palm Root Earth Mover,98,9,palm tree accident,47.33,0.3333,3,1,youtube_suggest,2026-09-12 19:57:12.305926
55,Palm Root Earth Mover,98,10,palm tree arborist,47.33,0.3333,3,1,youtube_suggest,2026-09-12 19:57:12.306111
55,Palm Root Earth Mover,98,11,palm tree art,47.33,0.3333,3,1,youtube_suggest,2026-09-12 19:57:12.306292
55,Palm Root Earth Mover,98,12,palm tree animation,47.33,0.3333,3,1,youtube_suggest,2026-09-12 19:57:12.306482
55,Palm Root Earth Mover,98,13,palm tree asmr,47.33,0.3333,3,1,youtube_suggest,2026-09-12 19:57:12.306661
55,Palm Root Earth Mover,98,14,palm tree blue,47.33,0.3333,3,1,youtube_suggest,2026-09-12 19:57:12.306859
55,Palm Root Earth Mover,98,15,palm tree bonsai,47.33,0.3333,3,1,youtube_suggest,2026-09-12 19:57:12.307036
55,Palm Root Earth Mover,98,16,palm tree balloon,47.33,0.3333,3,1,youtube_suggest,2026-09-12 19:57:12.307215
55,Palm Root Earth Mover,98,17,palm tree breeze,47.33,0.3333,3,1,youtube_suggest,2026-09-12 19:57:12.307397
55,Palm Root Earth Mover,98,18,palm tree blender,47.33,0.3333,3,1,youtube_suggest,2026-09-12 19:57:12.307572
55,Palm Root Earth Mover,98,19,palm tree beach,47.33,0.3333,3,1,youtube_suggest,2026-09-12 19:57:12.307773
55,Palm Root Earth Mover,98,20,palm tree climbing,47.33,0.3333,3,1,youtube_suggest,2026-09-12 19:57:12.307954
55,Palm Root Earth Mover,98,21,palm tree care,47.33,0.3333,3,1,youtube_suggest,2026-09-12 19:57:12.308134
55,Palm Root Earth Mover,98,22,palm tree cleaning,47.33,0.3333,3,1,youtube_suggest,2026-09-12 19:57:12.308298
55,Palm Root Earth Mover,98,23,palm tree club,47.33,0.3333,3,1,youtube_suggest,2026-09-12 19:57:12.308480
55,Palm Root Earth Mover,98,24,palm tree country,47.33,0.3333,3,1,youtube_suggest,2026-09-12 19:57:12.318406
55,Palm Root Earth Mover,98,25,palm tree crochet,47.33,0.3333,3,1,youtube_suggest,2026-09-12 19:57:12.319530
55,Palm Root Earth Mover,98,26,palm tree drawing,47.33,0.3333,3,1,youtube_suggest,2026-09-12 19:57:12.320329
55,Palm Root Earth Mover,98,27,palm tree days,47.33,0.3333,3,1,youtube_suggest,2026-09-12 19:57:12.322128
55,Palm Root Earth Mover,98,28,palm tree death,47.33,0.3333,3,1,youtube_suggest,2026-09-12 19:57:12.322385
55,Palm Root Earth Mover,98,29,palm tree diy,47.33,0.3333,3,1,youtube_suggest,2026-09-12 19:57:12.322583
55,Palm Root Earth Mover,98,30,palm tree diseases,47.33,0.3333,3,1,youtube_suggest,2026-09-12 19:57:12.322786
55,Palm Root Earth Mover,98,31,palm tree dying,47.33,0.3333,3,1,youtube_suggest,2026-09-12 19:57:12.322979
55,Palm Root Earth Mover,98,32,palm tree escape,47.33,0.3333,3,1,youtube_suggest,2026-09-12 19:57:12.323160
55,Palm Root Earth Mover,98,33,palm tree embroidery,47.33,0.3333,3,1,youtube_suggest,2026-09-12 19:57:12.323341
55,Palm Root Earth Mover,98,34,palm tree exploding,47.33,0.3333,3,1,youtube_suggest,2026-09-12 19:57:12.323522
55,Palm Root Earth Mover,98,35,palm tree edit,47.33,0.3333,3,1,youtube_suggest,2026-09-12 19:57:12.323767
55,Palm Root Earth Mover,98,36,palm tree evolution,47.33,0.3333,3,1,youtube_suggest,2026-09-12 19:57:12.323957
55,Palm Root Earth Mover,98,37,palm tree easy,47.33,0.3333,3,1,youtube_suggest,2026-09-12 19:57:12.324150
55,Palm Root Earth Mover,98,38,palm tree maggot,47.33,0.3333,3,1,youtube_suggest,2026-09-12 19:57:12.324361
55,Palm Root Earth Mover,98,39,palm root rot,47.33,0.3333,3,1,youtube_suggest,2026-09-12 19:57:12.326178
55,Palm Root Earth Mover,98,40,palm tree weevil,47.33,0.3333,3,1,youtube_suggest,2026-09-12 19:57:12.326448
55,Palm Root Earth Mover,98,41,palm tree machine,47.33,0.3333,3,1,youtube_suggest,2026-09-12 19:57:12.326638
55,Palm Root Earth Mover,98,42,palm tree cutter,47.33,0.3333,3,1,youtube_suggest,2026-09-12 19:57:12.326839
55,Palm Root Earth Mover,98,43,palm tree saw,47.33,0.3333,3,1,youtube_suggest,2026-09-12 19:57:12.327027
55,Palm Root Earth Mover,98,44,palm tree panic funk,46.0,0.2857,4,1,youtube_suggest,2026-09-12 19:57:12.327221
55,Palm Root Earth Mover,98,45,palm tree panic hysteria,46.0,0.2857,4,1,youtube_suggest,2026-09-12 19:57:12.327406
55,Palm Root Earth Mover,98,46,palm tree acrylic painting,46.0,0.2857,4,1,youtube_suggest,2026-09-12 19:57:12.327586
55,Palm Root Earth Mover,98,47,palm tree angry ginge,46.0,0.2857,4,1,youtube_suggest,2026-09-12 19:57:12.327782
55,Palm Root Earth Mover,98,48,palm tree beach club,46.0,0.2857,4,1,youtube_suggest,2026-09-12 19:57:12.327962
55,Palm Root Earth Mover,98,49,palm tree build minecraft,46.0,0.2857,4,1,youtube_suggest,2026-09-12 19:57:12.328143
55,Palm Root Earth Mover,98,50,palm tree christmas lights,46.0,0.2857,4,1,youtube_suggest,2026-09-12 19:57:12.328317
55,Palm Root Earth Mover,98,51,palm tree club miami,46.0,0.2857,4,1,youtube_suggest,2026-09-12 19:57:12.328493
55,Palm Root Earth Mover,98,52,palm tree club orlando,46.0,0.2857,4,1,youtube_suggest,2026-09-12 19:57:12.332602
55,Palm Root Earth Mover,98,53,palm tree drawing easy,46.0,0.2857,4,1,youtube_suggest,2026-09-12 19:57:12.332873
55,Palm Root Earth Mover,98,54,palm tree decals bloxburg,46.0,0.2857,4,1,youtube_suggest,2026-09-12 19:57:12.333067
55,Palm Root Earth Mover,98,55,palm tree drawing tutorial,46.0,0.2857,4,1,youtube_suggest,2026-09-12 19:57:12.333465
55,Palm Root Earth Mover,98,56,palm tree decoration ideas,46.0,0.2857,4,1,youtube_suggest,2026-09-12 19:57:12.333671
55,Palm Root Earth Mover,98,57,palm tree elementary school,46.0,0.2857,4,1,youtube_suggest,2026-09-12 19:57:12.333875
55,Palm Root Earth Mover,98,58,palm tree easy drawing,46.0,0.2857,4,1,youtube_suggest,2026-09-12 19:57:12.334056
55,Palm Root Earth Mover,98,59,palm tree escape piano,46.0,0.2857,4,1,youtube_suggest,2026-09-12 19:57:12.334228
55,Palm Root Earth Mover,98,60,digging out palm tree,46.0,0.2857,4,1,youtube_suggest,2026-09-12 19:57:12.337041
56,Chrono-Palm Growth Engine,99,1,palm tree panic x machine girl,47.5,0.25,6,1,youtube_suggest,2026-09-12 19:58:36.670278
56,Chrono-Palm Growth Engine,99,2,palm tree panic,47.33,0.3333,3,1,youtube_suggest,2026-09-12 19:58:36.670624
56,Chrono-Palm Growth Engine,99,3,palm tree misery,47.33,0.3333,3,1,youtube_suggest,2026-09-12 19:58:36.670877
56,Chrono-Palm Growth Engine,99,4,palm tree aspen,47.33,0.3333,3,1,youtube_suggest,2026-09-12 19:58:36.672345
56,Chrono-Palm Growth Engine,99,5,palm tree ambience,47.33,0.3333,3,1,youtube_suggest,2026-09-12 19:58:36.672647
56,Chrono-Palm Growth Engine,99,6,palm tree accident,47.33,0.3333,3,1,youtube_suggest,2026-09-12 19:58:36.672884
56,Chrono-Palm Growth Engine,99,7,palm tree arborist,47.33,0.3333,3,1,youtube_suggest,2026-09-12 19:58:36.673101
56,Chrono-Palm Growth Engine,99,8,palm tree art,47.33,0.3333,3,1,youtube_suggest,2026-09-12 19:58:36.673313
56,Chrono-Palm Growth Engine,99,9,palm tree animation,47.33,0.3333,3,1,youtube_suggest,2026-09-12 19:58:36.673536
56,Chrono-Palm Growth Engine,99,10,palm tree asmr,47.33,0.3333,3,1,youtube_suggest,2026-09-12 19:58:36.673791
56,Chrono-Palm Growth Engine,99,11,palm tree blue,47.33,0.3333,3,1,youtube_suggest,2026-09-12 19:58:36.674010
56,Chrono-Palm Growth Engine,99,12,palm tree bonsai,47.33,0.3333,3,1,youtube_suggest,2026-09-12 19:58:36.674231
56,Chrono-Palm Growth Engine,99,13,palm tree balloon,47.33,0.3333,3,1,youtube_suggest,2026-09-12 19:58:36.674441
56,Chrono-Palm Growth Engine,99,14,palm tree breeze,47.33,0.3333,3,1,youtube_suggest,2026-09-12 19:58:36.674650
56,Chrono-Palm Growth Engine,99,15,palm tree blender,47.33,0.3333,3,1,youtube_suggest,2026-09-12 19:58:36.674854
56,Chrono-Palm Growth Engine,99,16,palm tree beach,47.33,0.3333,3,1,youtube_suggest,2026-09-12 19:58:36.675055
56,Chrono-Palm Growth Engine,99,17,palm tree climbing,47.33,0.3333,3,1,youtube_suggest,2026-09-12 19:58:36.675270
56,Chrono-Palm Growth Engine,99,18,palm tree care,47.33,0.3333,3,1,youtube_suggest,2026-09-12 19:58:36.675469
56,Chrono-Palm Growth Engine,99,19,palm tree cleaning,47.33,0.3333,3,1,youtube_suggest,2026-09-12 19:58:36.675666
56,Chrono-Palm Growth Engine,99,20,palm tree club,47.33,0.3333,3,1,youtube_suggest,2026-09-12 19:58:36.675871
56,Chrono-Palm Growth Engine,99,21,palm tree country,47.33,0.3333,3,1,youtube_suggest,2026-09-12 19:58:36.681001
56,Chrono-Palm Growth Engine,99,22,palm tree crochet,47.33,0.3333,3,1,youtube_suggest,2026-09-12 19:58:36.681219
56,Chrono-Palm Growth Engine,99,23,palm tree drawing,47.33,0.3333,3,1,youtube_suggest,2026-09-12 19:58:36.681454
56,Chrono-Palm Growth Engine,99,24,palm tree days,47.33,0.3333,3,1,youtube_suggest,2026-09-12 19:58:36.681671
56,Chrono-Palm Growth Engine,99,25,palm tree death,47.33,0.3333,3,1,youtube_suggest,2026-09-12 19:58:36.681889
56,Chrono-Palm Growth Engine,99,26,palm tree diy,47.33,0.3333,3,1,youtube_suggest,2026-09-12 19:58:36.682091
56,Chrono-Palm Growth Engine,99,27,palm tree diseases,47.33,0.3333,3,1,youtube_suggest,2026-09-12 19:58:36.683683
56,Chrono-Palm Growth Engine,99,28,palm tree dying,47.33,0.3333,3,1,youtube_suggest,2026-09-12 19:58:36.683940
56,Chrono-Palm Growth Engine,99,29,palm tree escape,47.33,0.3333,3,1,youtube_suggest,2026-09-12 19:58:36.684162
56,Chrono-Palm Growth Engine,99,30,palm tree embroidery,47.33,0.3333,3,1,youtube_suggest,2026-09-12 19:58:36.684385
56,Chrono-Palm Growth Engine,99,31,palm tree exploding,47.33,0.3333,3,1,youtube_suggest,2026-09-12 19:58:36.684625
56,Chrono-Palm Growth Engine,99,32,palm tree edit,47.33,0.3333,3,1,youtube_suggest,2026-09-12 19:58:36.684832
56,Chrono-Palm Growth Engine,99,33,palm tree evolution,47.33,0.3333,3,1,youtube_suggest,2026-09-12 19:58:36.685042
56,Chrono-Palm Growth Engine,99,34,palm tree easy,47.33,0.3333,3,1,youtube_suggest,2026-09-12 19:58:36.685261
56,Chrono-Palm Growth Engine,99,35,palm tree machine,47.33,0.3333,3,1,youtube_suggest,2026-09-12 19:58:36.685466
56,Chrono-Palm Growth Engine,99,36,palm tree cutter,47.33,0.3333,3,1,youtube_suggest,2026-09-12 19:58:36.685666
56,Chrono-Palm Growth Engine,99,37,palm tree saw,47.33,0.3333,3,1,youtube_suggest,2026-09-12 19:58:36.688967
56,Chrono-Palm Growth Engine,99,38,palm tree panic funk,46.0,0.2857,4,1,youtube_suggest,2026-09-12 19:58:36.689369
56,Chrono-Palm Growth Engine,99,39,palm tree panic hysteria,46.0,0.2857,4,1,youtube_suggest,2026-09-12 19:58:36.689623
56,Chrono-Palm Growth Engine,99,40,palm tree acrylic painting,46.0,0.2857,4,1,youtube_suggest,2026-09-12 19:58:36.689848
56,Chrono-Palm Growth Engine,99,41,palm tree angry ginge,46.0,0.2857,4,1,youtube_suggest,2026-09-12 19:58:36.690069
56,Chrono-Palm Growth Engine,99,42,palm tree beach club,46.0,0.2857,4,1,youtube_suggest,2026-09-12 19:58:36.690293
56,Chrono-Palm Growth Engine,99,43,palm tree build minecraft,46.0,0.2857,4,1,youtube_suggest,2026-09-12 19:58:36.690497
56,Chrono-Palm Growth Engine,99,44,palm tree christmas lights,46.0,0.2857,4,1,youtube_suggest,2026-09-12 19:58:36.693552
56,Chrono-Palm Growth Engine,99,45,palm tree club miami,46.0,0.2857,4,1,youtube_suggest,2026-09-12 19:58:36.693838
56,Chrono-Palm Growth Engine,99,46,palm tree club orlando,46.0,0.2857,4,1,youtube_suggest,2026-09-12 19:58:36.694049
56,Chrono-Palm Growth Engine,99,47,palm tree drawing easy,46.0,0.2857,4,1,youtube_suggest,2026-09-12 19:58:36.694279
56,Chrono-Palm Growth Engine,99,48,palm tree decals bloxburg,46.0,0.2857,4,1,youtube_suggest,2026-09-12 19:58:36.694490
56,Chrono-Palm Growth Engine,99,49,palm tree drawing tutorial,46.0,0.2857,4,1,youtube_suggest,2026-09-12 19:58:36.694693
56,Chrono-Palm Growth Engine,99,50,palm tree decoration ideas,46.0,0.2857,4,1,youtube_suggest,2026-09-12 19:58:36.694937
56,Chrono-Palm Growth Engine,99,51,palm tree elementary school,46.0,0.2857,4,1,youtube_suggest,2026-09-12 19:58:36.695146
56,Chrono-Palm Growth Engine,99,52,palm tree easy drawing,46.0,0.2857,4,1,youtube_suggest,2026-09-12 19:58:36.695366
56,Chrono-Palm Growth Engine,99,53,palm tree escape piano,46.0,0.2857,4,1,youtube_suggest,2026-09-12 19:58:36.695583
56,Chrono-Palm Growth Engine,99,54,palm tree climbing machine,46.0,0.2857,4,1,youtube_suggest,2026-09-12 19:58:36.695784
56,Chrono-Palm Growth Engine,99,55,palm tree harvesting machine,46.0,0.2857,4,1,youtube_suggest,2026-09-12 19:58:36.695987
56,Chrono-Palm Growth Engine,99,56,palm tree cutting machine,46.0,0.2857,4,1,youtube_suggest,2026-09-12 19:58:36.696204
56,Chrono-Palm Growth Engine,99,57,palm tree climber machine,46.0,0.2857,4,1,youtube_suggest,2026-09-12 19:58:36.696411
56,Chrono-Palm Growth Engine,99,58,palm tree climbing equipment,46.0,0.2857,4,1,youtube_suggest,2026-09-12 19:58:36.700846
56,Chrono-Palm Growth Engine,99,59,palm tree cutting swing,46.0,0.2857,4,1,youtube_suggest,2026-09-12 19:58:36.701149
56,Chrono-Palm Growth Engine,99,60,palm tree trimming dangers,46.0,0.2857,4,1,youtube_suggest,2026-09-12 19:58:36.701388
57,Palm Wind Orchestra,100,1,palm fabric orchestra,52.0,0.4,3,1,youtube_suggest,2026-09-12 20:00:08.617415
57,Palm Wind Orchestra,100,2,palm court orchestra,52.0,0.4,3,1,youtube_suggest,2026-09-12 20:00:08.619369
57,Palm Wind Orchestra,100,3,palm tree panic,52.0,0.4,3,1,youtube_suggest,2026-09-12 20:00:08.619639
57,Palm Wind Orchestra,100,4,palm tree misery,52.0,0.4,3,1,youtube_suggest,2026-09-12 20:00:08.619859
57,Palm Wind Orchestra,100,5,palm tree aspen,52.0,0.4,3,1,youtube_suggest,2026-09-12 20:00:08.620058
57,Palm Wind Orchestra,100,6,palm tree ambience,52.0,0.4,3,1,youtube_suggest,2026-09-12 20:00:08.620250
57,Palm Wind Orchestra,100,7,palm tree accident,52.0,0.4,3,1,youtube_suggest,2026-09-12 20:00:08.620440
57,Palm Wind Orchestra,100,8,palm tree arborist,52.0,0.4,3,1,youtube_suggest,2026-09-12 20:00:08.623376
57,Palm Wind Orchestra,100,9,palm tree art,52.0,0.4,3,1,youtube_suggest,2026-09-12 20:00:08.623617
57,Palm Wind Orchestra,100,10,palm tree animation,52.0,0.4,3,1,youtube_suggest,2026-09-12 20:00:08.623825
57,Palm Wind Orchestra,100,11,palm tree asmr,52.0,0.4,3,1,youtube_suggest,2026-09-12 20:00:08.624012
57,Palm Wind Orchestra,100,12,palm tree blue,52.0,0.4,3,1,youtube_suggest,2026-09-12 20:00:08.624201
57,Palm Wind Orchestra,100,13,palm tree bonsai,52.0,0.4,3,1,youtube_suggest,2026-09-12 20:00:08.624387
57,Palm Wind Orchestra,100,14,palm tree balloon,52.0,0.4,3,1,youtube_suggest,2026-09-12 20:00:08.626111
57,Palm Wind Orchestra,100,15,palm tree breeze,52.0,0.4,3,1,youtube_suggest,2026-09-12 20:00:08.626399
57,Palm Wind Orchestra,100,16,palm tree blender,52.0,0.4,3,1,youtube_suggest,2026-09-12 20:00:08.626591
57,Palm Wind Orchestra,100,17,palm tree beach,52.0,0.4,3,1,youtube_suggest,2026-09-12 20:00:08.626795
57,Palm Wind Orchestra,100,18,palm tree climbing,52.0,0.4,3,1,youtube_suggest,2026-09-12 20:00:08.627055
57,Palm Wind Orchestra,100,19,palm tree care,52.0,0.4,3,1,youtube_suggest,2026-09-12 20:00:08.636135
57,Palm Wind Orchestra,100,20,palm tree cleaning,52.0,0.4,3,1,youtube_suggest,2026-09-12 20:00:08.636411
57,Palm Wind Orchestra,100,21,palm tree club,52.0,0.4,3,1,youtube_suggest,2026-09-12 20:00:08.637045
57,Palm Wind Orchestra,100,22,palm tree country,52.0,0.4,3,1,youtube_suggest,2026-09-12 20:00:08.637292
57,Palm Wind Orchestra,100,23,palm tree crochet,52.0,0.4,3,1,youtube_suggest,2026-09-12 20:00:08.637493
57,Palm Wind Orchestra,100,24,palm tree drawing,52.0,0.4,3,1,youtube_suggest,2026-09-12 20:00:08.637981
57,Palm Wind Orchestra,100,25,palm tree days,52.0,0.4,3,1,youtube_suggest,2026-09-12 20:00:08.638190
57,Palm Wind Orchestra,100,26,palm tree death,52.0,0.4,3,1,youtube_suggest,2026-09-12 20:00:08.638384
57,Palm Wind Orchestra,100,27,palm tree diy,52.0,0.4,3,1,youtube_suggest,2026-09-12 20:00:08.638572
57,Palm Wind Orchestra,100,28,palm tree diseases,52.0,0.4,3,1,youtube_suggest,2026-09-12 20:00:08.638771
57,Palm Wind Orchestra,100,29,palm tree dying,52.0,0.4,3,1,youtube_suggest,2026-09-12 20:00:08.638964
57,Palm Wind Orchestra,100,30,palm tree escape,52.0,0.4,3,1,youtube_suggest,2026-09-12 20:00:08.639199
57,Palm Wind Orchestra,100,31,palm tree embroidery,52.0,0.4,3,1,youtube_suggest,2026-09-12 20:00:08.639385
57,Palm Wind Orchestra,100,32,palm tree exploding,52.0,0.4,3,1,youtube_suggest,2026-09-12 20:00:08.639567
57,Palm Wind Orchestra,100,33,palm tree edit,52.0,0.4,3,1,youtube_suggest,2026-09-12 20:00:08.639759
57,Palm Wind Orchestra,100,34,palm tree evolution,52.0,0.4,3,1,youtube_suggest,2026-09-12 20:00:08.639945
57,Palm Wind Orchestra,100,35,palm tree easy,52.0,0.4,3,1,youtube_suggest,2026-09-12 20:00:08.640127
57,Palm Wind Orchestra,100,36,palm tree machine,52.0,0.4,3,1,youtube_suggest,2026-09-12 20:00:08.640312
57,Palm Wind Orchestra,100,37,palm tree cutter,52.0,0.4,3,1,youtube_suggest,2026-09-12 20:00:08.640497
57,Palm Wind Orchestra,100,38,palm tree saw,52.0,0.4,3,1,youtube_suggest,2026-09-12 20:00:08.647153
57,Palm Wind Orchestra,100,39,palm tree panic x machine girl,50.0,0.2857,6,1,youtube_suggest,2026-09-12 20:00:08.647395
57,Palm Wind Orchestra,100,40,palm tree antics band,49.33,0.3333,4,1,youtube_suggest,2026-09-12 20:00:08.647591
57,Palm Wind Orchestra,100,41,palm court orchestra music,49.33,0.3333,4,1,youtube_suggest,2026-09-12 20:00:08.647807
57,Palm Wind Orchestra,100,42,palm tree panic funk,49.33,0.3333,4,1,youtube_suggest,2026-09-12 20:00:08.648077
57,Palm Wind Orchestra,100,43,palm tree panic hysteria,49.33,0.3333,4,1,youtube_suggest,2026-09-12 20:00:08.648246
57,Palm Wind Orchestra,100,44,palm tree acrylic painting,49.33,0.3333,4,1,youtube_suggest,2026-09-12 20:00:08.648416
57,Palm Wind Orchestra,100,45,palm tree angry ginge,49.33,0.3333,4,1,youtube_suggest,2026-09-12 20:00:08.649395
57,Palm Wind Orchestra,100,46,palm tree beach club,49.33,0.3333,4,1,youtube_suggest,2026-09-12 20:00:08.649641
57,Palm Wind Orchestra,100,47,palm tree build minecraft,49.33,0.3333,4,1,youtube_suggest,2026-09-12 20:00:08.652193
57,Palm Wind Orchestra,100,48,palm tree christmas lights,49.33,0.3333,4,1,youtube_suggest,2026-09-12 20:00:08.652522
57,Palm Wind Orchestra,100,49,palm tree club miami,49.33,0.3333,4,1,youtube_suggest,2026-09-12 20:00:08.652798
57,Palm Wind Orchestra,100,50,palm tree club orlando,49.33,0.3333,4,1,youtube_suggest,2026-09-12 20:00:08.653019
57,Palm Wind Orchestra,100,51,palm tree drawing easy,49.33,0.3333,4,1,youtube_suggest,2026-09-12 20:00:08.653209
57,Palm Wind Orchestra,100,52,palm tree decals bloxburg,49.33,0.3333,4,1,youtube_suggest,2026-09-12 20:00:08.653397
57,Palm Wind Orchestra,100,53,palm tree drawing tutorial,49.33,0.3333,4,1,youtube_suggest,2026-09-12 20:00:08.653582
57,Palm Wind Orchestra,100,54,palm tree decoration ideas,49.33,0.3333,4,1,youtube_suggest,2026-09-12 20:00:08.653778
57,Palm Wind Orchestra,100,55,palm tree elementary school,49.33,0.3333,4,1,youtube_suggest,2026-09-12 20:00:08.653978
57,Palm Wind Orchestra,100,56,palm tree easy drawing,49.33,0.3333,4,1,youtube_suggest,2026-09-12 20:00:08.655439
57,Palm Wind Orchestra,100,57,palm tree escape piano,49.33,0.3333,4,1,youtube_suggest,2026-09-12 20:00:08.655752
57,Palm Wind Orchestra,100,58,palm tree climbing machine,49.33,0.3333,4,1,youtube_suggest,2026-09-12 20:00:08.655955
57,Palm Wind Orchestra,100,59,palm tree harvesting machine,49.33,0.3333,4,1,youtube_suggest,2026-09-12 20:00:08.656139
57,Palm Wind Orchestra,100,60,palm tree cutting machine,49.33,0.3333,4,1,youtube_suggest,2026-09-12 20:00:08.656325
58,Celestial Coconut Launcher,101,1,coconut tree up machine,49.33,0.3333,4,1,youtube_suggest,2026-09-12 20:01:41.684953
58,Celestial Coconut Launcher,101,2,coconut tree cutting machine video,48.0,0.2857,5,1,youtube_suggest,2026-09-12 20:01:41.685389
58,Celestial Coconut Launcher,101,3,coconut tree climbing machine video,48.0,0.2857,5,1,youtube_suggest,2026-09-12 20:01:41.685708
58,Celestial Coconut Launcher,101,4,palm tree panic x machine girl,47.5,0.25,6,1,youtube_suggest,2026-09-12 20:01:41.685957
58,Celestial Coconut Launcher,101,5,coconut tree climbing machine in kannada,47.5,0.25,6,1,youtube_suggest,2026-09-12 20:01:41.686095
58,Celestial Coconut Launcher,101,6,coconut tree climbing machine in tamil,47.5,0.25,6,1,youtube_suggest,2026-09-12 20:01:41.686239
58,Celestial Coconut Launcher,101,7,palm tree panic,47.33,0.3333,3,1,youtube_suggest,2026-09-12 20:01:41.686389
58,Celestial Coconut Launcher,101,8,palm tree misery,47.33,0.3333,3,1,youtube_suggest,2026-09-12 20:01:41.686521
58,Celestial Coconut Launcher,101,9,palm tree aspen,47.33,0.3333,3,1,youtube_suggest,2026-09-12 20:01:41.686669
58,Celestial Coconut Launcher,101,10,palm tree ambience,47.33,0.3333,3,1,youtube_suggest,2026-09-12 20:01:41.686804
58,Celestial Coconut Launcher,101,11,palm tree accident,47.33,0.3333,3,1,youtube_suggest,2026-09-12 20:01:41.686931
58,Celestial Coconut Launcher,101,12,palm tree arborist,47.33,0.3333,3,1,youtube_suggest,2026-09-12 20:01:41.687086
58,Celestial Coconut Launcher,101,13,palm tree art,47.33,0.3333,3,1,youtube_suggest,2026-09-12 20:01:41.687242
58,Celestial Coconut Launcher,101,14,palm tree animation,47.33,0.3333,3,1,youtube_suggest,2026-09-12 20:01:41.692742
58,Celestial Coconut Launcher,101,15,palm tree asmr,47.33,0.3333,3,1,youtube_suggest,2026-09-12 20:01:41.693034
58,Celestial Coconut Launcher,101,16,palm tree blue,47.33,0.3333,3,1,youtube_suggest,2026-09-12 20:01:41.693182
58,Celestial Coconut Launcher,101,17,palm tree bonsai,47.33,0.3333,3,1,youtube_suggest,2026-09-12 20:01:41.693480
58,Celestial Coconut Launcher,101,18,palm tree balloon,47.33,0.3333,3,1,youtube_suggest,2026-09-12 20:01:41.693724
58,Celestial Coconut Launcher,101,19,palm tree breeze,47.33,0.3333,3,1,youtube_suggest,2026-09-12 20:01:41.693911
58,Celestial Coconut Launcher,101,20,palm tree blender,47.33,0.3333,3,1,youtube_suggest,2026-09-12 20:01:41.694047
58,Celestial Coconut Launcher,101,21,palm tree beach,47.33,0.3333,3,1,youtube_suggest,2026-09-12 20:01:41.694176
58,Celestial Coconut Launcher,101,22,palm tree climbing,47.33,0.3333,3,1,youtube_suggest,2026-09-12 20:01:41.694323
58,Celestial Coconut Launcher,101,23,palm tree care,47.33,0.3333,3,1,youtube_suggest,2026-09-12 20:01:41.694470
58,Celestial Coconut Launcher,101,24,palm tree cleaning,47.33,0.3333,3,1,youtube_suggest,2026-09-12 20:01:41.694635
58,Celestial Coconut Launcher,101,25,palm tree club,47.33,0.3333,3,1,youtube_suggest,2026-09-12 20:01:41.694791
58,Celestial Coconut Launcher,101,26,palm tree country,47.33,0.3333,3,1,youtube_suggest,2026-09-12 20:01:41.694943
58,Celestial Coconut Launcher,101,27,palm tree crochet,47.33,0.3333,3,1,youtube_suggest,2026-09-12 20:01:41.695080
58,Celestial Coconut Launcher,101,28,palm tree drawing,47.33,0.3333,3,1,youtube_suggest,2026-09-12 20:01:41.695224
58,Celestial Coconut Launcher,101,29,palm tree days,47.33,0.3333,3,1,youtube_suggest,2026-09-12 20:01:41.695400
58,Celestial Coconut Launcher,101,30,palm tree death,47.33,0.3333,3,1,youtube_suggest,2026-09-12 20:01:41.695535
58,Celestial Coconut Launcher,101,31,palm tree diy,47.33,0.3333,3,1,youtube_suggest,2026-09-12 20:01:41.695688
58,Celestial Coconut Launcher,101,32,palm tree diseases,47.33,0.3333,3,1,youtube_suggest,2026-09-12 20:01:41.695880
58,Celestial Coconut Launcher,101,33,palm tree dying,47.33,0.3333,3,1,youtube_suggest,2026-09-12 20:01:41.696031
58,Celestial Coconut Launcher,101,34,palm tree escape,47.33,0.3333,3,1,youtube_suggest,2026-09-12 20:01:41.696161
58,Celestial Coconut Launcher,101,35,palm tree embroidery,47.33,0.3333,3,1,youtube_suggest,2026-09-12 20:01:41.696305
58,Celestial Coconut Launcher,101,36,palm tree exploding,47.33,0.3333,3,1,youtube_suggest,2026-09-12 20:01:41.696437
58,Celestial Coconut Launcher,101,37,palm tree edit,47.33,0.3333,3,1,youtube_suggest,2026-09-12 20:01:41.704801
58,Celestial Coconut Launcher,101,38,palm tree evolution,47.33,0.3333,3,1,youtube_suggest,2026-09-12 20:01:41.705112
58,Celestial Coconut Launcher,101,39,palm tree easy,47.33,0.3333,3,1,youtube_suggest,2026-09-12 20:01:41.705273
58,Celestial Coconut Launcher,101,40,palm tree machine,47.33,0.3333,3,1,youtube_suggest,2026-09-12 20:01:41.705413
58,Celestial Coconut Launcher,101,41,coconut tree machine,47.33,0.3333,3,1,youtube_suggest,2026-09-12 20:01:41.705546
58,Celestial Coconut Launcher,101,42,palm tree cutter,47.33,0.3333,3,1,youtube_suggest,2026-09-12 20:01:41.705678
58,Celestial Coconut Launcher,101,43,palm tree saw,47.33,0.3333,3,1,youtube_suggest,2026-09-12 20:01:41.705811
58,Celestial Coconut Launcher,101,44,palm tree panic funk,46.0,0.2857,4,1,youtube_suggest,2026-09-12 20:01:41.705956
58,Celestial Coconut Launcher,101,45,palm tree panic hysteria,46.0,0.2857,4,1,youtube_suggest,2026-09-12 20:01:41.706092
58,Celestial Coconut Launcher,101,46,palm tree acrylic painting,46.0,0.2857,4,1,youtube_suggest,2026-09-12 20:01:41.706222
58,Celestial Coconut Launcher,101,47,palm tree angry ginge,46.0,0.2857,4,1,youtube_suggest,2026-09-12 20:01:41.706366
58,Celestial Coconut Launcher,101,48,palm tree beach club,46.0,0.2857,4,1,youtube_suggest,2026-09-12 20:01:41.706500
58,Celestial Coconut Launcher,101,49,palm tree build minecraft,46.0,0.2857,4,1,youtube_suggest,2026-09-12 20:01:41.706633
58,Celestial Coconut Launcher,101,50,palm tree christmas lights,46.0,0.2857,4,1,youtube_suggest,2026-09-12 20:01:41.706763
58,Celestial Coconut Launcher,101,51,palm tree club miami,46.0,0.2857,4,1,youtube_suggest,2026-09-12 20:01:41.706894
58,Celestial Coconut Launcher,101,52,palm tree club orlando,46.0,0.2857,4,1,youtube_suggest,2026-09-12 20:01:41.707026
58,Celestial Coconut Launcher,101,53,palm tree drawing easy,46.0,0.2857,4,1,youtube_suggest,2026-09-12 20:01:41.707158
58,Celestial Coconut Launcher,101,54,palm tree decals bloxburg,46.0,0.2857,4,1,youtube_suggest,2026-09-12 20:01:41.707302
58,Celestial Coconut Launcher,101,55,palm tree drawing tutorial,46.0,0.2857,4,1,youtube_suggest,2026-09-12 20:01:41.707434
58,Celestial Coconut Launcher,101,56,palm tree decoration ideas,46.0,0.2857,4,1,youtube_suggest,2026-09-12 20:01:41.709582
58,Celestial Coconut Launcher,101,57,palm tree elementary school,46.0,0.2857,4,1,youtube_suggest,2026-09-12 20:01:41.709843
58,Celestial Coconut Launcher,101,58,palm tree easy drawing,46.0,0.2857,4,1,youtube_suggest,2026-09-12 20:01:41.710037
58,Celestial Coconut Launcher,101,59,palm tree escape piano,46.0,0.2857,4,1,youtube_suggest,2026-09-12 20:01:41.710226
58,Celestial Coconut Launcher,101,60,palm tree climbing machine,46.0,0.2857,4,1,youtube_suggest,2026-09-12 20:01:41.710406
59,Palm Cloud Factory,102,1,cloud factory the clouds,54.0,0.4,4,1,youtube_suggest,2026-09-12 20:03:10.071297
59,Palm Cloud Factory,102,2,palm tree panic,52.0,0.4,3,1,youtube_suggest,2026-09-12 20:03:10.071606
59,Palm Cloud Factory,102,3,palm tree misery,52.0,0.4,3,1,youtube_suggest,2026-09-12 20:03:10.071854
59,Palm Cloud Factory,102,4,palm tree aspen,52.0,0.4,3,1,youtube_suggest,2026-09-12 20:03:10.072077
59,Palm Cloud Factory,102,5,palm tree ambience,52.0,0.4,3,1,youtube_suggest,2026-09-12 20:03:10.072293
59,Palm Cloud Factory,102,6,palm tree accident,52.0,0.4,3,1,youtube_suggest,2026-09-12 20:03:10.072508
59,Palm Cloud Factory,102,7,palm tree arborist,52.0,0.4,3,1,youtube_suggest,2026-09-12 20:03:10.076444
59,Palm Cloud Factory,102,8,palm tree art,52.0,0.4,3,1,youtube_suggest,2026-09-12 20:03:10.076761
59,Palm Cloud Factory,102,9,palm tree animation,52.0,0.4,3,1,youtube_suggest,2026-09-12 20:03:10.077006
59,Palm Cloud Factory,102,10,palm tree asmr,52.0,0.4,3,1,youtube_suggest,2026-09-12 20:03:10.077258
59,Palm Cloud Factory,102,11,palm tree blue,52.0,0.4,3,1,youtube_suggest,2026-09-12 20:03:10.077477
59,Palm Cloud Factory,102,12,palm tree bonsai,52.0,0.4,3,1,youtube_suggest,2026-09-12 20:03:10.077689
59,Palm Cloud Factory,102,13,palm tree balloon,52.0,0.4,3,1,youtube_suggest,2026-09-12 20:03:10.077909
59,Palm Cloud Factory,102,14,palm tree breeze,52.0,0.4,3,1,youtube_suggest,2026-09-12 20:03:10.078119
59,Palm Cloud Factory,102,15,palm tree blender,52.0,0.4,3,1,youtube_suggest,2026-09-12 20:03:10.078322
59,Palm Cloud Factory,102,16,palm tree beach,52.0,0.4,3,1,youtube_suggest,2026-09-12 20:03:10.078527
59,Palm Cloud Factory,102,17,palm tree climbing,52.0,0.4,3,1,youtube_suggest,2026-09-12 20:03:10.078754
59,Palm Cloud Factory,102,18,palm tree care,52.0,0.4,3,1,youtube_suggest,2026-09-12 20:03:10.078961
59,Palm Cloud Factory,102,19,palm tree cleaning,52.0,0.4,3,1,youtube_suggest,2026-09-12 20:03:10.079155
59,Palm Cloud Factory,102,20,palm tree club,52.0,0.4,3,1,youtube_suggest,2026-09-12 20:03:10.079331
59,Palm Cloud Factory,102,21,palm tree country,52.0,0.4,3,1,youtube_suggest,2026-09-12 20:03:10.079528
59,Palm Cloud Factory,102,22,palm tree crochet,52.0,0.4,3,1,youtube_suggest,2026-09-12 20:03:10.079748
59,Palm Cloud Factory,102,23,palm tree drawing,52.0,0.4,3,1,youtube_suggest,2026-09-12 20:03:10.079958
59,Palm Cloud Factory,102,24,palm tree days,52.0,0.4,3,1,youtube_suggest,2026-09-12 20:03:10.080164
59,Palm Cloud Factory,102,25,palm tree death,52.0,0.4,3,1,youtube_suggest,2026-09-12 20:03:10.080365
59,Palm Cloud Factory,102,26,palm tree diy,52.0,0.4,3,1,youtube_suggest,2026-09-12 20:03:10.080722
59,Palm Cloud Factory,102,27,palm tree diseases,52.0,0.4,3,1,youtube_suggest,2026-09-12 20:03:10.080962
59,Palm Cloud Factory,102,28,palm tree dying,52.0,0.4,3,1,youtube_suggest,2026-09-12 20:03:10.081121
59,Palm Cloud Factory,102,29,palm tree escape,52.0,0.4,3,1,youtube_suggest,2026-09-12 20:03:10.081308
59,Palm Cloud Factory,102,30,palm tree embroidery,52.0,0.4,3,1,youtube_suggest,2026-09-12 20:03:10.081563
59,Palm Cloud Factory,102,31,palm tree exploding,52.0,0.4,3,1,youtube_suggest,2026-09-12 20:03:10.081828
59,Palm Cloud Factory,102,32,palm tree edit,52.0,0.4,3,1,youtube_suggest,2026-09-12 20:03:10.082019
59,Palm Cloud Factory,102,33,palm tree evolution,52.0,0.4,3,1,youtube_suggest,2026-09-12 20:03:10.082181
59,Palm Cloud Factory,102,34,palm tree easy,52.0,0.4,3,1,youtube_suggest,2026-09-12 20:03:10.082346
59,Palm Cloud Factory,102,35,palm tree machine,52.0,0.4,3,1,youtube_suggest,2026-09-12 20:03:10.082494
59,Palm Cloud Factory,102,36,palm tree cutter,52.0,0.4,3,1,youtube_suggest,2026-09-12 20:03:10.088748
59,Palm Cloud Factory,102,37,palm tree saw,52.0,0.4,3,1,youtube_suggest,2026-09-12 20:03:10.089321
59,Palm Cloud Factory,102,38,palm brinks dark cloud 2,51.33,0.3333,5,1,youtube_suggest,2026-09-12 20:03:10.089674
59,Palm Cloud Factory,102,39,palm tree panic x machine girl,50.0,0.2857,6,1,youtube_suggest,2026-09-12 20:03:10.089990
59,Palm Cloud Factory,102,40,palm tree panic funk,49.33,0.3333,4,1,youtube_suggest,2026-09-12 20:03:10.090343
59,Palm Cloud Factory,102,41,palm tree panic hysteria,49.33,0.3333,4,1,youtube_suggest,2026-09-12 20:03:10.090627
59,Palm Cloud Factory,102,42,palm tree acrylic painting,49.33,0.3333,4,1,youtube_suggest,2026-09-12 20:03:10.090948
59,Palm Cloud Factory,102,43,palm tree angry ginge,49.33,0.3333,4,1,youtube_suggest,2026-09-12 20:03:10.091168
59,Palm Cloud Factory,102,44,palm tree beach club,49.33,0.3333,4,1,youtube_suggest,2026-09-12 20:03:10.091360
59,Palm Cloud Factory,102,45,palm tree build minecraft,49.33,0.3333,4,1,youtube_suggest,2026-09-12 20:03:10.091553
59,Palm Cloud Factory,102,46,palm tree christmas lights,49.33,0.3333,4,1,youtube_suggest,2026-09-12 20:03:10.091756
59,Palm Cloud Factory,102,47,palm tree club miami,49.33,0.3333,4,1,youtube_suggest,2026-09-12 20:03:10.091936
59,Palm Cloud Factory,102,48,palm tree club orlando,49.33,0.3333,4,1,youtube_suggest,2026-09-12 20:03:10.092097
59,Palm Cloud Factory,102,49,palm tree drawing easy,49.33,0.3333,4,1,youtube_suggest,2026-09-12 20:03:10.092332
59,Palm Cloud Factory,102,50,palm tree decals bloxburg,49.33,0.3333,4,1,youtube_suggest,2026-09-12 20:03:10.099242
59,Palm Cloud Factory,102,51,palm tree drawing tutorial,49.33,0.3333,4,1,youtube_suggest,2026-09-12 20:03:10.099723
59,Palm Cloud Factory,102,52,palm tree decoration ideas,49.33,0.3333,4,1,youtube_suggest,2026-09-12 20:03:10.100133
59,Palm Cloud Factory,102,53,palm tree elementary school,49.33,0.3333,4,1,youtube_suggest,2026-09-12 20:03:10.100439
59,Palm Cloud Factory,102,54,palm tree easy drawing,49.33,0.3333,4,1,youtube_suggest,2026-09-12 20:03:10.105094
59,Palm Cloud Factory,102,55,palm tree escape piano,49.33,0.3333,4,1,youtube_suggest,2026-09-12 20:03:10.105322
59,Palm Cloud Factory,102,56,palm tree climbing machine,49.33,0.3333,4,1,youtube_suggest,2026-09-12 20:03:10.105464
59,Palm Cloud Factory,102,57,palm tree harvesting machine,49.33,0.3333,4,1,youtube_suggest,2026-09-12 20:03:10.105594
59,Palm Cloud Factory,102,58,palm tree cutting machine,49.33,0.3333,4,1,youtube_suggest,2026-09-12 20:03:10.105749
59,Palm Cloud Factory,102,59,palm tree climber machine,49.33,0.3333,4,1,youtube_suggest,2026-09-12 20:03:10.105905
59,Palm Cloud Factory,102,60,palm tree climbing equipment,49.33,0.3333,4,1,youtube_suggest,2026-09-12 20:03:10.106042
60,Frond Solar Sail Array,55,1,palm tree panic x machine girl,45.56,0.2222,6,1,youtube_suggest,2026-09-12 18:53:53.090626
60,Frond Solar Sail Array,55,2,palm tree panic,44.0,0.2857,3,1,youtube_suggest,2026-09-12 18:53:53.091423
60,Frond Solar Sail Array,55,3,palm tree misery,44.0,0.2857,3,1,youtube_suggest,2026-09-12 18:53:53.091807
60,Frond Solar Sail Array,55,4,palm tree aspen,44.0,0.2857,3,1,youtube_suggest,2026-09-12 18:53:53.092126
60,Frond Solar Sail Array,55,5,palm tree ambience,44.0,0.2857,3,1,youtube_suggest,2026-09-12 18:53:53.092412
60,Frond Solar Sail Array,55,6,palm tree accident,44.0,0.2857,3,1,youtube_suggest,2026-09-12 18:53:53.092822
60,Frond Solar Sail Array,55,7,palm tree arborist,44.0,0.2857,3,1,youtube_suggest,2026-09-12 18:53:53.093009
60,Frond Solar Sail Array,55,8,palm tree art,44.0,0.2857,3,1,youtube_suggest,2026-09-12 18:53:53.093162
60,Frond Solar Sail Array,55,9,palm tree animation,44.0,0.2857,3,1,youtube_suggest,2026-09-12 18:53:53.093314
60,Frond Solar Sail Array,55,10,palm tree asmr,44.0,0.2857,3,1,youtube_suggest,2026-09-12 18:53:53.093465
60,Frond Solar Sail Array,55,11,palm tree beach club las vegas,44.0,0.2,6,1,youtube_suggest,2026-09-12 18:53:53.093615
60,Frond Solar Sail Array,55,12,palm tree blue,44.0,0.2857,3,1,youtube_suggest,2026-09-12 18:53:53.093829
60,Frond Solar Sail Array,55,13,palm tree bonsai,44.0,0.2857,3,1,youtube_suggest,2026-09-12 18:53:53.093993
60,Frond Solar Sail Array,55,14,palm tree balloon,44.0,0.2857,3,1,youtube_suggest,2026-09-12 18:53:53.094143
60,Frond Solar Sail Array,55,15,palm tree breeze,44.0,0.2857,3,1,youtube_suggest,2026-09-12 18:53:53.094294
60,Frond Solar Sail Array,55,16,palm tree blender,44.0,0.2857,3,1,youtube_suggest,2026-09-12 18:53:53.094451
60,Frond Solar Sail Array,55,17,palm tree beach,44.0,0.2857,3,1,youtube_suggest,2026-09-12 18:53:53.094603
60,Frond Solar Sail Array,55,18,palm tree climbing,44.0,0.2857,3,1,youtube_suggest,2026-09-12 18:53:53.094768
60,Frond Solar Sail Array,55,19,palm tree care,44.0,0.2857,3,1,youtube_suggest,2026-09-12 18:53:53.094927
60,Frond Solar Sail Array,55,20,palm tree cleaning,44.0,0.2857,3,1,youtube_suggest,2026-09-12 18:53:53.095072
60,Frond Solar Sail Array,55,21,palm tree club,44.0,0.2857,3,1,youtube_suggest,2026-09-12 18:53:53.095247
60,Frond Solar Sail Array,55,22,palm tree country,44.0,0.2857,3,1,youtube_suggest,2026-09-12 18:53:53.095415
60,Frond Solar Sail Array,55,23,palm tree crochet,44.0,0.2857,3,1,youtube_suggest,2026-09-12 18:53:53.095568
60,Frond Solar Sail Array,55,24,palm tree drawing,44.0,0.2857,3,1,youtube_suggest,2026-09-12 18:53:53.095709
60,Frond Solar Sail Array,55,25,palm tree days,44.0,0.2857,3,1,youtube_suggest,2026-09-12 18:53:53.099221
60,Frond Solar Sail Array,55,26,palm tree death,44.0,0.2857,3,1,youtube_suggest,2026-09-12 18:53:53.099559
60,Frond Solar Sail Array,55,27,palm tree diy,44.0,0.2857,3,1,youtube_suggest,2026-09-12 18:53:53.099749
60,Frond Solar Sail Array,55,28,palm tree diseases,44.0,0.2857,3,1,youtube_suggest,2026-09-12 18:53:53.099924
60,Frond Solar Sail Array,55,29,palm tree dying,44.0,0.2857,3,1,youtube_suggest,2026-09-12 18:53:53.100100
60,Frond Solar Sail Array,55,30,palm tree escape,44.0,0.2857,3,1,youtube_suggest,2026-09-12 18:53:53.100457
60,Frond Solar Sail Array,55,31,palm tree escape pirates of the caribbean scene,44.0,0.2,8,1,youtube_suggest,2026-09-12 18:53:53.100729
60,Frond Solar Sail Array,55,32,palm tree embroidery,44.0,0.2857,3,1,youtube_suggest,2026-09-12 18:53:53.101013
60,Frond Solar Sail Array,55,33,palm tree exploding,44.0,0.2857,3,1,youtube_suggest,2026-09-12 18:53:53.101193
60,Frond Solar Sail Array,55,34,palm tree edit,44.0,0.2857,3,1,youtube_suggest,2026-09-12 18:53:53.101361
60,Frond Solar Sail Array,55,35,palm tree evolution,44.0,0.2857,3,1,youtube_suggest,2026-09-12 18:53:53.101623
60,Frond Solar Sail Array,55,36,palm tree easy,44.0,0.2857,3,1,youtube_suggest,2026-09-12 18:53:53.101988
60,Frond Solar Sail Array,55,37,palm tree machine,44.0,0.2857,3,1,youtube_suggest,2026-09-12 18:53:53.102209
60,Frond Solar Sail Array,55,38,palm tree panic machine girl slowed,44.0,0.2,6,1,youtube_suggest,2026-09-12 18:53:53.102362
60,Frond Solar Sail Array,55,39,palm tree panic machine girl remix,44.0,0.2,6,1,youtube_suggest,2026-09-12 18:53:53.102544
60,Frond Solar Sail Array,55,40,palm tree panic machine girl 1 hour,44.0,0.2,7,1,youtube_suggest,2026-09-12 18:53:53.102812
60,Frond Solar Sail Array,55,41,palm tree cutter,44.0,0.2857,3,1,youtube_suggest,2026-09-12 18:53:53.103101
60,Frond Solar Sail Array,55,42,palm tree panic x machine girl slowed,44.0,0.2,7,1,youtube_suggest,2026-09-12 18:53:53.103305
60,Frond Solar Sail Array,55,43,palm tree panic x machine girl 1 hour,44.0,0.2,8,1,youtube_suggest,2026-09-12 18:53:53.103456
60,Frond Solar Sail Array,55,44,palm tree saw,44.0,0.2857,3,1,youtube_suggest,2026-09-12 18:53:53.103647
60,Frond Solar Sail Array,55,45,palm tree acrylic painting tutorial,43.56,0.2222,5,1,youtube_suggest,2026-09-12 18:53:53.103812
60,Frond Solar Sail Array,55,46,palm tree breeze sneaker sun,43.56,0.2222,5,1,youtube_suggest,2026-09-12 18:53:53.103961
60,Frond Solar Sail Array,55,47,palm tree club miami hotel,43.56,0.2222,5,1,youtube_suggest,2026-09-12 18:53:53.104117
60,Frond Solar Sail Array,55,48,palm tree panic machine girl,43.56,0.2222,5,1,youtube_suggest,2026-09-12 18:53:53.104264
60,Frond Solar Sail Array,55,49,palm oil tree cutting machine,43.56,0.2222,5,1,youtube_suggest,2026-09-12 18:53:53.104405
60,Frond Solar Sail Array,55,50,palm tree panic funk,43.5,0.25,4,1,youtube_suggest,2026-09-12 18:53:53.105169
60,Frond Solar Sail Array,55,51,palm tree panic hysteria,43.5,0.25,4,1,youtube_suggest,2026-09-12 18:53:53.105385
60,Frond Solar Sail Array,55,52,palm tree acrylic painting,43.5,0.25,4,1,youtube_suggest,2026-09-12 18:53:53.105556
60,Frond Solar Sail Array,55,53,palm tree angry ginge,43.5,0.25,4,1,youtube_suggest,2026-09-12 18:53:53.105711
60,Frond Solar Sail Array,55,54,palm tree beach club,43.5,0.25,4,1,youtube_suggest,2026-09-12 18:53:53.105889
60,Frond Solar Sail Array,55,55,palm tree build minecraft,43.5,0.25,4,1,youtube_suggest,2026-09-12 18:53:53.106046
60,Frond Solar Sail Array,55,56,palm tree christmas lights,43.5,0.25,4,1,youtube_suggest,2026-09-12 18:53:53.106194
60,Frond Solar Sail Array,55,57,palm tree club miami,43.5,0.25,4,1,youtube_suggest,2026-09-12 18:53:53.106375
60,Frond Solar Sail Array,55,58,palm tree club orlando,43.5,0.25,4,1,youtube_suggest,2026-09-12 18:53:53.106531
60,Frond Solar Sail Array,55,59,palm tree drawing easy,43.5,0.25,4,1,youtube_suggest,2026-09-12 18:53:53.106678
60,Frond Solar Sail Array,55,60,palm tree decals bloxburg,43.5,0.25,4,1,youtube_suggest,2026-09-12 18:53:53.106839
61,Palm Tree Climate Reactor,103,1,palm tree in a storm,56.0,0.4,5,1,youtube_suggest,2026-09-12 20:07:14.849718
61,Palm Tree Climate Reactor,103,2,palm tree vs coconut tree,56.0,0.4,5,1,youtube_suggest,2026-09-12 20:07:14.849934
61,Palm Tree Climate Reactor,103,3,palm tree in wind,54.0,0.4,4,1,youtube_suggest,2026-09-12 20:07:14.850137
61,Palm Tree Climate Reactor,103,4,palm tree in california,54.0,0.4,4,1,youtube_suggest,2026-09-12 20:07:14.850366
61,Palm Tree Climate Reactor,103,5,palm tree panic,52.0,0.4,3,1,youtube_suggest,2026-09-12 20:07:14.850560
61,Palm Tree Climate Reactor,103,6,palm tree misery,52.0,0.4,3,1,youtube_suggest,2026-09-12 20:07:14.851628
61,Palm Tree Climate Reactor,103,7,palm tree aspen,52.0,0.4,3,1,youtube_suggest,2026-09-12 20:07:14.851833
61,Palm Tree Climate Reactor,103,8,palm tree ambience,52.0,0.4,3,1,youtube_suggest,2026-09-12 20:07:14.852014
61,Palm Tree Climate Reactor,103,9,palm tree accident,52.0,0.4,3,1,youtube_suggest,2026-09-12 20:07:14.852154
61,Palm Tree Climate Reactor,103,10,palm tree arborist,52.0,0.4,3,1,youtube_suggest,2026-09-12 20:07:14.852284
61,Palm Tree Climate Reactor,103,11,palm tree art,52.0,0.4,3,1,youtube_suggest,2026-09-12 20:07:14.853540
61,Palm Tree Climate Reactor,103,12,palm tree animation,52.0,0.4,3,1,youtube_suggest,2026-09-12 20:07:14.853747
61,Palm Tree Climate Reactor,103,13,palm tree asmr,52.0,0.4,3,1,youtube_suggest,2026-09-12 20:07:14.853923
61,Palm Tree Climate Reactor,103,14,palm tree blue,52.0,0.4,3,1,youtube_suggest,2026-09-12 20:07:14.854111
61,Palm Tree Climate Reactor,103,15,palm tree bonsai,52.0,0.4,3,1,youtube_suggest,2026-09-12 20:07:14.854294
61,Palm Tree Climate Reactor,103,16,palm tree balloon,52.0,0.4,3,1,youtube_suggest,2026-09-12 20:07:14.854668
61,Palm Tree Climate Reactor,103,17,palm tree breeze,52.0,0.4,3,1,youtube_suggest,2026-09-12 20:07:14.854853
61,Palm Tree Climate Reactor,103,18,palm tree blender,52.0,0.4,3,1,youtube_suggest,2026-09-12 20:07:14.855048
61,Palm Tree Climate Reactor,103,19,palm tree beach,52.0,0.4,3,1,youtube_suggest,2026-09-12 20:07:14.860942
61,Palm Tree Climate Reactor,103,20,palm tree climbing,52.0,0.4,3,1,youtube_suggest,2026-09-12 20:07:14.861321
61,Palm Tree Climate Reactor,103,21,palm tree care,52.0,0.4,3,1,youtube_suggest,2026-09-12 20:07:14.861544
61,Palm Tree Climate Reactor,103,22,palm tree cleaning,52.0,0.4,3,1,youtube_suggest,2026-09-12 20:07:14.861737
61,Palm Tree Climate Reactor,103,23,palm tree club,52.0,0.4,3,1,youtube_suggest,2026-09-12 20:07:14.861997
61,Palm Tree Climate Reactor,103,24,palm tree country,52.0,0.4,3,1,youtube_suggest,2026-09-12 20:07:14.862150
61,Palm Tree Climate Reactor,103,25,palm tree crochet,52.0,0.4,3,1,youtube_suggest,2026-09-12 20:07:14.862287
61,Palm Tree Climate Reactor,103,26,palm tree drawing,52.0,0.4,3,1,youtube_suggest,2026-09-12 20:07:14.862433
61,Palm Tree Climate Reactor,103,27,palm tree days,52.0,0.4,3,1,youtube_suggest,2026-09-12 20:07:14.862561
61,Palm Tree Climate Reactor,103,28,palm tree death,52.0,0.4,3,1,youtube_suggest,2026-09-12 20:07:14.862688
61,Palm Tree Climate Reactor,103,29,palm tree diy,52.0,0.4,3,1,youtube_suggest,2026-09-12 20:07:14.864867
61,Palm Tree Climate Reactor,103,30,palm tree diseases,52.0,0.4,3,1,youtube_suggest,2026-09-12 20:07:14.865039
61,Palm Tree Climate Reactor,103,31,palm tree dying,52.0,0.4,3,1,youtube_suggest,2026-09-12 20:07:14.865240
61,Palm Tree Climate Reactor,103,32,palm tree escape,52.0,0.4,3,1,youtube_suggest,2026-09-12 20:07:14.865447
61,Palm Tree Climate Reactor,103,33,palm tree embroidery,52.0,0.4,3,1,youtube_suggest,2026-09-12 20:07:14.865634
61,Palm Tree Climate Reactor,103,34,palm tree exploding,52.0,0.4,3,1,youtube_suggest,2026-09-12 20:07:14.865815
61,Palm Tree Climate Reactor,103,35,palm tree edit,52.0,0.4,3,1,youtube_suggest,2026-09-12 20:07:14.865981
61,Palm Tree Climate Reactor,103,36,palm tree evolution,52.0,0.4,3,1,youtube_suggest,2026-09-12 20:07:14.866116
61,Palm Tree Climate Reactor,103,37,palm tree easy,52.0,0.4,3,1,youtube_suggest,2026-09-12 20:07:14.866251
61,Palm Tree Climate Reactor,103,38,palm tree hysteria,52.0,0.4,3,1,youtube_suggest,2026-09-12 20:07:14.866397
61,Palm Tree Climate Reactor,103,39,palm tree district,52.0,0.4,3,1,youtube_suggest,2026-09-12 20:07:14.866525
61,Palm Tree Climate Reactor,103,40,palm tree history,52.0,0.4,3,1,youtube_suggest,2026-09-12 20:07:14.866653
61,Palm Tree Climate Reactor,103,41,palm tree falls,52.0,0.4,3,1,youtube_suggest,2026-09-12 20:07:14.866792
61,Palm Tree Climate Reactor,103,42,palm tree tamilnadu,52.0,0.4,3,1,youtube_suggest,2026-09-12 20:07:14.866933
61,Palm Tree Climate Reactor,103,43,palm tree machine,52.0,0.4,3,1,youtube_suggest,2026-09-12 20:07:14.867066
61,Palm Tree Climate Reactor,103,44,palm tree cutter,52.0,0.4,3,1,youtube_suggest,2026-09-12 20:07:14.867205
61,Palm Tree Climate Reactor,103,45,palm tree saw,52.0,0.4,3,1,youtube_suggest,2026-09-12 20:07:14.867339
61,Palm Tree Climate Reactor,103,46,palm tree is drying out,51.33,0.3333,5,1,youtube_suggest,2026-09-12 20:07:14.867464
61,Palm Tree Climate Reactor,103,47,palm tree care and maintenance,51.33,0.3333,5,1,youtube_suggest,2026-09-12 20:07:14.867599
61,Palm Tree Climate Reactor,103,48,palm tree panic x machine girl,50.0,0.2857,6,1,youtube_suggest,2026-09-12 20:07:14.867775
61,Palm Tree Climate Reactor,103,49,palm tree panic funk,49.33,0.3333,4,1,youtube_suggest,2026-09-12 20:07:14.867953
61,Palm Tree Climate Reactor,103,50,palm tree panic hysteria,49.33,0.3333,4,1,youtube_suggest,2026-09-12 20:07:14.868129
61,Palm Tree Climate Reactor,103,51,palm tree acrylic painting,49.33,0.3333,4,1,youtube_suggest,2026-09-12 20:07:14.868317
61,Palm Tree Climate Reactor,103,52,palm tree angry ginge,49.33,0.3333,4,1,youtube_suggest,2026-09-12 20:07:14.868503
61,Palm Tree Climate Reactor,103,53,palm tree beach club,49.33,0.3333,4,1,youtube_suggest,2026-09-12 20:07:14.872875
61,Palm Tree Climate Reactor,103,54,palm tree build minecraft,49.33,0.3333,4,1,youtube_suggest,2026-09-12 20:07:14.873048
61,Palm Tree Climate Reactor,103,55,palm tree christmas lights,49.33,0.3333,4,1,youtube_suggest,2026-09-12 20:07:14.873184
61,Palm Tree Climate Reactor,103,56,palm tree club miami,49.33,0.3333,4,1,youtube_suggest,2026-09-12 20:07:14.873331
61,Palm Tree Climate Reactor,103,57,palm tree club orlando,49.33,0.3333,4,1,youtube_suggest,2026-09-12 20:07:14.873559
61,Palm Tree Climate Reactor,103,58,palm tree drawing easy,49.33,0.3333,4,1,youtube_suggest,2026-09-12 20:07:14.873707
61,Palm Tree Climate Reactor,103,59,palm tree decals bloxburg,49.33,0.3333,4,1,youtube_suggest,2026-09-12 20:07:14.873839
61,Palm Tree Climate Reactor,103,60,palm tree drawing tutorial,49.33,0.3333,4,1,youtube_suggest,2026-09-12 20:07:14.873968
62,Infinite Palm Forest Seeder,104,1,palm tree panic x machine girl,47.5,0.25,6,1,youtube_suggest,2026-09-12 20:10:20.172177
62,Infinite Palm Forest Seeder,104,2,palm tree panic,47.33,0.3333,3,1,youtube_suggest,2026-09-12 20:10:20.172504
62,Infinite Palm Forest Seeder,104,3,palm tree misery,47.33,0.3333,3,1,youtube_suggest,2026-09-12 20:10:20.176423
62,Infinite Palm Forest Seeder,104,4,palm tree aspen,47.33,0.3333,3,1,youtube_suggest,2026-09-12 20:10:20.176725
62,Infinite Palm Forest Seeder,104,5,palm tree ambience,47.33,0.3333,3,1,youtube_suggest,2026-09-12 20:10:20.176961
62,Infinite Palm Forest Seeder,104,6,palm tree accident,47.33,0.3333,3,1,youtube_suggest,2026-09-12 20:10:20.177169
62,Infinite Palm Forest Seeder,104,7,palm tree arborist,47.33,0.3333,3,1,youtube_suggest,2026-09-12 20:10:20.177336
62,Infinite Palm Forest Seeder,104,8,palm tree art,47.33,0.3333,3,1,youtube_suggest,2026-09-12 20:10:20.177530
62,Infinite Palm Forest Seeder,104,9,palm tree animation,47.33,0.3333,3,1,youtube_suggest,2026-09-12 20:10:20.177748
62,Infinite Palm Forest Seeder,104,10,palm tree asmr,47.33,0.3333,3,1,youtube_suggest,2026-09-12 20:10:20.177953
62,Infinite Palm Forest Seeder,104,11,palm tree blue,47.33,0.3333,3,1,youtube_suggest,2026-09-12 20:10:20.178159
62,Infinite Palm Forest Seeder,104,12,palm tree bonsai,47.33,0.3333,3,1,youtube_suggest,2026-09-12 20:10:20.178364
62,Infinite Palm Forest Seeder,104,13,palm tree balloon,47.33,0.3333,3,1,youtube_suggest,2026-09-12 20:10:20.178695
62,Infinite Palm Forest Seeder,104,14,palm tree breeze,47.33,0.3333,3,1,youtube_suggest,2026-09-12 20:10:20.178898
62,Infinite Palm Forest Seeder,104,15,palm tree blender,47.33,0.3333,3,1,youtube_suggest,2026-09-12 20:10:20.179106
62,Infinite Palm Forest Seeder,104,16,palm tree beach,47.33,0.3333,3,1,youtube_suggest,2026-09-12 20:10:20.179318
62,Infinite Palm Forest Seeder,104,17,palm tree climbing,47.33,0.3333,3,1,youtube_suggest,2026-09-12 20:10:20.179534
62,Infinite Palm Forest Seeder,104,18,palm tree care,47.33,0.3333,3,1,youtube_suggest,2026-09-12 20:10:20.179742
62,Infinite Palm Forest Seeder,104,19,palm tree cleaning,47.33,0.3333,3,1,youtube_suggest,2026-09-12 20:10:20.179941
62,Infinite Palm Forest Seeder,104,20,palm tree club,47.33,0.3333,3,1,youtube_suggest,2026-09-12 20:10:20.180143
62,Infinite Palm Forest Seeder,104,21,palm tree country,47.33,0.3333,3,1,youtube_suggest,2026-09-12 20:10:20.180341
62,Infinite Palm Forest Seeder,104,22,palm tree crochet,47.33,0.3333,3,1,youtube_suggest,2026-09-12 20:10:20.192746
62,Infinite Palm Forest Seeder,104,23,palm tree drawing,47.33,0.3333,3,1,youtube_suggest,2026-09-12 20:10:20.193190
62,Infinite Palm Forest Seeder,104,24,palm tree days,47.33,0.3333,3,1,youtube_suggest,2026-09-12 20:10:20.193439
62,Infinite Palm Forest Seeder,104,25,palm tree death,47.33,0.3333,3,1,youtube_suggest,2026-09-12 20:10:20.193658
62,Infinite Palm Forest Seeder,104,26,palm tree diy,47.33,0.3333,3,1,youtube_suggest,2026-09-12 20:10:20.193882
62,Infinite Palm Forest Seeder,104,27,palm tree diseases,47.33,0.3333,3,1,youtube_suggest,2026-09-12 20:10:20.194095
62,Infinite Palm Forest Seeder,104,28,palm tree dying,47.33,0.3333,3,1,youtube_suggest,2026-09-12 20:10:20.194304
62,Infinite Palm Forest Seeder,104,29,palm tree escape,47.33,0.3333,3,1,youtube_suggest,2026-09-12 20:10:20.194527
62,Infinite Palm Forest Seeder,104,30,palm tree embroidery,47.33,0.3333,3,1,youtube_suggest,2026-09-12 20:10:20.194738
62,Infinite Palm Forest Seeder,104,31,palm tree exploding,47.33,0.3333,3,1,youtube_suggest,2026-09-12 20:10:20.194948
62,Infinite Palm Forest Seeder,104,32,palm tree edit,47.33,0.3333,3,1,youtube_suggest,2026-09-12 20:10:20.195151
62,Infinite Palm Forest Seeder,104,33,palm tree evolution,47.33,0.3333,3,1,youtube_suggest,2026-09-12 20:10:20.195350
62,Infinite Palm Forest Seeder,104,34,palm tree easy,47.33,0.3333,3,1,youtube_suggest,2026-09-12 20:10:20.195564
62,Infinite Palm Forest Seeder,104,35,palm tree machine,47.33,0.3333,3,1,youtube_suggest,2026-09-12 20:10:20.195768
62,Infinite Palm Forest Seeder,104,36,palm tree cutter,47.33,0.3333,3,1,youtube_suggest,2026-09-12 20:10:20.195967
62,Infinite Palm Forest Seeder,104,37,palm tree saw,47.33,0.3333,3,1,youtube_suggest,2026-09-12 20:10:20.196167
62,Infinite Palm Forest Seeder,104,38,palm tree seed pods,46.0,0.2857,4,1,youtube_suggest,2026-09-12 20:10:20.196385
62,Infinite Palm Forest Seeder,104,39,palm tree panic funk,46.0,0.2857,4,1,youtube_suggest,2026-09-12 20:10:20.204833
62,Infinite Palm Forest Seeder,104,40,palm tree panic hysteria,46.0,0.2857,4,1,youtube_suggest,2026-09-12 20:10:20.205178
62,Infinite Palm Forest Seeder,104,41,palm tree acrylic painting,46.0,0.2857,4,1,youtube_suggest,2026-09-12 20:10:20.205425
62,Infinite Palm Forest Seeder,104,42,palm tree angry ginge,46.0,0.2857,4,1,youtube_suggest,2026-09-12 20:10:20.205637
62,Infinite Palm Forest Seeder,104,43,palm tree beach club,46.0,0.2857,4,1,youtube_suggest,2026-09-12 20:10:20.205884
62,Infinite Palm Forest Seeder,104,44,palm tree build minecraft,46.0,0.2857,4,1,youtube_suggest,2026-09-12 20:10:20.206093
62,Infinite Palm Forest Seeder,104,45,palm tree christmas lights,46.0,0.2857,4,1,youtube_suggest,2026-09-12 20:10:20.206287
62,Infinite Palm Forest Seeder,104,46,palm tree club miami,46.0,0.2857,4,1,youtube_suggest,2026-09-12 20:10:20.206509
62,Infinite Palm Forest Seeder,104,47,palm tree club orlando,46.0,0.2857,4,1,youtube_suggest,2026-09-12 20:10:20.206715
62,Infinite Palm Forest Seeder,104,48,palm tree drawing easy,46.0,0.2857,4,1,youtube_suggest,2026-09-12 20:10:20.206927
62,Infinite Palm Forest Seeder,104,49,palm tree decals bloxburg,46.0,0.2857,4,1,youtube_suggest,2026-09-12 20:10:20.207137
62,Infinite Palm Forest Seeder,104,50,palm tree drawing tutorial,46.0,0.2857,4,1,youtube_suggest,2026-09-12 20:10:20.207339
62,Infinite Palm Forest Seeder,104,51,palm tree decoration ideas,46.0,0.2857,4,1,youtube_suggest,2026-09-12 20:10:20.207560
62,Infinite Palm Forest Seeder,104,52,palm tree elementary school,46.0,0.2857,4,1,youtube_suggest,2026-09-12 20:10:20.207760
62,Infinite Palm Forest Seeder,104,53,palm tree easy drawing,46.0,0.2857,4,1,youtube_suggest,2026-09-12 20:10:20.207959
62,Infinite Palm Forest Seeder,104,54,palm tree escape piano,46.0,0.2857,4,1,youtube_suggest,2026-09-12 20:10:20.208158
62,Infinite Palm Forest Seeder,104,55,palm tree climbing machine,46.0,0.2857,4,1,youtube_suggest,2026-09-12 20:10:20.208357
62,Infinite Palm Forest Seeder,104,56,palm tree harvesting machine,46.0,0.2857,4,1,youtube_suggest,2026-09-12 20:10:20.215983
62,Infinite Palm Forest Seeder,104,57,palm tree cutting machine,46.0,0.2857,4,1,youtube_suggest,2026-09-12 20:10:20.216384
62,Infinite Palm Forest Seeder,104,58,palm tree climber machine,46.0,0.2857,4,1,youtube_suggest,2026-09-12 20:10:20.216665
62,Infinite Palm Forest Seeder,104,59,palm tree climbing equipment,46.0,0.2857,4,1,youtube_suggest,2026-09-12 20:10:20.216899
62,Infinite Palm Forest Seeder,104,60,palm tree cutting swing,46.0,0.2857,4,1,youtube_suggest,2026-09-12 20:10:20.217116
63,The Verdant Bamboo Sky-Loom,105,1,mr queen bamboo forest ep 1,53.33,0.3333,6,1,youtube_suggest,2026-09-12 20:13:25.482052
63,The Verdant Bamboo Sky-Loom,105,2,mr queen bamboo forest ep 2,53.33,0.3333,6,1,youtube_suggest,2026-09-12 20:13:25.484355
63,The Verdant Bamboo Sky-Loom,105,3,mr queen bamboo forest ep 3,53.33,0.3333,6,1,youtube_suggest,2026-09-12 20:13:25.485760
63,The Verdant Bamboo Sky-Loom,105,4,bamboo forest of the full moon,50.0,0.2857,6,1,youtube_suggest,2026-09-12 20:13:25.486555
63,The Verdant Bamboo Sky-Loom,105,5,get to the bamboo forest division 2,50.0,0.2857,7,1,youtube_suggest,2026-09-12 20:13:25.486779
63,The Verdant Bamboo Sky-Loom,105,6,bamboo forest in flames,49.33,0.3333,4,1,youtube_suggest,2026-09-12 20:13:25.488676
63,The Verdant Bamboo Sky-Loom,105,7,bamboo forest at night,49.33,0.3333,4,1,youtube_suggest,2026-09-12 20:13:25.488967
63,The Verdant Bamboo Sky-Loom,105,8,bamboo forest background video,49.33,0.3333,4,1,youtube_suggest,2026-09-12 20:13:25.489167
63,The Verdant Bamboo Sky-Loom,105,9,bamboo forest choose your world,48.0,0.2857,5,1,youtube_suggest,2026-09-12 20:13:25.489358
63,The Verdant Bamboo Sky-Loom,105,10,bamboo forest elif & sanoi,48.0,0.2857,5,1,youtube_suggest,2026-09-12 20:13:25.489547
63,The Verdant Bamboo Sky-Loom,105,11,bamboo forest unreal engine 5,48.0,0.2857,5,1,youtube_suggest,2026-09-12 20:13:25.489729
63,The Verdant Bamboo Sky-Loom,105,12,bamboo forest shadow fight 3,48.0,0.2857,5,1,youtube_suggest,2026-09-12 20:13:25.489924
63,The Verdant Bamboo Sky-Loom,105,13,bamboo forest sounds,47.33,0.3333,3,1,youtube_suggest,2026-09-12 20:13:25.490105
63,The Verdant Bamboo Sky-Loom,105,14,bamboo forest kyoto,47.33,0.3333,3,1,youtube_suggest,2026-09-12 20:13:25.490284
63,The Verdant Bamboo Sky-Loom,105,15,bamboo forest japan,47.33,0.3333,3,1,youtube_suggest,2026-09-12 20:13:25.490464
63,The Verdant Bamboo Sky-Loom,105,16,bamboo forest maui,47.33,0.3333,3,1,youtube_suggest,2026-09-12 20:13:25.490642
63,The Verdant Bamboo Sky-Loom,105,17,bamboo forest atlanta,47.33,0.3333,3,1,youtube_suggest,2026-09-12 20:13:25.490820
63,The Verdant Bamboo Sky-Loom,105,18,bamboo forest minecraft,47.33,0.3333,3,1,youtube_suggest,2026-09-12 20:13:25.494893
63,The Verdant Bamboo Sky-Loom,105,19,bamboo forest aquarium,47.33,0.3333,3,1,youtube_suggest,2026-09-12 20:13:25.496190
63,The Verdant Bamboo Sky-Loom,105,20,bamboo forest ambience,47.33,0.3333,3,1,youtube_suggest,2026-09-12 20:13:25.497234
63,The Verdant Bamboo Sky-Loom,105,21,bamboo forest animals,47.33,0.3333,3,1,youtube_suggest,2026-09-12 20:13:25.499751
63,The Verdant Bamboo Sky-Loom,105,22,bamboo forest asmr,47.33,0.3333,3,1,youtube_suggest,2026-09-12 20:13:25.500232
63,The Verdant Bamboo Sky-Loom,105,23,bamboo forest acnh,47.33,0.3333,3,1,youtube_suggest,2026-09-12 20:13:25.505519
63,The Verdant Bamboo Sky-Loom,105,24,bamboo forest aquascape,47.33,0.3333,3,1,youtube_suggest,2026-09-12 20:13:25.506008
63,The Verdant Bamboo Sky-Loom,105,25,bamboo forest bonsai,47.33,0.3333,3,1,youtube_suggest,2026-09-12 20:13:25.506576
63,The Verdant Bamboo Sky-Loom,105,26,bamboo forest background,47.33,0.3333,3,1,youtube_suggest,2026-09-12 20:13:25.506982
63,The Verdant Bamboo Sky-Loom,105,27,bamboo forest build,47.33,0.3333,3,1,youtube_suggest,2026-09-12 20:13:25.509583
63,The Verdant Bamboo Sky-Loom,105,28,bamboo forest breath,47.33,0.3333,3,1,youtube_suggest,2026-09-12 20:13:25.512908
63,The Verdant Bamboo Sky-Loom,105,29,bamboo forest baguio,47.33,0.3333,3,1,youtube_suggest,2026-09-12 20:13:25.513327
63,The Verdant Bamboo Sky-Loom,105,30,bamboo forest bali,47.33,0.3333,3,1,youtube_suggest,2026-09-12 20:13:25.513513
63,The Verdant Bamboo Sky-Loom,105,31,bamboo forest bangalore,47.33,0.3333,3,1,youtube_suggest,2026-09-12 20:13:25.513767
63,The Verdant Bamboo Sky-Loom,105,32,bamboo forest china,47.33,0.3333,3,1,youtube_suggest,2026-09-12 20:13:25.513934
63,The Verdant Bamboo Sky-Loom,105,33,bamboo forest coorg,47.33,0.3333,3,1,youtube_suggest,2026-09-12 20:13:25.514084
63,The Verdant Bamboo Sky-Loom,105,34,bamboo forest chittoor,47.33,0.3333,3,1,youtube_suggest,2026-09-12 20:13:25.514233
63,The Verdant Bamboo Sky-Loom,105,35,bamboo forest camping,47.33,0.3333,3,1,youtube_suggest,2026-09-12 20:13:25.514409
63,The Verdant Bamboo Sky-Loom,105,36,bamboo forest diorama,47.33,0.3333,3,1,youtube_suggest,2026-09-12 20:13:25.514553
63,The Verdant Bamboo Sky-Loom,105,37,bamboo forest drawing,47.33,0.3333,3,1,youtube_suggest,2026-09-12 20:13:25.514745
63,The Verdant Bamboo Sky-Loom,105,38,bamboo forest deuter,47.33,0.3333,3,1,youtube_suggest,2026-09-12 20:13:25.514983
63,The Verdant Bamboo Sky-Loom,105,39,bamboo forest dakhva,47.33,0.3333,3,1,youtube_suggest,2026-09-12 20:13:25.521084
63,The Verdant Bamboo Sky-Loom,105,40,damyang bamboo forest,47.33,0.3333,3,1,youtube_suggest,2026-09-12 20:13:25.521314
63,The Verdant Bamboo Sky-Loom,105,41,bamboo forest discover,47.33,0.3333,3,1,youtube_suggest,2026-09-12 20:13:25.521469
63,The Verdant Bamboo Sky-Loom,105,42,eystreem bamboo forest,47.33,0.3333,3,1,youtube_suggest,2026-09-12 20:13:25.521657
63,The Verdant Bamboo Sky-Loom,105,43,endfield bamboo forest,47.33,0.3333,3,1,youtube_suggest,2026-09-12 20:13:25.521795
63,The Verdant Bamboo Sky-Loom,105,44,bamboo forest fire,47.33,0.3333,3,1,youtube_suggest,2026-09-12 20:13:25.521933
63,The Verdant Bamboo Sky-Loom,105,45,bamboo forest fight,47.33,0.3333,3,1,youtube_suggest,2026-09-12 20:13:25.522064
63,The Verdant Bamboo Sky-Loom,105,46,bamboo forest frontier,47.33,0.3333,3,1,youtube_suggest,2026-09-12 20:13:25.522194
63,The Verdant Bamboo Sky-Loom,105,47,bamboo forest footage,47.33,0.3333,3,1,youtube_suggest,2026-09-12 20:13:25.522323
63,The Verdant Bamboo Sky-Loom,105,48,bamboo forest angry birds,46.0,0.2857,4,1,youtube_suggest,2026-09-12 20:13:25.522464
63,The Verdant Bamboo Sky-Loom,105,49,bamboo forest acrylic painting,46.0,0.2857,4,1,youtube_suggest,2026-09-12 20:13:25.522593
63,The Verdant Bamboo Sky-Loom,105,50,bamboo forest minecraft build,46.0,0.2857,4,1,youtube_suggest,2026-09-12 20:13:25.522723
63,The Verdant Bamboo Sky-Loom,105,51,bamboo forest chinese girl,46.0,0.2857,4,1,youtube_suggest,2026-09-12 20:13:25.522853
63,The Verdant Bamboo Sky-Loom,105,52,bamboo forest coorg malayalam,46.0,0.2857,4,1,youtube_suggest,2026-09-12 20:13:25.522988
63,The Verdant Bamboo Sky-Loom,105,53,bamboo forest coorg shopping,46.0,0.2857,4,1,youtube_suggest,2026-09-12 20:13:25.523121
63,The Verdant Bamboo Sky-Loom,105,54,bamboo forest drawing easy,46.0,0.2857,4,1,youtube_suggest,2026-09-12 20:13:25.523276
63,The Verdant Bamboo Sky-Loom,105,55,bamboo forest sound effect,46.0,0.2857,4,1,youtube_suggest,2026-09-12 20:13:25.528973
63,The Verdant Bamboo Sky-Loom,105,56,bamboo forest fight scene,46.0,0.2857,4,1,youtube_suggest,2026-09-12 20:13:25.529155
63,The Verdant Bamboo Sky-Loom,105,57,bamboo forest fox puzzle,46.0,0.2857,4,1,youtube_suggest,2026-09-12 20:13:25.529324
63,The Verdant Bamboo Sky-Loom,105,58,bamboo forest full album,46.0,0.2857,4,1,youtube_suggest,2026-09-12 20:13:25.529485
63,The Verdant Bamboo Sky-Loom,105,59,bamboo forest flying stars,46.0,0.2857,4,1,youtube_suggest,2026-09-12 20:13:25.529623
63,The Verdant Bamboo Sky-Loom,105,60,bamboo forest crouching tiger hidden dragon,45.56,0.2222,6,1,youtube_suggest,2026-09-12 20:13:25.529759
64,Jade Spire Harvesting Spider,106,1,jade cocoon spider forest,56.0,0.4286,4,1,youtube_suggest,2026-09-12 20:16:26.096349
64,Jade Spire Harvesting Spider,106,2,mr queen bamboo forest ep 1,50.0,0.2857,6,1,youtube_suggest,2026-09-12 20:16:26.099318
64,Jade Spire Harvesting Spider,106,3,mr queen bamboo forest ep 2,50.0,0.2857,6,1,youtube_suggest,2026-09-12 20:16:26.099650
64,Jade Spire Harvesting Spider,106,4,mr queen bamboo forest ep 3,50.0,0.2857,6,1,youtube_suggest,2026-09-12 20:16:26.099843
64,Jade Spire Harvesting Spider,106,5,bamboo forest of the full moon,47.5,0.25,6,1,youtube_suggest,2026-09-12 20:16:26.100030
64,Jade Spire Harvesting Spider,106,6,get to the bamboo forest division 2,47.5,0.25,7,1,youtube_suggest,2026-09-12 20:16:26.100441
64,Jade Spire Harvesting Spider,106,7,bamboo forest in flames,46.0,0.2857,4,1,youtube_suggest,2026-09-12 20:16:26.100675
64,Jade Spire Harvesting Spider,106,8,bamboo forest at night,46.0,0.2857,4,1,youtube_suggest,2026-09-12 20:16:26.100850
64,Jade Spire Harvesting Spider,106,9,bamboo forest background video,46.0,0.2857,4,1,youtube_suggest,2026-09-12 20:16:26.101004
64,Jade Spire Harvesting Spider,106,10,bamboo forest choose your world,45.5,0.25,5,1,youtube_suggest,2026-09-12 20:16:26.101144
64,Jade Spire Harvesting Spider,106,11,bamboo forest elif & sanoi,45.5,0.25,5,1,youtube_suggest,2026-09-12 20:16:26.101296
64,Jade Spire Harvesting Spider,106,12,bamboo forest unreal engine 5,45.5,0.25,5,1,youtube_suggest,2026-09-12 20:16:26.101444
64,Jade Spire Harvesting Spider,106,13,bamboo forest shadow fight 3,45.5,0.25,5,1,youtube_suggest,2026-09-12 20:16:26.101584
64,Jade Spire Harvesting Spider,106,14,bamboo forest sounds,44.0,0.2857,3,1,youtube_suggest,2026-09-12 20:16:26.104723
64,Jade Spire Harvesting Spider,106,15,bamboo forest kyoto,44.0,0.2857,3,1,youtube_suggest,2026-09-12 20:16:26.104975
64,Jade Spire Harvesting Spider,106,16,bamboo forest japan,44.0,0.2857,3,1,youtube_suggest,2026-09-12 20:16:26.105133
64,Jade Spire Harvesting Spider,106,17,bamboo forest maui,44.0,0.2857,3,1,youtube_suggest,2026-09-12 20:16:26.105369
64,Jade Spire Harvesting Spider,106,18,bamboo forest atlanta,44.0,0.2857,3,1,youtube_suggest,2026-09-12 20:16:26.105522
64,Jade Spire Harvesting Spider,106,19,bamboo forest minecraft,44.0,0.2857,3,1,youtube_suggest,2026-09-12 20:16:26.105667
64,Jade Spire Harvesting Spider,106,20,bamboo forest aquarium,44.0,0.2857,3,1,youtube_suggest,2026-09-12 20:16:26.105887
64,Jade Spire Harvesting Spider,106,21,bamboo forest ambience,44.0,0.2857,3,1,youtube_suggest,2026-09-12 20:16:26.106155
64,Jade Spire Harvesting Spider,106,22,bamboo forest animals,44.0,0.2857,3,1,youtube_suggest,2026-09-12 20:16:26.106380
64,Jade Spire Harvesting Spider,106,23,bamboo forest asmr,44.0,0.2857,3,1,youtube_suggest,2026-09-12 20:16:26.106541
64,Jade Spire Harvesting Spider,106,24,bamboo forest acnh,44.0,0.2857,3,1,youtube_suggest,2026-09-12 20:16:26.106885
64,Jade Spire Harvesting Spider,106,25,bamboo forest aquascape,44.0,0.2857,3,1,youtube_suggest,2026-09-12 20:16:26.107102
64,Jade Spire Harvesting Spider,106,26,bamboo forest bonsai,44.0,0.2857,3,1,youtube_suggest,2026-09-12 20:16:26.107385
64,Jade Spire Harvesting Spider,106,27,bamboo forest background,44.0,0.2857,3,1,youtube_suggest,2026-09-12 20:16:26.107545
64,Jade Spire Harvesting Spider,106,28,bamboo forest build,44.0,0.2857,3,1,youtube_suggest,2026-09-12 20:16:26.107688
64,Jade Spire Harvesting Spider,106,29,bamboo forest breath,44.0,0.2857,3,1,youtube_suggest,2026-09-12 20:16:26.107840
64,Jade Spire Harvesting Spider,106,30,bamboo forest baguio,44.0,0.2857,3,1,youtube_suggest,2026-09-12 20:16:26.107978
64,Jade Spire Harvesting Spider,106,31,bamboo forest bali,44.0,0.2857,3,1,youtube_suggest,2026-09-12 20:16:26.108181
64,Jade Spire Harvesting Spider,106,32,bamboo forest bangalore,44.0,0.2857,3,1,youtube_suggest,2026-09-12 20:16:26.108367
64,Jade Spire Harvesting Spider,106,33,bamboo forest china,44.0,0.2857,3,1,youtube_suggest,2026-09-12 20:16:26.108502
64,Jade Spire Harvesting Spider,106,34,bamboo forest crouching tiger hidden dragon,44.0,0.2,6,1,youtube_suggest,2026-09-12 20:16:26.115951
64,Jade Spire Harvesting Spider,106,35,bamboo forest coorg,44.0,0.2857,3,1,youtube_suggest,2026-09-12 20:16:26.116286
64,Jade Spire Harvesting Spider,106,36,bamboo forest chittoor,44.0,0.2857,3,1,youtube_suggest,2026-09-12 20:16:26.116733
64,Jade Spire Harvesting Spider,106,37,bamboo forest camping,44.0,0.2857,3,1,youtube_suggest,2026-09-12 20:16:26.116917
64,Jade Spire Harvesting Spider,106,38,bamboo forest diorama,44.0,0.2857,3,1,youtube_suggest,2026-09-12 20:16:26.117057
64,Jade Spire Harvesting Spider,106,39,bamboo forest drawing,44.0,0.2857,3,1,youtube_suggest,2026-09-12 20:16:26.117243
64,Jade Spire Harvesting Spider,106,40,bamboo forest deuter,44.0,0.2857,3,1,youtube_suggest,2026-09-12 20:16:26.117375
64,Jade Spire Harvesting Spider,106,41,bamboo forest dakhva,44.0,0.2857,3,1,youtube_suggest,2026-09-12 20:16:26.117505
64,Jade Spire Harvesting Spider,106,42,damyang bamboo forest,44.0,0.2857,3,1,youtube_suggest,2026-09-12 20:16:26.117672
64,Jade Spire Harvesting Spider,106,43,bamboo forest discover,44.0,0.2857,3,1,youtube_suggest,2026-09-12 20:16:26.117823
64,Jade Spire Harvesting Spider,106,44,eystreem bamboo forest,44.0,0.2857,3,1,youtube_suggest,2026-09-12 20:16:26.117960
64,Jade Spire Harvesting Spider,106,45,endfield bamboo forest,44.0,0.2857,3,1,youtube_suggest,2026-09-12 20:16:26.118092
64,Jade Spire Harvesting Spider,106,46,bamboo forest fire,44.0,0.2857,3,1,youtube_suggest,2026-09-12 20:16:26.118221
64,Jade Spire Harvesting Spider,106,47,bamboo forest fight,44.0,0.2857,3,1,youtube_suggest,2026-09-12 20:16:26.118350
64,Jade Spire Harvesting Spider,106,48,bamboo forest frontier,44.0,0.2857,3,1,youtube_suggest,2026-09-12 20:16:26.118478
64,Jade Spire Harvesting Spider,106,49,bamboo forest footage,44.0,0.2857,3,1,youtube_suggest,2026-09-12 20:16:26.118602
64,Jade Spire Harvesting Spider,106,50,jade jumping spider,44.0,0.2857,3,1,youtube_suggest,2026-09-12 20:16:26.118731
64,Jade Spire Harvesting Spider,106,51,arashiyama bamboo forest japan december,43.56,0.2222,5,1,youtube_suggest,2026-09-12 20:16:26.118873
64,Jade Spire Harvesting Spider,106,52,bamboo forest angry birds,43.5,0.25,4,1,youtube_suggest,2026-09-12 20:16:26.118998
64,Jade Spire Harvesting Spider,106,53,bamboo forest acrylic painting,43.5,0.25,4,1,youtube_suggest,2026-09-12 20:16:26.119125
64,Jade Spire Harvesting Spider,106,54,bamboo forest minecraft build,43.5,0.25,4,1,youtube_suggest,2026-09-12 20:16:26.119250
64,Jade Spire Harvesting Spider,106,55,bamboo forest chinese girl,43.5,0.25,4,1,youtube_suggest,2026-09-12 20:16:26.119379
64,Jade Spire Harvesting Spider,106,56,bamboo forest coorg malayalam,43.5,0.25,4,1,youtube_suggest,2026-09-12 20:16:26.128977
64,Jade Spire Harvesting Spider,106,57,bamboo forest coorg shopping,43.5,0.25,4,1,youtube_suggest,2026-09-12 20:16:26.129344
64,Jade Spire Harvesting Spider,106,58,bamboo forest drawing easy,43.5,0.25,4,1,youtube_suggest,2026-09-12 20:16:26.129508
64,Jade Spire Harvesting Spider,106,59,bamboo forest sound effect,43.5,0.25,4,1,youtube_suggest,2026-09-12 20:16:26.129646
64,Jade Spire Harvesting Spider,106,60,bamboo forest fight scene,43.5,0.25,4,1,youtube_suggest,2026-09-12 20:16:26.129794
65,The Bamboo Ocean Comb,107,1,the bamboo forest,59.0,0.5,3,1,youtube_suggest,2026-09-12 20:20:02.783162
65,The Bamboo Ocean Comb,107,2,mr queen bamboo forest ep 1,58.0,0.4,6,1,youtube_suggest,2026-09-12 20:20:02.783719
65,The Bamboo Ocean Comb,107,3,mr queen bamboo forest ep 2,58.0,0.4,6,1,youtube_suggest,2026-09-12 20:20:02.784043
65,The Bamboo Ocean Comb,107,4,mr queen bamboo forest ep 3,58.0,0.4,6,1,youtube_suggest,2026-09-12 20:20:02.784330
65,The Bamboo Ocean Comb,107,5,bamboo forest in flames,54.0,0.4,4,1,youtube_suggest,2026-09-12 20:20:02.784699
65,The Bamboo Ocean Comb,107,6,bamboo forest at night,54.0,0.4,4,1,youtube_suggest,2026-09-12 20:20:02.784906
65,The Bamboo Ocean Comb,107,7,bamboo forest background video,54.0,0.4,4,1,youtube_suggest,2026-09-12 20:20:02.785057
65,The Bamboo Ocean Comb,107,8,through the bamboo forest,54.0,0.4,4,1,youtube_suggest,2026-09-12 20:20:02.785198
65,The Bamboo Ocean Comb,107,9,bamboo forest of the full moon,53.33,0.3333,6,1,youtube_suggest,2026-09-12 20:20:02.785340
65,The Bamboo Ocean Comb,107,10,get to the bamboo forest division 2,53.33,0.3333,7,1,youtube_suggest,2026-09-12 20:20:02.785496
65,The Bamboo Ocean Comb,107,11,bamboo forest sounds,52.0,0.4,3,1,youtube_suggest,2026-09-12 20:20:02.785664
65,The Bamboo Ocean Comb,107,12,bamboo forest kyoto,52.0,0.4,3,1,youtube_suggest,2026-09-12 20:20:02.785932
65,The Bamboo Ocean Comb,107,13,bamboo forest japan,52.0,0.4,3,1,youtube_suggest,2026-09-12 20:20:02.786117
65,The Bamboo Ocean Comb,107,14,bamboo forest maui,52.0,0.4,3,1,youtube_suggest,2026-09-12 20:20:02.786298
65,The Bamboo Ocean Comb,107,15,bamboo forest atlanta,52.0,0.4,3,1,youtube_suggest,2026-09-12 20:20:02.786476
65,The Bamboo Ocean Comb,107,16,bamboo forest minecraft,52.0,0.4,3,1,youtube_suggest,2026-09-12 20:20:02.786672
65,The Bamboo Ocean Comb,107,17,bamboo forest aquarium,52.0,0.4,3,1,youtube_suggest,2026-09-12 20:20:02.786931
65,The Bamboo Ocean Comb,107,18,bamboo forest ambience,52.0,0.4,3,1,youtube_suggest,2026-09-12 20:20:02.787114
65,The Bamboo Ocean Comb,107,19,bamboo forest animals,52.0,0.4,3,1,youtube_suggest,2026-09-12 20:20:02.787346
65,The Bamboo Ocean Comb,107,20,bamboo forest asmr,52.0,0.4,3,1,youtube_suggest,2026-09-12 20:20:02.787541
65,The Bamboo Ocean Comb,107,21,bamboo forest acnh,52.0,0.4,3,1,youtube_suggest,2026-09-12 20:20:02.787739
65,The Bamboo Ocean Comb,107,22,bamboo forest aquascape,52.0,0.4,3,1,youtube_suggest,2026-09-12 20:20:02.787950
65,The Bamboo Ocean Comb,107,23,bamboo forest bonsai,52.0,0.4,3,1,youtube_suggest,2026-09-12 20:20:02.788188
65,The Bamboo Ocean Comb,107,24,bamboo forest background,52.0,0.4,3,1,youtube_suggest,2026-09-12 20:20:02.788390
65,The Bamboo Ocean Comb,107,25,bamboo forest build,52.0,0.4,3,1,youtube_suggest,2026-09-12 20:20:02.788612
65,The Bamboo Ocean Comb,107,26,bamboo forest breath,52.0,0.4,3,1,youtube_suggest,2026-09-12 20:20:02.788801
65,The Bamboo Ocean Comb,107,27,bamboo forest baguio,52.0,0.4,3,1,youtube_suggest,2026-09-12 20:20:02.789135
65,The Bamboo Ocean Comb,107,28,bamboo forest bali,52.0,0.4,3,1,youtube_suggest,2026-09-12 20:20:02.789302
65,The Bamboo Ocean Comb,107,29,bamboo forest bangalore,52.0,0.4,3,1,youtube_suggest,2026-09-12 20:20:02.789535
65,The Bamboo Ocean Comb,107,30,bamboo forest china,52.0,0.4,3,1,youtube_suggest,2026-09-12 20:20:02.789768
65,The Bamboo Ocean Comb,107,31,bamboo forest coorg,52.0,0.4,3,1,youtube_suggest,2026-09-12 20:20:02.790106
65,The Bamboo Ocean Comb,107,32,bamboo forest chittoor,52.0,0.4,3,1,youtube_suggest,2026-09-12 20:20:02.790474
65,The Bamboo Ocean Comb,107,33,bamboo forest camping,52.0,0.4,3,1,youtube_suggest,2026-09-12 20:20:02.791208
65,The Bamboo Ocean Comb,107,34,bamboo forest diorama,52.0,0.4,3,1,youtube_suggest,2026-09-12 20:20:02.791593
65,The Bamboo Ocean Comb,107,35,bamboo forest drawing,52.0,0.4,3,1,youtube_suggest,2026-09-12 20:20:02.791830
65,The Bamboo Ocean Comb,107,36,bamboo forest deuter,52.0,0.4,3,1,youtube_suggest,2026-09-12 20:20:02.792010
65,The Bamboo Ocean Comb,107,37,bamboo forest dakhva,52.0,0.4,3,1,youtube_suggest,2026-09-12 20:20:02.792159
65,The Bamboo Ocean Comb,107,38,damyang bamboo forest,52.0,0.4,3,1,youtube_suggest,2026-09-12 20:20:02.792297
65,The Bamboo Ocean Comb,107,39,bamboo forest discover,52.0,0.4,3,1,youtube_suggest,2026-09-12 20:20:02.792455
65,The Bamboo Ocean Comb,107,40,eystreem bamboo forest,52.0,0.4,3,1,youtube_suggest,2026-09-12 20:20:02.792843
65,The Bamboo Ocean Comb,107,41,endfield bamboo forest,52.0,0.4,3,1,youtube_suggest,2026-09-12 20:20:02.793047
65,The Bamboo Ocean Comb,107,42,bamboo forest fire,52.0,0.4,3,1,youtube_suggest,2026-09-12 20:20:02.793241
65,The Bamboo Ocean Comb,107,43,bamboo forest fight,52.0,0.4,3,1,youtube_suggest,2026-09-12 20:20:02.793448
65,The Bamboo Ocean Comb,107,44,bamboo forest frontier,52.0,0.4,3,1,youtube_suggest,2026-09-12 20:20:02.793644
65,The Bamboo Ocean Comb,107,45,bamboo forest footage,52.0,0.4,3,1,youtube_suggest,2026-09-12 20:20:02.793832
65,The Bamboo Ocean Comb,107,46,bamboo forest choose your world,51.33,0.3333,5,1,youtube_suggest,2026-09-12 20:20:02.794022
65,The Bamboo Ocean Comb,107,47,bamboo forest elif & sanoi,51.33,0.3333,5,1,youtube_suggest,2026-09-12 20:20:02.794209
65,The Bamboo Ocean Comb,107,48,bamboo forest unreal engine 5,51.33,0.3333,5,1,youtube_suggest,2026-09-12 20:20:02.794407
65,The Bamboo Ocean Comb,107,49,bamboo forest shadow fight 3,51.33,0.3333,5,1,youtube_suggest,2026-09-12 20:20:02.794597
65,The Bamboo Ocean Comb,107,50,bamboo forest angry birds,49.33,0.3333,4,1,youtube_suggest,2026-09-12 20:20:02.794781
65,The Bamboo Ocean Comb,107,51,bamboo forest acrylic painting,49.33,0.3333,4,1,youtube_suggest,2026-09-12 20:20:02.794967
65,The Bamboo Ocean Comb,107,52,bamboo forest minecraft build,49.33,0.3333,4,1,youtube_suggest,2026-09-12 20:20:02.795149
65,The Bamboo Ocean Comb,107,53,bamboo forest chinese girl,49.33,0.3333,4,1,youtube_suggest,2026-09-12 20:20:02.795333
65,The Bamboo Ocean Comb,107,54,bamboo forest coorg malayalam,49.33,0.3333,4,1,youtube_suggest,2026-09-12 20:20:02.795533
65,The Bamboo Ocean Comb,107,55,bamboo forest coorg shopping,49.33,0.3333,4,1,youtube_suggest,2026-09-12 20:20:02.795715
65,The Bamboo Ocean Comb,107,56,bamboo forest drawing easy,49.33,0.3333,4,1,youtube_suggest,2026-09-12 20:20:02.795897
65,The Bamboo Ocean Comb,107,57,bamboo forest sound effect,49.33,0.3333,4,1,youtube_suggest,2026-09-12 20:20:02.796086
65,The Bamboo Ocean Comb,107,58,bamboo forest fight scene,49.33,0.3333,4,1,youtube_suggest,2026-09-12 20:20:02.796289
65,The Bamboo Ocean Comb,107,59,bamboo forest fox puzzle,49.33,0.3333,4,1,youtube_suggest,2026-09-12 20:20:02.796492
65,The Bamboo Ocean Comb,107,60,bamboo forest full album,49.33,0.3333,4,1,youtube_suggest,2026-09-12 20:20:02.796715
66,Hollow-Stem Resonance Engine,108,1,bamboo forest unreal engine 5,58.0,0.4286,5,1,youtube_suggest,2026-09-12 20:23:06.298860
66,Hollow-Stem Resonance Engine,108,2,mr queen bamboo forest ep 1,50.0,0.2857,6,1,youtube_suggest,2026-09-12 20:23:06.301800
66,Hollow-Stem Resonance Engine,108,3,mr queen bamboo forest ep 2,50.0,0.2857,6,1,youtube_suggest,2026-09-12 20:23:06.303198
66,Hollow-Stem Resonance Engine,108,4,mr queen bamboo forest ep 3,50.0,0.2857,6,1,youtube_suggest,2026-09-12 20:23:06.304128
66,Hollow-Stem Resonance Engine,108,5,bamboo forest of the full moon,47.5,0.25,6,1,youtube_suggest,2026-09-12 20:23:06.304989
66,Hollow-Stem Resonance Engine,108,6,get to the bamboo forest division 2,47.5,0.25,7,1,youtube_suggest,2026-09-12 20:23:06.305221
66,Hollow-Stem Resonance Engine,108,7,bamboo forest in flames,46.0,0.2857,4,1,youtube_suggest,2026-09-12 20:23:06.306897
66,Hollow-Stem Resonance Engine,108,8,bamboo forest at night,46.0,0.2857,4,1,youtube_suggest,2026-09-12 20:23:06.307120
66,Hollow-Stem Resonance Engine,108,9,bamboo forest background video,46.0,0.2857,4,1,youtube_suggest,2026-09-12 20:23:06.307326
66,Hollow-Stem Resonance Engine,108,10,bamboo forest choose your world,45.5,0.25,5,1,youtube_suggest,2026-09-12 20:23:06.307516
66,Hollow-Stem Resonance Engine,108,11,bamboo forest elif & sanoi,45.5,0.25,5,1,youtube_suggest,2026-09-12 20:23:06.307849
66,Hollow-Stem Resonance Engine,108,12,bamboo forest shadow fight 3,45.5,0.25,5,1,youtube_suggest,2026-09-12 20:23:06.308028
66,Hollow-Stem Resonance Engine,108,13,bamboo forest sounds,44.0,0.2857,3,1,youtube_suggest,2026-09-12 20:23:06.308227
66,Hollow-Stem Resonance Engine,108,14,bamboo forest kyoto,44.0,0.2857,3,1,youtube_suggest,2026-09-12 20:23:06.308414
66,Hollow-Stem Resonance Engine,108,15,bamboo forest japan,44.0,0.2857,3,1,youtube_suggest,2026-09-12 20:23:06.311405
66,Hollow-Stem Resonance Engine,108,16,bamboo forest maui,44.0,0.2857,3,1,youtube_suggest,2026-09-12 20:23:06.311652
66,Hollow-Stem Resonance Engine,108,17,bamboo forest atlanta,44.0,0.2857,3,1,youtube_suggest,2026-09-12 20:23:06.311844
66,Hollow-Stem Resonance Engine,108,18,bamboo forest minecraft,44.0,0.2857,3,1,youtube_suggest,2026-09-12 20:23:06.312160
66,Hollow-Stem Resonance Engine,108,19,bamboo forest aquarium,44.0,0.2857,3,1,youtube_suggest,2026-09-12 20:23:06.312432
66,Hollow-Stem Resonance Engine,108,20,bamboo forest ambience,44.0,0.2857,3,1,youtube_suggest,2026-09-12 20:23:06.312660
66,Hollow-Stem Resonance Engine,108,21,bamboo forest animals,44.0,0.2857,3,1,youtube_suggest,2026-09-12 20:23:06.312855
66,Hollow-Stem Resonance Engine,108,22,bamboo forest asmr,44.0,0.2857,3,1,youtube_suggest,2026-09-12 20:23:06.313043
66,Hollow-Stem Resonance Engine,108,23,bamboo forest acnh,44.0,0.2857,3,1,youtube_suggest,2026-09-12 20:23:06.313285
66,Hollow-Stem Resonance Engine,108,24,bamboo forest aquascape,44.0,0.2857,3,1,youtube_suggest,2026-09-12 20:23:06.313485
66,Hollow-Stem Resonance Engine,108,25,bamboo forest bonsai,44.0,0.2857,3,1,youtube_suggest,2026-09-12 20:23:06.313813
66,Hollow-Stem Resonance Engine,108,26,bamboo forest background,44.0,0.2857,3,1,youtube_suggest,2026-09-12 20:23:06.314005
66,Hollow-Stem Resonance Engine,108,27,bamboo forest build,44.0,0.2857,3,1,youtube_suggest,2026-09-12 20:23:06.314197
66,Hollow-Stem Resonance Engine,108,28,bamboo forest breath,44.0,0.2857,3,1,youtube_suggest,2026-09-12 20:23:06.314390
66,Hollow-Stem Resonance Engine,108,29,bamboo forest baguio,44.0,0.2857,3,1,youtube_suggest,2026-09-12 20:23:06.314559
66,Hollow-Stem Resonance Engine,108,30,bamboo forest bali,44.0,0.2857,3,1,youtube_suggest,2026-09-12 20:23:06.314742
66,Hollow-Stem Resonance Engine,108,31,bamboo forest bangalore,44.0,0.2857,3,1,youtube_suggest,2026-09-12 20:23:06.314913
66,Hollow-Stem Resonance Engine,108,32,bamboo forest china,44.0,0.2857,3,1,youtube_suggest,2026-09-12 20:23:06.315258
66,Hollow-Stem Resonance Engine,108,33,bamboo forest crouching tiger hidden dragon,44.0,0.2,6,1,youtube_suggest,2026-09-12 20:23:06.319945
66,Hollow-Stem Resonance Engine,108,34,bamboo forest coorg,44.0,0.2857,3,1,youtube_suggest,2026-09-12 20:23:06.320213
66,Hollow-Stem Resonance Engine,108,35,bamboo forest chittoor,44.0,0.2857,3,1,youtube_suggest,2026-09-12 20:23:06.324665
66,Hollow-Stem Resonance Engine,108,36,bamboo forest camping,44.0,0.2857,3,1,youtube_suggest,2026-09-12 20:23:06.325178
66,Hollow-Stem Resonance Engine,108,37,bamboo forest diorama,44.0,0.2857,3,1,youtube_suggest,2026-09-12 20:23:06.325429
66,Hollow-Stem Resonance Engine,108,38,bamboo forest drawing,44.0,0.2857,3,1,youtube_suggest,2026-09-12 20:23:06.325626
66,Hollow-Stem Resonance Engine,108,39,bamboo forest deuter,44.0,0.2857,3,1,youtube_suggest,2026-09-12 20:23:06.325815
66,Hollow-Stem Resonance Engine,108,40,bamboo forest dakhva,44.0,0.2857,3,1,youtube_suggest,2026-09-12 20:23:06.326000
66,Hollow-Stem Resonance Engine,108,41,damyang bamboo forest,44.0,0.2857,3,1,youtube_suggest,2026-09-12 20:23:06.326183
66,Hollow-Stem Resonance Engine,108,42,bamboo forest discover,44.0,0.2857,3,1,youtube_suggest,2026-09-12 20:23:06.326382
66,Hollow-Stem Resonance Engine,108,43,eystreem bamboo forest,44.0,0.2857,3,1,youtube_suggest,2026-09-12 20:23:06.326811
66,Hollow-Stem Resonance Engine,108,44,endfield bamboo forest,44.0,0.2857,3,1,youtube_suggest,2026-09-12 20:23:06.327005
66,Hollow-Stem Resonance Engine,108,45,bamboo forest fire,44.0,0.2857,3,1,youtube_suggest,2026-09-12 20:23:06.327186
66,Hollow-Stem Resonance Engine,108,46,bamboo forest fight,44.0,0.2857,3,1,youtube_suggest,2026-09-12 20:23:06.327381
66,Hollow-Stem Resonance Engine,108,47,bamboo forest frontier,44.0,0.2857,3,1,youtube_suggest,2026-09-12 20:23:06.327560
66,Hollow-Stem Resonance Engine,108,48,bamboo forest footage,44.0,0.2857,3,1,youtube_suggest,2026-09-12 20:23:06.327942
66,Hollow-Stem Resonance Engine,108,49,hollow stem auger,44.0,0.2857,3,1,youtube_suggest,2026-09-12 20:23:06.328164
66,Hollow-Stem Resonance Engine,108,50,arashiyama bamboo forest japan december,43.56,0.2222,5,1,youtube_suggest,2026-09-12 20:23:06.328359
66,Hollow-Stem Resonance Engine,108,51,bamboo forest angry birds,43.5,0.25,4,1,youtube_suggest,2026-09-12 20:23:06.329382
66,Hollow-Stem Resonance Engine,108,52,bamboo forest acrylic painting,43.5,0.25,4,1,youtube_suggest,2026-09-12 20:23:06.329676
66,Hollow-Stem Resonance Engine,108,53,bamboo forest minecraft build,43.5,0.25,4,1,youtube_suggest,2026-09-12 20:23:06.329865
66,Hollow-Stem Resonance Engine,108,54,bamboo forest chinese girl,43.5,0.25,4,1,youtube_suggest,2026-09-12 20:23:06.330049
66,Hollow-Stem Resonance Engine,108,55,bamboo forest coorg malayalam,43.5,0.25,4,1,youtube_suggest,2026-09-12 20:23:06.330238
66,Hollow-Stem Resonance Engine,108,56,bamboo forest coorg shopping,43.5,0.25,4,1,youtube_suggest,2026-09-12 20:23:06.330420
66,Hollow-Stem Resonance Engine,108,57,bamboo forest drawing easy,43.5,0.25,4,1,youtube_suggest,2026-09-12 20:23:06.330677
66,Hollow-Stem Resonance Engine,108,58,bamboo forest sound effect,43.5,0.25,4,1,youtube_suggest,2026-09-12 20:23:06.331091
66,Hollow-Stem Resonance Engine,108,59,bamboo forest fight scene,43.5,0.25,4,1,youtube_suggest,2026-09-12 20:23:06.331300
66,Hollow-Stem Resonance Engine,108,60,bamboo forest fox puzzle,43.5,0.25,4,1,youtube_suggest,2026-09-12 20:23:06.331481
67,The Emerald Stalk Harvester,109,1,mr queen bamboo forest ep 1,53.33,0.3333,6,1,youtube_suggest,2026-09-12 20:26:01.177682
67,The Emerald Stalk Harvester,109,2,mr queen bamboo forest ep 2,53.33,0.3333,6,1,youtube_suggest,2026-09-12 20:26:01.177983
67,The Emerald Stalk Harvester,109,3,mr queen bamboo forest ep 3,53.33,0.3333,6,1,youtube_suggest,2026-09-12 20:26:01.178296
67,The Emerald Stalk Harvester,109,4,bamboo forest of the full moon,50.0,0.2857,6,1,youtube_suggest,2026-09-12 20:26:01.178459
67,The Emerald Stalk Harvester,109,5,get to the bamboo forest division 2,50.0,0.2857,7,1,youtube_suggest,2026-09-12 20:26:01.178612
67,The Emerald Stalk Harvester,109,6,bamboo forest in flames,49.33,0.3333,4,1,youtube_suggest,2026-09-12 20:26:01.178830
67,The Emerald Stalk Harvester,109,7,bamboo forest at night,49.33,0.3333,4,1,youtube_suggest,2026-09-12 20:26:01.179035
67,The Emerald Stalk Harvester,109,8,bamboo forest background video,49.33,0.3333,4,1,youtube_suggest,2026-09-12 20:26:01.179255
67,The Emerald Stalk Harvester,109,9,bamboo forest choose your world,48.0,0.2857,5,1,youtube_suggest,2026-09-12 20:26:01.179424
67,The Emerald Stalk Harvester,109,10,bamboo forest elif & sanoi,48.0,0.2857,5,1,youtube_suggest,2026-09-12 20:26:01.179566
67,The Emerald Stalk Harvester,109,11,bamboo forest unreal engine 5,48.0,0.2857,5,1,youtube_suggest,2026-09-12 20:26:01.179721
67,The Emerald Stalk Harvester,109,12,bamboo forest shadow fight 3,48.0,0.2857,5,1,youtube_suggest,2026-09-12 20:26:01.179960
67,The Emerald Stalk Harvester,109,13,bamboo forest sounds,47.33,0.3333,3,1,youtube_suggest,2026-09-12 20:26:01.180099
67,The Emerald Stalk Harvester,109,14,bamboo forest kyoto,47.33,0.3333,3,1,youtube_suggest,2026-09-12 20:26:01.180224
67,The Emerald Stalk Harvester,109,15,bamboo forest japan,47.33,0.3333,3,1,youtube_suggest,2026-09-12 20:26:01.180353
67,The Emerald Stalk Harvester,109,16,bamboo forest maui,47.33,0.3333,3,1,youtube_suggest,2026-09-12 20:26:01.180484
67,The Emerald Stalk Harvester,109,17,bamboo forest atlanta,47.33,0.3333,3,1,youtube_suggest,2026-09-12 20:26:01.199435
67,The Emerald Stalk Harvester,109,18,bamboo forest minecraft,47.33,0.3333,3,1,youtube_suggest,2026-09-12 20:26:01.199647
67,The Emerald Stalk Harvester,109,19,bamboo forest aquarium,47.33,0.3333,3,1,youtube_suggest,2026-09-12 20:26:01.199790
67,The Emerald Stalk Harvester,109,20,bamboo forest ambience,47.33,0.3333,3,1,youtube_suggest,2026-09-12 20:26:01.199928
67,The Emerald Stalk Harvester,109,21,bamboo forest animals,47.33,0.3333,3,1,youtube_suggest,2026-09-12 20:26:01.200062
67,The Emerald Stalk Harvester,109,22,bamboo forest asmr,47.33,0.3333,3,1,youtube_suggest,2026-09-12 20:26:01.200195
67,The Emerald Stalk Harvester,109,23,bamboo forest acnh,47.33,0.3333,3,1,youtube_suggest,2026-09-12 20:26:01.200335
67,The Emerald Stalk Harvester,109,24,bamboo forest aquascape,47.33,0.3333,3,1,youtube_suggest,2026-09-12 20:26:01.200482
67,The Emerald Stalk Harvester,109,25,bamboo forest bonsai,47.33,0.3333,3,1,youtube_suggest,2026-09-12 20:26:01.202030
67,The Emerald Stalk Harvester,109,26,bamboo forest background,47.33,0.3333,3,1,youtube_suggest,2026-09-12 20:26:01.202211
67,The Emerald Stalk Harvester,109,27,bamboo forest build,47.33,0.3333,3,1,youtube_suggest,2026-09-12 20:26:01.202357
67,The Emerald Stalk Harvester,109,28,bamboo forest breath,47.33,0.3333,3,1,youtube_suggest,2026-09-12 20:26:01.202512
67,The Emerald Stalk Harvester,109,29,bamboo forest baguio,47.33,0.3333,3,1,youtube_suggest,2026-09-12 20:26:01.202652
67,The Emerald Stalk Harvester,109,30,bamboo forest bali,47.33,0.3333,3,1,youtube_suggest,2026-09-12 20:26:01.202791
67,The Emerald Stalk Harvester,109,31,bamboo forest bangalore,47.33,0.3333,3,1,youtube_suggest,2026-09-12 20:26:01.202929
67,The Emerald Stalk Harvester,109,32,bamboo forest china,47.33,0.3333,3,1,youtube_suggest,2026-09-12 20:26:01.204710
67,The Emerald Stalk Harvester,109,33,bamboo forest coorg,47.33,0.3333,3,1,youtube_suggest,2026-09-12 20:26:01.204970
67,The Emerald Stalk Harvester,109,34,bamboo forest chittoor,47.33,0.3333,3,1,youtube_suggest,2026-09-12 20:26:01.205168
67,The Emerald Stalk Harvester,109,35,bamboo forest camping,47.33,0.3333,3,1,youtube_suggest,2026-09-12 20:26:01.205340
67,The Emerald Stalk Harvester,109,36,bamboo forest diorama,47.33,0.3333,3,1,youtube_suggest,2026-09-12 20:26:01.205522
67,The Emerald Stalk Harvester,109,37,bamboo forest drawing,47.33,0.3333,3,1,youtube_suggest,2026-09-12 20:26:01.205687
67,The Emerald Stalk Harvester,109,38,bamboo forest deuter,47.33,0.3333,3,1,youtube_suggest,2026-09-12 20:26:01.205830
67,The Emerald Stalk Harvester,109,39,bamboo forest dakhva,47.33,0.3333,3,1,youtube_suggest,2026-09-12 20:26:01.205977
67,The Emerald Stalk Harvester,109,40,damyang bamboo forest,47.33,0.3333,3,1,youtube_suggest,2026-09-12 20:26:01.206108
67,The Emerald Stalk Harvester,109,41,bamboo forest discover,47.33,0.3333,3,1,youtube_suggest,2026-09-12 20:26:01.206225
67,The Emerald Stalk Harvester,109,42,eystreem bamboo forest,47.33,0.3333,3,1,youtube_suggest,2026-09-12 20:26:01.206343
67,The Emerald Stalk Harvester,109,43,endfield bamboo forest,47.33,0.3333,3,1,youtube_suggest,2026-09-12 20:26:01.206514
67,The Emerald Stalk Harvester,109,44,bamboo forest fire,47.33,0.3333,3,1,youtube_suggest,2026-09-12 20:26:01.206786
67,The Emerald Stalk Harvester,109,45,bamboo forest fight,47.33,0.3333,3,1,youtube_suggest,2026-09-12 20:26:01.206952
67,The Emerald Stalk Harvester,109,46,bamboo forest frontier,47.33,0.3333,3,1,youtube_suggest,2026-09-12 20:26:01.207129
67,The Emerald Stalk Harvester,109,47,bamboo forest footage,47.33,0.3333,3,1,youtube_suggest,2026-09-12 20:26:01.207256
67,The Emerald Stalk Harvester,109,48,bamboo forest angry birds,46.0,0.2857,4,1,youtube_suggest,2026-09-12 20:26:01.207418
67,The Emerald Stalk Harvester,109,49,bamboo forest acrylic painting,46.0,0.2857,4,1,youtube_suggest,2026-09-12 20:26:01.207579
67,The Emerald Stalk Harvester,109,50,bamboo forest minecraft build,46.0,0.2857,4,1,youtube_suggest,2026-09-12 20:26:01.207748
67,The Emerald Stalk Harvester,109,51,bamboo forest chinese girl,46.0,0.2857,4,1,youtube_suggest,2026-09-12 20:26:01.207889
67,The Emerald Stalk Harvester,109,52,bamboo forest coorg malayalam,46.0,0.2857,4,1,youtube_suggest,2026-09-12 20:26:01.208035
67,The Emerald Stalk Harvester,109,53,bamboo forest coorg shopping,46.0,0.2857,4,1,youtube_suggest,2026-09-12 20:26:01.208272
67,The Emerald Stalk Harvester,109,54,bamboo forest drawing easy,46.0,0.2857,4,1,youtube_suggest,2026-09-12 20:26:01.220788
67,The Emerald Stalk Harvester,109,55,bamboo forest sound effect,46.0,0.2857,4,1,youtube_suggest,2026-09-12 20:26:01.221164
67,The Emerald Stalk Harvester,109,56,bamboo forest fight scene,46.0,0.2857,4,1,youtube_suggest,2026-09-12 20:26:01.221557
67,The Emerald Stalk Harvester,109,57,bamboo forest fox puzzle,46.0,0.2857,4,1,youtube_suggest,2026-09-12 20:26:01.221836
67,The Emerald Stalk Harvester,109,58,bamboo forest full album,46.0,0.2857,4,1,youtube_suggest,2026-09-12 20:26:01.221994
67,The Emerald Stalk Harvester,109,59,bamboo forest flying stars,46.0,0.2857,4,1,youtube_suggest,2026-09-12 20:26:01.222146
67,The Emerald Stalk Harvester,109,60,bamboo forest crouching tiger hidden dragon,45.56,0.2222,6,1,youtube_suggest,2026-09-12 20:26:01.222303
68,Bamboo Canopy Cloud-Drill,110,1,mr queen bamboo forest ep 1,53.33,0.3333,6,1,youtube_suggest,2026-09-12 20:33:43.845673
68,Bamboo Canopy Cloud-Drill,110,2,mr queen bamboo forest ep 2,53.33,0.3333,6,1,youtube_suggest,2026-09-12 20:33:43.845976
68,Bamboo Canopy Cloud-Drill,110,3,mr queen bamboo forest ep 3,53.33,0.3333,6,1,youtube_suggest,2026-09-12 20:33:43.846187
68,Bamboo Canopy Cloud-Drill,110,4,bamboo forest of the full moon,50.0,0.2857,6,1,youtube_suggest,2026-09-12 20:33:43.846380
68,Bamboo Canopy Cloud-Drill,110,5,get to the bamboo forest division 2,50.0,0.2857,7,1,youtube_suggest,2026-09-12 20:33:43.846572
68,Bamboo Canopy Cloud-Drill,110,6,bamboo forest in flames,49.33,0.3333,4,1,youtube_suggest,2026-09-12 20:33:43.846758
68,Bamboo Canopy Cloud-Drill,110,7,bamboo forest at night,49.33,0.3333,4,1,youtube_suggest,2026-09-12 20:33:43.846966
68,Bamboo Canopy Cloud-Drill,110,8,bamboo forest background video,49.33,0.3333,4,1,youtube_suggest,2026-09-12 20:33:43.847236
68,Bamboo Canopy Cloud-Drill,110,9,bamboo forest choose your world,48.0,0.2857,5,1,youtube_suggest,2026-09-12 20:33:43.847416
68,Bamboo Canopy Cloud-Drill,110,10,bamboo forest elif & sanoi,48.0,0.2857,5,1,youtube_suggest,2026-09-12 20:33:43.847687
68,Bamboo Canopy Cloud-Drill,110,11,bamboo forest unreal engine 5,48.0,0.2857,5,1,youtube_suggest,2026-09-12 20:33:43.847885
68,Bamboo Canopy Cloud-Drill,110,12,bamboo forest shadow fight 3,48.0,0.2857,5,1,youtube_suggest,2026-09-12 20:33:43.848096
68,Bamboo Canopy Cloud-Drill,110,13,bamboo forest sounds,47.33,0.3333,3,1,youtube_suggest,2026-09-12 20:33:43.851963
68,Bamboo Canopy Cloud-Drill,110,14,bamboo forest kyoto,47.33,0.3333,3,1,youtube_suggest,2026-09-12 20:33:43.852317
68,Bamboo Canopy Cloud-Drill,110,15,bamboo forest japan,47.33,0.3333,3,1,youtube_suggest,2026-09-12 20:33:43.852563
68,Bamboo Canopy Cloud-Drill,110,16,bamboo forest maui,47.33,0.3333,3,1,youtube_suggest,2026-09-12 20:33:43.857074
68,Bamboo Canopy Cloud-Drill,110,17,bamboo forest atlanta,47.33,0.3333,3,1,youtube_suggest,2026-09-12 20:33:43.857289
68,Bamboo Canopy Cloud-Drill,110,18,bamboo forest minecraft,47.33,0.3333,3,1,youtube_suggest,2026-09-12 20:33:43.857483
68,Bamboo Canopy Cloud-Drill,110,19,bamboo forest aquarium,47.33,0.3333,3,1,youtube_suggest,2026-09-12 20:33:43.857779
68,Bamboo Canopy Cloud-Drill,110,20,bamboo forest ambience,47.33,0.3333,3,1,youtube_suggest,2026-09-12 20:33:43.857993
68,Bamboo Canopy Cloud-Drill,110,21,bamboo forest animals,47.33,0.3333,3,1,youtube_suggest,2026-09-12 20:33:43.858136
68,Bamboo Canopy Cloud-Drill,110,22,bamboo forest asmr,47.33,0.3333,3,1,youtube_suggest,2026-09-12 20:33:43.858283
68,Bamboo Canopy Cloud-Drill,110,23,bamboo forest acnh,47.33,0.3333,3,1,youtube_suggest,2026-09-12 20:33:43.858431
68,Bamboo Canopy Cloud-Drill,110,24,bamboo forest aquascape,47.33,0.3333,3,1,youtube_suggest,2026-09-12 20:33:43.858576
68,Bamboo Canopy Cloud-Drill,110,25,bamboo forest bonsai,47.33,0.3333,3,1,youtube_suggest,2026-09-12 20:33:43.858751
68,Bamboo Canopy Cloud-Drill,110,26,bamboo forest background,47.33,0.3333,3,1,youtube_suggest,2026-09-12 20:33:43.858966
68,Bamboo Canopy Cloud-Drill,110,27,bamboo forest build,47.33,0.3333,3,1,youtube_suggest,2026-09-12 20:33:43.859158
68,Bamboo Canopy Cloud-Drill,110,28,bamboo forest breath,47.33,0.3333,3,1,youtube_suggest,2026-09-12 20:33:43.859340
68,Bamboo Canopy Cloud-Drill,110,29,bamboo forest baguio,47.33,0.3333,3,1,youtube_suggest,2026-09-12 20:33:43.859663
68,Bamboo Canopy Cloud-Drill,110,30,bamboo forest bali,47.33,0.3333,3,1,youtube_suggest,2026-09-12 20:33:43.859859
68,Bamboo Canopy Cloud-Drill,110,31,bamboo forest bangalore,47.33,0.3333,3,1,youtube_suggest,2026-09-12 20:33:43.860061
68,Bamboo Canopy Cloud-Drill,110,32,bamboo forest china,47.33,0.3333,3,1,youtube_suggest,2026-09-12 20:33:43.860240
68,Bamboo Canopy Cloud-Drill,110,33,bamboo forest coorg,47.33,0.3333,3,1,youtube_suggest,2026-09-12 20:33:43.860419
68,Bamboo Canopy Cloud-Drill,110,34,bamboo forest chittoor,47.33,0.3333,3,1,youtube_suggest,2026-09-12 20:33:43.860636
68,Bamboo Canopy Cloud-Drill,110,35,bamboo forest camping,47.33,0.3333,3,1,youtube_suggest,2026-09-12 20:33:43.860815
68,Bamboo Canopy Cloud-Drill,110,36,bamboo forest diorama,47.33,0.3333,3,1,youtube_suggest,2026-09-12 20:33:43.861010
68,Bamboo Canopy Cloud-Drill,110,37,bamboo forest drawing,47.33,0.3333,3,1,youtube_suggest,2026-09-12 20:33:43.861191
68,Bamboo Canopy Cloud-Drill,110,38,bamboo forest deuter,47.33,0.3333,3,1,youtube_suggest,2026-09-12 20:33:43.861368
68,Bamboo Canopy Cloud-Drill,110,39,bamboo forest dakhva,47.33,0.3333,3,1,youtube_suggest,2026-09-12 20:33:43.861540
68,Bamboo Canopy Cloud-Drill,110,40,damyang bamboo forest,47.33,0.3333,3,1,youtube_suggest,2026-09-12 20:33:43.861713
68,Bamboo Canopy Cloud-Drill,110,41,bamboo forest discover,47.33,0.3333,3,1,youtube_suggest,2026-09-12 20:33:43.864642
68,Bamboo Canopy Cloud-Drill,110,42,eystreem bamboo forest,47.33,0.3333,3,1,youtube_suggest,2026-09-12 20:33:43.865029
68,Bamboo Canopy Cloud-Drill,110,43,endfield bamboo forest,47.33,0.3333,3,1,youtube_suggest,2026-09-12 20:33:43.865242
68,Bamboo Canopy Cloud-Drill,110,44,bamboo forest fire,47.33,0.3333,3,1,youtube_suggest,2026-09-12 20:33:43.865432
68,Bamboo Canopy Cloud-Drill,110,45,bamboo forest fight,47.33,0.3333,3,1,youtube_suggest,2026-09-12 20:33:43.866959
68,Bamboo Canopy Cloud-Drill,110,46,bamboo forest frontier,47.33,0.3333,3,1,youtube_suggest,2026-09-12 20:33:43.867261
68,Bamboo Canopy Cloud-Drill,110,47,bamboo forest footage,47.33,0.3333,3,1,youtube_suggest,2026-09-12 20:33:43.867453
68,Bamboo Canopy Cloud-Drill,110,48,bamboo forest angry birds,46.0,0.2857,4,1,youtube_suggest,2026-09-12 20:33:43.868821
68,Bamboo Canopy Cloud-Drill,110,49,bamboo forest acrylic painting,46.0,0.2857,4,1,youtube_suggest,2026-09-12 20:33:43.869056
68,Bamboo Canopy Cloud-Drill,110,50,bamboo forest minecraft build,46.0,0.2857,4,1,youtube_suggest,2026-09-12 20:33:43.869246
68,Bamboo Canopy Cloud-Drill,110,51,bamboo forest chinese girl,46.0,0.2857,4,1,youtube_suggest,2026-09-12 20:33:43.869432
68,Bamboo Canopy Cloud-Drill,110,52,bamboo forest coorg malayalam,46.0,0.2857,4,1,youtube_suggest,2026-09-12 20:33:43.872829
68,Bamboo Canopy Cloud-Drill,110,53,bamboo forest coorg shopping,46.0,0.2857,4,1,youtube_suggest,2026-09-12 20:33:43.873116
68,Bamboo Canopy Cloud-Drill,110,54,bamboo forest drawing easy,46.0,0.2857,4,1,youtube_suggest,2026-09-12 20:33:43.873314
68,Bamboo Canopy Cloud-Drill,110,55,bamboo forest sound effect,46.0,0.2857,4,1,youtube_suggest,2026-09-12 20:33:43.873512
68,Bamboo Canopy Cloud-Drill,110,56,bamboo forest fight scene,46.0,0.2857,4,1,youtube_suggest,2026-09-12 20:33:43.873698
68,Bamboo Canopy Cloud-Drill,110,57,bamboo forest fox puzzle,46.0,0.2857,4,1,youtube_suggest,2026-09-12 20:33:43.873877
68,Bamboo Canopy Cloud-Drill,110,58,bamboo forest full album,46.0,0.2857,4,1,youtube_suggest,2026-09-12 20:33:43.874066
68,Bamboo Canopy Cloud-Drill,110,59,bamboo forest flying stars,46.0,0.2857,4,1,youtube_suggest,2026-09-12 20:33:43.874244
68,Bamboo Canopy Cloud-Drill,110,60,bamboo forest crouching tiger hidden dragon,45.56,0.2222,6,1,youtube_suggest,2026-09-12 20:33:43.874536
69,The Titan Bamboo Splitter,111,1,mr queen bamboo forest ep 1,58.0,0.4,6,1,youtube_suggest,2026-09-12 20:36:29.670764
69,The Titan Bamboo Splitter,111,2,mr queen bamboo forest ep 2,58.0,0.4,6,1,youtube_suggest,2026-09-12 20:36:29.671098
69,The Titan Bamboo Splitter,111,3,mr queen bamboo forest ep 3,58.0,0.4,6,1,youtube_suggest,2026-09-12 20:36:29.671333
69,The Titan Bamboo Splitter,111,4,bamboo forest in flames,54.0,0.4,4,1,youtube_suggest,2026-09-12 20:36:29.671532
69,The Titan Bamboo Splitter,111,5,bamboo forest at night,54.0,0.4,4,1,youtube_suggest,2026-09-12 20:36:29.674593
69,The Titan Bamboo Splitter,111,6,bamboo forest background video,54.0,0.4,4,1,youtube_suggest,2026-09-12 20:36:29.675058
69,The Titan Bamboo Splitter,111,7,bamboo forest of the full moon,53.33,0.3333,6,1,youtube_suggest,2026-09-12 20:36:29.675263
69,The Titan Bamboo Splitter,111,8,get to the bamboo forest division 2,53.33,0.3333,7,1,youtube_suggest,2026-09-12 20:36:29.675503
69,The Titan Bamboo Splitter,111,9,bamboo forest sounds,52.0,0.4,3,1,youtube_suggest,2026-09-12 20:36:29.675691
69,The Titan Bamboo Splitter,111,10,bamboo forest kyoto,52.0,0.4,3,1,youtube_suggest,2026-09-12 20:36:29.676682
69,The Titan Bamboo Splitter,111,11,bamboo forest japan,52.0,0.4,3,1,youtube_suggest,2026-09-12 20:36:29.677010
69,The Titan Bamboo Splitter,111,12,bamboo forest maui,52.0,0.4,3,1,youtube_suggest,2026-09-12 20:36:29.677210
69,The Titan Bamboo Splitter,111,13,bamboo forest atlanta,52.0,0.4,3,1,youtube_suggest,2026-09-12 20:36:29.677416
69,The Titan Bamboo Splitter,111,14,bamboo forest minecraft,52.0,0.4,3,1,youtube_suggest,2026-09-12 20:36:29.677764
69,The Titan Bamboo Splitter,111,15,bamboo forest aquarium,52.0,0.4,3,1,youtube_suggest,2026-09-12 20:36:29.677965
69,The Titan Bamboo Splitter,111,16,bamboo forest ambience,52.0,0.4,3,1,youtube_suggest,2026-09-12 20:36:29.678148
69,The Titan Bamboo Splitter,111,17,bamboo forest animals,52.0,0.4,3,1,youtube_suggest,2026-09-12 20:36:29.678325
69,The Titan Bamboo Splitter,111,18,bamboo forest asmr,52.0,0.4,3,1,youtube_suggest,2026-09-12 20:36:29.678500
69,The Titan Bamboo Splitter,111,19,bamboo forest acnh,52.0,0.4,3,1,youtube_suggest,2026-09-12 20:36:29.678691
69,The Titan Bamboo Splitter,111,20,bamboo forest aquascape,52.0,0.4,3,1,youtube_suggest,2026-09-12 20:36:29.679019
69,The Titan Bamboo Splitter,111,21,bamboo forest bonsai,52.0,0.4,3,1,youtube_suggest,2026-09-12 20:36:29.679355
69,The Titan Bamboo Splitter,111,22,bamboo forest background,52.0,0.4,3,1,youtube_suggest,2026-09-12 20:36:29.679586
69,The Titan Bamboo Splitter,111,23,bamboo forest build,52.0,0.4,3,1,youtube_suggest,2026-09-12 20:36:29.679780
69,The Titan Bamboo Splitter,111,24,bamboo forest breath,52.0,0.4,3,1,youtube_suggest,2026-09-12 20:36:29.679971
69,The Titan Bamboo Splitter,111,25,bamboo forest baguio,52.0,0.4,3,1,youtube_suggest,2026-09-12 20:36:29.680151
69,The Titan Bamboo Splitter,111,26,bamboo forest bali,52.0,0.4,3,1,youtube_suggest,2026-09-12 20:36:29.680475
69,The Titan Bamboo Splitter,111,27,bamboo forest bangalore,52.0,0.4,3,1,youtube_suggest,2026-09-12 20:36:29.692867
69,The Titan Bamboo Splitter,111,28,bamboo forest china,52.0,0.4,3,1,youtube_suggest,2026-09-12 20:36:29.693146
69,The Titan Bamboo Splitter,111,29,bamboo forest coorg,52.0,0.4,3,1,youtube_suggest,2026-09-12 20:36:29.693346
69,The Titan Bamboo Splitter,111,30,bamboo forest chittoor,52.0,0.4,3,1,youtube_suggest,2026-09-12 20:36:29.693682
69,The Titan Bamboo Splitter,111,31,bamboo forest camping,52.0,0.4,3,1,youtube_suggest,2026-09-12 20:36:29.693873
69,The Titan Bamboo Splitter,111,32,bamboo forest diorama,52.0,0.4,3,1,youtube_suggest,2026-09-12 20:36:29.694072
69,The Titan Bamboo Splitter,111,33,bamboo forest drawing,52.0,0.4,3,1,youtube_suggest,2026-09-12 20:36:29.694259
69,The Titan Bamboo Splitter,111,34,bamboo forest deuter,52.0,0.4,3,1,youtube_suggest,2026-09-12 20:36:29.694435
69,The Titan Bamboo Splitter,111,35,bamboo forest dakhva,52.0,0.4,3,1,youtube_suggest,2026-09-12 20:36:29.694618
69,The Titan Bamboo Splitter,111,36,damyang bamboo forest,52.0,0.4,3,1,youtube_suggest,2026-09-12 20:36:29.694795
69,The Titan Bamboo Splitter,111,37,bamboo forest discover,52.0,0.4,3,1,youtube_suggest,2026-09-12 20:36:29.699426
69,The Titan Bamboo Splitter,111,38,eystreem bamboo forest,52.0,0.4,3,1,youtube_suggest,2026-09-12 20:36:29.701008
69,The Titan Bamboo Splitter,111,39,endfield bamboo forest,52.0,0.4,3,1,youtube_suggest,2026-09-12 20:36:29.701367
69,The Titan Bamboo Splitter,111,40,bamboo forest fire,52.0,0.4,3,1,youtube_suggest,2026-09-12 20:36:29.701562
69,The Titan Bamboo Splitter,111,41,bamboo forest fight,52.0,0.4,3,1,youtube_suggest,2026-09-12 20:36:29.702024
69,The Titan Bamboo Splitter,111,42,bamboo forest frontier,52.0,0.4,3,1,youtube_suggest,2026-09-12 20:36:29.702296
69,The Titan Bamboo Splitter,111,43,bamboo forest footage,52.0,0.4,3,1,youtube_suggest,2026-09-12 20:36:29.702519
69,The Titan Bamboo Splitter,111,44,bamboo splitter machine,52.0,0.4,3,1,youtube_suggest,2026-09-12 20:36:29.702719
69,The Titan Bamboo Splitter,111,45,bamboo forest choose your world,51.33,0.3333,5,1,youtube_suggest,2026-09-12 20:36:29.702910
69,The Titan Bamboo Splitter,111,46,bamboo forest elif & sanoi,51.33,0.3333,5,1,youtube_suggest,2026-09-12 20:36:29.703096
69,The Titan Bamboo Splitter,111,47,bamboo forest unreal engine 5,51.33,0.3333,5,1,youtube_suggest,2026-09-12 20:36:29.703436
69,The Titan Bamboo Splitter,111,48,bamboo forest shadow fight 3,51.33,0.3333,5,1,youtube_suggest,2026-09-12 20:36:29.703695
69,The Titan Bamboo Splitter,111,49,bamboo forest angry birds,49.33,0.3333,4,1,youtube_suggest,2026-09-12 20:36:29.703963
69,The Titan Bamboo Splitter,111,50,bamboo forest acrylic painting,49.33,0.3333,4,1,youtube_suggest,2026-09-12 20:36:29.704193
69,The Titan Bamboo Splitter,111,51,bamboo forest minecraft build,49.33,0.3333,4,1,youtube_suggest,2026-09-12 20:36:29.704399
69,The Titan Bamboo Splitter,111,52,bamboo forest chinese girl,49.33,0.3333,4,1,youtube_suggest,2026-09-12 20:36:29.715682
69,The Titan Bamboo Splitter,111,53,bamboo forest coorg malayalam,49.33,0.3333,4,1,youtube_suggest,2026-09-12 20:36:29.716112
69,The Titan Bamboo Splitter,111,54,bamboo forest coorg shopping,49.33,0.3333,4,1,youtube_suggest,2026-09-12 20:36:29.716350
69,The Titan Bamboo Splitter,111,55,bamboo forest drawing easy,49.33,0.3333,4,1,youtube_suggest,2026-09-12 20:36:29.717041
69,The Titan Bamboo Splitter,111,56,bamboo forest sound effect,49.33,0.3333,4,1,youtube_suggest,2026-09-12 20:36:29.717292
69,The Titan Bamboo Splitter,111,57,bamboo forest fight scene,49.33,0.3333,4,1,youtube_suggest,2026-09-12 20:36:29.717507
69,The Titan Bamboo Splitter,111,58,bamboo forest fox puzzle,49.33,0.3333,4,1,youtube_suggest,2026-09-12 20:36:29.720957
69,The Titan Bamboo Splitter,111,59,bamboo forest full album,49.33,0.3333,4,1,youtube_suggest,2026-09-12 20:36:29.721387
69,The Titan Bamboo Splitter,111,60,bamboo forest flying stars,49.33,0.3333,4,1,youtube_suggest,2026-09-12 20:36:29.721604
70,Celestial Shoot Accelerator,112,1,mr queen bamboo forest ep 1,53.33,0.3333,6,1,youtube_suggest,2026-09-12 20:39:42.643516
70,Celestial Shoot Accelerator,112,2,mr queen bamboo forest ep 2,53.33,0.3333,6,1,youtube_suggest,2026-09-12 20:39:42.643816
70,Celestial Shoot Accelerator,112,3,mr queen bamboo forest ep 3,53.33,0.3333,6,1,youtube_suggest,2026-09-12 20:39:42.644028
70,Celestial Shoot Accelerator,112,4,bamboo forest of the full moon,50.0,0.2857,6,1,youtube_suggest,2026-09-12 20:39:42.644222
70,Celestial Shoot Accelerator,112,5,get to the bamboo forest division 2,50.0,0.2857,7,1,youtube_suggest,2026-09-12 20:39:42.644452
70,Celestial Shoot Accelerator,112,6,bamboo forest in flames,49.33,0.3333,4,1,youtube_suggest,2026-09-12 20:39:42.644783
70,Celestial Shoot Accelerator,112,7,bamboo forest at night,49.33,0.3333,4,1,youtube_suggest,2026-09-12 20:39:42.644993
70,Celestial Shoot Accelerator,112,8,bamboo forest background video,49.33,0.3333,4,1,youtube_suggest,2026-09-12 20:39:42.645193
70,Celestial Shoot Accelerator,112,9,bamboo forest choose your world,48.0,0.2857,5,1,youtube_suggest,2026-09-12 20:39:42.645426
70,Celestial Shoot Accelerator,112,10,bamboo forest elif & sanoi,48.0,0.2857,5,1,youtube_suggest,2026-09-12 20:39:42.646429
70,Celestial Shoot Accelerator,112,11,bamboo forest unreal engine 5,48.0,0.2857,5,1,youtube_suggest,2026-09-12 20:39:42.647270
70,Celestial Shoot Accelerator,112,12,bamboo forest shadow fight 3,48.0,0.2857,5,1,youtube_suggest,2026-09-12 20:39:42.648881
70,Celestial Shoot Accelerator,112,13,bamboo forest sounds,47.33,0.3333,3,1,youtube_suggest,2026-09-12 20:39:42.649172
70,Celestial Shoot Accelerator,112,14,bamboo forest kyoto,47.33,0.3333,3,1,youtube_suggest,2026-09-12 20:39:42.649415
70,Celestial Shoot Accelerator,112,15,bamboo forest japan,47.33,0.3333,3,1,youtube_suggest,2026-09-12 20:39:42.649613
70,Celestial Shoot Accelerator,112,16,bamboo forest maui,47.33,0.3333,3,1,youtube_suggest,2026-09-12 20:39:42.649800
70,Celestial Shoot Accelerator,112,17,bamboo forest atlanta,47.33,0.3333,3,1,youtube_suggest,2026-09-12 20:39:42.649989
70,Celestial Shoot Accelerator,112,18,bamboo forest minecraft,47.33,0.3333,3,1,youtube_suggest,2026-09-12 20:39:42.650182
70,Celestial Shoot Accelerator,112,19,bamboo forest aquarium,47.33,0.3333,3,1,youtube_suggest,2026-09-12 20:39:42.650393
70,Celestial Shoot Accelerator,112,20,bamboo forest ambience,47.33,0.3333,3,1,youtube_suggest,2026-09-12 20:39:42.652318
70,Celestial Shoot Accelerator,112,21,bamboo forest animals,47.33,0.3333,3,1,youtube_suggest,2026-09-12 20:39:42.653472
70,Celestial Shoot Accelerator,112,22,bamboo forest asmr,47.33,0.3333,3,1,youtube_suggest,2026-09-12 20:39:42.654183
70,Celestial Shoot Accelerator,112,23,bamboo forest acnh,47.33,0.3333,3,1,youtube_suggest,2026-09-12 20:39:42.655225
70,Celestial Shoot Accelerator,112,24,bamboo forest aquascape,47.33,0.3333,3,1,youtube_suggest,2026-09-12 20:39:42.655513
70,Celestial Shoot Accelerator,112,25,bamboo forest bonsai,47.33,0.3333,3,1,youtube_suggest,2026-09-12 20:39:42.655715
70,Celestial Shoot Accelerator,112,26,bamboo forest background,47.33,0.3333,3,1,youtube_suggest,2026-09-12 20:39:42.655923
70,Celestial Shoot Accelerator,112,27,bamboo forest build,47.33,0.3333,3,1,youtube_suggest,2026-09-12 20:39:42.656112
70,Celestial Shoot Accelerator,112,28,bamboo forest breath,47.33,0.3333,3,1,youtube_suggest,2026-09-12 20:39:42.656311
70,Celestial Shoot Accelerator,112,29,bamboo forest baguio,47.33,0.3333,3,1,youtube_suggest,2026-09-12 20:39:42.659478
70,Celestial Shoot Accelerator,112,30,bamboo forest bali,47.33,0.3333,3,1,youtube_suggest,2026-09-12 20:39:42.659821
70,Celestial Shoot Accelerator,112,31,bamboo forest bangalore,47.33,0.3333,3,1,youtube_suggest,2026-09-12 20:39:42.660048
70,Celestial Shoot Accelerator,112,32,bamboo forest china,47.33,0.3333,3,1,youtube_suggest,2026-09-12 20:39:42.660258
70,Celestial Shoot Accelerator,112,33,bamboo forest coorg,47.33,0.3333,3,1,youtube_suggest,2026-09-12 20:39:42.660474
70,Celestial Shoot Accelerator,112,34,bamboo forest chittoor,47.33,0.3333,3,1,youtube_suggest,2026-09-12 20:39:42.660807
70,Celestial Shoot Accelerator,112,35,bamboo forest camping,47.33,0.3333,3,1,youtube_suggest,2026-09-12 20:39:42.661006
70,Celestial Shoot Accelerator,112,36,bamboo forest diorama,47.33,0.3333,3,1,youtube_suggest,2026-09-12 20:39:42.661180
70,Celestial Shoot Accelerator,112,37,bamboo forest drawing,47.33,0.3333,3,1,youtube_suggest,2026-09-12 20:39:42.661382
70,Celestial Shoot Accelerator,112,38,bamboo forest deuter,47.33,0.3333,3,1,youtube_suggest,2026-09-12 20:39:42.661554
70,Celestial Shoot Accelerator,112,39,bamboo forest dakhva,47.33,0.3333,3,1,youtube_suggest,2026-09-12 20:39:42.661741
70,Celestial Shoot Accelerator,112,40,damyang bamboo forest,47.33,0.3333,3,1,youtube_suggest,2026-09-12 20:39:42.664852
70,Celestial Shoot Accelerator,112,41,bamboo forest discover,47.33,0.3333,3,1,youtube_suggest,2026-09-12 20:39:42.665419
70,Celestial Shoot Accelerator,112,42,eystreem bamboo forest,47.33,0.3333,3,1,youtube_suggest,2026-09-12 20:39:42.665970
70,Celestial Shoot Accelerator,112,43,endfield bamboo forest,47.33,0.3333,3,1,youtube_suggest,2026-09-12 20:39:42.666201
70,Celestial Shoot Accelerator,112,44,bamboo forest fire,47.33,0.3333,3,1,youtube_suggest,2026-09-12 20:39:42.666439
70,Celestial Shoot Accelerator,112,45,bamboo forest fight,47.33,0.3333,3,1,youtube_suggest,2026-09-12 20:39:42.666661
70,Celestial Shoot Accelerator,112,46,bamboo forest frontier,47.33,0.3333,3,1,youtube_suggest,2026-09-12 20:39:42.666856
70,Celestial Shoot Accelerator,112,47,bamboo forest footage,47.33,0.3333,3,1,youtube_suggest,2026-09-12 20:39:42.667047
70,Celestial Shoot Accelerator,112,48,bamboo forest angry birds,46.0,0.2857,4,1,youtube_suggest,2026-09-12 20:39:42.668928
70,Celestial Shoot Accelerator,112,49,bamboo forest acrylic painting,46.0,0.2857,4,1,youtube_suggest,2026-09-12 20:39:42.669203
70,Celestial Shoot Accelerator,112,50,bamboo forest minecraft build,46.0,0.2857,4,1,youtube_suggest,2026-09-12 20:39:42.669400
70,Celestial Shoot Accelerator,112,51,bamboo forest chinese girl,46.0,0.2857,4,1,youtube_suggest,2026-09-12 20:39:42.669602
70,Celestial Shoot Accelerator,112,52,bamboo forest coorg malayalam,46.0,0.2857,4,1,youtube_suggest,2026-09-12 20:39:42.669809
70,Celestial Shoot Accelerator,112,53,bamboo forest coorg shopping,46.0,0.2857,4,1,youtube_suggest,2026-09-12 20:39:42.670003
70,Celestial Shoot Accelerator,112,54,bamboo forest drawing easy,46.0,0.2857,4,1,youtube_suggest,2026-09-12 20:39:42.670200
70,Celestial Shoot Accelerator,112,55,bamboo forest sound effect,46.0,0.2857,4,1,youtube_suggest,2026-09-12 20:39:42.670386
70,Celestial Shoot Accelerator,112,56,bamboo forest fight scene,46.0,0.2857,4,1,youtube_suggest,2026-09-12 20:39:42.670584
70,Celestial Shoot Accelerator,112,57,bamboo forest fox puzzle,46.0,0.2857,4,1,youtube_suggest,2026-09-12 20:39:42.670774
70,Celestial Shoot Accelerator,112,58,bamboo forest full album,46.0,0.2857,4,1,youtube_suggest,2026-09-12 20:39:42.670971
70,Celestial Shoot Accelerator,112,59,bamboo forest flying stars,46.0,0.2857,4,1,youtube_suggest,2026-09-12 20:39:42.671168
70,Celestial Shoot Accelerator,112,60,bamboo forest crouching tiger hidden dragon,45.56,0.2222,6,1,youtube_suggest,2026-09-12 20:39:42.671353
71,The Bamboo Ring Leviathan,113,1,mr queen bamboo forest ep 1,58.0,0.4,6,1,youtube_suggest,2026-09-12 20:43:04.335877
71,The Bamboo Ring Leviathan,113,2,mr queen bamboo forest ep 2,58.0,0.4,6,1,youtube_suggest,2026-09-12 20:43:04.336174
71,The Bamboo Ring Leviathan,113,3,mr queen bamboo forest ep 3,58.0,0.4,6,1,youtube_suggest,2026-09-12 20:43:04.336674
71,The Bamboo Ring Leviathan,113,4,bamboo forest in flames,54.0,0.4,4,1,youtube_suggest,2026-09-12 20:43:04.336932
71,The Bamboo Ring Leviathan,113,5,bamboo forest at night,54.0,0.4,4,1,youtube_suggest,2026-09-12 20:43:04.337286
71,The Bamboo Ring Leviathan,113,6,bamboo forest background video,54.0,0.4,4,1,youtube_suggest,2026-09-12 20:43:04.337489
71,The Bamboo Ring Leviathan,113,7,bamboo forest of the full moon,53.33,0.3333,6,1,youtube_suggest,2026-09-12 20:43:04.337674
71,The Bamboo Ring Leviathan,113,8,get to the bamboo forest division 2,53.33,0.3333,7,1,youtube_suggest,2026-09-12 20:43:04.337866
71,The Bamboo Ring Leviathan,113,9,bamboo forest sounds,52.0,0.4,3,1,youtube_suggest,2026-09-12 20:43:04.338047
71,The Bamboo Ring Leviathan,113,10,bamboo forest kyoto,52.0,0.4,3,1,youtube_suggest,2026-09-12 20:43:04.338241
71,The Bamboo Ring Leviathan,113,11,bamboo forest japan,52.0,0.4,3,1,youtube_suggest,2026-09-12 20:43:04.338423
71,The Bamboo Ring Leviathan,113,12,bamboo forest maui,52.0,0.4,3,1,youtube_suggest,2026-09-12 20:43:04.338627
71,The Bamboo Ring Leviathan,113,13,bamboo forest atlanta,52.0,0.4,3,1,youtube_suggest,2026-09-12 20:43:04.338944
71,The Bamboo Ring Leviathan,113,14,bamboo forest minecraft,52.0,0.4,3,1,youtube_suggest,2026-09-12 20:43:04.339126
71,The Bamboo Ring Leviathan,113,15,bamboo forest aquarium,52.0,0.4,3,1,youtube_suggest,2026-09-12 20:43:04.342614
71,The Bamboo Ring Leviathan,113,16,bamboo forest ambience,52.0,0.4,3,1,youtube_suggest,2026-09-12 20:43:04.343057
71,The Bamboo Ring Leviathan,113,17,bamboo forest animals,52.0,0.4,3,1,youtube_suggest,2026-09-12 20:43:04.343409
71,The Bamboo Ring Leviathan,113,18,bamboo forest asmr,52.0,0.4,3,1,youtube_suggest,2026-09-12 20:43:04.343602
71,The Bamboo Ring Leviathan,113,19,bamboo forest acnh,52.0,0.4,3,1,youtube_suggest,2026-09-12 20:43:04.343807
71,The Bamboo Ring Leviathan,113,20,bamboo forest aquascape,52.0,0.4,3,1,youtube_suggest,2026-09-12 20:43:04.343996
71,The Bamboo Ring Leviathan,113,21,bamboo forest bonsai,52.0,0.4,3,1,youtube_suggest,2026-09-12 20:43:04.344179
71,The Bamboo Ring Leviathan,113,22,bamboo forest background,52.0,0.4,3,1,youtube_suggest,2026-09-12 20:43:04.344381
71,The Bamboo Ring Leviathan,113,23,bamboo forest build,52.0,0.4,3,1,youtube_suggest,2026-09-12 20:43:04.346934
71,The Bamboo Ring Leviathan,113,24,bamboo forest breath,52.0,0.4,3,1,youtube_suggest,2026-09-12 20:43:04.347157
71,The Bamboo Ring Leviathan,113,25,bamboo forest baguio,52.0,0.4,3,1,youtube_suggest,2026-09-12 20:43:04.347510
71,The Bamboo Ring Leviathan,113,26,bamboo forest bali,52.0,0.4,3,1,youtube_suggest,2026-09-12 20:43:04.347740
71,The Bamboo Ring Leviathan,113,27,bamboo forest bangalore,52.0,0.4,3,1,youtube_suggest,2026-09-12 20:43:04.347946
71,The Bamboo Ring Leviathan,113,28,bamboo forest china,52.0,0.4,3,1,youtube_suggest,2026-09-12 20:43:04.349160
71,The Bamboo Ring Leviathan,113,29,bamboo forest coorg,52.0,0.4,3,1,youtube_suggest,2026-09-12 20:43:04.349681
71,The Bamboo Ring Leviathan,113,30,bamboo forest chittoor,52.0,0.4,3,1,youtube_suggest,2026-09-12 20:43:04.349899
71,The Bamboo Ring Leviathan,113,31,bamboo forest camping,52.0,0.4,3,1,youtube_suggest,2026-09-12 20:43:04.350175
71,The Bamboo Ring Leviathan,113,32,bamboo forest diorama,52.0,0.4,3,1,youtube_suggest,2026-09-12 20:43:04.350524
71,The Bamboo Ring Leviathan,113,33,bamboo forest drawing,52.0,0.4,3,1,youtube_suggest,2026-09-12 20:43:04.350757
71,The Bamboo Ring Leviathan,113,34,bamboo forest deuter,52.0,0.4,3,1,youtube_suggest,2026-09-12 20:43:04.350971
71,The Bamboo Ring Leviathan,113,35,bamboo forest dakhva,52.0,0.4,3,1,youtube_suggest,2026-09-12 20:43:04.351163
71,The Bamboo Ring Leviathan,113,36,damyang bamboo forest,52.0,0.4,3,1,youtube_suggest,2026-09-12 20:43:04.351381
71,The Bamboo Ring Leviathan,113,37,bamboo forest discover,52.0,0.4,3,1,youtube_suggest,2026-09-12 20:43:04.351716
71,The Bamboo Ring Leviathan,113,38,eystreem bamboo forest,52.0,0.4,3,1,youtube_suggest,2026-09-12 20:43:04.351918
71,The Bamboo Ring Leviathan,113,39,endfield bamboo forest,52.0,0.4,3,1,youtube_suggest,2026-09-12 20:43:04.352111
71,The Bamboo Ring Leviathan,113,40,bamboo forest fire,52.0,0.4,3,1,youtube_suggest,2026-09-12 20:43:04.352323
71,The Bamboo Ring Leviathan,113,41,bamboo forest fight,52.0,0.4,3,1,youtube_suggest,2026-09-12 20:43:04.352515
71,The Bamboo Ring Leviathan,113,42,bamboo forest frontier,52.0,0.4,3,1,youtube_suggest,2026-09-12 20:43:04.355972
71,The Bamboo Ring Leviathan,113,43,bamboo forest footage,52.0,0.4,3,1,youtube_suggest,2026-09-12 20:43:04.356203
71,The Bamboo Ring Leviathan,113,44,bamboo forest choose your world,51.33,0.3333,5,1,youtube_suggest,2026-09-12 20:43:04.356397
71,The Bamboo Ring Leviathan,113,45,bamboo forest elif & sanoi,51.33,0.3333,5,1,youtube_suggest,2026-09-12 20:43:04.364870
71,The Bamboo Ring Leviathan,113,46,bamboo forest unreal engine 5,51.33,0.3333,5,1,youtube_suggest,2026-09-12 20:43:04.365200
71,The Bamboo Ring Leviathan,113,47,bamboo forest shadow fight 3,51.33,0.3333,5,1,youtube_suggest,2026-09-12 20:43:04.365550
71,The Bamboo Ring Leviathan,113,48,bamboo forest angry birds,49.33,0.3333,4,1,youtube_suggest,2026-09-12 20:43:04.366260
71,The Bamboo Ring Leviathan,113,49,bamboo forest acrylic painting,49.33,0.3333,4,1,youtube_suggest,2026-09-12 20:43:04.366685
71,The Bamboo Ring Leviathan,113,50,bamboo forest minecraft build,49.33,0.3333,4,1,youtube_suggest,2026-09-12 20:43:04.367204
71,The Bamboo Ring Leviathan,113,51,bamboo forest chinese girl,49.33,0.3333,4,1,youtube_suggest,2026-09-12 20:43:04.367420
71,The Bamboo Ring Leviathan,113,52,bamboo forest coorg malayalam,49.33,0.3333,4,1,youtube_suggest,2026-09-12 20:43:04.367798
71,The Bamboo Ring Leviathan,113,53,bamboo forest coorg shopping,49.33,0.3333,4,1,youtube_suggest,2026-09-12 20:43:04.368009
71,The Bamboo Ring Leviathan,113,54,bamboo forest drawing easy,49.33,0.3333,4,1,youtube_suggest,2026-09-12 20:43:04.368201
71,The Bamboo Ring Leviathan,113,55,bamboo forest sound effect,49.33,0.3333,4,1,youtube_suggest,2026-09-12 20:43:04.368426
71,The Bamboo Ring Leviathan,113,56,bamboo forest fight scene,49.33,0.3333,4,1,youtube_suggest,2026-09-12 20:43:04.368777
71,The Bamboo Ring Leviathan,113,57,bamboo forest fox puzzle,49.33,0.3333,4,1,youtube_suggest,2026-09-12 20:43:04.368978
71,The Bamboo Ring Leviathan,113,58,bamboo forest full album,49.33,0.3333,4,1,youtube_suggest,2026-09-12 20:43:04.369165
71,The Bamboo Ring Leviathan,113,59,bamboo forest flying stars,49.33,0.3333,4,1,youtube_suggest,2026-09-12 20:43:04.370681
71,The Bamboo Ring Leviathan,113,60,arashiyama bamboo forest japan december,48.0,0.2857,5,1,youtube_suggest,2026-09-12 20:43:04.370896
72,The Infinite Bamboo Grove City,114,1,in a bamboo grove,54.0,0.4,4,1,youtube_suggest,2026-09-12 20:46:04.935586
72,The Infinite Bamboo Grove City,114,2,mr queen bamboo forest ep 1,53.33,0.3333,6,1,youtube_suggest,2026-09-12 20:46:04.937298
72,The Infinite Bamboo Grove City,114,3,mr queen bamboo forest ep 2,53.33,0.3333,6,1,youtube_suggest,2026-09-12 20:46:04.938315
72,The Infinite Bamboo Grove City,114,4,mr queen bamboo forest ep 3,53.33,0.3333,6,1,youtube_suggest,2026-09-12 20:46:04.939406
72,The Infinite Bamboo Grove City,114,5,bamboo forest of the full moon,50.0,0.2857,6,1,youtube_suggest,2026-09-12 20:46:04.939662
72,The Infinite Bamboo Grove City,114,6,get to the bamboo forest division 2,50.0,0.2857,7,1,youtube_suggest,2026-09-12 20:46:04.939876
72,The Infinite Bamboo Grove City,114,7,bamboo forest in flames,49.33,0.3333,4,1,youtube_suggest,2026-09-12 20:46:04.940066
72,The Infinite Bamboo Grove City,114,8,bamboo forest at night,49.33,0.3333,4,1,youtube_suggest,2026-09-12 20:46:04.940913
72,The Infinite Bamboo Grove City,114,9,bamboo forest background video,49.33,0.3333,4,1,youtube_suggest,2026-09-12 20:46:04.941135
72,The Infinite Bamboo Grove City,114,10,bamboo forest choose your world,48.0,0.2857,5,1,youtube_suggest,2026-09-12 20:46:04.941330
72,The Infinite Bamboo Grove City,114,11,bamboo forest elif & sanoi,48.0,0.2857,5,1,youtube_suggest,2026-09-12 20:46:04.941517
72,The Infinite Bamboo Grove City,114,12,bamboo forest unreal engine 5,48.0,0.2857,5,1,youtube_suggest,2026-09-12 20:46:04.941704
72,The Infinite Bamboo Grove City,114,13,bamboo forest shadow fight 3,48.0,0.2857,5,1,youtube_suggest,2026-09-12 20:46:04.941970
72,The Infinite Bamboo Grove City,114,14,bamboo forest sounds,47.33,0.3333,3,1,youtube_suggest,2026-09-12 20:46:04.942239
72,The Infinite Bamboo Grove City,114,15,bamboo forest kyoto,47.33,0.3333,3,1,youtube_suggest,2026-09-12 20:46:04.942430
72,The Infinite Bamboo Grove City,114,16,bamboo forest japan,47.33,0.3333,3,1,youtube_suggest,2026-09-12 20:46:04.945047
72,The Infinite Bamboo Grove City,114,17,bamboo forest maui,47.33,0.3333,3,1,youtube_suggest,2026-09-12 20:46:04.945308
72,The Infinite Bamboo Grove City,114,18,bamboo forest atlanta,47.33,0.3333,3,1,youtube_suggest,2026-09-12 20:46:04.945504
72,The Infinite Bamboo Grove City,114,19,bamboo forest minecraft,47.33,0.3333,3,1,youtube_suggest,2026-09-12 20:46:04.945695
72,The Infinite Bamboo Grove City,114,20,bamboo forest aquarium,47.33,0.3333,3,1,youtube_suggest,2026-09-12 20:46:04.945894
72,The Infinite Bamboo Grove City,114,21,bamboo forest ambience,47.33,0.3333,3,1,youtube_suggest,2026-09-12 20:46:04.946081
72,The Infinite Bamboo Grove City,114,22,bamboo forest animals,47.33,0.3333,3,1,youtube_suggest,2026-09-12 20:46:04.946418
72,The Infinite Bamboo Grove City,114,23,bamboo forest asmr,47.33,0.3333,3,1,youtube_suggest,2026-09-12 20:46:04.946612
72,The Infinite Bamboo Grove City,114,24,bamboo forest acnh,47.33,0.3333,3,1,youtube_suggest,2026-09-12 20:46:04.946807
72,The Infinite Bamboo Grove City,114,25,bamboo forest aquascape,47.33,0.3333,3,1,youtube_suggest,2026-09-12 20:46:04.946996
72,The Infinite Bamboo Grove City,114,26,bamboo forest bonsai,47.33,0.3333,3,1,youtube_suggest,2026-09-12 20:46:04.947176
72,The Infinite Bamboo Grove City,114,27,bamboo forest background,47.33,0.3333,3,1,youtube_suggest,2026-09-12 20:46:04.947359
72,The Infinite Bamboo Grove City,114,28,bamboo forest build,47.33,0.3333,3,1,youtube_suggest,2026-09-12 20:46:04.947540
72,The Infinite Bamboo Grove City,114,29,bamboo forest breath,47.33,0.3333,3,1,youtube_suggest,2026-09-12 20:46:04.947875
72,The Infinite Bamboo Grove City,114,30,bamboo forest baguio,47.33,0.3333,3,1,youtube_suggest,2026-09-12 20:46:04.952456
72,The Infinite Bamboo Grove City,114,31,bamboo forest bali,47.33,0.3333,3,1,youtube_suggest,2026-09-12 20:46:04.953750
72,The Infinite Bamboo Grove City,114,32,bamboo forest bangalore,47.33,0.3333,3,1,youtube_suggest,2026-09-12 20:46:04.953993
72,The Infinite Bamboo Grove City,114,33,bamboo forest china,47.33,0.3333,3,1,youtube_suggest,2026-09-12 20:46:04.954187
72,The Infinite Bamboo Grove City,114,34,bamboo forest coorg,47.33,0.3333,3,1,youtube_suggest,2026-09-12 20:46:04.954370
72,The Infinite Bamboo Grove City,114,35,bamboo forest chittoor,47.33,0.3333,3,1,youtube_suggest,2026-09-12 20:46:04.954706
72,The Infinite Bamboo Grove City,114,36,bamboo forest camping,47.33,0.3333,3,1,youtube_suggest,2026-09-12 20:46:04.955064
72,The Infinite Bamboo Grove City,114,37,bamboo forest diorama,47.33,0.3333,3,1,youtube_suggest,2026-09-12 20:46:04.955252
72,The Infinite Bamboo Grove City,114,38,bamboo forest drawing,47.33,0.3333,3,1,youtube_suggest,2026-09-12 20:46:04.955439
72,The Infinite Bamboo Grove City,114,39,bamboo forest deuter,47.33,0.3333,3,1,youtube_suggest,2026-09-12 20:46:04.955619
72,The Infinite Bamboo Grove City,114,40,bamboo forest dakhva,47.33,0.3333,3,1,youtube_suggest,2026-09-12 20:46:04.955824
72,The Infinite Bamboo Grove City,114,41,damyang bamboo forest,47.33,0.3333,3,1,youtube_suggest,2026-09-12 20:46:04.956007
72,The Infinite Bamboo Grove City,114,42,bamboo forest discover,47.33,0.3333,3,1,youtube_suggest,2026-09-12 20:46:04.956216
72,The Infinite Bamboo Grove City,114,43,eystreem bamboo forest,47.33,0.3333,3,1,youtube_suggest,2026-09-12 20:46:04.961157
72,The Infinite Bamboo Grove City,114,44,endfield bamboo forest,47.33,0.3333,3,1,youtube_suggest,2026-09-12 20:46:04.961619
72,The Infinite Bamboo Grove City,114,45,bamboo forest fire,47.33,0.3333,3,1,youtube_suggest,2026-09-12 20:46:04.961853
72,The Infinite Bamboo Grove City,114,46,bamboo forest fight,47.33,0.3333,3,1,youtube_suggest,2026-09-12 20:46:04.964755
72,The Infinite Bamboo Grove City,114,47,bamboo forest frontier,47.33,0.3333,3,1,youtube_suggest,2026-09-12 20:46:04.965164
72,The Infinite Bamboo Grove City,114,48,bamboo forest footage,47.33,0.3333,3,1,youtube_suggest,2026-09-12 20:46:04.965372
72,The Infinite Bamboo Grove City,114,49,bamboo forest angry birds,46.0,0.2857,4,1,youtube_suggest,2026-09-12 20:46:04.965559
72,The Infinite Bamboo Grove City,114,50,bamboo forest acrylic painting,46.0,0.2857,4,1,youtube_suggest,2026-09-12 20:46:04.968099
72,The Infinite Bamboo Grove City,114,51,bamboo forest minecraft build,46.0,0.2857,4,1,youtube_suggest,2026-09-12 20:46:04.968316
72,The Infinite Bamboo Grove City,114,52,bamboo forest chinese girl,46.0,0.2857,4,1,youtube_suggest,2026-09-12 20:46:04.968514
72,The Infinite Bamboo Grove City,114,53,bamboo forest coorg malayalam,46.0,0.2857,4,1,youtube_suggest,2026-09-12 20:46:04.968770
72,The Infinite Bamboo Grove City,114,54,bamboo forest coorg shopping,46.0,0.2857,4,1,youtube_suggest,2026-09-12 20:46:04.968960
72,The Infinite Bamboo Grove City,114,55,bamboo forest drawing easy,46.0,0.2857,4,1,youtube_suggest,2026-09-12 20:46:04.969384
72,The Infinite Bamboo Grove City,114,56,bamboo forest sound effect,46.0,0.2857,4,1,youtube_suggest,2026-09-12 20:46:04.969573
72,The Infinite Bamboo Grove City,114,57,bamboo forest fight scene,46.0,0.2857,4,1,youtube_suggest,2026-09-12 20:46:04.969821
72,The Infinite Bamboo Grove City,114,58,bamboo forest fox puzzle,46.0,0.2857,4,1,youtube_suggest,2026-09-12 20:46:04.970053
72,The Infinite Bamboo Grove City,114,59,bamboo forest full album,46.0,0.2857,4,1,youtube_suggest,2026-09-12 20:46:04.970223
72,The Infinite Bamboo Grove City,114,60,bamboo forest flying stars,46.0,0.2857,4,1,youtube_suggest,2026-09-12 20:46:04.970398
73,Titanic Tea Plucking Colossus,115,1,tea garden plucking machine,61.0,0.5,4,1,youtube_suggest,2026-09-12 20:49:09.157733
73,Titanic Tea Plucking Colossus,115,2,tea garden how to play,51.33,0.3333,5,1,youtube_suggest,2026-09-12 20:49:09.158002
73,Titanic Tea Plucking Colossus,115,3,tea garden for sale in assam,50.0,0.2857,6,1,youtube_suggest,2026-09-12 20:49:09.158155
73,Titanic Tea Plucking Colossus,115,4,tea garden for sale in darjeeling,50.0,0.2857,6,1,youtube_suggest,2026-09-12 20:49:09.158295
73,Titanic Tea Plucking Colossus,115,5,tea garden at home,49.33,0.3333,4,1,youtube_suggest,2026-09-12 20:49:09.158438
73,Titanic Tea Plucking Colossus,115,6,tea garden background video,49.33,0.3333,4,1,youtube_suggest,2026-09-12 20:49:09.158582
73,Titanic Tea Plucking Colossus,115,7,tea garden cinematic video,49.33,0.3333,4,1,youtube_suggest,2026-09-12 20:49:09.158716
73,Titanic Tea Plucking Colossus,115,8,tea garden for sale,49.33,0.3333,4,1,youtube_suggest,2026-09-12 20:49:09.158848
73,Titanic Tea Plucking Colossus,115,9,tea garden and van winkle,48.0,0.2857,5,1,youtube_suggest,2026-09-12 20:49:09.158999
73,Titanic Tea Plucking Colossus,115,10,tea garden board game how to play,47.5,0.25,7,1,youtube_suggest,2026-09-12 20:49:09.159131
73,Titanic Tea Plucking Colossus,115,11,tea garden machine,47.33,0.3333,3,1,youtube_suggest,2026-09-12 20:49:09.159311
73,Titanic Tea Plucking Colossus,115,12,tea garden plants,47.33,0.3333,3,1,youtube_suggest,2026-09-12 20:49:09.159536
73,Titanic Tea Plucking Colossus,115,13,tea garden bangladesh,47.33,0.3333,3,1,youtube_suggest,2026-09-12 20:49:09.159852
73,Titanic Tea Plucking Colossus,115,14,tea garden sylhet,47.33,0.3333,3,1,youtube_suggest,2026-09-12 20:49:09.160095
73,Titanic Tea Plucking Colossus,115,15,tea garden music,47.33,0.3333,3,1,youtube_suggest,2026-09-12 20:49:09.160248
73,Titanic Tea Plucking Colossus,115,16,tea garden ambience,47.33,0.3333,3,1,youtube_suggest,2026-09-12 20:49:09.160398
73,Titanic Tea Plucking Colossus,115,17,tea garden assam,47.33,0.3333,3,1,youtube_suggest,2026-09-12 20:49:09.172781
73,Titanic Tea Plucking Colossus,115,18,tea garden art,47.33,0.3333,3,1,youtube_suggest,2026-09-12 20:49:09.173124
73,Titanic Tea Plucking Colossus,115,19,tea garden application,47.33,0.3333,3,1,youtube_suggest,2026-09-12 20:49:09.173277
73,Titanic Tea Plucking Colossus,115,20,tea garden bungalow,47.33,0.3333,3,1,youtube_suggest,2026-09-12 20:49:09.173416
73,Titanic Tea Plucking Colossus,115,21,tea garden business,47.33,0.3333,3,1,youtube_suggest,2026-09-12 20:49:09.173553
73,Titanic Tea Plucking Colossus,115,22,tea garden china,47.33,0.3333,3,1,youtube_suggest,2026-09-12 20:49:09.173689
73,Titanic Tea Plucking Colossus,115,23,tea garden cafe,47.33,0.3333,3,1,youtube_suggest,2026-09-12 20:49:09.173845
73,Titanic Tea Plucking Colossus,115,24,tea garden champawat,47.33,0.3333,3,1,youtube_suggest,2026-09-12 20:49:09.174013
73,Titanic Tea Plucking Colossus,115,25,tea garden coonoor,47.33,0.3333,3,1,youtube_suggest,2026-09-12 20:49:09.174147
73,Titanic Tea Plucking Colossus,115,26,tea garden cutting,47.33,0.3333,3,1,youtube_suggest,2026-09-12 20:49:09.174279
73,Titanic Tea Plucking Colossus,115,27,tea garden community,47.33,0.3333,3,1,youtube_suggest,2026-09-12 20:49:09.174425
73,Titanic Tea Plucking Colossus,115,28,tea garden cake,47.33,0.3333,3,1,youtube_suggest,2026-09-12 20:49:09.174559
73,Titanic Tea Plucking Colossus,115,29,tea garden darjeeling,47.33,0.3333,3,1,youtube_suggest,2026-09-12 20:49:09.174713
73,Titanic Tea Plucking Colossus,115,30,tea garden design,47.33,0.3333,3,1,youtube_suggest,2026-09-12 20:49:09.174906
73,Titanic Tea Plucking Colossus,115,31,tea garden drawing,47.33,0.3333,3,1,youtube_suggest,2026-09-12 20:49:09.175056
73,Titanic Tea Plucking Colossus,115,32,tea garden dance,47.33,0.3333,3,1,youtube_suggest,2026-09-12 20:49:09.175192
73,Titanic Tea Plucking Colossus,115,33,tea garden dress,47.33,0.3333,3,1,youtube_suggest,2026-09-12 20:49:09.175327
73,Titanic Tea Plucking Colossus,115,34,tea garden documentary,47.33,0.3333,3,1,youtube_suggest,2026-09-12 20:49:09.175464
73,Titanic Tea Plucking Colossus,115,35,tea garden expansion,47.33,0.3333,3,1,youtube_suggest,2026-09-12 20:49:09.175600
73,Titanic Tea Plucking Colossus,115,36,tea garden express,47.33,0.3333,3,1,youtube_suggest,2026-09-12 20:49:09.175732
73,Titanic Tea Plucking Colossus,115,37,tea garden elephant,47.33,0.3333,3,1,youtube_suggest,2026-09-12 20:49:09.175876
73,Titanic Tea Plucking Colossus,115,38,tea garden eppadi,47.33,0.3333,3,1,youtube_suggest,2026-09-12 20:49:09.176036
73,Titanic Tea Plucking Colossus,115,39,tea garden essay,47.33,0.3333,3,1,youtube_suggest,2026-09-12 20:49:09.176188
73,Titanic Tea Plucking Colossus,115,40,tea garden fertilizer,47.33,0.3333,3,1,youtube_suggest,2026-09-12 20:49:09.176346
73,Titanic Tea Plucking Colossus,115,41,tea garden factory,47.33,0.3333,3,1,youtube_suggest,2026-09-12 20:49:09.176496
73,Titanic Tea Plucking Colossus,115,42,tea garden fungicide,47.33,0.3333,3,1,youtube_suggest,2026-09-12 20:49:09.179876
73,Titanic Tea Plucking Colossus,115,43,tea garden farming,47.33,0.3333,3,1,youtube_suggest,2026-09-12 20:49:09.180108
73,Titanic Tea Plucking Colossus,115,44,tea garden flower,47.33,0.3333,3,1,youtube_suggest,2026-09-12 20:49:09.180303
73,Titanic Tea Plucking Colossus,115,45,tea garden franchise,47.33,0.3333,3,1,youtube_suggest,2026-09-12 20:49:09.180526
73,Titanic Tea Plucking Colossus,115,46,tea garden film,47.33,0.3333,3,1,youtube_suggest,2026-09-12 20:49:09.183191
73,Titanic Tea Plucking Colossus,115,47,titanic tea time,47.33,0.3333,3,1,youtube_suggest,2026-09-12 20:49:09.183399
73,Titanic Tea Plucking Colossus,115,48,titanic tea scene,47.33,0.3333,3,1,youtube_suggest,2026-09-12 20:49:09.183594
73,Titanic Tea Plucking Colossus,115,49,tea garden spray machine,46.0,0.2857,4,1,youtube_suggest,2026-09-12 20:49:09.183777
73,Titanic Tea Plucking Colossus,115,50,tea garden cutting machine,46.0,0.2857,4,1,youtube_suggest,2026-09-12 20:49:09.183936
73,Titanic Tea Plucking Colossus,115,51,tea garden pruning machine,46.0,0.2857,4,1,youtube_suggest,2026-09-12 20:49:09.184072
73,Titanic Tea Plucking Colossus,115,52,tea garden cutter machine,46.0,0.2857,4,1,youtube_suggest,2026-09-12 20:49:09.189799
73,Titanic Tea Plucking Colossus,115,53,tea garden board game,46.0,0.2857,4,1,youtube_suggest,2026-09-12 20:49:09.190081
73,Titanic Tea Plucking Colossus,115,54,tea garden assamese song,46.0,0.2857,4,1,youtube_suggest,2026-09-12 20:49:09.190236
73,Titanic Tea Plucking Colossus,115,55,tea garden assistant manager,46.0,0.2857,4,1,youtube_suggest,2026-09-12 20:49:09.190378
73,Titanic Tea Plucking Colossus,115,56,tea garden assam song,46.0,0.2857,4,1,youtube_suggest,2026-09-12 20:49:09.190519
73,Titanic Tea Plucking Colossus,115,57,tea garden background music,46.0,0.2857,4,1,youtube_suggest,2026-09-12 20:49:09.190653
73,Titanic Tea Plucking Colossus,115,58,tea garden chinese drama,46.0,0.2857,4,1,youtube_suggest,2026-09-12 20:49:09.190785
73,Titanic Tea Plucking Colossus,115,59,tea garden dice tower,46.0,0.2857,4,1,youtube_suggest,2026-09-12 20:49:09.190929
73,Titanic Tea Plucking Colossus,115,60,tea garden drone view,46.0,0.2857,4,1,youtube_suggest,2026-09-12 20:49:09.191092
74,Skyloom Tea Pruning Ring,116,1,tea garden pruning machine,61.0,0.5,4,1,youtube_suggest,2026-09-12 20:52:22.228041
74,Skyloom Tea Pruning Ring,116,2,tea garden how to play,51.33,0.3333,5,1,youtube_suggest,2026-09-12 20:52:22.228348
74,Skyloom Tea Pruning Ring,116,3,tea garden for sale in assam,50.0,0.2857,6,1,youtube_suggest,2026-09-12 20:52:22.240776
74,Skyloom Tea Pruning Ring,116,4,tea garden for sale in darjeeling,50.0,0.2857,6,1,youtube_suggest,2026-09-12 20:52:22.241126
74,Skyloom Tea Pruning Ring,116,5,tea garden at home,49.33,0.3333,4,1,youtube_suggest,2026-09-12 20:52:22.241447
74,Skyloom Tea Pruning Ring,116,6,tea garden background video,49.33,0.3333,4,1,youtube_suggest,2026-09-12 20:52:22.241637
74,Skyloom Tea Pruning Ring,116,7,tea garden cinematic video,49.33,0.3333,4,1,youtube_suggest,2026-09-12 20:52:22.241802
74,Skyloom Tea Pruning Ring,116,8,tea garden for sale,49.33,0.3333,4,1,youtube_suggest,2026-09-12 20:52:22.241967
74,Skyloom Tea Pruning Ring,116,9,tea garden and van winkle,48.0,0.2857,5,1,youtube_suggest,2026-09-12 20:52:22.242146
74,Skyloom Tea Pruning Ring,116,10,tea garden board game how to play,47.5,0.25,7,1,youtube_suggest,2026-09-12 20:52:22.242463
74,Skyloom Tea Pruning Ring,116,11,tea garden machine,47.33,0.3333,3,1,youtube_suggest,2026-09-12 20:52:22.242731
74,Skyloom Tea Pruning Ring,116,12,tea garden plants,47.33,0.3333,3,1,youtube_suggest,2026-09-12 20:52:22.243177
74,Skyloom Tea Pruning Ring,116,13,tea garden bangladesh,47.33,0.3333,3,1,youtube_suggest,2026-09-12 20:52:22.243511
74,Skyloom Tea Pruning Ring,116,14,tea garden sylhet,47.33,0.3333,3,1,youtube_suggest,2026-09-12 20:52:22.243723
74,Skyloom Tea Pruning Ring,116,15,tea garden music,47.33,0.3333,3,1,youtube_suggest,2026-09-12 20:52:22.243906
74,Skyloom Tea Pruning Ring,116,16,tea garden ambience,47.33,0.3333,3,1,youtube_suggest,2026-09-12 20:52:22.244131
74,Skyloom Tea Pruning Ring,116,17,tea garden assam,47.33,0.3333,3,1,youtube_suggest,2026-09-12 20:52:22.244335
74,Skyloom Tea Pruning Ring,116,18,tea garden art,47.33,0.3333,3,1,youtube_suggest,2026-09-12 20:52:22.260670
74,Skyloom Tea Pruning Ring,116,19,tea garden application,47.33,0.3333,3,1,youtube_suggest,2026-09-12 20:52:22.261013
74,Skyloom Tea Pruning Ring,116,20,tea garden bungalow,47.33,0.3333,3,1,youtube_suggest,2026-09-12 20:52:22.261180
74,Skyloom Tea Pruning Ring,116,21,tea garden business,47.33,0.3333,3,1,youtube_suggest,2026-09-12 20:52:22.261323
74,Skyloom Tea Pruning Ring,116,22,tea garden china,47.33,0.3333,3,1,youtube_suggest,2026-09-12 20:52:22.261481
74,Skyloom Tea Pruning Ring,116,23,tea garden cafe,47.33,0.3333,3,1,youtube_suggest,2026-09-12 20:52:22.261617
74,Skyloom Tea Pruning Ring,116,24,tea garden champawat,47.33,0.3333,3,1,youtube_suggest,2026-09-12 20:52:22.261751
74,Skyloom Tea Pruning Ring,116,25,tea garden coonoor,47.33,0.3333,3,1,youtube_suggest,2026-09-12 20:52:22.261885
74,Skyloom Tea Pruning Ring,116,26,tea garden cutting,47.33,0.3333,3,1,youtube_suggest,2026-09-12 20:52:22.262033
74,Skyloom Tea Pruning Ring,116,27,tea garden community,47.33,0.3333,3,1,youtube_suggest,2026-09-12 20:52:22.262162
74,Skyloom Tea Pruning Ring,116,28,tea garden cake,47.33,0.3333,3,1,youtube_suggest,2026-09-12 20:52:22.262292
74,Skyloom Tea Pruning Ring,116,29,tea garden darjeeling,47.33,0.3333,3,1,youtube_suggest,2026-09-12 20:52:22.262435
74,Skyloom Tea Pruning Ring,116,30,tea garden design,47.33,0.3333,3,1,youtube_suggest,2026-09-12 20:52:22.262563
74,Skyloom Tea Pruning Ring,116,31,tea garden drawing,47.33,0.3333,3,1,youtube_suggest,2026-09-12 20:52:22.262693
74,Skyloom Tea Pruning Ring,116,32,tea garden dance,47.33,0.3333,3,1,youtube_suggest,2026-09-12 20:52:22.262820
74,Skyloom Tea Pruning Ring,116,33,tea garden dress,47.33,0.3333,3,1,youtube_suggest,2026-09-12 20:52:22.262951
74,Skyloom Tea Pruning Ring,116,34,tea garden documentary,47.33,0.3333,3,1,youtube_suggest,2026-09-12 20:52:22.263079
74,Skyloom Tea Pruning Ring,116,35,tea garden expansion,47.33,0.3333,3,1,youtube_suggest,2026-09-12 20:52:22.263220
74,Skyloom Tea Pruning Ring,116,36,tea garden express,47.33,0.3333,3,1,youtube_suggest,2026-09-12 20:52:22.263353
74,Skyloom Tea Pruning Ring,116,37,tea garden elephant,47.33,0.3333,3,1,youtube_suggest,2026-09-12 20:52:22.263502
74,Skyloom Tea Pruning Ring,116,38,tea garden eppadi,47.33,0.3333,3,1,youtube_suggest,2026-09-12 20:52:22.263631
74,Skyloom Tea Pruning Ring,116,39,tea garden essay,47.33,0.3333,3,1,youtube_suggest,2026-09-12 20:52:22.263759
74,Skyloom Tea Pruning Ring,116,40,tea garden fertilizer,47.33,0.3333,3,1,youtube_suggest,2026-09-12 20:52:22.263892
74,Skyloom Tea Pruning Ring,116,41,tea garden factory,47.33,0.3333,3,1,youtube_suggest,2026-09-12 20:52:22.264020
74,Skyloom Tea Pruning Ring,116,42,tea garden fungicide,47.33,0.3333,3,1,youtube_suggest,2026-09-12 20:52:22.264146
74,Skyloom Tea Pruning Ring,116,43,tea garden farming,47.33,0.3333,3,1,youtube_suggest,2026-09-12 20:52:22.264271
74,Skyloom Tea Pruning Ring,116,44,tea garden flower,47.33,0.3333,3,1,youtube_suggest,2026-09-12 20:52:22.264415
74,Skyloom Tea Pruning Ring,116,45,tea garden franchise,47.33,0.3333,3,1,youtube_suggest,2026-09-12 20:52:22.280671
74,Skyloom Tea Pruning Ring,116,46,tea garden film,47.33,0.3333,3,1,youtube_suggest,2026-09-12 20:52:22.281214
74,Skyloom Tea Pruning Ring,116,47,tea garden spray machine,46.0,0.2857,4,1,youtube_suggest,2026-09-12 20:52:22.281455
74,Skyloom Tea Pruning Ring,116,48,tea garden cutting machine,46.0,0.2857,4,1,youtube_suggest,2026-09-12 20:52:22.281651
74,Skyloom Tea Pruning Ring,116,49,tea garden cutter machine,46.0,0.2857,4,1,youtube_suggest,2026-09-12 20:52:22.281822
74,Skyloom Tea Pruning Ring,116,50,tea garden plucking machine,46.0,0.2857,4,1,youtube_suggest,2026-09-12 20:52:22.282066
74,Skyloom Tea Pruning Ring,116,51,tea garden board game,46.0,0.2857,4,1,youtube_suggest,2026-09-12 20:52:22.282243
74,Skyloom Tea Pruning Ring,116,52,tea garden assamese song,46.0,0.2857,4,1,youtube_suggest,2026-09-12 20:52:22.282422
74,Skyloom Tea Pruning Ring,116,53,tea garden assistant manager,46.0,0.2857,4,1,youtube_suggest,2026-09-12 20:52:22.282628
74,Skyloom Tea Pruning Ring,116,54,tea garden assam song,46.0,0.2857,4,1,youtube_suggest,2026-09-12 20:52:22.282807
74,Skyloom Tea Pruning Ring,116,55,tea garden background music,46.0,0.2857,4,1,youtube_suggest,2026-09-12 20:52:22.282987
74,Skyloom Tea Pruning Ring,116,56,tea garden chinese drama,46.0,0.2857,4,1,youtube_suggest,2026-09-12 20:52:22.283143
74,Skyloom Tea Pruning Ring,116,57,tea garden dice tower,46.0,0.2857,4,1,youtube_suggest,2026-09-12 20:52:22.283295
74,Skyloom Tea Pruning Ring,116,58,tea garden drone view,46.0,0.2857,4,1,youtube_suggest,2026-09-12 20:52:22.283455
74,Skyloom Tea Pruning Ring,116,59,tea garden drone shot,46.0,0.2857,4,1,youtube_suggest,2026-09-12 20:52:22.283606
74,Skyloom Tea Pruning Ring,116,60,tea garden express announcement,46.0,0.2857,4,1,youtube_suggest,2026-09-12 20:52:22.283762
75,Monsoon Shield Megadome,117,1,tea garden how to play,51.33,0.3333,5,1,youtube_suggest,2026-09-12 20:55:22.135226
75,Monsoon Shield Megadome,117,2,tea garden for sale in assam,50.0,0.2857,6,1,youtube_suggest,2026-09-12 20:55:22.135491
75,Monsoon Shield Megadome,117,3,tea garden for sale in darjeeling,50.0,0.2857,6,1,youtube_suggest,2026-09-12 20:55:22.135643
75,Monsoon Shield Megadome,117,4,tea garden at home,49.33,0.3333,4,1,youtube_suggest,2026-09-12 20:55:22.135780
75,Monsoon Shield Megadome,117,5,tea garden background video,49.33,0.3333,4,1,youtube_suggest,2026-09-12 20:55:22.135951
75,Monsoon Shield Megadome,117,6,tea garden cinematic video,49.33,0.3333,4,1,youtube_suggest,2026-09-12 20:55:22.136113
75,Monsoon Shield Megadome,117,7,tea garden for sale,49.33,0.3333,4,1,youtube_suggest,2026-09-12 20:55:22.136272
75,Monsoon Shield Megadome,117,8,tea garden and van winkle,48.0,0.2857,5,1,youtube_suggest,2026-09-12 20:55:22.136457
75,Monsoon Shield Megadome,117,9,tea garden board game how to play,47.5,0.25,7,1,youtube_suggest,2026-09-12 20:55:22.148952
75,Monsoon Shield Megadome,117,10,tea garden machine,47.33,0.3333,3,1,youtube_suggest,2026-09-12 20:55:22.149141
75,Monsoon Shield Megadome,117,11,tea garden plants,47.33,0.3333,3,1,youtube_suggest,2026-09-12 20:55:22.149309
75,Monsoon Shield Megadome,117,12,tea garden bangladesh,47.33,0.3333,3,1,youtube_suggest,2026-09-12 20:55:22.149449
75,Monsoon Shield Megadome,117,13,tea garden sylhet,47.33,0.3333,3,1,youtube_suggest,2026-09-12 20:55:22.149583
75,Monsoon Shield Megadome,117,14,tea garden music,47.33,0.3333,3,1,youtube_suggest,2026-09-12 20:55:22.149713
75,Monsoon Shield Megadome,117,15,tea garden ambience,47.33,0.3333,3,1,youtube_suggest,2026-09-12 20:55:22.149858
75,Monsoon Shield Megadome,117,16,tea garden assam,47.33,0.3333,3,1,youtube_suggest,2026-09-12 20:55:22.150012
75,Monsoon Shield Megadome,117,17,tea garden art,47.33,0.3333,3,1,youtube_suggest,2026-09-12 20:55:22.150145
75,Monsoon Shield Megadome,117,18,tea garden application,47.33,0.3333,3,1,youtube_suggest,2026-09-12 20:55:22.150276
75,Monsoon Shield Megadome,117,19,tea garden bungalow,47.33,0.3333,3,1,youtube_suggest,2026-09-12 20:55:22.150410
75,Monsoon Shield Megadome,117,20,tea garden business,47.33,0.3333,3,1,youtube_suggest,2026-09-12 20:55:22.150545
75,Monsoon Shield Megadome,117,21,tea garden china,47.33,0.3333,3,1,youtube_suggest,2026-09-12 20:55:22.150674
75,Monsoon Shield Megadome,117,22,tea garden cafe,47.33,0.3333,3,1,youtube_suggest,2026-09-12 20:55:22.150814
75,Monsoon Shield Megadome,117,23,tea garden champawat,47.33,0.3333,3,1,youtube_suggest,2026-09-12 20:55:22.150999
75,Monsoon Shield Megadome,117,24,tea garden coonoor,47.33,0.3333,3,1,youtube_suggest,2026-09-12 20:55:22.151143
75,Monsoon Shield Megadome,117,25,tea garden cutting,47.33,0.3333,3,1,youtube_suggest,2026-09-12 20:55:22.151274
75,Monsoon Shield Megadome,117,26,tea garden community,47.33,0.3333,3,1,youtube_suggest,2026-09-12 20:55:22.151400
75,Monsoon Shield Megadome,117,27,tea garden cake,47.33,0.3333,3,1,youtube_suggest,2026-09-12 20:55:22.151529
75,Monsoon Shield Megadome,117,28,tea garden darjeeling,47.33,0.3333,3,1,youtube_suggest,2026-09-12 20:55:22.151658
75,Monsoon Shield Megadome,117,29,tea garden design,47.33,0.3333,3,1,youtube_suggest,2026-09-12 20:55:22.151787
75,Monsoon Shield Megadome,117,30,tea garden drawing,47.33,0.3333,3,1,youtube_suggest,2026-09-12 20:55:22.151988
75,Monsoon Shield Megadome,117,31,tea garden dance,47.33,0.3333,3,1,youtube_suggest,2026-09-12 20:55:22.152167
75,Monsoon Shield Megadome,117,32,tea garden dress,47.33,0.3333,3,1,youtube_suggest,2026-09-12 20:55:22.152373
75,Monsoon Shield Megadome,117,33,tea garden documentary,47.33,0.3333,3,1,youtube_suggest,2026-09-12 20:55:22.164840
75,Monsoon Shield Megadome,117,34,tea garden expansion,47.33,0.3333,3,1,youtube_suggest,2026-09-12 20:55:22.165229
75,Monsoon Shield Megadome,117,35,tea garden express,47.33,0.3333,3,1,youtube_suggest,2026-09-12 20:55:22.165457
75,Monsoon Shield Megadome,117,36,tea garden elephant,47.33,0.3333,3,1,youtube_suggest,2026-09-12 20:55:22.165613
75,Monsoon Shield Megadome,117,37,tea garden eppadi,47.33,0.3333,3,1,youtube_suggest,2026-09-12 20:55:22.165759
75,Monsoon Shield Megadome,117,38,tea garden essay,47.33,0.3333,3,1,youtube_suggest,2026-09-12 20:55:22.165965
75,Monsoon Shield Megadome,117,39,tea garden fertilizer,47.33,0.3333,3,1,youtube_suggest,2026-09-12 20:55:22.166267
75,Monsoon Shield Megadome,117,40,tea garden factory,47.33,0.3333,3,1,youtube_suggest,2026-09-12 20:55:22.168675
75,Monsoon Shield Megadome,117,41,tea garden fungicide,47.33,0.3333,3,1,youtube_suggest,2026-09-12 20:55:22.168885
75,Monsoon Shield Megadome,117,42,tea garden farming,47.33,0.3333,3,1,youtube_suggest,2026-09-12 20:55:22.169093
75,Monsoon Shield Megadome,117,43,tea garden flower,47.33,0.3333,3,1,youtube_suggest,2026-09-12 20:55:22.169407
75,Monsoon Shield Megadome,117,44,tea garden franchise,47.33,0.3333,3,1,youtube_suggest,2026-09-12 20:55:22.169614
75,Monsoon Shield Megadome,117,45,tea garden film,47.33,0.3333,3,1,youtube_suggest,2026-09-12 20:55:22.169946
75,Monsoon Shield Megadome,117,46,tea garden spray machine,46.0,0.2857,4,1,youtube_suggest,2026-09-12 20:55:22.170162
75,Monsoon Shield Megadome,117,47,tea garden cutting machine,46.0,0.2857,4,1,youtube_suggest,2026-09-12 20:55:22.170379
75,Monsoon Shield Megadome,117,48,tea garden pruning machine,46.0,0.2857,4,1,youtube_suggest,2026-09-12 20:55:22.170691
75,Monsoon Shield Megadome,117,49,tea garden cutter machine,46.0,0.2857,4,1,youtube_suggest,2026-09-12 20:55:22.171005
75,Monsoon Shield Megadome,117,50,tea garden plucking machine,46.0,0.2857,4,1,youtube_suggest,2026-09-12 20:55:22.171217
75,Monsoon Shield Megadome,117,51,tea garden board game,46.0,0.2857,4,1,youtube_suggest,2026-09-12 20:55:22.171482
75,Monsoon Shield Megadome,117,52,tea garden assamese song,46.0,0.2857,4,1,youtube_suggest,2026-09-12 20:55:22.171711
75,Monsoon Shield Megadome,117,53,tea garden assistant manager,46.0,0.2857,4,1,youtube_suggest,2026-09-12 20:55:22.172007
75,Monsoon Shield Megadome,117,54,tea garden assam song,46.0,0.2857,4,1,youtube_suggest,2026-09-12 20:55:22.172237
75,Monsoon Shield Megadome,117,55,tea garden background music,46.0,0.2857,4,1,youtube_suggest,2026-09-12 20:55:22.172375
75,Monsoon Shield Megadome,117,56,tea garden chinese drama,46.0,0.2857,4,1,youtube_suggest,2026-09-12 20:55:22.172503
75,Monsoon Shield Megadome,117,57,tea garden dice tower,46.0,0.2857,4,1,youtube_suggest,2026-09-12 20:55:22.174338
75,Monsoon Shield Megadome,117,58,tea garden drone view,46.0,0.2857,4,1,youtube_suggest,2026-09-12 20:55:22.184582
75,Monsoon Shield Megadome,117,59,tea garden drone shot,46.0,0.2857,4,1,youtube_suggest,2026-09-12 20:55:22.185047
75,Monsoon Shield Megadome,117,60,tea garden express announcement,46.0,0.2857,4,1,youtube_suggest,2026-09-12 20:55:22.185227
76,Rootwater Planetary Drill,118,1,tea garden how to play,51.33,0.3333,5,1,youtube_suggest,2026-09-12 21:03:11.557237
76,Rootwater Planetary Drill,118,2,tea garden for sale in assam,50.0,0.2857,6,1,youtube_suggest,2026-09-12 21:03:11.557453
76,Rootwater Planetary Drill,118,3,tea garden for sale in darjeeling,50.0,0.2857,6,1,youtube_suggest,2026-09-12 21:03:11.557595
76,Rootwater Planetary Drill,118,4,tea garden at home,49.33,0.3333,4,1,youtube_suggest,2026-09-12 21:03:11.557736
76,Rootwater Planetary Drill,118,5,tea garden background video,49.33,0.3333,4,1,youtube_suggest,2026-09-12 21:03:11.557871
76,Rootwater Planetary Drill,118,6,tea garden cinematic video,49.33,0.3333,4,1,youtube_suggest,2026-09-12 21:03:11.558004
76,Rootwater Planetary Drill,118,7,tea garden for sale,49.33,0.3333,4,1,youtube_suggest,2026-09-12 21:03:11.558135
76,Rootwater Planetary Drill,118,8,tea garden and van winkle,48.0,0.2857,5,1,youtube_suggest,2026-09-12 21:03:11.558283
76,Rootwater Planetary Drill,118,9,tea garden board game how to play,47.5,0.25,7,1,youtube_suggest,2026-09-12 21:03:11.558408
76,Rootwater Planetary Drill,118,10,tea garden machine,47.33,0.3333,3,1,youtube_suggest,2026-09-12 21:03:11.558544
76,Rootwater Planetary Drill,118,11,tea garden plants,47.33,0.3333,3,1,youtube_suggest,2026-09-12 21:03:11.558673
76,Rootwater Planetary Drill,118,12,tea garden bangladesh,47.33,0.3333,3,1,youtube_suggest,2026-09-12 21:03:11.558806
76,Rootwater Planetary Drill,118,13,tea garden sylhet,47.33,0.3333,3,1,youtube_suggest,2026-09-12 21:03:11.558932
76,Rootwater Planetary Drill,118,14,tea garden music,47.33,0.3333,3,1,youtube_suggest,2026-09-12 21:03:11.559057
76,Rootwater Planetary Drill,118,15,tea garden ambience,47.33,0.3333,3,1,youtube_suggest,2026-09-12 21:03:11.559185
76,Rootwater Planetary Drill,118,16,tea garden assam,47.33,0.3333,3,1,youtube_suggest,2026-09-12 21:03:11.559324
76,Rootwater Planetary Drill,118,17,tea garden art,47.33,0.3333,3,1,youtube_suggest,2026-09-12 21:03:11.559456
76,Rootwater Planetary Drill,118,18,tea garden application,47.33,0.3333,3,1,youtube_suggest,2026-09-12 21:03:11.559585
76,Rootwater Planetary Drill,118,19,tea garden bungalow,47.33,0.3333,3,1,youtube_suggest,2026-09-12 21:03:11.559715
76,Rootwater Planetary Drill,118,20,tea garden business,47.33,0.3333,3,1,youtube_suggest,2026-09-12 21:03:11.567696
76,Rootwater Planetary Drill,118,21,tea garden china,47.33,0.3333,3,1,youtube_suggest,2026-09-12 21:03:11.568842
76,Rootwater Planetary Drill,118,22,tea garden cafe,47.33,0.3333,3,1,youtube_suggest,2026-09-12 21:03:11.569777
76,Rootwater Planetary Drill,118,23,tea garden champawat,47.33,0.3333,3,1,youtube_suggest,2026-09-12 21:03:11.571247
76,Rootwater Planetary Drill,118,24,tea garden coonoor,47.33,0.3333,3,1,youtube_suggest,2026-09-12 21:03:11.571992
76,Rootwater Planetary Drill,118,25,tea garden cutting,47.33,0.3333,3,1,youtube_suggest,2026-09-12 21:03:11.576329
76,Rootwater Planetary Drill,118,26,tea garden community,47.33,0.3333,3,1,youtube_suggest,2026-09-12 21:03:11.576752
76,Rootwater Planetary Drill,118,27,tea garden cake,47.33,0.3333,3,1,youtube_suggest,2026-09-12 21:03:11.577011
76,Rootwater Planetary Drill,118,28,tea garden darjeeling,47.33,0.3333,3,1,youtube_suggest,2026-09-12 21:03:11.577335
76,Rootwater Planetary Drill,118,29,tea garden design,47.33,0.3333,3,1,youtube_suggest,2026-09-12 21:03:11.577485
76,Rootwater Planetary Drill,118,30,tea garden drawing,47.33,0.3333,3,1,youtube_suggest,2026-09-12 21:03:11.577623
76,Rootwater Planetary Drill,118,31,tea garden dance,47.33,0.3333,3,1,youtube_suggest,2026-09-12 21:03:11.577762
76,Rootwater Planetary Drill,118,32,tea garden dress,47.33,0.3333,3,1,youtube_suggest,2026-09-12 21:03:11.577897
76,Rootwater Planetary Drill,118,33,tea garden documentary,47.33,0.3333,3,1,youtube_suggest,2026-09-12 21:03:11.578026
76,Rootwater Planetary Drill,118,34,tea garden expansion,47.33,0.3333,3,1,youtube_suggest,2026-09-12 21:03:11.578160
76,Rootwater Planetary Drill,118,35,tea garden express,47.33,0.3333,3,1,youtube_suggest,2026-09-12 21:03:11.578307
76,Rootwater Planetary Drill,118,36,tea garden elephant,47.33,0.3333,3,1,youtube_suggest,2026-09-12 21:03:11.578443
76,Rootwater Planetary Drill,118,37,tea garden eppadi,47.33,0.3333,3,1,youtube_suggest,2026-09-12 21:03:11.583235
76,Rootwater Planetary Drill,118,38,tea garden essay,47.33,0.3333,3,1,youtube_suggest,2026-09-12 21:03:11.583493
76,Rootwater Planetary Drill,118,39,tea garden fertilizer,47.33,0.3333,3,1,youtube_suggest,2026-09-12 21:03:11.585991
76,Rootwater Planetary Drill,118,40,tea garden factory,47.33,0.3333,3,1,youtube_suggest,2026-09-12 21:03:11.586297
76,Rootwater Planetary Drill,118,41,tea garden fungicide,47.33,0.3333,3,1,youtube_suggest,2026-09-12 21:03:11.586462
76,Rootwater Planetary Drill,118,42,tea garden farming,47.33,0.3333,3,1,youtube_suggest,2026-09-12 21:03:11.586608
76,Rootwater Planetary Drill,118,43,tea garden flower,47.33,0.3333,3,1,youtube_suggest,2026-09-12 21:03:11.586748
76,Rootwater Planetary Drill,118,44,tea garden franchise,47.33,0.3333,3,1,youtube_suggest,2026-09-12 21:03:11.586891
76,Rootwater Planetary Drill,118,45,tea garden film,47.33,0.3333,3,1,youtube_suggest,2026-09-12 21:03:11.587028
76,Rootwater Planetary Drill,118,46,tea garden spray machine,46.0,0.2857,4,1,youtube_suggest,2026-09-12 21:03:11.587160
76,Rootwater Planetary Drill,118,47,tea garden cutting machine,46.0,0.2857,4,1,youtube_suggest,2026-09-12 21:03:11.587309
76,Rootwater Planetary Drill,118,48,tea garden pruning machine,46.0,0.2857,4,1,youtube_suggest,2026-09-12 21:03:11.587442
76,Rootwater Planetary Drill,118,49,tea garden cutter machine,46.0,0.2857,4,1,youtube_suggest,2026-09-12 21:03:11.587575
76,Rootwater Planetary Drill,118,50,tea garden plucking machine,46.0,0.2857,4,1,youtube_suggest,2026-09-12 21:03:11.587707
76,Rootwater Planetary Drill,118,51,tea garden board game,46.0,0.2857,4,1,youtube_suggest,2026-09-12 21:03:11.587837
76,Rootwater Planetary Drill,118,52,tea garden assamese song,46.0,0.2857,4,1,youtube_suggest,2026-09-12 21:03:11.587967
76,Rootwater Planetary Drill,118,53,tea garden assistant manager,46.0,0.2857,4,1,youtube_suggest,2026-09-12 21:03:11.588097
76,Rootwater Planetary Drill,118,54,tea garden assam song,46.0,0.2857,4,1,youtube_suggest,2026-09-12 21:03:11.588240
76,Rootwater Planetary Drill,118,55,tea garden background music,46.0,0.2857,4,1,youtube_suggest,2026-09-12 21:03:11.588379
76,Rootwater Planetary Drill,118,56,tea garden chinese drama,46.0,0.2857,4,1,youtube_suggest,2026-09-12 21:03:11.588511
76,Rootwater Planetary Drill,118,57,tea garden dice tower,46.0,0.2857,4,1,youtube_suggest,2026-09-12 21:03:11.597088
76,Rootwater Planetary Drill,118,58,tea garden drone view,46.0,0.2857,4,1,youtube_suggest,2026-09-12 21:03:11.597307
76,Rootwater Planetary Drill,118,59,tea garden drone shot,46.0,0.2857,4,1,youtube_suggest,2026-09-12 21:03:11.597478
76,Rootwater Planetary Drill,118,60,tea garden express announcement,46.0,0.2857,4,1,youtube_suggest,2026-09-12 21:03:11.597637
77,Tea Garden Climate Engine,119,1,tea garden tea garden,61.0,0.5,4,1,youtube_suggest,2026-09-12 21:06:15.929042
77,Tea Garden Climate Engine,119,2,tea garden how to play,56.0,0.4,5,1,youtube_suggest,2026-09-12 21:06:15.929330
77,Tea Garden Climate Engine,119,3,tea garden at home,54.0,0.4,4,1,youtube_suggest,2026-09-12 21:06:15.929536
77,Tea Garden Climate Engine,119,4,tea garden background video,54.0,0.4,4,1,youtube_suggest,2026-09-12 21:06:15.929761
77,Tea Garden Climate Engine,119,5,tea garden cinematic video,54.0,0.4,4,1,youtube_suggest,2026-09-12 21:06:15.929953
77,Tea Garden Climate Engine,119,6,tea garden for sale,54.0,0.4,4,1,youtube_suggest,2026-09-12 21:06:15.930137
77,Tea Garden Climate Engine,119,7,tea garden for sale in assam,53.33,0.3333,6,1,youtube_suggest,2026-09-12 21:06:15.932344
77,Tea Garden Climate Engine,119,8,tea garden for sale in darjeeling,53.33,0.3333,6,1,youtube_suggest,2026-09-12 21:06:15.933969
77,Tea Garden Climate Engine,119,9,tea garden machine,52.0,0.4,3,1,youtube_suggest,2026-09-12 21:06:15.934245
77,Tea Garden Climate Engine,119,10,tea garden plants,52.0,0.4,3,1,youtube_suggest,2026-09-12 21:06:15.934503
77,Tea Garden Climate Engine,119,11,tea garden bangladesh,52.0,0.4,3,1,youtube_suggest,2026-09-12 21:06:15.934736
77,Tea Garden Climate Engine,119,12,tea garden sylhet,52.0,0.4,3,1,youtube_suggest,2026-09-12 21:06:15.934901
77,Tea Garden Climate Engine,119,13,tea garden music,52.0,0.4,3,1,youtube_suggest,2026-09-12 21:06:15.935051
77,Tea Garden Climate Engine,119,14,tea garden ambience,52.0,0.4,3,1,youtube_suggest,2026-09-12 21:06:15.935199
77,Tea Garden Climate Engine,119,15,tea garden assam,52.0,0.4,3,1,youtube_suggest,2026-09-12 21:06:15.935352
77,Tea Garden Climate Engine,119,16,tea garden art,52.0,0.4,3,1,youtube_suggest,2026-09-12 21:06:15.935490
77,Tea Garden Climate Engine,119,17,tea garden application,52.0,0.4,3,1,youtube_suggest,2026-09-12 21:06:15.935647
77,Tea Garden Climate Engine,119,18,tea garden bungalow,52.0,0.4,3,1,youtube_suggest,2026-09-12 21:06:15.940807
77,Tea Garden Climate Engine,119,19,tea garden business,52.0,0.4,3,1,youtube_suggest,2026-09-12 21:06:15.941030
77,Tea Garden Climate Engine,119,20,tea garden china,52.0,0.4,3,1,youtube_suggest,2026-09-12 21:06:15.941204
77,Tea Garden Climate Engine,119,21,tea garden cafe,52.0,0.4,3,1,youtube_suggest,2026-09-12 21:06:15.941372
77,Tea Garden Climate Engine,119,22,tea garden champawat,52.0,0.4,3,1,youtube_suggest,2026-09-12 21:06:15.941542
77,Tea Garden Climate Engine,119,23,tea garden coonoor,52.0,0.4,3,1,youtube_suggest,2026-09-12 21:06:15.941698
77,Tea Garden Climate Engine,119,24,tea garden cutting,52.0,0.4,3,1,youtube_suggest,2026-09-12 21:06:15.941859
77,Tea Garden Climate Engine,119,25,tea garden community,52.0,0.4,3,1,youtube_suggest,2026-09-12 21:06:15.942009
77,Tea Garden Climate Engine,119,26,tea garden cake,52.0,0.4,3,1,youtube_suggest,2026-09-12 21:06:15.942155
77,Tea Garden Climate Engine,119,27,tea garden darjeeling,52.0,0.4,3,1,youtube_suggest,2026-09-12 21:06:15.942301
77,Tea Garden Climate Engine,119,28,tea garden design,52.0,0.4,3,1,youtube_suggest,2026-09-12 21:06:15.942518
77,Tea Garden Climate Engine,119,29,tea garden drawing,52.0,0.4,3,1,youtube_suggest,2026-09-12 21:06:15.942795
77,Tea Garden Climate Engine,119,30,tea garden dance,52.0,0.4,3,1,youtube_suggest,2026-09-12 21:06:15.942992
77,Tea Garden Climate Engine,119,31,tea garden dress,52.0,0.4,3,1,youtube_suggest,2026-09-12 21:06:15.943168
77,Tea Garden Climate Engine,119,32,tea garden documentary,52.0,0.4,3,1,youtube_suggest,2026-09-12 21:06:15.943318
77,Tea Garden Climate Engine,119,33,tea garden expansion,52.0,0.4,3,1,youtube_suggest,2026-09-12 21:06:15.943476
77,Tea Garden Climate Engine,119,34,tea garden express,52.0,0.4,3,1,youtube_suggest,2026-09-12 21:06:15.943672
77,Tea Garden Climate Engine,119,35,tea garden elephant,52.0,0.4,3,1,youtube_suggest,2026-09-12 21:06:15.943880
77,Tea Garden Climate Engine,119,36,tea garden eppadi,52.0,0.4,3,1,youtube_suggest,2026-09-12 21:06:15.944130
77,Tea Garden Climate Engine,119,37,tea garden essay,52.0,0.4,3,1,youtube_suggest,2026-09-12 21:06:15.944316
77,Tea Garden Climate Engine,119,38,tea garden fertilizer,52.0,0.4,3,1,youtube_suggest,2026-09-12 21:06:15.944463
77,Tea Garden Climate Engine,119,39,tea garden factory,52.0,0.4,3,1,youtube_suggest,2026-09-12 21:06:15.948757
77,Tea Garden Climate Engine,119,40,tea garden fungicide,52.0,0.4,3,1,youtube_suggest,2026-09-12 21:06:15.949134
77,Tea Garden Climate Engine,119,41,tea garden farming,52.0,0.4,3,1,youtube_suggest,2026-09-12 21:06:15.949376
77,Tea Garden Climate Engine,119,42,tea garden flower,52.0,0.4,3,1,youtube_suggest,2026-09-12 21:06:15.949856
77,Tea Garden Climate Engine,119,43,tea garden franchise,52.0,0.4,3,1,youtube_suggest,2026-09-12 21:06:15.950056
77,Tea Garden Climate Engine,119,44,tea garden film,52.0,0.4,3,1,youtube_suggest,2026-09-12 21:06:15.950246
77,Tea Garden Climate Engine,119,45,tea garden management,52.0,0.4,3,1,youtube_suggest,2026-09-12 21:06:15.950483
77,Tea Garden Climate Engine,119,46,tea garden plantation,52.0,0.4,3,1,youtube_suggest,2026-09-12 21:06:15.950680
77,Tea Garden Climate Engine,119,47,tea garden and van winkle,51.33,0.3333,5,1,youtube_suggest,2026-09-12 21:06:15.950873
77,Tea Garden Climate Engine,119,48,tea garden board game how to play,50.0,0.2857,7,1,youtube_suggest,2026-09-12 21:06:15.951079
77,Tea Garden Climate Engine,119,49,tea garden spray machine,49.33,0.3333,4,1,youtube_suggest,2026-09-12 21:06:15.951254
77,Tea Garden Climate Engine,119,50,tea garden cutting machine,49.33,0.3333,4,1,youtube_suggest,2026-09-12 21:06:15.951425
77,Tea Garden Climate Engine,119,51,tea garden pruning machine,49.33,0.3333,4,1,youtube_suggest,2026-09-12 21:06:15.951628
77,Tea Garden Climate Engine,119,52,tea garden cutter machine,49.33,0.3333,4,1,youtube_suggest,2026-09-12 21:06:15.951784
77,Tea Garden Climate Engine,119,53,tea garden plucking machine,49.33,0.3333,4,1,youtube_suggest,2026-09-12 21:06:15.951941
77,Tea Garden Climate Engine,119,54,tea garden board game,49.33,0.3333,4,1,youtube_suggest,2026-09-12 21:06:15.956978
77,Tea Garden Climate Engine,119,55,tea garden assamese song,49.33,0.3333,4,1,youtube_suggest,2026-09-12 21:06:15.957226
77,Tea Garden Climate Engine,119,56,tea garden assistant manager,49.33,0.3333,4,1,youtube_suggest,2026-09-12 21:06:15.957427
77,Tea Garden Climate Engine,119,57,tea garden assam song,49.33,0.3333,4,1,youtube_suggest,2026-09-12 21:06:15.957629
77,Tea Garden Climate Engine,119,58,tea garden background music,49.33,0.3333,4,1,youtube_suggest,2026-09-12 21:06:15.957888
77,Tea Garden Climate Engine,119,59,tea garden chinese drama,49.33,0.3333,4,1,youtube_suggest,2026-09-12 21:06:15.958075
77,Tea Garden Climate Engine,119,60,tea garden dice tower,49.33,0.3333,4,1,youtube_suggest,2026-09-12 21:06:15.958255
78,Colossus Leaf Sorting Wheel,120,1,tea garden how to play,48.0,0.2857,5,1,youtube_suggest,2026-09-12 21:09:29.057996
78,Colossus Leaf Sorting Wheel,120,2,tea garden for sale in assam,47.5,0.25,6,1,youtube_suggest,2026-09-12 21:09:29.058211
78,Colossus Leaf Sorting Wheel,120,3,tea garden for sale in darjeeling,47.5,0.25,6,1,youtube_suggest,2026-09-12 21:09:29.058354
78,Colossus Leaf Sorting Wheel,120,4,tea garden at home,46.0,0.2857,4,1,youtube_suggest,2026-09-12 21:09:29.058650
78,Colossus Leaf Sorting Wheel,120,5,tea garden background video,46.0,0.2857,4,1,youtube_suggest,2026-09-12 21:09:29.058779
78,Colossus Leaf Sorting Wheel,120,6,tea garden cinematic video,46.0,0.2857,4,1,youtube_suggest,2026-09-12 21:09:29.058903
78,Colossus Leaf Sorting Wheel,120,7,tea garden for sale,46.0,0.2857,4,1,youtube_suggest,2026-09-12 21:09:29.059019
78,Colossus Leaf Sorting Wheel,120,8,tea garden board game how to play,45.56,0.2222,7,1,youtube_suggest,2026-09-12 21:09:29.059134
78,Colossus Leaf Sorting Wheel,120,9,tea garden and van winkle,45.5,0.25,5,1,youtube_suggest,2026-09-12 21:09:29.059246
78,Colossus Leaf Sorting Wheel,120,10,tea garden machine,44.0,0.2857,3,1,youtube_suggest,2026-09-12 21:09:29.059369
78,Colossus Leaf Sorting Wheel,120,11,tea garden plants,44.0,0.2857,3,1,youtube_suggest,2026-09-12 21:09:29.059484
78,Colossus Leaf Sorting Wheel,120,12,tea garden bangladesh,44.0,0.2857,3,1,youtube_suggest,2026-09-12 21:09:29.059596
78,Colossus Leaf Sorting Wheel,120,13,tea garden sylhet,44.0,0.2857,3,1,youtube_suggest,2026-09-12 21:09:29.059707
78,Colossus Leaf Sorting Wheel,120,14,tea garden music,44.0,0.2857,3,1,youtube_suggest,2026-09-12 21:09:29.059816
78,Colossus Leaf Sorting Wheel,120,15,tea garden ambience,44.0,0.2857,3,1,youtube_suggest,2026-09-12 21:09:29.060098
78,Colossus Leaf Sorting Wheel,120,16,tea garden assam,44.0,0.2857,3,1,youtube_suggest,2026-09-12 21:09:29.060221
78,Colossus Leaf Sorting Wheel,120,17,tea garden art,44.0,0.2857,3,1,youtube_suggest,2026-09-12 21:09:29.060335
78,Colossus Leaf Sorting Wheel,120,18,tea garden application,44.0,0.2857,3,1,youtube_suggest,2026-09-12 21:09:29.060466
78,Colossus Leaf Sorting Wheel,120,19,tea garden bungalow,44.0,0.2857,3,1,youtube_suggest,2026-09-12 21:09:29.063959
78,Colossus Leaf Sorting Wheel,120,20,tea garden business,44.0,0.2857,3,1,youtube_suggest,2026-09-12 21:09:29.064487
78,Colossus Leaf Sorting Wheel,120,21,tea garden china,44.0,0.2857,3,1,youtube_suggest,2026-09-12 21:09:29.064808
78,Colossus Leaf Sorting Wheel,120,22,tea garden cafe,44.0,0.2857,3,1,youtube_suggest,2026-09-12 21:09:29.065929
78,Colossus Leaf Sorting Wheel,120,23,tea garden champawat,44.0,0.2857,3,1,youtube_suggest,2026-09-12 21:09:29.068962
78,Colossus Leaf Sorting Wheel,120,24,tea garden coonoor,44.0,0.2857,3,1,youtube_suggest,2026-09-12 21:09:29.069211
78,Colossus Leaf Sorting Wheel,120,25,tea garden cutting,44.0,0.2857,3,1,youtube_suggest,2026-09-12 21:09:29.069455
78,Colossus Leaf Sorting Wheel,120,26,tea garden community,44.0,0.2857,3,1,youtube_suggest,2026-09-12 21:09:29.069656
78,Colossus Leaf Sorting Wheel,120,27,tea garden cake,44.0,0.2857,3,1,youtube_suggest,2026-09-12 21:09:29.070089
78,Colossus Leaf Sorting Wheel,120,28,tea garden darjeeling,44.0,0.2857,3,1,youtube_suggest,2026-09-12 21:09:29.070290
78,Colossus Leaf Sorting Wheel,120,29,tea garden design,44.0,0.2857,3,1,youtube_suggest,2026-09-12 21:09:29.073148
78,Colossus Leaf Sorting Wheel,120,30,tea garden drawing,44.0,0.2857,3,1,youtube_suggest,2026-09-12 21:09:29.073364
78,Colossus Leaf Sorting Wheel,120,31,tea garden dance,44.0,0.2857,3,1,youtube_suggest,2026-09-12 21:09:29.073553
78,Colossus Leaf Sorting Wheel,120,32,tea garden dress,44.0,0.2857,3,1,youtube_suggest,2026-09-12 21:09:29.073704
78,Colossus Leaf Sorting Wheel,120,33,tea garden documentary,44.0,0.2857,3,1,youtube_suggest,2026-09-12 21:09:29.073822
78,Colossus Leaf Sorting Wheel,120,34,tea garden expansion,44.0,0.2857,3,1,youtube_suggest,2026-09-12 21:09:29.073984
78,Colossus Leaf Sorting Wheel,120,35,tea garden express,44.0,0.2857,3,1,youtube_suggest,2026-09-12 21:09:29.074201
78,Colossus Leaf Sorting Wheel,120,36,tea garden elephant,44.0,0.2857,3,1,youtube_suggest,2026-09-12 21:09:29.076085
78,Colossus Leaf Sorting Wheel,120,37,tea garden eppadi,44.0,0.2857,3,1,youtube_suggest,2026-09-12 21:09:29.076219
78,Colossus Leaf Sorting Wheel,120,38,tea garden essay,44.0,0.2857,3,1,youtube_suggest,2026-09-12 21:09:29.076338
78,Colossus Leaf Sorting Wheel,120,39,tea garden fertilizer,44.0,0.2857,3,1,youtube_suggest,2026-09-12 21:09:29.076468
78,Colossus Leaf Sorting Wheel,120,40,tea garden factory,44.0,0.2857,3,1,youtube_suggest,2026-09-12 21:09:29.078105
78,Colossus Leaf Sorting Wheel,120,41,tea garden fungicide,44.0,0.2857,3,1,youtube_suggest,2026-09-12 21:09:29.078418
78,Colossus Leaf Sorting Wheel,120,42,tea garden farming,44.0,0.2857,3,1,youtube_suggest,2026-09-12 21:09:29.078584
78,Colossus Leaf Sorting Wheel,120,43,tea garden flower,44.0,0.2857,3,1,youtube_suggest,2026-09-12 21:09:29.078720
78,Colossus Leaf Sorting Wheel,120,44,tea garden franchise,44.0,0.2857,3,1,youtube_suggest,2026-09-12 21:09:29.078859
78,Colossus Leaf Sorting Wheel,120,45,tea garden film,44.0,0.2857,3,1,youtube_suggest,2026-09-12 21:09:29.078993
78,Colossus Leaf Sorting Wheel,120,46,tea garden grass cutting machine,43.56,0.2222,5,1,youtube_suggest,2026-09-12 21:09:29.079125
78,Colossus Leaf Sorting Wheel,120,47,tea garden katne wali machine,43.56,0.2222,5,1,youtube_suggest,2026-09-12 21:09:29.079254
78,Colossus Leaf Sorting Wheel,120,48,tea garden board game review,43.56,0.2222,5,1,youtube_suggest,2026-09-12 21:09:29.079393
78,Colossus Leaf Sorting Wheel,120,49,tea garden assistant manager salary,43.56,0.2222,5,1,youtube_suggest,2026-09-12 21:09:29.079544
78,Colossus Leaf Sorting Wheel,120,50,tea garden board game playthrough,43.56,0.2222,5,1,youtube_suggest,2026-09-12 21:09:29.079835
78,Colossus Leaf Sorting Wheel,120,51,tea garden board game unboxing,43.56,0.2222,5,1,youtube_suggest,2026-09-12 21:09:29.079977
78,Colossus Leaf Sorting Wheel,120,52,tea garden drawing oil pastel,43.56,0.2222,5,1,youtube_suggest,2026-09-12 21:09:29.080108
78,Colossus Leaf Sorting Wheel,120,53,tea garden spray machine,43.5,0.25,4,1,youtube_suggest,2026-09-12 21:09:29.080318
78,Colossus Leaf Sorting Wheel,120,54,tea garden cutting machine,43.5,0.25,4,1,youtube_suggest,2026-09-12 21:09:29.084853
78,Colossus Leaf Sorting Wheel,120,55,tea garden pruning machine,43.5,0.25,4,1,youtube_suggest,2026-09-12 21:09:29.085103
78,Colossus Leaf Sorting Wheel,120,56,tea leaf picking machine,43.5,0.25,4,1,youtube_suggest,2026-09-12 21:09:29.085403
78,Colossus Leaf Sorting Wheel,120,57,tea garden cutter machine,43.5,0.25,4,1,youtube_suggest,2026-09-12 21:09:29.085534
78,Colossus Leaf Sorting Wheel,120,58,tea garden plucking machine,43.5,0.25,4,1,youtube_suggest,2026-09-12 21:09:29.085658
78,Colossus Leaf Sorting Wheel,120,59,tea garden board game,43.5,0.25,4,1,youtube_suggest,2026-09-12 21:09:29.085787
78,Colossus Leaf Sorting Wheel,120,60,tea garden assamese song,43.5,0.25,4,1,youtube_suggest,2026-09-12 21:09:29.085912
79,Mountain Compost Walker,121,1,tea garden how to play,51.33,0.3333,5,1,youtube_suggest,2026-09-12 21:12:34.291040
79,Mountain Compost Walker,121,2,tea garden for sale in assam,50.0,0.2857,6,1,youtube_suggest,2026-09-12 21:12:34.291444
79,Mountain Compost Walker,121,3,tea garden for sale in darjeeling,50.0,0.2857,6,1,youtube_suggest,2026-09-12 21:12:34.291670
79,Mountain Compost Walker,121,4,tea garden at home,49.33,0.3333,4,1,youtube_suggest,2026-09-12 21:12:34.291858
79,Mountain Compost Walker,121,5,tea garden background video,49.33,0.3333,4,1,youtube_suggest,2026-09-12 21:12:34.292055
79,Mountain Compost Walker,121,6,tea garden cinematic video,49.33,0.3333,4,1,youtube_suggest,2026-09-12 21:12:34.292263
79,Mountain Compost Walker,121,7,tea garden for sale,49.33,0.3333,4,1,youtube_suggest,2026-09-12 21:12:34.297829
79,Mountain Compost Walker,121,8,tea garden and van winkle,48.0,0.2857,5,1,youtube_suggest,2026-09-12 21:12:34.298071
79,Mountain Compost Walker,121,9,tea garden board game how to play,47.5,0.25,7,1,youtube_suggest,2026-09-12 21:12:34.298282
79,Mountain Compost Walker,121,10,mountain rhett walker,47.33,0.3333,3,1,youtube_suggest,2026-09-12 21:12:34.298474
79,Mountain Compost Walker,121,11,tea garden machine,47.33,0.3333,3,1,youtube_suggest,2026-09-12 21:12:34.298662
79,Mountain Compost Walker,121,12,tea garden plants,47.33,0.3333,3,1,youtube_suggest,2026-09-12 21:12:34.300180
79,Mountain Compost Walker,121,13,tea garden bangladesh,47.33,0.3333,3,1,youtube_suggest,2026-09-12 21:12:34.300524
79,Mountain Compost Walker,121,14,tea garden sylhet,47.33,0.3333,3,1,youtube_suggest,2026-09-12 21:12:34.308041
79,Mountain Compost Walker,121,15,tea garden music,47.33,0.3333,3,1,youtube_suggest,2026-09-12 21:12:34.308279
79,Mountain Compost Walker,121,16,tea garden ambience,47.33,0.3333,3,1,youtube_suggest,2026-09-12 21:12:34.308475
79,Mountain Compost Walker,121,17,tea garden assam,47.33,0.3333,3,1,youtube_suggest,2026-09-12 21:12:34.308705
79,Mountain Compost Walker,121,18,tea garden art,47.33,0.3333,3,1,youtube_suggest,2026-09-12 21:12:34.308896
79,Mountain Compost Walker,121,19,tea garden application,47.33,0.3333,3,1,youtube_suggest,2026-09-12 21:12:34.309082
79,Mountain Compost Walker,121,20,tea garden bungalow,47.33,0.3333,3,1,youtube_suggest,2026-09-12 21:12:34.309421
79,Mountain Compost Walker,121,21,tea garden business,47.33,0.3333,3,1,youtube_suggest,2026-09-12 21:12:34.309603
79,Mountain Compost Walker,121,22,tea garden china,47.33,0.3333,3,1,youtube_suggest,2026-09-12 21:12:34.309810
79,Mountain Compost Walker,121,23,tea garden cafe,47.33,0.3333,3,1,youtube_suggest,2026-09-12 21:12:34.309999
79,Mountain Compost Walker,121,24,tea garden champawat,47.33,0.3333,3,1,youtube_suggest,2026-09-12 21:12:34.310206
79,Mountain Compost Walker,121,25,tea garden coonoor,47.33,0.3333,3,1,youtube_suggest,2026-09-12 21:12:34.310392
79,Mountain Compost Walker,121,26,tea garden cutting,47.33,0.3333,3,1,youtube_suggest,2026-09-12 21:12:34.310590
79,Mountain Compost Walker,121,27,tea garden community,47.33,0.3333,3,1,youtube_suggest,2026-09-12 21:12:34.310770
79,Mountain Compost Walker,121,28,tea garden cake,47.33,0.3333,3,1,youtube_suggest,2026-09-12 21:12:34.310978
79,Mountain Compost Walker,121,29,tea garden darjeeling,47.33,0.3333,3,1,youtube_suggest,2026-09-12 21:12:34.311164
79,Mountain Compost Walker,121,30,tea garden design,47.33,0.3333,3,1,youtube_suggest,2026-09-12 21:12:34.311356
79,Mountain Compost Walker,121,31,tea garden drawing,47.33,0.3333,3,1,youtube_suggest,2026-09-12 21:12:34.311532
79,Mountain Compost Walker,121,32,tea garden dance,47.33,0.3333,3,1,youtube_suggest,2026-09-12 21:12:34.311707
79,Mountain Compost Walker,121,33,tea garden dress,47.33,0.3333,3,1,youtube_suggest,2026-09-12 21:12:34.311885
79,Mountain Compost Walker,121,34,tea garden documentary,47.33,0.3333,3,1,youtube_suggest,2026-09-12 21:12:34.312062
79,Mountain Compost Walker,121,35,tea garden expansion,47.33,0.3333,3,1,youtube_suggest,2026-09-12 21:12:34.312249
79,Mountain Compost Walker,121,36,tea garden express,47.33,0.3333,3,1,youtube_suggest,2026-09-12 21:12:34.312430
79,Mountain Compost Walker,121,37,tea garden elephant,47.33,0.3333,3,1,youtube_suggest,2026-09-12 21:12:34.318278
79,Mountain Compost Walker,121,38,tea garden eppadi,47.33,0.3333,3,1,youtube_suggest,2026-09-12 21:12:34.318528
79,Mountain Compost Walker,121,39,tea garden essay,47.33,0.3333,3,1,youtube_suggest,2026-09-12 21:12:34.318718
79,Mountain Compost Walker,121,40,tea garden fertilizer,47.33,0.3333,3,1,youtube_suggest,2026-09-12 21:12:34.318923
79,Mountain Compost Walker,121,41,tea garden factory,47.33,0.3333,3,1,youtube_suggest,2026-09-12 21:12:34.319107
79,Mountain Compost Walker,121,42,tea garden fungicide,47.33,0.3333,3,1,youtube_suggest,2026-09-12 21:12:34.328127
79,Mountain Compost Walker,121,43,tea garden farming,47.33,0.3333,3,1,youtube_suggest,2026-09-12 21:12:34.328402
79,Mountain Compost Walker,121,44,tea garden flower,47.33,0.3333,3,1,youtube_suggest,2026-09-12 21:12:34.328631
79,Mountain Compost Walker,121,45,tea garden franchise,47.33,0.3333,3,1,youtube_suggest,2026-09-12 21:12:34.328823
79,Mountain Compost Walker,121,46,tea garden film,47.33,0.3333,3,1,youtube_suggest,2026-09-12 21:12:34.329010
79,Mountain Compost Walker,121,47,mountain mover water walker,46.0,0.2857,4,1,youtube_suggest,2026-09-12 21:12:34.329201
79,Mountain Compost Walker,121,48,tea garden spray machine,46.0,0.2857,4,1,youtube_suggest,2026-09-12 21:12:34.329387
79,Mountain Compost Walker,121,49,tea garden cutting machine,46.0,0.2857,4,1,youtube_suggest,2026-09-12 21:12:34.329573
79,Mountain Compost Walker,121,50,tea garden pruning machine,46.0,0.2857,4,1,youtube_suggest,2026-09-12 21:12:34.329856
79,Mountain Compost Walker,121,51,tea garden cutter machine,46.0,0.2857,4,1,youtube_suggest,2026-09-12 21:12:34.330046
79,Mountain Compost Walker,121,52,tea garden plucking machine,46.0,0.2857,4,1,youtube_suggest,2026-09-12 21:12:34.330246
79,Mountain Compost Walker,121,53,tea garden board game,46.0,0.2857,4,1,youtube_suggest,2026-09-12 21:12:34.330440
79,Mountain Compost Walker,121,54,tea garden assamese song,46.0,0.2857,4,1,youtube_suggest,2026-09-12 21:12:34.330620
79,Mountain Compost Walker,121,55,tea garden assistant manager,46.0,0.2857,4,1,youtube_suggest,2026-09-12 21:12:34.330796
79,Mountain Compost Walker,121,56,tea garden assam song,46.0,0.2857,4,1,youtube_suggest,2026-09-12 21:12:34.331003
79,Mountain Compost Walker,121,57,tea garden background music,46.0,0.2857,4,1,youtube_suggest,2026-09-12 21:12:34.331187
79,Mountain Compost Walker,121,58,tea garden chinese drama,46.0,0.2857,4,1,youtube_suggest,2026-09-12 21:12:34.331381
79,Mountain Compost Walker,121,59,tea garden dice tower,46.0,0.2857,4,1,youtube_suggest,2026-09-12 21:12:34.331560
79,Mountain Compost Walker,121,60,tea garden drone view,46.0,0.2857,4,1,youtube_suggest,2026-09-12 21:12:34.331737
80,Terrace-Shaping Earth Titan,122,1,tea garden how to play,48.0,0.2857,5,1,youtube_suggest,2026-09-12 21:15:33.436230
80,Terrace-Shaping Earth Titan,122,2,tea garden for sale in assam,47.5,0.25,6,1,youtube_suggest,2026-09-12 21:15:33.436516
80,Terrace-Shaping Earth Titan,122,3,tea garden for sale in darjeeling,47.5,0.25,6,1,youtube_suggest,2026-09-12 21:15:33.443238
80,Terrace-Shaping Earth Titan,122,4,tea garden at home,46.0,0.2857,4,1,youtube_suggest,2026-09-12 21:15:33.444707
80,Terrace-Shaping Earth Titan,122,5,tea garden background video,46.0,0.2857,4,1,youtube_suggest,2026-09-12 21:15:33.446451
80,Terrace-Shaping Earth Titan,122,6,tea garden cinematic video,46.0,0.2857,4,1,youtube_suggest,2026-09-12 21:15:33.447445
80,Terrace-Shaping Earth Titan,122,7,tea garden for sale,46.0,0.2857,4,1,youtube_suggest,2026-09-12 21:15:33.448933
80,Terrace-Shaping Earth Titan,122,8,tea garden board game how to play,45.56,0.2222,7,1,youtube_suggest,2026-09-12 21:15:33.449202
80,Terrace-Shaping Earth Titan,122,9,tea garden and van winkle,45.5,0.25,5,1,youtube_suggest,2026-09-12 21:15:33.449416
80,Terrace-Shaping Earth Titan,122,10,tea garden machine,44.0,0.2857,3,1,youtube_suggest,2026-09-12 21:15:33.449604
80,Terrace-Shaping Earth Titan,122,11,tea garden plants,44.0,0.2857,3,1,youtube_suggest,2026-09-12 21:15:33.449792
80,Terrace-Shaping Earth Titan,122,12,tea garden bangladesh,44.0,0.2857,3,1,youtube_suggest,2026-09-12 21:15:33.456913
80,Terrace-Shaping Earth Titan,122,13,tea garden sylhet,44.0,0.2857,3,1,youtube_suggest,2026-09-12 21:15:33.457096
80,Terrace-Shaping Earth Titan,122,14,tea garden music,44.0,0.2857,3,1,youtube_suggest,2026-09-12 21:15:33.457238
80,Terrace-Shaping Earth Titan,122,15,tea garden ambience,44.0,0.2857,3,1,youtube_suggest,2026-09-12 21:15:33.457422
80,Terrace-Shaping Earth Titan,122,16,tea garden assam,44.0,0.2857,3,1,youtube_suggest,2026-09-12 21:15:33.457564
80,Terrace-Shaping Earth Titan,122,17,tea garden art,44.0,0.2857,3,1,youtube_suggest,2026-09-12 21:15:33.457691
80,Terrace-Shaping Earth Titan,122,18,tea garden application,44.0,0.2857,3,1,youtube_suggest,2026-09-12 21:15:33.457859
80,Terrace-Shaping Earth Titan,122,19,tea garden bungalow,44.0,0.2857,3,1,youtube_suggest,2026-09-12 21:15:33.458009
80,Terrace-Shaping Earth Titan,122,20,tea garden business,44.0,0.2857,3,1,youtube_suggest,2026-09-12 21:15:33.458153
80,Terrace-Shaping Earth Titan,122,21,tea garden china,44.0,0.2857,3,1,youtube_suggest,2026-09-12 21:15:33.458307
80,Terrace-Shaping Earth Titan,122,22,tea garden cafe,44.0,0.2857,3,1,youtube_suggest,2026-09-12 21:15:33.458451
80,Terrace-Shaping Earth Titan,122,23,tea garden champawat,44.0,0.2857,3,1,youtube_suggest,2026-09-12 21:15:33.458597
80,Terrace-Shaping Earth Titan,122,24,tea garden coonoor,44.0,0.2857,3,1,youtube_suggest,2026-09-12 21:15:33.458740
80,Terrace-Shaping Earth Titan,122,25,tea garden cutting,44.0,0.2857,3,1,youtube_suggest,2026-09-12 21:15:33.458888
80,Terrace-Shaping Earth Titan,122,26,tea garden community,44.0,0.2857,3,1,youtube_suggest,2026-09-12 21:15:33.459033
80,Terrace-Shaping Earth Titan,122,27,tea garden cake,44.0,0.2857,3,1,youtube_suggest,2026-09-12 21:15:33.460881
80,Terrace-Shaping Earth Titan,122,28,tea garden darjeeling,44.0,0.2857,3,1,youtube_suggest,2026-09-12 21:15:33.461089
80,Terrace-Shaping Earth Titan,122,29,tea garden design,44.0,0.2857,3,1,youtube_suggest,2026-09-12 21:15:33.461274
80,Terrace-Shaping Earth Titan,122,30,tea garden drawing,44.0,0.2857,3,1,youtube_suggest,2026-09-12 21:15:33.461431
80,Terrace-Shaping Earth Titan,122,31,tea garden dance,44.0,0.2857,3,1,youtube_suggest,2026-09-12 21:15:33.461583
80,Terrace-Shaping Earth Titan,122,32,tea garden dress,44.0,0.2857,3,1,youtube_suggest,2026-09-12 21:15:33.461742
80,Terrace-Shaping Earth Titan,122,33,tea garden documentary,44.0,0.2857,3,1,youtube_suggest,2026-09-12 21:15:33.461891
80,Terrace-Shaping Earth Titan,122,34,tea garden expansion,44.0,0.2857,3,1,youtube_suggest,2026-09-12 21:15:33.462038
80,Terrace-Shaping Earth Titan,122,35,tea garden express,44.0,0.2857,3,1,youtube_suggest,2026-09-12 21:15:33.462187
80,Terrace-Shaping Earth Titan,122,36,tea garden elephant,44.0,0.2857,3,1,youtube_suggest,2026-09-12 21:15:33.462354
80,Terrace-Shaping Earth Titan,122,37,tea garden eppadi,44.0,0.2857,3,1,youtube_suggest,2026-09-12 21:15:33.462502
80,Terrace-Shaping Earth Titan,122,38,tea garden essay,44.0,0.2857,3,1,youtube_suggest,2026-09-12 21:15:33.462644
80,Terrace-Shaping Earth Titan,122,39,tea garden fertilizer,44.0,0.2857,3,1,youtube_suggest,2026-09-12 21:15:33.462801
80,Terrace-Shaping Earth Titan,122,40,tea garden factory,44.0,0.2857,3,1,youtube_suggest,2026-09-12 21:15:33.463029
80,Terrace-Shaping Earth Titan,122,41,tea garden fungicide,44.0,0.2857,3,1,youtube_suggest,2026-09-12 21:15:33.463188
80,Terrace-Shaping Earth Titan,122,42,tea garden farming,44.0,0.2857,3,1,youtube_suggest,2026-09-12 21:15:33.463346
80,Terrace-Shaping Earth Titan,122,43,tea garden flower,44.0,0.2857,3,1,youtube_suggest,2026-09-12 21:15:33.463492
80,Terrace-Shaping Earth Titan,122,44,tea garden franchise,44.0,0.2857,3,1,youtube_suggest,2026-09-12 21:15:33.463643
80,Terrace-Shaping Earth Titan,122,45,tea garden film,44.0,0.2857,3,1,youtube_suggest,2026-09-12 21:15:33.463789
80,Terrace-Shaping Earth Titan,122,46,tea garden grass cutting machine,43.56,0.2222,5,1,youtube_suggest,2026-09-12 21:15:33.463929
80,Terrace-Shaping Earth Titan,122,47,tea garden katne wali machine,43.56,0.2222,5,1,youtube_suggest,2026-09-12 21:15:33.464069
80,Terrace-Shaping Earth Titan,122,48,tea garden board game review,43.56,0.2222,5,1,youtube_suggest,2026-09-12 21:15:33.464207
80,Terrace-Shaping Earth Titan,122,49,tea garden assistant manager salary,43.56,0.2222,5,1,youtube_suggest,2026-09-12 21:15:33.464361
80,Terrace-Shaping Earth Titan,122,50,tea garden board game playthrough,43.56,0.2222,5,1,youtube_suggest,2026-09-12 21:15:33.464504
80,Terrace-Shaping Earth Titan,122,51,tea garden board game unboxing,43.56,0.2222,5,1,youtube_suggest,2026-09-12 21:15:33.475406
80,Terrace-Shaping Earth Titan,122,52,tea garden drawing oil pastel,43.56,0.2222,5,1,youtube_suggest,2026-09-12 21:15:33.475654
80,Terrace-Shaping Earth Titan,122,53,tea garden spray machine,43.5,0.25,4,1,youtube_suggest,2026-09-12 21:15:33.475972
80,Terrace-Shaping Earth Titan,122,54,tea garden cutting machine,43.5,0.25,4,1,youtube_suggest,2026-09-12 21:15:33.476173
80,Terrace-Shaping Earth Titan,122,55,tea garden pruning machine,43.5,0.25,4,1,youtube_suggest,2026-09-12 21:15:33.476376
80,Terrace-Shaping Earth Titan,122,56,tea garden cutter machine,43.5,0.25,4,1,youtube_suggest,2026-09-12 21:15:33.481675
80,Terrace-Shaping Earth Titan,122,57,tea garden plucking machine,43.5,0.25,4,1,youtube_suggest,2026-09-12 21:15:33.482038
80,Terrace-Shaping Earth Titan,122,58,titan quest earth build,43.5,0.25,4,1,youtube_suggest,2026-09-12 21:15:33.482288
80,Terrace-Shaping Earth Titan,122,59,tea garden board game,43.5,0.25,4,1,youtube_suggest,2026-09-12 21:15:33.482505
80,Terrace-Shaping Earth Titan,122,60,tea garden assamese song,43.5,0.25,4,1,youtube_suggest,2026-09-12 21:15:33.482717
81,Solar Tea Harvesting Cathedral,123,1,tea garden how to play,51.33,0.3333,5,1,youtube_suggest,2026-09-12 21:23:20.256406
81,Solar Tea Harvesting Cathedral,123,2,tea garden for sale in assam,50.0,0.2857,6,1,youtube_suggest,2026-09-12 21:23:20.260835
81,Solar Tea Harvesting Cathedral,123,3,tea garden for sale in darjeeling,50.0,0.2857,6,1,youtube_suggest,2026-09-12 21:23:20.261041
81,Solar Tea Harvesting Cathedral,123,4,tea garden at home,49.33,0.3333,4,1,youtube_suggest,2026-09-12 21:23:20.261186
81,Solar Tea Harvesting Cathedral,123,5,tea garden background video,49.33,0.3333,4,1,youtube_suggest,2026-09-12 21:23:20.261345
81,Solar Tea Harvesting Cathedral,123,6,tea garden cinematic video,49.33,0.3333,4,1,youtube_suggest,2026-09-12 21:23:20.261485
81,Solar Tea Harvesting Cathedral,123,7,tea garden for sale,49.33,0.3333,4,1,youtube_suggest,2026-09-12 21:23:20.261623
81,Solar Tea Harvesting Cathedral,123,8,tea garden and van winkle,48.0,0.2857,5,1,youtube_suggest,2026-09-12 21:23:20.261760
81,Solar Tea Harvesting Cathedral,123,9,tea garden board game how to play,47.5,0.25,7,1,youtube_suggest,2026-09-12 21:23:20.261896
81,Solar Tea Harvesting Cathedral,123,10,tea garden machine,47.33,0.3333,3,1,youtube_suggest,2026-09-12 21:23:20.262059
81,Solar Tea Harvesting Cathedral,123,11,tea harvesting machine,47.33,0.3333,3,1,youtube_suggest,2026-09-12 21:23:20.262192
81,Solar Tea Harvesting Cathedral,123,12,solar tea maker,47.33,0.3333,3,1,youtube_suggest,2026-09-12 21:23:20.262341
81,Solar Tea Harvesting Cathedral,123,13,tea garden plants,47.33,0.3333,3,1,youtube_suggest,2026-09-12 21:23:20.262476
81,Solar Tea Harvesting Cathedral,123,14,tea garden bangladesh,47.33,0.3333,3,1,youtube_suggest,2026-09-12 21:23:20.262611
81,Solar Tea Harvesting Cathedral,123,15,tea garden sylhet,47.33,0.3333,3,1,youtube_suggest,2026-09-12 21:23:20.262746
81,Solar Tea Harvesting Cathedral,123,16,tea garden music,47.33,0.3333,3,1,youtube_suggest,2026-09-12 21:23:20.262879
81,Solar Tea Harvesting Cathedral,123,17,tea garden ambience,47.33,0.3333,3,1,youtube_suggest,2026-09-12 21:23:20.263011
81,Solar Tea Harvesting Cathedral,123,18,tea garden assam,47.33,0.3333,3,1,youtube_suggest,2026-09-12 21:23:20.263145
81,Solar Tea Harvesting Cathedral,123,19,tea garden art,47.33,0.3333,3,1,youtube_suggest,2026-09-12 21:23:20.263288
81,Solar Tea Harvesting Cathedral,123,20,tea garden application,47.33,0.3333,3,1,youtube_suggest,2026-09-12 21:23:20.263417
81,Solar Tea Harvesting Cathedral,123,21,tea garden bungalow,47.33,0.3333,3,1,youtube_suggest,2026-09-12 21:23:20.263545
81,Solar Tea Harvesting Cathedral,123,22,tea garden business,47.33,0.3333,3,1,youtube_suggest,2026-09-12 21:23:20.263675
81,Solar Tea Harvesting Cathedral,123,23,tea garden china,47.33,0.3333,3,1,youtube_suggest,2026-09-12 21:23:20.263813
81,Solar Tea Harvesting Cathedral,123,24,tea garden cafe,47.33,0.3333,3,1,youtube_suggest,2026-09-12 21:23:20.263943
81,Solar Tea Harvesting Cathedral,123,25,tea garden champawat,47.33,0.3333,3,1,youtube_suggest,2026-09-12 21:23:20.264075
81,Solar Tea Harvesting Cathedral,123,26,tea garden coonoor,47.33,0.3333,3,1,youtube_suggest,2026-09-12 21:23:20.264208
81,Solar Tea Harvesting Cathedral,123,27,tea garden cutting,47.33,0.3333,3,1,youtube_suggest,2026-09-12 21:23:20.270326
81,Solar Tea Harvesting Cathedral,123,28,tea garden community,47.33,0.3333,3,1,youtube_suggest,2026-09-12 21:23:20.270563
81,Solar Tea Harvesting Cathedral,123,29,tea garden cake,47.33,0.3333,3,1,youtube_suggest,2026-09-12 21:23:20.270709
81,Solar Tea Harvesting Cathedral,123,30,tea garden darjeeling,47.33,0.3333,3,1,youtube_suggest,2026-09-12 21:23:20.270845
81,Solar Tea Harvesting Cathedral,123,31,tea garden design,47.33,0.3333,3,1,youtube_suggest,2026-09-12 21:23:20.271010
81,Solar Tea Harvesting Cathedral,123,32,tea garden drawing,47.33,0.3333,3,1,youtube_suggest,2026-09-12 21:23:20.271146
81,Solar Tea Harvesting Cathedral,123,33,tea garden dance,47.33,0.3333,3,1,youtube_suggest,2026-09-12 21:23:20.271294
81,Solar Tea Harvesting Cathedral,123,34,tea garden dress,47.33,0.3333,3,1,youtube_suggest,2026-09-12 21:23:20.271426
81,Solar Tea Harvesting Cathedral,123,35,tea garden documentary,47.33,0.3333,3,1,youtube_suggest,2026-09-12 21:23:20.271570
81,Solar Tea Harvesting Cathedral,123,36,tea garden expansion,47.33,0.3333,3,1,youtube_suggest,2026-09-12 21:23:20.271702
81,Solar Tea Harvesting Cathedral,123,37,tea garden express,47.33,0.3333,3,1,youtube_suggest,2026-09-12 21:23:20.271844
81,Solar Tea Harvesting Cathedral,123,38,tea garden elephant,47.33,0.3333,3,1,youtube_suggest,2026-09-12 21:23:20.271975
81,Solar Tea Harvesting Cathedral,123,39,tea garden eppadi,47.33,0.3333,3,1,youtube_suggest,2026-09-12 21:23:20.272102
81,Solar Tea Harvesting Cathedral,123,40,tea garden essay,47.33,0.3333,3,1,youtube_suggest,2026-09-12 21:23:20.272228
81,Solar Tea Harvesting Cathedral,123,41,tea garden fertilizer,47.33,0.3333,3,1,youtube_suggest,2026-09-12 21:23:20.272365
81,Solar Tea Harvesting Cathedral,123,42,tea garden factory,47.33,0.3333,3,1,youtube_suggest,2026-09-12 21:23:20.272494
81,Solar Tea Harvesting Cathedral,123,43,tea garden fungicide,47.33,0.3333,3,1,youtube_suggest,2026-09-12 21:23:20.276956
81,Solar Tea Harvesting Cathedral,123,44,tea garden farming,47.33,0.3333,3,1,youtube_suggest,2026-09-12 21:23:20.277148
81,Solar Tea Harvesting Cathedral,123,45,tea garden flower,47.33,0.3333,3,1,youtube_suggest,2026-09-12 21:23:20.277316
81,Solar Tea Harvesting Cathedral,123,46,tea garden franchise,47.33,0.3333,3,1,youtube_suggest,2026-09-12 21:23:20.277460
81,Solar Tea Harvesting Cathedral,123,47,tea garden film,47.33,0.3333,3,1,youtube_suggest,2026-09-12 21:23:20.277600
81,Solar Tea Harvesting Cathedral,123,48,tea garden spray machine,46.0,0.2857,4,1,youtube_suggest,2026-09-12 21:23:20.277738
81,Solar Tea Harvesting Cathedral,123,49,tea garden cutting machine,46.0,0.2857,4,1,youtube_suggest,2026-09-12 21:23:20.277879
81,Solar Tea Harvesting Cathedral,123,50,tea garden pruning machine,46.0,0.2857,4,1,youtube_suggest,2026-09-12 21:23:20.278014
81,Solar Tea Harvesting Cathedral,123,51,tea garden cutter machine,46.0,0.2857,4,1,youtube_suggest,2026-09-12 21:23:20.278146
81,Solar Tea Harvesting Cathedral,123,52,tea garden plucking machine,46.0,0.2857,4,1,youtube_suggest,2026-09-12 21:23:20.278290
81,Solar Tea Harvesting Cathedral,123,53,tea garden board game,46.0,0.2857,4,1,youtube_suggest,2026-09-12 21:23:20.278426
81,Solar Tea Harvesting Cathedral,123,54,tea garden assamese song,46.0,0.2857,4,1,youtube_suggest,2026-09-12 21:23:20.278563
81,Solar Tea Harvesting Cathedral,123,55,tea garden assistant manager,46.0,0.2857,4,1,youtube_suggest,2026-09-12 21:23:20.278702
81,Solar Tea Harvesting Cathedral,123,56,tea garden assam song,46.0,0.2857,4,1,youtube_suggest,2026-09-12 21:23:20.278844
81,Solar Tea Harvesting Cathedral,123,57,tea garden background music,46.0,0.2857,4,1,youtube_suggest,2026-09-12 21:23:20.278974
81,Solar Tea Harvesting Cathedral,123,58,tea garden chinese drama,46.0,0.2857,4,1,youtube_suggest,2026-09-12 21:23:20.279101
81,Solar Tea Harvesting Cathedral,123,59,tea garden dice tower,46.0,0.2857,4,1,youtube_suggest,2026-09-12 21:23:20.279233
81,Solar Tea Harvesting Cathedral,123,60,tea garden drone view,46.0,0.2857,4,1,youtube_suggest,2026-09-12 21:23:20.279380
82,Orbital Tea Garden Caretaker,124,1,tea garden how to play,56.0,0.4,5,1,youtube_suggest,2026-09-12 21:31:06.111703
82,Orbital Tea Garden Caretaker,124,2,tea garden at home,54.0,0.4,4,1,youtube_suggest,2026-09-12 21:31:06.112229
82,Orbital Tea Garden Caretaker,124,3,tea garden background video,54.0,0.4,4,1,youtube_suggest,2026-09-12 21:31:06.112441
82,Orbital Tea Garden Caretaker,124,4,tea garden cinematic video,54.0,0.4,4,1,youtube_suggest,2026-09-12 21:31:06.112706
82,Orbital Tea Garden Caretaker,124,5,tea garden for sale,54.0,0.4,4,1,youtube_suggest,2026-09-12 21:31:06.112853
82,Orbital Tea Garden Caretaker,124,6,tea garden for sale in assam,53.33,0.3333,6,1,youtube_suggest,2026-09-12 21:31:06.112984
82,Orbital Tea Garden Caretaker,124,7,tea garden for sale in darjeeling,53.33,0.3333,6,1,youtube_suggest,2026-09-12 21:31:06.113114
82,Orbital Tea Garden Caretaker,124,8,organic tea garden,52.0,0.4,3,1,youtube_suggest,2026-09-12 21:31:06.113477
82,Orbital Tea Garden Caretaker,124,9,tea garden plants,52.0,0.4,3,1,youtube_suggest,2026-09-12 21:31:06.113623
82,Orbital Tea Garden Caretaker,124,10,tea garden bangladesh,52.0,0.4,3,1,youtube_suggest,2026-09-12 21:31:06.113775
82,Orbital Tea Garden Caretaker,124,11,tea garden sylhet,52.0,0.4,3,1,youtube_suggest,2026-09-12 21:31:06.113973
82,Orbital Tea Garden Caretaker,124,12,tea garden music,52.0,0.4,3,1,youtube_suggest,2026-09-12 21:31:06.114169
82,Orbital Tea Garden Caretaker,124,13,tea garden ambience,52.0,0.4,3,1,youtube_suggest,2026-09-12 21:31:06.114382
82,Orbital Tea Garden Caretaker,124,14,tea garden assam,52.0,0.4,3,1,youtube_suggest,2026-09-12 21:31:06.114572
82,Orbital Tea Garden Caretaker,124,15,tea garden art,52.0,0.4,3,1,youtube_suggest,2026-09-12 21:31:06.115042
82,Orbital Tea Garden Caretaker,124,16,tea garden application,52.0,0.4,3,1,youtube_suggest,2026-09-12 21:31:06.115259
82,Orbital Tea Garden Caretaker,124,17,tea garden bungalow,52.0,0.4,3,1,youtube_suggest,2026-09-12 21:31:06.115529
82,Orbital Tea Garden Caretaker,124,18,tea garden business,52.0,0.4,3,1,youtube_suggest,2026-09-12 21:31:06.115754
82,Orbital Tea Garden Caretaker,124,19,tea garden china,52.0,0.4,3,1,youtube_suggest,2026-09-12 21:31:06.115914
82,Orbital Tea Garden Caretaker,124,20,tea garden cafe,52.0,0.4,3,1,youtube_suggest,2026-09-12 21:31:06.116050
82,Orbital Tea Garden Caretaker,124,21,tea garden champawat,52.0,0.4,3,1,youtube_suggest,2026-09-12 21:31:06.116413
82,Orbital Tea Garden Caretaker,124,22,tea garden coonoor,52.0,0.4,3,1,youtube_suggest,2026-09-12 21:31:06.116971
82,Orbital Tea Garden Caretaker,124,23,tea garden cutting,52.0,0.4,3,1,youtube_suggest,2026-09-12 21:31:06.117202
82,Orbital Tea Garden Caretaker,124,24,tea garden community,52.0,0.4,3,1,youtube_suggest,2026-09-12 21:31:06.117395
82,Orbital Tea Garden Caretaker,124,25,tea garden cake,52.0,0.4,3,1,youtube_suggest,2026-09-12 21:31:06.117838
82,Orbital Tea Garden Caretaker,124,26,tea garden darjeeling,52.0,0.4,3,1,youtube_suggest,2026-09-12 21:31:06.118001
82,Orbital Tea Garden Caretaker,124,27,tea garden design,52.0,0.4,3,1,youtube_suggest,2026-09-12 21:31:06.118136
82,Orbital Tea Garden Caretaker,124,28,tea garden drawing,52.0,0.4,3,1,youtube_suggest,2026-09-12 21:31:06.118405
82,Orbital Tea Garden Caretaker,124,29,tea garden dance,52.0,0.4,3,1,youtube_suggest,2026-09-12 21:31:06.118658
82,Orbital Tea Garden Caretaker,124,30,tea garden dress,52.0,0.4,3,1,youtube_suggest,2026-09-12 21:31:06.119384
82,Orbital Tea Garden Caretaker,124,31,tea garden documentary,52.0,0.4,3,1,youtube_suggest,2026-09-12 21:31:06.119639
82,Orbital Tea Garden Caretaker,124,32,tea garden expansion,52.0,0.4,3,1,youtube_suggest,2026-09-12 21:31:06.119884
82,Orbital Tea Garden Caretaker,124,33,tea garden express,52.0,0.4,3,1,youtube_suggest,2026-09-12 21:31:06.120123
82,Orbital Tea Garden Caretaker,124,34,tea garden elephant,52.0,0.4,3,1,youtube_suggest,2026-09-12 21:31:06.120955
82,Orbital Tea Garden Caretaker,124,35,tea garden eppadi,52.0,0.4,3,1,youtube_suggest,2026-09-12 21:31:06.121191
82,Orbital Tea Garden Caretaker,124,36,tea garden essay,52.0,0.4,3,1,youtube_suggest,2026-09-12 21:31:06.121381
82,Orbital Tea Garden Caretaker,124,37,tea garden fertilizer,52.0,0.4,3,1,youtube_suggest,2026-09-12 21:31:06.121571
82,Orbital Tea Garden Caretaker,124,38,tea garden factory,52.0,0.4,3,1,youtube_suggest,2026-09-12 21:31:06.122049
82,Orbital Tea Garden Caretaker,124,39,tea garden fungicide,52.0,0.4,3,1,youtube_suggest,2026-09-12 21:31:06.122286
82,Orbital Tea Garden Caretaker,124,40,tea garden farming,52.0,0.4,3,1,youtube_suggest,2026-09-12 21:31:06.122466
82,Orbital Tea Garden Caretaker,124,41,tea garden flower,52.0,0.4,3,1,youtube_suggest,2026-09-12 21:31:06.122644
82,Orbital Tea Garden Caretaker,124,42,tea garden franchise,52.0,0.4,3,1,youtube_suggest,2026-09-12 21:31:06.122887
82,Orbital Tea Garden Caretaker,124,43,tea garden film,52.0,0.4,3,1,youtube_suggest,2026-09-12 21:31:06.123075
82,Orbital Tea Garden Caretaker,124,44,tea garden machine,52.0,0.4,3,1,youtube_suggest,2026-09-12 21:31:06.123490
82,Orbital Tea Garden Caretaker,124,45,tea garden and van winkle,51.33,0.3333,5,1,youtube_suggest,2026-09-12 21:31:06.123695
82,Orbital Tea Garden Caretaker,124,46,tea garden board game how to play,50.0,0.2857,7,1,youtube_suggest,2026-09-12 21:31:06.123881
82,Orbital Tea Garden Caretaker,124,47,orange valley tea garden,49.33,0.3333,4,1,youtube_suggest,2026-09-12 21:31:06.124179
82,Orbital Tea Garden Caretaker,124,48,tea garden board game,49.33,0.3333,4,1,youtube_suggest,2026-09-12 21:31:06.124459
82,Orbital Tea Garden Caretaker,124,49,tea garden assamese song,49.33,0.3333,4,1,youtube_suggest,2026-09-12 21:31:06.124934
82,Orbital Tea Garden Caretaker,124,50,tea garden assistant manager,49.33,0.3333,4,1,youtube_suggest,2026-09-12 21:31:06.125213
82,Orbital Tea Garden Caretaker,124,51,tea garden assam song,49.33,0.3333,4,1,youtube_suggest,2026-09-12 21:31:06.125429
82,Orbital Tea Garden Caretaker,124,52,tea garden background music,49.33,0.3333,4,1,youtube_suggest,2026-09-12 21:31:06.125618
82,Orbital Tea Garden Caretaker,124,53,tea garden chinese drama,49.33,0.3333,4,1,youtube_suggest,2026-09-12 21:31:06.125838
82,Orbital Tea Garden Caretaker,124,54,tea garden cutting machine,49.33,0.3333,4,1,youtube_suggest,2026-09-12 21:31:06.126342
82,Orbital Tea Garden Caretaker,124,55,tea garden dice tower,49.33,0.3333,4,1,youtube_suggest,2026-09-12 21:31:06.126611
82,Orbital Tea Garden Caretaker,124,56,tea garden drone view,49.33,0.3333,4,1,youtube_suggest,2026-09-12 21:31:06.126881
82,Orbital Tea Garden Caretaker,124,57,tea garden drone shot,49.33,0.3333,4,1,youtube_suggest,2026-09-12 21:31:06.127214
82,Orbital Tea Garden Caretaker,124,58,tea garden express announcement,49.33,0.3333,4,1,youtube_suggest,2026-09-12 21:31:06.127409
82,Orbital Tea Garden Caretaker,124,59,tea garden eppadi seivathu,49.33,0.3333,4,1,youtube_suggest,2026-09-12 21:31:06.127813
82,Orbital Tea Garden Caretaker,124,60,tea garden eco villas,49.33,0.3333,4,1,youtube_suggest,2026-09-12 21:31:06.127975
83,The Golden Bunch Orbital Harvester,125,1,banana plantation in the philippines,48.0,0.2857,5,1,youtube_suggest,2026-09-12 21:34:01.751666
83,The Golden Bunch Orbital Harvester,125,2,banana plantation in uganda,46.0,0.2857,4,1,youtube_suggest,2026-09-12 21:34:01.752014
83,The Golden Bunch Orbital Harvester,125,3,banana plantation in ecuador,46.0,0.2857,4,1,youtube_suggest,2026-09-12 21:34:01.752263
83,The Golden Bunch Orbital Harvester,125,4,banana plantation in zambia,46.0,0.2857,4,1,youtube_suggest,2026-09-12 21:34:01.752468
83,The Golden Bunch Orbital Harvester,125,5,banana plantation at home,46.0,0.2857,4,1,youtube_suggest,2026-09-12 21:34:01.753634
83,The Golden Bunch Orbital Harvester,125,6,banana plantation farming in uganda,45.5,0.25,5,1,youtube_suggest,2026-09-12 21:34:01.754650
83,The Golden Bunch Orbital Harvester,125,7,banana plantation song,44.0,0.2857,3,1,youtube_suggest,2026-09-12 21:34:01.755498
83,The Golden Bunch Orbital Harvester,125,8,banana plantation harvesting,44.0,0.2857,3,1,youtube_suggest,2026-09-12 21:34:01.756240
83,The Golden Bunch Orbital Harvester,125,9,banana plantation documentary,44.0,0.2857,3,1,youtube_suggest,2026-09-12 21:34:01.757129
83,The Golden Bunch Orbital Harvester,125,10,banana plantation telugu,44.0,0.2857,3,1,youtube_suggest,2026-09-12 21:34:01.757352
83,The Golden Bunch Orbital Harvester,125,11,banana plantation business,44.0,0.2857,3,1,youtube_suggest,2026-09-12 21:34:01.757546
83,The Golden Bunch Orbital Harvester,125,12,banana plantation drawing,44.0,0.2857,3,1,youtube_suggest,2026-09-12 21:34:01.759156
83,The Golden Bunch Orbital Harvester,125,13,banana plantation distance,44.0,0.2857,3,1,youtube_suggest,2026-09-12 21:34:01.759422
83,The Golden Bunch Orbital Harvester,125,14,banana plantation davao,44.0,0.2857,3,1,youtube_suggest,2026-09-12 21:34:01.759626
83,The Golden Bunch Orbital Harvester,125,15,banana plantation ecuador,44.0,0.2857,3,1,youtube_suggest,2026-09-12 21:34:01.759834
83,The Golden Bunch Orbital Harvester,125,16,banana plantation method,44.0,0.2857,3,1,youtube_suggest,2026-09-12 21:34:01.760099
83,The Golden Bunch Orbital Harvester,125,17,banana plantation farming,44.0,0.2857,3,1,youtube_suggest,2026-09-12 21:34:01.760302
83,The Golden Bunch Orbital Harvester,125,18,banana plantation fertilizer,44.0,0.2857,3,1,youtube_suggest,2026-09-12 21:34:01.760489
83,The Golden Bunch Orbital Harvester,125,19,banana plantation process,44.0,0.2857,3,1,youtube_suggest,2026-09-12 21:34:01.762085
83,The Golden Bunch Orbital Harvester,125,20,banana plantation davao del norte,43.56,0.2222,5,1,youtube_suggest,2026-09-12 21:34:01.762304
83,The Golden Bunch Orbital Harvester,125,21,banana plantation costa rica,43.5,0.25,4,1,youtube_suggest,2026-09-12 21:34:01.762539
83,The Golden Bunch Orbital Harvester,125,22,banana plantation irrigation system,43.5,0.25,4,1,youtube_suggest,2026-09-12 21:34:01.764389
83,The Golden Bunch Orbital Harvester,125,23,banana farming a to z,38.0,0.1429,5,1,youtube_suggest,2026-09-12 21:34:01.764635
83,The Golden Bunch Orbital Harvester,125,24,banana farming agribusiness how it works,37.78,0.1111,6,1,youtube_suggest,2026-09-12 21:34:01.764921
83,The Golden Bunch Orbital Harvester,125,25,the magic of the golden bear goldy iii,37.0,0.1,8,1,youtube_suggest,2026-09-12 21:34:01.765123
83,The Golden Bunch Orbital Harvester,125,26,banana farm btd battles 2,35.78,0.1111,5,1,youtube_suggest,2026-09-12 21:34:01.765451
83,The Golden Bunch Orbital Harvester,125,27,banana cultivation agri coaching chandigarh,35.0,0.1,5,1,youtube_suggest,2026-09-12 21:34:01.765719
83,The Golden Bunch Orbital Harvester,125,28,banana farm eco hostel arusha,35.0,0.1,5,1,youtube_suggest,2026-09-12 21:34:01.765932
83,The Golden Bunch Orbital Harvester,125,29,banana farming fertilizer schedule kannada,35.0,0.1,5,1,youtube_suggest,2026-09-12 21:34:01.766131
83,The Golden Bunch Orbital Harvester,125,30,banana planting at home,34.75,0.125,4,1,youtube_suggest,2026-09-12 21:34:01.766371
83,The Golden Bunch Orbital Harvester,125,31,banana planting and harvesting,34.75,0.125,4,1,youtube_suggest,2026-09-12 21:34:01.766573
83,The Golden Bunch Orbital Harvester,125,32,banana farming for beginners,34.75,0.125,4,1,youtube_suggest,2026-09-12 21:34:01.766767
83,The Golden Bunch Orbital Harvester,125,33,banana farming balram kisan,33.78,0.1111,4,1,youtube_suggest,2026-09-12 21:34:01.768610
83,The Golden Bunch Orbital Harvester,125,34,banana farm btd6 paragon,33.78,0.1111,4,1,youtube_suggest,2026-09-12 21:34:01.770187
83,The Golden Bunch Orbital Harvester,125,35,banana farming complete guide,33.78,0.1111,4,1,youtube_suggest,2026-09-12 21:34:01.770480
83,The Golden Bunch Orbital Harvester,125,36,banana farming drip irrigation,33.78,0.1111,4,1,youtube_suggest,2026-09-12 21:34:01.770690
83,The Golden Bunch Orbital Harvester,125,37,banana farming fertilizer schedule,33.78,0.1111,4,1,youtube_suggest,2026-09-12 21:34:01.771832
83,The Golden Bunch Orbital Harvester,125,38,banana farming full details,33.78,0.1111,4,1,youtube_suggest,2026-09-12 21:34:01.772097
83,The Golden Bunch Orbital Harvester,125,39,banana farming full process,33.78,0.1111,4,1,youtube_suggest,2026-09-12 21:34:01.772359
83,The Golden Bunch Orbital Harvester,125,40,banana farming new technology,33.78,0.1111,4,1,youtube_suggest,2026-09-12 21:34:01.772695
83,The Golden Bunch Orbital Harvester,125,41,banana tree cutting machine,33.78,0.1111,4,1,youtube_suggest,2026-09-12 21:34:01.772939
83,The Golden Bunch Orbital Harvester,125,42,banana plantation,33.33,0.3333,2,0,youtube_suggest,2026-09-12 21:34:01.773243
83,The Golden Bunch Orbital Harvester,125,43,banana farming assam,32.75,0.125,3,1,youtube_suggest,2026-09-12 21:34:01.773480
83,The Golden Bunch Orbital Harvester,125,44,banana farm australia,32.75,0.125,3,1,youtube_suggest,2026-09-12 21:34:01.773733
83,The Golden Bunch Orbital Harvester,125,45,banana tree art,32.75,0.125,3,1,youtube_suggest,2026-09-12 21:34:01.773885
83,The Golden Bunch Orbital Harvester,125,46,banana farming africa,32.75,0.125,3,1,youtube_suggest,2026-09-12 21:34:01.774089
83,The Golden Bunch Orbital Harvester,125,47,banana farm btd6,32.75,0.125,3,1,youtube_suggest,2026-09-12 21:34:01.776743
83,The Golden Bunch Orbital Harvester,125,48,banana farming business,32.75,0.125,3,1,youtube_suggest,2026-09-12 21:34:01.777154
83,The Golden Bunch Orbital Harvester,125,49,banana farming bihar,32.75,0.125,3,1,youtube_suggest,2026-09-12 21:34:01.777401
83,The Golden Bunch Orbital Harvester,125,50,banana farming bangladesh,32.75,0.125,3,1,youtube_suggest,2026-09-12 21:34:01.777642
83,The Golden Bunch Orbital Harvester,125,51,banana farm btd5,32.75,0.125,3,1,youtube_suggest,2026-09-12 21:34:01.777848
83,The Golden Bunch Orbital Harvester,125,52,banana farming botw,32.75,0.125,3,1,youtube_suggest,2026-09-12 21:34:01.778086
83,The Golden Bunch Orbital Harvester,125,53,banana farming china,32.75,0.125,3,1,youtube_suggest,2026-09-12 21:34:01.778289
83,The Golden Bunch Orbital Harvester,125,54,banana farm cutting,32.75,0.125,3,1,youtube_suggest,2026-09-12 21:34:01.778555
83,The Golden Bunch Orbital Harvester,125,55,banana farming cost,32.75,0.125,3,1,youtube_suggest,2026-09-12 21:34:01.778805
83,The Golden Bunch Orbital Harvester,125,56,banana farm crosspath,32.75,0.125,3,1,youtube_suggest,2026-09-12 21:34:01.778986
83,The Golden Bunch Orbital Harvester,125,57,banana farming course,32.75,0.125,3,1,youtube_suggest,2026-09-12 21:34:01.779204
83,The Golden Bunch Orbital Harvester,125,58,banana farm cleaning,32.75,0.125,3,1,youtube_suggest,2026-09-12 21:34:01.779423
83,The Golden Bunch Orbital Harvester,125,59,banana tree colour,32.75,0.125,3,1,youtube_suggest,2026-09-12 21:34:01.779606
83,The Golden Bunch Orbital Harvester,125,60,banana tree crying,32.75,0.125,3,1,youtube_suggest,2026-09-12 21:34:01.779875
84,Tropical Frond Solar Siphon,126,1,banana plantation in the philippines,48.0,0.2857,5,1,youtube_suggest,2026-09-12 21:36:20.762221
84,Tropical Frond Solar Siphon,126,2,banana plantation in uganda,46.0,0.2857,4,1,youtube_suggest,2026-09-12 21:36:20.762541
84,Tropical Frond Solar Siphon,126,3,banana plantation in ecuador,46.0,0.2857,4,1,youtube_suggest,2026-09-12 21:36:20.762749
84,Tropical Frond Solar Siphon,126,4,banana plantation in zambia,46.0,0.2857,4,1,youtube_suggest,2026-09-12 21:36:20.762957
84,Tropical Frond Solar Siphon,126,5,banana plantation at home,46.0,0.2857,4,1,youtube_suggest,2026-09-12 21:36:20.763148
84,Tropical Frond Solar Siphon,126,6,banana plantation farming in uganda,45.5,0.25,5,1,youtube_suggest,2026-09-12 21:36:20.763333
84,Tropical Frond Solar Siphon,126,7,banana plantation song,44.0,0.2857,3,1,youtube_suggest,2026-09-12 21:36:20.763515
84,Tropical Frond Solar Siphon,126,8,banana plantation harvesting,44.0,0.2857,3,1,youtube_suggest,2026-09-12 21:36:20.763700
84,Tropical Frond Solar Siphon,126,9,banana plantation documentary,44.0,0.2857,3,1,youtube_suggest,2026-09-12 21:36:20.763894
84,Tropical Frond Solar Siphon,126,10,banana plantation telugu,44.0,0.2857,3,1,youtube_suggest,2026-09-12 21:36:20.764073
84,Tropical Frond Solar Siphon,126,11,banana plantation business,44.0,0.2857,3,1,youtube_suggest,2026-09-12 21:36:20.764254
84,Tropical Frond Solar Siphon,126,12,banana plantation drawing,44.0,0.2857,3,1,youtube_suggest,2026-09-12 21:36:20.764433
84,Tropical Frond Solar Siphon,126,13,banana plantation distance,44.0,0.2857,3,1,youtube_suggest,2026-09-12 21:36:20.767517
84,Tropical Frond Solar Siphon,126,14,banana plantation davao,44.0,0.2857,3,1,youtube_suggest,2026-09-12 21:36:20.767820
84,Tropical Frond Solar Siphon,126,15,banana plantation ecuador,44.0,0.2857,3,1,youtube_suggest,2026-09-12 21:36:20.768025
84,Tropical Frond Solar Siphon,126,16,banana plantation method,44.0,0.2857,3,1,youtube_suggest,2026-09-12 21:36:20.768211
84,Tropical Frond Solar Siphon,126,17,banana plantation farming,44.0,0.2857,3,1,youtube_suggest,2026-09-12 21:36:20.768397
84,Tropical Frond Solar Siphon,126,18,banana plantation fertilizer,44.0,0.2857,3,1,youtube_suggest,2026-09-12 21:36:20.772740
84,Tropical Frond Solar Siphon,126,19,solar siphon clips,44.0,0.2857,3,1,youtube_suggest,2026-09-12 21:36:20.773044
84,Tropical Frond Solar Siphon,126,20,banana plantation process,44.0,0.2857,3,1,youtube_suggest,2026-09-12 21:36:20.773243
84,Tropical Frond Solar Siphon,126,21,banana plantation davao del norte,43.56,0.2222,5,1,youtube_suggest,2026-09-12 21:36:20.773431
84,Tropical Frond Solar Siphon,126,22,banana plantation costa rica,43.5,0.25,4,1,youtube_suggest,2026-09-12 21:36:20.773623
84,Tropical Frond Solar Siphon,126,23,banana plantation irrigation system,43.5,0.25,4,1,youtube_suggest,2026-09-12 21:36:20.773825
84,Tropical Frond Solar Siphon,126,24,banana farming a to z,38.0,0.1429,5,1,youtube_suggest,2026-09-12 21:36:20.774012
84,Tropical Frond Solar Siphon,126,25,banana farming agribusiness how it works,37.78,0.1111,6,1,youtube_suggest,2026-09-12 21:36:20.774193
84,Tropical Frond Solar Siphon,126,26,how to install bird mesh on solar panels,37.0,0.1,8,1,youtube_suggest,2026-09-12 21:36:20.774373
84,Tropical Frond Solar Siphon,126,27,how to fix solar water heater leak,37.0,0.1,7,1,youtube_suggest,2026-09-12 21:36:20.774561
84,Tropical Frond Solar Siphon,126,28,how to install bird netting on solar panels,37.0,0.1,8,1,youtube_suggest,2026-09-12 21:36:20.774747
84,Tropical Frond Solar Siphon,126,29,banana farm btd battles 2,35.78,0.1111,5,1,youtube_suggest,2026-09-12 21:36:20.774944
84,Tropical Frond Solar Siphon,126,30,solar panel bird proofing uk,35.78,0.1111,5,1,youtube_suggest,2026-09-12 21:36:20.775130
84,Tropical Frond Solar Siphon,126,31,banana cultivation agri coaching chandigarh,35.0,0.1,5,1,youtube_suggest,2026-09-12 21:36:20.775310
84,Tropical Frond Solar Siphon,126,32,banana farm eco hostel arusha,35.0,0.1,5,1,youtube_suggest,2026-09-12 21:36:20.775490
84,Tropical Frond Solar Siphon,126,33,banana farming fertilizer schedule kannada,35.0,0.1,5,1,youtube_suggest,2026-09-12 21:36:20.775668
84,Tropical Frond Solar Siphon,126,34,solar panel water drainage clips,35.0,0.1,5,1,youtube_suggest,2026-09-12 21:36:20.777586
84,Tropical Frond Solar Siphon,126,35,solar panel bird mesh installation,35.0,0.1,5,1,youtube_suggest,2026-09-12 21:36:20.777797
84,Tropical Frond Solar Siphon,126,36,solar powered rain barrel pump,35.0,0.1,5,1,youtube_suggest,2026-09-12 21:36:20.777999
84,Tropical Frond Solar Siphon,126,37,banana planting at home,34.75,0.125,4,1,youtube_suggest,2026-09-12 21:36:20.778185
84,Tropical Frond Solar Siphon,126,38,banana planting and harvesting,34.75,0.125,4,1,youtube_suggest,2026-09-12 21:36:20.778366
84,Tropical Frond Solar Siphon,126,39,banana farming for beginners,34.75,0.125,4,1,youtube_suggest,2026-09-12 21:36:20.778551
84,Tropical Frond Solar Siphon,126,40,banana farming balram kisan,33.78,0.1111,4,1,youtube_suggest,2026-09-12 21:36:20.778734
84,Tropical Frond Solar Siphon,126,41,banana farm btd6 paragon,33.78,0.1111,4,1,youtube_suggest,2026-09-12 21:36:20.778926
84,Tropical Frond Solar Siphon,126,42,banana farming complete guide,33.78,0.1111,4,1,youtube_suggest,2026-09-12 21:36:20.779105
84,Tropical Frond Solar Siphon,126,43,banana farming drip irrigation,33.78,0.1111,4,1,youtube_suggest,2026-09-12 21:36:20.779284
84,Tropical Frond Solar Siphon,126,44,banana farming fertilizer schedule,33.78,0.1111,4,1,youtube_suggest,2026-09-12 21:36:20.779455
84,Tropical Frond Solar Siphon,126,45,banana farming full details,33.78,0.1111,4,1,youtube_suggest,2026-09-12 21:36:20.779637
84,Tropical Frond Solar Siphon,126,46,banana farming full process,33.78,0.1111,4,1,youtube_suggest,2026-09-12 21:36:20.779824
84,Tropical Frond Solar Siphon,126,47,tropical upper tropospheric trough,33.78,0.1111,4,1,youtube_suggest,2026-09-12 21:36:20.779998
84,Tropical Frond Solar Siphon,126,48,bird mesh solar panels,33.78,0.1111,4,1,youtube_suggest,2026-09-12 21:36:20.780180
84,Tropical Frond Solar Siphon,126,49,solar ballast mounting system,33.78,0.1111,4,1,youtube_suggest,2026-09-12 21:36:20.780390
84,Tropical Frond Solar Siphon,126,50,tropical d-allio plus granulat,33.78,0.1111,4,1,youtube_suggest,2026-09-12 21:36:20.784775
84,Tropical Frond Solar Siphon,126,51,tropical ground cover plants,33.78,0.1111,4,1,youtube_suggest,2026-09-12 21:36:20.785051
84,Tropical Frond Solar Siphon,126,52,solar panel hail storm,33.78,0.1111,4,1,youtube_suggest,2026-09-12 21:36:20.785199
84,Tropical Frond Solar Siphon,126,53,solar livestock water heater,33.78,0.1111,4,1,youtube_suggest,2026-09-12 21:36:20.785336
84,Tropical Frond Solar Siphon,126,54,solar panel bird mesh,33.78,0.1111,4,1,youtube_suggest,2026-09-12 21:36:20.785473
84,Tropical Frond Solar Siphon,126,55,solar water transfer pump,33.78,0.1111,4,1,youtube_suggest,2026-09-12 21:36:20.785610
84,Tropical Frond Solar Siphon,126,56,banana farming new technology,33.78,0.1111,4,1,youtube_suggest,2026-09-12 21:36:20.785741
84,Tropical Frond Solar Siphon,126,57,banana tree cutting machine,33.78,0.1111,4,1,youtube_suggest,2026-09-12 21:36:20.785881
84,Tropical Frond Solar Siphon,126,58,banana plantation,33.33,0.3333,2,0,youtube_suggest,2026-09-12 21:36:20.786203
84,Tropical Frond Solar Siphon,126,59,banana farming assam,32.75,0.125,3,1,youtube_suggest,2026-09-12 21:36:20.786344
84,Tropical Frond Solar Siphon,126,60,banana farm australia,32.75,0.125,3,1,youtube_suggest,2026-09-12 21:36:20.786478
85,The Banana Canopy Leviathan,127,1,banana plantation in the philippines,56.0,0.4,5,1,youtube_suggest,2026-09-12 21:38:37.852637
85,The Banana Canopy Leviathan,127,2,banana plantation in uganda,54.0,0.4,4,1,youtube_suggest,2026-09-12 21:38:37.853070
85,The Banana Canopy Leviathan,127,3,banana plantation in ecuador,54.0,0.4,4,1,youtube_suggest,2026-09-12 21:38:37.853302
85,The Banana Canopy Leviathan,127,4,banana plantation in zambia,54.0,0.4,4,1,youtube_suggest,2026-09-12 21:38:37.853512
85,The Banana Canopy Leviathan,127,5,banana plantation at home,54.0,0.4,4,1,youtube_suggest,2026-09-12 21:38:37.853717
85,The Banana Canopy Leviathan,127,6,banana plantation song,52.0,0.4,3,1,youtube_suggest,2026-09-12 21:38:37.853907
85,The Banana Canopy Leviathan,127,7,banana plantation harvesting,52.0,0.4,3,1,youtube_suggest,2026-09-12 21:38:37.854094
85,The Banana Canopy Leviathan,127,8,banana plantation documentary,52.0,0.4,3,1,youtube_suggest,2026-09-12 21:38:37.854294
85,The Banana Canopy Leviathan,127,9,banana plantation telugu,52.0,0.4,3,1,youtube_suggest,2026-09-12 21:38:37.854488
85,The Banana Canopy Leviathan,127,10,banana plantation business,52.0,0.4,3,1,youtube_suggest,2026-09-12 21:38:37.854676
85,The Banana Canopy Leviathan,127,11,banana plantation drawing,52.0,0.4,3,1,youtube_suggest,2026-09-12 21:38:37.854877
85,The Banana Canopy Leviathan,127,12,banana plantation distance,52.0,0.4,3,1,youtube_suggest,2026-09-12 21:38:37.855088
85,The Banana Canopy Leviathan,127,13,banana plantation davao,52.0,0.4,3,1,youtube_suggest,2026-09-12 21:38:37.855301
85,The Banana Canopy Leviathan,127,14,banana plantation ecuador,52.0,0.4,3,1,youtube_suggest,2026-09-12 21:38:37.855485
85,The Banana Canopy Leviathan,127,15,banana plantation method,52.0,0.4,3,1,youtube_suggest,2026-09-12 21:38:37.855660
85,The Banana Canopy Leviathan,127,16,banana plantation farming,52.0,0.4,3,1,youtube_suggest,2026-09-12 21:38:37.855854
85,The Banana Canopy Leviathan,127,17,banana plantation fertilizer,52.0,0.4,3,1,youtube_suggest,2026-09-12 21:38:37.856039
85,The Banana Canopy Leviathan,127,18,banana plantation process,52.0,0.4,3,1,youtube_suggest,2026-09-12 21:38:37.856241
85,The Banana Canopy Leviathan,127,19,banana plantation farming in uganda,51.33,0.3333,5,1,youtube_suggest,2026-09-12 21:38:37.856427
85,The Banana Canopy Leviathan,127,20,banana plantation costa rica,49.33,0.3333,4,1,youtube_suggest,2026-09-12 21:38:37.859345
85,The Banana Canopy Leviathan,127,21,banana plantation irrigation system,49.33,0.3333,4,1,youtube_suggest,2026-09-12 21:38:37.859595
85,The Banana Canopy Leviathan,127,22,banana plantation davao del norte,48.0,0.2857,5,1,youtube_suggest,2026-09-12 21:38:37.859765
85,The Banana Canopy Leviathan,127,23,banana plantation,45.0,0.5,2,0,youtube_suggest,2026-09-12 21:38:37.859930
85,The Banana Canopy Leviathan,127,24,banana farming a to z,42.0,0.2,5,1,youtube_suggest,2026-09-12 21:38:37.860084
85,The Banana Canopy Leviathan,127,25,banana farming agribusiness how it works,40.0,0.1429,6,1,youtube_suggest,2026-09-12 21:38:37.860297
85,The Banana Canopy Leviathan,127,26,the leviathan gate,38.0,0.2,3,1,youtube_suggest,2026-09-12 21:38:37.860500
85,The Banana Canopy Leviathan,127,27,the banana creatures,38.0,0.2,3,1,youtube_suggest,2026-09-12 21:38:37.865047
85,The Banana Canopy Leviathan,127,28,banana farm btd battles 2,38.0,0.1429,5,1,youtube_suggest,2026-09-12 21:38:37.865305
85,The Banana Canopy Leviathan,127,29,the banana split aquarium,37.67,0.1667,4,1,youtube_suggest,2026-09-12 21:38:37.865500
85,The Banana Canopy Leviathan,127,30,banana planting at home,37.67,0.1667,4,1,youtube_suggest,2026-09-12 21:38:37.865712
85,The Banana Canopy Leviathan,127,31,banana planting and harvesting,37.67,0.1667,4,1,youtube_suggest,2026-09-12 21:38:37.865904
85,The Banana Canopy Leviathan,127,32,banana farming for beginners,37.67,0.1667,4,1,youtube_suggest,2026-09-12 21:38:37.866087
85,The Banana Canopy Leviathan,127,33,banana cultivation agri coaching chandigarh,36.75,0.125,5,1,youtube_suggest,2026-09-12 21:38:37.866284
85,The Banana Canopy Leviathan,127,34,banana farm eco hostel arusha,36.75,0.125,5,1,youtube_suggest,2026-09-12 21:38:37.866462
85,The Banana Canopy Leviathan,127,35,banana farming fertilizer schedule kannada,36.75,0.125,5,1,youtube_suggest,2026-09-12 21:38:37.866640
85,The Banana Canopy Leviathan,127,36,banana farming balram kisan,36.0,0.1429,4,1,youtube_suggest,2026-09-12 21:38:37.866827
85,The Banana Canopy Leviathan,127,37,banana farm btd6 paragon,36.0,0.1429,4,1,youtube_suggest,2026-09-12 21:38:37.867007
85,The Banana Canopy Leviathan,127,38,banana farming complete guide,36.0,0.1429,4,1,youtube_suggest,2026-09-12 21:38:37.867196
85,The Banana Canopy Leviathan,127,39,banana farming drip irrigation,36.0,0.1429,4,1,youtube_suggest,2026-09-12 21:38:37.867372
85,The Banana Canopy Leviathan,127,40,banana farming fertilizer schedule,36.0,0.1429,4,1,youtube_suggest,2026-09-12 21:38:37.867825
85,The Banana Canopy Leviathan,127,41,banana farming full details,36.0,0.1429,4,1,youtube_suggest,2026-09-12 21:38:37.868116
85,The Banana Canopy Leviathan,127,42,banana farming full process,36.0,0.1429,4,1,youtube_suggest,2026-09-12 21:38:37.868316
85,The Banana Canopy Leviathan,127,43,banana farming new technology,36.0,0.1429,4,1,youtube_suggest,2026-09-12 21:38:37.868495
85,The Banana Canopy Leviathan,127,44,banana tree cutting machine,36.0,0.1429,4,1,youtube_suggest,2026-09-12 21:38:37.868718
85,The Banana Canopy Leviathan,127,45,banana farming assam,35.67,0.1667,3,1,youtube_suggest,2026-09-12 21:38:37.868906
85,The Banana Canopy Leviathan,127,46,banana farm australia,35.67,0.1667,3,1,youtube_suggest,2026-09-12 21:38:37.869088
85,The Banana Canopy Leviathan,127,47,banana tree art,35.67,0.1667,3,1,youtube_suggest,2026-09-12 21:38:37.869319
85,The Banana Canopy Leviathan,127,48,banana farming africa,35.67,0.1667,3,1,youtube_suggest,2026-09-12 21:38:37.869496
85,The Banana Canopy Leviathan,127,49,banana farm btd6,35.67,0.1667,3,1,youtube_suggest,2026-09-12 21:38:37.869673
85,The Banana Canopy Leviathan,127,50,banana farming business,35.67,0.1667,3,1,youtube_suggest,2026-09-12 21:38:37.869855
85,The Banana Canopy Leviathan,127,51,banana farming bihar,35.67,0.1667,3,1,youtube_suggest,2026-09-12 21:38:37.870042
85,The Banana Canopy Leviathan,127,52,banana farming bangladesh,35.67,0.1667,3,1,youtube_suggest,2026-09-12 21:38:37.870236
85,The Banana Canopy Leviathan,127,53,banana farm btd5,35.67,0.1667,3,1,youtube_suggest,2026-09-12 21:38:37.870418
85,The Banana Canopy Leviathan,127,54,banana farming botw,35.67,0.1667,3,1,youtube_suggest,2026-09-12 21:38:37.870619
85,The Banana Canopy Leviathan,127,55,banana farming china,35.67,0.1667,3,1,youtube_suggest,2026-09-12 21:38:37.870800
85,The Banana Canopy Leviathan,127,56,banana farm cutting,35.67,0.1667,3,1,youtube_suggest,2026-09-12 21:38:37.871007
85,The Banana Canopy Leviathan,127,57,banana farming cost,35.67,0.1667,3,1,youtube_suggest,2026-09-12 21:38:37.871315
85,The Banana Canopy Leviathan,127,58,banana farm crosspath,35.67,0.1667,3,1,youtube_suggest,2026-09-12 21:38:37.871512
85,The Banana Canopy Leviathan,127,59,banana farming course,35.67,0.1667,3,1,youtube_suggest,2026-09-12 21:38:37.871689
85,The Banana Canopy Leviathan,127,60,banana farm cleaning,35.67,0.1667,3,1,youtube_suggest,2026-09-12 21:38:37.871869
86,Plantation Monorail Harvester,128,1,banana plantation in the philippines,56.0,0.4,5,1,youtube_suggest,2026-09-12 21:41:47.118364
86,Plantation Monorail Harvester,128,2,banana plantation in uganda,54.0,0.4,4,1,youtube_suggest,2026-09-12 21:41:47.118587
86,Plantation Monorail Harvester,128,3,banana plantation in ecuador,54.0,0.4,4,1,youtube_suggest,2026-09-12 21:41:47.118747
86,Plantation Monorail Harvester,128,4,banana plantation in zambia,54.0,0.4,4,1,youtube_suggest,2026-09-12 21:41:47.118912
86,Plantation Monorail Harvester,128,5,banana plantation at home,54.0,0.4,4,1,youtube_suggest,2026-09-12 21:41:47.119063
86,Plantation Monorail Harvester,128,6,banana plantation song,52.0,0.4,3,1,youtube_suggest,2026-09-12 21:41:47.119211
86,Plantation Monorail Harvester,128,7,banana plantation harvesting,52.0,0.4,3,1,youtube_suggest,2026-09-12 21:41:47.119579
86,Plantation Monorail Harvester,128,8,banana plantation documentary,52.0,0.4,3,1,youtube_suggest,2026-09-12 21:41:47.119741
86,Plantation Monorail Harvester,128,9,banana plantation telugu,52.0,0.4,3,1,youtube_suggest,2026-09-12 21:41:47.119905
86,Plantation Monorail Harvester,128,10,banana plantation business,52.0,0.4,3,1,youtube_suggest,2026-09-12 21:41:47.120063
86,Plantation Monorail Harvester,128,11,banana plantation drawing,52.0,0.4,3,1,youtube_suggest,2026-09-12 21:41:47.120212
86,Plantation Monorail Harvester,128,12,banana plantation distance,52.0,0.4,3,1,youtube_suggest,2026-09-12 21:41:47.120356
86,Plantation Monorail Harvester,128,13,banana plantation davao,52.0,0.4,3,1,youtube_suggest,2026-09-12 21:41:47.120499
86,Plantation Monorail Harvester,128,14,banana plantation ecuador,52.0,0.4,3,1,youtube_suggest,2026-09-12 21:41:47.120713
86,Plantation Monorail Harvester,128,15,banana plantation method,52.0,0.4,3,1,youtube_suggest,2026-09-12 21:41:47.120872
86,Plantation Monorail Harvester,128,16,banana plantation farming,52.0,0.4,3,1,youtube_suggest,2026-09-12 21:41:47.121041
86,Plantation Monorail Harvester,128,17,banana plantation fertilizer,52.0,0.4,3,1,youtube_suggest,2026-09-12 21:41:47.121178
86,Plantation Monorail Harvester,128,18,banana plantation process,52.0,0.4,3,1,youtube_suggest,2026-09-12 21:41:47.121331
86,Plantation Monorail Harvester,128,19,banana plantation farming in uganda,51.33,0.3333,5,1,youtube_suggest,2026-09-12 21:41:47.121519
86,Plantation Monorail Harvester,128,20,banana plantation costa rica,49.33,0.3333,4,1,youtube_suggest,2026-09-12 21:41:47.121661
86,Plantation Monorail Harvester,128,21,banana plantation irrigation system,49.33,0.3333,4,1,youtube_suggest,2026-09-12 21:41:47.121973
86,Plantation Monorail Harvester,128,22,banana plantation davao del norte,48.0,0.2857,5,1,youtube_suggest,2026-09-12 21:41:47.122105
86,Plantation Monorail Harvester,128,23,banana plantation,45.0,0.5,2,0,youtube_suggest,2026-09-12 21:41:47.122238
86,Plantation Monorail Harvester,128,24,banana farming a to z,42.0,0.2,5,1,youtube_suggest,2026-09-12 21:41:47.122368
86,Plantation Monorail Harvester,128,25,banana farming agribusiness how it works,40.0,0.1429,6,1,youtube_suggest,2026-09-12 21:41:47.122509
86,Plantation Monorail Harvester,128,26,monorail for farming,38.0,0.2,3,1,youtube_suggest,2026-09-12 21:41:47.122689
86,Plantation Monorail Harvester,128,27,banana farm btd battles 2,38.0,0.1429,5,1,youtube_suggest,2026-09-12 21:41:47.122933
86,Plantation Monorail Harvester,128,28,banana planting at home,37.67,0.1667,4,1,youtube_suggest,2026-09-12 21:41:47.123087
86,Plantation Monorail Harvester,128,29,banana planting and harvesting,37.67,0.1667,4,1,youtube_suggest,2026-09-12 21:41:47.123284
86,Plantation Monorail Harvester,128,30,banana farming for beginners,37.67,0.1667,4,1,youtube_suggest,2026-09-12 21:41:47.123414
86,Plantation Monorail Harvester,128,31,banana cultivation agri coaching chandigarh,36.75,0.125,5,1,youtube_suggest,2026-09-12 21:41:47.123558
86,Plantation Monorail Harvester,128,32,banana farm eco hostel arusha,36.75,0.125,5,1,youtube_suggest,2026-09-12 21:41:47.123684
86,Plantation Monorail Harvester,128,33,banana farming fertilizer schedule kannada,36.75,0.125,5,1,youtube_suggest,2026-09-12 21:41:47.123811
86,Plantation Monorail Harvester,128,34,combine harvester cutting corn,36.0,0.1429,4,1,youtube_suggest,2026-09-12 21:41:47.124017
86,Plantation Monorail Harvester,128,35,walking tractor corn harvester,36.0,0.1429,4,1,youtube_suggest,2026-09-12 21:41:47.124179
86,Plantation Monorail Harvester,128,36,banana farming balram kisan,36.0,0.1429,4,1,youtube_suggest,2026-09-12 21:41:47.124314
86,Plantation Monorail Harvester,128,37,banana farm btd6 paragon,36.0,0.1429,4,1,youtube_suggest,2026-09-12 21:41:47.124442
86,Plantation Monorail Harvester,128,38,banana farming complete guide,36.0,0.1429,4,1,youtube_suggest,2026-09-12 21:41:47.124616
86,Plantation Monorail Harvester,128,39,banana farming drip irrigation,36.0,0.1429,4,1,youtube_suggest,2026-09-12 21:41:47.124840
86,Plantation Monorail Harvester,128,40,banana farming fertilizer schedule,36.0,0.1429,4,1,youtube_suggest,2026-09-12 21:41:47.125038
86,Plantation Monorail Harvester,128,41,banana farming full details,36.0,0.1429,4,1,youtube_suggest,2026-09-12 21:41:47.125329
86,Plantation Monorail Harvester,128,42,banana farming full process,36.0,0.1429,4,1,youtube_suggest,2026-09-12 21:41:47.125523
86,Plantation Monorail Harvester,128,43,banana farming new technology,36.0,0.1429,4,1,youtube_suggest,2026-09-12 21:41:47.125779
86,Plantation Monorail Harvester,128,44,banana tree cutting machine,36.0,0.1429,4,1,youtube_suggest,2026-09-12 21:41:47.125993
86,Plantation Monorail Harvester,128,45,banana farming assam,35.67,0.1667,3,1,youtube_suggest,2026-09-12 21:41:47.126174
86,Plantation Monorail Harvester,128,46,banana farm australia,35.67,0.1667,3,1,youtube_suggest,2026-09-12 21:41:47.126347
86,Plantation Monorail Harvester,128,47,banana tree art,35.67,0.1667,3,1,youtube_suggest,2026-09-12 21:41:47.126509
86,Plantation Monorail Harvester,128,48,banana farming africa,35.67,0.1667,3,1,youtube_suggest,2026-09-12 21:41:47.126629
86,Plantation Monorail Harvester,128,49,banana farm btd6,35.67,0.1667,3,1,youtube_suggest,2026-09-12 21:41:47.126758
86,Plantation Monorail Harvester,128,50,banana farming business,35.67,0.1667,3,1,youtube_suggest,2026-09-12 21:41:47.126898
86,Plantation Monorail Harvester,128,51,banana farming bihar,35.67,0.1667,3,1,youtube_suggest,2026-09-12 21:41:47.127060
86,Plantation Monorail Harvester,128,52,banana farming bangladesh,35.67,0.1667,3,1,youtube_suggest,2026-09-12 21:41:47.127236
86,Plantation Monorail Harvester,128,53,banana farm btd5,35.67,0.1667,3,1,youtube_suggest,2026-09-12 21:41:47.127408
86,Plantation Monorail Harvester,128,54,banana farming botw,35.67,0.1667,3,1,youtube_suggest,2026-09-12 21:41:47.127580
86,Plantation Monorail Harvester,128,55,banana farming china,35.67,0.1667,3,1,youtube_suggest,2026-09-12 21:41:47.127702
86,Plantation Monorail Harvester,128,56,banana farm cutting,35.67,0.1667,3,1,youtube_suggest,2026-09-12 21:41:47.127822
86,Plantation Monorail Harvester,128,57,banana farming cost,35.67,0.1667,3,1,youtube_suggest,2026-09-12 21:41:47.128105
86,Plantation Monorail Harvester,128,58,banana farm crosspath,35.67,0.1667,3,1,youtube_suggest,2026-09-12 21:41:47.128312
86,Plantation Monorail Harvester,128,59,banana farming course,35.67,0.1667,3,1,youtube_suggest,2026-09-12 21:41:47.128511
86,Plantation Monorail Harvester,128,60,banana farm cleaning,35.67,0.1667,3,1,youtube_suggest,2026-09-12 21:41:47.128841
87,The Titan Fruit Loom,129,1,fruit of the loom us,56.0,0.4,5,1,youtube_suggest,2026-09-12 21:44:42.111669
87,The Titan Fruit Loom,129,2,fruit of the loom ad,56.0,0.4,5,1,youtube_suggest,2026-09-12 21:44:42.111965
87,The Titan Fruit Loom,129,3,banana plantation in the philippines,51.33,0.3333,5,1,youtube_suggest,2026-09-12 21:44:42.112170
87,The Titan Fruit Loom,129,4,fruit of the loom guys,51.33,0.3333,5,1,youtube_suggest,2026-09-12 21:44:42.112367
87,The Titan Fruit Loom,129,5,fruit of the loom ads,51.33,0.3333,5,1,youtube_suggest,2026-09-12 21:44:42.114021
87,The Titan Fruit Loom,129,6,fruit of the loom underpants,51.33,0.3333,5,1,youtube_suggest,2026-09-12 21:44:42.115915
87,The Titan Fruit Loom,129,7,fruit of the loom blue,51.33,0.3333,5,1,youtube_suggest,2026-09-12 21:44:42.116177
87,The Titan Fruit Loom,129,8,fruit of the loom bracelets,51.33,0.3333,5,1,youtube_suggest,2026-09-12 21:44:42.116376
87,The Titan Fruit Loom,129,9,fruit of the loom history,51.33,0.3333,5,1,youtube_suggest,2026-09-12 21:44:42.119432
87,The Titan Fruit Loom,129,10,fruit of the loom commercial,51.33,0.3333,5,1,youtube_suggest,2026-09-12 21:44:42.120036
87,The Titan Fruit Loom,129,11,fruit of the loom picture day,50.0,0.2857,6,1,youtube_suggest,2026-09-12 21:44:42.120298
87,The Titan Fruit Loom,129,12,banana plantation in uganda,49.33,0.3333,4,1,youtube_suggest,2026-09-12 21:44:42.120657
87,The Titan Fruit Loom,129,13,banana plantation in ecuador,49.33,0.3333,4,1,youtube_suggest,2026-09-12 21:44:42.120912
87,The Titan Fruit Loom,129,14,banana plantation in zambia,49.33,0.3333,4,1,youtube_suggest,2026-09-12 21:44:42.121156
87,The Titan Fruit Loom,129,15,banana plantation at home,49.33,0.3333,4,1,youtube_suggest,2026-09-12 21:44:42.121667
87,The Titan Fruit Loom,129,16,fruit of loom commercial,49.33,0.3333,4,1,youtube_suggest,2026-09-12 21:44:42.122317
87,The Titan Fruit Loom,129,17,banana plantation farming in uganda,48.0,0.2857,5,1,youtube_suggest,2026-09-12 21:44:42.123061
87,The Titan Fruit Loom,129,18,banana plantation song,47.33,0.3333,3,1,youtube_suggest,2026-09-12 21:44:42.123726
87,The Titan Fruit Loom,129,19,banana plantation harvesting,47.33,0.3333,3,1,youtube_suggest,2026-09-12 21:44:42.124317
87,The Titan Fruit Loom,129,20,banana plantation documentary,47.33,0.3333,3,1,youtube_suggest,2026-09-12 21:44:42.124486
87,The Titan Fruit Loom,129,21,banana plantation telugu,47.33,0.3333,3,1,youtube_suggest,2026-09-12 21:44:42.125482
87,The Titan Fruit Loom,129,22,banana plantation business,47.33,0.3333,3,1,youtube_suggest,2026-09-12 21:44:42.125762
87,The Titan Fruit Loom,129,23,banana plantation drawing,47.33,0.3333,3,1,youtube_suggest,2026-09-12 21:44:42.125961
87,The Titan Fruit Loom,129,24,banana plantation distance,47.33,0.3333,3,1,youtube_suggest,2026-09-12 21:44:42.126150
87,The Titan Fruit Loom,129,25,banana plantation davao,47.33,0.3333,3,1,youtube_suggest,2026-09-12 21:44:42.126341
87,The Titan Fruit Loom,129,26,banana plantation ecuador,47.33,0.3333,3,1,youtube_suggest,2026-09-12 21:44:42.126530
87,The Titan Fruit Loom,129,27,banana plantation method,47.33,0.3333,3,1,youtube_suggest,2026-09-12 21:44:42.128641
87,The Titan Fruit Loom,129,28,banana plantation farming,47.33,0.3333,3,1,youtube_suggest,2026-09-12 21:44:42.128902
87,The Titan Fruit Loom,129,29,banana plantation fertilizer,47.33,0.3333,3,1,youtube_suggest,2026-09-12 21:44:42.129085
87,The Titan Fruit Loom,129,30,banana plantation process,47.33,0.3333,3,1,youtube_suggest,2026-09-12 21:44:42.129255
87,The Titan Fruit Loom,129,31,banana plantation costa rica,46.0,0.2857,4,1,youtube_suggest,2026-09-12 21:44:42.129496
87,The Titan Fruit Loom,129,32,banana plantation irrigation system,46.0,0.2857,4,1,youtube_suggest,2026-09-12 21:44:42.129705
87,The Titan Fruit Loom,129,33,banana plantation davao del norte,45.5,0.25,5,1,youtube_suggest,2026-09-12 21:44:42.129894
87,The Titan Fruit Loom,129,34,banana farming a to z,39.67,0.1667,5,1,youtube_suggest,2026-09-12 21:44:42.130071
87,The Titan Fruit Loom,129,35,banana farming agribusiness how it works,38.75,0.125,6,1,youtube_suggest,2026-09-12 21:44:42.130215
87,The Titan Fruit Loom,129,36,banana plantation,38.0,0.4,2,0,youtube_suggest,2026-09-12 21:44:42.130414
87,The Titan Fruit Loom,129,37,fruits of the loom,37.67,0.1667,4,1,youtube_suggest,2026-09-12 21:44:42.130604
87,The Titan Fruit Loom,129,38,banana farm btd battles 2,36.75,0.125,5,1,youtube_suggest,2026-09-12 21:44:42.130852
87,The Titan Fruit Loom,129,39,banana planting at home,36.0,0.1429,4,1,youtube_suggest,2026-09-12 21:44:42.131070
87,The Titan Fruit Loom,129,40,banana planting and harvesting,36.0,0.1429,4,1,youtube_suggest,2026-09-12 21:44:42.131252
87,The Titan Fruit Loom,129,41,banana farming for beginners,36.0,0.1429,4,1,youtube_suggest,2026-09-12 21:44:42.131439
87,The Titan Fruit Loom,129,42,banana cultivation agri coaching chandigarh,35.78,0.1111,5,1,youtube_suggest,2026-09-12 21:44:42.131615
87,The Titan Fruit Loom,129,43,banana farm eco hostel arusha,35.78,0.1111,5,1,youtube_suggest,2026-09-12 21:44:42.131802
87,The Titan Fruit Loom,129,44,banana farming fertilizer schedule kannada,35.78,0.1111,5,1,youtube_suggest,2026-09-12 21:44:42.132012
87,The Titan Fruit Loom,129,45,banana farming balram kisan,34.75,0.125,4,1,youtube_suggest,2026-09-12 21:44:42.132203
87,The Titan Fruit Loom,129,46,banana farm btd6 paragon,34.75,0.125,4,1,youtube_suggest,2026-09-12 21:44:42.148971
87,The Titan Fruit Loom,129,47,banana farming complete guide,34.75,0.125,4,1,youtube_suggest,2026-09-12 21:44:42.149155
87,The Titan Fruit Loom,129,48,banana farming drip irrigation,34.75,0.125,4,1,youtube_suggest,2026-09-12 21:44:42.149319
87,The Titan Fruit Loom,129,49,banana farming fertilizer schedule,34.75,0.125,4,1,youtube_suggest,2026-09-12 21:44:42.149464
87,The Titan Fruit Loom,129,50,banana farming full details,34.75,0.125,4,1,youtube_suggest,2026-09-12 21:44:42.149603
87,The Titan Fruit Loom,129,51,banana farming full process,34.75,0.125,4,1,youtube_suggest,2026-09-12 21:44:42.149757
87,The Titan Fruit Loom,129,52,banana farming new technology,34.75,0.125,4,1,youtube_suggest,2026-09-12 21:44:42.149948
87,The Titan Fruit Loom,129,53,banana tree cutting machine,34.75,0.125,4,1,youtube_suggest,2026-09-12 21:44:42.150095
87,The Titan Fruit Loom,129,54,banana farming assam,34.0,0.1429,3,1,youtube_suggest,2026-09-12 21:44:42.150233
87,The Titan Fruit Loom,129,55,banana farm australia,34.0,0.1429,3,1,youtube_suggest,2026-09-12 21:44:42.150365
87,The Titan Fruit Loom,129,56,banana tree art,34.0,0.1429,3,1,youtube_suggest,2026-09-12 21:44:42.150491
87,The Titan Fruit Loom,129,57,banana farming africa,34.0,0.1429,3,1,youtube_suggest,2026-09-12 21:44:42.150623
87,The Titan Fruit Loom,129,58,banana farm btd6,34.0,0.1429,3,1,youtube_suggest,2026-09-12 21:44:42.150767
87,The Titan Fruit Loom,129,59,banana farming business,34.0,0.1429,3,1,youtube_suggest,2026-09-12 21:44:42.150889
87,The Titan Fruit Loom,129,60,banana farming bihar,34.0,0.1429,3,1,youtube_suggest,2026-09-12 21:44:42.151035
88,Monsoon Banana Ripening Dome,130,1,banana plantation in the philippines,51.33,0.3333,5,1,youtube_suggest,2026-09-12 21:47:41.675283
88,Monsoon Banana Ripening Dome,130,2,banana plantation in uganda,49.33,0.3333,4,1,youtube_suggest,2026-09-12 21:47:41.675498
88,Monsoon Banana Ripening Dome,130,3,banana plantation in ecuador,49.33,0.3333,4,1,youtube_suggest,2026-09-12 21:47:41.675649
88,Monsoon Banana Ripening Dome,130,4,banana plantation in zambia,49.33,0.3333,4,1,youtube_suggest,2026-09-12 21:47:41.675836
88,Monsoon Banana Ripening Dome,130,5,banana plantation at home,49.33,0.3333,4,1,youtube_suggest,2026-09-12 21:47:41.675983
88,Monsoon Banana Ripening Dome,130,6,banana plantation farming in uganda,48.0,0.2857,5,1,youtube_suggest,2026-09-12 21:47:41.676114
88,Monsoon Banana Ripening Dome,130,7,banana ripening chemical,47.33,0.3333,3,1,youtube_suggest,2026-09-12 21:47:41.676254
88,Monsoon Banana Ripening Dome,130,8,banana plantation song,47.33,0.3333,3,1,youtube_suggest,2026-09-12 21:47:41.676390
88,Monsoon Banana Ripening Dome,130,9,banana plantation harvesting,47.33,0.3333,3,1,youtube_suggest,2026-09-12 21:47:41.676525
88,Monsoon Banana Ripening Dome,130,10,banana plantation documentary,47.33,0.3333,3,1,youtube_suggest,2026-09-12 21:47:41.680275
88,Monsoon Banana Ripening Dome,130,11,banana plantation telugu,47.33,0.3333,3,1,youtube_suggest,2026-09-12 21:47:41.680446
88,Monsoon Banana Ripening Dome,130,12,banana plantation business,47.33,0.3333,3,1,youtube_suggest,2026-09-12 21:47:41.680628
88,Monsoon Banana Ripening Dome,130,13,banana plantation drawing,47.33,0.3333,3,1,youtube_suggest,2026-09-12 21:47:41.680785
88,Monsoon Banana Ripening Dome,130,14,banana plantation distance,47.33,0.3333,3,1,youtube_suggest,2026-09-12 21:47:41.680927
88,Monsoon Banana Ripening Dome,130,15,banana plantation davao,47.33,0.3333,3,1,youtube_suggest,2026-09-12 21:47:41.681136
88,Monsoon Banana Ripening Dome,130,16,banana plantation ecuador,47.33,0.3333,3,1,youtube_suggest,2026-09-12 21:47:41.681283
88,Monsoon Banana Ripening Dome,130,17,banana plantation method,47.33,0.3333,3,1,youtube_suggest,2026-09-12 21:47:41.681421
88,Monsoon Banana Ripening Dome,130,18,banana plantation farming,47.33,0.3333,3,1,youtube_suggest,2026-09-12 21:47:41.682885
88,Monsoon Banana Ripening Dome,130,19,banana plantation fertilizer,47.33,0.3333,3,1,youtube_suggest,2026-09-12 21:47:41.683156
88,Monsoon Banana Ripening Dome,130,20,banana plantation process,47.33,0.3333,3,1,youtube_suggest,2026-09-12 21:47:41.683321
88,Monsoon Banana Ripening Dome,130,21,banana plantation costa rica,46.0,0.2857,4,1,youtube_suggest,2026-09-12 21:47:41.683472
88,Monsoon Banana Ripening Dome,130,22,banana plantation irrigation system,46.0,0.2857,4,1,youtube_suggest,2026-09-12 21:47:41.683658
88,Monsoon Banana Ripening Dome,130,23,banana plantation davao del norte,45.5,0.25,5,1,youtube_suggest,2026-09-12 21:47:41.688904
88,Monsoon Banana Ripening Dome,130,24,banana farming a to z,39.67,0.1667,5,1,youtube_suggest,2026-09-12 21:47:41.689198
88,Monsoon Banana Ripening Dome,130,25,banana farming agribusiness how it works,38.75,0.125,6,1,youtube_suggest,2026-09-12 21:47:41.689379
88,Monsoon Banana Ripening Dome,130,26,monsoon banana,38.0,0.4,2,0,youtube_suggest,2026-09-12 21:47:41.689532
88,Monsoon Banana Ripening Dome,130,27,banana plantation,38.0,0.4,2,0,youtube_suggest,2026-09-12 21:47:41.689674
88,Monsoon Banana Ripening Dome,130,28,banana farm btd battles 2,36.75,0.125,5,1,youtube_suggest,2026-09-12 21:47:41.689827
88,Monsoon Banana Ripening Dome,130,29,banana planting at home,36.0,0.1429,4,1,youtube_suggest,2026-09-12 21:47:41.690057
88,Monsoon Banana Ripening Dome,130,30,banana planting and harvesting,36.0,0.1429,4,1,youtube_suggest,2026-09-12 21:47:41.690238
88,Monsoon Banana Ripening Dome,130,31,banana farming for beginners,36.0,0.1429,4,1,youtube_suggest,2026-09-12 21:47:41.690391
88,Monsoon Banana Ripening Dome,130,32,banana cultivation agri coaching chandigarh,35.78,0.1111,5,1,youtube_suggest,2026-09-12 21:47:41.690624
88,Monsoon Banana Ripening Dome,130,33,banana farm eco hostel arusha,35.78,0.1111,5,1,youtube_suggest,2026-09-12 21:47:41.690887
88,Monsoon Banana Ripening Dome,130,34,banana farming fertilizer schedule kannada,35.78,0.1111,5,1,youtube_suggest,2026-09-12 21:47:41.691099
88,Monsoon Banana Ripening Dome,130,35,banana farming balram kisan,34.75,0.125,4,1,youtube_suggest,2026-09-12 21:47:41.691239
88,Monsoon Banana Ripening Dome,130,36,banana farm btd6 paragon,34.75,0.125,4,1,youtube_suggest,2026-09-12 21:47:41.691366
88,Monsoon Banana Ripening Dome,130,37,banana farming complete guide,34.75,0.125,4,1,youtube_suggest,2026-09-12 21:47:41.691495
88,Monsoon Banana Ripening Dome,130,38,banana farming drip irrigation,34.75,0.125,4,1,youtube_suggest,2026-09-12 21:47:41.691764
88,Monsoon Banana Ripening Dome,130,39,banana farming fertilizer schedule,34.75,0.125,4,1,youtube_suggest,2026-09-12 21:47:41.691910
88,Monsoon Banana Ripening Dome,130,40,banana farming full details,34.75,0.125,4,1,youtube_suggest,2026-09-12 21:47:41.692048
88,Monsoon Banana Ripening Dome,130,41,banana farming full process,34.75,0.125,4,1,youtube_suggest,2026-09-12 21:47:41.692182
88,Monsoon Banana Ripening Dome,130,42,banana farming new technology,34.75,0.125,4,1,youtube_suggest,2026-09-12 21:47:41.692363
88,Monsoon Banana Ripening Dome,130,43,banana tree cutting machine,34.75,0.125,4,1,youtube_suggest,2026-09-12 21:47:41.692617
88,Monsoon Banana Ripening Dome,130,44,banana farming assam,34.0,0.1429,3,1,youtube_suggest,2026-09-12 21:47:41.692810
88,Monsoon Banana Ripening Dome,130,45,banana farm australia,34.0,0.1429,3,1,youtube_suggest,2026-09-12 21:47:41.692965
88,Monsoon Banana Ripening Dome,130,46,banana tree art,34.0,0.1429,3,1,youtube_suggest,2026-09-12 21:47:41.693101
88,Monsoon Banana Ripening Dome,130,47,banana farming africa,34.0,0.1429,3,1,youtube_suggest,2026-09-12 21:47:41.693228
88,Monsoon Banana Ripening Dome,130,48,banana farm btd6,34.0,0.1429,3,1,youtube_suggest,2026-09-12 21:47:41.693353
88,Monsoon Banana Ripening Dome,130,49,banana farming business,34.0,0.1429,3,1,youtube_suggest,2026-09-12 21:47:41.693497
88,Monsoon Banana Ripening Dome,130,50,banana farming bihar,34.0,0.1429,3,1,youtube_suggest,2026-09-12 21:47:41.693633
88,Monsoon Banana Ripening Dome,130,51,banana farming bangladesh,34.0,0.1429,3,1,youtube_suggest,2026-09-12 21:47:41.693778
88,Monsoon Banana Ripening Dome,130,52,banana farm btd5,34.0,0.1429,3,1,youtube_suggest,2026-09-12 21:47:41.693913
88,Monsoon Banana Ripening Dome,130,53,banana farming botw,34.0,0.1429,3,1,youtube_suggest,2026-09-12 21:47:41.694046
88,Monsoon Banana Ripening Dome,130,54,banana farming china,34.0,0.1429,3,1,youtube_suggest,2026-09-12 21:47:41.694203
88,Monsoon Banana Ripening Dome,130,55,banana farm cutting,34.0,0.1429,3,1,youtube_suggest,2026-09-12 21:47:41.694341
88,Monsoon Banana Ripening Dome,130,56,banana farming cost,34.0,0.1429,3,1,youtube_suggest,2026-09-12 21:47:41.694492
88,Monsoon Banana Ripening Dome,130,57,banana farm crosspath,34.0,0.1429,3,1,youtube_suggest,2026-09-12 21:47:41.694626
88,Monsoon Banana Ripening Dome,130,58,banana farming course,34.0,0.1429,3,1,youtube_suggest,2026-09-12 21:47:41.694773
88,Monsoon Banana Ripening Dome,130,59,banana farm cleaning,34.0,0.1429,3,1,youtube_suggest,2026-09-12 21:47:41.694909
88,Monsoon Banana Ripening Dome,130,60,banana tree colour,34.0,0.1429,3,1,youtube_suggest,2026-09-12 21:47:41.695040
89,The Planetary Peel Excavator,131,1,banana plantation in the philippines,51.33,0.3333,5,1,youtube_suggest,2026-09-12 21:50:42.297632
89,The Planetary Peel Excavator,131,2,banana plantation in uganda,49.33,0.3333,4,1,youtube_suggest,2026-09-12 21:50:42.297958
89,The Planetary Peel Excavator,131,3,banana plantation in ecuador,49.33,0.3333,4,1,youtube_suggest,2026-09-12 21:50:42.298192
89,The Planetary Peel Excavator,131,4,banana plantation in zambia,49.33,0.3333,4,1,youtube_suggest,2026-09-12 21:50:42.298411
89,The Planetary Peel Excavator,131,5,banana plantation at home,49.33,0.3333,4,1,youtube_suggest,2026-09-12 21:50:42.298631
89,The Planetary Peel Excavator,131,6,banana plantation farming in uganda,48.0,0.2857,5,1,youtube_suggest,2026-09-12 21:50:42.298852
89,The Planetary Peel Excavator,131,7,banana plantation song,47.33,0.3333,3,1,youtube_suggest,2026-09-12 21:50:42.299335
89,The Planetary Peel Excavator,131,8,banana plantation harvesting,47.33,0.3333,3,1,youtube_suggest,2026-09-12 21:50:42.299555
89,The Planetary Peel Excavator,131,9,banana plantation documentary,47.33,0.3333,3,1,youtube_suggest,2026-09-12 21:50:42.299767
89,The Planetary Peel Excavator,131,10,banana plantation telugu,47.33,0.3333,3,1,youtube_suggest,2026-09-12 21:50:42.299998
89,The Planetary Peel Excavator,131,11,banana plantation business,47.33,0.3333,3,1,youtube_suggest,2026-09-12 21:50:42.300201
89,The Planetary Peel Excavator,131,12,banana plantation drawing,47.33,0.3333,3,1,youtube_suggest,2026-09-12 21:50:42.300408
89,The Planetary Peel Excavator,131,13,banana plantation distance,47.33,0.3333,3,1,youtube_suggest,2026-09-12 21:50:42.301811
89,The Planetary Peel Excavator,131,14,banana plantation davao,47.33,0.3333,3,1,youtube_suggest,2026-09-12 21:50:42.302085
89,The Planetary Peel Excavator,131,15,banana plantation ecuador,47.33,0.3333,3,1,youtube_suggest,2026-09-12 21:50:42.302282
89,The Planetary Peel Excavator,131,16,banana plantation method,47.33,0.3333,3,1,youtube_suggest,2026-09-12 21:50:42.302477
89,The Planetary Peel Excavator,131,17,banana plantation farming,47.33,0.3333,3,1,youtube_suggest,2026-09-12 21:50:42.302666
89,The Planetary Peel Excavator,131,18,banana plantation fertilizer,47.33,0.3333,3,1,youtube_suggest,2026-09-12 21:50:42.302865
89,The Planetary Peel Excavator,131,19,banana plantation process,47.33,0.3333,3,1,youtube_suggest,2026-09-12 21:50:42.303091
89,The Planetary Peel Excavator,131,20,banana plantation costa rica,46.0,0.2857,4,1,youtube_suggest,2026-09-12 21:50:42.309240
89,The Planetary Peel Excavator,131,21,banana plantation irrigation system,46.0,0.2857,4,1,youtube_suggest,2026-09-12 21:50:42.310722
89,The Planetary Peel Excavator,131,22,banana plantation davao del norte,45.5,0.25,5,1,youtube_suggest,2026-09-12 21:50:42.311872
89,The Planetary Peel Excavator,131,23,banana farming a to z,39.67,0.1667,5,1,youtube_suggest,2026-09-12 21:50:42.312810
89,The Planetary Peel Excavator,131,24,banana farming agribusiness how it works,38.75,0.125,6,1,youtube_suggest,2026-09-12 21:50:42.313359
89,The Planetary Peel Excavator,131,25,banana plantation,38.0,0.4,2,0,youtube_suggest,2026-09-12 21:50:42.314367
89,The Planetary Peel Excavator,131,26,banana farm btd battles 2,36.75,0.125,5,1,youtube_suggest,2026-09-12 21:50:42.314605
89,The Planetary Peel Excavator,131,27,planetary deterioration - ozone layer,36.75,0.125,5,1,youtube_suggest,2026-09-12 21:50:42.314809
89,The Planetary Peel Excavator,131,28,banana planting at home,36.0,0.1429,4,1,youtube_suggest,2026-09-12 21:50:42.314996
89,The Planetary Peel Excavator,131,29,banana planting and harvesting,36.0,0.1429,4,1,youtube_suggest,2026-09-12 21:50:42.315867
89,The Planetary Peel Excavator,131,30,banana farming for beginners,36.0,0.1429,4,1,youtube_suggest,2026-09-12 21:50:42.316063
89,The Planetary Peel Excavator,131,31,banana cultivation agri coaching chandigarh,35.78,0.1111,5,1,youtube_suggest,2026-09-12 21:50:42.317807
89,The Planetary Peel Excavator,131,32,banana farm eco hostel arusha,35.78,0.1111,5,1,youtube_suggest,2026-09-12 21:50:42.318022
89,The Planetary Peel Excavator,131,33,banana farming fertilizer schedule kannada,35.78,0.1111,5,1,youtube_suggest,2026-09-12 21:50:42.318213
89,The Planetary Peel Excavator,131,34,banana farming balram kisan,34.75,0.125,4,1,youtube_suggest,2026-09-12 21:50:42.318476
89,The Planetary Peel Excavator,131,35,banana farm btd6 paragon,34.75,0.125,4,1,youtube_suggest,2026-09-12 21:50:42.318678
89,The Planetary Peel Excavator,131,36,banana farming complete guide,34.75,0.125,4,1,youtube_suggest,2026-09-12 21:50:42.318876
89,The Planetary Peel Excavator,131,37,banana farming drip irrigation,34.75,0.125,4,1,youtube_suggest,2026-09-12 21:50:42.320704
89,The Planetary Peel Excavator,131,38,banana farming fertilizer schedule,34.75,0.125,4,1,youtube_suggest,2026-09-12 21:50:42.321010
89,The Planetary Peel Excavator,131,39,banana farming full details,34.75,0.125,4,1,youtube_suggest,2026-09-12 21:50:42.321207
89,The Planetary Peel Excavator,131,40,banana farming full process,34.75,0.125,4,1,youtube_suggest,2026-09-12 21:50:42.321401
89,The Planetary Peel Excavator,131,41,banana farming new technology,34.75,0.125,4,1,youtube_suggest,2026-09-12 21:50:42.321596
89,The Planetary Peel Excavator,131,42,banana tree cutting machine,34.75,0.125,4,1,youtube_suggest,2026-09-12 21:50:42.322168
89,The Planetary Peel Excavator,131,43,banana farming assam,34.0,0.1429,3,1,youtube_suggest,2026-09-12 21:50:42.322361
89,The Planetary Peel Excavator,131,44,banana farm australia,34.0,0.1429,3,1,youtube_suggest,2026-09-12 21:50:42.322549
89,The Planetary Peel Excavator,131,45,banana tree art,34.0,0.1429,3,1,youtube_suggest,2026-09-12 21:50:42.322744
89,The Planetary Peel Excavator,131,46,banana farming africa,34.0,0.1429,3,1,youtube_suggest,2026-09-12 21:50:42.322933
89,The Planetary Peel Excavator,131,47,banana farm btd6,34.0,0.1429,3,1,youtube_suggest,2026-09-12 21:50:42.323106
89,The Planetary Peel Excavator,131,48,banana farming business,34.0,0.1429,3,1,youtube_suggest,2026-09-12 21:50:42.323274
89,The Planetary Peel Excavator,131,49,banana farming bihar,34.0,0.1429,3,1,youtube_suggest,2026-09-12 21:50:42.325845
89,The Planetary Peel Excavator,131,50,banana farming bangladesh,34.0,0.1429,3,1,youtube_suggest,2026-09-12 21:50:42.326147
89,The Planetary Peel Excavator,131,51,banana farm btd5,34.0,0.1429,3,1,youtube_suggest,2026-09-12 21:50:42.326351
89,The Planetary Peel Excavator,131,52,banana farming botw,34.0,0.1429,3,1,youtube_suggest,2026-09-12 21:50:42.326544
89,The Planetary Peel Excavator,131,53,banana farming china,34.0,0.1429,3,1,youtube_suggest,2026-09-12 21:50:42.326741
89,The Planetary Peel Excavator,131,54,banana farm cutting,34.0,0.1429,3,1,youtube_suggest,2026-09-12 21:50:42.326931
89,The Planetary Peel Excavator,131,55,banana farming cost,34.0,0.1429,3,1,youtube_suggest,2026-09-12 21:50:42.327115
89,The Planetary Peel Excavator,131,56,banana farm crosspath,34.0,0.1429,3,1,youtube_suggest,2026-09-12 21:50:42.327296
89,The Planetary Peel Excavator,131,57,banana farming course,34.0,0.1429,3,1,youtube_suggest,2026-09-12 21:50:42.327475
89,The Planetary Peel Excavator,131,58,banana farm cleaning,34.0,0.1429,3,1,youtube_suggest,2026-09-12 21:50:42.327652
89,The Planetary Peel Excavator,131,59,banana tree colour,34.0,0.1429,3,1,youtube_suggest,2026-09-12 21:50:42.327847
89,The Planetary Peel Excavator,131,60,banana tree crying,34.0,0.1429,3,1,youtube_suggest,2026-09-12 21:50:42.328027
90,Tropical Stem Pressure Engine,132,1,banana plantation in the philippines,48.0,0.2857,5,1,youtube_suggest,2026-09-12 21:53:34.064327
90,Tropical Stem Pressure Engine,132,2,banana plantation in uganda,46.0,0.2857,4,1,youtube_suggest,2026-09-12 21:53:34.067990
90,Tropical Stem Pressure Engine,132,3,banana plantation in ecuador,46.0,0.2857,4,1,youtube_suggest,2026-09-12 21:53:34.068279
90,Tropical Stem Pressure Engine,132,4,banana plantation in zambia,46.0,0.2857,4,1,youtube_suggest,2026-09-12 21:53:34.068509
90,Tropical Stem Pressure Engine,132,5,banana plantation at home,46.0,0.2857,4,1,youtube_suggest,2026-09-12 21:53:34.068794
90,Tropical Stem Pressure Engine,132,6,banana plantation farming in uganda,45.5,0.25,5,1,youtube_suggest,2026-09-12 21:53:34.069013
90,Tropical Stem Pressure Engine,132,7,banana plantation song,44.0,0.2857,3,1,youtube_suggest,2026-09-12 21:53:34.069220
90,Tropical Stem Pressure Engine,132,8,banana plantation harvesting,44.0,0.2857,3,1,youtube_suggest,2026-09-12 21:53:34.069424
90,Tropical Stem Pressure Engine,132,9,banana plantation documentary,44.0,0.2857,3,1,youtube_suggest,2026-09-12 21:53:34.069632
90,Tropical Stem Pressure Engine,132,10,banana plantation telugu,44.0,0.2857,3,1,youtube_suggest,2026-09-12 21:53:34.069849
90,Tropical Stem Pressure Engine,132,11,banana plantation business,44.0,0.2857,3,1,youtube_suggest,2026-09-12 21:53:34.072822
90,Tropical Stem Pressure Engine,132,12,banana plantation drawing,44.0,0.2857,3,1,youtube_suggest,2026-09-12 21:53:34.073121
90,Tropical Stem Pressure Engine,132,13,banana plantation distance,44.0,0.2857,3,1,youtube_suggest,2026-09-12 21:53:34.073324
90,Tropical Stem Pressure Engine,132,14,banana plantation davao,44.0,0.2857,3,1,youtube_suggest,2026-09-12 21:53:34.073529
90,Tropical Stem Pressure Engine,132,15,banana plantation ecuador,44.0,0.2857,3,1,youtube_suggest,2026-09-12 21:53:34.073720
90,Tropical Stem Pressure Engine,132,16,banana plantation method,44.0,0.2857,3,1,youtube_suggest,2026-09-12 21:53:34.073938
90,Tropical Stem Pressure Engine,132,17,banana plantation farming,44.0,0.2857,3,1,youtube_suggest,2026-09-12 21:53:34.074140
90,Tropical Stem Pressure Engine,132,18,banana plantation fertilizer,44.0,0.2857,3,1,youtube_suggest,2026-09-12 21:53:34.074349
90,Tropical Stem Pressure Engine,132,19,banana plantation process,44.0,0.2857,3,1,youtube_suggest,2026-09-12 21:53:34.074557
90,Tropical Stem Pressure Engine,132,20,banana plantation davao del norte,43.56,0.2222,5,1,youtube_suggest,2026-09-12 21:53:34.074767
90,Tropical Stem Pressure Engine,132,21,banana plantation costa rica,43.5,0.25,4,1,youtube_suggest,2026-09-12 21:53:34.079693
90,Tropical Stem Pressure Engine,132,22,banana plantation irrigation system,43.5,0.25,4,1,youtube_suggest,2026-09-12 21:53:34.079944
90,Tropical Stem Pressure Engine,132,23,banana farming a to z,38.0,0.1429,5,1,youtube_suggest,2026-09-12 21:53:34.080856
90,Tropical Stem Pressure Engine,132,24,banana farming agribusiness how it works,37.78,0.1111,6,1,youtube_suggest,2026-09-12 21:53:34.081148
90,Tropical Stem Pressure Engine,132,25,transducer spraying water on engine,35.78,0.1111,5,1,youtube_suggest,2026-09-12 21:53:34.081339
90,Tropical Stem Pressure Engine,132,26,banana farm btd battles 2,35.78,0.1111,5,1,youtube_suggest,2026-09-12 21:53:34.081531
90,Tropical Stem Pressure Engine,132,27,banana cultivation agri coaching chandigarh,35.0,0.1,5,1,youtube_suggest,2026-09-12 21:53:34.081699
90,Tropical Stem Pressure Engine,132,28,banana farm eco hostel arusha,35.0,0.1,5,1,youtube_suggest,2026-09-12 21:53:34.081919
90,Tropical Stem Pressure Engine,132,29,banana farming fertilizer schedule kannada,35.0,0.1,5,1,youtube_suggest,2026-09-12 21:53:34.088478
90,Tropical Stem Pressure Engine,132,30,e bike tyre pressure,34.75,0.125,4,1,youtube_suggest,2026-09-12 21:53:34.088900
90,Tropical Stem Pressure Engine,132,31,banana planting at home,34.75,0.125,4,1,youtube_suggest,2026-09-12 21:53:34.089109
90,Tropical Stem Pressure Engine,132,32,banana planting and harvesting,34.75,0.125,4,1,youtube_suggest,2026-09-12 21:53:34.089358
90,Tropical Stem Pressure Engine,132,33,banana farming for beginners,34.75,0.125,4,1,youtube_suggest,2026-09-12 21:53:34.089573
90,Tropical Stem Pressure Engine,132,34,steam engine water refill,33.78,0.1111,4,1,youtube_suggest,2026-09-12 21:53:34.089797
90,Tropical Stem Pressure Engine,132,35,hydrogen pulse jet engine,33.78,0.1111,4,1,youtube_suggest,2026-09-12 21:53:34.090011
90,Tropical Stem Pressure Engine,132,36,electric bike tire pressure,33.78,0.1111,4,1,youtube_suggest,2026-09-12 21:53:34.092527
90,Tropical Stem Pressure Engine,132,37,banana farming balram kisan,33.78,0.1111,4,1,youtube_suggest,2026-09-12 21:53:34.092950
90,Tropical Stem Pressure Engine,132,38,banana farm btd6 paragon,33.78,0.1111,4,1,youtube_suggest,2026-09-12 21:53:34.093176
90,Tropical Stem Pressure Engine,132,39,banana farming complete guide,33.78,0.1111,4,1,youtube_suggest,2026-09-12 21:53:34.093386
90,Tropical Stem Pressure Engine,132,40,banana farming drip irrigation,33.78,0.1111,4,1,youtube_suggest,2026-09-12 21:53:34.093595
90,Tropical Stem Pressure Engine,132,41,banana farming fertilizer schedule,33.78,0.1111,4,1,youtube_suggest,2026-09-12 21:53:34.093842
90,Tropical Stem Pressure Engine,132,42,banana farming full details,33.78,0.1111,4,1,youtube_suggest,2026-09-12 21:53:34.094056
90,Tropical Stem Pressure Engine,132,43,banana farming full process,33.78,0.1111,4,1,youtube_suggest,2026-09-12 21:53:34.094328
90,Tropical Stem Pressure Engine,132,44,banana farming new technology,33.78,0.1111,4,1,youtube_suggest,2026-09-12 21:53:34.094517
90,Tropical Stem Pressure Engine,132,45,banana tree cutting machine,33.78,0.1111,4,1,youtube_suggest,2026-09-12 21:53:34.094720
90,Tropical Stem Pressure Engine,132,46,banana plantation,33.33,0.3333,2,0,youtube_suggest,2026-09-12 21:53:34.094949
90,Tropical Stem Pressure Engine,132,47,banana farming assam,32.75,0.125,3,1,youtube_suggest,2026-09-12 21:53:34.095187
90,Tropical Stem Pressure Engine,132,48,banana farm australia,32.75,0.125,3,1,youtube_suggest,2026-09-12 21:53:34.095394
90,Tropical Stem Pressure Engine,132,49,banana tree art,32.75,0.125,3,1,youtube_suggest,2026-09-12 21:53:34.095598
90,Tropical Stem Pressure Engine,132,50,banana farming africa,32.75,0.125,3,1,youtube_suggest,2026-09-12 21:53:34.095840
90,Tropical Stem Pressure Engine,132,51,banana farm btd6,32.75,0.125,3,1,youtube_suggest,2026-09-12 21:53:34.096075
90,Tropical Stem Pressure Engine,132,52,banana farming business,32.75,0.125,3,1,youtube_suggest,2026-09-12 21:53:34.096279
90,Tropical Stem Pressure Engine,132,53,banana farming bihar,32.75,0.125,3,1,youtube_suggest,2026-09-12 21:53:34.096519
90,Tropical Stem Pressure Engine,132,54,banana farming bangladesh,32.75,0.125,3,1,youtube_suggest,2026-09-12 21:53:34.109084
90,Tropical Stem Pressure Engine,132,55,banana farm btd5,32.75,0.125,3,1,youtube_suggest,2026-09-12 21:53:34.109337
90,Tropical Stem Pressure Engine,132,56,banana farming botw,32.75,0.125,3,1,youtube_suggest,2026-09-12 21:53:34.109562
90,Tropical Stem Pressure Engine,132,57,banana farming china,32.75,0.125,3,1,youtube_suggest,2026-09-12 21:53:34.109794
90,Tropical Stem Pressure Engine,132,58,banana farm cutting,32.75,0.125,3,1,youtube_suggest,2026-09-12 21:53:34.110086
90,Tropical Stem Pressure Engine,132,59,banana farming cost,32.75,0.125,3,1,youtube_suggest,2026-09-12 21:53:34.110318
90,Tropical Stem Pressure Engine,132,60,banana farm crosspath,32.75,0.125,3,1,youtube_suggest,2026-09-12 21:53:34.110674
91,The Solar Banana Conveyor,133,1,banana plantation in the philippines,56.0,0.4,5,1,youtube_suggest,2026-09-12 21:56:28.631941
91,The Solar Banana Conveyor,133,2,banana plantation in uganda,54.0,0.4,4,1,youtube_suggest,2026-09-12 21:56:28.632294
91,The Solar Banana Conveyor,133,3,banana plantation in ecuador,54.0,0.4,4,1,youtube_suggest,2026-09-12 21:56:28.632663
91,The Solar Banana Conveyor,133,4,banana plantation in zambia,54.0,0.4,4,1,youtube_suggest,2026-09-12 21:56:28.636606
91,The Solar Banana Conveyor,133,5,banana plantation at home,54.0,0.4,4,1,youtube_suggest,2026-09-12 21:56:28.638043
91,The Solar Banana Conveyor,133,6,banana plantation song,52.0,0.4,3,1,youtube_suggest,2026-09-12 21:56:28.639849
91,The Solar Banana Conveyor,133,7,banana plantation harvesting,52.0,0.4,3,1,youtube_suggest,2026-09-12 21:56:28.641620
91,The Solar Banana Conveyor,133,8,banana plantation documentary,52.0,0.4,3,1,youtube_suggest,2026-09-12 21:56:28.642994
91,The Solar Banana Conveyor,133,9,banana plantation telugu,52.0,0.4,3,1,youtube_suggest,2026-09-12 21:56:28.643292
91,The Solar Banana Conveyor,133,10,banana plantation business,52.0,0.4,3,1,youtube_suggest,2026-09-12 21:56:28.643513
91,The Solar Banana Conveyor,133,11,banana plantation drawing,52.0,0.4,3,1,youtube_suggest,2026-09-12 21:56:28.643707
91,The Solar Banana Conveyor,133,12,banana plantation distance,52.0,0.4,3,1,youtube_suggest,2026-09-12 21:56:28.643860
91,The Solar Banana Conveyor,133,13,banana plantation davao,52.0,0.4,3,1,youtube_suggest,2026-09-12 21:56:28.644008
91,The Solar Banana Conveyor,133,14,banana plantation ecuador,52.0,0.4,3,1,youtube_suggest,2026-09-12 21:56:28.647294
91,The Solar Banana Conveyor,133,15,banana plantation method,52.0,0.4,3,1,youtube_suggest,2026-09-12 21:56:28.647597
91,The Solar Banana Conveyor,133,16,banana plantation farming,52.0,0.4,3,1,youtube_suggest,2026-09-12 21:56:28.647799
91,The Solar Banana Conveyor,133,17,banana plantation fertilizer,52.0,0.4,3,1,youtube_suggest,2026-09-12 21:56:28.647988
91,The Solar Banana Conveyor,133,18,banana plantation process,52.0,0.4,3,1,youtube_suggest,2026-09-12 21:56:28.648176
91,The Solar Banana Conveyor,133,19,banana plantation farming in uganda,51.33,0.3333,5,1,youtube_suggest,2026-09-12 21:56:28.648513
91,The Solar Banana Conveyor,133,20,banana plantation costa rica,49.33,0.3333,4,1,youtube_suggest,2026-09-12 21:56:28.648813
91,The Solar Banana Conveyor,133,21,banana plantation irrigation system,49.33,0.3333,4,1,youtube_suggest,2026-09-12 21:56:28.653177
91,The Solar Banana Conveyor,133,22,banana plantation davao del norte,48.0,0.2857,5,1,youtube_suggest,2026-09-12 21:56:28.653426
91,The Solar Banana Conveyor,133,23,banana plantation,45.0,0.5,2,0,youtube_suggest,2026-09-12 21:56:28.653626
91,The Solar Banana Conveyor,133,24,banana conveyor,45.0,0.5,2,0,youtube_suggest,2026-09-12 21:56:28.653816
91,The Solar Banana Conveyor,133,25,banana farming a to z,42.0,0.2,5,1,youtube_suggest,2026-09-12 21:56:28.654222
91,The Solar Banana Conveyor,133,26,banana farming agribusiness how it works,40.0,0.1429,6,1,youtube_suggest,2026-09-12 21:56:28.654464
91,The Solar Banana Conveyor,133,27,banana farm btd battles 2,38.0,0.1429,5,1,youtube_suggest,2026-09-12 21:56:28.654659
91,The Solar Banana Conveyor,133,28,banana planting at home,37.67,0.1667,4,1,youtube_suggest,2026-09-12 21:56:28.654843
91,The Solar Banana Conveyor,133,29,banana planting and harvesting,37.67,0.1667,4,1,youtube_suggest,2026-09-12 21:56:28.655028
91,The Solar Banana Conveyor,133,30,banana farming for beginners,37.67,0.1667,4,1,youtube_suggest,2026-09-12 21:56:28.655207
91,The Solar Banana Conveyor,133,31,cooking by solar energy,37.67,0.1667,4,1,youtube_suggest,2026-09-12 21:56:28.655458
91,The Solar Banana Conveyor,133,32,banana cultivation agri coaching chandigarh,36.75,0.125,5,1,youtube_suggest,2026-09-12 21:56:28.655730
91,The Solar Banana Conveyor,133,33,banana farm eco hostel arusha,36.75,0.125,5,1,youtube_suggest,2026-09-12 21:56:28.655912
91,The Solar Banana Conveyor,133,34,banana farming fertilizer schedule kannada,36.75,0.125,5,1,youtube_suggest,2026-09-12 21:56:28.656095
91,The Solar Banana Conveyor,133,35,banana farming balram kisan,36.0,0.1429,4,1,youtube_suggest,2026-09-12 21:56:28.656275
91,The Solar Banana Conveyor,133,36,banana farm btd6 paragon,36.0,0.1429,4,1,youtube_suggest,2026-09-12 21:56:28.656468
91,The Solar Banana Conveyor,133,37,banana farming complete guide,36.0,0.1429,4,1,youtube_suggest,2026-09-12 21:56:28.664950
91,The Solar Banana Conveyor,133,38,banana farming drip irrigation,36.0,0.1429,4,1,youtube_suggest,2026-09-12 21:56:28.667844
91,The Solar Banana Conveyor,133,39,banana farming fertilizer schedule,36.0,0.1429,4,1,youtube_suggest,2026-09-12 21:56:28.668153
91,The Solar Banana Conveyor,133,40,banana farming full details,36.0,0.1429,4,1,youtube_suggest,2026-09-12 21:56:28.672826
91,The Solar Banana Conveyor,133,41,banana farming full process,36.0,0.1429,4,1,youtube_suggest,2026-09-12 21:56:28.673077
91,The Solar Banana Conveyor,133,42,banana farming new technology,36.0,0.1429,4,1,youtube_suggest,2026-09-12 21:56:28.673264
91,The Solar Banana Conveyor,133,43,banana tree cutting machine,36.0,0.1429,4,1,youtube_suggest,2026-09-12 21:56:28.673453
91,The Solar Banana Conveyor,133,44,banana farming assam,35.67,0.1667,3,1,youtube_suggest,2026-09-12 21:56:28.673627
91,The Solar Banana Conveyor,133,45,banana farm australia,35.67,0.1667,3,1,youtube_suggest,2026-09-12 21:56:28.674029
91,The Solar Banana Conveyor,133,46,banana tree art,35.67,0.1667,3,1,youtube_suggest,2026-09-12 21:56:28.674211
91,The Solar Banana Conveyor,133,47,banana farming africa,35.67,0.1667,3,1,youtube_suggest,2026-09-12 21:56:28.674400
91,The Solar Banana Conveyor,133,48,banana farm btd6,35.67,0.1667,3,1,youtube_suggest,2026-09-12 21:56:28.674573
91,The Solar Banana Conveyor,133,49,banana farming business,35.67,0.1667,3,1,youtube_suggest,2026-09-12 21:56:28.674746
91,The Solar Banana Conveyor,133,50,banana farming bihar,35.67,0.1667,3,1,youtube_suggest,2026-09-12 21:56:28.674945
91,The Solar Banana Conveyor,133,51,banana farming bangladesh,35.67,0.1667,3,1,youtube_suggest,2026-09-12 21:56:28.675303
91,The Solar Banana Conveyor,133,52,banana farm btd5,35.67,0.1667,3,1,youtube_suggest,2026-09-12 21:56:28.675525
91,The Solar Banana Conveyor,133,53,banana farming botw,35.67,0.1667,3,1,youtube_suggest,2026-09-12 21:56:28.682529
91,The Solar Banana Conveyor,133,54,banana farming china,35.67,0.1667,3,1,youtube_suggest,2026-09-12 21:56:28.682911
91,The Solar Banana Conveyor,133,55,banana farm cutting,35.67,0.1667,3,1,youtube_suggest,2026-09-12 21:56:28.683129
91,The Solar Banana Conveyor,133,56,banana farming cost,35.67,0.1667,3,1,youtube_suggest,2026-09-12 21:56:28.683334
91,The Solar Banana Conveyor,133,57,banana farm crosspath,35.67,0.1667,3,1,youtube_suggest,2026-09-12 21:56:28.683522
91,The Solar Banana Conveyor,133,58,banana farming course,35.67,0.1667,3,1,youtube_suggest,2026-09-12 21:56:28.683827
91,The Solar Banana Conveyor,133,59,banana farm cleaning,35.67,0.1667,3,1,youtube_suggest,2026-09-12 21:56:28.684047
91,The Solar Banana Conveyor,133,60,banana tree colour,35.67,0.1667,3,1,youtube_suggest,2026-09-12 21:56:28.684232
92,The Infinite Plantation Caretaker,134,1,banana plantation in the philippines,56.0,0.4,5,1,youtube_suggest,2026-09-12 22:04:14.802561
92,The Infinite Plantation Caretaker,134,2,banana plantation in uganda,54.0,0.4,4,1,youtube_suggest,2026-09-12 22:04:14.802791
92,The Infinite Plantation Caretaker,134,3,banana plantation in ecuador,54.0,0.4,4,1,youtube_suggest,2026-09-12 22:04:14.802942
92,The Infinite Plantation Caretaker,134,4,banana plantation in zambia,54.0,0.4,4,1,youtube_suggest,2026-09-12 22:04:14.803088
92,The Infinite Plantation Caretaker,134,5,banana plantation at home,54.0,0.4,4,1,youtube_suggest,2026-09-12 22:04:14.803245
92,The Infinite Plantation Caretaker,134,6,banana plantation song,52.0,0.4,3,1,youtube_suggest,2026-09-12 22:04:14.803390
92,The Infinite Plantation Caretaker,134,7,banana plantation harvesting,52.0,0.4,3,1,youtube_suggest,2026-09-12 22:04:14.803541
92,The Infinite Plantation Caretaker,134,8,banana plantation documentary,52.0,0.4,3,1,youtube_suggest,2026-09-12 22:04:14.803675
92,The Infinite Plantation Caretaker,134,9,banana plantation telugu,52.0,0.4,3,1,youtube_suggest,2026-09-12 22:04:14.803806
92,The Infinite Plantation Caretaker,134,10,banana plantation business,52.0,0.4,3,1,youtube_suggest,2026-09-12 22:04:14.803943
92,The Infinite Plantation Caretaker,134,11,banana plantation drawing,52.0,0.4,3,1,youtube_suggest,2026-09-12 22:04:14.804083
92,The Infinite Plantation Caretaker,134,12,banana plantation distance,52.0,0.4,3,1,youtube_suggest,2026-09-12 22:04:14.804259
92,The Infinite Plantation Caretaker,134,13,banana plantation davao,52.0,0.4,3,1,youtube_suggest,2026-09-12 22:04:14.804438
92,The Infinite Plantation Caretaker,134,14,banana plantation ecuador,52.0,0.4,3,1,youtube_suggest,2026-09-12 22:04:14.811293
92,The Infinite Plantation Caretaker,134,15,banana plantation method,52.0,0.4,3,1,youtube_suggest,2026-09-12 22:04:14.811571
92,The Infinite Plantation Caretaker,134,16,banana plantation farming,52.0,0.4,3,1,youtube_suggest,2026-09-12 22:04:14.811767
92,The Infinite Plantation Caretaker,134,17,banana plantation fertilizer,52.0,0.4,3,1,youtube_suggest,2026-09-12 22:04:14.811954
92,The Infinite Plantation Caretaker,134,18,banana plantation process,52.0,0.4,3,1,youtube_suggest,2026-09-12 22:04:14.812152
92,The Infinite Plantation Caretaker,134,19,banana plantation farming in uganda,51.33,0.3333,5,1,youtube_suggest,2026-09-12 22:04:14.812334
92,The Infinite Plantation Caretaker,134,20,banana plantation costa rica,49.33,0.3333,4,1,youtube_suggest,2026-09-12 22:04:14.815845
92,The Infinite Plantation Caretaker,134,21,banana plantation irrigation system,49.33,0.3333,4,1,youtube_suggest,2026-09-12 22:04:14.816203
92,The Infinite Plantation Caretaker,134,22,banana plantation davao del norte,48.0,0.2857,5,1,youtube_suggest,2026-09-12 22:04:14.816405
92,The Infinite Plantation Caretaker,134,23,banana plantation,45.0,0.5,2,0,youtube_suggest,2026-09-12 22:04:14.816694
92,The Infinite Plantation Caretaker,134,24,banana farming a to z,42.0,0.2,5,1,youtube_suggest,2026-09-12 22:04:14.816884
92,The Infinite Plantation Caretaker,134,25,the caretaker d2,41.5,0.25,3,1,youtube_suggest,2026-09-12 22:04:14.817067
92,The Infinite Plantation Caretaker,134,26,the caretaker d4,41.5,0.25,3,1,youtube_suggest,2026-09-12 22:04:14.817249
92,The Infinite Plantation Caretaker,134,27,banana farming agribusiness how it works,40.0,0.1429,6,1,youtube_suggest,2026-09-12 22:04:14.817432
92,The Infinite Plantation Caretaker,134,28,the caretaker audiobook,38.0,0.2,3,1,youtube_suggest,2026-09-12 22:04:14.820197
92,The Infinite Plantation Caretaker,134,29,the infinite within,38.0,0.2,3,1,youtube_suggest,2026-09-12 22:04:14.820427
92,The Infinite Plantation Caretaker,134,30,banana farm btd battles 2,38.0,0.1429,5,1,youtube_suggest,2026-09-12 22:04:14.820698
92,The Infinite Plantation Caretaker,134,31,the caretaker extra patience,37.67,0.1667,4,1,youtube_suggest,2026-09-12 22:04:14.820903
92,The Infinite Plantation Caretaker,134,32,the caretaker take care,37.67,0.1667,4,1,youtube_suggest,2026-09-12 22:04:14.821184
92,The Infinite Plantation Caretaker,134,33,banana planting at home,37.67,0.1667,4,1,youtube_suggest,2026-09-12 22:04:14.821379
92,The Infinite Plantation Caretaker,134,34,banana planting and harvesting,37.67,0.1667,4,1,youtube_suggest,2026-09-12 22:04:14.821578
92,The Infinite Plantation Caretaker,134,35,banana farming for beginners,37.67,0.1667,4,1,youtube_suggest,2026-09-12 22:04:14.821760
92,The Infinite Plantation Caretaker,134,36,banana cultivation agri coaching chandigarh,36.75,0.125,5,1,youtube_suggest,2026-09-12 22:04:14.821940
92,The Infinite Plantation Caretaker,134,37,banana farm eco hostel arusha,36.75,0.125,5,1,youtube_suggest,2026-09-12 22:04:14.822118
92,The Infinite Plantation Caretaker,134,38,banana farming fertilizer schedule kannada,36.75,0.125,5,1,youtube_suggest,2026-09-12 22:04:14.822299
92,The Infinite Plantation Caretaker,134,39,banana farming balram kisan,36.0,0.1429,4,1,youtube_suggest,2026-09-12 22:04:14.822480
92,The Infinite Plantation Caretaker,134,40,banana farm btd6 paragon,36.0,0.1429,4,1,youtube_suggest,2026-09-12 22:04:14.831334
92,The Infinite Plantation Caretaker,134,41,banana farming complete guide,36.0,0.1429,4,1,youtube_suggest,2026-09-12 22:04:14.831681
92,The Infinite Plantation Caretaker,134,42,banana farming drip irrigation,36.0,0.1429,4,1,youtube_suggest,2026-09-12 22:04:14.831916
92,The Infinite Plantation Caretaker,134,43,banana farming fertilizer schedule,36.0,0.1429,4,1,youtube_suggest,2026-09-12 22:04:14.832111
92,The Infinite Plantation Caretaker,134,44,banana farming full details,36.0,0.1429,4,1,youtube_suggest,2026-09-12 22:04:14.832437
92,The Infinite Plantation Caretaker,134,45,banana farming full process,36.0,0.1429,4,1,youtube_suggest,2026-09-12 22:04:14.832932
92,The Infinite Plantation Caretaker,134,46,banana farming new technology,36.0,0.1429,4,1,youtube_suggest,2026-09-12 22:04:14.833182
92,The Infinite Plantation Caretaker,134,47,banana tree cutting machine,36.0,0.1429,4,1,youtube_suggest,2026-09-12 22:04:14.834039
92,The Infinite Plantation Caretaker,134,48,banana farming assam,35.67,0.1667,3,1,youtube_suggest,2026-09-12 22:04:14.834271
92,The Infinite Plantation Caretaker,134,49,banana farm australia,35.67,0.1667,3,1,youtube_suggest,2026-09-12 22:04:14.834463
92,The Infinite Plantation Caretaker,134,50,banana tree art,35.67,0.1667,3,1,youtube_suggest,2026-09-12 22:04:14.834659
92,The Infinite Plantation Caretaker,134,51,banana farming africa,35.67,0.1667,3,1,youtube_suggest,2026-09-12 22:04:14.834841
92,The Infinite Plantation Caretaker,134,52,banana farm btd6,35.67,0.1667,3,1,youtube_suggest,2026-09-12 22:04:14.835022
92,The Infinite Plantation Caretaker,134,53,banana farming business,35.67,0.1667,3,1,youtube_suggest,2026-09-12 22:04:14.835200
92,The Infinite Plantation Caretaker,134,54,banana farming bihar,35.67,0.1667,3,1,youtube_suggest,2026-09-12 22:04:14.835375
92,The Infinite Plantation Caretaker,134,55,banana farming bangladesh,35.67,0.1667,3,1,youtube_suggest,2026-09-12 22:04:14.835568
92,The Infinite Plantation Caretaker,134,56,banana farm btd5,35.67,0.1667,3,1,youtube_suggest,2026-09-12 22:04:14.835748
92,The Infinite Plantation Caretaker,134,57,banana farming botw,35.67,0.1667,3,1,youtube_suggest,2026-09-12 22:04:14.835924
92,The Infinite Plantation Caretaker,134,58,banana farming china,35.67,0.1667,3,1,youtube_suggest,2026-09-12 22:04:14.836099
92,The Infinite Plantation Caretaker,134,59,banana farm cutting,35.67,0.1667,3,1,youtube_suggest,2026-09-12 22:04:14.836276
92,The Infinite Plantation Caretaker,134,60,banana farming cost,35.67,0.1667,3,1,youtube_suggest,2026-09-12 22:04:14.836453
93,Orchard Moon Harvester,135,1,apple orchard danny go,54.0,0.4,4,1,youtube_suggest,2026-09-12 22:07:26.398417
93,Orchard Moon Harvester,135,2,apple orchard dr strange,54.0,0.4,4,1,youtube_suggest,2026-09-12 22:07:26.401363
93,Orchard Moon Harvester,135,3,apple orchard for preschool,54.0,0.4,4,1,youtube_suggest,2026-09-12 22:07:26.401762
93,Orchard Moon Harvester,135,4,apple orchard for kindergarten,54.0,0.4,4,1,youtube_suggest,2026-09-12 22:07:26.402091
93,Orchard Moon Harvester,135,5,apple orchard for sale,54.0,0.4,4,1,youtube_suggest,2026-09-12 22:07:26.402465
93,Orchard Moon Harvester,135,6,apple orchard for sale in himachal,53.33,0.3333,6,1,youtube_suggest,2026-09-12 22:07:26.402724
93,Orchard Moon Harvester,135,7,apple orchard for sale in uttarakhand,53.33,0.3333,6,1,youtube_suggest,2026-09-12 22:07:26.402991
93,Orchard Moon Harvester,135,8,apple orchard ambience,52.0,0.4,3,1,youtube_suggest,2026-09-12 22:07:26.403272
93,Orchard Moon Harvester,135,9,apple orchard music,52.0,0.4,3,1,youtube_suggest,2026-09-12 22:07:26.403577
93,Orchard Moon Harvester,135,10,apple orchard snl,52.0,0.4,3,1,youtube_suggest,2026-09-12 22:07:26.403844
93,Orchard Moon Harvester,135,11,apple orchard commercial,52.0,0.4,3,1,youtube_suggest,2026-09-12 22:07:26.404106
93,Orchard Moon Harvester,135,12,apple orchard song,52.0,0.4,3,1,youtube_suggest,2026-09-12 22:07:26.404418
93,Orchard Moon Harvester,135,13,apple orchard tour,52.0,0.4,3,1,youtube_suggest,2026-09-12 22:07:26.409210
93,Orchard Moon Harvester,135,14,apple orchard ambiance,52.0,0.4,3,1,youtube_suggest,2026-09-12 22:07:26.409474
93,Orchard Moon Harvester,135,15,apple orchard afternoon,52.0,0.4,3,1,youtube_suggest,2026-09-12 22:07:26.409778
93,Orchard Moon Harvester,135,16,apple orchard acnh,52.0,0.4,3,1,youtube_suggest,2026-09-12 22:07:26.409971
93,Orchard Moon Harvester,135,17,apple orchard book,52.0,0.4,3,1,youtube_suggest,2026-09-12 22:07:26.414001
93,Orchard Moon Harvester,135,18,apple orchard business,52.0,0.4,3,1,youtube_suggest,2026-09-12 22:07:26.414301
93,Orchard Moon Harvester,135,19,apple orchard bar,52.0,0.4,3,1,youtube_suggest,2026-09-12 22:07:26.414932
93,Orchard Moon Harvester,135,20,apple orchard cartoon,52.0,0.4,3,1,youtube_suggest,2026-09-12 22:07:26.415283
93,Orchard Moon Harvester,135,21,apple orchard care,52.0,0.4,3,1,youtube_suggest,2026-09-12 22:07:26.415529
93,Orchard Moon Harvester,135,22,apple orchard calm,52.0,0.4,3,1,youtube_suggest,2026-09-12 22:07:26.422448
93,Orchard Moon Harvester,135,23,apple orchard chicago,52.0,0.4,3,1,youtube_suggest,2026-09-12 22:07:26.422741
93,Orchard Moon Harvester,135,24,apple orchard canada,52.0,0.4,3,1,youtube_suggest,2026-09-12 22:07:26.422988
93,Orchard Moon Harvester,135,25,apple orchard donuts,52.0,0.4,3,1,youtube_suggest,2026-09-12 22:07:26.423327
93,Orchard Moon Harvester,135,26,apple orchard drawing,52.0,0.4,3,1,youtube_suggest,2026-09-12 22:07:26.423541
93,Orchard Moon Harvester,135,27,apple orchard dhanaulti,52.0,0.4,3,1,youtube_suggest,2026-09-12 22:07:26.423747
93,Orchard Moon Harvester,135,28,apple orchard episode,52.0,0.4,3,1,youtube_suggest,2026-09-12 22:07:26.424040
93,Orchard Moon Harvester,135,29,apple orchard farm,52.0,0.4,3,1,youtube_suggest,2026-09-12 22:07:26.424272
93,Orchard Moon Harvester,135,30,apple orchard falls,52.0,0.4,3,1,youtube_suggest,2026-09-12 22:07:26.424503
93,Orchard Moon Harvester,135,31,apple orchard sprayer,52.0,0.4,3,1,youtube_suggest,2026-09-12 22:07:26.424769
93,Orchard Moon Harvester,135,32,apple orchard spraying,52.0,0.4,3,1,youtube_suggest,2026-09-12 22:07:26.424988
93,Orchard Moon Harvester,135,33,apple orchard ambience with music,51.33,0.3333,5,1,youtube_suggest,2026-09-12 22:07:26.425209
93,Orchard Moon Harvester,135,34,apple orchard ambience no ads,51.33,0.3333,5,1,youtube_suggest,2026-09-12 22:07:26.425413
93,Orchard Moon Harvester,135,35,apple orchard field trip,49.33,0.3333,4,1,youtube_suggest,2026-09-12 22:07:26.426943
93,Orchard Moon Harvester,135,36,apple orchard beach house,49.33,0.3333,4,1,youtube_suggest,2026-09-12 22:07:26.427328
93,Orchard Moon Harvester,135,37,apple orchard animal crossing,49.33,0.3333,4,1,youtube_suggest,2026-09-12 22:07:26.427716
93,Orchard Moon Harvester,135,38,apple orchard blue prince,49.33,0.3333,4,1,youtube_suggest,2026-09-12 22:07:26.427956
93,Orchard Moon Harvester,135,39,apple orchard calming music,49.33,0.3333,4,1,youtube_suggest,2026-09-12 22:07:26.428205
93,Orchard Moon Harvester,135,40,apple orchard classical music,49.33,0.3333,4,1,youtube_suggest,2026-09-12 22:07:26.428414
93,Orchard Moon Harvester,135,41,apple orchard classroom music,49.33,0.3333,4,1,youtube_suggest,2026-09-12 22:07:26.433021
93,Orchard Moon Harvester,135,42,apple orchard dramatic play,49.33,0.3333,4,1,youtube_suggest,2026-09-12 22:07:26.436923
93,Orchard Moon Harvester,135,43,apple orchard falls trail,49.33,0.3333,4,1,youtube_suggest,2026-09-12 22:07:26.437249
93,Orchard Moon Harvester,135,44,apple orchard virtual field trip,48.0,0.2857,5,1,youtube_suggest,2026-09-12 22:07:26.437451
93,Orchard Moon Harvester,135,45,apple orchard beach house slowed,48.0,0.2857,5,1,youtube_suggest,2026-09-12 22:07:26.437770
93,Orchard Moon Harvester,135,46,apple orchard beach house lyrics,48.0,0.2857,5,1,youtube_suggest,2026-09-12 22:07:26.437953
93,Orchard Moon Harvester,135,47,apple orchard beach house live,48.0,0.2857,5,1,youtube_suggest,2026-09-12 22:07:26.438201
93,Orchard Moon Harvester,135,48,apple orchard book read aloud,48.0,0.2857,5,1,youtube_suggest,2026-09-12 22:07:26.438401
93,Orchard Moon Harvester,135,49,apple orchard banana cat dance,48.0,0.2857,5,1,youtube_suggest,2026-09-12 22:07:26.438584
93,Orchard Moon Harvester,135,50,apple orchard field trip blippi,48.0,0.2857,5,1,youtube_suggest,2026-09-12 22:07:26.438769
93,Orchard Moon Harvester,135,51,apple orchard,45.0,0.5,2,0,youtube_suggest,2026-09-12 22:07:26.439036
93,Orchard Moon Harvester,135,52,apple picking day read aloud,36.75,0.125,5,1,youtube_suggest,2026-09-12 22:07:26.439230
93,Orchard Moon Harvester,135,53,apple tree erykah badu lyrics,36.75,0.125,5,1,youtube_suggest,2026-09-12 22:07:26.439412
93,Orchard Moon Harvester,135,54,apple tree erykah badu karaoke,36.75,0.125,5,1,youtube_suggest,2026-09-12 22:07:26.439601
93,Orchard Moon Harvester,135,55,apple tree erykah badu instrumental,36.75,0.125,5,1,youtube_suggest,2026-09-12 22:07:26.439846
93,Orchard Moon Harvester,135,56,apple tree erykah badu live,36.75,0.125,5,1,youtube_suggest,2026-09-12 22:07:26.440038
93,Orchard Moon Harvester,135,57,apple tree aurora choir,36.0,0.1429,4,1,youtube_suggest,2026-09-12 22:07:26.440221
93,Orchard Moon Harvester,135,58,apple tree apartments syokimau,36.0,0.1429,4,1,youtube_suggest,2026-09-12 22:07:26.440465
93,Orchard Moon Harvester,135,59,apple tree erykah badu,36.0,0.1429,4,1,youtube_suggest,2026-09-12 22:07:26.444117
93,Orchard Moon Harvester,135,60,apple tree elementary music,36.0,0.1429,4,1,youtube_suggest,2026-09-12 22:07:26.444347
94,Titan Root Sculptor,136,1,apple orchard for sale in himachal,50.0,0.2857,6,1,youtube_suggest,2026-09-12 22:10:30.243874
94,Titan Root Sculptor,136,2,apple orchard for sale in uttarakhand,50.0,0.2857,6,1,youtube_suggest,2026-09-12 22:10:30.245224
94,Titan Root Sculptor,136,3,apple orchard danny go,49.33,0.3333,4,1,youtube_suggest,2026-09-12 22:10:30.247078
94,Titan Root Sculptor,136,4,apple orchard dr strange,49.33,0.3333,4,1,youtube_suggest,2026-09-12 22:10:30.247452
94,Titan Root Sculptor,136,5,apple orchard for preschool,49.33,0.3333,4,1,youtube_suggest,2026-09-12 22:10:30.247735
94,Titan Root Sculptor,136,6,apple orchard for kindergarten,49.33,0.3333,4,1,youtube_suggest,2026-09-12 22:10:30.247929
94,Titan Root Sculptor,136,7,apple orchard for sale,49.33,0.3333,4,1,youtube_suggest,2026-09-12 22:10:30.248088
94,Titan Root Sculptor,136,8,apple orchard ambience with music,48.0,0.2857,5,1,youtube_suggest,2026-09-12 22:10:30.248252
94,Titan Root Sculptor,136,9,apple orchard ambience no ads,48.0,0.2857,5,1,youtube_suggest,2026-09-12 22:10:30.248401
94,Titan Root Sculptor,136,10,apple orchard ambience,47.33,0.3333,3,1,youtube_suggest,2026-09-12 22:10:30.250066
94,Titan Root Sculptor,136,11,apple orchard music,47.33,0.3333,3,1,youtube_suggest,2026-09-12 22:10:30.250307
94,Titan Root Sculptor,136,12,apple orchard snl,47.33,0.3333,3,1,youtube_suggest,2026-09-12 22:10:30.250526
94,Titan Root Sculptor,136,13,apple orchard commercial,47.33,0.3333,3,1,youtube_suggest,2026-09-12 22:10:30.250723
94,Titan Root Sculptor,136,14,apple orchard song,47.33,0.3333,3,1,youtube_suggest,2026-09-12 22:10:30.250910
94,Titan Root Sculptor,136,15,apple orchard tour,47.33,0.3333,3,1,youtube_suggest,2026-09-12 22:10:30.257031
94,Titan Root Sculptor,136,16,apple orchard ambiance,47.33,0.3333,3,1,youtube_suggest,2026-09-12 22:10:30.257290
94,Titan Root Sculptor,136,17,apple orchard afternoon,47.33,0.3333,3,1,youtube_suggest,2026-09-12 22:10:30.257501
94,Titan Root Sculptor,136,18,apple orchard acnh,47.33,0.3333,3,1,youtube_suggest,2026-09-12 22:10:30.257708
94,Titan Root Sculptor,136,19,apple orchard book,47.33,0.3333,3,1,youtube_suggest,2026-09-12 22:10:30.257898
94,Titan Root Sculptor,136,20,apple orchard business,47.33,0.3333,3,1,youtube_suggest,2026-09-12 22:10:30.258082
94,Titan Root Sculptor,136,21,apple orchard bar,47.33,0.3333,3,1,youtube_suggest,2026-09-12 22:10:30.258273
94,Titan Root Sculptor,136,22,apple orchard cartoon,47.33,0.3333,3,1,youtube_suggest,2026-09-12 22:10:30.258488
94,Titan Root Sculptor,136,23,apple orchard care,47.33,0.3333,3,1,youtube_suggest,2026-09-12 22:10:30.258700
94,Titan Root Sculptor,136,24,apple orchard calm,47.33,0.3333,3,1,youtube_suggest,2026-09-12 22:10:30.258895
94,Titan Root Sculptor,136,25,apple orchard chicago,47.33,0.3333,3,1,youtube_suggest,2026-09-12 22:10:30.260964
94,Titan Root Sculptor,136,26,apple orchard canada,47.33,0.3333,3,1,youtube_suggest,2026-09-12 22:10:30.261181
94,Titan Root Sculptor,136,27,apple orchard donuts,47.33,0.3333,3,1,youtube_suggest,2026-09-12 22:10:30.261376
94,Titan Root Sculptor,136,28,apple orchard drawing,47.33,0.3333,3,1,youtube_suggest,2026-09-12 22:10:30.261587
94,Titan Root Sculptor,136,29,apple orchard dhanaulti,47.33,0.3333,3,1,youtube_suggest,2026-09-12 22:10:30.261776
94,Titan Root Sculptor,136,30,apple orchard episode,47.33,0.3333,3,1,youtube_suggest,2026-09-12 22:10:30.261960
94,Titan Root Sculptor,136,31,apple orchard farm,47.33,0.3333,3,1,youtube_suggest,2026-09-12 22:10:30.262144
94,Titan Root Sculptor,136,32,apple orchard falls,47.33,0.3333,3,1,youtube_suggest,2026-09-12 22:10:30.262350
94,Titan Root Sculptor,136,33,titan root rake,47.33,0.3333,3,1,youtube_suggest,2026-09-12 22:10:30.264904
94,Titan Root Sculptor,136,34,apple orchard sprayer,47.33,0.3333,3,1,youtube_suggest,2026-09-12 22:10:30.265263
94,Titan Root Sculptor,136,35,apple orchard spraying,47.33,0.3333,3,1,youtube_suggest,2026-09-12 22:10:30.266681
94,Titan Root Sculptor,136,36,apple orchard field trip,46.0,0.2857,4,1,youtube_suggest,2026-09-12 22:10:30.267004
94,Titan Root Sculptor,136,37,apple orchard beach house,46.0,0.2857,4,1,youtube_suggest,2026-09-12 22:10:30.267195
94,Titan Root Sculptor,136,38,apple orchard animal crossing,46.0,0.2857,4,1,youtube_suggest,2026-09-12 22:10:30.267384
94,Titan Root Sculptor,136,39,apple orchard blue prince,46.0,0.2857,4,1,youtube_suggest,2026-09-12 22:10:30.268733
94,Titan Root Sculptor,136,40,apple orchard calming music,46.0,0.2857,4,1,youtube_suggest,2026-09-12 22:10:30.272788
94,Titan Root Sculptor,136,41,apple orchard classical music,46.0,0.2857,4,1,youtube_suggest,2026-09-12 22:10:30.273147
94,Titan Root Sculptor,136,42,apple orchard classroom music,46.0,0.2857,4,1,youtube_suggest,2026-09-12 22:10:30.273350
94,Titan Root Sculptor,136,43,apple orchard dramatic play,46.0,0.2857,4,1,youtube_suggest,2026-09-12 22:10:30.273560
94,Titan Root Sculptor,136,44,apple orchard falls trail,46.0,0.2857,4,1,youtube_suggest,2026-09-12 22:10:30.273789
94,Titan Root Sculptor,136,45,apple orchard virtual field trip,45.5,0.25,5,1,youtube_suggest,2026-09-12 22:10:30.273987
94,Titan Root Sculptor,136,46,apple orchard beach house slowed,45.5,0.25,5,1,youtube_suggest,2026-09-12 22:10:30.274180
94,Titan Root Sculptor,136,47,apple orchard beach house lyrics,45.5,0.25,5,1,youtube_suggest,2026-09-12 22:10:30.274378
94,Titan Root Sculptor,136,48,apple orchard beach house live,45.5,0.25,5,1,youtube_suggest,2026-09-12 22:10:30.274572
94,Titan Root Sculptor,136,49,apple orchard book read aloud,45.5,0.25,5,1,youtube_suggest,2026-09-12 22:10:30.274762
94,Titan Root Sculptor,136,50,apple orchard banana cat dance,45.5,0.25,5,1,youtube_suggest,2026-09-12 22:10:30.274943
94,Titan Root Sculptor,136,51,apple orchard field trip blippi,45.5,0.25,5,1,youtube_suggest,2026-09-12 22:10:30.275288
94,Titan Root Sculptor,136,52,apple orchard,38.0,0.4,2,0,youtube_suggest,2026-09-12 22:10:30.275483
94,Titan Root Sculptor,136,53,apple picking day read aloud,35.78,0.1111,5,1,youtube_suggest,2026-09-12 22:10:30.276394
94,Titan Root Sculptor,136,54,apple tree erykah badu lyrics,35.78,0.1111,5,1,youtube_suggest,2026-09-12 22:10:30.276683
94,Titan Root Sculptor,136,55,apple tree erykah badu karaoke,35.78,0.1111,5,1,youtube_suggest,2026-09-12 22:10:30.276875
94,Titan Root Sculptor,136,56,apple tree erykah badu instrumental,35.78,0.1111,5,1,youtube_suggest,2026-09-12 22:10:30.277058
94,Titan Root Sculptor,136,57,apple tree erykah badu live,35.78,0.1111,5,1,youtube_suggest,2026-09-12 22:10:30.277239
94,Titan Root Sculptor,136,58,apple tree aurora choir,34.75,0.125,4,1,youtube_suggest,2026-09-12 22:10:30.281089
94,Titan Root Sculptor,136,59,apple tree apartments syokimau,34.75,0.125,4,1,youtube_suggest,2026-09-12 22:10:30.281344
94,Titan Root Sculptor,136,60,apple tree erykah badu,34.75,0.125,4,1,youtube_suggest,2026-09-12 22:10:30.281555
95,Sky Orchard Shepherd,137,1,apple orchard danny go,54.0,0.4,4,1,youtube_suggest,2026-09-12 22:13:51.722361
95,Sky Orchard Shepherd,137,2,apple orchard dr strange,54.0,0.4,4,1,youtube_suggest,2026-09-12 22:13:51.722708
95,Sky Orchard Shepherd,137,3,apple orchard for preschool,54.0,0.4,4,1,youtube_suggest,2026-09-12 22:13:51.724933
95,Sky Orchard Shepherd,137,4,apple orchard for kindergarten,54.0,0.4,4,1,youtube_suggest,2026-09-12 22:13:51.725163
95,Sky Orchard Shepherd,137,5,apple orchard for sale,54.0,0.4,4,1,youtube_suggest,2026-09-12 22:13:51.725390
95,Sky Orchard Shepherd,137,6,apple orchard for sale in himachal,53.33,0.3333,6,1,youtube_suggest,2026-09-12 22:13:51.725580
95,Sky Orchard Shepherd,137,7,apple orchard for sale in uttarakhand,53.33,0.3333,6,1,youtube_suggest,2026-09-12 22:13:51.725869
95,Sky Orchard Shepherd,137,8,apple orchard ambience,52.0,0.4,3,1,youtube_suggest,2026-09-12 22:13:51.726062
95,Sky Orchard Shepherd,137,9,apple orchard music,52.0,0.4,3,1,youtube_suggest,2026-09-12 22:13:51.726243
95,Sky Orchard Shepherd,137,10,apple orchard snl,52.0,0.4,3,1,youtube_suggest,2026-09-12 22:13:51.726445
95,Sky Orchard Shepherd,137,11,apple orchard commercial,52.0,0.4,3,1,youtube_suggest,2026-09-12 22:13:51.726634
95,Sky Orchard Shepherd,137,12,apple orchard song,52.0,0.4,3,1,youtube_suggest,2026-09-12 22:13:51.726816
95,Sky Orchard Shepherd,137,13,apple orchard tour,52.0,0.4,3,1,youtube_suggest,2026-09-12 22:13:51.727002
95,Sky Orchard Shepherd,137,14,apple orchard ambiance,52.0,0.4,3,1,youtube_suggest,2026-09-12 22:13:51.727184
95,Sky Orchard Shepherd,137,15,apple orchard afternoon,52.0,0.4,3,1,youtube_suggest,2026-09-12 22:13:51.727454
95,Sky Orchard Shepherd,137,16,apple orchard acnh,52.0,0.4,3,1,youtube_suggest,2026-09-12 22:13:51.727651
95,Sky Orchard Shepherd,137,17,apple orchard book,52.0,0.4,3,1,youtube_suggest,2026-09-12 22:13:51.727830
95,Sky Orchard Shepherd,137,18,apple orchard business,52.0,0.4,3,1,youtube_suggest,2026-09-12 22:13:51.732208
95,Sky Orchard Shepherd,137,19,apple orchard bar,52.0,0.4,3,1,youtube_suggest,2026-09-12 22:13:51.732627
95,Sky Orchard Shepherd,137,20,apple orchard cartoon,52.0,0.4,3,1,youtube_suggest,2026-09-12 22:13:51.732847
95,Sky Orchard Shepherd,137,21,apple orchard care,52.0,0.4,3,1,youtube_suggest,2026-09-12 22:13:51.733041
95,Sky Orchard Shepherd,137,22,apple orchard calm,52.0,0.4,3,1,youtube_suggest,2026-09-12 22:13:51.733265
95,Sky Orchard Shepherd,137,23,apple orchard chicago,52.0,0.4,3,1,youtube_suggest,2026-09-12 22:13:51.733472
95,Sky Orchard Shepherd,137,24,apple orchard canada,52.0,0.4,3,1,youtube_suggest,2026-09-12 22:13:51.733660
95,Sky Orchard Shepherd,137,25,apple orchard donuts,52.0,0.4,3,1,youtube_suggest,2026-09-12 22:13:51.733838
95,Sky Orchard Shepherd,137,26,apple orchard drawing,52.0,0.4,3,1,youtube_suggest,2026-09-12 22:13:51.734023
95,Sky Orchard Shepherd,137,27,apple orchard dhanaulti,52.0,0.4,3,1,youtube_suggest,2026-09-12 22:13:51.734206
95,Sky Orchard Shepherd,137,28,apple orchard episode,52.0,0.4,3,1,youtube_suggest,2026-09-12 22:13:51.734398
95,Sky Orchard Shepherd,137,29,apple orchard farm,52.0,0.4,3,1,youtube_suggest,2026-09-12 22:13:51.734591
95,Sky Orchard Shepherd,137,30,apple orchard falls,52.0,0.4,3,1,youtube_suggest,2026-09-12 22:13:51.734770
95,Sky Orchard Shepherd,137,31,apple orchard sprayer,52.0,0.4,3,1,youtube_suggest,2026-09-12 22:13:51.734944
95,Sky Orchard Shepherd,137,32,apple orchard spraying,52.0,0.4,3,1,youtube_suggest,2026-09-12 22:13:51.735122
95,Sky Orchard Shepherd,137,33,apple orchard ambience with music,51.33,0.3333,5,1,youtube_suggest,2026-09-12 22:13:51.738446
95,Sky Orchard Shepherd,137,34,apple orchard ambience no ads,51.33,0.3333,5,1,youtube_suggest,2026-09-12 22:13:51.738703
95,Sky Orchard Shepherd,137,35,apple orchard field trip,49.33,0.3333,4,1,youtube_suggest,2026-09-12 22:13:51.738901
95,Sky Orchard Shepherd,137,36,apple orchard beach house,49.33,0.3333,4,1,youtube_suggest,2026-09-12 22:13:51.739094
95,Sky Orchard Shepherd,137,37,apple orchard animal crossing,49.33,0.3333,4,1,youtube_suggest,2026-09-12 22:13:51.739281
95,Sky Orchard Shepherd,137,38,apple orchard blue prince,49.33,0.3333,4,1,youtube_suggest,2026-09-12 22:13:51.739478
95,Sky Orchard Shepherd,137,39,apple orchard calming music,49.33,0.3333,4,1,youtube_suggest,2026-09-12 22:13:51.739650
95,Sky Orchard Shepherd,137,40,apple orchard classical music,49.33,0.3333,4,1,youtube_suggest,2026-09-12 22:13:51.739823
95,Sky Orchard Shepherd,137,41,apple orchard classroom music,49.33,0.3333,4,1,youtube_suggest,2026-09-12 22:13:51.740007
95,Sky Orchard Shepherd,137,42,apple orchard dramatic play,49.33,0.3333,4,1,youtube_suggest,2026-09-12 22:13:51.740181
95,Sky Orchard Shepherd,137,43,apple orchard falls trail,49.33,0.3333,4,1,youtube_suggest,2026-09-12 22:13:51.740359
95,Sky Orchard Shepherd,137,44,apple orchard virtual field trip,48.0,0.2857,5,1,youtube_suggest,2026-09-12 22:13:51.744682
95,Sky Orchard Shepherd,137,45,apple orchard beach house slowed,48.0,0.2857,5,1,youtube_suggest,2026-09-12 22:13:51.745119
95,Sky Orchard Shepherd,137,46,apple orchard beach house lyrics,48.0,0.2857,5,1,youtube_suggest,2026-09-12 22:13:51.745491
95,Sky Orchard Shepherd,137,47,apple orchard beach house live,48.0,0.2857,5,1,youtube_suggest,2026-09-12 22:13:51.745720
95,Sky Orchard Shepherd,137,48,apple orchard book read aloud,48.0,0.2857,5,1,youtube_suggest,2026-09-12 22:13:51.745910
95,Sky Orchard Shepherd,137,49,apple orchard banana cat dance,48.0,0.2857,5,1,youtube_suggest,2026-09-12 22:13:51.746097
95,Sky Orchard Shepherd,137,50,apple orchard field trip blippi,48.0,0.2857,5,1,youtube_suggest,2026-09-12 22:13:51.746277
95,Sky Orchard Shepherd,137,51,apple orchard,45.0,0.5,2,0,youtube_suggest,2026-09-12 22:13:51.746477
95,Sky Orchard Shepherd,137,52,sky cotl prophet of air,38.0,0.1429,5,1,youtube_suggest,2026-09-12 22:13:51.746658
95,Sky Orchard Shepherd,137,53,apple picking day read aloud,36.75,0.125,5,1,youtube_suggest,2026-09-12 22:13:51.746836
95,Sky Orchard Shepherd,137,54,apple tree erykah badu lyrics,36.75,0.125,5,1,youtube_suggest,2026-09-12 22:13:51.747014
95,Sky Orchard Shepherd,137,55,apple tree erykah badu karaoke,36.75,0.125,5,1,youtube_suggest,2026-09-12 22:13:51.747199
95,Sky Orchard Shepherd,137,56,apple tree erykah badu instrumental,36.75,0.125,5,1,youtube_suggest,2026-09-12 22:13:51.747386
95,Sky Orchard Shepherd,137,57,apple tree erykah badu live,36.75,0.125,5,1,youtube_suggest,2026-09-12 22:13:51.747565
95,Sky Orchard Shepherd,137,58,apple tree aurora choir,36.0,0.1429,4,1,youtube_suggest,2026-09-12 22:13:51.747750
95,Sky Orchard Shepherd,137,59,apple tree apartments syokimau,36.0,0.1429,4,1,youtube_suggest,2026-09-12 22:13:51.747937
95,Sky Orchard Shepherd,137,60,apple tree erykah badu,36.0,0.1429,4,1,youtube_suggest,2026-09-12 22:13:51.748122
96,Apple Gravity Elevator,138,1,apple orchard danny go,54.0,0.4,4,1,youtube_suggest,2026-09-12 22:16:35.532615
96,Apple Gravity Elevator,138,2,apple orchard dr strange,54.0,0.4,4,1,youtube_suggest,2026-09-12 22:16:35.533101
96,Apple Gravity Elevator,138,3,apple orchard for preschool,54.0,0.4,4,1,youtube_suggest,2026-09-12 22:16:35.536062
96,Apple Gravity Elevator,138,4,apple orchard for kindergarten,54.0,0.4,4,1,youtube_suggest,2026-09-12 22:16:35.536469
96,Apple Gravity Elevator,138,5,apple orchard for sale,54.0,0.4,4,1,youtube_suggest,2026-09-12 22:16:35.536755
96,Apple Gravity Elevator,138,6,apple orchard for sale in himachal,53.33,0.3333,6,1,youtube_suggest,2026-09-12 22:16:35.536999
96,Apple Gravity Elevator,138,7,apple orchard for sale in uttarakhand,53.33,0.3333,6,1,youtube_suggest,2026-09-12 22:16:35.537203
96,Apple Gravity Elevator,138,8,apple orchard ambience,52.0,0.4,3,1,youtube_suggest,2026-09-12 22:16:35.537394
96,Apple Gravity Elevator,138,9,apple orchard music,52.0,0.4,3,1,youtube_suggest,2026-09-12 22:16:35.537589
96,Apple Gravity Elevator,138,10,apple orchard snl,52.0,0.4,3,1,youtube_suggest,2026-09-12 22:16:35.537773
96,Apple Gravity Elevator,138,11,apple orchard commercial,52.0,0.4,3,1,youtube_suggest,2026-09-12 22:16:35.537970
96,Apple Gravity Elevator,138,12,apple orchard song,52.0,0.4,3,1,youtube_suggest,2026-09-12 22:16:35.538162
96,Apple Gravity Elevator,138,13,apple orchard tour,52.0,0.4,3,1,youtube_suggest,2026-09-12 22:16:35.538351
96,Apple Gravity Elevator,138,14,apple orchard ambiance,52.0,0.4,3,1,youtube_suggest,2026-09-12 22:16:35.538571
96,Apple Gravity Elevator,138,15,apple orchard afternoon,52.0,0.4,3,1,youtube_suggest,2026-09-12 22:16:35.538778
96,Apple Gravity Elevator,138,16,apple orchard acnh,52.0,0.4,3,1,youtube_suggest,2026-09-12 22:16:35.538973
96,Apple Gravity Elevator,138,17,apple orchard book,52.0,0.4,3,1,youtube_suggest,2026-09-12 22:16:35.539151
96,Apple Gravity Elevator,138,18,apple orchard business,52.0,0.4,3,1,youtube_suggest,2026-09-12 22:16:35.539323
96,Apple Gravity Elevator,138,19,apple orchard bar,52.0,0.4,3,1,youtube_suggest,2026-09-12 22:16:35.539508
96,Apple Gravity Elevator,138,20,apple orchard cartoon,52.0,0.4,3,1,youtube_suggest,2026-09-12 22:16:35.539689
96,Apple Gravity Elevator,138,21,apple orchard care,52.0,0.4,3,1,youtube_suggest,2026-09-12 22:16:35.539887
96,Apple Gravity Elevator,138,22,apple orchard calm,52.0,0.4,3,1,youtube_suggest,2026-09-12 22:16:35.540168
96,Apple Gravity Elevator,138,23,apple orchard chicago,52.0,0.4,3,1,youtube_suggest,2026-09-12 22:16:35.540360
96,Apple Gravity Elevator,138,24,apple orchard canada,52.0,0.4,3,1,youtube_suggest,2026-09-12 22:16:35.544660
96,Apple Gravity Elevator,138,25,apple orchard donuts,52.0,0.4,3,1,youtube_suggest,2026-09-12 22:16:35.545095
96,Apple Gravity Elevator,138,26,apple orchard drawing,52.0,0.4,3,1,youtube_suggest,2026-09-12 22:16:35.545296
96,Apple Gravity Elevator,138,27,apple orchard dhanaulti,52.0,0.4,3,1,youtube_suggest,2026-09-12 22:16:35.545481
96,Apple Gravity Elevator,138,28,apple orchard episode,52.0,0.4,3,1,youtube_suggest,2026-09-12 22:16:35.545672
96,Apple Gravity Elevator,138,29,apple orchard farm,52.0,0.4,3,1,youtube_suggest,2026-09-12 22:16:35.545951
96,Apple Gravity Elevator,138,30,apple orchard falls,52.0,0.4,3,1,youtube_suggest,2026-09-12 22:16:35.546144
96,Apple Gravity Elevator,138,31,zero gravity elevator,52.0,0.4,3,1,youtube_suggest,2026-09-12 22:16:35.546318
96,Apple Gravity Elevator,138,32,apple orchard sprayer,52.0,0.4,3,1,youtube_suggest,2026-09-12 22:16:35.546511
96,Apple Gravity Elevator,138,33,apple orchard spraying,52.0,0.4,3,1,youtube_suggest,2026-09-12 22:16:35.546692
96,Apple Gravity Elevator,138,34,apple orchard ambience with music,51.33,0.3333,5,1,youtube_suggest,2026-09-12 22:16:35.546912
96,Apple Gravity Elevator,138,35,apple orchard ambience no ads,51.33,0.3333,5,1,youtube_suggest,2026-09-12 22:16:35.547108
96,Apple Gravity Elevator,138,36,apple orchard field trip,49.33,0.3333,4,1,youtube_suggest,2026-09-12 22:16:35.547281
96,Apple Gravity Elevator,138,37,apple orchard beach house,49.33,0.3333,4,1,youtube_suggest,2026-09-12 22:16:35.547469
96,Apple Gravity Elevator,138,38,apple orchard animal crossing,49.33,0.3333,4,1,youtube_suggest,2026-09-12 22:16:35.547751
96,Apple Gravity Elevator,138,39,apple orchard blue prince,49.33,0.3333,4,1,youtube_suggest,2026-09-12 22:16:35.547945
96,Apple Gravity Elevator,138,40,apple orchard calming music,49.33,0.3333,4,1,youtube_suggest,2026-09-12 22:16:35.548126
96,Apple Gravity Elevator,138,41,apple orchard classical music,49.33,0.3333,4,1,youtube_suggest,2026-09-12 22:16:35.548310
96,Apple Gravity Elevator,138,42,apple orchard classroom music,49.33,0.3333,4,1,youtube_suggest,2026-09-12 22:16:35.548476
96,Apple Gravity Elevator,138,43,apple orchard dramatic play,49.33,0.3333,4,1,youtube_suggest,2026-09-12 22:16:35.552217
96,Apple Gravity Elevator,138,44,apple orchard falls trail,49.33,0.3333,4,1,youtube_suggest,2026-09-12 22:16:35.552450
96,Apple Gravity Elevator,138,45,apple orchard virtual field trip,48.0,0.2857,5,1,youtube_suggest,2026-09-12 22:16:35.552691
96,Apple Gravity Elevator,138,46,apple orchard beach house slowed,48.0,0.2857,5,1,youtube_suggest,2026-09-12 22:16:35.556274
96,Apple Gravity Elevator,138,47,apple orchard beach house lyrics,48.0,0.2857,5,1,youtube_suggest,2026-09-12 22:16:35.556613
96,Apple Gravity Elevator,138,48,apple orchard beach house live,48.0,0.2857,5,1,youtube_suggest,2026-09-12 22:16:35.556931
96,Apple Gravity Elevator,138,49,apple orchard book read aloud,48.0,0.2857,5,1,youtube_suggest,2026-09-12 22:16:35.557189
96,Apple Gravity Elevator,138,50,apple orchard banana cat dance,48.0,0.2857,5,1,youtube_suggest,2026-09-12 22:16:35.557380
96,Apple Gravity Elevator,138,51,apple orchard field trip blippi,48.0,0.2857,5,1,youtube_suggest,2026-09-12 22:16:35.557573
96,Apple Gravity Elevator,138,52,apple orchard,45.0,0.5,2,0,youtube_suggest,2026-09-12 22:16:35.557764
96,Apple Gravity Elevator,138,53,apple gravity,45.0,0.5,2,0,youtube_suggest,2026-09-12 22:16:35.558092
96,Apple Gravity Elevator,138,54,apple elevator,45.0,0.5,2,0,youtube_suggest,2026-09-12 22:16:35.558283
96,Apple Gravity Elevator,138,55,elevator going up to absolutely everything floors,38.75,0.125,7,1,youtube_suggest,2026-09-12 22:16:35.558476
96,Apple Gravity Elevator,138,56,apparent weight in elevator,37.67,0.1667,4,1,youtube_suggest,2026-09-12 22:16:35.558665
96,Apple Gravity Elevator,138,57,apple picking day read aloud,36.75,0.125,5,1,youtube_suggest,2026-09-12 22:16:35.558864
96,Apple Gravity Elevator,138,58,apple tree erykah badu lyrics,36.75,0.125,5,1,youtube_suggest,2026-09-12 22:16:35.559055
96,Apple Gravity Elevator,138,59,apple tree erykah badu karaoke,36.75,0.125,5,1,youtube_suggest,2026-09-12 22:16:35.559231
96,Apple Gravity Elevator,138,60,apple tree erykah badu instrumental,36.75,0.125,5,1,youtube_suggest,2026-09-12 22:16:35.559413
97,Colossus Pollination Wheel,139,1,apple orchard for sale in himachal,50.0,0.2857,6,1,youtube_suggest,2026-09-12 22:20:02.561880
97,Colossus Pollination Wheel,139,2,apple orchard for sale in uttarakhand,50.0,0.2857,6,1,youtube_suggest,2026-09-12 22:20:02.562165
97,Colossus Pollination Wheel,139,3,apple orchard danny go,49.33,0.3333,4,1,youtube_suggest,2026-09-12 22:20:02.562381
97,Colossus Pollination Wheel,139,4,apple orchard dr strange,49.33,0.3333,4,1,youtube_suggest,2026-09-12 22:20:02.562578
97,Colossus Pollination Wheel,139,5,apple orchard for preschool,49.33,0.3333,4,1,youtube_suggest,2026-09-12 22:20:02.562774
97,Colossus Pollination Wheel,139,6,apple orchard for kindergarten,49.33,0.3333,4,1,youtube_suggest,2026-09-12 22:20:02.564628
97,Colossus Pollination Wheel,139,7,apple orchard for sale,49.33,0.3333,4,1,youtube_suggest,2026-09-12 22:20:02.565676
97,Colossus Pollination Wheel,139,8,apple orchard ambience with music,48.0,0.2857,5,1,youtube_suggest,2026-09-12 22:20:02.566616
97,Colossus Pollination Wheel,139,9,apple orchard ambience no ads,48.0,0.2857,5,1,youtube_suggest,2026-09-12 22:20:02.566891
97,Colossus Pollination Wheel,139,10,apple orchard ambience,47.33,0.3333,3,1,youtube_suggest,2026-09-12 22:20:02.567682
97,Colossus Pollination Wheel,139,11,apple orchard music,47.33,0.3333,3,1,youtube_suggest,2026-09-12 22:20:02.567938
97,Colossus Pollination Wheel,139,12,apple orchard snl,47.33,0.3333,3,1,youtube_suggest,2026-09-12 22:20:02.568141
97,Colossus Pollination Wheel,139,13,apple orchard commercial,47.33,0.3333,3,1,youtube_suggest,2026-09-12 22:20:02.568345
97,Colossus Pollination Wheel,139,14,apple orchard song,47.33,0.3333,3,1,youtube_suggest,2026-09-12 22:20:02.571275
97,Colossus Pollination Wheel,139,15,apple orchard tour,47.33,0.3333,3,1,youtube_suggest,2026-09-12 22:20:02.571712
97,Colossus Pollination Wheel,139,16,apple orchard ambiance,47.33,0.3333,3,1,youtube_suggest,2026-09-12 22:20:02.571917
97,Colossus Pollination Wheel,139,17,apple orchard afternoon,47.33,0.3333,3,1,youtube_suggest,2026-09-12 22:20:02.572104
97,Colossus Pollination Wheel,139,18,apple orchard acnh,47.33,0.3333,3,1,youtube_suggest,2026-09-12 22:20:02.572286
97,Colossus Pollination Wheel,139,19,apple orchard book,47.33,0.3333,3,1,youtube_suggest,2026-09-12 22:20:02.572491
97,Colossus Pollination Wheel,139,20,apple orchard business,47.33,0.3333,3,1,youtube_suggest,2026-09-12 22:20:02.572726
97,Colossus Pollination Wheel,139,21,apple orchard bar,47.33,0.3333,3,1,youtube_suggest,2026-09-12 22:20:02.572908
97,Colossus Pollination Wheel,139,22,apple orchard cartoon,47.33,0.3333,3,1,youtube_suggest,2026-09-12 22:20:02.573087
97,Colossus Pollination Wheel,139,23,apple orchard care,47.33,0.3333,3,1,youtube_suggest,2026-09-12 22:20:02.573280
97,Colossus Pollination Wheel,139,24,apple orchard calm,47.33,0.3333,3,1,youtube_suggest,2026-09-12 22:20:02.573481
97,Colossus Pollination Wheel,139,25,apple orchard chicago,47.33,0.3333,3,1,youtube_suggest,2026-09-12 22:20:02.573667
97,Colossus Pollination Wheel,139,26,apple orchard canada,47.33,0.3333,3,1,youtube_suggest,2026-09-12 22:20:02.573851
97,Colossus Pollination Wheel,139,27,apple orchard donuts,47.33,0.3333,3,1,youtube_suggest,2026-09-12 22:20:02.574032
97,Colossus Pollination Wheel,139,28,apple orchard drawing,47.33,0.3333,3,1,youtube_suggest,2026-09-12 22:20:02.574215
97,Colossus Pollination Wheel,139,29,apple orchard dhanaulti,47.33,0.3333,3,1,youtube_suggest,2026-09-12 22:20:02.576671
97,Colossus Pollination Wheel,139,30,apple orchard episode,47.33,0.3333,3,1,youtube_suggest,2026-09-12 22:20:02.576914
97,Colossus Pollination Wheel,139,31,apple orchard farm,47.33,0.3333,3,1,youtube_suggest,2026-09-12 22:20:02.577135
97,Colossus Pollination Wheel,139,32,apple orchard falls,47.33,0.3333,3,1,youtube_suggest,2026-09-12 22:20:02.577340
97,Colossus Pollination Wheel,139,33,apple orchard sprayer,47.33,0.3333,3,1,youtube_suggest,2026-09-12 22:20:02.577534
97,Colossus Pollination Wheel,139,34,apple orchard spraying,47.33,0.3333,3,1,youtube_suggest,2026-09-12 22:20:02.577725
97,Colossus Pollination Wheel,139,35,apple orchard field trip,46.0,0.2857,4,1,youtube_suggest,2026-09-12 22:20:02.577910
97,Colossus Pollination Wheel,139,36,apple orchard beach house,46.0,0.2857,4,1,youtube_suggest,2026-09-12 22:20:02.578091
97,Colossus Pollination Wheel,139,37,apple orchard animal crossing,46.0,0.2857,4,1,youtube_suggest,2026-09-12 22:20:02.578269
97,Colossus Pollination Wheel,139,38,apple orchard blue prince,46.0,0.2857,4,1,youtube_suggest,2026-09-12 22:20:02.578477
97,Colossus Pollination Wheel,139,39,apple orchard calming music,46.0,0.2857,4,1,youtube_suggest,2026-09-12 22:20:02.578667
97,Colossus Pollination Wheel,139,40,apple orchard classical music,46.0,0.2857,4,1,youtube_suggest,2026-09-12 22:20:02.578850
97,Colossus Pollination Wheel,139,41,apple orchard classroom music,46.0,0.2857,4,1,youtube_suggest,2026-09-12 22:20:02.579034
97,Colossus Pollination Wheel,139,42,apple orchard dramatic play,46.0,0.2857,4,1,youtube_suggest,2026-09-12 22:20:02.579211
97,Colossus Pollination Wheel,139,43,apple orchard falls trail,46.0,0.2857,4,1,youtube_suggest,2026-09-12 22:20:02.579392
97,Colossus Pollination Wheel,139,44,apple orchard virtual field trip,45.5,0.25,5,1,youtube_suggest,2026-09-12 22:20:02.579579
97,Colossus Pollination Wheel,139,45,apple orchard beach house slowed,45.5,0.25,5,1,youtube_suggest,2026-09-12 22:20:02.579772
97,Colossus Pollination Wheel,139,46,apple orchard beach house lyrics,45.5,0.25,5,1,youtube_suggest,2026-09-12 22:20:02.579955
97,Colossus Pollination Wheel,139,47,apple orchard beach house live,45.5,0.25,5,1,youtube_suggest,2026-09-12 22:20:02.580153
97,Colossus Pollination Wheel,139,48,apple orchard book read aloud,45.5,0.25,5,1,youtube_suggest,2026-09-12 22:20:02.580347
97,Colossus Pollination Wheel,139,49,apple orchard banana cat dance,45.5,0.25,5,1,youtube_suggest,2026-09-12 22:20:02.584649
97,Colossus Pollination Wheel,139,50,apple orchard field trip blippi,45.5,0.25,5,1,youtube_suggest,2026-09-12 22:20:02.584991
97,Colossus Pollination Wheel,139,51,apple orchard,38.0,0.4,2,0,youtube_suggest,2026-09-12 22:20:02.585143
97,Colossus Pollination Wheel,139,52,colossus air and variations,36.0,0.1429,4,1,youtube_suggest,2026-09-12 22:20:02.585283
97,Colossus Pollination Wheel,139,53,apple picking day read aloud,35.78,0.1111,5,1,youtube_suggest,2026-09-12 22:20:02.585429
97,Colossus Pollination Wheel,139,54,apple tree erykah badu lyrics,35.78,0.1111,5,1,youtube_suggest,2026-09-12 22:20:02.585561
97,Colossus Pollination Wheel,139,55,apple tree erykah badu karaoke,35.78,0.1111,5,1,youtube_suggest,2026-09-12 22:20:02.585691
97,Colossus Pollination Wheel,139,56,apple tree erykah badu instrumental,35.78,0.1111,5,1,youtube_suggest,2026-09-12 22:20:02.588970
97,Colossus Pollination Wheel,139,57,apple tree erykah badu live,35.78,0.1111,5,1,youtube_suggest,2026-09-12 22:20:02.589183
97,Colossus Pollination Wheel,139,58,apple tree aurora choir,34.75,0.125,4,1,youtube_suggest,2026-09-12 22:20:02.589342
97,Colossus Pollination Wheel,139,59,apple tree apartments syokimau,34.75,0.125,4,1,youtube_suggest,2026-09-12 22:20:02.589521
97,Colossus Pollination Wheel,139,60,apple tree erykah badu,34.75,0.125,4,1,youtube_suggest,2026-09-12 22:20:02.589671
98,Orchard Time Engine,140,1,apple orchard danny go,54.0,0.4,4,1,youtube_suggest,2026-09-12 22:22:19.455533
98,Orchard Time Engine,140,2,apple orchard dr strange,54.0,0.4,4,1,youtube_suggest,2026-09-12 22:22:19.455834
98,Orchard Time Engine,140,3,apple orchard for preschool,54.0,0.4,4,1,youtube_suggest,2026-09-12 22:22:19.456065
98,Orchard Time Engine,140,4,apple orchard for kindergarten,54.0,0.4,4,1,youtube_suggest,2026-09-12 22:22:19.456280
98,Orchard Time Engine,140,5,apple orchard for sale,54.0,0.4,4,1,youtube_suggest,2026-09-12 22:22:19.456510
98,Orchard Time Engine,140,6,apple orchard for sale in himachal,53.33,0.3333,6,1,youtube_suggest,2026-09-12 22:22:19.461040
98,Orchard Time Engine,140,7,apple orchard for sale in uttarakhand,53.33,0.3333,6,1,youtube_suggest,2026-09-12 22:22:19.461334
98,Orchard Time Engine,140,8,apple orchard ambience,52.0,0.4,3,1,youtube_suggest,2026-09-12 22:22:19.461577
98,Orchard Time Engine,140,9,apple orchard music,52.0,0.4,3,1,youtube_suggest,2026-09-12 22:22:19.461807
98,Orchard Time Engine,140,10,apple orchard snl,52.0,0.4,3,1,youtube_suggest,2026-09-12 22:22:19.464328
98,Orchard Time Engine,140,11,apple orchard commercial,52.0,0.4,3,1,youtube_suggest,2026-09-12 22:22:19.464641
98,Orchard Time Engine,140,12,apple orchard song,52.0,0.4,3,1,youtube_suggest,2026-09-12 22:22:19.464888
98,Orchard Time Engine,140,13,apple orchard tour,52.0,0.4,3,1,youtube_suggest,2026-09-12 22:22:19.465105
98,Orchard Time Engine,140,14,apple orchard ambiance,52.0,0.4,3,1,youtube_suggest,2026-09-12 22:22:19.465412
98,Orchard Time Engine,140,15,apple orchard afternoon,52.0,0.4,3,1,youtube_suggest,2026-09-12 22:22:19.465666
98,Orchard Time Engine,140,16,apple orchard acnh,52.0,0.4,3,1,youtube_suggest,2026-09-12 22:22:19.465889
98,Orchard Time Engine,140,17,apple orchard book,52.0,0.4,3,1,youtube_suggest,2026-09-12 22:22:19.466127
98,Orchard Time Engine,140,18,apple orchard business,52.0,0.4,3,1,youtube_suggest,2026-09-12 22:22:19.466363
98,Orchard Time Engine,140,19,apple orchard bar,52.0,0.4,3,1,youtube_suggest,2026-09-12 22:22:19.473311
98,Orchard Time Engine,140,20,apple orchard cartoon,52.0,0.4,3,1,youtube_suggest,2026-09-12 22:22:19.473620
98,Orchard Time Engine,140,21,apple orchard care,52.0,0.4,3,1,youtube_suggest,2026-09-12 22:22:19.473860
98,Orchard Time Engine,140,22,apple orchard calm,52.0,0.4,3,1,youtube_suggest,2026-09-12 22:22:19.474113
98,Orchard Time Engine,140,23,apple orchard chicago,52.0,0.4,3,1,youtube_suggest,2026-09-12 22:22:19.474360
98,Orchard Time Engine,140,24,apple orchard canada,52.0,0.4,3,1,youtube_suggest,2026-09-12 22:22:19.474596
98,Orchard Time Engine,140,25,apple orchard donuts,52.0,0.4,3,1,youtube_suggest,2026-09-12 22:22:19.474811
98,Orchard Time Engine,140,26,apple orchard drawing,52.0,0.4,3,1,youtube_suggest,2026-09-12 22:22:19.475031
98,Orchard Time Engine,140,27,apple orchard dhanaulti,52.0,0.4,3,1,youtube_suggest,2026-09-12 22:22:19.475240
98,Orchard Time Engine,140,28,apple orchard episode,52.0,0.4,3,1,youtube_suggest,2026-09-12 22:22:19.475496
98,Orchard Time Engine,140,29,apple orchard farm,52.0,0.4,3,1,youtube_suggest,2026-09-12 22:22:19.475716
98,Orchard Time Engine,140,30,apple orchard falls,52.0,0.4,3,1,youtube_suggest,2026-09-12 22:22:19.475928
98,Orchard Time Engine,140,31,apple orchard sprayer,52.0,0.4,3,1,youtube_suggest,2026-09-12 22:22:19.476136
98,Orchard Time Engine,140,32,apple orchard spraying,52.0,0.4,3,1,youtube_suggest,2026-09-12 22:22:19.476358
98,Orchard Time Engine,140,33,apple orchard ambience with music,51.33,0.3333,5,1,youtube_suggest,2026-09-12 22:22:19.476613
98,Orchard Time Engine,140,34,apple orchard ambience no ads,51.33,0.3333,5,1,youtube_suggest,2026-09-12 22:22:19.476828
98,Orchard Time Engine,140,35,apple orchard field trip,49.33,0.3333,4,1,youtube_suggest,2026-09-12 22:22:19.477036
98,Orchard Time Engine,140,36,apple orchard beach house,49.33,0.3333,4,1,youtube_suggest,2026-09-12 22:22:19.477254
98,Orchard Time Engine,140,37,apple orchard animal crossing,49.33,0.3333,4,1,youtube_suggest,2026-09-12 22:22:19.477481
98,Orchard Time Engine,140,38,apple orchard blue prince,49.33,0.3333,4,1,youtube_suggest,2026-09-12 22:22:19.477698
98,Orchard Time Engine,140,39,apple orchard calming music,49.33,0.3333,4,1,youtube_suggest,2026-09-12 22:22:19.477912
98,Orchard Time Engine,140,40,apple orchard classical music,49.33,0.3333,4,1,youtube_suggest,2026-09-12 22:22:19.478116
98,Orchard Time Engine,140,41,apple orchard classroom music,49.33,0.3333,4,1,youtube_suggest,2026-09-12 22:22:19.478349
98,Orchard Time Engine,140,42,apple orchard dramatic play,49.33,0.3333,4,1,youtube_suggest,2026-09-12 22:22:19.478549
98,Orchard Time Engine,140,43,apple orchard falls trail,49.33,0.3333,4,1,youtube_suggest,2026-09-12 22:22:19.478747
98,Orchard Time Engine,140,44,apple orchard virtual field trip,48.0,0.2857,5,1,youtube_suggest,2026-09-12 22:22:19.478965
98,Orchard Time Engine,140,45,apple orchard beach house slowed,48.0,0.2857,5,1,youtube_suggest,2026-09-12 22:22:19.479172
98,Orchard Time Engine,140,46,apple orchard beach house lyrics,48.0,0.2857,5,1,youtube_suggest,2026-09-12 22:22:19.479381
98,Orchard Time Engine,140,47,apple orchard beach house live,48.0,0.2857,5,1,youtube_suggest,2026-09-12 22:22:19.479586
98,Orchard Time Engine,140,48,apple orchard book read aloud,48.0,0.2857,5,1,youtube_suggest,2026-09-12 22:22:19.479802
98,Orchard Time Engine,140,49,apple orchard banana cat dance,48.0,0.2857,5,1,youtube_suggest,2026-09-12 22:22:19.480008
98,Orchard Time Engine,140,50,apple orchard field trip blippi,48.0,0.2857,5,1,youtube_suggest,2026-09-12 22:22:19.480230
98,Orchard Time Engine,140,51,apple orchard,45.0,0.5,2,0,youtube_suggest,2026-09-12 22:22:19.480448
98,Orchard Time Engine,140,52,apple picking day read aloud,36.75,0.125,5,1,youtube_suggest,2026-09-12 22:22:19.485062
98,Orchard Time Engine,140,53,apple tree erykah badu lyrics,36.75,0.125,5,1,youtube_suggest,2026-09-12 22:22:19.485340
98,Orchard Time Engine,140,54,apple tree erykah badu karaoke,36.75,0.125,5,1,youtube_suggest,2026-09-12 22:22:19.485567
98,Orchard Time Engine,140,55,apple tree erykah badu instrumental,36.75,0.125,5,1,youtube_suggest,2026-09-12 22:22:19.485795
98,Orchard Time Engine,140,56,apple tree erykah badu live,36.75,0.125,5,1,youtube_suggest,2026-09-12 22:22:19.488910
98,Orchard Time Engine,140,57,apple tree aurora choir,36.0,0.1429,4,1,youtube_suggest,2026-09-12 22:22:19.489342
98,Orchard Time Engine,140,58,apple tree apartments syokimau,36.0,0.1429,4,1,youtube_suggest,2026-09-12 22:22:19.489580
98,Orchard Time Engine,140,59,apple tree erykah badu,36.0,0.1429,4,1,youtube_suggest,2026-09-12 22:22:19.489792
98,Orchard Time Engine,140,60,apple tree elementary music,36.0,0.1429,4,1,youtube_suggest,2026-09-12 22:22:19.489997
99,Titanic Apple Sorter,141,1,apple orchard danny go,54.0,0.4,4,1,youtube_suggest,2026-09-12 22:24:43.123226
99,Titanic Apple Sorter,141,2,apple orchard dr strange,54.0,0.4,4,1,youtube_suggest,2026-09-12 22:24:43.129177
99,Titanic Apple Sorter,141,3,apple orchard for preschool,54.0,0.4,4,1,youtube_suggest,2026-09-12 22:24:43.129519
99,Titanic Apple Sorter,141,4,apple orchard for kindergarten,54.0,0.4,4,1,youtube_suggest,2026-09-12 22:24:43.129747
99,Titanic Apple Sorter,141,5,apple orchard for sale,54.0,0.4,4,1,youtube_suggest,2026-09-12 22:24:43.129981
99,Titanic Apple Sorter,141,6,apple orchard for sale in himachal,53.33,0.3333,6,1,youtube_suggest,2026-09-12 22:24:43.130196
99,Titanic Apple Sorter,141,7,apple orchard for sale in uttarakhand,53.33,0.3333,6,1,youtube_suggest,2026-09-12 22:24:43.130405
99,Titanic Apple Sorter,141,8,apple sorter machine,52.0,0.4,3,1,youtube_suggest,2026-09-12 22:24:43.130613
99,Titanic Apple Sorter,141,9,apple orchard ambience,52.0,0.4,3,1,youtube_suggest,2026-09-12 22:24:43.130832
99,Titanic Apple Sorter,141,10,apple orchard music,52.0,0.4,3,1,youtube_suggest,2026-09-12 22:24:43.131072
99,Titanic Apple Sorter,141,11,apple orchard snl,52.0,0.4,3,1,youtube_suggest,2026-09-12 22:24:43.131286
99,Titanic Apple Sorter,141,12,apple orchard commercial,52.0,0.4,3,1,youtube_suggest,2026-09-12 22:24:43.131503
99,Titanic Apple Sorter,141,13,apple orchard song,52.0,0.4,3,1,youtube_suggest,2026-09-12 22:24:43.132161
99,Titanic Apple Sorter,141,14,apple orchard tour,52.0,0.4,3,1,youtube_suggest,2026-09-12 22:24:43.132602
99,Titanic Apple Sorter,141,15,apple orchard ambiance,52.0,0.4,3,1,youtube_suggest,2026-09-12 22:24:43.136165
99,Titanic Apple Sorter,141,16,apple orchard afternoon,52.0,0.4,3,1,youtube_suggest,2026-09-12 22:24:43.136964
99,Titanic Apple Sorter,141,17,apple orchard acnh,52.0,0.4,3,1,youtube_suggest,2026-09-12 22:24:43.137437
99,Titanic Apple Sorter,141,18,apple orchard book,52.0,0.4,3,1,youtube_suggest,2026-09-12 22:24:43.137831
99,Titanic Apple Sorter,141,19,apple orchard business,52.0,0.4,3,1,youtube_suggest,2026-09-12 22:24:43.138549
99,Titanic Apple Sorter,141,20,apple orchard bar,52.0,0.4,3,1,youtube_suggest,2026-09-12 22:24:43.138807
99,Titanic Apple Sorter,141,21,apple orchard cartoon,52.0,0.4,3,1,youtube_suggest,2026-09-12 22:24:43.139026
99,Titanic Apple Sorter,141,22,apple orchard care,52.0,0.4,3,1,youtube_suggest,2026-09-12 22:24:43.140695
99,Titanic Apple Sorter,141,23,apple orchard calm,52.0,0.4,3,1,youtube_suggest,2026-09-12 22:24:43.140950
99,Titanic Apple Sorter,141,24,apple orchard chicago,52.0,0.4,3,1,youtube_suggest,2026-09-12 22:24:43.141169
99,Titanic Apple Sorter,141,25,apple orchard canada,52.0,0.4,3,1,youtube_suggest,2026-09-12 22:24:43.141364
99,Titanic Apple Sorter,141,26,apple orchard donuts,52.0,0.4,3,1,youtube_suggest,2026-09-12 22:24:43.141559
99,Titanic Apple Sorter,141,27,apple orchard drawing,52.0,0.4,3,1,youtube_suggest,2026-09-12 22:24:43.141763
99,Titanic Apple Sorter,141,28,apple orchard dhanaulti,52.0,0.4,3,1,youtube_suggest,2026-09-12 22:24:43.141984
99,Titanic Apple Sorter,141,29,apple orchard episode,52.0,0.4,3,1,youtube_suggest,2026-09-12 22:24:43.142192
99,Titanic Apple Sorter,141,30,apple orchard farm,52.0,0.4,3,1,youtube_suggest,2026-09-12 22:24:43.142396
99,Titanic Apple Sorter,141,31,apple orchard falls,52.0,0.4,3,1,youtube_suggest,2026-09-12 22:24:43.144694
99,Titanic Apple Sorter,141,32,apple orchard sprayer,52.0,0.4,3,1,youtube_suggest,2026-09-12 22:24:43.144943
99,Titanic Apple Sorter,141,33,apple orchard spraying,52.0,0.4,3,1,youtube_suggest,2026-09-12 22:24:43.145119
99,Titanic Apple Sorter,141,34,apple orchard ambience with music,51.33,0.3333,5,1,youtube_suggest,2026-09-12 22:24:43.145286
99,Titanic Apple Sorter,141,35,apple orchard ambience no ads,51.33,0.3333,5,1,youtube_suggest,2026-09-12 22:24:43.145463
99,Titanic Apple Sorter,141,36,apple orchard field trip,49.33,0.3333,4,1,youtube_suggest,2026-09-12 22:24:43.145677
99,Titanic Apple Sorter,141,37,apple orchard beach house,49.33,0.3333,4,1,youtube_suggest,2026-09-12 22:24:43.145902
99,Titanic Apple Sorter,141,38,apple orchard animal crossing,49.33,0.3333,4,1,youtube_suggest,2026-09-12 22:24:43.146105
99,Titanic Apple Sorter,141,39,apple orchard blue prince,49.33,0.3333,4,1,youtube_suggest,2026-09-12 22:24:43.146306
99,Titanic Apple Sorter,141,40,apple orchard calming music,49.33,0.3333,4,1,youtube_suggest,2026-09-12 22:24:43.146514
99,Titanic Apple Sorter,141,41,apple orchard classical music,49.33,0.3333,4,1,youtube_suggest,2026-09-12 22:24:43.146720
99,Titanic Apple Sorter,141,42,apple orchard classroom music,49.33,0.3333,4,1,youtube_suggest,2026-09-12 22:24:43.146939
99,Titanic Apple Sorter,141,43,apple orchard dramatic play,49.33,0.3333,4,1,youtube_suggest,2026-09-12 22:24:43.147142
99,Titanic Apple Sorter,141,44,apple orchard falls trail,49.33,0.3333,4,1,youtube_suggest,2026-09-12 22:24:43.147346
99,Titanic Apple Sorter,141,45,apple orchard virtual field trip,48.0,0.2857,5,1,youtube_suggest,2026-09-12 22:24:43.147548
99,Titanic Apple Sorter,141,46,apple orchard beach house slowed,48.0,0.2857,5,1,youtube_suggest,2026-09-12 22:24:43.147746
99,Titanic Apple Sorter,141,47,apple orchard beach house lyrics,48.0,0.2857,5,1,youtube_suggest,2026-09-12 22:24:43.147962
99,Titanic Apple Sorter,141,48,apple orchard beach house live,48.0,0.2857,5,1,youtube_suggest,2026-09-12 22:24:43.152196
99,Titanic Apple Sorter,141,49,apple orchard book read aloud,48.0,0.2857,5,1,youtube_suggest,2026-09-12 22:24:43.153358
99,Titanic Apple Sorter,141,50,apple orchard banana cat dance,48.0,0.2857,5,1,youtube_suggest,2026-09-12 22:24:43.153692
99,Titanic Apple Sorter,141,51,apple orchard field trip blippi,48.0,0.2857,5,1,youtube_suggest,2026-09-12 22:24:43.153932
99,Titanic Apple Sorter,141,52,apple sorter,45.0,0.5,2,0,youtube_suggest,2026-09-12 22:24:43.154148
99,Titanic Apple Sorter,141,53,titanic apple,45.0,0.5,2,0,youtube_suggest,2026-09-12 22:24:43.154354
99,Titanic Apple Sorter,141,54,apple orchard,45.0,0.5,2,0,youtube_suggest,2026-09-12 22:24:43.154569
99,Titanic Apple Sorter,141,55,titanic sinking animation sped up,38.0,0.1429,5,1,youtube_suggest,2026-09-12 22:24:43.154809
99,Titanic Apple Sorter,141,56,apple picking day read aloud,36.75,0.125,5,1,youtube_suggest,2026-09-12 22:24:43.159459
99,Titanic Apple Sorter,141,57,apple tree erykah badu lyrics,36.75,0.125,5,1,youtube_suggest,2026-09-12 22:24:43.159910
99,Titanic Apple Sorter,141,58,apple tree erykah badu karaoke,36.75,0.125,5,1,youtube_suggest,2026-09-12 22:24:43.160160
99,Titanic Apple Sorter,141,59,apple tree erykah badu instrumental,36.75,0.125,5,1,youtube_suggest,2026-09-12 22:24:43.160379
99,Titanic Apple Sorter,141,60,apple tree erykah badu live,36.75,0.125,5,1,youtube_suggest,2026-09-12 22:24:43.160621
100,Solar Orchard Furnace,142,1,apple orchard danny go,54.0,0.4,4,1,youtube_suggest,2026-09-12 22:27:42.150412
100,Solar Orchard Furnace,142,2,apple orchard dr strange,54.0,0.4,4,1,youtube_suggest,2026-09-12 22:27:42.150637
100,Solar Orchard Furnace,142,3,apple orchard for preschool,54.0,0.4,4,1,youtube_suggest,2026-09-12 22:27:42.150810
100,Solar Orchard Furnace,142,4,apple orchard for kindergarten,54.0,0.4,4,1,youtube_suggest,2026-09-12 22:27:42.150986
100,Solar Orchard Furnace,142,5,apple orchard for sale,54.0,0.4,4,1,youtube_suggest,2026-09-12 22:27:42.151149
100,Solar Orchard Furnace,142,6,apple orchard for sale in himachal,53.33,0.3333,6,1,youtube_suggest,2026-09-12 22:27:42.151298
100,Solar Orchard Furnace,142,7,apple orchard for sale in uttarakhand,53.33,0.3333,6,1,youtube_suggest,2026-09-12 22:27:42.151541
100,Solar Orchard Furnace,142,8,apple orchard ambience,52.0,0.4,3,1,youtube_suggest,2026-09-12 22:27:42.154109
100,Solar Orchard Furnace,142,9,apple orchard music,52.0,0.4,3,1,youtube_suggest,2026-09-12 22:27:42.154452
100,Solar Orchard Furnace,142,10,apple orchard snl,52.0,0.4,3,1,youtube_suggest,2026-09-12 22:27:42.154633
100,Solar Orchard Furnace,142,11,apple orchard commercial,52.0,0.4,3,1,youtube_suggest,2026-09-12 22:27:42.154799
100,Solar Orchard Furnace,142,12,apple orchard song,52.0,0.4,3,1,youtube_suggest,2026-09-12 22:27:42.154959
100,Solar Orchard Furnace,142,13,apple orchard tour,52.0,0.4,3,1,youtube_suggest,2026-09-12 22:27:42.155110
100,Solar Orchard Furnace,142,14,apple orchard ambiance,52.0,0.4,3,1,youtube_suggest,2026-09-12 22:27:42.155258
100,Solar Orchard Furnace,142,15,apple orchard afternoon,52.0,0.4,3,1,youtube_suggest,2026-09-12 22:27:42.155417
100,Solar Orchard Furnace,142,16,apple orchard acnh,52.0,0.4,3,1,youtube_suggest,2026-09-12 22:27:42.155565
100,Solar Orchard Furnace,142,17,apple orchard book,52.0,0.4,3,1,youtube_suggest,2026-09-12 22:27:42.155712
100,Solar Orchard Furnace,142,18,apple orchard business,52.0,0.4,3,1,youtube_suggest,2026-09-12 22:27:42.155871
100,Solar Orchard Furnace,142,19,apple orchard bar,52.0,0.4,3,1,youtube_suggest,2026-09-12 22:27:42.156019
100,Solar Orchard Furnace,142,20,apple orchard cartoon,52.0,0.4,3,1,youtube_suggest,2026-09-12 22:27:42.156158
100,Solar Orchard Furnace,142,21,apple orchard care,52.0,0.4,3,1,youtube_suggest,2026-09-12 22:27:42.158668
100,Solar Orchard Furnace,142,22,apple orchard calm,52.0,0.4,3,1,youtube_suggest,2026-09-12 22:27:42.159038
100,Solar Orchard Furnace,142,23,apple orchard chicago,52.0,0.4,3,1,youtube_suggest,2026-09-12 22:27:42.159201
100,Solar Orchard Furnace,142,24,apple orchard canada,52.0,0.4,3,1,youtube_suggest,2026-09-12 22:27:42.159340
100,Solar Orchard Furnace,142,25,apple orchard donuts,52.0,0.4,3,1,youtube_suggest,2026-09-12 22:27:42.159475
100,Solar Orchard Furnace,142,26,apple orchard drawing,52.0,0.4,3,1,youtube_suggest,2026-09-12 22:27:42.163913
100,Solar Orchard Furnace,142,27,apple orchard dhanaulti,52.0,0.4,3,1,youtube_suggest,2026-09-12 22:27:42.164129
100,Solar Orchard Furnace,142,28,apple orchard episode,52.0,0.4,3,1,youtube_suggest,2026-09-12 22:27:42.164368
100,Solar Orchard Furnace,142,29,apple orchard farm,52.0,0.4,3,1,youtube_suggest,2026-09-12 22:27:42.167747
100,Solar Orchard Furnace,142,30,apple orchard falls,52.0,0.4,3,1,youtube_suggest,2026-09-12 22:27:42.168079
100,Solar Orchard Furnace,142,31,solar powered furnace,52.0,0.4,3,1,youtube_suggest,2026-09-12 22:27:42.168270
100,Solar Orchard Furnace,142,32,solar furnace working,52.0,0.4,3,1,youtube_suggest,2026-09-12 22:27:42.173292
100,Solar Orchard Furnace,142,33,apple orchard sprayer,52.0,0.4,3,1,youtube_suggest,2026-09-12 22:27:42.173626
100,Solar Orchard Furnace,142,34,apple orchard spraying,52.0,0.4,3,1,youtube_suggest,2026-09-12 22:27:42.178015
100,Solar Orchard Furnace,142,35,apple orchard ambience with music,51.33,0.3333,5,1,youtube_suggest,2026-09-12 22:27:42.178418
100,Solar Orchard Furnace,142,36,apple orchard ambience no ads,51.33,0.3333,5,1,youtube_suggest,2026-09-12 22:27:42.178613
100,Solar Orchard Furnace,142,37,apple orchard field trip,49.33,0.3333,4,1,youtube_suggest,2026-09-12 22:27:42.178823
100,Solar Orchard Furnace,142,38,apple orchard beach house,49.33,0.3333,4,1,youtube_suggest,2026-09-12 22:27:42.179019
100,Solar Orchard Furnace,142,39,apple orchard animal crossing,49.33,0.3333,4,1,youtube_suggest,2026-09-12 22:27:42.179204
100,Solar Orchard Furnace,142,40,apple orchard blue prince,49.33,0.3333,4,1,youtube_suggest,2026-09-12 22:27:42.179347
100,Solar Orchard Furnace,142,41,apple orchard calming music,49.33,0.3333,4,1,youtube_suggest,2026-09-12 22:27:42.179533
100,Solar Orchard Furnace,142,42,apple orchard classical music,49.33,0.3333,4,1,youtube_suggest,2026-09-12 22:27:42.179753
100,Solar Orchard Furnace,142,43,apple orchard classroom music,49.33,0.3333,4,1,youtube_suggest,2026-09-12 22:27:42.179952
100,Solar Orchard Furnace,142,44,apple orchard dramatic play,49.33,0.3333,4,1,youtube_suggest,2026-09-12 22:27:42.180095
100,Solar Orchard Furnace,142,45,apple orchard falls trail,49.33,0.3333,4,1,youtube_suggest,2026-09-12 22:27:42.180273
100,Solar Orchard Furnace,142,46,apple orchard virtual field trip,48.0,0.2857,5,1,youtube_suggest,2026-09-12 22:27:42.180473
100,Solar Orchard Furnace,142,47,apple orchard beach house slowed,48.0,0.2857,5,1,youtube_suggest,2026-09-12 22:27:42.196995
100,Solar Orchard Furnace,142,48,apple orchard beach house lyrics,48.0,0.2857,5,1,youtube_suggest,2026-09-12 22:27:42.197239
100,Solar Orchard Furnace,142,49,apple orchard beach house live,48.0,0.2857,5,1,youtube_suggest,2026-09-12 22:27:42.197435
100,Solar Orchard Furnace,142,50,apple orchard book read aloud,48.0,0.2857,5,1,youtube_suggest,2026-09-12 22:27:42.197653
100,Solar Orchard Furnace,142,51,apple orchard banana cat dance,48.0,0.2857,5,1,youtube_suggest,2026-09-12 22:27:42.197826
100,Solar Orchard Furnace,142,52,apple orchard field trip blippi,48.0,0.2857,5,1,youtube_suggest,2026-09-12 22:27:42.198014
100,Solar Orchard Furnace,142,53,apple orchard,45.0,0.5,2,0,youtube_suggest,2026-09-12 22:27:42.198197
100,Solar Orchard Furnace,142,54,solar furnace,45.0,0.5,2,0,youtube_suggest,2026-09-12 22:27:42.198384
100,Solar Orchard Furnace,142,55,heliostats in solar power,37.67,0.1667,4,1,youtube_suggest,2026-09-12 22:27:42.198566
100,Solar Orchard Furnace,142,56,apple picking day read aloud,36.75,0.125,5,1,youtube_suggest,2026-09-12 22:27:42.198909
100,Solar Orchard Furnace,142,57,apple tree erykah badu lyrics,36.75,0.125,5,1,youtube_suggest,2026-09-12 22:27:42.199087
100,Solar Orchard Furnace,142,58,apple tree erykah badu karaoke,36.75,0.125,5,1,youtube_suggest,2026-09-12 22:27:42.199237
100,Solar Orchard Furnace,142,59,apple tree erykah badu instrumental,36.75,0.125,5,1,youtube_suggest,2026-09-12 22:27:42.199409
100,Solar Orchard Furnace,142,60,apple tree erykah badu live,36.75,0.125,5,1,youtube_suggest,2026-09-12 22:27:42.199612
101,Planetary Pruning Spider,143,1,apple orchard for sale in himachal,50.0,0.2857,6,1,youtube_suggest,2026-09-12 22:30:45.241305
101,Planetary Pruning Spider,143,2,apple orchard for sale in uttarakhand,50.0,0.2857,6,1,youtube_suggest,2026-09-12 22:30:45.241544
101,Planetary Pruning Spider,143,3,apple orchard danny go,49.33,0.3333,4,1,youtube_suggest,2026-09-12 22:30:45.241692
101,Planetary Pruning Spider,143,4,apple orchard dr strange,49.33,0.3333,4,1,youtube_suggest,2026-09-12 22:30:45.241907
101,Planetary Pruning Spider,143,5,apple orchard for preschool,49.33,0.3333,4,1,youtube_suggest,2026-09-12 22:30:45.242220
101,Planetary Pruning Spider,143,6,apple orchard for kindergarten,49.33,0.3333,4,1,youtube_suggest,2026-09-12 22:30:45.244265
101,Planetary Pruning Spider,143,7,apple orchard for sale,49.33,0.3333,4,1,youtube_suggest,2026-09-12 22:30:45.248411
101,Planetary Pruning Spider,143,8,apple orchard ambience with music,48.0,0.2857,5,1,youtube_suggest,2026-09-12 22:30:45.248983
101,Planetary Pruning Spider,143,9,apple orchard ambience no ads,48.0,0.2857,5,1,youtube_suggest,2026-09-12 22:30:45.249284
101,Planetary Pruning Spider,143,10,pruning spider plant,47.33,0.3333,3,1,youtube_suggest,2026-09-12 22:30:45.249584
101,Planetary Pruning Spider,143,11,pruning spider plants,47.33,0.3333,3,1,youtube_suggest,2026-09-12 22:30:45.249757
101,Planetary Pruning Spider,143,12,apple orchard sprayer,47.33,0.3333,3,1,youtube_suggest,2026-09-12 22:30:45.250039
101,Planetary Pruning Spider,143,13,apple orchard spraying,47.33,0.3333,3,1,youtube_suggest,2026-09-12 22:30:45.250318
101,Planetary Pruning Spider,143,14,apple orchard ambience,47.33,0.3333,3,1,youtube_suggest,2026-09-12 22:30:45.250546
101,Planetary Pruning Spider,143,15,apple orchard music,47.33,0.3333,3,1,youtube_suggest,2026-09-12 22:30:45.252183
101,Planetary Pruning Spider,143,16,apple orchard snl,47.33,0.3333,3,1,youtube_suggest,2026-09-12 22:30:45.252412
101,Planetary Pruning Spider,143,17,apple orchard commercial,47.33,0.3333,3,1,youtube_suggest,2026-09-12 22:30:45.257004
101,Planetary Pruning Spider,143,18,apple orchard song,47.33,0.3333,3,1,youtube_suggest,2026-09-12 22:30:45.257474
101,Planetary Pruning Spider,143,19,apple orchard tour,47.33,0.3333,3,1,youtube_suggest,2026-09-12 22:30:45.257758
101,Planetary Pruning Spider,143,20,apple orchard ambiance,47.33,0.3333,3,1,youtube_suggest,2026-09-12 22:30:45.258120
101,Planetary Pruning Spider,143,21,apple orchard afternoon,47.33,0.3333,3,1,youtube_suggest,2026-09-12 22:30:45.258387
101,Planetary Pruning Spider,143,22,apple orchard acnh,47.33,0.3333,3,1,youtube_suggest,2026-09-12 22:30:45.258630
101,Planetary Pruning Spider,143,23,apple orchard book,47.33,0.3333,3,1,youtube_suggest,2026-09-12 22:30:45.264743
101,Planetary Pruning Spider,143,24,apple orchard business,47.33,0.3333,3,1,youtube_suggest,2026-09-12 22:30:45.265211
101,Planetary Pruning Spider,143,25,apple orchard bar,47.33,0.3333,3,1,youtube_suggest,2026-09-12 22:30:45.265399
101,Planetary Pruning Spider,143,26,apple orchard cartoon,47.33,0.3333,3,1,youtube_suggest,2026-09-12 22:30:45.265630
101,Planetary Pruning Spider,143,27,apple orchard care,47.33,0.3333,3,1,youtube_suggest,2026-09-12 22:30:45.265944
101,Planetary Pruning Spider,143,28,apple orchard calm,47.33,0.3333,3,1,youtube_suggest,2026-09-12 22:30:45.266120
101,Planetary Pruning Spider,143,29,apple orchard chicago,47.33,0.3333,3,1,youtube_suggest,2026-09-12 22:30:45.266258
101,Planetary Pruning Spider,143,30,apple orchard canada,47.33,0.3333,3,1,youtube_suggest,2026-09-12 22:30:45.266392
101,Planetary Pruning Spider,143,31,apple orchard donuts,47.33,0.3333,3,1,youtube_suggest,2026-09-12 22:30:45.266520
101,Planetary Pruning Spider,143,32,apple orchard drawing,47.33,0.3333,3,1,youtube_suggest,2026-09-12 22:30:45.268603
101,Planetary Pruning Spider,143,33,apple orchard dhanaulti,47.33,0.3333,3,1,youtube_suggest,2026-09-12 22:30:45.268820
101,Planetary Pruning Spider,143,34,apple orchard episode,47.33,0.3333,3,1,youtube_suggest,2026-09-12 22:30:45.268956
101,Planetary Pruning Spider,143,35,apple orchard farm,47.33,0.3333,3,1,youtube_suggest,2026-09-12 22:30:45.269088
101,Planetary Pruning Spider,143,36,apple orchard falls,47.33,0.3333,3,1,youtube_suggest,2026-09-12 22:30:45.269214
101,Planetary Pruning Spider,143,37,pruning spider plant babies,46.0,0.2857,4,1,youtube_suggest,2026-09-12 22:30:45.269347
101,Planetary Pruning Spider,143,38,apple orchard field trip,46.0,0.2857,4,1,youtube_suggest,2026-09-12 22:30:45.269479
101,Planetary Pruning Spider,143,39,apple orchard beach house,46.0,0.2857,4,1,youtube_suggest,2026-09-12 22:30:45.269608
101,Planetary Pruning Spider,143,40,apple orchard animal crossing,46.0,0.2857,4,1,youtube_suggest,2026-09-12 22:30:45.269736
101,Planetary Pruning Spider,143,41,apple orchard blue prince,46.0,0.2857,4,1,youtube_suggest,2026-09-12 22:30:45.269881
101,Planetary Pruning Spider,143,42,apple orchard calming music,46.0,0.2857,4,1,youtube_suggest,2026-09-12 22:30:45.270009
101,Planetary Pruning Spider,143,43,apple orchard classical music,46.0,0.2857,4,1,youtube_suggest,2026-09-12 22:30:45.270136
101,Planetary Pruning Spider,143,44,apple orchard classroom music,46.0,0.2857,4,1,youtube_suggest,2026-09-12 22:30:45.270267
101,Planetary Pruning Spider,143,45,apple orchard dramatic play,46.0,0.2857,4,1,youtube_suggest,2026-09-12 22:30:45.270428
101,Planetary Pruning Spider,143,46,apple orchard falls trail,46.0,0.2857,4,1,youtube_suggest,2026-09-12 22:30:45.270551
101,Planetary Pruning Spider,143,47,apple orchard virtual field trip,45.5,0.25,5,1,youtube_suggest,2026-09-12 22:30:45.270674
101,Planetary Pruning Spider,143,48,apple orchard beach house slowed,45.5,0.25,5,1,youtube_suggest,2026-09-12 22:30:45.270808
101,Planetary Pruning Spider,143,49,apple orchard beach house lyrics,45.5,0.25,5,1,youtube_suggest,2026-09-12 22:30:45.270944
101,Planetary Pruning Spider,143,50,apple orchard beach house live,45.5,0.25,5,1,youtube_suggest,2026-09-12 22:30:45.271110
101,Planetary Pruning Spider,143,51,apple orchard book read aloud,45.5,0.25,5,1,youtube_suggest,2026-09-12 22:30:45.271241
101,Planetary Pruning Spider,143,52,apple orchard banana cat dance,45.5,0.25,5,1,youtube_suggest,2026-09-12 22:30:45.271375
101,Planetary Pruning Spider,143,53,apple orchard field trip blippi,45.5,0.25,5,1,youtube_suggest,2026-09-12 22:30:45.271508
101,Planetary Pruning Spider,143,54,apple orchard,38.0,0.4,2,0,youtube_suggest,2026-09-12 22:30:45.271636
101,Planetary Pruning Spider,143,55,trimming a spider plant,36.0,0.1429,4,1,youtube_suggest,2026-09-12 22:30:45.271762
101,Planetary Pruning Spider,143,56,trim a spider plant,36.0,0.1429,4,1,youtube_suggest,2026-09-12 22:30:45.271948
101,Planetary Pruning Spider,143,57,separating a spider plant,36.0,0.1429,4,1,youtube_suggest,2026-09-12 22:30:45.272082
101,Planetary Pruning Spider,143,58,cutting off spider plant babies,35.78,0.1111,5,1,youtube_suggest,2026-09-12 22:30:45.272211
101,Planetary Pruning Spider,143,59,apple picking day read aloud,35.78,0.1111,5,1,youtube_suggest,2026-09-12 22:30:45.272337
101,Planetary Pruning Spider,143,60,apple tree erykah badu lyrics,35.78,0.1111,5,1,youtube_suggest,2026-09-12 22:30:45.272469
102,Infinite Orchard Conveyor,144,1,apple orchard danny go,54.0,0.4,4,1,youtube_suggest,2026-09-12 22:34:00.779473
102,Infinite Orchard Conveyor,144,2,apple orchard dr strange,54.0,0.4,4,1,youtube_suggest,2026-09-12 22:34:00.779774
102,Infinite Orchard Conveyor,144,3,apple orchard for preschool,54.0,0.4,4,1,youtube_suggest,2026-09-12 22:34:00.780018
102,Infinite Orchard Conveyor,144,4,apple orchard for kindergarten,54.0,0.4,4,1,youtube_suggest,2026-09-12 22:34:00.780229
102,Infinite Orchard Conveyor,144,5,apple orchard for sale,54.0,0.4,4,1,youtube_suggest,2026-09-12 22:34:00.780467
102,Infinite Orchard Conveyor,144,6,apple orchard for sale in himachal,53.33,0.3333,6,1,youtube_suggest,2026-09-12 22:34:00.783355
102,Infinite Orchard Conveyor,144,7,apple orchard for sale in uttarakhand,53.33,0.3333,6,1,youtube_suggest,2026-09-12 22:34:00.784486
102,Infinite Orchard Conveyor,144,8,apple orchard ambience,52.0,0.4,3,1,youtube_suggest,2026-09-12 22:34:00.785596
102,Infinite Orchard Conveyor,144,9,apple orchard music,52.0,0.4,3,1,youtube_suggest,2026-09-12 22:34:00.785874
102,Infinite Orchard Conveyor,144,10,apple orchard snl,52.0,0.4,3,1,youtube_suggest,2026-09-12 22:34:00.787021
102,Infinite Orchard Conveyor,144,11,apple orchard commercial,52.0,0.4,3,1,youtube_suggest,2026-09-12 22:34:00.787267
102,Infinite Orchard Conveyor,144,12,apple orchard song,52.0,0.4,3,1,youtube_suggest,2026-09-12 22:34:00.787481
102,Infinite Orchard Conveyor,144,13,apple orchard tour,52.0,0.4,3,1,youtube_suggest,2026-09-12 22:34:00.787691
102,Infinite Orchard Conveyor,144,14,apple orchard ambiance,52.0,0.4,3,1,youtube_suggest,2026-09-12 22:34:00.787893
102,Infinite Orchard Conveyor,144,15,apple orchard afternoon,52.0,0.4,3,1,youtube_suggest,2026-09-12 22:34:00.791027
102,Infinite Orchard Conveyor,144,16,apple orchard acnh,52.0,0.4,3,1,youtube_suggest,2026-09-12 22:34:00.791282
102,Infinite Orchard Conveyor,144,17,apple orchard book,52.0,0.4,3,1,youtube_suggest,2026-09-12 22:34:00.791509
102,Infinite Orchard Conveyor,144,18,apple orchard business,52.0,0.4,3,1,youtube_suggest,2026-09-12 22:34:00.791720
102,Infinite Orchard Conveyor,144,19,apple orchard bar,52.0,0.4,3,1,youtube_suggest,2026-09-12 22:34:00.791915
102,Infinite Orchard Conveyor,144,20,apple orchard cartoon,52.0,0.4,3,1,youtube_suggest,2026-09-12 22:34:00.792127
102,Infinite Orchard Conveyor,144,21,apple orchard care,52.0,0.4,3,1,youtube_suggest,2026-09-12 22:34:00.792425
102,Infinite Orchard Conveyor,144,22,apple orchard calm,52.0,0.4,3,1,youtube_suggest,2026-09-12 22:34:00.792695
102,Infinite Orchard Conveyor,144,23,apple orchard chicago,52.0,0.4,3,1,youtube_suggest,2026-09-12 22:34:00.792914
102,Infinite Orchard Conveyor,144,24,apple orchard canada,52.0,0.4,3,1,youtube_suggest,2026-09-12 22:34:00.793136
102,Infinite Orchard Conveyor,144,25,apple orchard donuts,52.0,0.4,3,1,youtube_suggest,2026-09-12 22:34:00.793550
102,Infinite Orchard Conveyor,144,26,apple orchard drawing,52.0,0.4,3,1,youtube_suggest,2026-09-12 22:34:00.793759
102,Infinite Orchard Conveyor,144,27,apple orchard dhanaulti,52.0,0.4,3,1,youtube_suggest,2026-09-12 22:34:00.793963
102,Infinite Orchard Conveyor,144,28,apple orchard episode,52.0,0.4,3,1,youtube_suggest,2026-09-12 22:34:00.794167
102,Infinite Orchard Conveyor,144,29,apple orchard farm,52.0,0.4,3,1,youtube_suggest,2026-09-12 22:34:00.794386
102,Infinite Orchard Conveyor,144,30,apple orchard falls,52.0,0.4,3,1,youtube_suggest,2026-09-12 22:34:00.794584
102,Infinite Orchard Conveyor,144,31,apple orchard sprayer,52.0,0.4,3,1,youtube_suggest,2026-09-12 22:34:00.794788
102,Infinite Orchard Conveyor,144,32,apple orchard spraying,52.0,0.4,3,1,youtube_suggest,2026-09-12 22:34:00.794985
102,Infinite Orchard Conveyor,144,33,apple orchard ambience with music,51.33,0.3333,5,1,youtube_suggest,2026-09-12 22:34:00.795202
102,Infinite Orchard Conveyor,144,34,apple orchard ambience no ads,51.33,0.3333,5,1,youtube_suggest,2026-09-12 22:34:00.795433
102,Infinite Orchard Conveyor,144,35,apple orchard field trip,49.33,0.3333,4,1,youtube_suggest,2026-09-12 22:34:00.795652
102,Infinite Orchard Conveyor,144,36,apple orchard beach house,49.33,0.3333,4,1,youtube_suggest,2026-09-12 22:34:00.800110
102,Infinite Orchard Conveyor,144,37,apple orchard animal crossing,49.33,0.3333,4,1,youtube_suggest,2026-09-12 22:34:00.800561
102,Infinite Orchard Conveyor,144,38,apple orchard blue prince,49.33,0.3333,4,1,youtube_suggest,2026-09-12 22:34:00.800827
102,Infinite Orchard Conveyor,144,39,apple orchard calming music,49.33,0.3333,4,1,youtube_suggest,2026-09-12 22:34:00.801044
102,Infinite Orchard Conveyor,144,40,apple orchard classical music,49.33,0.3333,4,1,youtube_suggest,2026-09-12 22:34:00.801268
102,Infinite Orchard Conveyor,144,41,apple orchard classroom music,49.33,0.3333,4,1,youtube_suggest,2026-09-12 22:34:00.801482
102,Infinite Orchard Conveyor,144,42,apple orchard dramatic play,49.33,0.3333,4,1,youtube_suggest,2026-09-12 22:34:00.801694
102,Infinite Orchard Conveyor,144,43,apple orchard falls trail,49.33,0.3333,4,1,youtube_suggest,2026-09-12 22:34:00.801894
102,Infinite Orchard Conveyor,144,44,apple orchard virtual field trip,48.0,0.2857,5,1,youtube_suggest,2026-09-12 22:34:00.804793
102,Infinite Orchard Conveyor,144,45,apple orchard beach house slowed,48.0,0.2857,5,1,youtube_suggest,2026-09-12 22:34:00.805158
102,Infinite Orchard Conveyor,144,46,apple orchard beach house lyrics,48.0,0.2857,5,1,youtube_suggest,2026-09-12 22:34:00.806046
102,Infinite Orchard Conveyor,144,47,apple orchard beach house live,48.0,0.2857,5,1,youtube_suggest,2026-09-12 22:34:00.806278
102,Infinite Orchard Conveyor,144,48,apple orchard book read aloud,48.0,0.2857,5,1,youtube_suggest,2026-09-12 22:34:00.806443
102,Infinite Orchard Conveyor,144,49,apple orchard banana cat dance,48.0,0.2857,5,1,youtube_suggest,2026-09-12 22:34:00.808783
102,Infinite Orchard Conveyor,144,50,apple orchard field trip blippi,48.0,0.2857,5,1,youtube_suggest,2026-09-12 22:34:00.809045
102,Infinite Orchard Conveyor,144,51,apple orchard,45.0,0.5,2,0,youtube_suggest,2026-09-12 22:34:00.809211
102,Infinite Orchard Conveyor,144,52,apple picking day read aloud,36.75,0.125,5,1,youtube_suggest,2026-09-12 22:34:00.809372
102,Infinite Orchard Conveyor,144,53,apple tree erykah badu lyrics,36.75,0.125,5,1,youtube_suggest,2026-09-12 22:34:00.809520
102,Infinite Orchard Conveyor,144,54,apple tree erykah badu karaoke,36.75,0.125,5,1,youtube_suggest,2026-09-12 22:34:00.809738
102,Infinite Orchard Conveyor,144,55,apple tree erykah badu instrumental,36.75,0.125,5,1,youtube_suggest,2026-09-12 22:34:00.809898
102,Infinite Orchard Conveyor,144,56,apple tree erykah badu live,36.75,0.125,5,1,youtube_suggest,2026-09-12 22:34:00.810054
102,Infinite Orchard Conveyor,144,57,industrial foregoing conveyor belt,36.0,0.1429,4,1,youtube_suggest,2026-09-12 22:34:00.810198
102,Infinite Orchard Conveyor,144,58,infinite liquid storage oni,36.0,0.1429,4,1,youtube_suggest,2026-09-12 22:34:00.810365
102,Infinite Orchard Conveyor,144,59,infinite loop power automate,36.0,0.1429,4,1,youtube_suggest,2026-09-12 22:34:00.810510
102,Infinite Orchard Conveyor,144,60,apple tree aurora choir,36.0,0.1429,4,1,youtube_suggest,2026-09-12 22:34:00.810648
103,Solar Titan Harvester,145,1,sunflower field video,52.0,0.4,3,1,youtube_suggest,2026-09-12 22:36:24.200829
103,Solar Titan Harvester,145,2,sunflower field background video,49.33,0.3333,4,1,youtube_suggest,2026-09-12 22:36:24.202146
103,Solar Titan Harvester,145,3,sunflower field cinematic video,49.33,0.3333,4,1,youtube_suggest,2026-09-12 22:36:24.203403
103,Solar Titan Harvester,145,4,solar build for titan,49.33,0.3333,4,1,youtube_suggest,2026-09-12 22:36:24.204522
103,Solar Titan Harvester,145,5,sunflower field in west bengal,48.0,0.2857,5,1,youtube_suggest,2026-09-12 22:36:24.204828
103,Solar Titan Harvester,145,6,sunflower field for dove hunting,48.0,0.2857,5,1,youtube_suggest,2026-09-12 22:36:24.205860
103,Solar Titan Harvester,145,7,sunflower field following the sun,48.0,0.2857,5,1,youtube_suggest,2026-09-12 22:36:24.206075
103,Solar Titan Harvester,145,8,planting sunflower field for doves,48.0,0.2857,5,1,youtube_suggest,2026-09-12 22:36:24.206265
103,Solar Titan Harvester,145,9,sunflower field part 2 greys,48.0,0.2857,5,1,youtube_suggest,2026-09-12 22:36:24.206451
103,Solar Titan Harvester,145,10,sunflower field painting,47.33,0.3333,3,1,youtube_suggest,2026-09-12 22:36:24.206638
103,Solar Titan Harvester,145,11,sunflower field ambience,47.33,0.3333,3,1,youtube_suggest,2026-09-12 22:36:24.206836
103,Solar Titan Harvester,145,12,sunflower field song,47.33,0.3333,3,1,youtube_suggest,2026-09-12 22:36:24.207021
103,Solar Titan Harvester,145,13,sunflower field acrylic,47.33,0.3333,3,1,youtube_suggest,2026-09-12 22:36:24.207207
103,Solar Titan Harvester,145,14,sunflower field aesthetic,47.33,0.3333,3,1,youtube_suggest,2026-09-12 22:36:24.207394
103,Solar Titan Harvester,145,15,sunflower field animation,47.33,0.3333,3,1,youtube_suggest,2026-09-12 22:36:24.207572
103,Solar Titan Harvester,145,16,sunflower field background,47.33,0.3333,3,1,youtube_suggest,2026-09-12 22:36:24.207758
103,Solar Titan Harvester,145,17,sunflower field bss,47.33,0.3333,3,1,youtube_suggest,2026-09-12 22:36:24.207938
103,Solar Titan Harvester,145,18,sunflower field bangalore,47.33,0.3333,3,1,youtube_suggest,2026-09-12 22:36:24.208114
103,Solar Titan Harvester,145,19,burning sunflower field,47.33,0.3333,3,1,youtube_suggest,2026-09-12 22:36:24.213039
103,Solar Titan Harvester,145,20,sunflower field cultivator,47.33,0.3333,3,1,youtube_suggest,2026-09-12 22:36:24.213315
103,Solar Titan Harvester,145,21,sunflower field drone,47.33,0.3333,3,1,youtube_suggest,2026-09-12 22:36:24.213623
103,Solar Titan Harvester,145,22,sunflower field drawing,47.33,0.3333,3,1,youtube_suggest,2026-09-12 22:36:24.213830
103,Solar Titan Harvester,145,23,sunflower dove field,47.33,0.3333,3,1,youtube_suggest,2026-09-12 22:36:24.214018
103,Solar Titan Harvester,145,24,sunflower field music,47.33,0.3333,3,1,youtube_suggest,2026-09-12 22:36:24.214198
103,Solar Titan Harvester,145,25,sunflower field france,47.33,0.3333,3,1,youtube_suggest,2026-09-12 22:36:24.214376
103,Solar Titan Harvester,145,26,sunflower field greys,47.33,0.3333,3,1,youtube_suggest,2026-09-12 22:36:24.214547
103,Solar Titan Harvester,145,27,sunflower field gundlupet,47.33,0.3333,3,1,youtube_suggest,2026-09-12 22:36:24.214741
103,Solar Titan Harvester,145,28,sunflower field painting acrylic,46.0,0.2857,4,1,youtube_suggest,2026-09-12 22:36:24.215027
103,Solar Titan Harvester,145,29,sunflower field time lapse,46.0,0.2857,4,1,youtube_suggest,2026-09-12 22:36:24.215215
103,Solar Titan Harvester,145,30,sunflower field painting tutorial,46.0,0.2857,4,1,youtube_suggest,2026-09-12 22:36:24.215377
103,Solar Titan Harvester,145,31,sunflower field watercolor tutorial,46.0,0.2857,4,1,youtube_suggest,2026-09-12 22:36:24.217977
103,Solar Titan Harvester,145,32,sunflower field acrylic painting,46.0,0.2857,4,1,youtube_suggest,2026-09-12 22:36:24.218236
103,Solar Titan Harvester,145,33,sunflower field canvas painting,46.0,0.2857,4,1,youtube_suggest,2026-09-12 22:36:24.218469
103,Solar Titan Harvester,145,34,sunflower field near chennai,46.0,0.2857,4,1,youtube_suggest,2026-09-12 22:36:24.218660
103,Solar Titan Harvester,145,35,sunflower field near coimbatore,46.0,0.2857,4,1,youtube_suggest,2026-09-12 22:36:24.218996
103,Solar Titan Harvester,145,36,sunflower field dove hunt,46.0,0.2857,4,1,youtube_suggest,2026-09-12 22:36:24.219185
103,Solar Titan Harvester,145,37,planting sunflower dove field,46.0,0.2857,4,1,youtube_suggest,2026-09-12 22:36:24.219343
103,Solar Titan Harvester,145,38,easy sunflower field painting,46.0,0.2857,4,1,youtube_suggest,2026-09-12 22:36:24.219529
103,Solar Titan Harvester,145,39,sunflower field stock footage,46.0,0.2857,4,1,youtube_suggest,2026-09-12 22:36:24.219724
103,Solar Titan Harvester,145,40,sunflower field gemini prompt,46.0,0.2857,4,1,youtube_suggest,2026-09-12 22:36:24.219908
103,Solar Titan Harvester,145,41,sunflower field green screen,46.0,0.2857,4,1,youtube_suggest,2026-09-12 22:36:24.220091
103,Solar Titan Harvester,145,42,solar titan hammer build,46.0,0.2857,4,1,youtube_suggest,2026-09-12 22:36:24.223735
103,Solar Titan Harvester,145,43,sunflower field macro bee swarm simulator,45.56,0.2222,6,1,youtube_suggest,2026-09-12 22:36:24.224062
103,Solar Titan Harvester,145,44,sunflower field acrylic painting tutorial,45.5,0.25,5,1,youtube_suggest,2026-09-12 22:36:24.224267
103,Solar Titan Harvester,145,45,sunflower field acrylic painting easy,45.5,0.25,5,1,youtube_suggest,2026-09-12 22:36:24.224457
103,Solar Titan Harvester,145,46,sunflower field bee swarm simulator,45.5,0.25,5,1,youtube_suggest,2026-09-12 22:36:24.224695
103,Solar Titan Harvester,145,47,sunflower field drawing oil pastel,45.5,0.25,5,1,youtube_suggest,2026-09-12 22:36:24.224888
103,Solar Titan Harvester,145,48,sunflower field,38.0,0.4,2,0,youtube_suggest,2026-09-12 22:36:24.225310
103,Solar Titan Harvester,145,49,sunflower farm creamery goats in pajamas,37.78,0.1111,6,1,youtube_suggest,2026-09-12 22:36:24.225508
103,Solar Titan Harvester,145,50,sunflower fields mother 3,36.0,0.1429,4,1,youtube_suggest,2026-09-12 22:36:24.229009
103,Solar Titan Harvester,145,51,sunflower farm creamery baby goats,35.78,0.1111,5,1,youtube_suggest,2026-09-12 22:36:24.229238
103,Solar Titan Harvester,145,52,sunflower farm design hypixel skyblock,35.78,0.1111,5,1,youtube_suggest,2026-09-12 22:36:24.229426
103,Solar Titan Harvester,145,53,sunflower farm garden tower defense,35.78,0.1111,5,1,youtube_suggest,2026-09-12 22:36:24.229618
103,Solar Titan Harvester,145,54,sunflower farm arayat pampanga,34.75,0.125,4,1,youtube_suggest,2026-09-12 22:36:24.229815
103,Solar Titan Harvester,145,55,sunflower farm design hypixel,34.75,0.125,4,1,youtube_suggest,2026-09-12 22:36:24.230028
103,Solar Titan Harvester,145,56,sunflower farm design skyblock,34.75,0.125,4,1,youtube_suggest,2026-09-12 22:36:24.230223
103,Solar Titan Harvester,145,57,sunflower farm garden tower,34.75,0.125,4,1,youtube_suggest,2026-09-12 22:36:24.230401
103,Solar Titan Harvester,145,58,sunflower farm araku,34.0,0.1429,3,1,youtube_suggest,2026-09-12 22:36:24.230584
103,Solar Titan Harvester,145,59,sunflower farm australia,34.0,0.1429,3,1,youtube_suggest,2026-09-12 22:36:24.230880
103,Solar Titan Harvester,145,60,sunflower farm baguio,34.0,0.1429,3,1,youtube_suggest,2026-09-12 22:36:24.231115
104,Sunflower Skywheel,146,1,sunflower field video,70.67,0.6667,3,1,youtube_suggest,2026-09-12 22:39:12.118527
104,Sunflower Skywheel,146,2,sunflower field background video,61.0,0.5,4,1,youtube_suggest,2026-09-12 22:39:12.118828
104,Sunflower Skywheel,146,3,sunflower field cinematic video,61.0,0.5,4,1,youtube_suggest,2026-09-12 22:39:12.119035
104,Sunflower Skywheel,146,4,sunflower field painting,59.0,0.5,3,1,youtube_suggest,2026-09-12 22:39:12.119250
104,Sunflower Skywheel,146,5,sunflower field ambience,59.0,0.5,3,1,youtube_suggest,2026-09-12 22:39:12.119456
104,Sunflower Skywheel,146,6,sunflower field song,59.0,0.5,3,1,youtube_suggest,2026-09-12 22:39:12.119649
104,Sunflower Skywheel,146,7,sunflower field acrylic,59.0,0.5,3,1,youtube_suggest,2026-09-12 22:39:12.119839
104,Sunflower Skywheel,146,8,sunflower field aesthetic,59.0,0.5,3,1,youtube_suggest,2026-09-12 22:39:12.122297
104,Sunflower Skywheel,146,9,sunflower field animation,59.0,0.5,3,1,youtube_suggest,2026-09-12 22:39:12.122544
104,Sunflower Skywheel,146,10,sunflower field background,59.0,0.5,3,1,youtube_suggest,2026-09-12 22:39:12.122738
104,Sunflower Skywheel,146,11,sunflower field bss,59.0,0.5,3,1,youtube_suggest,2026-09-12 22:39:12.122924
104,Sunflower Skywheel,146,12,sunflower field bangalore,59.0,0.5,3,1,youtube_suggest,2026-09-12 22:39:12.123125
104,Sunflower Skywheel,146,13,burning sunflower field,59.0,0.5,3,1,youtube_suggest,2026-09-12 22:39:12.123323
104,Sunflower Skywheel,146,14,sunflower field cultivator,59.0,0.5,3,1,youtube_suggest,2026-09-12 22:39:12.123530
104,Sunflower Skywheel,146,15,sunflower field drone,59.0,0.5,3,1,youtube_suggest,2026-09-12 22:39:12.123711
104,Sunflower Skywheel,146,16,sunflower field drawing,59.0,0.5,3,1,youtube_suggest,2026-09-12 22:39:12.123895
104,Sunflower Skywheel,146,17,sunflower dove field,59.0,0.5,3,1,youtube_suggest,2026-09-12 22:39:12.125920
104,Sunflower Skywheel,146,18,sunflower field music,59.0,0.5,3,1,youtube_suggest,2026-09-12 22:39:12.126134
104,Sunflower Skywheel,146,19,sunflower field france,59.0,0.5,3,1,youtube_suggest,2026-09-12 22:39:12.126329
104,Sunflower Skywheel,146,20,sunflower field greys,59.0,0.5,3,1,youtube_suggest,2026-09-12 22:39:12.126571
104,Sunflower Skywheel,146,21,sunflower field gundlupet,59.0,0.5,3,1,youtube_suggest,2026-09-12 22:39:12.126767
104,Sunflower Skywheel,146,22,sunflower field,56.67,0.6667,2,0,youtube_suggest,2026-09-12 22:39:12.126959
104,Sunflower Skywheel,146,23,sunflower field in west bengal,56.0,0.4,5,1,youtube_suggest,2026-09-12 22:39:12.127165
104,Sunflower Skywheel,146,24,sunflower field for dove hunting,56.0,0.4,5,1,youtube_suggest,2026-09-12 22:39:12.127346
104,Sunflower Skywheel,146,25,sunflower field following the sun,56.0,0.4,5,1,youtube_suggest,2026-09-12 22:39:12.127552
104,Sunflower Skywheel,146,26,planting sunflower field for doves,56.0,0.4,5,1,youtube_suggest,2026-09-12 22:39:12.127733
104,Sunflower Skywheel,146,27,sunflower field part 2 greys,56.0,0.4,5,1,youtube_suggest,2026-09-12 22:39:12.127908
104,Sunflower Skywheel,146,28,sunflower field painting acrylic,54.0,0.4,4,1,youtube_suggest,2026-09-12 22:39:12.128099
104,Sunflower Skywheel,146,29,sunflower field time lapse,54.0,0.4,4,1,youtube_suggest,2026-09-12 22:39:12.128278
104,Sunflower Skywheel,146,30,sunflower field painting tutorial,54.0,0.4,4,1,youtube_suggest,2026-09-12 22:39:12.128470
104,Sunflower Skywheel,146,31,sunflower field watercolor tutorial,54.0,0.4,4,1,youtube_suggest,2026-09-12 22:39:12.132520
104,Sunflower Skywheel,146,32,sunflower field acrylic painting,54.0,0.4,4,1,youtube_suggest,2026-09-12 22:39:12.132792
104,Sunflower Skywheel,146,33,sunflower field canvas painting,54.0,0.4,4,1,youtube_suggest,2026-09-12 22:39:12.132982
104,Sunflower Skywheel,146,34,sunflower field near chennai,54.0,0.4,4,1,youtube_suggest,2026-09-12 22:39:12.133173
104,Sunflower Skywheel,146,35,sunflower field near coimbatore,54.0,0.4,4,1,youtube_suggest,2026-09-12 22:39:12.133480
104,Sunflower Skywheel,146,36,sunflower field dove hunt,54.0,0.4,4,1,youtube_suggest,2026-09-12 22:39:12.133669
104,Sunflower Skywheel,146,37,planting sunflower dove field,54.0,0.4,4,1,youtube_suggest,2026-09-12 22:39:12.133869
104,Sunflower Skywheel,146,38,easy sunflower field painting,54.0,0.4,4,1,youtube_suggest,2026-09-12 22:39:12.135187
104,Sunflower Skywheel,146,39,sunflower field stock footage,54.0,0.4,4,1,youtube_suggest,2026-09-12 22:39:12.135494
104,Sunflower Skywheel,146,40,sunflower field gemini prompt,54.0,0.4,4,1,youtube_suggest,2026-09-12 22:39:12.135713
104,Sunflower Skywheel,146,41,sunflower field green screen,54.0,0.4,4,1,youtube_suggest,2026-09-12 22:39:12.135932
104,Sunflower Skywheel,146,42,sunflower field acrylic painting tutorial,51.33,0.3333,5,1,youtube_suggest,2026-09-12 22:39:12.136214
104,Sunflower Skywheel,146,43,sunflower field acrylic painting easy,51.33,0.3333,5,1,youtube_suggest,2026-09-12 22:39:12.136392
104,Sunflower Skywheel,146,44,sunflower field bee swarm simulator,51.33,0.3333,5,1,youtube_suggest,2026-09-12 22:39:12.140931
104,Sunflower Skywheel,146,45,sunflower field drawing oil pastel,51.33,0.3333,5,1,youtube_suggest,2026-09-12 22:39:12.141281
104,Sunflower Skywheel,146,46,sunflower field macro bee swarm simulator,50.0,0.2857,6,1,youtube_suggest,2026-09-12 22:39:12.141507
104,Sunflower Skywheel,146,47,sunflower times sunflower,41.5,0.25,3,1,youtube_suggest,2026-09-12 22:39:12.141714
104,Sunflower Skywheel,146,48,sunflower fields mother 3,40.0,0.2,4,1,youtube_suggest,2026-09-12 22:39:12.141904
104,Sunflower Skywheel,146,49,sunflower farm creamery goats in pajamas,40.0,0.1429,6,1,youtube_suggest,2026-09-12 22:39:12.142095
104,Sunflower Skywheel,146,50,sunflower island diggy,38.0,0.2,3,1,youtube_suggest,2026-09-12 22:39:12.142514
104,Sunflower Skywheel,146,51,sunflower car hanger,38.0,0.2,3,1,youtube_suggest,2026-09-12 22:39:12.142765
104,Sunflower Skywheel,146,52,sunflower farm araku,38.0,0.2,3,1,youtube_suggest,2026-09-12 22:39:12.142959
104,Sunflower Skywheel,146,53,sunflower farm australia,38.0,0.2,3,1,youtube_suggest,2026-09-12 22:39:12.143144
104,Sunflower Skywheel,146,54,sunflower farm baguio,38.0,0.2,3,1,youtube_suggest,2026-09-12 22:39:12.143321
104,Sunflower Skywheel,146,55,sunflower farm boisar,38.0,0.2,3,1,youtube_suggest,2026-09-12 22:39:12.143510
104,Sunflower Skywheel,146,56,sunflower farm creamery,38.0,0.2,3,1,youtube_suggest,2026-09-12 22:39:12.143686
104,Sunflower Skywheel,146,57,sunflower farm creamery baby goats,38.0,0.1429,5,1,youtube_suggest,2026-09-12 22:39:12.143861
104,Sunflower Skywheel,146,58,sunflower farm design hypixel skyblock,38.0,0.1429,5,1,youtube_suggest,2026-09-12 22:39:12.148679
104,Sunflower Skywheel,146,59,sunflower farm drawing,38.0,0.2,3,1,youtube_suggest,2026-09-12 22:39:12.149078
104,Sunflower Skywheel,146,60,sunflower farm goats,38.0,0.2,3,1,youtube_suggest,2026-09-12 22:39:12.149279
105,Helios Field Cathedral,147,1,sunflower field video,59.0,0.5,3,1,youtube_suggest,2026-09-12 22:41:33.708496
105,Helios Field Cathedral,147,2,sunflower field background video,54.0,0.4,4,1,youtube_suggest,2026-09-12 22:41:33.713040
105,Helios Field Cathedral,147,3,sunflower field cinematic video,54.0,0.4,4,1,youtube_suggest,2026-09-12 22:41:33.713264
105,Helios Field Cathedral,147,4,sunflower field painting,52.0,0.4,3,1,youtube_suggest,2026-09-12 22:41:33.713436
105,Helios Field Cathedral,147,5,sunflower field ambience,52.0,0.4,3,1,youtube_suggest,2026-09-12 22:41:33.713594
105,Helios Field Cathedral,147,6,sunflower field song,52.0,0.4,3,1,youtube_suggest,2026-09-12 22:41:33.713790
105,Helios Field Cathedral,147,7,sunflower field acrylic,52.0,0.4,3,1,youtube_suggest,2026-09-12 22:41:33.714015
105,Helios Field Cathedral,147,8,sunflower field aesthetic,52.0,0.4,3,1,youtube_suggest,2026-09-12 22:41:33.714223
105,Helios Field Cathedral,147,9,sunflower field animation,52.0,0.4,3,1,youtube_suggest,2026-09-12 22:41:33.714435
105,Helios Field Cathedral,147,10,sunflower field background,52.0,0.4,3,1,youtube_suggest,2026-09-12 22:41:33.714640
105,Helios Field Cathedral,147,11,sunflower field bss,52.0,0.4,3,1,youtube_suggest,2026-09-12 22:41:33.714854
105,Helios Field Cathedral,147,12,sunflower field bangalore,52.0,0.4,3,1,youtube_suggest,2026-09-12 22:41:33.715028
105,Helios Field Cathedral,147,13,burning sunflower field,52.0,0.4,3,1,youtube_suggest,2026-09-12 22:41:33.715191
105,Helios Field Cathedral,147,14,sunflower field cultivator,52.0,0.4,3,1,youtube_suggest,2026-09-12 22:41:33.715367
105,Helios Field Cathedral,147,15,sunflower field drone,52.0,0.4,3,1,youtube_suggest,2026-09-12 22:41:33.715566
105,Helios Field Cathedral,147,16,sunflower field drawing,52.0,0.4,3,1,youtube_suggest,2026-09-12 22:41:33.715893
105,Helios Field Cathedral,147,17,sunflower dove field,52.0,0.4,3,1,youtube_suggest,2026-09-12 22:41:33.716157
105,Helios Field Cathedral,147,18,sunflower field music,52.0,0.4,3,1,youtube_suggest,2026-09-12 22:41:33.720698
105,Helios Field Cathedral,147,19,sunflower field france,52.0,0.4,3,1,youtube_suggest,2026-09-12 22:41:33.721041
105,Helios Field Cathedral,147,20,sunflower field greys,52.0,0.4,3,1,youtube_suggest,2026-09-12 22:41:33.721268
105,Helios Field Cathedral,147,21,sunflower field gundlupet,52.0,0.4,3,1,youtube_suggest,2026-09-12 22:41:33.721501
105,Helios Field Cathedral,147,22,sunflower field in west bengal,51.33,0.3333,5,1,youtube_suggest,2026-09-12 22:41:33.721690
105,Helios Field Cathedral,147,23,sunflower field for dove hunting,51.33,0.3333,5,1,youtube_suggest,2026-09-12 22:41:33.721891
105,Helios Field Cathedral,147,24,sunflower field following the sun,51.33,0.3333,5,1,youtube_suggest,2026-09-12 22:41:33.722060
105,Helios Field Cathedral,147,25,planting sunflower field for doves,51.33,0.3333,5,1,youtube_suggest,2026-09-12 22:41:33.722324
105,Helios Field Cathedral,147,26,sunflower field part 2 greys,51.33,0.3333,5,1,youtube_suggest,2026-09-12 22:41:33.722546
105,Helios Field Cathedral,147,27,sunflower field painting acrylic,49.33,0.3333,4,1,youtube_suggest,2026-09-12 22:41:33.722770
105,Helios Field Cathedral,147,28,sunflower field time lapse,49.33,0.3333,4,1,youtube_suggest,2026-09-12 22:41:33.722978
105,Helios Field Cathedral,147,29,sunflower field painting tutorial,49.33,0.3333,4,1,youtube_suggest,2026-09-12 22:41:33.723177
105,Helios Field Cathedral,147,30,sunflower field watercolor tutorial,49.33,0.3333,4,1,youtube_suggest,2026-09-12 22:41:33.723377
105,Helios Field Cathedral,147,31,sunflower field acrylic painting,49.33,0.3333,4,1,youtube_suggest,2026-09-12 22:41:33.723587
105,Helios Field Cathedral,147,32,sunflower field canvas painting,49.33,0.3333,4,1,youtube_suggest,2026-09-12 22:41:33.723822
105,Helios Field Cathedral,147,33,sunflower field near chennai,49.33,0.3333,4,1,youtube_suggest,2026-09-12 22:41:33.724027
105,Helios Field Cathedral,147,34,sunflower field near coimbatore,49.33,0.3333,4,1,youtube_suggest,2026-09-12 22:41:33.724226
105,Helios Field Cathedral,147,35,sunflower field dove hunt,49.33,0.3333,4,1,youtube_suggest,2026-09-12 22:41:33.724433
105,Helios Field Cathedral,147,36,planting sunflower dove field,49.33,0.3333,4,1,youtube_suggest,2026-09-12 22:41:33.728874
105,Helios Field Cathedral,147,37,easy sunflower field painting,49.33,0.3333,4,1,youtube_suggest,2026-09-12 22:41:33.729134
105,Helios Field Cathedral,147,38,sunflower field stock footage,49.33,0.3333,4,1,youtube_suggest,2026-09-12 22:41:33.729369
105,Helios Field Cathedral,147,39,sunflower field gemini prompt,49.33,0.3333,4,1,youtube_suggest,2026-09-12 22:41:33.729695
105,Helios Field Cathedral,147,40,sunflower field green screen,49.33,0.3333,4,1,youtube_suggest,2026-09-12 22:41:33.729911
105,Helios Field Cathedral,147,41,sunflower field acrylic painting tutorial,48.0,0.2857,5,1,youtube_suggest,2026-09-12 22:41:33.730111
105,Helios Field Cathedral,147,42,sunflower field acrylic painting easy,48.0,0.2857,5,1,youtube_suggest,2026-09-12 22:41:33.730321
105,Helios Field Cathedral,147,43,sunflower field bee swarm simulator,48.0,0.2857,5,1,youtube_suggest,2026-09-12 22:41:33.730547
105,Helios Field Cathedral,147,44,sunflower field drawing oil pastel,48.0,0.2857,5,1,youtube_suggest,2026-09-12 22:41:33.730716
105,Helios Field Cathedral,147,45,sunflower field macro bee swarm simulator,47.5,0.25,6,1,youtube_suggest,2026-09-12 22:41:33.730896
105,Helios Field Cathedral,147,46,sunflower field,45.0,0.5,2,0,youtube_suggest,2026-09-12 22:41:33.731098
105,Helios Field Cathedral,147,47,cathedral of st helena,40.0,0.2,4,1,youtube_suggest,2026-09-12 22:41:33.731308
105,Helios Field Cathedral,147,48,cathedral of the deep bridge lever,40.0,0.1429,6,1,youtube_suggest,2026-09-12 22:41:33.731513
105,Helios Field Cathedral,147,49,cathedral of st helena montana,39.67,0.1667,5,1,youtube_suggest,2026-09-12 22:41:33.731720
105,Helios Field Cathedral,147,50,sunflower farm creamery goats in pajamas,38.75,0.125,6,1,youtube_suggest,2026-09-12 22:41:33.732008
105,Helios Field Cathedral,147,51,helix vs cathedral,38.0,0.2,3,1,youtube_suggest,2026-09-12 22:41:33.732195
105,Helios Field Cathedral,147,52,sunflower fields mother 3,37.67,0.1667,4,1,youtube_suggest,2026-09-12 22:41:33.732344
105,Helios Field Cathedral,147,53,cathedral of saint helena,37.67,0.1667,4,1,youtube_suggest,2026-09-12 22:41:33.732483
105,Helios Field Cathedral,147,54,cathedral of light nuremberg,37.67,0.1667,4,1,youtube_suggest,2026-09-12 22:41:33.736984
105,Helios Field Cathedral,147,55,sunflower farm creamery baby goats,36.75,0.125,5,1,youtube_suggest,2026-09-12 22:41:33.737261
105,Helios Field Cathedral,147,56,sunflower farm design hypixel skyblock,36.75,0.125,5,1,youtube_suggest,2026-09-12 22:41:33.737514
105,Helios Field Cathedral,147,57,sunflower farm garden tower defense,36.75,0.125,5,1,youtube_suggest,2026-09-12 22:41:33.737744
105,Helios Field Cathedral,147,58,helios creed superior catholic finger,36.75,0.125,5,1,youtube_suggest,2026-09-12 22:41:33.737925
105,Helios Field Cathedral,147,59,sunflower farm arayat pampanga,36.0,0.1429,4,1,youtube_suggest,2026-09-12 22:41:33.738079
105,Helios Field Cathedral,147,60,sunflower farm design hypixel,36.0,0.1429,4,1,youtube_suggest,2026-09-12 22:41:33.738232
106,Titanic Sun Tracker,148,1,sunflower field following the sun,63.0,0.5,5,1,youtube_suggest,2026-09-12 22:44:28.877514
106,Titanic Sun Tracker,148,2,sunflower field video,52.0,0.4,3,1,youtube_suggest,2026-09-12 22:44:28.877795
106,Titanic Sun Tracker,148,3,sunflower field background video,49.33,0.3333,4,1,youtube_suggest,2026-09-12 22:44:28.878002
106,Titanic Sun Tracker,148,4,sunflower field cinematic video,49.33,0.3333,4,1,youtube_suggest,2026-09-12 22:44:28.878199
106,Titanic Sun Tracker,148,5,sunflower field in west bengal,48.0,0.2857,5,1,youtube_suggest,2026-09-12 22:44:28.878405
106,Titanic Sun Tracker,148,6,sunflower field for dove hunting,48.0,0.2857,5,1,youtube_suggest,2026-09-12 22:44:28.878837
106,Titanic Sun Tracker,148,7,planting sunflower field for doves,48.0,0.2857,5,1,youtube_suggest,2026-09-12 22:44:28.879030
106,Titanic Sun Tracker,148,8,sunflower field part 2 greys,48.0,0.2857,5,1,youtube_suggest,2026-09-12 22:44:28.879217
106,Titanic Sun Tracker,148,9,sunflower field painting,47.33,0.3333,3,1,youtube_suggest,2026-09-12 22:44:28.879415
106,Titanic Sun Tracker,148,10,sunflower field ambience,47.33,0.3333,3,1,youtube_suggest,2026-09-12 22:44:28.879597
106,Titanic Sun Tracker,148,11,sunflower field song,47.33,0.3333,3,1,youtube_suggest,2026-09-12 22:44:28.879780
106,Titanic Sun Tracker,148,12,sunflower field acrylic,47.33,0.3333,3,1,youtube_suggest,2026-09-12 22:44:28.880216
106,Titanic Sun Tracker,148,13,sunflower field aesthetic,47.33,0.3333,3,1,youtube_suggest,2026-09-12 22:44:28.891583
106,Titanic Sun Tracker,148,14,sunflower field animation,47.33,0.3333,3,1,youtube_suggest,2026-09-12 22:44:28.894098
106,Titanic Sun Tracker,148,15,sunflower field background,47.33,0.3333,3,1,youtube_suggest,2026-09-12 22:44:28.895806
106,Titanic Sun Tracker,148,16,sunflower field bss,47.33,0.3333,3,1,youtube_suggest,2026-09-12 22:44:28.896157
106,Titanic Sun Tracker,148,17,sunflower field bangalore,47.33,0.3333,3,1,youtube_suggest,2026-09-12 22:44:28.896391
106,Titanic Sun Tracker,148,18,burning sunflower field,47.33,0.3333,3,1,youtube_suggest,2026-09-12 22:44:28.900013
106,Titanic Sun Tracker,148,19,sunflower field cultivator,47.33,0.3333,3,1,youtube_suggest,2026-09-12 22:44:28.900324
106,Titanic Sun Tracker,148,20,sunflower field drone,47.33,0.3333,3,1,youtube_suggest,2026-09-12 22:44:28.900625
106,Titanic Sun Tracker,148,21,sunflower field drawing,47.33,0.3333,3,1,youtube_suggest,2026-09-12 22:44:28.901460
106,Titanic Sun Tracker,148,22,sunflower dove field,47.33,0.3333,3,1,youtube_suggest,2026-09-12 22:44:28.901770
106,Titanic Sun Tracker,148,23,sunflower field music,47.33,0.3333,3,1,youtube_suggest,2026-09-12 22:44:28.902455
106,Titanic Sun Tracker,148,24,sunflower field france,47.33,0.3333,3,1,youtube_suggest,2026-09-12 22:44:28.902707
106,Titanic Sun Tracker,148,25,sunflower field greys,47.33,0.3333,3,1,youtube_suggest,2026-09-12 22:44:28.902919
106,Titanic Sun Tracker,148,26,sunflower field gundlupet,47.33,0.3333,3,1,youtube_suggest,2026-09-12 22:44:28.903109
106,Titanic Sun Tracker,148,27,titanic algodoo sleeping sun,46.0,0.2857,4,1,youtube_suggest,2026-09-12 22:44:28.903301
106,Titanic Sun Tracker,148,28,sunflower field painting acrylic,46.0,0.2857,4,1,youtube_suggest,2026-09-12 22:44:28.903476
106,Titanic Sun Tracker,148,29,sunflower field time lapse,46.0,0.2857,4,1,youtube_suggest,2026-09-12 22:44:28.903923
106,Titanic Sun Tracker,148,30,sunflower field painting tutorial,46.0,0.2857,4,1,youtube_suggest,2026-09-12 22:44:28.904160
106,Titanic Sun Tracker,148,31,sunflower field watercolor tutorial,46.0,0.2857,4,1,youtube_suggest,2026-09-12 22:44:28.904355
106,Titanic Sun Tracker,148,32,sunflower field acrylic painting,46.0,0.2857,4,1,youtube_suggest,2026-09-12 22:44:28.913529
106,Titanic Sun Tracker,148,33,sunflower field canvas painting,46.0,0.2857,4,1,youtube_suggest,2026-09-12 22:44:28.914205
106,Titanic Sun Tracker,148,34,sunflower field near chennai,46.0,0.2857,4,1,youtube_suggest,2026-09-12 22:44:28.914434
106,Titanic Sun Tracker,148,35,sunflower field near coimbatore,46.0,0.2857,4,1,youtube_suggest,2026-09-12 22:44:28.914627
106,Titanic Sun Tracker,148,36,sunflower field dove hunt,46.0,0.2857,4,1,youtube_suggest,2026-09-12 22:44:28.915899
106,Titanic Sun Tracker,148,37,planting sunflower dove field,46.0,0.2857,4,1,youtube_suggest,2026-09-12 22:44:28.919356
106,Titanic Sun Tracker,148,38,easy sunflower field painting,46.0,0.2857,4,1,youtube_suggest,2026-09-12 22:44:28.919666
106,Titanic Sun Tracker,148,39,sunflower field stock footage,46.0,0.2857,4,1,youtube_suggest,2026-09-12 22:44:28.920140
106,Titanic Sun Tracker,148,40,sunflower field gemini prompt,46.0,0.2857,4,1,youtube_suggest,2026-09-12 22:44:28.920348
106,Titanic Sun Tracker,148,41,sunflower field green screen,46.0,0.2857,4,1,youtube_suggest,2026-09-12 22:44:28.921426
106,Titanic Sun Tracker,148,42,sunflower field macro bee swarm simulator,45.56,0.2222,6,1,youtube_suggest,2026-09-12 22:44:28.922364
106,Titanic Sun Tracker,148,43,sunflower field acrylic painting tutorial,45.5,0.25,5,1,youtube_suggest,2026-09-12 22:44:28.923551
106,Titanic Sun Tracker,148,44,sunflower field acrylic painting easy,45.5,0.25,5,1,youtube_suggest,2026-09-12 22:44:28.924843
106,Titanic Sun Tracker,148,45,sunflower field bee swarm simulator,45.5,0.25,5,1,youtube_suggest,2026-09-12 22:44:28.925227
106,Titanic Sun Tracker,148,46,sunflower field drawing oil pastel,45.5,0.25,5,1,youtube_suggest,2026-09-12 22:44:28.928901
106,Titanic Sun Tracker,148,47,sunflower field,38.0,0.4,2,0,youtube_suggest,2026-09-12 22:44:28.929057
106,Titanic Sun Tracker,148,48,sunflower farm creamery goats in pajamas,37.78,0.1111,6,1,youtube_suggest,2026-09-12 22:44:28.930540
106,Titanic Sun Tracker,148,49,titanic sinking lights go out,36.75,0.125,5,1,youtube_suggest,2026-09-12 22:44:28.931154
106,Titanic Sun Tracker,148,50,titanic list to port,36.0,0.1429,4,1,youtube_suggest,2026-09-12 22:44:28.931364
106,Titanic Sun Tracker,148,51,titanic setting up lifeboats,36.0,0.1429,4,1,youtube_suggest,2026-09-12 22:44:28.931521
106,Titanic Sun Tracker,148,52,sunflower fields mother 3,36.0,0.1429,4,1,youtube_suggest,2026-09-12 22:44:28.931651
106,Titanic Sun Tracker,148,53,sunflower farm creamery baby goats,35.78,0.1111,5,1,youtube_suggest,2026-09-12 22:44:28.931799
106,Titanic Sun Tracker,148,54,sunflower farm design hypixel skyblock,35.78,0.1111,5,1,youtube_suggest,2026-09-12 22:44:28.931948
106,Titanic Sun Tracker,148,55,sunflower farm garden tower defense,35.78,0.1111,5,1,youtube_suggest,2026-09-12 22:44:28.932267
106,Titanic Sun Tracker,148,56,titanic ship car dashboard,34.75,0.125,4,1,youtube_suggest,2026-09-12 22:44:28.933161
106,Titanic Sun Tracker,148,57,titanic music while sinking,34.75,0.125,4,1,youtube_suggest,2026-09-12 22:44:28.933396
106,Titanic Sun Tracker,148,58,sunflower farm arayat pampanga,34.75,0.125,4,1,youtube_suggest,2026-09-12 22:44:28.933556
106,Titanic Sun Tracker,148,59,sunflower farm design hypixel,34.75,0.125,4,1,youtube_suggest,2026-09-12 22:44:28.933989
106,Titanic Sun Tracker,148,60,sunflower farm design skyblock,34.75,0.125,4,1,youtube_suggest,2026-09-12 22:44:28.934156
107,The Golden Root Engine,149,1,sunflower field video,52.0,0.4,3,1,youtube_suggest,2026-09-12 22:47:28.529589
107,The Golden Root Engine,149,2,sunflower field background video,49.33,0.3333,4,1,youtube_suggest,2026-09-12 22:47:28.529850
107,The Golden Root Engine,149,3,sunflower field cinematic video,49.33,0.3333,4,1,youtube_suggest,2026-09-12 22:47:28.530019
107,The Golden Root Engine,149,4,sunflower field in west bengal,48.0,0.2857,5,1,youtube_suggest,2026-09-12 22:47:28.530166
107,The Golden Root Engine,149,5,sunflower field for dove hunting,48.0,0.2857,5,1,youtube_suggest,2026-09-12 22:47:28.530314
107,The Golden Root Engine,149,6,sunflower field following the sun,48.0,0.2857,5,1,youtube_suggest,2026-09-12 22:47:28.530448
107,The Golden Root Engine,149,7,planting sunflower field for doves,48.0,0.2857,5,1,youtube_suggest,2026-09-12 22:47:28.530861
107,The Golden Root Engine,149,8,sunflower field part 2 greys,48.0,0.2857,5,1,youtube_suggest,2026-09-12 22:47:28.531018
107,The Golden Root Engine,149,9,sunflower field painting,47.33,0.3333,3,1,youtube_suggest,2026-09-12 22:47:28.531157
107,The Golden Root Engine,149,10,sunflower field ambience,47.33,0.3333,3,1,youtube_suggest,2026-09-12 22:47:28.536846
107,The Golden Root Engine,149,11,sunflower field song,47.33,0.3333,3,1,youtube_suggest,2026-09-12 22:47:28.537056
107,The Golden Root Engine,149,12,sunflower field acrylic,47.33,0.3333,3,1,youtube_suggest,2026-09-12 22:47:28.537264
107,The Golden Root Engine,149,13,sunflower field aesthetic,47.33,0.3333,3,1,youtube_suggest,2026-09-12 22:47:28.537707
107,The Golden Root Engine,149,14,sunflower field animation,47.33,0.3333,3,1,youtube_suggest,2026-09-12 22:47:28.537887
107,The Golden Root Engine,149,15,sunflower field background,47.33,0.3333,3,1,youtube_suggest,2026-09-12 22:47:28.538091
107,The Golden Root Engine,149,16,sunflower field bss,47.33,0.3333,3,1,youtube_suggest,2026-09-12 22:47:28.538280
107,The Golden Root Engine,149,17,sunflower field bangalore,47.33,0.3333,3,1,youtube_suggest,2026-09-12 22:47:28.538468
107,The Golden Root Engine,149,18,burning sunflower field,47.33,0.3333,3,1,youtube_suggest,2026-09-12 22:47:28.538651
107,The Golden Root Engine,149,19,sunflower field cultivator,47.33,0.3333,3,1,youtube_suggest,2026-09-12 22:47:28.539083
107,The Golden Root Engine,149,20,sunflower field drone,47.33,0.3333,3,1,youtube_suggest,2026-09-12 22:47:28.539287
107,The Golden Root Engine,149,21,sunflower field drawing,47.33,0.3333,3,1,youtube_suggest,2026-09-12 22:47:28.539475
107,The Golden Root Engine,149,22,sunflower dove field,47.33,0.3333,3,1,youtube_suggest,2026-09-12 22:47:28.542768
107,The Golden Root Engine,149,23,sunflower field music,47.33,0.3333,3,1,youtube_suggest,2026-09-12 22:47:28.543316
107,The Golden Root Engine,149,24,sunflower field france,47.33,0.3333,3,1,youtube_suggest,2026-09-12 22:47:28.543564
107,The Golden Root Engine,149,25,sunflower field greys,47.33,0.3333,3,1,youtube_suggest,2026-09-12 22:47:28.543804
107,The Golden Root Engine,149,26,sunflower field gundlupet,47.33,0.3333,3,1,youtube_suggest,2026-09-12 22:47:28.543994
107,The Golden Root Engine,149,27,golden root drops,47.33,0.3333,3,1,youtube_suggest,2026-09-12 22:47:28.544235
107,The Golden Root Engine,149,28,sunflower field painting acrylic,46.0,0.2857,4,1,youtube_suggest,2026-09-12 22:47:28.544425
107,The Golden Root Engine,149,29,sunflower field time lapse,46.0,0.2857,4,1,youtube_suggest,2026-09-12 22:47:28.548341
107,The Golden Root Engine,149,30,sunflower field painting tutorial,46.0,0.2857,4,1,youtube_suggest,2026-09-12 22:47:28.548624
107,The Golden Root Engine,149,31,sunflower field watercolor tutorial,46.0,0.2857,4,1,youtube_suggest,2026-09-12 22:47:28.548835
107,The Golden Root Engine,149,32,sunflower field acrylic painting,46.0,0.2857,4,1,youtube_suggest,2026-09-12 22:47:28.549286
107,The Golden Root Engine,149,33,sunflower field canvas painting,46.0,0.2857,4,1,youtube_suggest,2026-09-12 22:47:28.549479
107,The Golden Root Engine,149,34,sunflower field near chennai,46.0,0.2857,4,1,youtube_suggest,2026-09-12 22:47:28.549663
107,The Golden Root Engine,149,35,sunflower field near coimbatore,46.0,0.2857,4,1,youtube_suggest,2026-09-12 22:47:28.550008
107,The Golden Root Engine,149,36,sunflower field dove hunt,46.0,0.2857,4,1,youtube_suggest,2026-09-12 22:47:28.550895
107,The Golden Root Engine,149,37,planting sunflower dove field,46.0,0.2857,4,1,youtube_suggest,2026-09-12 22:47:28.551544
107,The Golden Root Engine,149,38,easy sunflower field painting,46.0,0.2857,4,1,youtube_suggest,2026-09-12 22:47:28.552853
107,The Golden Root Engine,149,39,sunflower field stock footage,46.0,0.2857,4,1,youtube_suggest,2026-09-12 22:47:28.554301
107,The Golden Root Engine,149,40,sunflower field gemini prompt,46.0,0.2857,4,1,youtube_suggest,2026-09-12 22:47:28.554937
107,The Golden Root Engine,149,41,sunflower field green screen,46.0,0.2857,4,1,youtube_suggest,2026-09-12 22:47:28.555583
107,The Golden Root Engine,149,42,sunflower field macro bee swarm simulator,45.56,0.2222,6,1,youtube_suggest,2026-09-12 22:47:28.556815
107,The Golden Root Engine,149,43,sunflower field acrylic painting tutorial,45.5,0.25,5,1,youtube_suggest,2026-09-12 22:47:28.557011
107,The Golden Root Engine,149,44,sunflower field acrylic painting easy,45.5,0.25,5,1,youtube_suggest,2026-09-12 22:47:28.557150
107,The Golden Root Engine,149,45,sunflower field bee swarm simulator,45.5,0.25,5,1,youtube_suggest,2026-09-12 22:47:28.557536
107,The Golden Root Engine,149,46,sunflower field drawing oil pastel,45.5,0.25,5,1,youtube_suggest,2026-09-12 22:47:28.557698
107,The Golden Root Engine,149,47,sunflower field,38.0,0.4,2,0,youtube_suggest,2026-09-12 22:47:28.557834
107,The Golden Root Engine,149,48,golden root,38.0,0.4,2,0,youtube_suggest,2026-09-12 22:47:28.557966
107,The Golden Root Engine,149,49,the golden book of chemistry,38.0,0.1429,5,1,youtube_suggest,2026-09-12 22:47:28.560572
107,The Golden Root Engine,149,50,the golden 1.9,38.0,0.2,3,1,youtube_suggest,2026-09-12 22:47:28.561050
107,The Golden Root Engine,149,51,sunflower farm creamery goats in pajamas,37.78,0.1111,6,1,youtube_suggest,2026-09-12 22:47:28.561241
107,The Golden Root Engine,149,52,the golden dawn - power plant (1968),37.78,0.1111,7,1,youtube_suggest,2026-09-12 22:47:28.561627
107,The Golden Root Engine,149,53,the golden dawn power plant,36.75,0.125,5,1,youtube_suggest,2026-09-12 22:47:28.561779
107,The Golden Root Engine,149,54,sunflower fields mother 3,36.0,0.1429,4,1,youtube_suggest,2026-09-12 22:47:28.561916
107,The Golden Root Engine,149,55,the golden seal 1971,36.0,0.1429,4,1,youtube_suggest,2026-09-12 22:47:28.562051
107,The Golden Root Engine,149,56,golden can of oil,36.0,0.1429,4,1,youtube_suggest,2026-09-12 22:47:28.562190
107,The Golden Root Engine,149,57,the golden beetle 1907,36.0,0.1429,4,1,youtube_suggest,2026-09-12 22:47:28.562327
107,The Golden Root Engine,149,58,the golden calf explained,36.0,0.1429,4,1,youtube_suggest,2026-09-12 22:47:28.562555
107,The Golden Root Engine,149,59,sunflower farm creamery baby goats,35.78,0.1111,5,1,youtube_suggest,2026-09-12 22:47:28.563003
107,The Golden Root Engine,149,60,sunflower farm design hypixel skyblock,35.78,0.1111,5,1,youtube_suggest,2026-09-12 22:47:28.563257
108,Sunflower Leviathan,150,1,sunflower field video,70.67,0.6667,3,1,youtube_suggest,2026-09-12 22:50:36.247901
108,Sunflower Leviathan,150,2,sunflower field background video,61.0,0.5,4,1,youtube_suggest,2026-09-12 22:50:36.248197
108,Sunflower Leviathan,150,3,sunflower field cinematic video,61.0,0.5,4,1,youtube_suggest,2026-09-12 22:50:36.248420
108,Sunflower Leviathan,150,4,sunflower field painting,59.0,0.5,3,1,youtube_suggest,2026-09-12 22:50:36.251505
108,Sunflower Leviathan,150,5,sunflower field ambience,59.0,0.5,3,1,youtube_suggest,2026-09-12 22:50:36.252444
108,Sunflower Leviathan,150,6,sunflower field song,59.0,0.5,3,1,youtube_suggest,2026-09-12 22:50:36.253711
108,Sunflower Leviathan,150,7,sunflower field acrylic,59.0,0.5,3,1,youtube_suggest,2026-09-12 22:50:36.254553
108,Sunflower Leviathan,150,8,sunflower field aesthetic,59.0,0.5,3,1,youtube_suggest,2026-09-12 22:50:36.255408
108,Sunflower Leviathan,150,9,sunflower field animation,59.0,0.5,3,1,youtube_suggest,2026-09-12 22:50:36.256216
108,Sunflower Leviathan,150,10,sunflower field background,59.0,0.5,3,1,youtube_suggest,2026-09-12 22:50:36.256469
108,Sunflower Leviathan,150,11,sunflower field bss,59.0,0.5,3,1,youtube_suggest,2026-09-12 22:50:36.257668
108,Sunflower Leviathan,150,12,sunflower field bangalore,59.0,0.5,3,1,youtube_suggest,2026-09-12 22:50:36.257872
108,Sunflower Leviathan,150,13,burning sunflower field,59.0,0.5,3,1,youtube_suggest,2026-09-12 22:50:36.258128
108,Sunflower Leviathan,150,14,sunflower field cultivator,59.0,0.5,3,1,youtube_suggest,2026-09-12 22:50:36.258359
108,Sunflower Leviathan,150,15,sunflower field drone,59.0,0.5,3,1,youtube_suggest,2026-09-12 22:50:36.258567
108,Sunflower Leviathan,150,16,sunflower field drawing,59.0,0.5,3,1,youtube_suggest,2026-09-12 22:50:36.260657
108,Sunflower Leviathan,150,17,sunflower dove field,59.0,0.5,3,1,youtube_suggest,2026-09-12 22:50:36.260892
108,Sunflower Leviathan,150,18,sunflower field music,59.0,0.5,3,1,youtube_suggest,2026-09-12 22:50:36.261084
108,Sunflower Leviathan,150,19,sunflower field france,59.0,0.5,3,1,youtube_suggest,2026-09-12 22:50:36.261359
108,Sunflower Leviathan,150,20,sunflower field greys,59.0,0.5,3,1,youtube_suggest,2026-09-12 22:50:36.261630
108,Sunflower Leviathan,150,21,sunflower field gundlupet,59.0,0.5,3,1,youtube_suggest,2026-09-12 22:50:36.261792
108,Sunflower Leviathan,150,22,sunflower field,56.67,0.6667,2,0,youtube_suggest,2026-09-12 22:50:36.264796
108,Sunflower Leviathan,150,23,sunflower field in west bengal,56.0,0.4,5,1,youtube_suggest,2026-09-12 22:50:36.265015
108,Sunflower Leviathan,150,24,sunflower field for dove hunting,56.0,0.4,5,1,youtube_suggest,2026-09-12 22:50:36.265212
108,Sunflower Leviathan,150,25,sunflower field following the sun,56.0,0.4,5,1,youtube_suggest,2026-09-12 22:50:36.265428
108,Sunflower Leviathan,150,26,planting sunflower field for doves,56.0,0.4,5,1,youtube_suggest,2026-09-12 22:50:36.265678
108,Sunflower Leviathan,150,27,sunflower field part 2 greys,56.0,0.4,5,1,youtube_suggest,2026-09-12 22:50:36.265867
108,Sunflower Leviathan,150,28,sunflower field painting acrylic,54.0,0.4,4,1,youtube_suggest,2026-09-12 22:50:36.266044
108,Sunflower Leviathan,150,29,sunflower field time lapse,54.0,0.4,4,1,youtube_suggest,2026-09-12 22:50:36.266333
108,Sunflower Leviathan,150,30,sunflower field painting tutorial,54.0,0.4,4,1,youtube_suggest,2026-09-12 22:50:36.266578
108,Sunflower Leviathan,150,31,sunflower field watercolor tutorial,54.0,0.4,4,1,youtube_suggest,2026-09-12 22:50:36.266864
108,Sunflower Leviathan,150,32,sunflower field acrylic painting,54.0,0.4,4,1,youtube_suggest,2026-09-12 22:50:36.267052
108,Sunflower Leviathan,150,33,sunflower field canvas painting,54.0,0.4,4,1,youtube_suggest,2026-09-12 22:50:36.267239
108,Sunflower Leviathan,150,34,sunflower field near chennai,54.0,0.4,4,1,youtube_suggest,2026-09-12 22:50:36.267437
108,Sunflower Leviathan,150,35,sunflower field near coimbatore,54.0,0.4,4,1,youtube_suggest,2026-09-12 22:50:36.268796
108,Sunflower Leviathan,150,36,sunflower field dove hunt,54.0,0.4,4,1,youtube_suggest,2026-09-12 22:50:36.268999
108,Sunflower Leviathan,150,37,planting sunflower dove field,54.0,0.4,4,1,youtube_suggest,2026-09-12 22:50:36.269187
108,Sunflower Leviathan,150,38,easy sunflower field painting,54.0,0.4,4,1,youtube_suggest,2026-09-12 22:50:36.270759
108,Sunflower Leviathan,150,39,sunflower field stock footage,54.0,0.4,4,1,youtube_suggest,2026-09-12 22:50:36.270988
108,Sunflower Leviathan,150,40,sunflower field gemini prompt,54.0,0.4,4,1,youtube_suggest,2026-09-12 22:50:36.271246
108,Sunflower Leviathan,150,41,sunflower field green screen,54.0,0.4,4,1,youtube_suggest,2026-09-12 22:50:36.271449
108,Sunflower Leviathan,150,42,sunflower field acrylic painting tutorial,51.33,0.3333,5,1,youtube_suggest,2026-09-12 22:50:36.271685
108,Sunflower Leviathan,150,43,sunflower field acrylic painting easy,51.33,0.3333,5,1,youtube_suggest,2026-09-12 22:50:36.271871
108,Sunflower Leviathan,150,44,sunflower field bee swarm simulator,51.33,0.3333,5,1,youtube_suggest,2026-09-12 22:50:36.272060
108,Sunflower Leviathan,150,45,sunflower field drawing oil pastel,51.33,0.3333,5,1,youtube_suggest,2026-09-12 22:50:36.272240
108,Sunflower Leviathan,150,46,sunflower field macro bee swarm simulator,50.0,0.2857,6,1,youtube_suggest,2026-09-12 22:50:36.272430
108,Sunflower Leviathan,150,47,sunflower times sunflower,41.5,0.25,3,1,youtube_suggest,2026-09-12 22:50:36.275942
108,Sunflower Leviathan,150,48,sunflower fields mother 3,40.0,0.2,4,1,youtube_suggest,2026-09-12 22:50:36.276164
108,Sunflower Leviathan,150,49,sunflower farm creamery goats in pajamas,40.0,0.1429,6,1,youtube_suggest,2026-09-12 22:50:36.276403
108,Sunflower Leviathan,150,50,sunflower synth reprise,38.0,0.2,3,1,youtube_suggest,2026-09-12 22:50:36.276895
108,Sunflower Leviathan,150,51,sunflower farm araku,38.0,0.2,3,1,youtube_suggest,2026-09-12 22:50:36.277098
108,Sunflower Leviathan,150,52,sunflower farm australia,38.0,0.2,3,1,youtube_suggest,2026-09-12 22:50:36.277289
108,Sunflower Leviathan,150,53,sunflower farm baguio,38.0,0.2,3,1,youtube_suggest,2026-09-12 22:50:36.277487
108,Sunflower Leviathan,150,54,sunflower farm boisar,38.0,0.2,3,1,youtube_suggest,2026-09-12 22:50:36.277669
108,Sunflower Leviathan,150,55,sunflower farm creamery,38.0,0.2,3,1,youtube_suggest,2026-09-12 22:50:36.278888
108,Sunflower Leviathan,150,56,sunflower farm creamery baby goats,38.0,0.1429,5,1,youtube_suggest,2026-09-12 22:50:36.279158
108,Sunflower Leviathan,150,57,sunflower farm design hypixel skyblock,38.0,0.1429,5,1,youtube_suggest,2026-09-12 22:50:36.279356
108,Sunflower Leviathan,150,58,sunflower farm drawing,38.0,0.2,3,1,youtube_suggest,2026-09-12 22:50:36.280783
108,Sunflower Leviathan,150,59,sunflower farm goats,38.0,0.2,3,1,youtube_suggest,2026-09-12 22:50:36.280977
108,Sunflower Leviathan,150,60,sunflower farm garden tower defense,38.0,0.1429,5,1,youtube_suggest,2026-09-12 22:50:36.281225
109,Petal Storm Generator,151,1,sunflower field video,52.0,0.4,3,1,youtube_suggest,2026-09-12 22:53:13.876428
109,Petal Storm Generator,151,2,sunflower field background video,49.33,0.3333,4,1,youtube_suggest,2026-09-12 22:53:13.876832
109,Petal Storm Generator,151,3,sunflower field cinematic video,49.33,0.3333,4,1,youtube_suggest,2026-09-12 22:53:13.877059
109,Petal Storm Generator,151,4,sunflower field in west bengal,48.0,0.2857,5,1,youtube_suggest,2026-09-12 22:53:13.877272
109,Petal Storm Generator,151,5,sunflower field for dove hunting,48.0,0.2857,5,1,youtube_suggest,2026-09-12 22:53:13.877525
109,Petal Storm Generator,151,6,sunflower field following the sun,48.0,0.2857,5,1,youtube_suggest,2026-09-12 22:53:13.877758
109,Petal Storm Generator,151,7,planting sunflower field for doves,48.0,0.2857,5,1,youtube_suggest,2026-09-12 22:53:13.877981
109,Petal Storm Generator,151,8,sunflower field part 2 greys,48.0,0.2857,5,1,youtube_suggest,2026-09-12 22:53:13.878182
109,Petal Storm Generator,151,9,sunflower field painting,47.33,0.3333,3,1,youtube_suggest,2026-09-12 22:53:13.878392
109,Petal Storm Generator,151,10,sunflower field ambience,47.33,0.3333,3,1,youtube_suggest,2026-09-12 22:53:13.878592
109,Petal Storm Generator,151,11,sunflower field song,47.33,0.3333,3,1,youtube_suggest,2026-09-12 22:53:13.878793
109,Petal Storm Generator,151,12,sunflower field acrylic,47.33,0.3333,3,1,youtube_suggest,2026-09-12 22:53:13.878994
109,Petal Storm Generator,151,13,sunflower field aesthetic,47.33,0.3333,3,1,youtube_suggest,2026-09-12 22:53:13.879190
109,Petal Storm Generator,151,14,sunflower field animation,47.33,0.3333,3,1,youtube_suggest,2026-09-12 22:53:13.879400
109,Petal Storm Generator,151,15,sunflower field background,47.33,0.3333,3,1,youtube_suggest,2026-09-12 22:53:13.879597
109,Petal Storm Generator,151,16,sunflower field bss,47.33,0.3333,3,1,youtube_suggest,2026-09-12 22:53:13.879807
109,Petal Storm Generator,151,17,sunflower field bangalore,47.33,0.3333,3,1,youtube_suggest,2026-09-12 22:53:13.880001
109,Petal Storm Generator,151,18,burning sunflower field,47.33,0.3333,3,1,youtube_suggest,2026-09-12 22:53:13.880189
109,Petal Storm Generator,151,19,sunflower field cultivator,47.33,0.3333,3,1,youtube_suggest,2026-09-12 22:53:13.880419
109,Petal Storm Generator,151,20,sunflower field drone,47.33,0.3333,3,1,youtube_suggest,2026-09-12 22:53:13.884814
109,Petal Storm Generator,151,21,sunflower field drawing,47.33,0.3333,3,1,youtube_suggest,2026-09-12 22:53:13.885108
109,Petal Storm Generator,151,22,sunflower dove field,47.33,0.3333,3,1,youtube_suggest,2026-09-12 22:53:13.885419
109,Petal Storm Generator,151,23,sunflower field music,47.33,0.3333,3,1,youtube_suggest,2026-09-12 22:53:13.885626
109,Petal Storm Generator,151,24,sunflower field france,47.33,0.3333,3,1,youtube_suggest,2026-09-12 22:53:13.885824
109,Petal Storm Generator,151,25,sunflower field greys,47.33,0.3333,3,1,youtube_suggest,2026-09-12 22:53:13.886023
109,Petal Storm Generator,151,26,sunflower field gundlupet,47.33,0.3333,3,1,youtube_suggest,2026-09-12 22:53:13.886217
109,Petal Storm Generator,151,27,sunflower field painting acrylic,46.0,0.2857,4,1,youtube_suggest,2026-09-12 22:53:13.886423
109,Petal Storm Generator,151,28,sunflower field time lapse,46.0,0.2857,4,1,youtube_suggest,2026-09-12 22:53:13.886606
109,Petal Storm Generator,151,29,sunflower field painting tutorial,46.0,0.2857,4,1,youtube_suggest,2026-09-12 22:53:13.886788
109,Petal Storm Generator,151,30,sunflower field watercolor tutorial,46.0,0.2857,4,1,youtube_suggest,2026-09-12 22:53:13.886968
109,Petal Storm Generator,151,31,sunflower field acrylic painting,46.0,0.2857,4,1,youtube_suggest,2026-09-12 22:53:13.887161
109,Petal Storm Generator,151,32,sunflower field canvas painting,46.0,0.2857,4,1,youtube_suggest,2026-09-12 22:53:13.887353
109,Petal Storm Generator,151,33,sunflower field near chennai,46.0,0.2857,4,1,youtube_suggest,2026-09-12 22:53:13.887536
109,Petal Storm Generator,151,34,sunflower field near coimbatore,46.0,0.2857,4,1,youtube_suggest,2026-09-12 22:53:13.887713
109,Petal Storm Generator,151,35,sunflower field dove hunt,46.0,0.2857,4,1,youtube_suggest,2026-09-12 22:53:13.887891
109,Petal Storm Generator,151,36,planting sunflower dove field,46.0,0.2857,4,1,youtube_suggest,2026-09-12 22:53:13.888072
109,Petal Storm Generator,151,37,easy sunflower field painting,46.0,0.2857,4,1,youtube_suggest,2026-09-12 22:53:13.888249
109,Petal Storm Generator,151,38,sunflower field stock footage,46.0,0.2857,4,1,youtube_suggest,2026-09-12 22:53:13.888441
109,Petal Storm Generator,151,39,sunflower field gemini prompt,46.0,0.2857,4,1,youtube_suggest,2026-09-12 22:53:13.892572
109,Petal Storm Generator,151,40,sunflower field green screen,46.0,0.2857,4,1,youtube_suggest,2026-09-12 22:53:13.892826
109,Petal Storm Generator,151,41,storm cat 63cc generator,46.0,0.2857,4,1,youtube_suggest,2026-09-12 22:53:13.893026
109,Petal Storm Generator,151,42,storm responder 8250 generator,46.0,0.2857,4,1,youtube_suggest,2026-09-12 22:53:13.893211
109,Petal Storm Generator,151,43,sunflower field macro bee swarm simulator,45.56,0.2222,6,1,youtube_suggest,2026-09-12 22:53:13.893412
109,Petal Storm Generator,151,44,storm cat portable generator 800 watts,45.56,0.2222,6,1,youtube_suggest,2026-09-12 22:53:13.893599
109,Petal Storm Generator,151,45,briggs and stratton 6250 storm responder generator,45.56,0.2222,7,1,youtube_suggest,2026-09-12 22:53:13.893787
109,Petal Storm Generator,151,46,sunflower field acrylic painting tutorial,45.5,0.25,5,1,youtube_suggest,2026-09-12 22:53:13.893981
109,Petal Storm Generator,151,47,sunflower field acrylic painting easy,45.5,0.25,5,1,youtube_suggest,2026-09-12 22:53:13.894161
109,Petal Storm Generator,151,48,sunflower field bee swarm simulator,45.5,0.25,5,1,youtube_suggest,2026-09-12 22:53:13.894350
109,Petal Storm Generator,151,49,sunflower field drawing oil pastel,45.5,0.25,5,1,youtube_suggest,2026-09-12 22:53:13.894525
109,Petal Storm Generator,151,50,storm cat generator won't start,45.5,0.25,5,1,youtube_suggest,2026-09-12 22:53:13.894685
109,Petal Storm Generator,151,51,storm cat portable generator 700 running watts,44.0,0.2,7,1,youtube_suggest,2026-09-12 22:53:13.894869
109,Petal Storm Generator,151,52,sunflower field,38.0,0.4,2,0,youtube_suggest,2026-09-12 22:53:13.895046
109,Petal Storm Generator,151,53,petal storm,38.0,0.4,2,0,youtube_suggest,2026-09-12 22:53:13.895212
109,Petal Storm Generator,151,54,sunflower farm creamery goats in pajamas,37.78,0.1111,6,1,youtube_suggest,2026-09-12 22:53:13.895394
109,Petal Storm Generator,151,55,black max generator not producing power,37.0,0.1,6,1,youtube_suggest,2026-09-12 22:53:13.895594
109,Petal Storm Generator,151,56,black max generator 3600 won't start,37.0,0.1,6,1,youtube_suggest,2026-09-12 22:53:13.895769
109,Petal Storm Generator,151,57,sunflower fields mother 3,36.0,0.1429,4,1,youtube_suggest,2026-09-12 22:53:13.895942
109,Petal Storm Generator,151,58,overfluxing protection in generator,36.0,0.1429,4,1,youtube_suggest,2026-09-12 22:53:13.896109
109,Petal Storm Generator,151,59,generator runs no power,36.0,0.1429,4,1,youtube_suggest,2026-09-12 22:53:13.896325
109,Petal Storm Generator,151,60,generator runs on water,36.0,0.1429,4,1,youtube_suggest,2026-09-12 22:53:13.896513
110,The Million-Arm Pollinator,152,1,sunflower field video,52.0,0.4,3,1,youtube_suggest,2026-09-12 22:55:28.771682
110,The Million-Arm Pollinator,152,2,the million dollar arm,49.33,0.3333,4,1,youtube_suggest,2026-09-12 22:55:28.772132
110,The Million-Arm Pollinator,152,3,sunflower field background video,49.33,0.3333,4,1,youtube_suggest,2026-09-12 22:55:28.772348
110,The Million-Arm Pollinator,152,4,sunflower field cinematic video,49.33,0.3333,4,1,youtube_suggest,2026-09-12 22:55:28.776639
110,The Million-Arm Pollinator,152,5,the million dollar arm movie,48.0,0.2857,5,1,youtube_suggest,2026-09-12 22:55:28.777012
110,The Million-Arm Pollinator,152,6,sunflower field in west bengal,48.0,0.2857,5,1,youtube_suggest,2026-09-12 22:55:28.777219
110,The Million-Arm Pollinator,152,7,sunflower field for dove hunting,48.0,0.2857,5,1,youtube_suggest,2026-09-12 22:55:28.777416
110,The Million-Arm Pollinator,152,8,sunflower field following the sun,48.0,0.2857,5,1,youtube_suggest,2026-09-12 22:55:28.777756
110,The Million-Arm Pollinator,152,9,planting sunflower field for doves,48.0,0.2857,5,1,youtube_suggest,2026-09-12 22:55:28.777961
110,The Million-Arm Pollinator,152,10,sunflower field part 2 greys,48.0,0.2857,5,1,youtube_suggest,2026-09-12 22:55:28.778160
110,The Million-Arm Pollinator,152,11,sunflower field painting,47.33,0.3333,3,1,youtube_suggest,2026-09-12 22:55:28.778354
110,The Million-Arm Pollinator,152,12,sunflower field ambience,47.33,0.3333,3,1,youtube_suggest,2026-09-12 22:55:28.778548
110,The Million-Arm Pollinator,152,13,sunflower field song,47.33,0.3333,3,1,youtube_suggest,2026-09-12 22:55:28.778730
110,The Million-Arm Pollinator,152,14,sunflower field acrylic,47.33,0.3333,3,1,youtube_suggest,2026-09-12 22:55:28.778919
110,The Million-Arm Pollinator,152,15,sunflower field aesthetic,47.33,0.3333,3,1,youtube_suggest,2026-09-12 22:55:28.779254
110,The Million-Arm Pollinator,152,16,sunflower field animation,47.33,0.3333,3,1,youtube_suggest,2026-09-12 22:55:28.779441
110,The Million-Arm Pollinator,152,17,sunflower field background,47.33,0.3333,3,1,youtube_suggest,2026-09-12 22:55:28.779626
110,The Million-Arm Pollinator,152,18,sunflower field bss,47.33,0.3333,3,1,youtube_suggest,2026-09-12 22:55:28.779808
110,The Million-Arm Pollinator,152,19,sunflower field bangalore,47.33,0.3333,3,1,youtube_suggest,2026-09-12 22:55:28.780000
110,The Million-Arm Pollinator,152,20,burning sunflower field,47.33,0.3333,3,1,youtube_suggest,2026-09-12 22:55:28.780175
110,The Million-Arm Pollinator,152,21,sunflower field cultivator,47.33,0.3333,3,1,youtube_suggest,2026-09-12 22:55:28.780410
110,The Million-Arm Pollinator,152,22,sunflower field drone,47.33,0.3333,3,1,youtube_suggest,2026-09-12 22:55:28.788526
110,The Million-Arm Pollinator,152,23,sunflower field drawing,47.33,0.3333,3,1,youtube_suggest,2026-09-12 22:55:28.788994
110,The Million-Arm Pollinator,152,24,sunflower dove field,47.33,0.3333,3,1,youtube_suggest,2026-09-12 22:55:28.789239
110,The Million-Arm Pollinator,152,25,sunflower field music,47.33,0.3333,3,1,youtube_suggest,2026-09-12 22:55:28.789488
110,The Million-Arm Pollinator,152,26,sunflower field france,47.33,0.3333,3,1,youtube_suggest,2026-09-12 22:55:28.789759
110,The Million-Arm Pollinator,152,27,sunflower field greys,47.33,0.3333,3,1,youtube_suggest,2026-09-12 22:55:28.790256
110,The Million-Arm Pollinator,152,28,sunflower field gundlupet,47.33,0.3333,3,1,youtube_suggest,2026-09-12 22:55:28.790504
110,The Million-Arm Pollinator,152,29,sunflower field painting acrylic,46.0,0.2857,4,1,youtube_suggest,2026-09-12 22:55:28.790730
110,The Million-Arm Pollinator,152,30,sunflower field time lapse,46.0,0.2857,4,1,youtube_suggest,2026-09-12 22:55:28.791146
110,The Million-Arm Pollinator,152,31,sunflower field painting tutorial,46.0,0.2857,4,1,youtube_suggest,2026-09-12 22:55:28.791365
110,The Million-Arm Pollinator,152,32,sunflower field watercolor tutorial,46.0,0.2857,4,1,youtube_suggest,2026-09-12 22:55:28.791560
110,The Million-Arm Pollinator,152,33,sunflower field acrylic painting,46.0,0.2857,4,1,youtube_suggest,2026-09-12 22:55:28.791888
110,The Million-Arm Pollinator,152,34,sunflower field canvas painting,46.0,0.2857,4,1,youtube_suggest,2026-09-12 22:55:28.792083
110,The Million-Arm Pollinator,152,35,sunflower field near chennai,46.0,0.2857,4,1,youtube_suggest,2026-09-12 22:55:28.796701
110,The Million-Arm Pollinator,152,36,sunflower field near coimbatore,46.0,0.2857,4,1,youtube_suggest,2026-09-12 22:55:28.796997
110,The Million-Arm Pollinator,152,37,sunflower field dove hunt,46.0,0.2857,4,1,youtube_suggest,2026-09-12 22:55:28.797158
110,The Million-Arm Pollinator,152,38,planting sunflower dove field,46.0,0.2857,4,1,youtube_suggest,2026-09-12 22:55:28.797309
110,The Million-Arm Pollinator,152,39,easy sunflower field painting,46.0,0.2857,4,1,youtube_suggest,2026-09-12 22:55:28.797614
110,The Million-Arm Pollinator,152,40,sunflower field stock footage,46.0,0.2857,4,1,youtube_suggest,2026-09-12 22:55:28.797763
110,The Million-Arm Pollinator,152,41,sunflower field gemini prompt,46.0,0.2857,4,1,youtube_suggest,2026-09-12 22:55:28.797953
110,The Million-Arm Pollinator,152,42,sunflower field green screen,46.0,0.2857,4,1,youtube_suggest,2026-09-12 22:55:28.798116
110,The Million-Arm Pollinator,152,43,sunflower field macro bee swarm simulator,45.56,0.2222,6,1,youtube_suggest,2026-09-12 22:55:28.800378
110,The Million-Arm Pollinator,152,44,sunflower field acrylic painting tutorial,45.5,0.25,5,1,youtube_suggest,2026-09-12 22:55:28.800648
110,The Million-Arm Pollinator,152,45,sunflower field acrylic painting easy,45.5,0.25,5,1,youtube_suggest,2026-09-12 22:55:28.800822
110,The Million-Arm Pollinator,152,46,sunflower field bee swarm simulator,45.5,0.25,5,1,youtube_suggest,2026-09-12 22:55:28.800978
110,The Million-Arm Pollinator,152,47,sunflower field drawing oil pastel,45.5,0.25,5,1,youtube_suggest,2026-09-12 22:55:28.801127
110,The Million-Arm Pollinator,152,48,sunflower field,38.0,0.4,2,0,youtube_suggest,2026-09-12 22:55:28.801273
110,The Million-Arm Pollinator,152,49,sunflower farm creamery goats in pajamas,37.78,0.1111,6,1,youtube_suggest,2026-09-12 22:55:28.801428
110,The Million-Arm Pollinator,152,50,the million man march,36.0,0.1429,4,1,youtube_suggest,2026-09-12 22:55:28.801728
110,The Million-Arm Pollinator,152,51,the million dollar plumber,36.0,0.1429,4,1,youtube_suggest,2026-09-12 22:55:28.801888
110,The Million-Arm Pollinator,152,52,the million dollar note,36.0,0.1429,4,1,youtube_suggest,2026-09-12 22:55:28.802034
110,The Million-Arm Pollinator,152,53,the million roses unboxing,36.0,0.1429,4,1,youtube_suggest,2026-09-12 22:55:28.804619
110,The Million-Arm Pollinator,152,54,the million roses superdome,36.0,0.1429,4,1,youtube_suggest,2026-09-12 22:55:28.804907
110,The Million-Arm Pollinator,152,55,sunflower fields mother 3,36.0,0.1429,4,1,youtube_suggest,2026-09-12 22:55:28.805071
110,The Million-Arm Pollinator,152,56,sunflower farm creamery baby goats,35.78,0.1111,5,1,youtube_suggest,2026-09-12 22:55:28.805233
110,The Million-Arm Pollinator,152,57,sunflower farm design hypixel skyblock,35.78,0.1111,5,1,youtube_suggest,2026-09-12 22:55:28.805385
110,The Million-Arm Pollinator,152,58,sunflower farm garden tower defense,35.78,0.1111,5,1,youtube_suggest,2026-09-12 22:55:28.805529
110,The Million-Arm Pollinator,152,59,the million man,35.67,0.1667,3,1,youtube_suggest,2026-09-12 22:55:28.805674
110,The Million-Arm Pollinator,152,60,sunflower farm arayat pampanga,34.75,0.125,4,1,youtube_suggest,2026-09-12 22:55:28.805986
111,Colossus Seed Forge,153,1,sunflower field video,52.0,0.4,3,1,youtube_suggest,2026-09-12 22:58:26.121082
111,Colossus Seed Forge,153,2,sunflower field background video,49.33,0.3333,4,1,youtube_suggest,2026-09-12 22:58:26.121402
111,Colossus Seed Forge,153,3,sunflower field cinematic video,49.33,0.3333,4,1,youtube_suggest,2026-09-12 22:58:26.121634
111,Colossus Seed Forge,153,4,sunflower field in west bengal,48.0,0.2857,5,1,youtube_suggest,2026-09-12 22:58:26.121867
111,Colossus Seed Forge,153,5,sunflower field for dove hunting,48.0,0.2857,5,1,youtube_suggest,2026-09-12 22:58:26.122039
111,Colossus Seed Forge,153,6,sunflower field following the sun,48.0,0.2857,5,1,youtube_suggest,2026-09-12 22:58:26.122240
111,Colossus Seed Forge,153,7,planting sunflower field for doves,48.0,0.2857,5,1,youtube_suggest,2026-09-12 22:58:26.122433
111,Colossus Seed Forge,153,8,sunflower field part 2 greys,48.0,0.2857,5,1,youtube_suggest,2026-09-12 22:58:26.122600
111,Colossus Seed Forge,153,9,sunflower field painting,47.33,0.3333,3,1,youtube_suggest,2026-09-12 22:58:26.122803
111,Colossus Seed Forge,153,10,sunflower field ambience,47.33,0.3333,3,1,youtube_suggest,2026-09-12 22:58:26.123007
111,Colossus Seed Forge,153,11,sunflower field song,47.33,0.3333,3,1,youtube_suggest,2026-09-12 22:58:26.123165
111,Colossus Seed Forge,153,12,sunflower field acrylic,47.33,0.3333,3,1,youtube_suggest,2026-09-12 22:58:26.123391
111,Colossus Seed Forge,153,13,sunflower field aesthetic,47.33,0.3333,3,1,youtube_suggest,2026-09-12 22:58:26.123653
111,Colossus Seed Forge,153,14,sunflower field animation,47.33,0.3333,3,1,youtube_suggest,2026-09-12 22:58:26.123822
111,Colossus Seed Forge,153,15,sunflower field background,47.33,0.3333,3,1,youtube_suggest,2026-09-12 22:58:26.131185
111,Colossus Seed Forge,153,16,sunflower field bss,47.33,0.3333,3,1,youtube_suggest,2026-09-12 22:58:26.131448
111,Colossus Seed Forge,153,17,sunflower field bangalore,47.33,0.3333,3,1,youtube_suggest,2026-09-12 22:58:26.131628
111,Colossus Seed Forge,153,18,burning sunflower field,47.33,0.3333,3,1,youtube_suggest,2026-09-12 22:58:26.131797
111,Colossus Seed Forge,153,19,sunflower field cultivator,47.33,0.3333,3,1,youtube_suggest,2026-09-12 22:58:26.131966
111,Colossus Seed Forge,153,20,sunflower field drone,47.33,0.3333,3,1,youtube_suggest,2026-09-12 22:58:26.132149
111,Colossus Seed Forge,153,21,sunflower field drawing,47.33,0.3333,3,1,youtube_suggest,2026-09-12 22:58:26.132311
111,Colossus Seed Forge,153,22,sunflower dove field,47.33,0.3333,3,1,youtube_suggest,2026-09-12 22:58:26.132473
111,Colossus Seed Forge,153,23,sunflower field music,47.33,0.3333,3,1,youtube_suggest,2026-09-12 22:58:26.136970
111,Colossus Seed Forge,153,24,sunflower field france,47.33,0.3333,3,1,youtube_suggest,2026-09-12 22:58:26.137236
111,Colossus Seed Forge,153,25,sunflower field greys,47.33,0.3333,3,1,youtube_suggest,2026-09-12 22:58:26.137452
111,Colossus Seed Forge,153,26,sunflower field gundlupet,47.33,0.3333,3,1,youtube_suggest,2026-09-12 22:58:26.137617
111,Colossus Seed Forge,153,27,sunflower field painting acrylic,46.0,0.2857,4,1,youtube_suggest,2026-09-12 22:58:26.137793
111,Colossus Seed Forge,153,28,sunflower field time lapse,46.0,0.2857,4,1,youtube_suggest,2026-09-12 22:58:26.138020
111,Colossus Seed Forge,153,29,sunflower field painting tutorial,46.0,0.2857,4,1,youtube_suggest,2026-09-12 22:58:26.138225
111,Colossus Seed Forge,153,30,sunflower field watercolor tutorial,46.0,0.2857,4,1,youtube_suggest,2026-09-12 22:58:26.138416
111,Colossus Seed Forge,153,31,sunflower field acrylic painting,46.0,0.2857,4,1,youtube_suggest,2026-09-12 22:58:26.138577
111,Colossus Seed Forge,153,32,sunflower field canvas painting,46.0,0.2857,4,1,youtube_suggest,2026-09-12 22:58:26.138778
111,Colossus Seed Forge,153,33,sunflower field near chennai,46.0,0.2857,4,1,youtube_suggest,2026-09-12 22:58:26.138999
111,Colossus Seed Forge,153,34,sunflower field near coimbatore,46.0,0.2857,4,1,youtube_suggest,2026-09-12 22:58:26.139199
111,Colossus Seed Forge,153,35,sunflower field dove hunt,46.0,0.2857,4,1,youtube_suggest,2026-09-12 22:58:26.139369
111,Colossus Seed Forge,153,36,planting sunflower dove field,46.0,0.2857,4,1,youtube_suggest,2026-09-12 22:58:26.139520
111,Colossus Seed Forge,153,37,easy sunflower field painting,46.0,0.2857,4,1,youtube_suggest,2026-09-12 22:58:26.139716
111,Colossus Seed Forge,153,38,sunflower field stock footage,46.0,0.2857,4,1,youtube_suggest,2026-09-12 22:58:26.139981
111,Colossus Seed Forge,153,39,sunflower field gemini prompt,46.0,0.2857,4,1,youtube_suggest,2026-09-12 22:58:26.140187
111,Colossus Seed Forge,153,40,sunflower field green screen,46.0,0.2857,4,1,youtube_suggest,2026-09-12 22:58:26.140350
111,Colossus Seed Forge,153,41,sunflower field macro bee swarm simulator,45.56,0.2222,6,1,youtube_suggest,2026-09-12 22:58:26.144597
111,Colossus Seed Forge,153,42,sunflower field acrylic painting tutorial,45.5,0.25,5,1,youtube_suggest,2026-09-12 22:58:26.145000
111,Colossus Seed Forge,153,43,sunflower field acrylic painting easy,45.5,0.25,5,1,youtube_suggest,2026-09-12 22:58:26.145180
111,Colossus Seed Forge,153,44,sunflower field bee swarm simulator,45.5,0.25,5,1,youtube_suggest,2026-09-12 22:58:26.145341
111,Colossus Seed Forge,153,45,sunflower field drawing oil pastel,45.5,0.25,5,1,youtube_suggest,2026-09-12 22:58:26.145532
111,Colossus Seed Forge,153,46,sunflower field,38.0,0.4,2,0,youtube_suggest,2026-09-12 22:58:26.145687
111,Colossus Seed Forge,153,47,sunflower farm creamery goats in pajamas,37.78,0.1111,6,1,youtube_suggest,2026-09-12 22:58:26.145838
111,Colossus Seed Forge,153,48,sunflower fields mother 3,36.0,0.1429,4,1,youtube_suggest,2026-09-12 22:58:26.145998
111,Colossus Seed Forge,153,49,sunflower farm creamery baby goats,35.78,0.1111,5,1,youtube_suggest,2026-09-12 22:58:26.146148
111,Colossus Seed Forge,153,50,sunflower farm design hypixel skyblock,35.78,0.1111,5,1,youtube_suggest,2026-09-12 22:58:26.146298
111,Colossus Seed Forge,153,51,sunflower farm garden tower defense,35.78,0.1111,5,1,youtube_suggest,2026-09-12 22:58:26.146458
111,Colossus Seed Forge,153,52,sunflower farm arayat pampanga,34.75,0.125,4,1,youtube_suggest,2026-09-12 22:58:26.146604
111,Colossus Seed Forge,153,53,sunflower farm design hypixel,34.75,0.125,4,1,youtube_suggest,2026-09-12 22:58:26.146748
111,Colossus Seed Forge,153,54,sunflower farm design skyblock,34.75,0.125,4,1,youtube_suggest,2026-09-12 22:58:26.146903
111,Colossus Seed Forge,153,55,sunflower farm garden tower,34.75,0.125,4,1,youtube_suggest,2026-09-12 22:58:26.147048
111,Colossus Seed Forge,153,56,colossus orbs spyro,34.0,0.1429,3,1,youtube_suggest,2026-09-12 22:58:26.147194
111,Colossus Seed Forge,153,57,sunflower farm araku,34.0,0.1429,3,1,youtube_suggest,2026-09-12 22:58:26.147340
111,Colossus Seed Forge,153,58,sunflower farm australia,34.0,0.1429,3,1,youtube_suggest,2026-09-12 22:58:26.147492
111,Colossus Seed Forge,153,59,sunflower farm baguio,34.0,0.1429,3,1,youtube_suggest,2026-09-12 22:58:26.147638
111,Colossus Seed Forge,153,60,sunflower farm boisar,34.0,0.1429,3,1,youtube_suggest,2026-09-12 22:58:26.147790
112,Solar Bloom Clock,154,1,sunflower field video,52.0,0.4,3,1,youtube_suggest,2026-09-12 23:01:12.151760
112,Solar Bloom Clock,154,2,sunflower field background video,49.33,0.3333,4,1,youtube_suggest,2026-09-12 23:01:12.153740
112,Solar Bloom Clock,154,3,sunflower field cinematic video,49.33,0.3333,4,1,youtube_suggest,2026-09-12 23:01:12.154796
112,Solar Bloom Clock,154,4,sunflower field in west bengal,48.0,0.2857,5,1,youtube_suggest,2026-09-12 23:01:12.156018
112,Solar Bloom Clock,154,5,sunflower field for dove hunting,48.0,0.2857,5,1,youtube_suggest,2026-09-12 23:01:12.156255
112,Solar Bloom Clock,154,6,sunflower field following the sun,48.0,0.2857,5,1,youtube_suggest,2026-09-12 23:01:12.156460
112,Solar Bloom Clock,154,7,planting sunflower field for doves,48.0,0.2857,5,1,youtube_suggest,2026-09-12 23:01:12.157364
112,Solar Bloom Clock,154,8,sunflower field part 2 greys,48.0,0.2857,5,1,youtube_suggest,2026-09-12 23:01:12.157571
112,Solar Bloom Clock,154,9,solar powered clock,47.33,0.3333,3,1,youtube_suggest,2026-09-12 23:01:12.157782
112,Solar Bloom Clock,154,10,sunflower field painting,47.33,0.3333,3,1,youtube_suggest,2026-09-12 23:01:12.157980
112,Solar Bloom Clock,154,11,sunflower field ambience,47.33,0.3333,3,1,youtube_suggest,2026-09-12 23:01:12.158157
112,Solar Bloom Clock,154,12,sunflower field song,47.33,0.3333,3,1,youtube_suggest,2026-09-12 23:01:12.158341
112,Solar Bloom Clock,154,13,sunflower field acrylic,47.33,0.3333,3,1,youtube_suggest,2026-09-12 23:01:12.158520
112,Solar Bloom Clock,154,14,sunflower field aesthetic,47.33,0.3333,3,1,youtube_suggest,2026-09-12 23:01:12.158702
112,Solar Bloom Clock,154,15,sunflower field animation,47.33,0.3333,3,1,youtube_suggest,2026-09-12 23:01:12.161708
112,Solar Bloom Clock,154,16,sunflower field background,47.33,0.3333,3,1,youtube_suggest,2026-09-12 23:01:12.162090
112,Solar Bloom Clock,154,17,sunflower field bss,47.33,0.3333,3,1,youtube_suggest,2026-09-12 23:01:12.162325
112,Solar Bloom Clock,154,18,sunflower field bangalore,47.33,0.3333,3,1,youtube_suggest,2026-09-12 23:01:12.162515
112,Solar Bloom Clock,154,19,burning sunflower field,47.33,0.3333,3,1,youtube_suggest,2026-09-12 23:01:12.162704
112,Solar Bloom Clock,154,20,sunflower field cultivator,47.33,0.3333,3,1,youtube_suggest,2026-09-12 23:01:12.162896
112,Solar Bloom Clock,154,21,sunflower field drone,47.33,0.3333,3,1,youtube_suggest,2026-09-12 23:01:12.163079
112,Solar Bloom Clock,154,22,sunflower field drawing,47.33,0.3333,3,1,youtube_suggest,2026-09-12 23:01:12.163259
112,Solar Bloom Clock,154,23,sunflower dove field,47.33,0.3333,3,1,youtube_suggest,2026-09-12 23:01:12.163444
112,Solar Bloom Clock,154,24,sunflower field music,47.33,0.3333,3,1,youtube_suggest,2026-09-12 23:01:12.163619
112,Solar Bloom Clock,154,25,sunflower field france,47.33,0.3333,3,1,youtube_suggest,2026-09-12 23:01:12.163805
112,Solar Bloom Clock,154,26,sunflower field greys,47.33,0.3333,3,1,youtube_suggest,2026-09-12 23:01:12.163992
112,Solar Bloom Clock,154,27,sunflower field gundlupet,47.33,0.3333,3,1,youtube_suggest,2026-09-12 23:01:12.164159
112,Solar Bloom Clock,154,28,clean reserve solar bloom,46.0,0.2857,4,1,youtube_suggest,2026-09-12 23:01:12.164338
112,Solar Bloom Clock,154,29,solar powered wall clock,46.0,0.2857,4,1,youtube_suggest,2026-09-12 23:01:12.164518
112,Solar Bloom Clock,154,30,sunflower field painting acrylic,46.0,0.2857,4,1,youtube_suggest,2026-09-12 23:01:12.168067
112,Solar Bloom Clock,154,31,sunflower field time lapse,46.0,0.2857,4,1,youtube_suggest,2026-09-12 23:01:12.168292
112,Solar Bloom Clock,154,32,sunflower field painting tutorial,46.0,0.2857,4,1,youtube_suggest,2026-09-12 23:01:12.168486
112,Solar Bloom Clock,154,33,sunflower field watercolor tutorial,46.0,0.2857,4,1,youtube_suggest,2026-09-12 23:01:12.170101
112,Solar Bloom Clock,154,34,sunflower field acrylic painting,46.0,0.2857,4,1,youtube_suggest,2026-09-12 23:01:12.170301
112,Solar Bloom Clock,154,35,sunflower field canvas painting,46.0,0.2857,4,1,youtube_suggest,2026-09-12 23:01:12.170478
112,Solar Bloom Clock,154,36,sunflower field near chennai,46.0,0.2857,4,1,youtube_suggest,2026-09-12 23:01:12.170671
112,Solar Bloom Clock,154,37,sunflower field near coimbatore,46.0,0.2857,4,1,youtube_suggest,2026-09-12 23:01:12.170855
112,Solar Bloom Clock,154,38,sunflower field dove hunt,46.0,0.2857,4,1,youtube_suggest,2026-09-12 23:01:12.171085
112,Solar Bloom Clock,154,39,planting sunflower dove field,46.0,0.2857,4,1,youtube_suggest,2026-09-12 23:01:12.171270
112,Solar Bloom Clock,154,40,easy sunflower field painting,46.0,0.2857,4,1,youtube_suggest,2026-09-12 23:01:12.171453
112,Solar Bloom Clock,154,41,sunflower field stock footage,46.0,0.2857,4,1,youtube_suggest,2026-09-12 23:01:12.171639
112,Solar Bloom Clock,154,42,sunflower field gemini prompt,46.0,0.2857,4,1,youtube_suggest,2026-09-12 23:01:12.171826
112,Solar Bloom Clock,154,43,sunflower field green screen,46.0,0.2857,4,1,youtube_suggest,2026-09-12 23:01:12.172026
112,Solar Bloom Clock,154,44,sunflower field macro bee swarm simulator,45.56,0.2222,6,1,youtube_suggest,2026-09-12 23:01:12.172216
112,Solar Bloom Clock,154,45,sunflower field acrylic painting tutorial,45.5,0.25,5,1,youtube_suggest,2026-09-12 23:01:12.172397
112,Solar Bloom Clock,154,46,sunflower field acrylic painting easy,45.5,0.25,5,1,youtube_suggest,2026-09-12 23:01:12.175764
112,Solar Bloom Clock,154,47,sunflower field bee swarm simulator,45.5,0.25,5,1,youtube_suggest,2026-09-12 23:01:12.176060
112,Solar Bloom Clock,154,48,sunflower field drawing oil pastel,45.5,0.25,5,1,youtube_suggest,2026-09-12 23:01:12.176258
112,Solar Bloom Clock,154,49,solar bloom,38.0,0.4,2,0,youtube_suggest,2026-09-12 23:01:12.176448
112,Solar Bloom Clock,154,50,solar clock,38.0,0.4,2,0,youtube_suggest,2026-09-12 23:01:12.176672
112,Solar Bloom Clock,154,51,sunflower field,38.0,0.4,2,0,youtube_suggest,2026-09-12 23:01:12.176863
112,Solar Bloom Clock,154,52,sunflower farm creamery goats in pajamas,37.78,0.1111,6,1,youtube_suggest,2026-09-12 23:01:12.177058
112,Solar Bloom Clock,154,53,sunflower fields mother 3,36.0,0.1429,4,1,youtube_suggest,2026-09-12 23:01:12.177253
112,Solar Bloom Clock,154,54,sunflower farm creamery baby goats,35.78,0.1111,5,1,youtube_suggest,2026-09-12 23:01:12.177432
112,Solar Bloom Clock,154,55,sunflower farm design hypixel skyblock,35.78,0.1111,5,1,youtube_suggest,2026-09-12 23:01:12.177609
112,Solar Bloom Clock,154,56,sunflower farm garden tower defense,35.78,0.1111,5,1,youtube_suggest,2026-09-12 23:01:12.177788
112,Solar Bloom Clock,154,57,solar crystal ball lights,34.75,0.125,4,1,youtube_suggest,2026-09-12 23:01:12.177982
112,Solar Bloom Clock,154,58,solar jam inner wave,34.75,0.125,4,1,youtube_suggest,2026-09-12 23:01:12.178160
112,Solar Bloom Clock,154,59,solar waltz cosmo sheldrake,34.75,0.125,4,1,youtube_suggest,2026-09-12 23:01:12.178334
112,Solar Bloom Clock,154,60,sunflower farm arayat pampanga,34.75,0.125,4,1,youtube_suggest,2026-09-12 23:01:12.178510
113,The Grassland Tide Engine,155,1,what is the grassland,49.33,0.3333,4,1,youtube_suggest,2026-09-12 23:03:30.216124
113,The Grassland Tide Engine,155,2,the grassland biome,41.5,0.25,3,1,youtube_suggest,2026-09-12 23:03:30.216601
113,The Grassland Tide Engine,155,3,the grassland ecosystem,41.5,0.25,3,1,youtube_suggest,2026-09-12 23:03:30.216877
113,The Grassland Tide Engine,155,4,the temperate grassland,41.5,0.25,3,1,youtube_suggest,2026-09-12 23:03:30.217385
113,The Grassland Tide Engine,155,5,grassland background video,41.5,0.25,3,1,youtube_suggest,2026-09-12 23:03:30.217708
113,The Grassland Tide Engine,155,6,tide line blue op,40.0,0.2,4,1,youtube_suggest,2026-09-12 23:03:30.217939
113,The Grassland Tide Engine,155,7,grassland animals for kindergarten,40.0,0.2,4,1,youtube_suggest,2026-09-12 23:03:30.218146
113,The Grassland Tide Engine,155,8,grassland all the way,40.0,0.2,4,1,youtube_suggest,2026-09-12 23:03:30.218350
113,The Grassland Tide Engine,155,9,greengrass high tide 28 min,39.67,0.1667,5,1,youtube_suggest,2026-09-12 23:03:30.218554
113,The Grassland Tide Engine,155,10,grassland chant lion king jr,39.67,0.1667,5,1,youtube_suggest,2026-09-12 23:03:30.218779
113,The Grassland Tide Engine,155,11,tide mountain spring,38.0,0.2,3,1,youtube_suggest,2026-09-12 23:03:30.218980
113,The Grassland Tide Engine,155,12,grassland ambience dnd,38.0,0.2,3,1,youtube_suggest,2026-09-12 23:03:30.219178
113,The Grassland Tide Engine,155,13,grassland animal adaptations,38.0,0.2,3,1,youtube_suggest,2026-09-12 23:03:30.219389
113,The Grassland Tide Engine,155,14,grassland animals drawing,38.0,0.2,3,1,youtube_suggest,2026-09-12 23:03:30.219632
113,The Grassland Tide Engine,155,15,grassland banana republic,38.0,0.2,3,1,youtube_suggest,2026-09-12 23:03:30.219855
113,The Grassland Tide Engine,155,16,grassland chest locations dragon adventures,38.0,0.1429,5,1,youtube_suggest,2026-09-12 23:03:30.220059
113,The Grassland Tide Engine,155,17,grassland chinese drama,38.0,0.2,3,1,youtube_suggest,2026-09-12 23:03:30.220260
113,The Grassland Tide Engine,155,18,grassland chant broadway,38.0,0.2,3,1,youtube_suggest,2026-09-12 23:03:30.220460
113,The Grassland Tide Engine,155,19,grassland care fs25,38.0,0.2,3,1,youtube_suggest,2026-09-12 23:03:30.224995
113,The Grassland Tide Engine,155,20,grassland dance academy,38.0,0.2,3,1,youtube_suggest,2026-09-12 23:03:30.225251
113,The Grassland Tide Engine,155,21,grassland dragon adventures,38.0,0.2,3,1,youtube_suggest,2026-09-12 23:03:30.225470
113,The Grassland Tide Engine,155,22,grassland diorama shoebox,38.0,0.2,3,1,youtube_suggest,2026-09-12 23:03:30.225703
113,The Grassland Tide Engine,155,23,grassland drawing easy,38.0,0.2,3,1,youtube_suggest,2026-09-12 23:03:30.225926
113,The Grassland Tide Engine,155,24,grassland ecosystem project,38.0,0.2,3,1,youtube_suggest,2026-09-12 23:03:30.226133
113,The Grassland Tide Engine,155,25,grassland ecosystem model,38.0,0.2,3,1,youtube_suggest,2026-09-12 23:03:30.226336
113,The Grassland Tide Engine,155,26,grassland ecosystem drawing,38.0,0.2,3,1,youtube_suggest,2026-09-12 23:03:30.232366
113,The Grassland Tide Engine,155,27,grassland easy drawing,38.0,0.2,3,1,youtube_suggest,2026-09-12 23:03:30.233529
113,The Grassland Tide Engine,155,28,grassland ecosystem diagram,38.0,0.2,3,1,youtube_suggest,2026-09-12 23:03:30.234142
113,The Grassland Tide Engine,155,29,grassland food chain,38.0,0.2,3,1,youtube_suggest,2026-09-12 23:03:30.236973
113,The Grassland Tide Engine,155,30,grassland ff7 rebirth,38.0,0.2,3,1,youtube_suggest,2026-09-12 23:03:30.237275
113,The Grassland Tide Engine,155,31,grassland food web,38.0,0.2,3,1,youtube_suggest,2026-09-12 23:03:30.237514
113,The Grassland Tide Engine,155,32,grassland full movie,38.0,0.2,3,1,youtube_suggest,2026-09-12 23:03:30.237743
113,The Grassland Tide Engine,155,33,grassland fencing machine,38.0,0.2,3,1,youtube_suggest,2026-09-12 23:03:30.237954
113,The Grassland Tide Engine,155,34,grassland jali machine,38.0,0.2,3,1,youtube_suggest,2026-09-12 23:03:30.238161
113,The Grassland Tide Engine,155,35,tide line blue ost,37.67,0.1667,4,1,youtube_suggest,2026-09-12 23:03:30.238366
113,The Grassland Tide Engine,155,36,grassland biome national geographic,37.67,0.1667,4,1,youtube_suggest,2026-09-12 23:03:30.238569
113,The Grassland Tide Engine,155,37,grassland boss dragon adventures,37.67,0.1667,4,1,youtube_suggest,2026-09-12 23:03:30.238785
113,The Grassland Tide Engine,155,38,grassland chant lion king,37.67,0.1667,4,1,youtube_suggest,2026-09-12 23:03:30.238988
113,The Grassland Tide Engine,155,39,grassland chests dragon adventures,37.67,0.1667,4,1,youtube_suggest,2026-09-12 23:03:30.239185
113,The Grassland Tide Engine,155,40,grassland ecosystem national geographic,37.67,0.1667,4,1,youtube_suggest,2026-09-12 23:03:30.239385
113,The Grassland Tide Engine,155,41,grassland footprints crown tundra,37.67,0.1667,4,1,youtube_suggest,2026-09-12 23:03:30.239581
113,The Grassland Tide Engine,155,42,the grassland,33.33,0.3333,2,0,youtube_suggest,2026-09-12 23:03:30.239798
113,The Grassland Tide Engine,155,43,grassland grassland,33.33,0.3333,2,0,youtube_suggest,2026-09-12 23:03:30.239991
113,The Grassland Tide Engine,155,44,grassland 2,33.33,0.3333,2,0,youtube_suggest,2026-09-12 23:03:30.240194
113,The Grassland Tide Engine,155,45,grassland,31.33,0.3333,1,0,youtube_suggest,2026-09-12 23:03:30.240398
113,The Grassland Tide Engine,155,46,tides of the great turtle war,30.0,0.0,6,1,youtube_suggest,2026-09-12 23:03:30.244180
113,The Grassland Tide Engine,155,47,the lone bellow dried up river,30.0,0.0,6,1,youtube_suggest,2026-09-12 23:03:30.245379
113,The Grassland Tide Engine,155,48,the swallow leaves her nest holst,30.0,0.0,6,1,youtube_suggest,2026-09-12 23:03:30.245624
113,The Grassland Tide Engine,155,49,the water horse main title,28.0,0.0,5,1,youtube_suggest,2026-09-12 23:03:30.245854
113,The Grassland Tide Engine,155,50,grassland trailer,27.5,0.25,2,0,youtube_suggest,2026-09-12 23:03:30.246066
113,The Grassland Tide Engine,155,51,grassland biome,27.5,0.25,2,0,youtube_suggest,2026-09-12 23:03:30.246276
113,The Grassland Tide Engine,155,52,grassland groove,27.5,0.25,2,0,youtube_suggest,2026-09-12 23:03:30.248223
113,The Grassland Tide Engine,155,53,grassland habitat,27.5,0.25,2,0,youtube_suggest,2026-09-12 23:03:30.248477
113,The Grassland Tide Engine,155,54,grassland vivarium,27.5,0.25,2,0,youtube_suggest,2026-09-12 23:03:30.249255
113,The Grassland Tide Engine,155,55,grassland chant,27.5,0.25,2,0,youtube_suggest,2026-09-12 23:03:30.249498
113,The Grassland Tide Engine,155,56,grassland animals,27.5,0.25,2,0,youtube_suggest,2026-09-12 23:03:30.251921
113,The Grassland Tide Engine,155,57,grassland ambience,27.5,0.25,2,0,youtube_suggest,2026-09-12 23:03:30.252580
113,The Grassland Tide Engine,155,58,grassland asmr,27.5,0.25,2,0,youtube_suggest,2026-09-12 23:03:30.253008
113,The Grassland Tide Engine,155,59,grassland action,27.5,0.25,2,0,youtube_suggest,2026-09-12 23:03:30.253250
113,The Grassland Tide Engine,155,60,grassland adaptations,27.5,0.25,2,0,youtube_suggest,2026-09-12 23:03:30.253464
114,Skyroot Rain Harvester,156,1,grassland chant lion king jr,38.0,0.1429,5,1,youtube_suggest,2026-09-12 23:06:31.229423
114,Skyroot Rain Harvester,156,2,grassland background video,38.0,0.2,3,1,youtube_suggest,2026-09-12 23:06:31.229714
114,Skyroot Rain Harvester,156,3,grassland animals for kindergarten,37.67,0.1667,4,1,youtube_suggest,2026-09-12 23:06:31.229926
114,Skyroot Rain Harvester,156,4,grassland all the way,37.67,0.1667,4,1,youtube_suggest,2026-09-12 23:06:31.230119
114,Skyroot Rain Harvester,156,5,grassland chest locations dragon adventures,36.75,0.125,5,1,youtube_suggest,2026-09-12 23:06:31.230327
114,Skyroot Rain Harvester,156,6,rain water harvesting new technology,36.75,0.125,5,1,youtube_suggest,2026-09-12 23:06:31.230519
114,Skyroot Rain Harvester,156,7,grassland biome national geographic,36.0,0.1429,4,1,youtube_suggest,2026-09-12 23:06:31.230702
114,Skyroot Rain Harvester,156,8,grassland boss dragon adventures,36.0,0.1429,4,1,youtube_suggest,2026-09-12 23:06:31.230910
114,Skyroot Rain Harvester,156,9,grassland chant lion king,36.0,0.1429,4,1,youtube_suggest,2026-09-12 23:06:31.231104
114,Skyroot Rain Harvester,156,10,grassland chests dragon adventures,36.0,0.1429,4,1,youtube_suggest,2026-09-12 23:06:31.231299
114,Skyroot Rain Harvester,156,11,grassland ecosystem national geographic,36.0,0.1429,4,1,youtube_suggest,2026-09-12 23:06:31.231480
114,Skyroot Rain Harvester,156,12,grassland footprints crown tundra,36.0,0.1429,4,1,youtube_suggest,2026-09-12 23:06:31.231660
114,Skyroot Rain Harvester,156,13,rain water harvesting machine,36.0,0.1429,4,1,youtube_suggest,2026-09-12 23:06:31.231837
114,Skyroot Rain Harvester,156,14,grassland fencing machine,35.67,0.1667,3,1,youtube_suggest,2026-09-12 23:06:31.232021
114,Skyroot Rain Harvester,156,15,grassland jali machine,35.67,0.1667,3,1,youtube_suggest,2026-09-12 23:06:31.241034
114,Skyroot Rain Harvester,156,16,grassland ambience dnd,35.67,0.1667,3,1,youtube_suggest,2026-09-12 23:06:31.241288
114,Skyroot Rain Harvester,156,17,grassland animal adaptations,35.67,0.1667,3,1,youtube_suggest,2026-09-12 23:06:31.241486
114,Skyroot Rain Harvester,156,18,grassland animals drawing,35.67,0.1667,3,1,youtube_suggest,2026-09-12 23:06:31.241669
114,Skyroot Rain Harvester,156,19,grassland banana republic,35.67,0.1667,3,1,youtube_suggest,2026-09-12 23:06:31.241857
114,Skyroot Rain Harvester,156,20,grassland chinese drama,35.67,0.1667,3,1,youtube_suggest,2026-09-12 23:06:31.242041
114,Skyroot Rain Harvester,156,21,grassland chant broadway,35.67,0.1667,3,1,youtube_suggest,2026-09-12 23:06:31.242238
114,Skyroot Rain Harvester,156,22,grassland care fs25,35.67,0.1667,3,1,youtube_suggest,2026-09-12 23:06:31.242423
114,Skyroot Rain Harvester,156,23,grassland dance academy,35.67,0.1667,3,1,youtube_suggest,2026-09-12 23:06:31.245065
114,Skyroot Rain Harvester,156,24,grassland dragon adventures,35.67,0.1667,3,1,youtube_suggest,2026-09-12 23:06:31.245517
114,Skyroot Rain Harvester,156,25,grassland diorama shoebox,35.67,0.1667,3,1,youtube_suggest,2026-09-12 23:06:31.245860
114,Skyroot Rain Harvester,156,26,grassland drawing easy,35.67,0.1667,3,1,youtube_suggest,2026-09-12 23:06:31.246992
114,Skyroot Rain Harvester,156,27,grassland ecosystem project,35.67,0.1667,3,1,youtube_suggest,2026-09-12 23:06:31.248346
114,Skyroot Rain Harvester,156,28,grassland ecosystem model,35.67,0.1667,3,1,youtube_suggest,2026-09-12 23:06:31.250150
114,Skyroot Rain Harvester,156,29,grassland ecosystem drawing,35.67,0.1667,3,1,youtube_suggest,2026-09-12 23:06:31.250415
114,Skyroot Rain Harvester,156,30,grassland easy drawing,35.67,0.1667,3,1,youtube_suggest,2026-09-12 23:06:31.250610
114,Skyroot Rain Harvester,156,31,grassland ecosystem diagram,35.67,0.1667,3,1,youtube_suggest,2026-09-12 23:06:31.250794
114,Skyroot Rain Harvester,156,32,grassland food chain,35.67,0.1667,3,1,youtube_suggest,2026-09-12 23:06:31.251012
114,Skyroot Rain Harvester,156,33,grassland ff7 rebirth,35.67,0.1667,3,1,youtube_suggest,2026-09-12 23:06:31.251217
114,Skyroot Rain Harvester,156,34,grassland food web,35.67,0.1667,3,1,youtube_suggest,2026-09-12 23:06:31.256690
114,Skyroot Rain Harvester,156,35,grassland full movie,35.67,0.1667,3,1,youtube_suggest,2026-09-12 23:06:31.257049
114,Skyroot Rain Harvester,156,36,skyroot aerospace launch,35.67,0.1667,3,1,youtube_suggest,2026-09-12 23:06:31.257392
114,Skyroot Rain Harvester,156,37,skyroot aerospace reaction,35.67,0.1667,3,1,youtube_suggest,2026-09-12 23:06:31.257598
114,Skyroot Rain Harvester,156,38,skyroot engine test,35.67,0.1667,3,1,youtube_suggest,2026-09-12 23:06:31.257875
114,Skyroot Rain Harvester,156,39,rainwater harvesting is compulsory today why,30.0,0.0,6,1,youtube_suggest,2026-09-12 23:06:31.258066
114,Skyroot Rain Harvester,156,40,grassland grassland,27.5,0.25,2,0,youtube_suggest,2026-09-12 23:06:31.258261
114,Skyroot Rain Harvester,156,41,grassland 2,27.5,0.25,2,0,youtube_suggest,2026-09-12 23:06:31.258442
114,Skyroot Rain Harvester,156,42,grasslands all the way,26.0,0.0,4,1,youtube_suggest,2026-09-12 23:06:31.258622
114,Skyroot Rain Harvester,156,43,rainwater harvesting big project,26.0,0.0,4,1,youtube_suggest,2026-09-12 23:06:31.260817
114,Skyroot Rain Harvester,156,44,sringaverapura water harvesting system,26.0,0.0,4,1,youtube_suggest,2026-09-12 23:06:31.261073
114,Skyroot Rain Harvester,156,45,rainwater harvesting in farmland,26.0,0.0,4,1,youtube_suggest,2026-09-12 23:06:31.261280
114,Skyroot Rain Harvester,156,46,rainwater harvesting in city,26.0,0.0,4,1,youtube_suggest,2026-09-12 23:06:31.261466
114,Skyroot Rain Harvester,156,47,rainwater harvesting in well,26.0,0.0,4,1,youtube_suggest,2026-09-12 23:06:31.261649
114,Skyroot Rain Harvester,156,48,rainwater harvesting in farm,26.0,0.0,4,1,youtube_suggest,2026-09-12 23:06:31.261829
114,Skyroot Rain Harvester,156,49,rainwater harvesting recharge pit,26.0,0.0,4,1,youtube_suggest,2026-09-12 23:06:31.269012
114,Skyroot Rain Harvester,156,50,grassland,25.5,0.25,1,0,youtube_suggest,2026-09-12 23:06:31.269332
114,Skyroot Rain Harvester,156,51,grassland machine,24.0,0.2,2,0,youtube_suggest,2026-09-12 23:06:31.269576
114,Skyroot Rain Harvester,156,52,grassland gci,24.0,0.2,2,0,youtube_suggest,2026-09-12 23:06:31.269765
114,Skyroot Rain Harvester,156,53,grassland jam,24.0,0.2,2,0,youtube_suggest,2026-09-12 23:06:31.269956
114,Skyroot Rain Harvester,156,54,grassland making,24.0,0.2,2,0,youtube_suggest,2026-09-12 23:06:31.270145
114,Skyroot Rain Harvester,156,55,grassland project,24.0,0.2,2,0,youtube_suggest,2026-09-12 23:06:31.270342
114,Skyroot Rain Harvester,156,56,grassland farming,24.0,0.2,2,0,youtube_suggest,2026-09-12 23:06:31.270519
114,Skyroot Rain Harvester,156,57,grassland trailer,24.0,0.2,2,0,youtube_suggest,2026-09-12 23:06:31.270699
114,Skyroot Rain Harvester,156,58,grassland biome,24.0,0.2,2,0,youtube_suggest,2026-09-12 23:06:31.270879
114,Skyroot Rain Harvester,156,59,grassland groove,24.0,0.2,2,0,youtube_suggest,2026-09-12 23:06:31.271090
114,Skyroot Rain Harvester,156,60,grassland habitat,24.0,0.2,2,0,youtube_suggest,2026-09-12 23:06:31.271279
115,Prairie Wind Shepherd,157,1,prairie grass blowing in the wind,53.33,0.3333,6,1,youtube_suggest,2026-09-12 23:10:03.465022
115,Prairie Wind Shepherd,157,2,prairie wind sounds,52.0,0.4,3,1,youtube_suggest,2026-09-12 23:10:03.465246
115,Prairie Wind Shepherd,157,3,prairie wind full album,49.33,0.3333,4,1,youtube_suggest,2026-09-12 23:10:03.465420
115,Prairie Wind Shepherd,157,4,prairie wind kevin costley,49.33,0.3333,4,1,youtube_suggest,2026-09-12 23:10:03.465567
115,Prairie Wind Shepherd,157,5,prairie wind neil young,49.33,0.3333,4,1,youtube_suggest,2026-09-12 23:10:03.465952
115,Prairie Wind Shepherd,157,6,prairie wind,45.0,0.5,2,0,youtube_suggest,2026-09-12 23:10:03.466119
115,Prairie Wind Shepherd,157,7,grassland chant lion king jr,38.0,0.1429,5,1,youtube_suggest,2026-09-12 23:10:03.466264
115,Prairie Wind Shepherd,157,8,grassland background video,38.0,0.2,3,1,youtube_suggest,2026-09-12 23:10:03.466443
115,Prairie Wind Shepherd,157,9,grassland animals for kindergarten,37.67,0.1667,4,1,youtube_suggest,2026-09-12 23:10:03.466571
115,Prairie Wind Shepherd,157,10,grassland all the way,37.67,0.1667,4,1,youtube_suggest,2026-09-12 23:10:03.466698
115,Prairie Wind Shepherd,157,11,grassland chest locations dragon adventures,36.75,0.125,5,1,youtube_suggest,2026-09-12 23:10:03.466826
115,Prairie Wind Shepherd,157,12,grassland biome national geographic,36.0,0.1429,4,1,youtube_suggest,2026-09-12 23:10:03.466963
115,Prairie Wind Shepherd,157,13,grassland boss dragon adventures,36.0,0.1429,4,1,youtube_suggest,2026-09-12 23:10:03.467099
115,Prairie Wind Shepherd,157,14,grassland chant lion king,36.0,0.1429,4,1,youtube_suggest,2026-09-12 23:10:03.467232
115,Prairie Wind Shepherd,157,15,grassland chests dragon adventures,36.0,0.1429,4,1,youtube_suggest,2026-09-12 23:10:03.467381
115,Prairie Wind Shepherd,157,16,grassland ecosystem national geographic,36.0,0.1429,4,1,youtube_suggest,2026-09-12 23:10:03.467536
115,Prairie Wind Shepherd,157,17,grassland footprints crown tundra,36.0,0.1429,4,1,youtube_suggest,2026-09-12 23:10:03.467718
115,Prairie Wind Shepherd,157,18,prairie nature sounds,35.67,0.1667,3,1,youtube_suggest,2026-09-12 23:10:03.467920
115,Prairie Wind Shepherd,157,19,grassland fencing machine,35.67,0.1667,3,1,youtube_suggest,2026-09-12 23:10:03.468105
115,Prairie Wind Shepherd,157,20,grassland jali machine,35.67,0.1667,3,1,youtube_suggest,2026-09-12 23:10:03.468283
115,Prairie Wind Shepherd,157,21,grassland ambience dnd,35.67,0.1667,3,1,youtube_suggest,2026-09-12 23:10:03.468474
115,Prairie Wind Shepherd,157,22,grassland animal adaptations,35.67,0.1667,3,1,youtube_suggest,2026-09-12 23:10:03.472911
115,Prairie Wind Shepherd,157,23,grassland animals drawing,35.67,0.1667,3,1,youtube_suggest,2026-09-12 23:10:03.473089
115,Prairie Wind Shepherd,157,24,grassland banana republic,35.67,0.1667,3,1,youtube_suggest,2026-09-12 23:10:03.473239
115,Prairie Wind Shepherd,157,25,grassland chinese drama,35.67,0.1667,3,1,youtube_suggest,2026-09-12 23:10:03.473396
115,Prairie Wind Shepherd,157,26,grassland chant broadway,35.67,0.1667,3,1,youtube_suggest,2026-09-12 23:10:03.473547
115,Prairie Wind Shepherd,157,27,grassland care fs25,35.67,0.1667,3,1,youtube_suggest,2026-09-12 23:10:03.475124
115,Prairie Wind Shepherd,157,28,grassland dance academy,35.67,0.1667,3,1,youtube_suggest,2026-09-12 23:10:03.475452
115,Prairie Wind Shepherd,157,29,grassland dragon adventures,35.67,0.1667,3,1,youtube_suggest,2026-09-12 23:10:03.475673
115,Prairie Wind Shepherd,157,30,grassland diorama shoebox,35.67,0.1667,3,1,youtube_suggest,2026-09-12 23:10:03.475867
115,Prairie Wind Shepherd,157,31,grassland drawing easy,35.67,0.1667,3,1,youtube_suggest,2026-09-12 23:10:03.476055
115,Prairie Wind Shepherd,157,32,grassland ecosystem project,35.67,0.1667,3,1,youtube_suggest,2026-09-12 23:10:03.476246
115,Prairie Wind Shepherd,157,33,grassland ecosystem model,35.67,0.1667,3,1,youtube_suggest,2026-09-12 23:10:03.480793
115,Prairie Wind Shepherd,157,34,grassland ecosystem drawing,35.67,0.1667,3,1,youtube_suggest,2026-09-12 23:10:03.481084
115,Prairie Wind Shepherd,157,35,grassland easy drawing,35.67,0.1667,3,1,youtube_suggest,2026-09-12 23:10:03.481282
115,Prairie Wind Shepherd,157,36,grassland ecosystem diagram,35.67,0.1667,3,1,youtube_suggest,2026-09-12 23:10:03.481483
115,Prairie Wind Shepherd,157,37,grassland food chain,35.67,0.1667,3,1,youtube_suggest,2026-09-12 23:10:03.481668
115,Prairie Wind Shepherd,157,38,grassland ff7 rebirth,35.67,0.1667,3,1,youtube_suggest,2026-09-12 23:10:03.481950
115,Prairie Wind Shepherd,157,39,grassland food web,35.67,0.1667,3,1,youtube_suggest,2026-09-12 23:10:03.482151
115,Prairie Wind Shepherd,157,40,grassland full movie,35.67,0.1667,3,1,youtube_suggest,2026-09-12 23:10:03.482348
115,Prairie Wind Shepherd,157,41,grassland grassland,27.5,0.25,2,0,youtube_suggest,2026-09-12 23:10:03.482523
115,Prairie Wind Shepherd,157,42,grassland 2,27.5,0.25,2,0,youtube_suggest,2026-09-12 23:10:03.482711
115,Prairie Wind Shepherd,157,43,grasslands all the way,26.0,0.0,4,1,youtube_suggest,2026-09-12 23:10:03.482900
115,Prairie Wind Shepherd,157,44,grassland,25.5,0.25,1,0,youtube_suggest,2026-09-12 23:10:03.484909
115,Prairie Wind Shepherd,157,45,prairie ambience,24.0,0.2,2,0,youtube_suggest,2026-09-12 23:10:03.485133
115,Prairie Wind Shepherd,157,46,grassland machine,24.0,0.2,2,0,youtube_suggest,2026-09-12 23:10:03.485334
115,Prairie Wind Shepherd,157,47,grassland gci,24.0,0.2,2,0,youtube_suggest,2026-09-12 23:10:03.485523
115,Prairie Wind Shepherd,157,48,grassland jam,24.0,0.2,2,0,youtube_suggest,2026-09-12 23:10:03.485710
115,Prairie Wind Shepherd,157,49,grassland making,24.0,0.2,2,0,youtube_suggest,2026-09-12 23:10:03.485895
115,Prairie Wind Shepherd,157,50,grassland project,24.0,0.2,2,0,youtube_suggest,2026-09-12 23:10:03.486075
115,Prairie Wind Shepherd,157,51,grassland farming,24.0,0.2,2,0,youtube_suggest,2026-09-12 23:10:03.486251
115,Prairie Wind Shepherd,157,52,grassland trailer,24.0,0.2,2,0,youtube_suggest,2026-09-12 23:10:03.486443
115,Prairie Wind Shepherd,157,53,grassland biome,24.0,0.2,2,0,youtube_suggest,2026-09-12 23:10:03.486623
115,Prairie Wind Shepherd,157,54,grassland groove,24.0,0.2,2,0,youtube_suggest,2026-09-12 23:10:03.486809
115,Prairie Wind Shepherd,157,55,grassland habitat,24.0,0.2,2,0,youtube_suggest,2026-09-12 23:10:03.486992
115,Prairie Wind Shepherd,157,56,grassland vivarium,24.0,0.2,2,0,youtube_suggest,2026-09-12 23:10:03.487178
115,Prairie Wind Shepherd,157,57,grassland chant,24.0,0.2,2,0,youtube_suggest,2026-09-12 23:10:03.487388
115,Prairie Wind Shepherd,157,58,grassland animals,24.0,0.2,2,0,youtube_suggest,2026-09-12 23:10:03.487577
115,Prairie Wind Shepherd,157,59,grassland ambience,24.0,0.2,2,0,youtube_suggest,2026-09-12 23:10:03.487751
115,Prairie Wind Shepherd,157,60,grassland asmr,24.0,0.2,2,0,youtube_suggest,2026-09-12 23:10:03.487922
116,The Buried Sunwheel,158,1,grassland background video,41.5,0.25,3,1,youtube_suggest,2026-09-12 23:12:25.166535
116,The Buried Sunwheel,158,2,grassland animals for kindergarten,40.0,0.2,4,1,youtube_suggest,2026-09-12 23:12:25.166801
116,The Buried Sunwheel,158,3,grassland all the way,40.0,0.2,4,1,youtube_suggest,2026-09-12 23:12:25.166958
116,The Buried Sunwheel,158,4,grassland chant lion king jr,39.67,0.1667,5,1,youtube_suggest,2026-09-12 23:12:25.167103
116,The Buried Sunwheel,158,5,grassland fencing machine,38.0,0.2,3,1,youtube_suggest,2026-09-12 23:12:25.167249
116,The Buried Sunwheel,158,6,grassland jali machine,38.0,0.2,3,1,youtube_suggest,2026-09-12 23:12:25.167395
116,The Buried Sunwheel,158,7,grassland ambience dnd,38.0,0.2,3,1,youtube_suggest,2026-09-12 23:12:25.168374
116,The Buried Sunwheel,158,8,grassland animal adaptations,38.0,0.2,3,1,youtube_suggest,2026-09-12 23:12:25.171631
116,The Buried Sunwheel,158,9,grassland animals drawing,38.0,0.2,3,1,youtube_suggest,2026-09-12 23:12:25.171904
116,The Buried Sunwheel,158,10,grassland banana republic,38.0,0.2,3,1,youtube_suggest,2026-09-12 23:12:25.172051
116,The Buried Sunwheel,158,11,grassland chest locations dragon adventures,38.0,0.1429,5,1,youtube_suggest,2026-09-12 23:12:25.172193
116,The Buried Sunwheel,158,12,grassland chinese drama,38.0,0.2,3,1,youtube_suggest,2026-09-12 23:12:25.172335
116,The Buried Sunwheel,158,13,grassland chant broadway,38.0,0.2,3,1,youtube_suggest,2026-09-12 23:12:25.172472
116,The Buried Sunwheel,158,14,grassland care fs25,38.0,0.2,3,1,youtube_suggest,2026-09-12 23:12:25.172945
116,The Buried Sunwheel,158,15,grassland dance academy,38.0,0.2,3,1,youtube_suggest,2026-09-12 23:12:25.173119
116,The Buried Sunwheel,158,16,grassland dragon adventures,38.0,0.2,3,1,youtube_suggest,2026-09-12 23:12:25.173263
116,The Buried Sunwheel,158,17,grassland diorama shoebox,38.0,0.2,3,1,youtube_suggest,2026-09-12 23:12:25.173406
116,The Buried Sunwheel,158,18,grassland drawing easy,38.0,0.2,3,1,youtube_suggest,2026-09-12 23:12:25.173537
116,The Buried Sunwheel,158,19,grassland ecosystem project,38.0,0.2,3,1,youtube_suggest,2026-09-12 23:12:25.173671
116,The Buried Sunwheel,158,20,grassland ecosystem model,38.0,0.2,3,1,youtube_suggest,2026-09-12 23:12:25.173820
116,The Buried Sunwheel,158,21,grassland ecosystem drawing,38.0,0.2,3,1,youtube_suggest,2026-09-12 23:12:25.173951
116,The Buried Sunwheel,158,22,grassland easy drawing,38.0,0.2,3,1,youtube_suggest,2026-09-12 23:12:25.174263
116,The Buried Sunwheel,158,23,grassland ecosystem diagram,38.0,0.2,3,1,youtube_suggest,2026-09-12 23:12:25.174427
116,The Buried Sunwheel,158,24,grassland food chain,38.0,0.2,3,1,youtube_suggest,2026-09-12 23:12:25.174563
116,The Buried Sunwheel,158,25,grassland ff7 rebirth,38.0,0.2,3,1,youtube_suggest,2026-09-12 23:12:25.174706
116,The Buried Sunwheel,158,26,grassland food web,38.0,0.2,3,1,youtube_suggest,2026-09-12 23:12:25.174841
116,The Buried Sunwheel,158,27,grassland full movie,38.0,0.2,3,1,youtube_suggest,2026-09-12 23:12:25.174975
116,The Buried Sunwheel,158,28,grassland biome national geographic,37.67,0.1667,4,1,youtube_suggest,2026-09-12 23:12:25.175110
116,The Buried Sunwheel,158,29,grassland boss dragon adventures,37.67,0.1667,4,1,youtube_suggest,2026-09-12 23:12:25.175247
116,The Buried Sunwheel,158,30,grassland chant lion king,37.67,0.1667,4,1,youtube_suggest,2026-09-12 23:12:25.175382
116,The Buried Sunwheel,158,31,grassland chests dragon adventures,37.67,0.1667,4,1,youtube_suggest,2026-09-12 23:12:25.179462
116,The Buried Sunwheel,158,32,grassland ecosystem national geographic,37.67,0.1667,4,1,youtube_suggest,2026-09-12 23:12:25.179656
116,The Buried Sunwheel,158,33,grassland footprints crown tundra,37.67,0.1667,4,1,youtube_suggest,2026-09-12 23:12:25.179820
116,The Buried Sunwheel,158,34,grassland grassland,33.33,0.3333,2,0,youtube_suggest,2026-09-12 23:12:25.179964
116,The Buried Sunwheel,158,35,grassland 2,33.33,0.3333,2,0,youtube_suggest,2026-09-12 23:12:25.180107
116,The Buried Sunwheel,158,36,grassland,31.33,0.3333,1,0,youtube_suggest,2026-09-12 23:12:25.180283
116,The Buried Sunwheel,158,37,grassland machine,27.5,0.25,2,0,youtube_suggest,2026-09-12 23:12:25.180423
116,The Buried Sunwheel,158,38,grassland gci,27.5,0.25,2,0,youtube_suggest,2026-09-12 23:12:25.180591
116,The Buried Sunwheel,158,39,grassland jam,27.5,0.25,2,0,youtube_suggest,2026-09-12 23:12:25.180740
116,The Buried Sunwheel,158,40,grassland making,27.5,0.25,2,0,youtube_suggest,2026-09-12 23:12:25.180872
116,The Buried Sunwheel,158,41,grassland project,27.5,0.25,2,0,youtube_suggest,2026-09-12 23:12:25.181001
116,The Buried Sunwheel,158,42,grassland farming,27.5,0.25,2,0,youtube_suggest,2026-09-12 23:12:25.181135
116,The Buried Sunwheel,158,43,grassland trailer,27.5,0.25,2,0,youtube_suggest,2026-09-12 23:12:25.190216
116,The Buried Sunwheel,158,44,grassland biome,27.5,0.25,2,0,youtube_suggest,2026-09-12 23:12:25.190543
116,The Buried Sunwheel,158,45,grassland groove,27.5,0.25,2,0,youtube_suggest,2026-09-12 23:12:25.190837
116,The Buried Sunwheel,158,46,grassland habitat,27.5,0.25,2,0,youtube_suggest,2026-09-12 23:12:25.191032
116,The Buried Sunwheel,158,47,grassland vivarium,27.5,0.25,2,0,youtube_suggest,2026-09-12 23:12:25.191325
116,The Buried Sunwheel,158,48,grassland chant,27.5,0.25,2,0,youtube_suggest,2026-09-12 23:12:25.191476
116,The Buried Sunwheel,158,49,grassland animals,27.5,0.25,2,0,youtube_suggest,2026-09-12 23:12:25.191615
116,The Buried Sunwheel,158,50,grassland ambience,27.5,0.25,2,0,youtube_suggest,2026-09-12 23:12:25.191814
116,The Buried Sunwheel,158,51,grassland asmr,27.5,0.25,2,0,youtube_suggest,2026-09-12 23:12:25.191952
116,The Buried Sunwheel,158,52,grassland action,27.5,0.25,2,0,youtube_suggest,2026-09-12 23:12:25.192078
116,The Buried Sunwheel,158,53,grassland adaptations,27.5,0.25,2,0,youtube_suggest,2026-09-12 23:12:25.194430
116,The Buried Sunwheel,158,54,grassland beauty,27.5,0.25,2,0,youtube_suggest,2026-09-12 23:12:25.194588
116,The Buried Sunwheel,158,55,grassland butter,27.5,0.25,2,0,youtube_suggest,2026-09-12 23:12:25.194744
116,The Buried Sunwheel,158,56,grassland bases,27.5,0.25,2,0,youtube_suggest,2026-09-12 23:12:25.194881
116,The Buried Sunwheel,158,57,grassland band,27.5,0.25,2,0,youtube_suggest,2026-09-12 23:12:25.195019
116,The Buried Sunwheel,158,58,grassland birds,27.5,0.25,2,0,youtube_suggest,2026-09-12 23:12:25.195154
116,The Buried Sunwheel,158,59,grassland conservation,27.5,0.25,2,0,youtube_suggest,2026-09-12 23:12:25.195283
116,The Buried Sunwheel,158,60,grassland china,27.5,0.25,2,0,youtube_suggest,2026-09-12 23:12:25.195410
117,Thunderhoof Generator,159,1,grassland background video,41.5,0.25,3,1,youtube_suggest,2026-09-12 23:15:24.410157
117,Thunderhoof Generator,159,2,thunderhoof x steeljaw,41.5,0.25,3,1,youtube_suggest,2026-09-12 23:15:24.410409
117,Thunderhoof Generator,159,3,grassland animals for kindergarten,40.0,0.2,4,1,youtube_suggest,2026-09-12 23:15:24.410617
117,Thunderhoof Generator,159,4,grassland all the way,40.0,0.2,4,1,youtube_suggest,2026-09-12 23:15:24.410814
117,Thunderhoof Generator,159,5,grassland chant lion king jr,39.67,0.1667,5,1,youtube_suggest,2026-09-12 23:15:24.417860
117,Thunderhoof Generator,159,6,grassland fencing machine,38.0,0.2,3,1,youtube_suggest,2026-09-12 23:15:24.418256
117,Thunderhoof Generator,159,7,grassland jali machine,38.0,0.2,3,1,youtube_suggest,2026-09-12 23:15:24.418511
117,Thunderhoof Generator,159,8,grassland ambience dnd,38.0,0.2,3,1,youtube_suggest,2026-09-12 23:15:24.418734
117,Thunderhoof Generator,159,9,grassland animal adaptations,38.0,0.2,3,1,youtube_suggest,2026-09-12 23:15:24.418956
117,Thunderhoof Generator,159,10,grassland animals drawing,38.0,0.2,3,1,youtube_suggest,2026-09-12 23:15:24.419177
117,Thunderhoof Generator,159,11,grassland banana republic,38.0,0.2,3,1,youtube_suggest,2026-09-12 23:15:24.425013
117,Thunderhoof Generator,159,12,grassland chest locations dragon adventures,38.0,0.1429,5,1,youtube_suggest,2026-09-12 23:15:24.425235
117,Thunderhoof Generator,159,13,grassland chinese drama,38.0,0.2,3,1,youtube_suggest,2026-09-12 23:15:24.425394
117,Thunderhoof Generator,159,14,grassland chant broadway,38.0,0.2,3,1,youtube_suggest,2026-09-12 23:15:24.425542
117,Thunderhoof Generator,159,15,grassland care fs25,38.0,0.2,3,1,youtube_suggest,2026-09-12 23:15:24.425710
117,Thunderhoof Generator,159,16,grassland dance academy,38.0,0.2,3,1,youtube_suggest,2026-09-12 23:15:24.425858
117,Thunderhoof Generator,159,17,grassland dragon adventures,38.0,0.2,3,1,youtube_suggest,2026-09-12 23:15:24.426003
117,Thunderhoof Generator,159,18,grassland diorama shoebox,38.0,0.2,3,1,youtube_suggest,2026-09-12 23:15:24.426159
117,Thunderhoof Generator,159,19,grassland drawing easy,38.0,0.2,3,1,youtube_suggest,2026-09-12 23:15:24.426307
117,Thunderhoof Generator,159,20,grassland ecosystem project,38.0,0.2,3,1,youtube_suggest,2026-09-12 23:15:24.426480
117,Thunderhoof Generator,159,21,grassland ecosystem model,38.0,0.2,3,1,youtube_suggest,2026-09-12 23:15:24.428868
117,Thunderhoof Generator,159,22,grassland ecosystem drawing,38.0,0.2,3,1,youtube_suggest,2026-09-12 23:15:24.429093
117,Thunderhoof Generator,159,23,grassland easy drawing,38.0,0.2,3,1,youtube_suggest,2026-09-12 23:15:24.429268
117,Thunderhoof Generator,159,24,grassland ecosystem diagram,38.0,0.2,3,1,youtube_suggest,2026-09-12 23:15:24.429419
117,Thunderhoof Generator,159,25,grassland food chain,38.0,0.2,3,1,youtube_suggest,2026-09-12 23:15:24.429577
117,Thunderhoof Generator,159,26,grassland ff7 rebirth,38.0,0.2,3,1,youtube_suggest,2026-09-12 23:15:24.429735
117,Thunderhoof Generator,159,27,grassland food web,38.0,0.2,3,1,youtube_suggest,2026-09-12 23:15:24.429885
117,Thunderhoof Generator,159,28,grassland full movie,38.0,0.2,3,1,youtube_suggest,2026-09-12 23:15:24.430032
117,Thunderhoof Generator,159,29,grassland biome national geographic,37.67,0.1667,4,1,youtube_suggest,2026-09-12 23:15:24.430191
117,Thunderhoof Generator,159,30,grassland boss dragon adventures,37.67,0.1667,4,1,youtube_suggest,2026-09-12 23:15:24.430347
117,Thunderhoof Generator,159,31,grassland chant lion king,37.67,0.1667,4,1,youtube_suggest,2026-09-12 23:15:24.430496
117,Thunderhoof Generator,159,32,grassland chests dragon adventures,37.67,0.1667,4,1,youtube_suggest,2026-09-12 23:15:24.430644
117,Thunderhoof Generator,159,33,grassland ecosystem national geographic,37.67,0.1667,4,1,youtube_suggest,2026-09-12 23:15:24.430791
117,Thunderhoof Generator,159,34,grassland footprints crown tundra,37.67,0.1667,4,1,youtube_suggest,2026-09-12 23:15:24.430976
117,Thunderhoof Generator,159,35,grassland grassland,33.33,0.3333,2,0,youtube_suggest,2026-09-12 23:15:24.436618
117,Thunderhoof Generator,159,36,grassland 2,33.33,0.3333,2,0,youtube_suggest,2026-09-12 23:15:24.438030
117,Thunderhoof Generator,159,37,grassland,31.33,0.3333,1,0,youtube_suggest,2026-09-12 23:15:24.438225
117,Thunderhoof Generator,159,38,thunderhoof,31.33,0.3333,1,0,youtube_suggest,2026-09-12 23:15:24.438376
117,Thunderhoof Generator,159,39,grassland machine,27.5,0.25,2,0,youtube_suggest,2026-09-12 23:15:24.438524
117,Thunderhoof Generator,159,40,grassland gci,27.5,0.25,2,0,youtube_suggest,2026-09-12 23:15:24.438682
117,Thunderhoof Generator,159,41,grassland jam,27.5,0.25,2,0,youtube_suggest,2026-09-12 23:15:24.438835
117,Thunderhoof Generator,159,42,grassland making,27.5,0.25,2,0,youtube_suggest,2026-09-12 23:15:24.438988
117,Thunderhoof Generator,159,43,grassland project,27.5,0.25,2,0,youtube_suggest,2026-09-12 23:15:24.439156
117,Thunderhoof Generator,159,44,grassland farming,27.5,0.25,2,0,youtube_suggest,2026-09-12 23:15:24.439321
117,Thunderhoof Generator,159,45,grassland trailer,27.5,0.25,2,0,youtube_suggest,2026-09-12 23:15:24.439477
117,Thunderhoof Generator,159,46,grassland biome,27.5,0.25,2,0,youtube_suggest,2026-09-12 23:15:24.439634
117,Thunderhoof Generator,159,47,grassland groove,27.5,0.25,2,0,youtube_suggest,2026-09-12 23:15:24.439805
117,Thunderhoof Generator,159,48,grassland habitat,27.5,0.25,2,0,youtube_suggest,2026-09-12 23:15:24.442925
117,Thunderhoof Generator,159,49,grassland vivarium,27.5,0.25,2,0,youtube_suggest,2026-09-12 23:15:24.443217
117,Thunderhoof Generator,159,50,grassland chant,27.5,0.25,2,0,youtube_suggest,2026-09-12 23:15:24.443395
117,Thunderhoof Generator,159,51,grassland animals,27.5,0.25,2,0,youtube_suggest,2026-09-12 23:15:24.443557
117,Thunderhoof Generator,159,52,grassland ambience,27.5,0.25,2,0,youtube_suggest,2026-09-12 23:15:24.443714
117,Thunderhoof Generator,159,53,grassland asmr,27.5,0.25,2,0,youtube_suggest,2026-09-12 23:15:24.443864
117,Thunderhoof Generator,159,54,grassland action,27.5,0.25,2,0,youtube_suggest,2026-09-12 23:15:24.444008
117,Thunderhoof Generator,159,55,grassland adaptations,27.5,0.25,2,0,youtube_suggest,2026-09-12 23:15:24.444388
117,Thunderhoof Generator,159,56,grassland beauty,27.5,0.25,2,0,youtube_suggest,2026-09-12 23:15:24.450018
117,Thunderhoof Generator,159,57,grassland butter,27.5,0.25,2,0,youtube_suggest,2026-09-12 23:15:24.450317
117,Thunderhoof Generator,159,58,grassland bases,27.5,0.25,2,0,youtube_suggest,2026-09-12 23:15:24.450522
117,Thunderhoof Generator,159,59,grassland band,27.5,0.25,2,0,youtube_suggest,2026-09-12 23:15:24.450728
117,Thunderhoof Generator,159,60,grassland birds,27.5,0.25,2,0,youtube_suggest,2026-09-12 23:15:24.450944
118,Prairie Memory Engine,160,1,grassland chant lion king jr,38.0,0.1429,5,1,youtube_suggest,2026-09-12 23:18:51.868955
118,Prairie Memory Engine,160,2,grassland background video,38.0,0.2,3,1,youtube_suggest,2026-09-12 23:18:51.869261
118,Prairie Memory Engine,160,3,grassland animals for kindergarten,37.67,0.1667,4,1,youtube_suggest,2026-09-12 23:18:51.869448
118,Prairie Memory Engine,160,4,grassland all the way,37.67,0.1667,4,1,youtube_suggest,2026-09-12 23:18:51.869605
118,Prairie Memory Engine,160,5,grassland chest locations dragon adventures,36.75,0.125,5,1,youtube_suggest,2026-09-12 23:18:51.869763
118,Prairie Memory Engine,160,6,grassland biome national geographic,36.0,0.1429,4,1,youtube_suggest,2026-09-12 23:18:51.869916
118,Prairie Memory Engine,160,7,grassland boss dragon adventures,36.0,0.1429,4,1,youtube_suggest,2026-09-12 23:18:51.870066
118,Prairie Memory Engine,160,8,grassland chant lion king,36.0,0.1429,4,1,youtube_suggest,2026-09-12 23:18:51.870216
118,Prairie Memory Engine,160,9,grassland chests dragon adventures,36.0,0.1429,4,1,youtube_suggest,2026-09-12 23:18:51.870377
118,Prairie Memory Engine,160,10,grassland ecosystem national geographic,36.0,0.1429,4,1,youtube_suggest,2026-09-12 23:18:51.870529
118,Prairie Memory Engine,160,11,grassland footprints crown tundra,36.0,0.1429,4,1,youtube_suggest,2026-09-12 23:18:51.870679
118,Prairie Memory Engine,160,12,prairie dirt classic,35.67,0.1667,3,1,youtube_suggest,2026-09-12 23:18:51.870830
118,Prairie Memory Engine,160,13,grassland fencing machine,35.67,0.1667,3,1,youtube_suggest,2026-09-12 23:18:51.871003
118,Prairie Memory Engine,160,14,grassland jali machine,35.67,0.1667,3,1,youtube_suggest,2026-09-12 23:18:51.871151
118,Prairie Memory Engine,160,15,grassland ambience dnd,35.67,0.1667,3,1,youtube_suggest,2026-09-12 23:18:51.871308
118,Prairie Memory Engine,160,16,grassland animal adaptations,35.67,0.1667,3,1,youtube_suggest,2026-09-12 23:18:51.871456
118,Prairie Memory Engine,160,17,grassland animals drawing,35.67,0.1667,3,1,youtube_suggest,2026-09-12 23:18:51.871604
118,Prairie Memory Engine,160,18,grassland banana republic,35.67,0.1667,3,1,youtube_suggest,2026-09-12 23:18:51.871752
118,Prairie Memory Engine,160,19,grassland chinese drama,35.67,0.1667,3,1,youtube_suggest,2026-09-12 23:18:51.871903
118,Prairie Memory Engine,160,20,grassland chant broadway,35.67,0.1667,3,1,youtube_suggest,2026-09-12 23:18:51.872066
118,Prairie Memory Engine,160,21,grassland care fs25,35.67,0.1667,3,1,youtube_suggest,2026-09-12 23:18:51.872214
118,Prairie Memory Engine,160,22,grassland dance academy,35.67,0.1667,3,1,youtube_suggest,2026-09-12 23:18:51.872369
118,Prairie Memory Engine,160,23,grassland dragon adventures,35.67,0.1667,3,1,youtube_suggest,2026-09-12 23:18:51.872521
118,Prairie Memory Engine,160,24,grassland diorama shoebox,35.67,0.1667,3,1,youtube_suggest,2026-09-12 23:18:51.876757
118,Prairie Memory Engine,160,25,grassland drawing easy,35.67,0.1667,3,1,youtube_suggest,2026-09-12 23:18:51.876945
118,Prairie Memory Engine,160,26,grassland ecosystem project,35.67,0.1667,3,1,youtube_suggest,2026-09-12 23:18:51.877107
118,Prairie Memory Engine,160,27,grassland ecosystem model,35.67,0.1667,3,1,youtube_suggest,2026-09-12 23:18:51.877262
118,Prairie Memory Engine,160,28,grassland ecosystem drawing,35.67,0.1667,3,1,youtube_suggest,2026-09-12 23:18:51.877449
118,Prairie Memory Engine,160,29,grassland easy drawing,35.67,0.1667,3,1,youtube_suggest,2026-09-12 23:18:51.877640
118,Prairie Memory Engine,160,30,grassland ecosystem diagram,35.67,0.1667,3,1,youtube_suggest,2026-09-12 23:18:51.880789
118,Prairie Memory Engine,160,31,grassland food chain,35.67,0.1667,3,1,youtube_suggest,2026-09-12 23:18:51.880973
118,Prairie Memory Engine,160,32,grassland ff7 rebirth,35.67,0.1667,3,1,youtube_suggest,2026-09-12 23:18:51.881140
118,Prairie Memory Engine,160,33,grassland food web,35.67,0.1667,3,1,youtube_suggest,2026-09-12 23:18:51.881357
118,Prairie Memory Engine,160,34,grassland full movie,35.67,0.1667,3,1,youtube_suggest,2026-09-12 23:18:51.881635
118,Prairie Memory Engine,160,35,grassland grassland,27.5,0.25,2,0,youtube_suggest,2026-09-12 23:18:51.881835
118,Prairie Memory Engine,160,36,grassland 2,27.5,0.25,2,0,youtube_suggest,2026-09-12 23:18:51.882028
118,Prairie Memory Engine,160,37,grasslands all the way,26.0,0.0,4,1,youtube_suggest,2026-09-12 23:18:51.883087
118,Prairie Memory Engine,160,38,grassland,25.5,0.25,1,0,youtube_suggest,2026-09-12 23:18:51.883290
118,Prairie Memory Engine,160,39,prairie dust,24.0,0.2,2,0,youtube_suggest,2026-09-12 23:18:51.883480
118,Prairie Memory Engine,160,40,prairie field,24.0,0.2,2,0,youtube_suggest,2026-09-12 23:18:51.883662
118,Prairie Memory Engine,160,41,prairie noises,24.0,0.2,2,0,youtube_suggest,2026-09-12 23:18:51.883843
118,Prairie Memory Engine,160,42,grassland machine,24.0,0.2,2,0,youtube_suggest,2026-09-12 23:18:51.884021
118,Prairie Memory Engine,160,43,grassland gci,24.0,0.2,2,0,youtube_suggest,2026-09-12 23:18:51.884215
118,Prairie Memory Engine,160,44,grassland jam,24.0,0.2,2,0,youtube_suggest,2026-09-12 23:18:51.884411
118,Prairie Memory Engine,160,45,grassland making,24.0,0.2,2,0,youtube_suggest,2026-09-12 23:18:51.888984
118,Prairie Memory Engine,160,46,grassland project,24.0,0.2,2,0,youtube_suggest,2026-09-12 23:18:51.889299
118,Prairie Memory Engine,160,47,grassland farming,24.0,0.2,2,0,youtube_suggest,2026-09-12 23:18:51.889505
118,Prairie Memory Engine,160,48,grassland trailer,24.0,0.2,2,0,youtube_suggest,2026-09-12 23:18:51.889693
118,Prairie Memory Engine,160,49,grassland biome,24.0,0.2,2,0,youtube_suggest,2026-09-12 23:18:51.889884
118,Prairie Memory Engine,160,50,grassland groove,24.0,0.2,2,0,youtube_suggest,2026-09-12 23:18:51.890066
118,Prairie Memory Engine,160,51,grassland habitat,24.0,0.2,2,0,youtube_suggest,2026-09-12 23:18:51.890256
118,Prairie Memory Engine,160,52,grassland vivarium,24.0,0.2,2,0,youtube_suggest,2026-09-12 23:18:51.890441
118,Prairie Memory Engine,160,53,grassland chant,24.0,0.2,2,0,youtube_suggest,2026-09-12 23:18:51.890630
118,Prairie Memory Engine,160,54,grassland animals,24.0,0.2,2,0,youtube_suggest,2026-09-12 23:18:51.890813
118,Prairie Memory Engine,160,55,grassland ambience,24.0,0.2,2,0,youtube_suggest,2026-09-12 23:18:51.891029
118,Prairie Memory Engine,160,56,grassland asmr,24.0,0.2,2,0,youtube_suggest,2026-09-12 23:18:51.891218
118,Prairie Memory Engine,160,57,grassland action,24.0,0.2,2,0,youtube_suggest,2026-09-12 23:18:51.891408
118,Prairie Memory Engine,160,58,grassland adaptations,24.0,0.2,2,0,youtube_suggest,2026-09-12 23:18:51.891587
118,Prairie Memory Engine,160,59,grassland beauty,24.0,0.2,2,0,youtube_suggest,2026-09-12 23:18:51.891764
118,Prairie Memory Engine,160,60,grassland butter,24.0,0.2,2,0,youtube_suggest,2026-09-12 23:18:51.891944
119,Horizon Grass Loom,161,1,horizon forbidden west grass,49.33,0.3333,4,1,youtube_suggest,2026-09-12 23:21:41.901895
119,Horizon Grass Loom,161,2,loom knit cowl on round loom,40.0,0.1429,6,1,youtube_suggest,2026-09-12 23:21:41.902179
119,Horizon Grass Loom,161,3,grassland chant lion king jr,38.0,0.1429,5,1,youtube_suggest,2026-09-12 23:21:41.902413
119,Horizon Grass Loom,161,4,grassland background video,38.0,0.2,3,1,youtube_suggest,2026-09-12 23:21:41.902616
119,Horizon Grass Loom,161,5,grassland animals for kindergarten,37.67,0.1667,4,1,youtube_suggest,2026-09-12 23:21:41.902810
119,Horizon Grass Loom,161,6,grassland all the way,37.67,0.1667,4,1,youtube_suggest,2026-09-12 23:21:41.902998
119,Horizon Grass Loom,161,7,grassland chest locations dragon adventures,36.75,0.125,5,1,youtube_suggest,2026-09-12 23:21:41.903177
119,Horizon Grass Loom,161,8,horizon forbidden west long glide,36.75,0.125,5,1,youtube_suggest,2026-09-12 23:21:41.903377
119,Horizon Grass Loom,161,9,horizon forbidden west plowhorn plants,36.75,0.125,5,1,youtube_suggest,2026-09-12 23:21:41.903562
119,Horizon Grass Loom,161,10,horizon forbidden west flower tool,36.75,0.125,5,1,youtube_suggest,2026-09-12 23:21:41.903739
119,Horizon Grass Loom,161,11,grassland biome national geographic,36.0,0.1429,4,1,youtube_suggest,2026-09-12 23:21:41.903919
119,Horizon Grass Loom,161,12,grassland boss dragon adventures,36.0,0.1429,4,1,youtube_suggest,2026-09-12 23:21:41.904104
119,Horizon Grass Loom,161,13,grassland chant lion king,36.0,0.1429,4,1,youtube_suggest,2026-09-12 23:21:41.904301
119,Horizon Grass Loom,161,14,grassland chests dragon adventures,36.0,0.1429,4,1,youtube_suggest,2026-09-12 23:21:41.904509
119,Horizon Grass Loom,161,15,grassland ecosystem national geographic,36.0,0.1429,4,1,youtube_suggest,2026-09-12 23:21:41.910768
119,Horizon Grass Loom,161,16,grassland footprints crown tundra,36.0,0.1429,4,1,youtube_suggest,2026-09-12 23:21:41.911048
119,Horizon Grass Loom,161,17,horizon tallneck shining wastes,36.0,0.1429,4,1,youtube_suggest,2026-09-12 23:21:41.911265
119,Horizon Grass Loom,161,18,hooded cowl loom knit,36.0,0.1429,4,1,youtube_suggest,2026-09-12 23:21:41.911466
119,Horizon Grass Loom,161,19,loom knit hooded scarf,36.0,0.1429,4,1,youtube_suggest,2026-09-12 23:21:41.911675
119,Horizon Grass Loom,161,20,grassland fencing machine,35.67,0.1667,3,1,youtube_suggest,2026-09-12 23:21:41.911885
119,Horizon Grass Loom,161,21,grassland jali machine,35.67,0.1667,3,1,youtube_suggest,2026-09-12 23:21:41.912074
119,Horizon Grass Loom,161,22,grassland ambience dnd,35.67,0.1667,3,1,youtube_suggest,2026-09-12 23:21:41.912275
119,Horizon Grass Loom,161,23,grassland animal adaptations,35.67,0.1667,3,1,youtube_suggest,2026-09-12 23:21:41.912475
119,Horizon Grass Loom,161,24,grassland animals drawing,35.67,0.1667,3,1,youtube_suggest,2026-09-12 23:21:41.916707
119,Horizon Grass Loom,161,25,grassland banana republic,35.67,0.1667,3,1,youtube_suggest,2026-09-12 23:21:41.916990
119,Horizon Grass Loom,161,26,grassland chinese drama,35.67,0.1667,3,1,youtube_suggest,2026-09-12 23:21:41.917200
119,Horizon Grass Loom,161,27,grassland chant broadway,35.67,0.1667,3,1,youtube_suggest,2026-09-12 23:21:41.917429
119,Horizon Grass Loom,161,28,grassland care fs25,35.67,0.1667,3,1,youtube_suggest,2026-09-12 23:21:41.925018
119,Horizon Grass Loom,161,29,grassland dance academy,35.67,0.1667,3,1,youtube_suggest,2026-09-12 23:21:41.925263
119,Horizon Grass Loom,161,30,grassland dragon adventures,35.67,0.1667,3,1,youtube_suggest,2026-09-12 23:21:41.927769
119,Horizon Grass Loom,161,31,grassland diorama shoebox,35.67,0.1667,3,1,youtube_suggest,2026-09-12 23:21:41.928198
119,Horizon Grass Loom,161,32,grassland drawing easy,35.67,0.1667,3,1,youtube_suggest,2026-09-12 23:21:41.928464
119,Horizon Grass Loom,161,33,grassland ecosystem project,35.67,0.1667,3,1,youtube_suggest,2026-09-12 23:21:41.928749
119,Horizon Grass Loom,161,34,grassland ecosystem model,35.67,0.1667,3,1,youtube_suggest,2026-09-12 23:21:41.929025
119,Horizon Grass Loom,161,35,grassland ecosystem drawing,35.67,0.1667,3,1,youtube_suggest,2026-09-12 23:21:41.929258
119,Horizon Grass Loom,161,36,grassland easy drawing,35.67,0.1667,3,1,youtube_suggest,2026-09-12 23:21:41.929450
119,Horizon Grass Loom,161,37,grassland ecosystem diagram,35.67,0.1667,3,1,youtube_suggest,2026-09-12 23:21:41.929633
119,Horizon Grass Loom,161,38,grassland food chain,35.67,0.1667,3,1,youtube_suggest,2026-09-12 23:21:41.929814
119,Horizon Grass Loom,161,39,grassland ff7 rebirth,35.67,0.1667,3,1,youtube_suggest,2026-09-12 23:21:41.930018
119,Horizon Grass Loom,161,40,grassland food web,35.67,0.1667,3,1,youtube_suggest,2026-09-12 23:21:41.930221
119,Horizon Grass Loom,161,41,grassland full movie,35.67,0.1667,3,1,youtube_suggest,2026-09-12 23:21:41.930712
119,Horizon Grass Loom,161,42,horizon survey drone,35.67,0.1667,3,1,youtube_suggest,2026-09-12 23:21:41.930948
119,Horizon Grass Loom,161,43,grassland grassland,27.5,0.25,2,0,youtube_suggest,2026-09-12 23:21:41.931162
119,Horizon Grass Loom,161,44,grassland 2,27.5,0.25,2,0,youtube_suggest,2026-09-12 23:21:41.932801
119,Horizon Grass Loom,161,45,grasslands all the way,26.0,0.0,4,1,youtube_suggest,2026-09-12 23:21:41.933016
119,Horizon Grass Loom,161,46,grassland,25.5,0.25,1,0,youtube_suggest,2026-09-12 23:21:41.933213
119,Horizon Grass Loom,161,47,grassland machine,24.0,0.2,2,0,youtube_suggest,2026-09-12 23:21:41.933398
119,Horizon Grass Loom,161,48,grassland gci,24.0,0.2,2,0,youtube_suggest,2026-09-12 23:21:41.933585
119,Horizon Grass Loom,161,49,grass pulverizer,24.0,0.2,2,0,youtube_suggest,2026-09-12 23:21:41.933810
119,Horizon Grass Loom,161,50,grassland jam,24.0,0.2,2,0,youtube_suggest,2026-09-12 23:21:41.934002
119,Horizon Grass Loom,161,51,grassland making,24.0,0.2,2,0,youtube_suggest,2026-09-12 23:21:41.934182
119,Horizon Grass Loom,161,52,grassland project,24.0,0.2,2,0,youtube_suggest,2026-09-12 23:21:41.934329
119,Horizon Grass Loom,161,53,grassland farming,24.0,0.2,2,0,youtube_suggest,2026-09-12 23:21:41.937009
119,Horizon Grass Loom,161,54,grassland trailer,24.0,0.2,2,0,youtube_suggest,2026-09-12 23:21:41.937366
119,Horizon Grass Loom,161,55,grassland biome,24.0,0.2,2,0,youtube_suggest,2026-09-12 23:21:41.937574
119,Horizon Grass Loom,161,56,grassland groove,24.0,0.2,2,0,youtube_suggest,2026-09-12 23:21:41.937763
119,Horizon Grass Loom,161,57,grassland habitat,24.0,0.2,2,0,youtube_suggest,2026-09-12 23:21:41.937974
119,Horizon Grass Loom,161,58,grassland vivarium,24.0,0.2,2,0,youtube_suggest,2026-09-12 23:21:41.938173
119,Horizon Grass Loom,161,59,grassland chant,24.0,0.2,2,0,youtube_suggest,2026-09-12 23:21:41.938363
119,Horizon Grass Loom,161,60,grassland animals,24.0,0.2,2,0,youtube_suggest,2026-09-12 23:21:41.938547
120,Cloudshadow Irrigator,162,1,irrigator how to use,43.5,0.25,4,1,youtube_suggest,2026-09-12 23:24:51.892187
120,Cloudshadow Irrigator,162,2,grassland background video,41.5,0.25,3,1,youtube_suggest,2026-09-12 23:24:51.892459
120,Cloudshadow Irrigator,162,3,grassland animals for kindergarten,40.0,0.2,4,1,youtube_suggest,2026-09-12 23:24:51.895712
120,Cloudshadow Irrigator,162,4,grassland all the way,40.0,0.2,4,1,youtube_suggest,2026-09-12 23:24:51.895947
120,Cloudshadow Irrigator,162,5,grassland chant lion king jr,39.67,0.1667,5,1,youtube_suggest,2026-09-12 23:24:51.896114
120,Cloudshadow Irrigator,162,6,grassland fencing machine,38.0,0.2,3,1,youtube_suggest,2026-09-12 23:24:51.896278
120,Cloudshadow Irrigator,162,7,grassland jali machine,38.0,0.2,3,1,youtube_suggest,2026-09-12 23:24:51.896436
120,Cloudshadow Irrigator,162,8,grassland ambience dnd,38.0,0.2,3,1,youtube_suggest,2026-09-12 23:24:51.899924
120,Cloudshadow Irrigator,162,9,grassland animal adaptations,38.0,0.2,3,1,youtube_suggest,2026-09-12 23:24:51.900172
120,Cloudshadow Irrigator,162,10,grassland animals drawing,38.0,0.2,3,1,youtube_suggest,2026-09-12 23:24:51.900391
120,Cloudshadow Irrigator,162,11,grassland banana republic,38.0,0.2,3,1,youtube_suggest,2026-09-12 23:24:51.900944
120,Cloudshadow Irrigator,162,12,grassland chest locations dragon adventures,38.0,0.1429,5,1,youtube_suggest,2026-09-12 23:24:51.901141
120,Cloudshadow Irrigator,162,13,grassland chinese drama,38.0,0.2,3,1,youtube_suggest,2026-09-12 23:24:51.901301
120,Cloudshadow Irrigator,162,14,grassland chant broadway,38.0,0.2,3,1,youtube_suggest,2026-09-12 23:24:51.901456
120,Cloudshadow Irrigator,162,15,grassland care fs25,38.0,0.2,3,1,youtube_suggest,2026-09-12 23:24:51.901602
120,Cloudshadow Irrigator,162,16,grassland dance academy,38.0,0.2,3,1,youtube_suggest,2026-09-12 23:24:51.901763
120,Cloudshadow Irrigator,162,17,grassland dragon adventures,38.0,0.2,3,1,youtube_suggest,2026-09-12 23:24:51.901911
120,Cloudshadow Irrigator,162,18,grassland diorama shoebox,38.0,0.2,3,1,youtube_suggest,2026-09-12 23:24:51.902061
120,Cloudshadow Irrigator,162,19,grassland drawing easy,38.0,0.2,3,1,youtube_suggest,2026-09-12 23:24:51.902215
120,Cloudshadow Irrigator,162,20,grassland ecosystem project,38.0,0.2,3,1,youtube_suggest,2026-09-12 23:24:51.902369
120,Cloudshadow Irrigator,162,21,grassland ecosystem model,38.0,0.2,3,1,youtube_suggest,2026-09-12 23:24:51.902516
120,Cloudshadow Irrigator,162,22,grassland ecosystem drawing,38.0,0.2,3,1,youtube_suggest,2026-09-12 23:24:51.902705
120,Cloudshadow Irrigator,162,23,grassland easy drawing,38.0,0.2,3,1,youtube_suggest,2026-09-12 23:24:51.902887
120,Cloudshadow Irrigator,162,24,grassland ecosystem diagram,38.0,0.2,3,1,youtube_suggest,2026-09-12 23:24:51.903047
120,Cloudshadow Irrigator,162,25,grassland food chain,38.0,0.2,3,1,youtube_suggest,2026-09-12 23:24:51.903206
120,Cloudshadow Irrigator,162,26,grassland ff7 rebirth,38.0,0.2,3,1,youtube_suggest,2026-09-12 23:24:51.903361
120,Cloudshadow Irrigator,162,27,grassland food web,38.0,0.2,3,1,youtube_suggest,2026-09-12 23:24:51.903514
120,Cloudshadow Irrigator,162,28,grassland full movie,38.0,0.2,3,1,youtube_suggest,2026-09-12 23:24:51.903676
120,Cloudshadow Irrigator,162,29,grassland biome national geographic,37.67,0.1667,4,1,youtube_suggest,2026-09-12 23:24:51.903827
120,Cloudshadow Irrigator,162,30,grassland boss dragon adventures,37.67,0.1667,4,1,youtube_suggest,2026-09-12 23:24:51.903985
120,Cloudshadow Irrigator,162,31,grassland chant lion king,37.67,0.1667,4,1,youtube_suggest,2026-09-12 23:24:51.904124
120,Cloudshadow Irrigator,162,32,grassland chests dragon adventures,37.67,0.1667,4,1,youtube_suggest,2026-09-12 23:24:51.904275
120,Cloudshadow Irrigator,162,33,grassland ecosystem national geographic,37.67,0.1667,4,1,youtube_suggest,2026-09-12 23:24:51.904794
120,Cloudshadow Irrigator,162,34,grassland footprints crown tundra,37.67,0.1667,4,1,youtube_suggest,2026-09-12 23:24:51.905030
120,Cloudshadow Irrigator,162,35,grassland grassland,33.33,0.3333,2,0,youtube_suggest,2026-09-12 23:24:51.905190
120,Cloudshadow Irrigator,162,36,grassland 2,33.33,0.3333,2,0,youtube_suggest,2026-09-12 23:24:51.905396
120,Cloudshadow Irrigator,162,37,grassland,31.33,0.3333,1,0,youtube_suggest,2026-09-12 23:24:51.905627
120,Cloudshadow Irrigator,162,38,irrigator,31.33,0.3333,1,0,youtube_suggest,2026-09-12 23:24:51.905795
120,Cloudshadow Irrigator,162,39,grassland machine,27.5,0.25,2,0,youtube_suggest,2026-09-12 23:24:51.905946
120,Cloudshadow Irrigator,162,40,grassland gci,27.5,0.25,2,0,youtube_suggest,2026-09-12 23:24:51.906094
120,Cloudshadow Irrigator,162,41,grassland jam,27.5,0.25,2,0,youtube_suggest,2026-09-12 23:24:51.906242
120,Cloudshadow Irrigator,162,42,grassland making,27.5,0.25,2,0,youtube_suggest,2026-09-12 23:24:51.906386
120,Cloudshadow Irrigator,162,43,grassland project,27.5,0.25,2,0,youtube_suggest,2026-09-12 23:24:51.906531
120,Cloudshadow Irrigator,162,44,grassland farming,27.5,0.25,2,0,youtube_suggest,2026-09-12 23:24:51.906699
120,Cloudshadow Irrigator,162,45,grassland trailer,27.5,0.25,2,0,youtube_suggest,2026-09-12 23:24:51.906844
120,Cloudshadow Irrigator,162,46,grassland biome,27.5,0.25,2,0,youtube_suggest,2026-09-12 23:24:51.906987
120,Cloudshadow Irrigator,162,47,grassland groove,27.5,0.25,2,0,youtube_suggest,2026-09-12 23:24:51.907130
120,Cloudshadow Irrigator,162,48,grassland habitat,27.5,0.25,2,0,youtube_suggest,2026-09-12 23:24:51.907295
120,Cloudshadow Irrigator,162,49,grassland vivarium,27.5,0.25,2,0,youtube_suggest,2026-09-12 23:24:51.907459
120,Cloudshadow Irrigator,162,50,grassland chant,27.5,0.25,2,0,youtube_suggest,2026-09-12 23:24:51.907651
120,Cloudshadow Irrigator,162,51,grassland animals,27.5,0.25,2,0,youtube_suggest,2026-09-12 23:24:51.907802
120,Cloudshadow Irrigator,162,52,grassland ambience,27.5,0.25,2,0,youtube_suggest,2026-09-12 23:24:51.907944
120,Cloudshadow Irrigator,162,53,grassland asmr,27.5,0.25,2,0,youtube_suggest,2026-09-12 23:24:51.908120
120,Cloudshadow Irrigator,162,54,grassland action,27.5,0.25,2,0,youtube_suggest,2026-09-12 23:24:51.908278
120,Cloudshadow Irrigator,162,55,grassland adaptations,27.5,0.25,2,0,youtube_suggest,2026-09-12 23:24:51.908420
120,Cloudshadow Irrigator,162,56,grassland beauty,27.5,0.25,2,0,youtube_suggest,2026-09-12 23:24:51.908615
120,Cloudshadow Irrigator,162,57,grassland butter,27.5,0.25,2,0,youtube_suggest,2026-09-12 23:24:51.908837
120,Cloudshadow Irrigator,162,58,grassland bases,27.5,0.25,2,0,youtube_suggest,2026-09-12 23:24:51.909047
120,Cloudshadow Irrigator,162,59,grassland band,27.5,0.25,2,0,youtube_suggest,2026-09-12 23:24:51.909253
120,Cloudshadow Irrigator,162,60,grassland birds,27.5,0.25,2,0,youtube_suggest,2026-09-12 23:24:51.909457
121,The Seed Moon,163,1,what is the moon seed in descenders,65.0,0.5,7,1,youtube_suggest,2026-09-12 23:27:57.711460
121,The Seed Moon,163,2,the moon seed descenders,61.0,0.5,4,1,youtube_suggest,2026-09-12 23:27:57.711767
121,The Seed Moon,163,3,under the moon star seed,56.0,0.4,5,1,youtube_suggest,2026-09-12 23:27:57.711973
121,The Seed Moon,163,4,the seed hq,47.33,0.3333,3,1,youtube_suggest,2026-09-12 23:27:57.712169
121,The Seed Moon,163,5,the secret of the seed,45.5,0.25,5,1,youtube_suggest,2026-09-12 23:27:57.712375
121,The Seed Moon,163,6,the seed of time,43.5,0.25,4,1,youtube_suggest,2026-09-12 23:27:57.715010
121,The Seed Moon,163,7,the seed we sow,43.5,0.25,4,1,youtube_suggest,2026-09-12 23:27:57.715351
121,The Seed Moon,163,8,grassland background video,41.5,0.25,3,1,youtube_suggest,2026-09-12 23:27:57.715572
121,The Seed Moon,163,9,the seed outro aurora,40.0,0.2,4,1,youtube_suggest,2026-09-12 23:27:57.715775
121,The Seed Moon,163,10,grassland animals for kindergarten,40.0,0.2,4,1,youtube_suggest,2026-09-12 23:27:57.720832
121,The Seed Moon,163,11,grassland all the way,40.0,0.2,4,1,youtube_suggest,2026-09-12 23:27:57.721089
121,The Seed Moon,163,12,grassland chant lion king jr,39.67,0.1667,5,1,youtube_suggest,2026-09-12 23:27:57.721267
121,The Seed Moon,163,13,grassland fencing machine,38.0,0.2,3,1,youtube_suggest,2026-09-12 23:27:57.721409
121,The Seed Moon,163,14,grassland jali machine,38.0,0.2,3,1,youtube_suggest,2026-09-12 23:27:57.721544
121,The Seed Moon,163,15,grassland ambience dnd,38.0,0.2,3,1,youtube_suggest,2026-09-12 23:27:57.721697
121,The Seed Moon,163,16,grassland animal adaptations,38.0,0.2,3,1,youtube_suggest,2026-09-12 23:27:57.721836
121,The Seed Moon,163,17,grassland animals drawing,38.0,0.2,3,1,youtube_suggest,2026-09-12 23:27:57.721968
121,The Seed Moon,163,18,grassland banana republic,38.0,0.2,3,1,youtube_suggest,2026-09-12 23:27:57.722098
121,The Seed Moon,163,19,grassland chest locations dragon adventures,38.0,0.1429,5,1,youtube_suggest,2026-09-12 23:27:57.722236
121,The Seed Moon,163,20,grassland chinese drama,38.0,0.2,3,1,youtube_suggest,2026-09-12 23:27:57.722366
121,The Seed Moon,163,21,grassland chant broadway,38.0,0.2,3,1,youtube_suggest,2026-09-12 23:27:57.722495
121,The Seed Moon,163,22,grassland care fs25,38.0,0.2,3,1,youtube_suggest,2026-09-12 23:27:57.722625
121,The Seed Moon,163,23,grassland dance academy,38.0,0.2,3,1,youtube_suggest,2026-09-12 23:27:57.722762
121,The Seed Moon,163,24,grassland dragon adventures,38.0,0.2,3,1,youtube_suggest,2026-09-12 23:27:57.722891
121,The Seed Moon,163,25,grassland diorama shoebox,38.0,0.2,3,1,youtube_suggest,2026-09-12 23:27:57.723020
121,The Seed Moon,163,26,grassland drawing easy,38.0,0.2,3,1,youtube_suggest,2026-09-12 23:27:57.723148
121,The Seed Moon,163,27,grassland ecosystem project,38.0,0.2,3,1,youtube_suggest,2026-09-12 23:27:57.723290
121,The Seed Moon,163,28,grassland ecosystem model,38.0,0.2,3,1,youtube_suggest,2026-09-12 23:27:57.723413
121,The Seed Moon,163,29,grassland ecosystem drawing,38.0,0.2,3,1,youtube_suggest,2026-09-12 23:27:57.723535
121,The Seed Moon,163,30,grassland easy drawing,38.0,0.2,3,1,youtube_suggest,2026-09-12 23:27:57.723672
121,The Seed Moon,163,31,grassland ecosystem diagram,38.0,0.2,3,1,youtube_suggest,2026-09-12 23:27:57.723820
121,The Seed Moon,163,32,grassland food chain,38.0,0.2,3,1,youtube_suggest,2026-09-12 23:27:57.723969
121,The Seed Moon,163,33,grassland ff7 rebirth,38.0,0.2,3,1,youtube_suggest,2026-09-12 23:27:57.724124
121,The Seed Moon,163,34,grassland food web,38.0,0.2,3,1,youtube_suggest,2026-09-12 23:27:57.724280
121,The Seed Moon,163,35,grassland full movie,38.0,0.2,3,1,youtube_suggest,2026-09-12 23:27:57.724425
121,The Seed Moon,163,36,grassland biome national geographic,37.67,0.1667,4,1,youtube_suggest,2026-09-12 23:27:57.728802
121,The Seed Moon,163,37,grassland boss dragon adventures,37.67,0.1667,4,1,youtube_suggest,2026-09-12 23:27:57.729272
121,The Seed Moon,163,38,grassland chant lion king,37.67,0.1667,4,1,youtube_suggest,2026-09-12 23:27:57.729441
121,The Seed Moon,163,39,grassland chests dragon adventures,37.67,0.1667,4,1,youtube_suggest,2026-09-12 23:27:57.729604
121,The Seed Moon,163,40,grassland ecosystem national geographic,37.67,0.1667,4,1,youtube_suggest,2026-09-12 23:27:57.729758
121,The Seed Moon,163,41,grassland footprints crown tundra,37.67,0.1667,4,1,youtube_suggest,2026-09-12 23:27:57.729907
121,The Seed Moon,163,42,grassland grassland,33.33,0.3333,2,0,youtube_suggest,2026-09-12 23:27:57.730055
121,The Seed Moon,163,43,grassland 2,33.33,0.3333,2,0,youtube_suggest,2026-09-12 23:27:57.730214
121,The Seed Moon,163,44,grassland,31.33,0.3333,1,0,youtube_suggest,2026-09-12 23:27:57.730372
121,The Seed Moon,163,45,dancing in the moonlight sped up,30.0,0.0,6,1,youtube_suggest,2026-09-12 23:27:57.730529
121,The Seed Moon,163,46,the seeds of time monster,28.0,0.0,5,1,youtube_suggest,2026-09-12 23:27:57.730673
121,The Seed Moon,163,47,grassland machine,27.5,0.25,2,0,youtube_suggest,2026-09-12 23:27:57.730814
121,The Seed Moon,163,48,grassland gci,27.5,0.25,2,0,youtube_suggest,2026-09-12 23:27:57.730987
121,The Seed Moon,163,49,grassland jam,27.5,0.25,2,0,youtube_suggest,2026-09-12 23:27:57.733988
121,The Seed Moon,163,50,grassland making,27.5,0.25,2,0,youtube_suggest,2026-09-12 23:27:57.734317
121,The Seed Moon,163,51,grassland project,27.5,0.25,2,0,youtube_suggest,2026-09-12 23:27:57.734515
121,The Seed Moon,163,52,grassland farming,27.5,0.25,2,0,youtube_suggest,2026-09-12 23:27:57.734708
121,The Seed Moon,163,53,grassland trailer,27.5,0.25,2,0,youtube_suggest,2026-09-12 23:27:57.734947
121,The Seed Moon,163,54,grassland biome,27.5,0.25,2,0,youtube_suggest,2026-09-12 23:27:57.735179
121,The Seed Moon,163,55,grassland groove,27.5,0.25,2,0,youtube_suggest,2026-09-12 23:27:57.735388
121,The Seed Moon,163,56,grassland habitat,27.5,0.25,2,0,youtube_suggest,2026-09-12 23:27:57.740498
121,The Seed Moon,163,57,grassland vivarium,27.5,0.25,2,0,youtube_suggest,2026-09-12 23:27:57.740990
121,The Seed Moon,163,58,grassland chant,27.5,0.25,2,0,youtube_suggest,2026-09-12 23:27:57.741224
121,The Seed Moon,163,59,grassland animals,27.5,0.25,2,0,youtube_suggest,2026-09-12 23:27:57.741421
121,The Seed Moon,163,60,grassland ambience,27.5,0.25,2,0,youtube_suggest,2026-09-12 23:27:57.741632
122,Prairie Planet Engine,164,1,space engine making a planet,51.33,0.3333,5,1,youtube_suggest,2026-09-12 23:30:25.128449
122,Prairie Planet Engine,164,2,planet engine,45.0,0.5,2,0,youtube_suggest,2026-09-12 23:30:25.131796
122,Prairie Planet Engine,164,3,proton tether journey to the savage planet,38.75,0.125,7,1,youtube_suggest,2026-09-12 23:30:25.133385
122,Prairie Planet Engine,164,4,grassland chant lion king jr,38.0,0.1429,5,1,youtube_suggest,2026-09-12 23:30:25.134403
122,Prairie Planet Engine,164,5,grassland background video,38.0,0.2,3,1,youtube_suggest,2026-09-12 23:30:25.135176
122,Prairie Planet Engine,164,6,grassland animals for kindergarten,37.67,0.1667,4,1,youtube_suggest,2026-09-12 23:30:25.136846
122,Prairie Planet Engine,164,7,grassland all the way,37.67,0.1667,4,1,youtube_suggest,2026-09-12 23:30:25.137098
122,Prairie Planet Engine,164,8,grassland chest locations dragon adventures,36.75,0.125,5,1,youtube_suggest,2026-09-12 23:30:25.137343
122,Prairie Planet Engine,164,9,planet earth crystal caves,36.0,0.1429,4,1,youtube_suggest,2026-09-12 23:30:25.137572
122,Prairie Planet Engine,164,10,grassland biome national geographic,36.0,0.1429,4,1,youtube_suggest,2026-09-12 23:30:25.137779
122,Prairie Planet Engine,164,11,grassland boss dragon adventures,36.0,0.1429,4,1,youtube_suggest,2026-09-12 23:30:25.137989
122,Prairie Planet Engine,164,12,grassland chant lion king,36.0,0.1429,4,1,youtube_suggest,2026-09-12 23:30:25.138195
122,Prairie Planet Engine,164,13,grassland chests dragon adventures,36.0,0.1429,4,1,youtube_suggest,2026-09-12 23:30:25.138421
122,Prairie Planet Engine,164,14,grassland ecosystem national geographic,36.0,0.1429,4,1,youtube_suggest,2026-09-12 23:30:25.138626
122,Prairie Planet Engine,164,15,grassland footprints crown tundra,36.0,0.1429,4,1,youtube_suggest,2026-09-12 23:30:25.138825
122,Prairie Planet Engine,164,16,grassland ambience dnd,35.67,0.1667,3,1,youtube_suggest,2026-09-12 23:30:25.139026
122,Prairie Planet Engine,164,17,grassland animal adaptations,35.67,0.1667,3,1,youtube_suggest,2026-09-12 23:30:25.139224
122,Prairie Planet Engine,164,18,grassland animals drawing,35.67,0.1667,3,1,youtube_suggest,2026-09-12 23:30:25.139442
122,Prairie Planet Engine,164,19,grassland banana republic,35.67,0.1667,3,1,youtube_suggest,2026-09-12 23:30:25.139643
122,Prairie Planet Engine,164,20,grassland chinese drama,35.67,0.1667,3,1,youtube_suggest,2026-09-12 23:30:25.139870
122,Prairie Planet Engine,164,21,grassland chant broadway,35.67,0.1667,3,1,youtube_suggest,2026-09-12 23:30:25.140068
122,Prairie Planet Engine,164,22,grassland care fs25,35.67,0.1667,3,1,youtube_suggest,2026-09-12 23:30:25.140287
122,Prairie Planet Engine,164,23,grassland dance academy,35.67,0.1667,3,1,youtube_suggest,2026-09-12 23:30:25.140493
122,Prairie Planet Engine,164,24,grassland dragon adventures,35.67,0.1667,3,1,youtube_suggest,2026-09-12 23:30:25.145049
122,Prairie Planet Engine,164,25,grassland diorama shoebox,35.67,0.1667,3,1,youtube_suggest,2026-09-12 23:30:25.145279
122,Prairie Planet Engine,164,26,grassland drawing easy,35.67,0.1667,3,1,youtube_suggest,2026-09-12 23:30:25.145453
122,Prairie Planet Engine,164,27,grassland ecosystem project,35.67,0.1667,3,1,youtube_suggest,2026-09-12 23:30:25.145671
122,Prairie Planet Engine,164,28,grassland ecosystem model,35.67,0.1667,3,1,youtube_suggest,2026-09-12 23:30:25.145886
122,Prairie Planet Engine,164,29,grassland ecosystem drawing,35.67,0.1667,3,1,youtube_suggest,2026-09-12 23:30:25.146093
122,Prairie Planet Engine,164,30,grassland easy drawing,35.67,0.1667,3,1,youtube_suggest,2026-09-12 23:30:25.146313
122,Prairie Planet Engine,164,31,grassland ecosystem diagram,35.67,0.1667,3,1,youtube_suggest,2026-09-12 23:30:25.146537
122,Prairie Planet Engine,164,32,grassland food chain,35.67,0.1667,3,1,youtube_suggest,2026-09-12 23:30:25.146748
122,Prairie Planet Engine,164,33,grassland ff7 rebirth,35.67,0.1667,3,1,youtube_suggest,2026-09-12 23:30:25.146954
122,Prairie Planet Engine,164,34,grassland food web,35.67,0.1667,3,1,youtube_suggest,2026-09-12 23:30:25.147158
122,Prairie Planet Engine,164,35,grassland full movie,35.67,0.1667,3,1,youtube_suggest,2026-09-12 23:30:25.147374
122,Prairie Planet Engine,164,36,grassland fencing machine,35.67,0.1667,3,1,youtube_suggest,2026-09-12 23:30:25.147577
122,Prairie Planet Engine,164,37,grassland jali machine,35.67,0.1667,3,1,youtube_suggest,2026-09-12 23:30:25.151814
122,Prairie Planet Engine,164,38,space engineers ice lake mining,28.0,0.0,5,1,youtube_suggest,2026-09-12 23:30:25.152214
122,Prairie Planet Engine,164,39,grassland grassland,27.5,0.25,2,0,youtube_suggest,2026-09-12 23:30:25.152423
122,Prairie Planet Engine,164,40,grassland 2,27.5,0.25,2,0,youtube_suggest,2026-09-12 23:30:25.152818
122,Prairie Planet Engine,164,41,plane crazy uss enterprise,26.0,0.0,4,1,youtube_suggest,2026-09-12 23:30:25.153061
122,Prairie Planet Engine,164,42,plane crazy airship guide,26.0,0.0,4,1,youtube_suggest,2026-09-12 23:30:25.153292
122,Prairie Planet Engine,164,43,miner ship space engineers,26.0,0.0,4,1,youtube_suggest,2026-09-12 23:30:25.153502
122,Prairie Planet Engine,164,44,voyager 1 fuel source,26.0,0.0,4,1,youtube_suggest,2026-09-12 23:30:25.153708
122,Prairie Planet Engine,164,45,grasslands all the way,26.0,0.0,4,1,youtube_suggest,2026-09-12 23:30:25.153896
122,Prairie Planet Engine,164,46,grassland,25.5,0.25,1,0,youtube_suggest,2026-09-12 23:30:25.154086
122,Prairie Planet Engine,164,47,prairie biome,24.0,0.2,2,0,youtube_suggest,2026-09-12 23:30:25.154288
122,Prairie Planet Engine,164,48,prairie environment,24.0,0.2,2,0,youtube_suggest,2026-09-12 23:30:25.154477
122,Prairie Planet Engine,164,49,prairie skies,24.0,0.2,2,0,youtube_suggest,2026-09-12 23:30:25.154656
122,Prairie Planet Engine,164,50,project aurora generator,24.0,0.0,3,1,youtube_suggest,2026-09-12 23:30:25.154833
122,Prairie Planet Engine,164,51,grassland trailer,24.0,0.2,2,0,youtube_suggest,2026-09-12 23:30:25.155026
122,Prairie Planet Engine,164,52,grassland biome,24.0,0.2,2,0,youtube_suggest,2026-09-12 23:30:25.155219
122,Prairie Planet Engine,164,53,grassland groove,24.0,0.2,2,0,youtube_suggest,2026-09-12 23:30:25.155399
122,Prairie Planet Engine,164,54,grassland habitat,24.0,0.2,2,0,youtube_suggest,2026-09-12 23:30:25.155593
122,Prairie Planet Engine,164,55,grassland vivarium,24.0,0.2,2,0,youtube_suggest,2026-09-12 23:30:25.155888
122,Prairie Planet Engine,164,56,grassland chant,24.0,0.2,2,0,youtube_suggest,2026-09-12 23:30:25.156093
122,Prairie Planet Engine,164,57,grassland animals,24.0,0.2,2,0,youtube_suggest,2026-09-12 23:30:25.156293
122,Prairie Planet Engine,164,58,grassland ambience,24.0,0.2,2,0,youtube_suggest,2026-09-12 23:30:25.156478
122,Prairie Planet Engine,164,59,grassland asmr,24.0,0.2,2,0,youtube_suggest,2026-09-12 23:30:25.165014
122,Prairie Planet Engine,164,60,grassland action,24.0,0.2,2,0,youtube_suggest,2026-09-12 23:30:25.165270
123,The Dune-Swallowing Sand Leviathan,165,1,the largest leviathan in subnautica,38.0,0.1429,5,1,youtube_suggest,2026-09-12 23:33:36.954387
123,The Dune-Swallowing Sand Leviathan,165,2,desert fathers in a year,38.0,0.1429,5,1,youtube_suggest,2026-09-12 23:33:36.954668
123,The Dune-Swallowing Sand Leviathan,165,3,the leviathan in subnautica,37.67,0.1667,4,1,youtube_suggest,2026-09-12 23:33:36.954858
123,The Dune-Swallowing Sand Leviathan,165,4,desert eagle 50 ae,37.67,0.1667,4,1,youtube_suggest,2026-09-12 23:33:36.955055
123,The Dune-Swallowing Sand Leviathan,165,5,desert biome plants vs brainrots,36.75,0.125,5,1,youtube_suggest,2026-09-12 23:33:36.955266
123,The Dune-Swallowing Sand Leviathan,165,6,desert edge vs notre dame,36.75,0.125,5,1,youtube_suggest,2026-09-12 23:33:36.955454
123,The Dune-Swallowing Sand Leviathan,165,7,the great machine desert lodge,36.75,0.125,5,1,youtube_suggest,2026-09-12 23:33:36.955634
123,The Dune-Swallowing Sand Leviathan,165,8,dune killing a sandworm,36.0,0.1429,4,1,youtube_suggest,2026-09-12 23:33:36.955813
123,The Dune-Swallowing Sand Leviathan,165,9,dune riding the sandworm,36.0,0.1429,4,1,youtube_suggest,2026-09-12 23:33:36.955994
123,The Dune-Swallowing Sand Leviathan,165,10,leviathan hears a giant,36.0,0.1429,4,1,youtube_suggest,2026-09-12 23:33:36.956167
123,The Dune-Swallowing Sand Leviathan,165,11,desert animals for kids,36.0,0.1429,4,1,youtube_suggest,2026-09-12 23:33:36.956365
123,The Dune-Swallowing Sand Leviathan,165,12,desert at night firework,36.0,0.1429,4,1,youtube_suggest,2026-09-12 23:33:36.964716
123,The Dune-Swallowing Sand Leviathan,165,13,desert bus for hope,36.0,0.1429,4,1,youtube_suggest,2026-09-12 23:33:36.965153
123,The Dune-Swallowing Sand Leviathan,165,14,desert eagle 44 magnum,36.0,0.1429,4,1,youtube_suggest,2026-09-12 23:33:36.965498
123,The Dune-Swallowing Sand Leviathan,165,15,desert mario maker 2,36.0,0.1429,4,1,youtube_suggest,2026-09-12 23:33:36.965700
123,The Dune-Swallowing Sand Leviathan,165,16,desert edge high school football,35.78,0.1111,5,1,youtube_suggest,2026-09-12 23:33:36.965901
123,The Dune-Swallowing Sand Leviathan,165,17,desert fox gold panning machine,35.78,0.1111,5,1,youtube_suggest,2026-09-12 23:33:36.966091
123,The Dune-Swallowing Sand Leviathan,165,18,powdered wig machine desert sessions,35.78,0.1111,5,1,youtube_suggest,2026-09-12 23:33:36.966336
123,The Dune-Swallowing Sand Leviathan,165,19,desert sessions powdered wig machine,35.78,0.1111,5,1,youtube_suggest,2026-09-12 23:33:36.966525
123,The Dune-Swallowing Sand Leviathan,165,20,dune the sandworm,35.67,0.1667,3,1,youtube_suggest,2026-09-12 23:33:36.966717
123,The Dune-Swallowing Sand Leviathan,165,21,the dune sandworm,35.67,0.1667,3,1,youtube_suggest,2026-09-12 23:33:36.966904
123,The Dune-Swallowing Sand Leviathan,165,22,desert at night,35.67,0.1667,3,1,youtube_suggest,2026-09-12 23:33:36.967091
123,The Dune-Swallowing Sand Leviathan,165,23,desert for kids,35.67,0.1667,3,1,youtube_suggest,2026-09-12 23:33:36.967294
123,The Dune-Swallowing Sand Leviathan,165,24,desert ambience sound effect,34.75,0.125,4,1,youtube_suggest,2026-09-12 23:33:36.967470
123,The Dune-Swallowing Sand Leviathan,165,25,desert city swing 2026,34.75,0.125,4,1,youtube_suggest,2026-09-12 23:33:36.973974
123,The Dune-Swallowing Sand Leviathan,165,26,desert chase indiana jones,34.75,0.125,4,1,youtube_suggest,2026-09-12 23:33:36.974451
123,The Dune-Swallowing Sand Leviathan,165,27,desert eagle sound effect,34.75,0.125,4,1,youtube_suggest,2026-09-12 23:33:36.974800
123,The Dune-Swallowing Sand Leviathan,165,28,desert eagle 357 magnum,34.75,0.125,4,1,youtube_suggest,2026-09-12 23:33:36.975116
123,The Dune-Swallowing Sand Leviathan,165,29,desert eagle machine gun,34.75,0.125,4,1,youtube_suggest,2026-09-12 23:33:36.975542
123,The Dune-Swallowing Sand Leviathan,165,30,ghost machine desert rose,34.75,0.125,4,1,youtube_suggest,2026-09-12 23:33:36.976409
123,The Dune-Swallowing Sand Leviathan,165,31,desert hawk slot machine,34.75,0.125,4,1,youtube_suggest,2026-09-12 23:33:36.977760
123,The Dune-Swallowing Sand Leviathan,165,32,god machine desert song,34.75,0.125,4,1,youtube_suggest,2026-09-12 23:33:36.978470
123,The Dune-Swallowing Sand Leviathan,165,33,desert fox panning machine,34.75,0.125,4,1,youtube_suggest,2026-09-12 23:33:36.978697
123,The Dune-Swallowing Sand Leviathan,165,34,desert rose ghost machine,34.75,0.125,4,1,youtube_suggest,2026-09-12 23:33:36.978891
123,The Dune-Swallowing Sand Leviathan,165,35,sahara desert slot machine,34.75,0.125,4,1,youtube_suggest,2026-09-12 23:33:36.980512
123,The Dune-Swallowing Sand Leviathan,165,36,leviathan emperor subnautica,34.0,0.1429,3,1,youtube_suggest,2026-09-12 23:33:36.980900
123,The Dune-Swallowing Sand Leviathan,165,37,desert rose sting,34.0,0.1429,3,1,youtube_suggest,2026-09-12 23:33:36.981092
123,The Dune-Swallowing Sand Leviathan,165,38,desert ambient music,34.0,0.1429,3,1,youtube_suggest,2026-09-12 23:33:36.981370
123,The Dune-Swallowing Sand Leviathan,165,39,desert ambience dnd,34.0,0.1429,3,1,youtube_suggest,2026-09-12 23:33:36.981550
123,The Dune-Swallowing Sand Leviathan,165,40,desert builds minecraft,34.0,0.1429,3,1,youtube_suggest,2026-09-12 23:33:36.981744
123,The Dune-Swallowing Sand Leviathan,165,41,desert bus roblox,34.0,0.1429,3,1,youtube_suggest,2026-09-12 23:33:36.981926
123,The Dune-Swallowing Sand Leviathan,165,42,desert battle music,34.0,0.1429,3,1,youtube_suggest,2026-09-12 23:33:36.983355
123,The Dune-Swallowing Sand Leviathan,165,43,desert chill music,34.0,0.1429,3,1,youtube_suggest,2026-09-12 23:33:36.983568
123,The Dune-Swallowing Sand Leviathan,165,44,desert combat music,34.0,0.1429,3,1,youtube_suggest,2026-09-12 23:33:36.983763
123,The Dune-Swallowing Sand Leviathan,165,45,desert dawn trailer,34.0,0.1429,3,1,youtube_suggest,2026-09-12 23:33:36.983950
123,The Dune-Swallowing Sand Leviathan,165,46,desert dog outdoors,34.0,0.1429,3,1,youtube_suggest,2026-09-12 23:33:36.984149
123,The Dune-Swallowing Sand Leviathan,165,47,desert duo animatic,34.0,0.1429,3,1,youtube_suggest,2026-09-12 23:33:36.984346
123,The Dune-Swallowing Sand Leviathan,165,48,desert drifter channel,34.0,0.1429,3,1,youtube_suggest,2026-09-12 23:33:36.986765
123,The Dune-Swallowing Sand Leviathan,165,49,desert eagle beyonce,34.0,0.1429,3,1,youtube_suggest,2026-09-12 23:33:36.987081
123,The Dune-Swallowing Sand Leviathan,165,50,desert eagle gun,34.0,0.1429,3,1,youtube_suggest,2026-09-12 23:33:36.987310
123,The Dune-Swallowing Sand Leviathan,165,51,desert eagle recoil,34.0,0.1429,3,1,youtube_suggest,2026-09-12 23:33:36.987501
123,The Dune-Swallowing Sand Leviathan,165,52,desert fox airsoft,34.0,0.1429,3,1,youtube_suggest,2026-09-12 23:33:36.987714
123,The Dune-Swallowing Sand Leviathan,165,53,desert flower trailer,34.0,0.1429,3,1,youtube_suggest,2026-09-12 23:33:36.988520
123,The Dune-Swallowing Sand Leviathan,165,54,desert flower movie,34.0,0.1429,3,1,youtube_suggest,2026-09-12 23:33:36.988764
123,The Dune-Swallowing Sand Leviathan,165,55,desert fiends trailer,34.0,0.1429,3,1,youtube_suggest,2026-09-12 23:33:36.988954
123,The Dune-Swallowing Sand Leviathan,165,56,desert fox machine,34.0,0.1429,3,1,youtube_suggest,2026-09-12 23:33:36.989135
123,The Dune-Swallowing Sand Leviathan,165,57,world machine desert,34.0,0.1429,3,1,youtube_suggest,2026-09-12 23:33:36.989328
123,The Dune-Swallowing Sand Leviathan,165,58,how to get to the dunes sinkhole subnautica,30.0,0.0,8,1,youtube_suggest,2026-09-12 23:33:36.989511
123,The Dune-Swallowing Sand Leviathan,165,59,dessert bowl machine price,26.0,0.0,4,1,youtube_suggest,2026-09-12 23:33:36.989707
123,The Dune-Swallowing Sand Leviathan,165,60,dessert bowl machine,24.0,0.0,3,1,youtube_suggest,2026-09-12 23:33:36.989917
124,Solar Mirage Energy Tower,166,1,solar tower light,47.33,0.3333,3,1,youtube_suggest,2026-09-12 23:36:58.053994
124,Solar Mirage Energy Tower,166,2,desert fathers in a year,38.0,0.1429,5,1,youtube_suggest,2026-09-12 23:36:58.054274
124,Solar Mirage Energy Tower,166,3,desert eagle 50 ae,37.67,0.1667,4,1,youtube_suggest,2026-09-12 23:36:58.054492
124,Solar Mirage Energy Tower,166,4,desert biome plants vs brainrots,36.75,0.125,5,1,youtube_suggest,2026-09-12 23:36:58.054674
124,Solar Mirage Energy Tower,166,5,desert edge vs notre dame,36.75,0.125,5,1,youtube_suggest,2026-09-12 23:36:58.054841
124,Solar Mirage Energy Tower,166,6,the great machine desert lodge,36.75,0.125,5,1,youtube_suggest,2026-09-12 23:36:58.055043
124,Solar Mirage Energy Tower,166,7,desert animals for kids,36.0,0.1429,4,1,youtube_suggest,2026-09-12 23:36:58.055227
124,Solar Mirage Energy Tower,166,8,desert at night firework,36.0,0.1429,4,1,youtube_suggest,2026-09-12 23:36:58.055414
124,Solar Mirage Energy Tower,166,9,desert bus for hope,36.0,0.1429,4,1,youtube_suggest,2026-09-12 23:36:58.060768
124,Solar Mirage Energy Tower,166,10,desert eagle 44 magnum,36.0,0.1429,4,1,youtube_suggest,2026-09-12 23:36:58.062017
124,Solar Mirage Energy Tower,166,11,desert mario maker 2,36.0,0.1429,4,1,youtube_suggest,2026-09-12 23:36:58.063289
124,Solar Mirage Energy Tower,166,12,desert edge high school football,35.78,0.1111,5,1,youtube_suggest,2026-09-12 23:36:58.064107
124,Solar Mirage Energy Tower,166,13,desert fox gold panning machine,35.78,0.1111,5,1,youtube_suggest,2026-09-12 23:36:58.065382
124,Solar Mirage Energy Tower,166,14,powdered wig machine desert sessions,35.78,0.1111,5,1,youtube_suggest,2026-09-12 23:36:58.066091
124,Solar Mirage Energy Tower,166,15,desert sessions powdered wig machine,35.78,0.1111,5,1,youtube_suggest,2026-09-12 23:36:58.066365
124,Solar Mirage Energy Tower,166,16,desert at night,35.67,0.1667,3,1,youtube_suggest,2026-09-12 23:36:58.066561
124,Solar Mirage Energy Tower,166,17,desert for kids,35.67,0.1667,3,1,youtube_suggest,2026-09-12 23:36:58.066824
124,Solar Mirage Energy Tower,166,18,desert ambience sound effect,34.75,0.125,4,1,youtube_suggest,2026-09-12 23:36:58.067044
124,Solar Mirage Energy Tower,166,19,desert city swing 2026,34.75,0.125,4,1,youtube_suggest,2026-09-12 23:36:58.067230
124,Solar Mirage Energy Tower,166,20,desert chase indiana jones,34.75,0.125,4,1,youtube_suggest,2026-09-12 23:36:58.067471
124,Solar Mirage Energy Tower,166,21,desert eagle sound effect,34.75,0.125,4,1,youtube_suggest,2026-09-12 23:36:58.067670
124,Solar Mirage Energy Tower,166,22,desert eagle 357 magnum,34.75,0.125,4,1,youtube_suggest,2026-09-12 23:36:58.067861
124,Solar Mirage Energy Tower,166,23,desert eagle machine gun,34.75,0.125,4,1,youtube_suggest,2026-09-12 23:36:58.068047
124,Solar Mirage Energy Tower,166,24,ghost machine desert rose,34.75,0.125,4,1,youtube_suggest,2026-09-12 23:36:58.072913
124,Solar Mirage Energy Tower,166,25,desert hawk slot machine,34.75,0.125,4,1,youtube_suggest,2026-09-12 23:36:58.073180
124,Solar Mirage Energy Tower,166,26,god machine desert song,34.75,0.125,4,1,youtube_suggest,2026-09-12 23:36:58.073380
124,Solar Mirage Energy Tower,166,27,desert fox panning machine,34.75,0.125,4,1,youtube_suggest,2026-09-12 23:36:58.073565
124,Solar Mirage Energy Tower,166,28,desert rose ghost machine,34.75,0.125,4,1,youtube_suggest,2026-09-12 23:36:58.073873
124,Solar Mirage Energy Tower,166,29,sahara desert slot machine,34.75,0.125,4,1,youtube_suggest,2026-09-12 23:36:58.074161
124,Solar Mirage Energy Tower,166,30,desert rose sting,34.0,0.1429,3,1,youtube_suggest,2026-09-12 23:36:58.074433
124,Solar Mirage Energy Tower,166,31,desert ambient music,34.0,0.1429,3,1,youtube_suggest,2026-09-12 23:36:58.074687
124,Solar Mirage Energy Tower,166,32,desert ambience dnd,34.0,0.1429,3,1,youtube_suggest,2026-09-12 23:36:58.075043
124,Solar Mirage Energy Tower,166,33,desert builds minecraft,34.0,0.1429,3,1,youtube_suggest,2026-09-12 23:36:58.075241
124,Solar Mirage Energy Tower,166,34,desert bus roblox,34.0,0.1429,3,1,youtube_suggest,2026-09-12 23:36:58.076147
124,Solar Mirage Energy Tower,166,35,desert battle music,34.0,0.1429,3,1,youtube_suggest,2026-09-12 23:36:58.076345
124,Solar Mirage Energy Tower,166,36,desert chill music,34.0,0.1429,3,1,youtube_suggest,2026-09-12 23:36:58.077722
124,Solar Mirage Energy Tower,166,37,desert combat music,34.0,0.1429,3,1,youtube_suggest,2026-09-12 23:36:58.078025
124,Solar Mirage Energy Tower,166,38,desert dawn trailer,34.0,0.1429,3,1,youtube_suggest,2026-09-12 23:36:58.078217
124,Solar Mirage Energy Tower,166,39,desert dog outdoors,34.0,0.1429,3,1,youtube_suggest,2026-09-12 23:36:58.078403
124,Solar Mirage Energy Tower,166,40,desert duo animatic,34.0,0.1429,3,1,youtube_suggest,2026-09-12 23:36:58.078584
124,Solar Mirage Energy Tower,166,41,desert drifter channel,34.0,0.1429,3,1,youtube_suggest,2026-09-12 23:36:58.080663
124,Solar Mirage Energy Tower,166,42,desert eagle beyonce,34.0,0.1429,3,1,youtube_suggest,2026-09-12 23:36:58.081460
124,Solar Mirage Energy Tower,166,43,desert eagle gun,34.0,0.1429,3,1,youtube_suggest,2026-09-12 23:36:58.081768
124,Solar Mirage Energy Tower,166,44,desert eagle recoil,34.0,0.1429,3,1,youtube_suggest,2026-09-12 23:36:58.082122
124,Solar Mirage Energy Tower,166,45,desert fox airsoft,34.0,0.1429,3,1,youtube_suggest,2026-09-12 23:36:58.082308
124,Solar Mirage Energy Tower,166,46,desert flower trailer,34.0,0.1429,3,1,youtube_suggest,2026-09-12 23:36:58.082501
124,Solar Mirage Energy Tower,166,47,desert flower movie,34.0,0.1429,3,1,youtube_suggest,2026-09-12 23:36:58.084081
124,Solar Mirage Energy Tower,166,48,desert fiends trailer,34.0,0.1429,3,1,youtube_suggest,2026-09-12 23:36:58.084485
124,Solar Mirage Energy Tower,166,49,desert fox machine,34.0,0.1429,3,1,youtube_suggest,2026-09-12 23:36:58.089109
124,Solar Mirage Energy Tower,166,50,world machine desert,34.0,0.1429,3,1,youtube_suggest,2026-09-12 23:36:58.089439
124,Solar Mirage Energy Tower,166,51,dessert bowl machine price,26.0,0.0,4,1,youtube_suggest,2026-09-12 23:36:58.089757
124,Solar Mirage Energy Tower,166,52,dessert bowl machine,24.0,0.0,3,1,youtube_suggest,2026-09-12 23:36:58.089971
124,Solar Mirage Energy Tower,166,53,dessert making machine,24.0,0.0,3,1,youtube_suggest,2026-09-12 23:36:58.090155
124,Solar Mirage Energy Tower,166,54,dessert vending machine,24.0,0.0,3,1,youtube_suggest,2026-09-12 23:36:58.090412
124,Solar Mirage Energy Tower,166,55,desert,22.0,0.2,1,0,youtube_suggest,2026-09-12 23:36:58.090603
124,Solar Mirage Energy Tower,166,56,desert drifter,21.67,0.1667,2,0,youtube_suggest,2026-09-12 23:36:58.090802
124,Solar Mirage Energy Tower,166,57,desert rose,21.67,0.1667,2,0,youtube_suggest,2026-09-12 23:36:58.091015
124,Solar Mirage Energy Tower,166,58,desert music,21.67,0.1667,2,0,youtube_suggest,2026-09-12 23:36:58.091260
124,Solar Mirage Energy Tower,166,59,desert eagle,21.67,0.1667,2,0,youtube_suggest,2026-09-12 23:36:58.091442
124,Solar Mirage Energy Tower,166,60,desert storm,21.67,0.1667,2,0,youtube_suggest,2026-09-12 23:36:58.091620
125,The Deep-Basin Moisture Siphon,167,1,desert fathers in a year,38.0,0.1429,5,1,youtube_suggest,2026-09-12 23:39:23.249624
125,The Deep-Basin Moisture Siphon,167,2,desert eagle 50 ae,37.67,0.1667,4,1,youtube_suggest,2026-09-12 23:39:23.249865
125,The Deep-Basin Moisture Siphon,167,3,desert biome plants vs brainrots,36.75,0.125,5,1,youtube_suggest,2026-09-12 23:39:23.250028
125,The Deep-Basin Moisture Siphon,167,4,desert edge vs notre dame,36.75,0.125,5,1,youtube_suggest,2026-09-12 23:39:23.250180
125,The Deep-Basin Moisture Siphon,167,5,siphon water with long hose,36.75,0.125,5,1,youtube_suggest,2026-09-12 23:39:23.250330
125,The Deep-Basin Moisture Siphon,167,6,the great machine desert lodge,36.75,0.125,5,1,youtube_suggest,2026-09-12 23:39:23.250470
125,The Deep-Basin Moisture Siphon,167,7,desert animals for kids,36.0,0.1429,4,1,youtube_suggest,2026-09-12 23:39:23.250606
125,The Deep-Basin Moisture Siphon,167,8,desert at night firework,36.0,0.1429,4,1,youtube_suggest,2026-09-12 23:39:23.250739
125,The Deep-Basin Moisture Siphon,167,9,desert bus for hope,36.0,0.1429,4,1,youtube_suggest,2026-09-12 23:39:23.250879
125,The Deep-Basin Moisture Siphon,167,10,desert eagle 44 magnum,36.0,0.1429,4,1,youtube_suggest,2026-09-12 23:39:23.251035
125,The Deep-Basin Moisture Siphon,167,11,desert mario maker 2,36.0,0.1429,4,1,youtube_suggest,2026-09-12 23:39:23.251170
125,The Deep-Basin Moisture Siphon,167,12,desert edge high school football,35.78,0.1111,5,1,youtube_suggest,2026-09-12 23:39:23.251311
125,The Deep-Basin Moisture Siphon,167,13,desert fox gold panning machine,35.78,0.1111,5,1,youtube_suggest,2026-09-12 23:39:23.251440
125,The Deep-Basin Moisture Siphon,167,14,powdered wig machine desert sessions,35.78,0.1111,5,1,youtube_suggest,2026-09-12 23:39:23.256919
125,The Deep-Basin Moisture Siphon,167,15,desert sessions powdered wig machine,35.78,0.1111,5,1,youtube_suggest,2026-09-12 23:39:23.257155
125,The Deep-Basin Moisture Siphon,167,16,desert at night,35.67,0.1667,3,1,youtube_suggest,2026-09-12 23:39:23.257355
125,The Deep-Basin Moisture Siphon,167,17,desert for kids,35.67,0.1667,3,1,youtube_suggest,2026-09-12 23:39:23.257547
125,The Deep-Basin Moisture Siphon,167,18,desert ambience sound effect,34.75,0.125,4,1,youtube_suggest,2026-09-12 23:39:23.257741
125,The Deep-Basin Moisture Siphon,167,19,desert city swing 2026,34.75,0.125,4,1,youtube_suggest,2026-09-12 23:39:23.257924
125,The Deep-Basin Moisture Siphon,167,20,desert chase indiana jones,34.75,0.125,4,1,youtube_suggest,2026-09-12 23:39:23.258100
125,The Deep-Basin Moisture Siphon,167,21,desert eagle sound effect,34.75,0.125,4,1,youtube_suggest,2026-09-12 23:39:23.258284
125,The Deep-Basin Moisture Siphon,167,22,desert eagle 357 magnum,34.75,0.125,4,1,youtube_suggest,2026-09-12 23:39:23.258481
125,The Deep-Basin Moisture Siphon,167,23,desert eagle machine gun,34.75,0.125,4,1,youtube_suggest,2026-09-12 23:39:23.258668
125,The Deep-Basin Moisture Siphon,167,24,ghost machine desert rose,34.75,0.125,4,1,youtube_suggest,2026-09-12 23:39:23.258850
125,The Deep-Basin Moisture Siphon,167,25,desert hawk slot machine,34.75,0.125,4,1,youtube_suggest,2026-09-12 23:39:23.258995
125,The Deep-Basin Moisture Siphon,167,26,god machine desert song,34.75,0.125,4,1,youtube_suggest,2026-09-12 23:39:23.259170
125,The Deep-Basin Moisture Siphon,167,27,desert fox panning machine,34.75,0.125,4,1,youtube_suggest,2026-09-12 23:39:23.259368
125,The Deep-Basin Moisture Siphon,167,28,desert rose ghost machine,34.75,0.125,4,1,youtube_suggest,2026-09-12 23:39:23.259667
125,The Deep-Basin Moisture Siphon,167,29,sahara desert slot machine,34.75,0.125,4,1,youtube_suggest,2026-09-12 23:39:23.259851
125,The Deep-Basin Moisture Siphon,167,30,desert rose sting,34.0,0.1429,3,1,youtube_suggest,2026-09-12 23:39:23.260022
125,The Deep-Basin Moisture Siphon,167,31,desert ambient music,34.0,0.1429,3,1,youtube_suggest,2026-09-12 23:39:23.260202
125,The Deep-Basin Moisture Siphon,167,32,desert ambience dnd,34.0,0.1429,3,1,youtube_suggest,2026-09-12 23:39:23.260397
125,The Deep-Basin Moisture Siphon,167,33,desert builds minecraft,34.0,0.1429,3,1,youtube_suggest,2026-09-12 23:39:23.267813
125,The Deep-Basin Moisture Siphon,167,34,desert bus roblox,34.0,0.1429,3,1,youtube_suggest,2026-09-12 23:39:23.268146
125,The Deep-Basin Moisture Siphon,167,35,desert battle music,34.0,0.1429,3,1,youtube_suggest,2026-09-12 23:39:23.268351
125,The Deep-Basin Moisture Siphon,167,36,desert chill music,34.0,0.1429,3,1,youtube_suggest,2026-09-12 23:39:23.268568
125,The Deep-Basin Moisture Siphon,167,37,desert combat music,34.0,0.1429,3,1,youtube_suggest,2026-09-12 23:39:23.268762
125,The Deep-Basin Moisture Siphon,167,38,desert dawn trailer,34.0,0.1429,3,1,youtube_suggest,2026-09-12 23:39:23.269048
125,The Deep-Basin Moisture Siphon,167,39,desert dog outdoors,34.0,0.1429,3,1,youtube_suggest,2026-09-12 23:39:23.269312
125,The Deep-Basin Moisture Siphon,167,40,desert duo animatic,34.0,0.1429,3,1,youtube_suggest,2026-09-12 23:39:23.269515
125,The Deep-Basin Moisture Siphon,167,41,desert drifter channel,34.0,0.1429,3,1,youtube_suggest,2026-09-12 23:39:23.269701
125,The Deep-Basin Moisture Siphon,167,42,desert eagle beyonce,34.0,0.1429,3,1,youtube_suggest,2026-09-12 23:39:23.269883
125,The Deep-Basin Moisture Siphon,167,43,desert eagle gun,34.0,0.1429,3,1,youtube_suggest,2026-09-12 23:39:23.270066
125,The Deep-Basin Moisture Siphon,167,44,desert eagle recoil,34.0,0.1429,3,1,youtube_suggest,2026-09-12 23:39:23.270250
125,The Deep-Basin Moisture Siphon,167,45,desert fox airsoft,34.0,0.1429,3,1,youtube_suggest,2026-09-12 23:39:23.270443
125,The Deep-Basin Moisture Siphon,167,46,desert flower trailer,34.0,0.1429,3,1,youtube_suggest,2026-09-12 23:39:23.270618
125,The Deep-Basin Moisture Siphon,167,47,desert flower movie,34.0,0.1429,3,1,youtube_suggest,2026-09-12 23:39:23.270795
125,The Deep-Basin Moisture Siphon,167,48,desert fiends trailer,34.0,0.1429,3,1,youtube_suggest,2026-09-12 23:39:23.271111
125,The Deep-Basin Moisture Siphon,167,49,desert fox machine,34.0,0.1429,3,1,youtube_suggest,2026-09-12 23:39:23.271299
125,The Deep-Basin Moisture Siphon,167,50,world machine desert,34.0,0.1429,3,1,youtube_suggest,2026-09-12 23:39:23.271491
125,The Deep-Basin Moisture Siphon,167,51,water coming out of bottom of shower,30.0,0.0,7,1,youtube_suggest,2026-09-12 23:39:23.271668
125,The Deep-Basin Moisture Siphon,167,52,water seal vs dry suction chest tube,30.0,0.0,7,1,youtube_suggest,2026-09-12 23:39:23.271844
125,The Deep-Basin Moisture Siphon,167,53,how to get water out of bottom of dishwasher,30.0,0.0,9,1,youtube_suggest,2026-09-12 23:39:23.272030
125,The Deep-Basin Moisture Siphon,167,54,water dripping from bottom of garbage disposal,30.0,0.0,7,1,youtube_suggest,2026-09-12 23:39:23.272264
125,The Deep-Basin Moisture Siphon,167,55,water leaking out of bottom of garbage disposal,30.0,0.0,8,1,youtube_suggest,2026-09-12 23:39:23.272468
125,The Deep-Basin Moisture Siphon,167,56,how to stop water from leaking out of shower,30.0,0.0,9,1,youtube_suggest,2026-09-12 23:39:23.289704
125,The Deep-Basin Moisture Siphon,167,57,water coming from bottom of shower,30.0,0.0,6,1,youtube_suggest,2026-09-12 23:39:23.290008
125,The Deep-Basin Moisture Siphon,167,58,water seal suction chest tube,28.0,0.0,5,1,youtube_suggest,2026-09-12 23:39:23.290257
125,The Deep-Basin Moisture Siphon,167,59,dehumidifier won't drain through hose,28.0,0.0,5,1,youtube_suggest,2026-09-12 23:39:23.290463
125,The Deep-Basin Moisture Siphon,167,60,rusty water from bathtub faucet,28.0,0.0,5,1,youtube_suggest,2026-09-12 23:39:23.290650
126,Sandstorm Kinetic Foundry,168,1,desert eagle 50 ae,40.0,0.2,4,1,youtube_suggest,2026-09-12 23:42:29.381694
126,Sandstorm Kinetic Foundry,168,2,desert fathers in a year,39.67,0.1667,5,1,youtube_suggest,2026-09-12 23:42:29.384825
126,Sandstorm Kinetic Foundry,168,3,desert at night,38.0,0.2,3,1,youtube_suggest,2026-09-12 23:42:29.385437
126,Sandstorm Kinetic Foundry,168,4,desert biome plants vs brainrots,38.0,0.1429,5,1,youtube_suggest,2026-09-12 23:42:29.385761
126,Sandstorm Kinetic Foundry,168,5,desert edge vs notre dame,38.0,0.1429,5,1,youtube_suggest,2026-09-12 23:42:29.386057
126,Sandstorm Kinetic Foundry,168,6,desert for kids,38.0,0.2,3,1,youtube_suggest,2026-09-12 23:42:29.386328
126,Sandstorm Kinetic Foundry,168,7,the great machine desert lodge,38.0,0.1429,5,1,youtube_suggest,2026-09-12 23:42:29.388894
126,Sandstorm Kinetic Foundry,168,8,desert animals for kids,37.67,0.1667,4,1,youtube_suggest,2026-09-12 23:42:29.389067
126,Sandstorm Kinetic Foundry,168,9,desert at night firework,37.67,0.1667,4,1,youtube_suggest,2026-09-12 23:42:29.389515
126,Sandstorm Kinetic Foundry,168,10,desert bus for hope,37.67,0.1667,4,1,youtube_suggest,2026-09-12 23:42:29.389679
126,Sandstorm Kinetic Foundry,168,11,desert eagle 44 magnum,37.67,0.1667,4,1,youtube_suggest,2026-09-12 23:42:29.389822
126,Sandstorm Kinetic Foundry,168,12,desert mario maker 2,37.67,0.1667,4,1,youtube_suggest,2026-09-12 23:42:29.389958
126,Sandstorm Kinetic Foundry,168,13,desert edge high school football,36.75,0.125,5,1,youtube_suggest,2026-09-12 23:42:29.390167
126,Sandstorm Kinetic Foundry,168,14,desert fox gold panning machine,36.75,0.125,5,1,youtube_suggest,2026-09-12 23:42:29.390307
126,Sandstorm Kinetic Foundry,168,15,powdered wig machine desert sessions,36.75,0.125,5,1,youtube_suggest,2026-09-12 23:42:29.390439
126,Sandstorm Kinetic Foundry,168,16,desert sessions powdered wig machine,36.75,0.125,5,1,youtube_suggest,2026-09-12 23:42:29.390738
126,Sandstorm Kinetic Foundry,168,17,desert ambience sound effect,36.0,0.1429,4,1,youtube_suggest,2026-09-12 23:42:29.390871
126,Sandstorm Kinetic Foundry,168,18,desert city swing 2026,36.0,0.1429,4,1,youtube_suggest,2026-09-12 23:42:29.391019
126,Sandstorm Kinetic Foundry,168,19,desert chase indiana jones,36.0,0.1429,4,1,youtube_suggest,2026-09-12 23:42:29.391148
126,Sandstorm Kinetic Foundry,168,20,desert eagle sound effect,36.0,0.1429,4,1,youtube_suggest,2026-09-12 23:42:29.391338
126,Sandstorm Kinetic Foundry,168,21,desert eagle 357 magnum,36.0,0.1429,4,1,youtube_suggest,2026-09-12 23:42:29.391470
126,Sandstorm Kinetic Foundry,168,22,desert eagle machine gun,36.0,0.1429,4,1,youtube_suggest,2026-09-12 23:42:29.391637
126,Sandstorm Kinetic Foundry,168,23,ghost machine desert rose,36.0,0.1429,4,1,youtube_suggest,2026-09-12 23:42:29.391802
126,Sandstorm Kinetic Foundry,168,24,desert hawk slot machine,36.0,0.1429,4,1,youtube_suggest,2026-09-12 23:42:29.392097
126,Sandstorm Kinetic Foundry,168,25,god machine desert song,36.0,0.1429,4,1,youtube_suggest,2026-09-12 23:42:29.396913
126,Sandstorm Kinetic Foundry,168,26,desert fox panning machine,36.0,0.1429,4,1,youtube_suggest,2026-09-12 23:42:29.397123
126,Sandstorm Kinetic Foundry,168,27,desert rose ghost machine,36.0,0.1429,4,1,youtube_suggest,2026-09-12 23:42:29.397282
126,Sandstorm Kinetic Foundry,168,28,sahara desert slot machine,36.0,0.1429,4,1,youtube_suggest,2026-09-12 23:42:29.397521
126,Sandstorm Kinetic Foundry,168,29,desert rose sting,35.67,0.1667,3,1,youtube_suggest,2026-09-12 23:42:29.397836
126,Sandstorm Kinetic Foundry,168,30,desert ambient music,35.67,0.1667,3,1,youtube_suggest,2026-09-12 23:42:29.397989
126,Sandstorm Kinetic Foundry,168,31,desert ambience dnd,35.67,0.1667,3,1,youtube_suggest,2026-09-12 23:42:29.398190
126,Sandstorm Kinetic Foundry,168,32,desert builds minecraft,35.67,0.1667,3,1,youtube_suggest,2026-09-12 23:42:29.398343
126,Sandstorm Kinetic Foundry,168,33,desert bus roblox,35.67,0.1667,3,1,youtube_suggest,2026-09-12 23:42:29.398629
126,Sandstorm Kinetic Foundry,168,34,desert battle music,35.67,0.1667,3,1,youtube_suggest,2026-09-12 23:42:29.398915
126,Sandstorm Kinetic Foundry,168,35,desert chill music,35.67,0.1667,3,1,youtube_suggest,2026-09-12 23:42:29.399275
126,Sandstorm Kinetic Foundry,168,36,desert combat music,35.67,0.1667,3,1,youtube_suggest,2026-09-12 23:42:29.399434
126,Sandstorm Kinetic Foundry,168,37,desert dawn trailer,35.67,0.1667,3,1,youtube_suggest,2026-09-12 23:42:29.401923
126,Sandstorm Kinetic Foundry,168,38,desert dog outdoors,35.67,0.1667,3,1,youtube_suggest,2026-09-12 23:42:29.402389
126,Sandstorm Kinetic Foundry,168,39,desert duo animatic,35.67,0.1667,3,1,youtube_suggest,2026-09-12 23:42:29.402549
126,Sandstorm Kinetic Foundry,168,40,desert drifter channel,35.67,0.1667,3,1,youtube_suggest,2026-09-12 23:42:29.402756
126,Sandstorm Kinetic Foundry,168,41,desert eagle beyonce,35.67,0.1667,3,1,youtube_suggest,2026-09-12 23:42:29.402916
126,Sandstorm Kinetic Foundry,168,42,desert eagle gun,35.67,0.1667,3,1,youtube_suggest,2026-09-12 23:42:29.403184
126,Sandstorm Kinetic Foundry,168,43,desert eagle recoil,35.67,0.1667,3,1,youtube_suggest,2026-09-12 23:42:29.403377
126,Sandstorm Kinetic Foundry,168,44,desert fox airsoft,35.67,0.1667,3,1,youtube_suggest,2026-09-12 23:42:29.403699
126,Sandstorm Kinetic Foundry,168,45,desert flower trailer,35.67,0.1667,3,1,youtube_suggest,2026-09-12 23:42:29.403855
126,Sandstorm Kinetic Foundry,168,46,desert flower movie,35.67,0.1667,3,1,youtube_suggest,2026-09-12 23:42:29.404000
126,Sandstorm Kinetic Foundry,168,47,desert fiends trailer,35.67,0.1667,3,1,youtube_suggest,2026-09-12 23:42:29.404140
126,Sandstorm Kinetic Foundry,168,48,desert fox machine,35.67,0.1667,3,1,youtube_suggest,2026-09-12 23:42:29.408858
126,Sandstorm Kinetic Foundry,168,49,world machine desert,35.67,0.1667,3,1,youtube_suggest,2026-09-12 23:42:29.409438
126,Sandstorm Kinetic Foundry,168,50,sandblasting with play sand,26.0,0.0,4,1,youtube_suggest,2026-09-12 23:42:29.409760
126,Sandstorm Kinetic Foundry,168,51,sandblaster not blowing sand,26.0,0.0,4,1,youtube_suggest,2026-09-12 23:42:29.409943
126,Sandstorm Kinetic Foundry,168,52,dessert bowl machine price,26.0,0.0,4,1,youtube_suggest,2026-09-12 23:42:29.410114
126,Sandstorm Kinetic Foundry,168,53,desert,25.5,0.25,1,0,youtube_suggest,2026-09-12 23:42:29.410344
126,Sandstorm Kinetic Foundry,168,54,desert drifter,24.0,0.2,2,0,youtube_suggest,2026-09-12 23:42:29.410679
126,Sandstorm Kinetic Foundry,168,55,desert rose,24.0,0.2,2,0,youtube_suggest,2026-09-12 23:42:29.410962
126,Sandstorm Kinetic Foundry,168,56,desert music,24.0,0.2,2,0,youtube_suggest,2026-09-12 23:42:29.411190
126,Sandstorm Kinetic Foundry,168,57,desert eagle,24.0,0.2,2,0,youtube_suggest,2026-09-12 23:42:29.411414
126,Sandstorm Kinetic Foundry,168,58,desert storm,24.0,0.2,2,0,youtube_suggest,2026-09-12 23:42:29.411778
126,Sandstorm Kinetic Foundry,168,59,desert sounds,24.0,0.2,2,0,youtube_suggest,2026-09-12 23:42:29.412265
126,Sandstorm Kinetic Foundry,168,60,desert degens,24.0,0.2,2,0,youtube_suggest,2026-09-12 23:42:29.412503
127,The Obsidian Dune Walker,169,1,desert eagle 50 ae,40.0,0.2,4,1,youtube_suggest,2026-09-12 23:45:42.217994
127,The Obsidian Dune Walker,169,2,desert fathers in a year,39.67,0.1667,5,1,youtube_suggest,2026-09-12 23:45:42.219558
127,The Obsidian Dune Walker,169,3,obsidian worldbreaker how to get,39.67,0.1667,5,1,youtube_suggest,2026-09-12 23:45:42.219793
127,The Obsidian Dune Walker,169,4,desert at night,38.0,0.2,3,1,youtube_suggest,2026-09-12 23:45:42.220030
127,The Obsidian Dune Walker,169,5,desert biome plants vs brainrots,38.0,0.1429,5,1,youtube_suggest,2026-09-12 23:45:42.220225
127,The Obsidian Dune Walker,169,6,desert edge vs notre dame,38.0,0.1429,5,1,youtube_suggest,2026-09-12 23:45:42.220414
127,The Obsidian Dune Walker,169,7,desert for kids,38.0,0.2,3,1,youtube_suggest,2026-09-12 23:45:42.221950
127,The Obsidian Dune Walker,169,8,the obsidian sanctum,38.0,0.2,3,1,youtube_suggest,2026-09-12 23:45:42.222197
127,The Obsidian Dune Walker,169,9,the obsidian believe,38.0,0.2,3,1,youtube_suggest,2026-09-12 23:45:42.222395
127,The Obsidian Dune Walker,169,10,the great machine desert lodge,38.0,0.1429,5,1,youtube_suggest,2026-09-12 23:45:42.222607
127,The Obsidian Dune Walker,169,11,desert animals for kids,37.67,0.1667,4,1,youtube_suggest,2026-09-12 23:45:42.222809
127,The Obsidian Dune Walker,169,12,desert at night firework,37.67,0.1667,4,1,youtube_suggest,2026-09-12 23:45:42.222998
127,The Obsidian Dune Walker,169,13,desert bus for hope,37.67,0.1667,4,1,youtube_suggest,2026-09-12 23:45:42.224790
127,The Obsidian Dune Walker,169,14,desert eagle 44 magnum,37.67,0.1667,4,1,youtube_suggest,2026-09-12 23:45:42.225012
127,The Obsidian Dune Walker,169,15,desert mario maker 2,37.67,0.1667,4,1,youtube_suggest,2026-09-12 23:45:42.225201
127,The Obsidian Dune Walker,169,16,desert edge high school football,36.75,0.125,5,1,youtube_suggest,2026-09-12 23:45:42.226022
127,The Obsidian Dune Walker,169,17,desert fox gold panning machine,36.75,0.125,5,1,youtube_suggest,2026-09-12 23:45:42.226350
127,The Obsidian Dune Walker,169,18,powdered wig machine desert sessions,36.75,0.125,5,1,youtube_suggest,2026-09-12 23:45:42.226546
127,The Obsidian Dune Walker,169,19,desert sessions powdered wig machine,36.75,0.125,5,1,youtube_suggest,2026-09-12 23:45:42.226745
127,The Obsidian Dune Walker,169,20,desert ambience sound effect,36.0,0.1429,4,1,youtube_suggest,2026-09-12 23:45:42.226937
127,The Obsidian Dune Walker,169,21,desert city swing 2026,36.0,0.1429,4,1,youtube_suggest,2026-09-12 23:45:42.227122
127,The Obsidian Dune Walker,169,22,desert chase indiana jones,36.0,0.1429,4,1,youtube_suggest,2026-09-12 23:45:42.227306
127,The Obsidian Dune Walker,169,23,desert eagle sound effect,36.0,0.1429,4,1,youtube_suggest,2026-09-12 23:45:42.227495
127,The Obsidian Dune Walker,169,24,desert eagle 357 magnum,36.0,0.1429,4,1,youtube_suggest,2026-09-12 23:45:42.227688
127,The Obsidian Dune Walker,169,25,desert eagle machine gun,36.0,0.1429,4,1,youtube_suggest,2026-09-12 23:45:42.227870
127,The Obsidian Dune Walker,169,26,ghost machine desert rose,36.0,0.1429,4,1,youtube_suggest,2026-09-12 23:45:42.228041
127,The Obsidian Dune Walker,169,27,desert hawk slot machine,36.0,0.1429,4,1,youtube_suggest,2026-09-12 23:45:42.228218
127,The Obsidian Dune Walker,169,28,god machine desert song,36.0,0.1429,4,1,youtube_suggest,2026-09-12 23:45:42.228394
127,The Obsidian Dune Walker,169,29,desert fox panning machine,36.0,0.1429,4,1,youtube_suggest,2026-09-12 23:45:42.231984
127,The Obsidian Dune Walker,169,30,desert rose ghost machine,36.0,0.1429,4,1,youtube_suggest,2026-09-12 23:45:42.232271
127,The Obsidian Dune Walker,169,31,sahara desert slot machine,36.0,0.1429,4,1,youtube_suggest,2026-09-12 23:45:42.232466
127,The Obsidian Dune Walker,169,32,desert rose sting,35.67,0.1667,3,1,youtube_suggest,2026-09-12 23:45:42.232785
127,The Obsidian Dune Walker,169,33,desert ambient music,35.67,0.1667,3,1,youtube_suggest,2026-09-12 23:45:42.233130
127,The Obsidian Dune Walker,169,34,desert ambience dnd,35.67,0.1667,3,1,youtube_suggest,2026-09-12 23:45:42.233349
127,The Obsidian Dune Walker,169,35,desert builds minecraft,35.67,0.1667,3,1,youtube_suggest,2026-09-12 23:45:42.233537
127,The Obsidian Dune Walker,169,36,desert bus roblox,35.67,0.1667,3,1,youtube_suggest,2026-09-12 23:45:42.233752
127,The Obsidian Dune Walker,169,37,desert battle music,35.67,0.1667,3,1,youtube_suggest,2026-09-12 23:45:42.233960
127,The Obsidian Dune Walker,169,38,desert chill music,35.67,0.1667,3,1,youtube_suggest,2026-09-12 23:45:42.234156
127,The Obsidian Dune Walker,169,39,desert combat music,35.67,0.1667,3,1,youtube_suggest,2026-09-12 23:45:42.234342
127,The Obsidian Dune Walker,169,40,desert dawn trailer,35.67,0.1667,3,1,youtube_suggest,2026-09-12 23:45:42.234520
127,The Obsidian Dune Walker,169,41,desert dog outdoors,35.67,0.1667,3,1,youtube_suggest,2026-09-12 23:45:42.234711
127,The Obsidian Dune Walker,169,42,desert duo animatic,35.67,0.1667,3,1,youtube_suggest,2026-09-12 23:45:42.237080
127,The Obsidian Dune Walker,169,43,desert drifter channel,35.67,0.1667,3,1,youtube_suggest,2026-09-12 23:45:42.237322
127,The Obsidian Dune Walker,169,44,desert eagle beyonce,35.67,0.1667,3,1,youtube_suggest,2026-09-12 23:45:42.237520
127,The Obsidian Dune Walker,169,45,desert eagle gun,35.67,0.1667,3,1,youtube_suggest,2026-09-12 23:45:42.237842
127,The Obsidian Dune Walker,169,46,desert eagle recoil,35.67,0.1667,3,1,youtube_suggest,2026-09-12 23:45:42.238026
127,The Obsidian Dune Walker,169,47,desert fox airsoft,35.67,0.1667,3,1,youtube_suggest,2026-09-12 23:45:42.238264
127,The Obsidian Dune Walker,169,48,desert flower trailer,35.67,0.1667,3,1,youtube_suggest,2026-09-12 23:45:42.238448
127,The Obsidian Dune Walker,169,49,desert flower movie,35.67,0.1667,3,1,youtube_suggest,2026-09-12 23:45:42.238626
127,The Obsidian Dune Walker,169,50,desert fiends trailer,35.67,0.1667,3,1,youtube_suggest,2026-09-12 23:45:42.238822
127,The Obsidian Dune Walker,169,51,desert fox machine,35.67,0.1667,3,1,youtube_suggest,2026-09-12 23:45:42.239003
127,The Obsidian Dune Walker,169,52,world machine desert,35.67,0.1667,3,1,youtube_suggest,2026-09-12 23:45:42.239183
127,The Obsidian Dune Walker,169,53,the far woods remnant 2,28.0,0.0,5,1,youtube_suggest,2026-09-12 23:45:42.239373
127,The Obsidian Dune Walker,169,54,the dark conduit remnant 2,28.0,0.0,5,1,youtube_suggest,2026-09-12 23:45:42.239558
127,The Obsidian Dune Walker,169,55,the obsidian,27.5,0.25,2,0,youtube_suggest,2026-09-12 23:45:42.239749
127,The Obsidian Dune Walker,169,56,the orange fox waits,26.0,0.0,4,1,youtube_suggest,2026-09-12 23:45:42.239923
127,The Obsidian Dune Walker,169,57,dessert bowl machine price,26.0,0.0,4,1,youtube_suggest,2026-09-12 23:45:42.240107
127,The Obsidian Dune Walker,169,58,desert,25.5,0.25,1,0,youtube_suggest,2026-09-12 23:45:42.240283
127,The Obsidian Dune Walker,169,59,desert drifter,24.0,0.2,2,0,youtube_suggest,2026-09-12 23:45:42.240479
127,The Obsidian Dune Walker,169,60,desert rose,24.0,0.2,2,0,youtube_suggest,2026-09-12 23:45:42.244987
128,Crystalline Sand Sifter Titan,170,1,desert fathers in a year,38.0,0.1429,5,1,youtube_suggest,2026-09-12 23:48:53.474535
128,Crystalline Sand Sifter Titan,170,2,desert eagle 50 ae,37.67,0.1667,4,1,youtube_suggest,2026-09-12 23:48:53.474912
128,Crystalline Sand Sifter Titan,170,3,desert biome plants vs brainrots,36.75,0.125,5,1,youtube_suggest,2026-09-12 23:48:53.475143
128,Crystalline Sand Sifter Titan,170,4,desert edge vs notre dame,36.75,0.125,5,1,youtube_suggest,2026-09-12 23:48:53.484912
128,Crystalline Sand Sifter Titan,170,5,the great machine desert lodge,36.75,0.125,5,1,youtube_suggest,2026-09-12 23:48:53.485486
128,Crystalline Sand Sifter Titan,170,6,desert animals for kids,36.0,0.1429,4,1,youtube_suggest,2026-09-12 23:48:53.485750
128,Crystalline Sand Sifter Titan,170,7,desert at night firework,36.0,0.1429,4,1,youtube_suggest,2026-09-12 23:48:53.485971
128,Crystalline Sand Sifter Titan,170,8,desert bus for hope,36.0,0.1429,4,1,youtube_suggest,2026-09-12 23:48:53.486189
128,Crystalline Sand Sifter Titan,170,9,desert eagle 44 magnum,36.0,0.1429,4,1,youtube_suggest,2026-09-12 23:48:53.486412
128,Crystalline Sand Sifter Titan,170,10,desert mario maker 2,36.0,0.1429,4,1,youtube_suggest,2026-09-12 23:48:53.486629
128,Crystalline Sand Sifter Titan,170,11,desert edge high school football,35.78,0.1111,5,1,youtube_suggest,2026-09-12 23:48:53.486858
128,Crystalline Sand Sifter Titan,170,12,desert fox gold panning machine,35.78,0.1111,5,1,youtube_suggest,2026-09-12 23:48:53.487073
128,Crystalline Sand Sifter Titan,170,13,powdered wig machine desert sessions,35.78,0.1111,5,1,youtube_suggest,2026-09-12 23:48:53.487267
128,Crystalline Sand Sifter Titan,170,14,desert sessions powdered wig machine,35.78,0.1111,5,1,youtube_suggest,2026-09-12 23:48:53.487479
128,Crystalline Sand Sifter Titan,170,15,desert at night,35.67,0.1667,3,1,youtube_suggest,2026-09-12 23:48:53.487698
128,Crystalline Sand Sifter Titan,170,16,desert for kids,35.67,0.1667,3,1,youtube_suggest,2026-09-12 23:48:53.487916
128,Crystalline Sand Sifter Titan,170,17,desert ambience sound effect,34.75,0.125,4,1,youtube_suggest,2026-09-12 23:48:53.488089
128,Crystalline Sand Sifter Titan,170,18,desert city swing 2026,34.75,0.125,4,1,youtube_suggest,2026-09-12 23:48:53.488252
128,Crystalline Sand Sifter Titan,170,19,desert chase indiana jones,34.75,0.125,4,1,youtube_suggest,2026-09-12 23:48:53.488508
128,Crystalline Sand Sifter Titan,170,20,desert eagle sound effect,34.75,0.125,4,1,youtube_suggest,2026-09-12 23:48:53.497520
128,Crystalline Sand Sifter Titan,170,21,desert eagle 357 magnum,34.75,0.125,4,1,youtube_suggest,2026-09-12 23:48:53.500398
128,Crystalline Sand Sifter Titan,170,22,desert eagle machine gun,34.75,0.125,4,1,youtube_suggest,2026-09-12 23:48:53.502213
128,Crystalline Sand Sifter Titan,170,23,ghost machine desert rose,34.75,0.125,4,1,youtube_suggest,2026-09-12 23:48:53.502552
128,Crystalline Sand Sifter Titan,170,24,desert hawk slot machine,34.75,0.125,4,1,youtube_suggest,2026-09-12 23:48:53.502755
128,Crystalline Sand Sifter Titan,170,25,god machine desert song,34.75,0.125,4,1,youtube_suggest,2026-09-12 23:48:53.508971
128,Crystalline Sand Sifter Titan,170,26,desert fox panning machine,34.75,0.125,4,1,youtube_suggest,2026-09-12 23:48:53.509325
128,Crystalline Sand Sifter Titan,170,27,desert rose ghost machine,34.75,0.125,4,1,youtube_suggest,2026-09-12 23:48:53.509548
128,Crystalline Sand Sifter Titan,170,28,sahara desert slot machine,34.75,0.125,4,1,youtube_suggest,2026-09-12 23:48:53.509749
128,Crystalline Sand Sifter Titan,170,29,crystalline caverns derelict,34.0,0.1429,3,1,youtube_suggest,2026-09-12 23:48:53.509955
128,Crystalline Sand Sifter Titan,170,30,desert rose sting,34.0,0.1429,3,1,youtube_suggest,2026-09-12 23:48:53.510146
128,Crystalline Sand Sifter Titan,170,31,desert ambient music,34.0,0.1429,3,1,youtube_suggest,2026-09-12 23:48:53.510329
128,Crystalline Sand Sifter Titan,170,32,desert ambience dnd,34.0,0.1429,3,1,youtube_suggest,2026-09-12 23:48:53.510509
128,Crystalline Sand Sifter Titan,170,33,desert builds minecraft,34.0,0.1429,3,1,youtube_suggest,2026-09-12 23:48:53.510678
128,Crystalline Sand Sifter Titan,170,34,desert bus roblox,34.0,0.1429,3,1,youtube_suggest,2026-09-12 23:48:53.510859
128,Crystalline Sand Sifter Titan,170,35,desert battle music,34.0,0.1429,3,1,youtube_suggest,2026-09-12 23:48:53.511075
128,Crystalline Sand Sifter Titan,170,36,desert chill music,34.0,0.1429,3,1,youtube_suggest,2026-09-12 23:48:53.511247
128,Crystalline Sand Sifter Titan,170,37,desert combat music,34.0,0.1429,3,1,youtube_suggest,2026-09-12 23:48:53.511420
128,Crystalline Sand Sifter Titan,170,38,desert dawn trailer,34.0,0.1429,3,1,youtube_suggest,2026-09-12 23:48:53.511615
128,Crystalline Sand Sifter Titan,170,39,desert dog outdoors,34.0,0.1429,3,1,youtube_suggest,2026-09-12 23:48:53.511799
128,Crystalline Sand Sifter Titan,170,40,desert duo animatic,34.0,0.1429,3,1,youtube_suggest,2026-09-12 23:48:53.511997
128,Crystalline Sand Sifter Titan,170,41,desert drifter channel,34.0,0.1429,3,1,youtube_suggest,2026-09-12 23:48:53.512176
128,Crystalline Sand Sifter Titan,170,42,desert eagle beyonce,34.0,0.1429,3,1,youtube_suggest,2026-09-12 23:48:53.512360
128,Crystalline Sand Sifter Titan,170,43,desert eagle gun,34.0,0.1429,3,1,youtube_suggest,2026-09-12 23:48:53.518427
128,Crystalline Sand Sifter Titan,170,44,desert eagle recoil,34.0,0.1429,3,1,youtube_suggest,2026-09-12 23:48:53.518934
128,Crystalline Sand Sifter Titan,170,45,desert fox airsoft,34.0,0.1429,3,1,youtube_suggest,2026-09-12 23:48:53.519202
128,Crystalline Sand Sifter Titan,170,46,desert flower trailer,34.0,0.1429,3,1,youtube_suggest,2026-09-12 23:48:53.519427
128,Crystalline Sand Sifter Titan,170,47,desert flower movie,34.0,0.1429,3,1,youtube_suggest,2026-09-12 23:48:53.519640
128,Crystalline Sand Sifter Titan,170,48,desert fiends trailer,34.0,0.1429,3,1,youtube_suggest,2026-09-12 23:48:53.519872
128,Crystalline Sand Sifter Titan,170,49,desert fox machine,34.0,0.1429,3,1,youtube_suggest,2026-09-12 23:48:53.520093
128,Crystalline Sand Sifter Titan,170,50,world machine desert,34.0,0.1429,3,1,youtube_suggest,2026-09-12 23:48:53.520299
128,Crystalline Sand Sifter Titan,170,51,how to complete stone dragon shrine,30.0,0.0,6,1,youtube_suggest,2026-09-12 23:48:53.520507
128,Crystalline Sand Sifter Titan,170,52,how to do stone dragon shrine,30.0,0.0,6,1,youtube_suggest,2026-09-12 23:48:53.526216
128,Crystalline Sand Sifter Titan,170,53,strike the large purified crystal,28.0,0.0,5,1,youtube_suggest,2026-09-12 23:48:53.526474
128,Crystalline Sand Sifter Titan,170,54,scourge of the water temple,28.0,0.0,5,1,youtube_suggest,2026-09-12 23:48:53.526681
128,Crystalline Sand Sifter Titan,170,55,sailor saturn ost crystal,26.0,0.0,4,1,youtube_suggest,2026-09-12 23:48:53.526869
128,Crystalline Sand Sifter Titan,170,56,cryogen master death mode,26.0,0.0,4,1,youtube_suggest,2026-09-12 23:48:53.532137
128,Crystalline Sand Sifter Titan,170,57,aquatic scourge death mode,26.0,0.0,4,1,youtube_suggest,2026-09-12 23:48:53.532526
128,Crystalline Sand Sifter Titan,170,58,dragonspine scarlet quartz locations,26.0,0.0,4,1,youtube_suggest,2026-09-12 23:48:53.534766
128,Crystalline Sand Sifter Titan,170,59,dessert bowl machine price,26.0,0.0,4,1,youtube_suggest,2026-09-12 23:48:53.535056
128,Crystalline Sand Sifter Titan,170,60,dessert bowl machine,24.0,0.0,3,1,youtube_suggest,2026-09-12 23:48:53.535274
129,The Subterranean Aquifer Drill,171,1,desert eagle 50 ae,40.0,0.2,4,1,youtube_suggest,2026-09-12 23:52:02.571312
129,The Subterranean Aquifer Drill,171,2,desert fathers in a year,39.67,0.1667,5,1,youtube_suggest,2026-09-12 23:52:02.571593
129,The Subterranean Aquifer Drill,171,3,groundwater flow in confined aquifer,38.0,0.1429,5,1,youtube_suggest,2026-09-12 23:52:02.571806
129,The Subterranean Aquifer Drill,171,4,desert at night,38.0,0.2,3,1,youtube_suggest,2026-09-12 23:52:02.572006
129,The Subterranean Aquifer Drill,171,5,desert biome plants vs brainrots,38.0,0.1429,5,1,youtube_suggest,2026-09-12 23:52:02.572195
129,The Subterranean Aquifer Drill,171,6,desert edge vs notre dame,38.0,0.1429,5,1,youtube_suggest,2026-09-12 23:52:02.572428
129,The Subterranean Aquifer Drill,171,7,desert for kids,38.0,0.2,3,1,youtube_suggest,2026-09-12 23:52:02.578184
129,The Subterranean Aquifer Drill,171,8,the great machine desert lodge,38.0,0.1429,5,1,youtube_suggest,2026-09-12 23:52:02.578465
129,The Subterranean Aquifer Drill,171,9,desert animals for kids,37.67,0.1667,4,1,youtube_suggest,2026-09-12 23:52:02.578686
129,The Subterranean Aquifer Drill,171,10,desert at night firework,37.67,0.1667,4,1,youtube_suggest,2026-09-12 23:52:02.578879
129,The Subterranean Aquifer Drill,171,11,desert bus for hope,37.67,0.1667,4,1,youtube_suggest,2026-09-12 23:52:02.579071
129,The Subterranean Aquifer Drill,171,12,desert eagle 44 magnum,37.67,0.1667,4,1,youtube_suggest,2026-09-12 23:52:02.579282
129,The Subterranean Aquifer Drill,171,13,desert mario maker 2,37.67,0.1667,4,1,youtube_suggest,2026-09-12 23:52:02.579468
129,The Subterranean Aquifer Drill,171,14,desert edge high school football,36.75,0.125,5,1,youtube_suggest,2026-09-12 23:52:02.579658
129,The Subterranean Aquifer Drill,171,15,desert fox gold panning machine,36.75,0.125,5,1,youtube_suggest,2026-09-12 23:52:02.579839
129,The Subterranean Aquifer Drill,171,16,powdered wig machine desert sessions,36.75,0.125,5,1,youtube_suggest,2026-09-12 23:52:02.580031
129,The Subterranean Aquifer Drill,171,17,desert sessions powdered wig machine,36.75,0.125,5,1,youtube_suggest,2026-09-12 23:52:02.584895
129,The Subterranean Aquifer Drill,171,18,desert ambience sound effect,36.0,0.1429,4,1,youtube_suggest,2026-09-12 23:52:02.585262
129,The Subterranean Aquifer Drill,171,19,desert city swing 2026,36.0,0.1429,4,1,youtube_suggest,2026-09-12 23:52:02.585473
129,The Subterranean Aquifer Drill,171,20,desert chase indiana jones,36.0,0.1429,4,1,youtube_suggest,2026-09-12 23:52:02.585650
129,The Subterranean Aquifer Drill,171,21,desert eagle sound effect,36.0,0.1429,4,1,youtube_suggest,2026-09-12 23:52:02.585849
129,The Subterranean Aquifer Drill,171,22,desert eagle 357 magnum,36.0,0.1429,4,1,youtube_suggest,2026-09-12 23:52:02.586063
129,The Subterranean Aquifer Drill,171,23,desert eagle machine gun,36.0,0.1429,4,1,youtube_suggest,2026-09-12 23:52:02.586295
129,The Subterranean Aquifer Drill,171,24,ghost machine desert rose,36.0,0.1429,4,1,youtube_suggest,2026-09-12 23:52:02.586460
129,The Subterranean Aquifer Drill,171,25,desert hawk slot machine,36.0,0.1429,4,1,youtube_suggest,2026-09-12 23:52:02.586631
129,The Subterranean Aquifer Drill,171,26,god machine desert song,36.0,0.1429,4,1,youtube_suggest,2026-09-12 23:52:02.586792
129,The Subterranean Aquifer Drill,171,27,desert fox panning machine,36.0,0.1429,4,1,youtube_suggest,2026-09-12 23:52:02.586947
129,The Subterranean Aquifer Drill,171,28,desert rose ghost machine,36.0,0.1429,4,1,youtube_suggest,2026-09-12 23:52:02.587153
129,The Subterranean Aquifer Drill,171,29,sahara desert slot machine,36.0,0.1429,4,1,youtube_suggest,2026-09-12 23:52:02.587348
129,The Subterranean Aquifer Drill,171,30,desert rose sting,35.67,0.1667,3,1,youtube_suggest,2026-09-12 23:52:02.587532
129,The Subterranean Aquifer Drill,171,31,desert ambient music,35.67,0.1667,3,1,youtube_suggest,2026-09-12 23:52:02.588052
129,The Subterranean Aquifer Drill,171,32,desert ambience dnd,35.67,0.1667,3,1,youtube_suggest,2026-09-12 23:52:02.588512
129,The Subterranean Aquifer Drill,171,33,desert builds minecraft,35.67,0.1667,3,1,youtube_suggest,2026-09-12 23:52:02.598503
129,The Subterranean Aquifer Drill,171,34,desert bus roblox,35.67,0.1667,3,1,youtube_suggest,2026-09-12 23:52:02.598757
129,The Subterranean Aquifer Drill,171,35,desert battle music,35.67,0.1667,3,1,youtube_suggest,2026-09-12 23:52:02.598957
129,The Subterranean Aquifer Drill,171,36,desert chill music,35.67,0.1667,3,1,youtube_suggest,2026-09-12 23:52:02.600899
129,The Subterranean Aquifer Drill,171,37,desert combat music,35.67,0.1667,3,1,youtube_suggest,2026-09-12 23:52:02.601139
129,The Subterranean Aquifer Drill,171,38,desert dawn trailer,35.67,0.1667,3,1,youtube_suggest,2026-09-12 23:52:02.601342
129,The Subterranean Aquifer Drill,171,39,desert dog outdoors,35.67,0.1667,3,1,youtube_suggest,2026-09-12 23:52:02.601531
129,The Subterranean Aquifer Drill,171,40,desert duo animatic,35.67,0.1667,3,1,youtube_suggest,2026-09-12 23:52:02.601722
129,The Subterranean Aquifer Drill,171,41,desert drifter channel,35.67,0.1667,3,1,youtube_suggest,2026-09-12 23:52:02.601926
129,The Subterranean Aquifer Drill,171,42,desert eagle beyonce,35.67,0.1667,3,1,youtube_suggest,2026-09-12 23:52:02.602114
129,The Subterranean Aquifer Drill,171,43,desert eagle gun,35.67,0.1667,3,1,youtube_suggest,2026-09-12 23:52:02.602297
129,The Subterranean Aquifer Drill,171,44,desert eagle recoil,35.67,0.1667,3,1,youtube_suggest,2026-09-12 23:52:02.602498
129,The Subterranean Aquifer Drill,171,45,desert fox airsoft,35.67,0.1667,3,1,youtube_suggest,2026-09-12 23:52:02.602692
129,The Subterranean Aquifer Drill,171,46,desert flower trailer,35.67,0.1667,3,1,youtube_suggest,2026-09-12 23:52:02.602876
129,The Subterranean Aquifer Drill,171,47,desert flower movie,35.67,0.1667,3,1,youtube_suggest,2026-09-12 23:52:02.603074
129,The Subterranean Aquifer Drill,171,48,desert fiends trailer,35.67,0.1667,3,1,youtube_suggest,2026-09-12 23:52:02.612714
129,The Subterranean Aquifer Drill,171,49,desert fox machine,35.67,0.1667,3,1,youtube_suggest,2026-09-12 23:52:02.613165
129,The Subterranean Aquifer Drill,171,50,world machine desert,35.67,0.1667,3,1,youtube_suggest,2026-09-12 23:52:02.613388
129,The Subterranean Aquifer Drill,171,51,dessert bowl machine price,26.0,0.0,4,1,youtube_suggest,2026-09-12 23:52:02.613585
129,The Subterranean Aquifer Drill,171,52,desert,25.5,0.25,1,0,youtube_suggest,2026-09-12 23:52:02.615161
129,The Subterranean Aquifer Drill,171,53,desert drifter,24.0,0.2,2,0,youtube_suggest,2026-09-12 23:52:02.621019
129,The Subterranean Aquifer Drill,171,54,desert rose,24.0,0.2,2,0,youtube_suggest,2026-09-12 23:52:02.621260
129,The Subterranean Aquifer Drill,171,55,desert music,24.0,0.2,2,0,youtube_suggest,2026-09-12 23:52:02.621467
129,The Subterranean Aquifer Drill,171,56,desert eagle,24.0,0.2,2,0,youtube_suggest,2026-09-12 23:52:02.621655
129,The Subterranean Aquifer Drill,171,57,desert storm,24.0,0.2,2,0,youtube_suggest,2026-09-12 23:52:02.621842
129,The Subterranean Aquifer Drill,171,58,desert sounds,24.0,0.2,2,0,youtube_suggest,2026-09-12 23:52:02.622034
129,The Subterranean Aquifer Drill,171,59,desert degens,24.0,0.2,2,0,youtube_suggest,2026-09-12 23:52:02.622218
129,The Subterranean Aquifer Drill,171,60,desert ambience,24.0,0.2,2,0,youtube_suggest,2026-09-12 23:52:02.622418
130,Desert Sun-Forge Colossus,172,1,the desert sun,59.0,0.5,3,1,youtube_suggest,2026-09-12 23:54:19.531578
130,Desert Sun-Forge Colossus,172,2,desert colossus heart piece,49.33,0.3333,4,1,youtube_suggest,2026-09-12 23:54:19.535079
130,Desert Sun-Forge Colossus,172,3,desert colossus,45.0,0.5,2,0,youtube_suggest,2026-09-12 23:54:19.536278
130,Desert Sun-Forge Colossus,172,4,desert sun,45.0,0.5,2,0,youtube_suggest,2026-09-12 23:54:19.538323
130,Desert Sun-Forge Colossus,172,5,desert eagle 50 ae,40.0,0.2,4,1,youtube_suggest,2026-09-12 23:54:19.538652
130,Desert Sun-Forge Colossus,172,6,desert fathers in a year,39.67,0.1667,5,1,youtube_suggest,2026-09-12 23:54:19.538875
130,Desert Sun-Forge Colossus,172,7,the great machine desert lodge,38.0,0.1429,5,1,youtube_suggest,2026-09-12 23:54:19.539082
130,Desert Sun-Forge Colossus,172,8,desert at night,38.0,0.2,3,1,youtube_suggest,2026-09-12 23:54:19.539305
130,Desert Sun-Forge Colossus,172,9,desert biome plants vs brainrots,38.0,0.1429,5,1,youtube_suggest,2026-09-12 23:54:19.539530
130,Desert Sun-Forge Colossus,172,10,desert edge vs notre dame,38.0,0.1429,5,1,youtube_suggest,2026-09-12 23:54:19.539734
130,Desert Sun-Forge Colossus,172,11,desert for kids,38.0,0.2,3,1,youtube_suggest,2026-09-12 23:54:19.540957
130,Desert Sun-Forge Colossus,172,12,desert lament for soldier's glory,38.0,0.1429,5,1,youtube_suggest,2026-09-12 23:54:19.542177
130,Desert Sun-Forge Colossus,172,13,dusty dune galaxy soaring on the desert winds,37.78,0.1111,8,1,youtube_suggest,2026-09-12 23:54:19.542462
130,Desert Sun-Forge Colossus,172,14,desert mario maker 2,37.67,0.1667,4,1,youtube_suggest,2026-09-12 23:54:19.543529
130,Desert Sun-Forge Colossus,172,15,desert animals for kids,37.67,0.1667,4,1,youtube_suggest,2026-09-12 23:54:19.543756
130,Desert Sun-Forge Colossus,172,16,desert at night firework,37.67,0.1667,4,1,youtube_suggest,2026-09-12 23:54:19.543982
130,Desert Sun-Forge Colossus,172,17,desert bus for hope,37.67,0.1667,4,1,youtube_suggest,2026-09-12 23:54:19.544209
130,Desert Sun-Forge Colossus,172,18,desert eagle 44 magnum,37.67,0.1667,4,1,youtube_suggest,2026-09-12 23:54:19.546224
130,Desert Sun-Forge Colossus,172,19,desert fox gold panning machine,36.75,0.125,5,1,youtube_suggest,2026-09-12 23:54:19.546504
130,Desert Sun-Forge Colossus,172,20,powdered wig machine desert sessions,36.75,0.125,5,1,youtube_suggest,2026-09-12 23:54:19.546723
130,Desert Sun-Forge Colossus,172,21,desert sessions powdered wig machine,36.75,0.125,5,1,youtube_suggest,2026-09-12 23:54:19.546936
130,Desert Sun-Forge Colossus,172,22,desert edge high school football,36.75,0.125,5,1,youtube_suggest,2026-09-12 23:54:19.547141
130,Desert Sun-Forge Colossus,172,23,desert eagle machine gun,36.0,0.1429,4,1,youtube_suggest,2026-09-12 23:54:19.547372
130,Desert Sun-Forge Colossus,172,24,ghost machine desert rose,36.0,0.1429,4,1,youtube_suggest,2026-09-12 23:54:19.547575
130,Desert Sun-Forge Colossus,172,25,desert hawk slot machine,36.0,0.1429,4,1,youtube_suggest,2026-09-12 23:54:19.547930
130,Desert Sun-Forge Colossus,172,26,god machine desert song,36.0,0.1429,4,1,youtube_suggest,2026-09-12 23:54:19.548373
130,Desert Sun-Forge Colossus,172,27,desert fox panning machine,36.0,0.1429,4,1,youtube_suggest,2026-09-12 23:54:19.551631
130,Desert Sun-Forge Colossus,172,28,desert rose ghost machine,36.0,0.1429,4,1,youtube_suggest,2026-09-12 23:54:19.551913
130,Desert Sun-Forge Colossus,172,29,sahara desert slot machine,36.0,0.1429,4,1,youtube_suggest,2026-09-12 23:54:19.552116
130,Desert Sun-Forge Colossus,172,30,desert ambience sound effect,36.0,0.1429,4,1,youtube_suggest,2026-09-12 23:54:19.556225
130,Desert Sun-Forge Colossus,172,31,desert city swing 2026,36.0,0.1429,4,1,youtube_suggest,2026-09-12 23:54:19.556731
130,Desert Sun-Forge Colossus,172,32,desert chase indiana jones,36.0,0.1429,4,1,youtube_suggest,2026-09-12 23:54:19.556983
130,Desert Sun-Forge Colossus,172,33,desert eagle sound effect,36.0,0.1429,4,1,youtube_suggest,2026-09-12 23:54:19.557206
130,Desert Sun-Forge Colossus,172,34,desert eagle 357 magnum,36.0,0.1429,4,1,youtube_suggest,2026-09-12 23:54:19.557408
130,Desert Sun-Forge Colossus,172,35,desert fox machine,35.67,0.1667,3,1,youtube_suggest,2026-09-12 23:54:19.557620
130,Desert Sun-Forge Colossus,172,36,world machine desert,35.67,0.1667,3,1,youtube_suggest,2026-09-12 23:54:19.557807
130,Desert Sun-Forge Colossus,172,37,desert rose sting,35.67,0.1667,3,1,youtube_suggest,2026-09-12 23:54:19.557995
130,Desert Sun-Forge Colossus,172,38,desert ambient music,35.67,0.1667,3,1,youtube_suggest,2026-09-12 23:54:19.558177
130,Desert Sun-Forge Colossus,172,39,desert ambience dnd,35.67,0.1667,3,1,youtube_suggest,2026-09-12 23:54:19.558386
130,Desert Sun-Forge Colossus,172,40,desert builds minecraft,35.67,0.1667,3,1,youtube_suggest,2026-09-12 23:54:19.558566
130,Desert Sun-Forge Colossus,172,41,desert bus roblox,35.67,0.1667,3,1,youtube_suggest,2026-09-12 23:54:19.558749
130,Desert Sun-Forge Colossus,172,42,desert battle music,35.67,0.1667,3,1,youtube_suggest,2026-09-12 23:54:19.558950
130,Desert Sun-Forge Colossus,172,43,desert chill music,35.67,0.1667,3,1,youtube_suggest,2026-09-12 23:54:19.559130
130,Desert Sun-Forge Colossus,172,44,desert combat music,35.67,0.1667,3,1,youtube_suggest,2026-09-12 23:54:19.559333
130,Desert Sun-Forge Colossus,172,45,desert dawn trailer,35.67,0.1667,3,1,youtube_suggest,2026-09-12 23:54:19.559514
130,Desert Sun-Forge Colossus,172,46,desert dog outdoors,35.67,0.1667,3,1,youtube_suggest,2026-09-12 23:54:19.559689
130,Desert Sun-Forge Colossus,172,47,desert duo animatic,35.67,0.1667,3,1,youtube_suggest,2026-09-12 23:54:19.559870
130,Desert Sun-Forge Colossus,172,48,desert drifter channel,35.67,0.1667,3,1,youtube_suggest,2026-09-12 23:54:19.560069
130,Desert Sun-Forge Colossus,172,49,desert eagle beyonce,35.67,0.1667,3,1,youtube_suggest,2026-09-12 23:54:19.560262
130,Desert Sun-Forge Colossus,172,50,desert eagle gun,35.67,0.1667,3,1,youtube_suggest,2026-09-12 23:54:19.560449
130,Desert Sun-Forge Colossus,172,51,desert eagle recoil,35.67,0.1667,3,1,youtube_suggest,2026-09-12 23:54:19.562834
130,Desert Sun-Forge Colossus,172,52,desert fox airsoft,35.67,0.1667,3,1,youtube_suggest,2026-09-12 23:54:19.563067
130,Desert Sun-Forge Colossus,172,53,desert flower trailer,35.67,0.1667,3,1,youtube_suggest,2026-09-12 23:54:19.563283
130,Desert Sun-Forge Colossus,172,54,desert flower movie,35.67,0.1667,3,1,youtube_suggest,2026-09-12 23:54:19.563479
130,Desert Sun-Forge Colossus,172,55,desert fiends trailer,35.67,0.1667,3,1,youtube_suggest,2026-09-12 23:54:19.565209
130,Desert Sun-Forge Colossus,172,56,desert sand blowing,35.67,0.1667,3,1,youtube_suggest,2026-09-12 23:54:19.565638
130,Desert Sun-Forge Colossus,172,57,dessert bowl machine price,26.0,0.0,4,1,youtube_suggest,2026-09-12 23:54:19.565834
130,Desert Sun-Forge Colossus,172,58,desert,25.5,0.25,1,0,youtube_suggest,2026-09-12 23:54:19.566022
130,Desert Sun-Forge Colossus,172,59,dessert bowl machine,24.0,0.0,3,1,youtube_suggest,2026-09-12 23:54:19.566223
130,Desert Sun-Forge Colossus,172,60,desert pogona,24.0,0.2,2,0,youtube_suggest,2026-09-12 23:54:19.566409
131,The Shifting Sand Ocean Ark,173,1,shifting sand land music,46.0,0.2857,4,1,youtube_suggest,2026-09-12 23:56:36.965890
131,The Shifting Sand Ocean Ark,173,2,shifting sand land ost,46.0,0.2857,4,1,youtube_suggest,2026-09-12 23:56:36.966152
131,The Shifting Sand Ocean Ark,173,3,shifting sand land in the talons of the big bird,45.56,0.2222,10,1,youtube_suggest,2026-09-12 23:56:36.966319
131,The Shifting Sand Ocean Ark,173,4,how to get all stars in shifting sand land,45.56,0.2222,9,1,youtube_suggest,2026-09-12 23:56:36.966481
131,The Shifting Sand Ocean Ark,173,5,desert fathers in a year,38.0,0.1429,5,1,youtube_suggest,2026-09-12 23:56:36.966638
131,The Shifting Sand Ocean Ark,173,6,ark gen 1 underwater cube location,37.78,0.1111,6,1,youtube_suggest,2026-09-12 23:56:36.966778
131,The Shifting Sand Ocean Ark,173,7,desert eagle 50 ae,37.67,0.1667,4,1,youtube_suggest,2026-09-12 23:56:36.966913
131,The Shifting Sand Ocean Ark,173,8,the island ark underwater caves,36.75,0.125,5,1,youtube_suggest,2026-09-12 23:56:36.967043
131,The Shifting Sand Ocean Ark,173,9,desert biome plants vs brainrots,36.75,0.125,5,1,youtube_suggest,2026-09-12 23:56:36.967186
131,The Shifting Sand Ocean Ark,173,10,desert edge vs notre dame,36.75,0.125,5,1,youtube_suggest,2026-09-12 23:56:36.967324
131,The Shifting Sand Ocean Ark,173,11,the great machine desert lodge,36.75,0.125,5,1,youtube_suggest,2026-09-12 23:56:36.967468
131,The Shifting Sand Ocean Ark,173,12,desert animals for kids,36.0,0.1429,4,1,youtube_suggest,2026-09-12 23:56:36.967629
131,The Shifting Sand Ocean Ark,173,13,desert at night firework,36.0,0.1429,4,1,youtube_suggest,2026-09-12 23:56:36.967773
131,The Shifting Sand Ocean Ark,173,14,desert bus for hope,36.0,0.1429,4,1,youtube_suggest,2026-09-12 23:56:36.967912
131,The Shifting Sand Ocean Ark,173,15,desert eagle 44 magnum,36.0,0.1429,4,1,youtube_suggest,2026-09-12 23:56:36.968045
131,The Shifting Sand Ocean Ark,173,16,desert mario maker 2,36.0,0.1429,4,1,youtube_suggest,2026-09-12 23:56:36.968216
131,The Shifting Sand Ocean Ark,173,17,ark fjordur all underwater caves,35.78,0.1111,5,1,youtube_suggest,2026-09-12 23:56:36.968368
131,The Shifting Sand Ocean Ark,173,18,desert edge high school football,35.78,0.1111,5,1,youtube_suggest,2026-09-12 23:56:36.968506
131,The Shifting Sand Ocean Ark,173,19,desert fox gold panning machine,35.78,0.1111,5,1,youtube_suggest,2026-09-12 23:56:36.973064
131,The Shifting Sand Ocean Ark,173,20,powdered wig machine desert sessions,35.78,0.1111,5,1,youtube_suggest,2026-09-12 23:56:36.973301
131,The Shifting Sand Ocean Ark,173,21,desert sessions powdered wig machine,35.78,0.1111,5,1,youtube_suggest,2026-09-12 23:56:36.973466
131,The Shifting Sand Ocean Ark,173,22,desert at night,35.67,0.1667,3,1,youtube_suggest,2026-09-12 23:56:36.973616
131,The Shifting Sand Ocean Ark,173,23,desert for kids,35.67,0.1667,3,1,youtube_suggest,2026-09-12 23:56:36.973836
131,The Shifting Sand Ocean Ark,173,24,ark underwater caves island,34.75,0.125,4,1,youtube_suggest,2026-09-12 23:56:36.974078
131,The Shifting Sand Ocean Ark,173,25,desert ambience sound effect,34.75,0.125,4,1,youtube_suggest,2026-09-12 23:56:36.974247
131,The Shifting Sand Ocean Ark,173,26,desert city swing 2026,34.75,0.125,4,1,youtube_suggest,2026-09-12 23:56:36.974388
131,The Shifting Sand Ocean Ark,173,27,desert chase indiana jones,34.75,0.125,4,1,youtube_suggest,2026-09-12 23:56:36.974521
131,The Shifting Sand Ocean Ark,173,28,desert eagle sound effect,34.75,0.125,4,1,youtube_suggest,2026-09-12 23:56:36.974648
131,The Shifting Sand Ocean Ark,173,29,desert eagle 357 magnum,34.75,0.125,4,1,youtube_suggest,2026-09-12 23:56:36.974776
131,The Shifting Sand Ocean Ark,173,30,desert eagle machine gun,34.75,0.125,4,1,youtube_suggest,2026-09-12 23:56:36.974901
131,The Shifting Sand Ocean Ark,173,31,ghost machine desert rose,34.75,0.125,4,1,youtube_suggest,2026-09-12 23:56:36.975071
131,The Shifting Sand Ocean Ark,173,32,desert hawk slot machine,34.75,0.125,4,1,youtube_suggest,2026-09-12 23:56:36.975221
131,The Shifting Sand Ocean Ark,173,33,god machine desert song,34.75,0.125,4,1,youtube_suggest,2026-09-12 23:56:36.975376
131,The Shifting Sand Ocean Ark,173,34,desert fox panning machine,34.75,0.125,4,1,youtube_suggest,2026-09-12 23:56:36.975529
131,The Shifting Sand Ocean Ark,173,35,desert rose ghost machine,34.75,0.125,4,1,youtube_suggest,2026-09-12 23:56:36.975750
131,The Shifting Sand Ocean Ark,173,36,sahara desert slot machine,34.75,0.125,4,1,youtube_suggest,2026-09-12 23:56:36.975885
131,The Shifting Sand Ocean Ark,173,37,desert rose sting,34.0,0.1429,3,1,youtube_suggest,2026-09-12 23:56:36.976014
131,The Shifting Sand Ocean Ark,173,38,desert ambient music,34.0,0.1429,3,1,youtube_suggest,2026-09-12 23:56:36.976142
131,The Shifting Sand Ocean Ark,173,39,desert ambience dnd,34.0,0.1429,3,1,youtube_suggest,2026-09-12 23:56:36.976285
131,The Shifting Sand Ocean Ark,173,40,desert builds minecraft,34.0,0.1429,3,1,youtube_suggest,2026-09-12 23:56:36.976419
131,The Shifting Sand Ocean Ark,173,41,desert bus roblox,34.0,0.1429,3,1,youtube_suggest,2026-09-12 23:56:36.988793
131,The Shifting Sand Ocean Ark,173,42,desert battle music,34.0,0.1429,3,1,youtube_suggest,2026-09-12 23:56:36.989340
131,The Shifting Sand Ocean Ark,173,43,desert chill music,34.0,0.1429,3,1,youtube_suggest,2026-09-12 23:56:36.989638
131,The Shifting Sand Ocean Ark,173,44,desert combat music,34.0,0.1429,3,1,youtube_suggest,2026-09-12 23:56:36.989848
131,The Shifting Sand Ocean Ark,173,45,desert dawn trailer,34.0,0.1429,3,1,youtube_suggest,2026-09-12 23:56:36.990114
131,The Shifting Sand Ocean Ark,173,46,desert dog outdoors,34.0,0.1429,3,1,youtube_suggest,2026-09-12 23:56:36.990276
131,The Shifting Sand Ocean Ark,173,47,desert duo animatic,34.0,0.1429,3,1,youtube_suggest,2026-09-12 23:56:36.990411
131,The Shifting Sand Ocean Ark,173,48,desert drifter channel,34.0,0.1429,3,1,youtube_suggest,2026-09-12 23:56:36.990543
131,The Shifting Sand Ocean Ark,173,49,desert eagle beyonce,34.0,0.1429,3,1,youtube_suggest,2026-09-12 23:56:36.990676
131,The Shifting Sand Ocean Ark,173,50,desert eagle gun,34.0,0.1429,3,1,youtube_suggest,2026-09-12 23:56:36.990805
131,The Shifting Sand Ocean Ark,173,51,desert eagle recoil,34.0,0.1429,3,1,youtube_suggest,2026-09-12 23:56:36.990962
131,The Shifting Sand Ocean Ark,173,52,desert fox airsoft,34.0,0.1429,3,1,youtube_suggest,2026-09-12 23:56:36.991096
131,The Shifting Sand Ocean Ark,173,53,desert flower trailer,34.0,0.1429,3,1,youtube_suggest,2026-09-12 23:56:36.991246
131,The Shifting Sand Ocean Ark,173,54,desert flower movie,34.0,0.1429,3,1,youtube_suggest,2026-09-12 23:56:36.991397
131,The Shifting Sand Ocean Ark,173,55,desert fiends trailer,34.0,0.1429,3,1,youtube_suggest,2026-09-12 23:56:36.991684
131,The Shifting Sand Ocean Ark,173,56,desert fox machine,34.0,0.1429,3,1,youtube_suggest,2026-09-12 23:56:36.991827
131,The Shifting Sand Ocean Ark,173,57,world machine desert,34.0,0.1429,3,1,youtube_suggest,2026-09-12 23:56:36.991975
131,The Shifting Sand Ocean Ark,173,58,the sea of sands horizon forbidden west way underground,30.0,0.0,9,1,youtube_suggest,2026-09-12 23:56:36.992160
131,The Shifting Sand Ocean Ark,173,59,dessert bowl machine price,26.0,0.0,4,1,youtube_suggest,2026-09-12 23:56:36.992313
131,The Shifting Sand Ocean Ark,173,60,dessert bowl machine,24.0,0.0,3,1,youtube_suggest,2026-09-12 23:56:36.992449
132,The Infinite Desert Terraformer,174,1,desert eagle 50 ae,43.5,0.25,4,1,youtube_suggest,2026-09-12 23:59:50.309228
132,The Infinite Desert Terraformer,174,2,desert fathers in a year,42.0,0.2,5,1,youtube_suggest,2026-09-12 23:59:50.309577
132,The Infinite Desert Terraformer,174,3,desert at night,41.5,0.25,3,1,youtube_suggest,2026-09-12 23:59:50.309853
132,The Infinite Desert Terraformer,174,4,desert for kids,41.5,0.25,3,1,youtube_suggest,2026-09-12 23:59:50.310101
132,The Infinite Desert Terraformer,174,5,desert animals for kids,40.0,0.2,4,1,youtube_suggest,2026-09-12 23:59:50.310333
132,The Infinite Desert Terraformer,174,6,desert at night firework,40.0,0.2,4,1,youtube_suggest,2026-09-12 23:59:50.310538
132,The Infinite Desert Terraformer,174,7,desert bus for hope,40.0,0.2,4,1,youtube_suggest,2026-09-12 23:59:50.310752
132,The Infinite Desert Terraformer,174,8,desert eagle 44 magnum,40.0,0.2,4,1,youtube_suggest,2026-09-12 23:59:50.311045
132,The Infinite Desert Terraformer,174,9,desert mario maker 2,40.0,0.2,4,1,youtube_suggest,2026-09-12 23:59:50.311248
132,The Infinite Desert Terraformer,174,10,desert biome plants vs brainrots,39.67,0.1667,5,1,youtube_suggest,2026-09-12 23:59:50.311448
132,The Infinite Desert Terraformer,174,11,desert edge vs notre dame,39.67,0.1667,5,1,youtube_suggest,2026-09-12 23:59:50.311638
132,The Infinite Desert Terraformer,174,12,the great machine desert lodge,39.67,0.1667,5,1,youtube_suggest,2026-09-12 23:59:50.311820
132,The Infinite Desert Terraformer,174,13,desert rose sting,38.0,0.2,3,1,youtube_suggest,2026-09-12 23:59:50.312002
132,The Infinite Desert Terraformer,174,14,desert ambient music,38.0,0.2,3,1,youtube_suggest,2026-09-12 23:59:50.312189
132,The Infinite Desert Terraformer,174,15,desert ambience dnd,38.0,0.2,3,1,youtube_suggest,2026-09-12 23:59:50.315101
132,The Infinite Desert Terraformer,174,16,desert builds minecraft,38.0,0.2,3,1,youtube_suggest,2026-09-12 23:59:50.315813
132,The Infinite Desert Terraformer,174,17,desert bus roblox,38.0,0.2,3,1,youtube_suggest,2026-09-12 23:59:50.316264
132,The Infinite Desert Terraformer,174,18,desert battle music,38.0,0.2,3,1,youtube_suggest,2026-09-12 23:59:50.316515
132,The Infinite Desert Terraformer,174,19,desert chill music,38.0,0.2,3,1,youtube_suggest,2026-09-12 23:59:50.316769
132,The Infinite Desert Terraformer,174,20,desert combat music,38.0,0.2,3,1,youtube_suggest,2026-09-12 23:59:50.316979
132,The Infinite Desert Terraformer,174,21,desert dawn trailer,38.0,0.2,3,1,youtube_suggest,2026-09-12 23:59:50.317198
132,The Infinite Desert Terraformer,174,22,desert dog outdoors,38.0,0.2,3,1,youtube_suggest,2026-09-12 23:59:50.317424
132,The Infinite Desert Terraformer,174,23,desert duo animatic,38.0,0.2,3,1,youtube_suggest,2026-09-12 23:59:50.317645
132,The Infinite Desert Terraformer,174,24,desert drifter channel,38.0,0.2,3,1,youtube_suggest,2026-09-12 23:59:50.317880
132,The Infinite Desert Terraformer,174,25,desert eagle beyonce,38.0,0.2,3,1,youtube_suggest,2026-09-12 23:59:50.318122
132,The Infinite Desert Terraformer,174,26,desert eagle gun,38.0,0.2,3,1,youtube_suggest,2026-09-12 23:59:50.318344
132,The Infinite Desert Terraformer,174,27,desert edge high school football,38.0,0.1429,5,1,youtube_suggest,2026-09-12 23:59:50.318546
132,The Infinite Desert Terraformer,174,28,desert eagle recoil,38.0,0.2,3,1,youtube_suggest,2026-09-12 23:59:50.318751
132,The Infinite Desert Terraformer,174,29,desert fox airsoft,38.0,0.2,3,1,youtube_suggest,2026-09-12 23:59:50.318950
132,The Infinite Desert Terraformer,174,30,desert flower trailer,38.0,0.2,3,1,youtube_suggest,2026-09-12 23:59:50.319167
132,The Infinite Desert Terraformer,174,31,desert flower movie,38.0,0.2,3,1,youtube_suggest,2026-09-12 23:59:50.319382
132,The Infinite Desert Terraformer,174,32,desert fiends trailer,38.0,0.2,3,1,youtube_suggest,2026-09-12 23:59:50.319584
132,The Infinite Desert Terraformer,174,33,desert fox machine,38.0,0.2,3,1,youtube_suggest,2026-09-12 23:59:50.319800
132,The Infinite Desert Terraformer,174,34,world machine desert,38.0,0.2,3,1,youtube_suggest,2026-09-12 23:59:50.320004
132,The Infinite Desert Terraformer,174,35,desert fox gold panning machine,38.0,0.1429,5,1,youtube_suggest,2026-09-12 23:59:50.320205
132,The Infinite Desert Terraformer,174,36,powdered wig machine desert sessions,38.0,0.1429,5,1,youtube_suggest,2026-09-12 23:59:50.320418
132,The Infinite Desert Terraformer,174,37,desert sessions powdered wig machine,38.0,0.1429,5,1,youtube_suggest,2026-09-12 23:59:50.325686
132,The Infinite Desert Terraformer,174,38,desert ambience sound effect,37.67,0.1667,4,1,youtube_suggest,2026-09-12 23:59:50.326050
132,The Infinite Desert Terraformer,174,39,desert city swing 2026,37.67,0.1667,4,1,youtube_suggest,2026-09-12 23:59:50.326284
132,The Infinite Desert Terraformer,174,40,desert chase indiana jones,37.67,0.1667,4,1,youtube_suggest,2026-09-12 23:59:50.326515
132,The Infinite Desert Terraformer,174,41,desert eagle sound effect,37.67,0.1667,4,1,youtube_suggest,2026-09-12 23:59:50.326741
132,The Infinite Desert Terraformer,174,42,desert eagle 357 magnum,37.67,0.1667,4,1,youtube_suggest,2026-09-12 23:59:50.326957
132,The Infinite Desert Terraformer,174,43,desert eagle machine gun,37.67,0.1667,4,1,youtube_suggest,2026-09-12 23:59:50.327177
132,The Infinite Desert Terraformer,174,44,ghost machine desert rose,37.67,0.1667,4,1,youtube_suggest,2026-09-12 23:59:50.327405
132,The Infinite Desert Terraformer,174,45,desert hawk slot machine,37.67,0.1667,4,1,youtube_suggest,2026-09-12 23:59:50.327618
132,The Infinite Desert Terraformer,174,46,god machine desert song,37.67,0.1667,4,1,youtube_suggest,2026-09-12 23:59:50.327822
132,The Infinite Desert Terraformer,174,47,desert fox panning machine,37.67,0.1667,4,1,youtube_suggest,2026-09-12 23:59:50.328023
132,The Infinite Desert Terraformer,174,48,desert rose ghost machine,37.67,0.1667,4,1,youtube_suggest,2026-09-12 23:59:50.328235
132,The Infinite Desert Terraformer,174,49,sahara desert slot machine,37.67,0.1667,4,1,youtube_suggest,2026-09-12 23:59:50.328449
132,The Infinite Desert Terraformer,174,50,the terraformer,33.33,0.3333,2,0,youtube_suggest,2026-09-12 23:59:50.332590
132,The Infinite Desert Terraformer,174,51,desert,31.33,0.3333,1,0,youtube_suggest,2026-09-12 23:59:50.337689
132,The Infinite Desert Terraformer,174,52,temple of the destroyer steamworld dig 2 secrets,30.0,0.0,8,1,youtube_suggest,2026-09-12 23:59:50.337992
132,The Infinite Desert Terraformer,174,53,dark tranquillity the endless feed,28.0,0.0,5,1,youtube_suggest,2026-09-12 23:59:50.338222
132,The Infinite Desert Terraformer,174,54,terra formars joseph g newton,28.0,0.0,5,1,youtube_suggest,2026-09-12 23:59:50.338456
132,The Infinite Desert Terraformer,174,55,desert drifter,27.5,0.25,2,0,youtube_suggest,2026-09-12 23:59:50.338666
132,The Infinite Desert Terraformer,174,56,desert rose,27.5,0.25,2,0,youtube_suggest,2026-09-12 23:59:50.338872
132,The Infinite Desert Terraformer,174,57,desert music,27.5,0.25,2,0,youtube_suggest,2026-09-12 23:59:50.339091
132,The Infinite Desert Terraformer,174,58,desert eagle,27.5,0.25,2,0,youtube_suggest,2026-09-12 23:59:50.339313
132,The Infinite Desert Terraformer,174,59,desert storm,27.5,0.25,2,0,youtube_suggest,2026-09-12 23:59:50.339519
132,The Infinite Desert Terraformer,174,60,desert sounds,27.5,0.25,2,0,youtube_suggest,2026-09-12 23:59:50.339719
133,The Golden Husk Sifter,175,1,corn in corn field,54.0,0.4,4,1,youtube_suggest,2026-09-13 00:02:58.409911
133,The Golden Husk Sifter,175,2,corn field blowing in the wind,50.0,0.2857,6,1,youtube_suggest,2026-09-13 00:02:58.410184
133,The Golden Husk Sifter,175,3,clown in the corn field explained,50.0,0.2857,6,1,youtube_suggest,2026-09-13 00:02:58.410386
133,The Golden Husk Sifter,175,4,corn field at night,49.33,0.3333,4,1,youtube_suggest,2026-09-13 00:02:58.410585
133,The Golden Husk Sifter,175,5,corn field background video,49.33,0.3333,4,1,youtube_suggest,2026-09-13 00:02:58.410791
133,The Golden Husk Sifter,175,6,clown in the corn field explained in hindi,47.5,0.25,8,1,youtube_suggest,2026-09-13 00:02:58.411022
133,The Golden Husk Sifter,175,7,corn field song,47.33,0.3333,3,1,youtube_suggest,2026-09-13 00:02:58.411256
133,The Golden Husk Sifter,175,8,corn field fire,47.33,0.3333,3,1,youtube_suggest,2026-09-13 00:02:58.411443
133,The Golden Husk Sifter,175,9,corn field ambience,47.33,0.3333,3,1,youtube_suggest,2026-09-13 00:02:58.411660
133,The Golden Husk Sifter,175,10,corn field interstellar,47.33,0.3333,3,1,youtube_suggest,2026-09-13 00:02:58.411860
133,The Golden Husk Sifter,175,11,corn field piano,47.33,0.3333,3,1,youtube_suggest,2026-09-13 00:02:58.412051
133,The Golden Husk Sifter,175,12,corn field maze,47.33,0.3333,3,1,youtube_suggest,2026-09-13 00:02:58.412238
133,The Golden Husk Sifter,175,13,corn field asmr,47.33,0.3333,3,1,youtube_suggest,2026-09-13 00:02:58.412418
133,The Golden Husk Sifter,175,14,corn field akbar,47.33,0.3333,3,1,youtube_suggest,2026-09-13 00:02:58.429032
133,The Golden Husk Sifter,175,15,corn field animation,47.33,0.3333,3,1,youtube_suggest,2026-09-13 00:02:58.429338
133,The Golden Husk Sifter,175,16,apocalypto corn field,47.33,0.3333,3,1,youtube_suggest,2026-09-13 00:02:58.429571
133,The Golden Husk Sifter,175,17,corn field background,47.33,0.3333,3,1,youtube_suggest,2026-09-13 00:02:58.429795
133,The Golden Husk Sifter,175,18,corn field baseball,47.33,0.3333,3,1,youtube_suggest,2026-09-13 00:02:58.429958
133,The Golden Husk Sifter,175,19,corn field bgm,47.33,0.3333,3,1,youtube_suggest,2026-09-13 00:02:58.430116
133,The Golden Husk Sifter,175,20,corn field drawing,47.33,0.3333,3,1,youtube_suggest,2026-09-13 00:02:58.430267
133,The Golden Husk Sifter,175,21,corn field drone,47.33,0.3333,3,1,youtube_suggest,2026-09-13 00:02:58.430431
133,The Golden Husk Sifter,175,22,corn field documentary,47.33,0.3333,3,1,youtube_suggest,2026-09-13 00:02:58.430579
133,The Golden Husk Sifter,175,23,corn field footage,47.33,0.3333,3,1,youtube_suggest,2026-09-13 00:02:58.430840
133,The Golden Husk Sifter,175,24,corn field farming,47.33,0.3333,3,1,youtube_suggest,2026-09-13 00:02:58.431032
133,The Golden Husk Sifter,175,25,corn field machine,47.33,0.3333,3,1,youtube_suggest,2026-09-13 00:02:58.431189
133,The Golden Husk Sifter,175,26,corn field duck hunting,46.0,0.2857,4,1,youtube_suggest,2026-09-13 00:02:58.431380
133,The Golden Husk Sifter,175,27,corn field goose hunt,46.0,0.2857,4,1,youtube_suggest,2026-09-13 00:02:58.431526
133,The Golden Husk Sifter,175,28,corn field acrylic painting,46.0,0.2857,4,1,youtube_suggest,2026-09-13 00:02:58.431670
133,The Golden Husk Sifter,175,29,corn field coyote hunting,46.0,0.2857,4,1,youtube_suggest,2026-09-13 00:02:58.431865
133,The Golden Husk Sifter,175,30,corn field dove hunting,46.0,0.2857,4,1,youtube_suggest,2026-09-13 00:02:58.432043
133,The Golden Husk Sifter,175,31,corn field deer hunting,46.0,0.2857,4,1,youtube_suggest,2026-09-13 00:02:58.432244
133,The Golden Husk Sifter,175,32,corn field drone footage,46.0,0.2857,4,1,youtube_suggest,2026-09-13 00:02:58.432498
133,The Golden Husk Sifter,175,33,corn field fire emergency,46.0,0.2857,4,1,youtube_suggest,2026-09-13 00:02:58.449137
133,The Golden Husk Sifter,175,34,corn field sound effect,46.0,0.2857,4,1,youtube_suggest,2026-09-13 00:02:58.449365
133,The Golden Husk Sifter,175,35,corn field full movie,46.0,0.2857,4,1,youtube_suggest,2026-09-13 00:02:58.449577
133,The Golden Husk Sifter,175,36,corn field dirt bike track,45.5,0.25,5,1,youtube_suggest,2026-09-13 00:02:58.449761
133,The Golden Husk Sifter,175,37,corn field,38.0,0.4,2,0,youtube_suggest,2026-09-13 00:02:58.449920
133,The Golden Husk Sifter,175,38,golden husk,38.0,0.4,2,0,youtube_suggest,2026-09-13 00:02:58.452653
133,The Golden Husk Sifter,175,39,the golden souls 3,37.67,0.1667,4,1,youtube_suggest,2026-09-13 00:02:58.452939
133,The Golden Husk Sifter,175,40,corn maze at night,36.0,0.1429,4,1,youtube_suggest,2026-09-13 00:02:58.453090
133,The Golden Husk Sifter,175,41,corn maze el paso,36.0,0.1429,4,1,youtube_suggest,2026-09-13 00:02:58.453387
133,The Golden Husk Sifter,175,42,corn maze fnaf vr,36.0,0.1429,4,1,youtube_suggest,2026-09-13 00:02:58.453583
133,The Golden Husk Sifter,175,43,the golden bough explained,36.0,0.1429,4,1,youtube_suggest,2026-09-13 00:02:58.453748
133,The Golden Husk Sifter,175,44,corn maze fnaf help wanted,35.78,0.1111,5,1,youtube_suggest,2026-09-13 00:02:58.453891
133,The Golden Husk Sifter,175,45,the golden rookery,35.67,0.1667,3,1,youtube_suggest,2026-09-13 00:02:58.454029
133,The Golden Husk Sifter,175,46,corn maze aesop rock,34.75,0.125,4,1,youtube_suggest,2026-09-13 00:02:58.454171
133,The Golden Husk Sifter,175,47,corn fields back home,34.75,0.125,4,1,youtube_suggest,2026-09-13 00:02:58.454331
133,The Golden Husk Sifter,175,48,corn maze ambience,34.0,0.1429,3,1,youtube_suggest,2026-09-13 00:02:58.454538
133,The Golden Husk Sifter,175,49,corn maze bgsi,34.0,0.1429,3,1,youtube_suggest,2026-09-13 00:02:58.454702
133,The Golden Husk Sifter,175,50,corn maze blesiv,34.0,0.1429,3,1,youtube_suggest,2026-09-13 00:02:58.454974
133,The Golden Husk Sifter,175,51,corn maze edmonton,34.0,0.1429,3,1,youtube_suggest,2026-09-13 00:02:58.455187
133,The Golden Husk Sifter,175,52,corn maze escape,34.0,0.1429,3,1,youtube_suggest,2026-09-13 00:02:58.455367
133,The Golden Husk Sifter,175,53,corn maze fnaf,34.0,0.1429,3,1,youtube_suggest,2026-09-13 00:02:58.455554
133,The Golden Husk Sifter,175,54,corn maze fortnite,34.0,0.1429,3,1,youtube_suggest,2026-09-13 00:02:58.455790
133,The Golden Husk Sifter,175,55,corn maze funny,34.0,0.1429,3,1,youtube_suggest,2026-09-13 00:02:58.455981
133,The Golden Husk Sifter,175,56,cornfield chase piano tutorial,26.0,0.0,4,1,youtube_suggest,2026-09-13 00:02:58.456161
133,The Golden Husk Sifter,175,57,cornfield chase piano,24.0,0.0,3,1,youtube_suggest,2026-09-13 00:02:58.456483
133,The Golden Husk Sifter,175,58,cornfield chase loop,24.0,0.0,3,1,youtube_suggest,2026-09-13 00:02:58.469288
133,The Golden Husk Sifter,175,59,cornfield chase interstellar,24.0,0.0,3,1,youtube_suggest,2026-09-13 00:02:58.469588
133,The Golden Husk Sifter,175,60,cornfield chase scene,24.0,0.0,3,1,youtube_suggest,2026-09-13 00:02:58.469895
134,The Corn Maze Planetary Combine,176,1,corn field maze,66.0,0.6,3,1,youtube_suggest,2026-09-13 00:05:17.577128
134,The Corn Maze Planetary Combine,176,2,corn in corn field,54.0,0.4,4,1,youtube_suggest,2026-09-13 00:05:17.577678
134,The Corn Maze Planetary Combine,176,3,corn field blowing in the wind,50.0,0.2857,6,1,youtube_suggest,2026-09-13 00:05:17.578103
134,The Corn Maze Planetary Combine,176,4,clown in the corn field explained,50.0,0.2857,6,1,youtube_suggest,2026-09-13 00:05:17.578476
134,The Corn Maze Planetary Combine,176,5,corn field at night,49.33,0.3333,4,1,youtube_suggest,2026-09-13 00:05:17.578854
134,The Corn Maze Planetary Combine,176,6,corn maze at night,49.33,0.3333,4,1,youtube_suggest,2026-09-13 00:05:17.580763
134,The Corn Maze Planetary Combine,176,7,corn field background video,49.33,0.3333,4,1,youtube_suggest,2026-09-13 00:05:17.581589
134,The Corn Maze Planetary Combine,176,8,corn maze el paso,49.33,0.3333,4,1,youtube_suggest,2026-09-13 00:05:17.581844
134,The Corn Maze Planetary Combine,176,9,corn maze fnaf vr,49.33,0.3333,4,1,youtube_suggest,2026-09-13 00:05:17.582938
134,The Corn Maze Planetary Combine,176,10,corn maze to nowhere,49.33,0.3333,4,1,youtube_suggest,2026-09-13 00:05:17.583174
134,The Corn Maze Planetary Combine,176,11,the haunted corn maze,49.33,0.3333,4,1,youtube_suggest,2026-09-13 00:05:17.584726
134,The Corn Maze Planetary Combine,176,12,clown in the corn field explained in hindi,47.5,0.25,8,1,youtube_suggest,2026-09-13 00:05:17.584986
134,The Corn Maze Planetary Combine,176,13,corn field song,47.33,0.3333,3,1,youtube_suggest,2026-09-13 00:05:17.585203
134,The Corn Maze Planetary Combine,176,14,corn field fire,47.33,0.3333,3,1,youtube_suggest,2026-09-13 00:05:17.585413
134,The Corn Maze Planetary Combine,176,15,corn field ambience,47.33,0.3333,3,1,youtube_suggest,2026-09-13 00:05:17.586389
134,The Corn Maze Planetary Combine,176,16,corn field interstellar,47.33,0.3333,3,1,youtube_suggest,2026-09-13 00:05:17.586610
134,The Corn Maze Planetary Combine,176,17,corn field piano,47.33,0.3333,3,1,youtube_suggest,2026-09-13 00:05:17.586836
134,The Corn Maze Planetary Combine,176,18,corn field asmr,47.33,0.3333,3,1,youtube_suggest,2026-09-13 00:05:17.587044
134,The Corn Maze Planetary Combine,176,19,corn field akbar,47.33,0.3333,3,1,youtube_suggest,2026-09-13 00:05:17.587275
134,The Corn Maze Planetary Combine,176,20,corn field animation,47.33,0.3333,3,1,youtube_suggest,2026-09-13 00:05:17.587566
134,The Corn Maze Planetary Combine,176,21,corn maze ambience,47.33,0.3333,3,1,youtube_suggest,2026-09-13 00:05:17.587889
134,The Corn Maze Planetary Combine,176,22,apocalypto corn field,47.33,0.3333,3,1,youtube_suggest,2026-09-13 00:05:17.588197
134,The Corn Maze Planetary Combine,176,23,corn field background,47.33,0.3333,3,1,youtube_suggest,2026-09-13 00:05:17.588410
134,The Corn Maze Planetary Combine,176,24,corn field baseball,47.33,0.3333,3,1,youtube_suggest,2026-09-13 00:05:17.591417
134,The Corn Maze Planetary Combine,176,25,corn field bgm,47.33,0.3333,3,1,youtube_suggest,2026-09-13 00:05:17.591631
134,The Corn Maze Planetary Combine,176,26,corn maze bgsi,47.33,0.3333,3,1,youtube_suggest,2026-09-13 00:05:17.591812
134,The Corn Maze Planetary Combine,176,27,corn maze blesiv,47.33,0.3333,3,1,youtube_suggest,2026-09-13 00:05:17.591967
134,The Corn Maze Planetary Combine,176,28,corn field drawing,47.33,0.3333,3,1,youtube_suggest,2026-09-13 00:05:17.592821
134,The Corn Maze Planetary Combine,176,29,corn field drone,47.33,0.3333,3,1,youtube_suggest,2026-09-13 00:05:17.593010
134,The Corn Maze Planetary Combine,176,30,corn field documentary,47.33,0.3333,3,1,youtube_suggest,2026-09-13 00:05:17.593166
134,The Corn Maze Planetary Combine,176,31,corn maze edmonton,47.33,0.3333,3,1,youtube_suggest,2026-09-13 00:05:17.593318
134,The Corn Maze Planetary Combine,176,32,corn maze escape,47.33,0.3333,3,1,youtube_suggest,2026-09-13 00:05:17.593466
134,The Corn Maze Planetary Combine,176,33,corn field footage,47.33,0.3333,3,1,youtube_suggest,2026-09-13 00:05:17.593607
134,The Corn Maze Planetary Combine,176,34,corn field farming,47.33,0.3333,3,1,youtube_suggest,2026-09-13 00:05:17.593774
134,The Corn Maze Planetary Combine,176,35,corn maze fnaf,47.33,0.3333,3,1,youtube_suggest,2026-09-13 00:05:17.593948
134,The Corn Maze Planetary Combine,176,36,corn maze fortnite,47.33,0.3333,3,1,youtube_suggest,2026-09-13 00:05:17.594114
134,The Corn Maze Planetary Combine,176,37,corn maze funny,47.33,0.3333,3,1,youtube_suggest,2026-09-13 00:05:17.594323
134,The Corn Maze Planetary Combine,176,38,corn maze dixon,47.33,0.3333,3,1,youtube_suggest,2026-09-13 00:05:17.594506
134,The Corn Maze Planetary Combine,176,39,corn maze music,47.33,0.3333,3,1,youtube_suggest,2026-09-13 00:05:17.594711
134,The Corn Maze Planetary Combine,176,40,corn maze challenge,47.33,0.3333,3,1,youtube_suggest,2026-09-13 00:05:17.594877
134,The Corn Maze Planetary Combine,176,41,corn field machine,47.33,0.3333,3,1,youtube_suggest,2026-09-13 00:05:17.595059
134,The Corn Maze Planetary Combine,176,42,corn field duck hunting,46.0,0.2857,4,1,youtube_suggest,2026-09-13 00:05:17.595226
134,The Corn Maze Planetary Combine,176,43,corn field goose hunt,46.0,0.2857,4,1,youtube_suggest,2026-09-13 00:05:17.595394
134,The Corn Maze Planetary Combine,176,44,corn field acrylic painting,46.0,0.2857,4,1,youtube_suggest,2026-09-13 00:05:17.595564
134,The Corn Maze Planetary Combine,176,45,corn maze aesop rock,46.0,0.2857,4,1,youtube_suggest,2026-09-13 00:05:17.595953
134,The Corn Maze Planetary Combine,176,46,corn field coyote hunting,46.0,0.2857,4,1,youtube_suggest,2026-09-13 00:05:17.596211
134,The Corn Maze Planetary Combine,176,47,corn field dove hunting,46.0,0.2857,4,1,youtube_suggest,2026-09-13 00:05:17.596394
134,The Corn Maze Planetary Combine,176,48,corn field deer hunting,46.0,0.2857,4,1,youtube_suggest,2026-09-13 00:05:17.600870
134,The Corn Maze Planetary Combine,176,49,corn field drone footage,46.0,0.2857,4,1,youtube_suggest,2026-09-13 00:05:17.601202
134,The Corn Maze Planetary Combine,176,50,corn field fire emergency,46.0,0.2857,4,1,youtube_suggest,2026-09-13 00:05:17.602073
134,The Corn Maze Planetary Combine,176,51,corn field sound effect,46.0,0.2857,4,1,youtube_suggest,2026-09-13 00:05:17.603523
134,The Corn Maze Planetary Combine,176,52,corn field full movie,46.0,0.2857,4,1,youtube_suggest,2026-09-13 00:05:17.603712
134,The Corn Maze Planetary Combine,176,53,corn maze malibu ken,46.0,0.2857,4,1,youtube_suggest,2026-09-13 00:05:17.603890
134,The Corn Maze Planetary Combine,176,54,combine harvester cutting corn,46.0,0.2857,4,1,youtube_suggest,2026-09-13 00:05:17.604054
134,The Corn Maze Planetary Combine,176,55,corn field dirt bike track,45.5,0.25,5,1,youtube_suggest,2026-09-13 00:05:17.604217
134,The Corn Maze Planetary Combine,176,56,corn maze fnaf help wanted,45.5,0.25,5,1,youtube_suggest,2026-09-13 00:05:17.604364
134,The Corn Maze Planetary Combine,176,57,dark harvest haunted corn maze,45.5,0.25,5,1,youtube_suggest,2026-09-13 00:05:17.604510
134,The Corn Maze Planetary Combine,176,58,the horror of the combine,39.67,0.1667,5,1,youtube_suggest,2026-09-13 00:05:17.609004
134,The Corn Maze Planetary Combine,176,59,corn field,38.0,0.4,2,0,youtube_suggest,2026-09-13 00:05:17.609269
134,The Corn Maze Planetary Combine,176,60,corn maze,38.0,0.4,2,0,youtube_suggest,2026-09-13 00:05:17.609489
135,Sun-Ripened Kernel Reactor,177,1,corn in corn field,49.33,0.3333,4,1,youtube_suggest,2026-09-13 00:07:45.489872
135,Sun-Ripened Kernel Reactor,177,2,corn field blowing in the wind,47.5,0.25,6,1,youtube_suggest,2026-09-13 00:07:45.490212
135,Sun-Ripened Kernel Reactor,177,3,clown in the corn field explained,47.5,0.25,6,1,youtube_suggest,2026-09-13 00:07:45.490652
135,Sun-Ripened Kernel Reactor,177,4,corn field at night,46.0,0.2857,4,1,youtube_suggest,2026-09-13 00:07:45.492319
135,Sun-Ripened Kernel Reactor,177,5,corn field background video,46.0,0.2857,4,1,youtube_suggest,2026-09-13 00:07:45.501599
135,Sun-Ripened Kernel Reactor,177,6,clown in the corn field explained in hindi,45.56,0.2222,8,1,youtube_suggest,2026-09-13 00:07:45.502053
135,Sun-Ripened Kernel Reactor,177,7,corn field song,44.0,0.2857,3,1,youtube_suggest,2026-09-13 00:07:45.502254
135,Sun-Ripened Kernel Reactor,177,8,corn field fire,44.0,0.2857,3,1,youtube_suggest,2026-09-13 00:07:45.502408
135,Sun-Ripened Kernel Reactor,177,9,corn field ambience,44.0,0.2857,3,1,youtube_suggest,2026-09-13 00:07:45.502585
135,Sun-Ripened Kernel Reactor,177,10,corn field interstellar,44.0,0.2857,3,1,youtube_suggest,2026-09-13 00:07:45.502738
135,Sun-Ripened Kernel Reactor,177,11,corn field piano,44.0,0.2857,3,1,youtube_suggest,2026-09-13 00:07:45.502898
135,Sun-Ripened Kernel Reactor,177,12,corn field maze,44.0,0.2857,3,1,youtube_suggest,2026-09-13 00:07:45.503045
135,Sun-Ripened Kernel Reactor,177,13,corn field asmr,44.0,0.2857,3,1,youtube_suggest,2026-09-13 00:07:45.503188
135,Sun-Ripened Kernel Reactor,177,14,corn field akbar,44.0,0.2857,3,1,youtube_suggest,2026-09-13 00:07:45.503644
135,Sun-Ripened Kernel Reactor,177,15,corn field animation,44.0,0.2857,3,1,youtube_suggest,2026-09-13 00:07:45.503843
135,Sun-Ripened Kernel Reactor,177,16,apocalypto corn field,44.0,0.2857,3,1,youtube_suggest,2026-09-13 00:07:45.504059
135,Sun-Ripened Kernel Reactor,177,17,corn field background,44.0,0.2857,3,1,youtube_suggest,2026-09-13 00:07:45.504242
135,Sun-Ripened Kernel Reactor,177,18,corn field baseball,44.0,0.2857,3,1,youtube_suggest,2026-09-13 00:07:45.506158
135,Sun-Ripened Kernel Reactor,177,19,corn field bgm,44.0,0.2857,3,1,youtube_suggest,2026-09-13 00:07:45.506505
135,Sun-Ripened Kernel Reactor,177,20,corn field drawing,44.0,0.2857,3,1,youtube_suggest,2026-09-13 00:07:45.506744
135,Sun-Ripened Kernel Reactor,177,21,corn field drone,44.0,0.2857,3,1,youtube_suggest,2026-09-13 00:07:45.506957
135,Sun-Ripened Kernel Reactor,177,22,corn field documentary,44.0,0.2857,3,1,youtube_suggest,2026-09-13 00:07:45.507147
135,Sun-Ripened Kernel Reactor,177,23,corn field footage,44.0,0.2857,3,1,youtube_suggest,2026-09-13 00:07:45.507344
135,Sun-Ripened Kernel Reactor,177,24,corn field farming,44.0,0.2857,3,1,youtube_suggest,2026-09-13 00:07:45.507533
135,Sun-Ripened Kernel Reactor,177,25,corn field machine,44.0,0.2857,3,1,youtube_suggest,2026-09-13 00:07:45.507718
135,Sun-Ripened Kernel Reactor,177,26,corn field dirt bike track,43.56,0.2222,5,1,youtube_suggest,2026-09-13 00:07:45.507915
135,Sun-Ripened Kernel Reactor,177,27,corn field duck hunting,43.5,0.25,4,1,youtube_suggest,2026-09-13 00:07:45.513044
135,Sun-Ripened Kernel Reactor,177,28,corn field goose hunt,43.5,0.25,4,1,youtube_suggest,2026-09-13 00:07:45.513281
135,Sun-Ripened Kernel Reactor,177,29,corn field acrylic painting,43.5,0.25,4,1,youtube_suggest,2026-09-13 00:07:45.513475
135,Sun-Ripened Kernel Reactor,177,30,corn field coyote hunting,43.5,0.25,4,1,youtube_suggest,2026-09-13 00:07:45.513660
135,Sun-Ripened Kernel Reactor,177,31,corn field dove hunting,43.5,0.25,4,1,youtube_suggest,2026-09-13 00:07:45.513856
135,Sun-Ripened Kernel Reactor,177,32,corn field deer hunting,43.5,0.25,4,1,youtube_suggest,2026-09-13 00:07:45.514042
135,Sun-Ripened Kernel Reactor,177,33,corn field drone footage,43.5,0.25,4,1,youtube_suggest,2026-09-13 00:07:45.515641
135,Sun-Ripened Kernel Reactor,177,34,corn field fire emergency,43.5,0.25,4,1,youtube_suggest,2026-09-13 00:07:45.515877
135,Sun-Ripened Kernel Reactor,177,35,corn field sound effect,43.5,0.25,4,1,youtube_suggest,2026-09-13 00:07:45.516071
135,Sun-Ripened Kernel Reactor,177,36,corn field full movie,43.5,0.25,4,1,youtube_suggest,2026-09-13 00:07:45.516268
135,Sun-Ripened Kernel Reactor,177,37,radiation from sun to earth,36.75,0.125,5,1,youtube_suggest,2026-09-13 00:07:45.516449
135,Sun-Ripened Kernel Reactor,177,38,corn maze fnaf help wanted,35.0,0.1,5,1,youtube_suggest,2026-09-13 00:07:45.518705
135,Sun-Ripened Kernel Reactor,177,39,corn maze at night,34.75,0.125,4,1,youtube_suggest,2026-09-13 00:07:45.518978
135,Sun-Ripened Kernel Reactor,177,40,corn maze el paso,34.75,0.125,4,1,youtube_suggest,2026-09-13 00:07:45.519177
135,Sun-Ripened Kernel Reactor,177,41,corn maze fnaf vr,34.75,0.125,4,1,youtube_suggest,2026-09-13 00:07:45.519365
135,Sun-Ripened Kernel Reactor,177,42,sun's radiation on earth,34.75,0.125,4,1,youtube_suggest,2026-09-13 00:07:45.519555
135,Sun-Ripened Kernel Reactor,177,43,corn maze aesop rock,33.78,0.1111,4,1,youtube_suggest,2026-09-13 00:07:45.519737
135,Sun-Ripened Kernel Reactor,177,44,corn fields back home,33.78,0.1111,4,1,youtube_suggest,2026-09-13 00:07:45.519933
135,Sun-Ripened Kernel Reactor,177,45,sun reaction hydrogen helium,33.78,0.1111,4,1,youtube_suggest,2026-09-13 00:07:45.520122
135,Sun-Ripened Kernel Reactor,177,46,sun protection cosmic radiation,33.78,0.1111,4,1,youtube_suggest,2026-09-13 00:07:45.520303
135,Sun-Ripened Kernel Reactor,177,47,sun radiation level instrumental,33.78,0.1111,4,1,youtube_suggest,2026-09-13 00:07:45.525039
135,Sun-Ripened Kernel Reactor,177,48,sun becoming red giant,33.78,0.1111,4,1,youtube_suggest,2026-09-13 00:07:45.525270
135,Sun-Ripened Kernel Reactor,177,49,corn field,33.33,0.3333,2,0,youtube_suggest,2026-09-13 00:07:45.525484
135,Sun-Ripened Kernel Reactor,177,50,sun reactor,33.33,0.3333,2,0,youtube_suggest,2026-09-13 00:07:45.525680
135,Sun-Ripened Kernel Reactor,177,51,corn maze ambience,32.75,0.125,3,1,youtube_suggest,2026-09-13 00:07:45.525881
135,Sun-Ripened Kernel Reactor,177,52,corn maze bgsi,32.75,0.125,3,1,youtube_suggest,2026-09-13 00:07:45.526082
135,Sun-Ripened Kernel Reactor,177,53,corn maze blesiv,32.75,0.125,3,1,youtube_suggest,2026-09-13 00:07:45.526274
135,Sun-Ripened Kernel Reactor,177,54,corn maze edmonton,32.75,0.125,3,1,youtube_suggest,2026-09-13 00:07:45.526461
135,Sun-Ripened Kernel Reactor,177,55,corn maze escape,32.75,0.125,3,1,youtube_suggest,2026-09-13 00:07:45.526648
135,Sun-Ripened Kernel Reactor,177,56,corn maze fnaf,32.75,0.125,3,1,youtube_suggest,2026-09-13 00:07:45.526829
135,Sun-Ripened Kernel Reactor,177,57,corn maze fortnite,32.75,0.125,3,1,youtube_suggest,2026-09-13 00:07:45.527029
135,Sun-Ripened Kernel Reactor,177,58,corn maze funny,32.75,0.125,3,1,youtube_suggest,2026-09-13 00:07:45.527213
135,Sun-Ripened Kernel Reactor,177,59,sun chemical reaction,32.75,0.125,3,1,youtube_suggest,2026-09-13 00:07:45.527396
135,Sun-Ripened Kernel Reactor,177,60,sun chemical ink,32.75,0.125,3,1,youtube_suggest,2026-09-13 00:07:45.527583
136,The Titan Stalk Shredder,178,1,corn in corn field,54.0,0.4,4,1,youtube_suggest,2026-09-13 00:10:52.326839
136,The Titan Stalk Shredder,178,2,corn field blowing in the wind,50.0,0.2857,6,1,youtube_suggest,2026-09-13 00:10:52.327565
136,The Titan Stalk Shredder,178,3,clown in the corn field explained,50.0,0.2857,6,1,youtube_suggest,2026-09-13 00:10:52.328188
136,The Titan Stalk Shredder,178,4,corn field at night,49.33,0.3333,4,1,youtube_suggest,2026-09-13 00:10:52.331948
136,The Titan Stalk Shredder,178,5,corn field background video,49.33,0.3333,4,1,youtube_suggest,2026-09-13 00:10:52.333050
136,The Titan Stalk Shredder,178,6,clown in the corn field explained in hindi,47.5,0.25,8,1,youtube_suggest,2026-09-13 00:10:52.334029
136,The Titan Stalk Shredder,178,7,corn field song,47.33,0.3333,3,1,youtube_suggest,2026-09-13 00:10:52.335292
136,The Titan Stalk Shredder,178,8,corn field fire,47.33,0.3333,3,1,youtube_suggest,2026-09-13 00:10:52.335514
136,The Titan Stalk Shredder,178,9,corn field ambience,47.33,0.3333,3,1,youtube_suggest,2026-09-13 00:10:52.335711
136,The Titan Stalk Shredder,178,10,corn field interstellar,47.33,0.3333,3,1,youtube_suggest,2026-09-13 00:10:52.338884
136,The Titan Stalk Shredder,178,11,corn field piano,47.33,0.3333,3,1,youtube_suggest,2026-09-13 00:10:52.339322
136,The Titan Stalk Shredder,178,12,corn field maze,47.33,0.3333,3,1,youtube_suggest,2026-09-13 00:10:52.339542
136,The Titan Stalk Shredder,178,13,corn field asmr,47.33,0.3333,3,1,youtube_suggest,2026-09-13 00:10:52.339744
136,The Titan Stalk Shredder,178,14,corn field akbar,47.33,0.3333,3,1,youtube_suggest,2026-09-13 00:10:52.339959
136,The Titan Stalk Shredder,178,15,corn field animation,47.33,0.3333,3,1,youtube_suggest,2026-09-13 00:10:52.340150
136,The Titan Stalk Shredder,178,16,apocalypto corn field,47.33,0.3333,3,1,youtube_suggest,2026-09-13 00:10:52.340366
136,The Titan Stalk Shredder,178,17,corn field background,47.33,0.3333,3,1,youtube_suggest,2026-09-13 00:10:52.340611
136,The Titan Stalk Shredder,178,18,corn field baseball,47.33,0.3333,3,1,youtube_suggest,2026-09-13 00:10:52.340814
136,The Titan Stalk Shredder,178,19,corn field bgm,47.33,0.3333,3,1,youtube_suggest,2026-09-13 00:10:52.341013
136,The Titan Stalk Shredder,178,20,corn field drawing,47.33,0.3333,3,1,youtube_suggest,2026-09-13 00:10:52.341196
136,The Titan Stalk Shredder,178,21,corn field drone,47.33,0.3333,3,1,youtube_suggest,2026-09-13 00:10:52.341369
136,The Titan Stalk Shredder,178,22,corn field documentary,47.33,0.3333,3,1,youtube_suggest,2026-09-13 00:10:52.341548
136,The Titan Stalk Shredder,178,23,corn field footage,47.33,0.3333,3,1,youtube_suggest,2026-09-13 00:10:52.341743
136,The Titan Stalk Shredder,178,24,corn field farming,47.33,0.3333,3,1,youtube_suggest,2026-09-13 00:10:52.341933
136,The Titan Stalk Shredder,178,25,corn field machine,47.33,0.3333,3,1,youtube_suggest,2026-09-13 00:10:52.344446
136,The Titan Stalk Shredder,178,26,corn field duck hunting,46.0,0.2857,4,1,youtube_suggest,2026-09-13 00:10:52.344705
136,The Titan Stalk Shredder,178,27,corn field goose hunt,46.0,0.2857,4,1,youtube_suggest,2026-09-13 00:10:52.344905
136,The Titan Stalk Shredder,178,28,corn field acrylic painting,46.0,0.2857,4,1,youtube_suggest,2026-09-13 00:10:52.345108
136,The Titan Stalk Shredder,178,29,corn field coyote hunting,46.0,0.2857,4,1,youtube_suggest,2026-09-13 00:10:52.345295
136,The Titan Stalk Shredder,178,30,corn field dove hunting,46.0,0.2857,4,1,youtube_suggest,2026-09-13 00:10:52.345581
136,The Titan Stalk Shredder,178,31,corn field deer hunting,46.0,0.2857,4,1,youtube_suggest,2026-09-13 00:10:52.345768
136,The Titan Stalk Shredder,178,32,corn field drone footage,46.0,0.2857,4,1,youtube_suggest,2026-09-13 00:10:52.345965
136,The Titan Stalk Shredder,178,33,corn field fire emergency,46.0,0.2857,4,1,youtube_suggest,2026-09-13 00:10:52.346147
136,The Titan Stalk Shredder,178,34,corn field sound effect,46.0,0.2857,4,1,youtube_suggest,2026-09-13 00:10:52.346331
136,The Titan Stalk Shredder,178,35,corn field full movie,46.0,0.2857,4,1,youtube_suggest,2026-09-13 00:10:52.346516
136,The Titan Stalk Shredder,178,36,corn field dirt bike track,45.5,0.25,5,1,youtube_suggest,2026-09-13 00:10:52.346702
136,The Titan Stalk Shredder,178,37,the wreck of the titan,39.67,0.1667,5,1,youtube_suggest,2026-09-13 00:10:52.346883
136,The Titan Stalk Shredder,178,38,the turtles vs the shredder,39.67,0.1667,5,1,youtube_suggest,2026-09-13 00:10:52.347079
136,The Titan Stalk Shredder,178,39,where is shredder in creatures of the deep,38.75,0.125,8,1,youtube_suggest,2026-09-13 00:10:52.347257
136,The Titan Stalk Shredder,178,40,corn field,38.0,0.4,2,0,youtube_suggest,2026-09-13 00:10:52.347439
136,The Titan Stalk Shredder,178,41,the death of shredder,37.67,0.1667,4,1,youtube_suggest,2026-09-13 00:10:52.347621
136,The Titan Stalk Shredder,178,42,the shredder is finished,37.67,0.1667,4,1,youtube_suggest,2026-09-13 00:10:52.351796
136,The Titan Stalk Shredder,178,43,corn maze at night,36.0,0.1429,4,1,youtube_suggest,2026-09-13 00:10:52.352071
136,The Titan Stalk Shredder,178,44,corn maze el paso,36.0,0.1429,4,1,youtube_suggest,2026-09-13 00:10:52.352470
136,The Titan Stalk Shredder,178,45,corn maze fnaf vr,36.0,0.1429,4,1,youtube_suggest,2026-09-13 00:10:52.353746
136,The Titan Stalk Shredder,178,46,tmnt krang and shredder,36.0,0.1429,4,1,youtube_suggest,2026-09-13 00:10:52.354806
136,The Titan Stalk Shredder,178,47,corn maze fnaf help wanted,35.78,0.1111,5,1,youtube_suggest,2026-09-13 00:10:52.355234
136,The Titan Stalk Shredder,178,48,corn maze aesop rock,34.75,0.125,4,1,youtube_suggest,2026-09-13 00:10:52.355425
136,The Titan Stalk Shredder,178,49,corn fields back home,34.75,0.125,4,1,youtube_suggest,2026-09-13 00:10:52.355618
136,The Titan Stalk Shredder,178,50,corn maze ambience,34.0,0.1429,3,1,youtube_suggest,2026-09-13 00:10:52.355802
136,The Titan Stalk Shredder,178,51,corn maze bgsi,34.0,0.1429,3,1,youtube_suggest,2026-09-13 00:10:52.356001
136,The Titan Stalk Shredder,178,52,corn maze blesiv,34.0,0.1429,3,1,youtube_suggest,2026-09-13 00:10:52.356186
136,The Titan Stalk Shredder,178,53,corn maze edmonton,34.0,0.1429,3,1,youtube_suggest,2026-09-13 00:10:52.356366
136,The Titan Stalk Shredder,178,54,corn maze escape,34.0,0.1429,3,1,youtube_suggest,2026-09-13 00:10:52.359462
136,The Titan Stalk Shredder,178,55,corn maze fnaf,34.0,0.1429,3,1,youtube_suggest,2026-09-13 00:10:52.359828
136,The Titan Stalk Shredder,178,56,corn maze fortnite,34.0,0.1429,3,1,youtube_suggest,2026-09-13 00:10:52.360055
136,The Titan Stalk Shredder,178,57,corn maze funny,34.0,0.1429,3,1,youtube_suggest,2026-09-13 00:10:52.360246
136,The Titan Stalk Shredder,178,58,tiger claw arm cut off,28.0,0.0,5,1,youtube_suggest,2026-09-13 00:10:52.360635
136,The Titan Stalk Shredder,178,59,ninja turtles tiger claw death,28.0,0.0,5,1,youtube_suggest,2026-09-13 00:10:52.360842
136,The Titan Stalk Shredder,178,60,tiger claw loses his arm,28.0,0.0,5,1,youtube_suggest,2026-09-13 00:10:52.361033
137,Cornfield Solar Furnace,179,1,corn in corn field,54.0,0.4,4,1,youtube_suggest,2026-09-13 00:13:39.015129
137,Cornfield Solar Furnace,179,2,corn field blowing in the wind,50.0,0.2857,6,1,youtube_suggest,2026-09-13 00:13:39.015724
137,Cornfield Solar Furnace,179,3,clown in the corn field explained,50.0,0.2857,6,1,youtube_suggest,2026-09-13 00:13:39.015995
137,Cornfield Solar Furnace,179,4,corn field at night,49.33,0.3333,4,1,youtube_suggest,2026-09-13 00:13:39.016225
137,Cornfield Solar Furnace,179,5,corn field background video,49.33,0.3333,4,1,youtube_suggest,2026-09-13 00:13:39.016452
137,Cornfield Solar Furnace,179,6,how solar furnace work,49.33,0.3333,4,1,youtube_suggest,2026-09-13 00:13:39.021026
137,Cornfield Solar Furnace,179,7,clown in the corn field explained in hindi,47.5,0.25,8,1,youtube_suggest,2026-09-13 00:13:39.021277
137,Cornfield Solar Furnace,179,8,corn field song,47.33,0.3333,3,1,youtube_suggest,2026-09-13 00:13:39.021518
137,Cornfield Solar Furnace,179,9,corn field fire,47.33,0.3333,3,1,youtube_suggest,2026-09-13 00:13:39.021752
137,Cornfield Solar Furnace,179,10,corn field ambience,47.33,0.3333,3,1,youtube_suggest,2026-09-13 00:13:39.021961
137,Cornfield Solar Furnace,179,11,corn field interstellar,47.33,0.3333,3,1,youtube_suggest,2026-09-13 00:13:39.022183
137,Cornfield Solar Furnace,179,12,corn field piano,47.33,0.3333,3,1,youtube_suggest,2026-09-13 00:13:39.022430
137,Cornfield Solar Furnace,179,13,corn field maze,47.33,0.3333,3,1,youtube_suggest,2026-09-13 00:13:39.022656
137,Cornfield Solar Furnace,179,14,corn field asmr,47.33,0.3333,3,1,youtube_suggest,2026-09-13 00:13:39.022880
137,Cornfield Solar Furnace,179,15,corn field akbar,47.33,0.3333,3,1,youtube_suggest,2026-09-13 00:13:39.023090
137,Cornfield Solar Furnace,179,16,corn field animation,47.33,0.3333,3,1,youtube_suggest,2026-09-13 00:13:39.023296
137,Cornfield Solar Furnace,179,17,apocalypto corn field,47.33,0.3333,3,1,youtube_suggest,2026-09-13 00:13:39.023513
137,Cornfield Solar Furnace,179,18,corn field background,47.33,0.3333,3,1,youtube_suggest,2026-09-13 00:13:39.023719
137,Cornfield Solar Furnace,179,19,corn field baseball,47.33,0.3333,3,1,youtube_suggest,2026-09-13 00:13:39.023922
137,Cornfield Solar Furnace,179,20,corn field bgm,47.33,0.3333,3,1,youtube_suggest,2026-09-13 00:13:39.024123
137,Cornfield Solar Furnace,179,21,corn field drawing,47.33,0.3333,3,1,youtube_suggest,2026-09-13 00:13:39.024324
137,Cornfield Solar Furnace,179,22,corn field drone,47.33,0.3333,3,1,youtube_suggest,2026-09-13 00:13:39.027315
137,Cornfield Solar Furnace,179,23,corn field documentary,47.33,0.3333,3,1,youtube_suggest,2026-09-13 00:13:39.028634
137,Cornfield Solar Furnace,179,24,corn field footage,47.33,0.3333,3,1,youtube_suggest,2026-09-13 00:13:39.028918
137,Cornfield Solar Furnace,179,25,corn field farming,47.33,0.3333,3,1,youtube_suggest,2026-09-13 00:13:39.029156
137,Cornfield Solar Furnace,179,26,solar furnace france,47.33,0.3333,3,1,youtube_suggest,2026-09-13 00:13:39.029368
137,Cornfield Solar Furnace,179,27,solar furnace working,47.33,0.3333,3,1,youtube_suggest,2026-09-13 00:13:39.029593
137,Cornfield Solar Furnace,179,28,corn field machine,47.33,0.3333,3,1,youtube_suggest,2026-09-13 00:13:39.029812
137,Cornfield Solar Furnace,179,29,corn field duck hunting,46.0,0.2857,4,1,youtube_suggest,2026-09-13 00:13:39.032114
137,Cornfield Solar Furnace,179,30,corn field goose hunt,46.0,0.2857,4,1,youtube_suggest,2026-09-13 00:13:39.032512
137,Cornfield Solar Furnace,179,31,corn field acrylic painting,46.0,0.2857,4,1,youtube_suggest,2026-09-13 00:13:39.032804
137,Cornfield Solar Furnace,179,32,corn field coyote hunting,46.0,0.2857,4,1,youtube_suggest,2026-09-13 00:13:39.034443
137,Cornfield Solar Furnace,179,33,corn field dove hunting,46.0,0.2857,4,1,youtube_suggest,2026-09-13 00:13:39.034684
137,Cornfield Solar Furnace,179,34,corn field deer hunting,46.0,0.2857,4,1,youtube_suggest,2026-09-13 00:13:39.034903
137,Cornfield Solar Furnace,179,35,corn field drone footage,46.0,0.2857,4,1,youtube_suggest,2026-09-13 00:13:39.035113
137,Cornfield Solar Furnace,179,36,corn field fire emergency,46.0,0.2857,4,1,youtube_suggest,2026-09-13 00:13:39.035337
137,Cornfield Solar Furnace,179,37,corn field sound effect,46.0,0.2857,4,1,youtube_suggest,2026-09-13 00:13:39.035564
137,Cornfield Solar Furnace,179,38,corn field full movie,46.0,0.2857,4,1,youtube_suggest,2026-09-13 00:13:39.035777
137,Cornfield Solar Furnace,179,39,corn field dirt bike track,45.5,0.25,5,1,youtube_suggest,2026-09-13 00:13:39.036028
137,Cornfield Solar Furnace,179,40,corn field,38.0,0.4,2,0,youtube_suggest,2026-09-13 00:13:39.036242
137,Cornfield Solar Furnace,179,41,solar furnace,38.0,0.4,2,0,youtube_suggest,2026-09-13 00:13:39.036462
137,Cornfield Solar Furnace,179,42,corn maze at night,36.0,0.1429,4,1,youtube_suggest,2026-09-13 00:13:39.043274
137,Cornfield Solar Furnace,179,43,corn maze el paso,36.0,0.1429,4,1,youtube_suggest,2026-09-13 00:13:39.045068
137,Cornfield Solar Furnace,179,44,corn maze fnaf vr,36.0,0.1429,4,1,youtube_suggest,2026-09-13 00:13:39.047266
137,Cornfield Solar Furnace,179,45,corn maze fnaf help wanted,35.78,0.1111,5,1,youtube_suggest,2026-09-13 00:13:39.048465
137,Cornfield Solar Furnace,179,46,corn maze aesop rock,34.75,0.125,4,1,youtube_suggest,2026-09-13 00:13:39.049771
137,Cornfield Solar Furnace,179,47,corn fields back home,34.75,0.125,4,1,youtube_suggest,2026-09-13 00:13:39.050718
137,Cornfield Solar Furnace,179,48,cornfield chase piano tutorial,34.75,0.125,4,1,youtube_suggest,2026-09-13 00:13:39.051502
137,Cornfield Solar Furnace,179,49,solar output climate change,34.75,0.125,4,1,youtube_suggest,2026-09-13 00:13:39.052145
137,Cornfield Solar Furnace,179,50,corn maze ambience,34.0,0.1429,3,1,youtube_suggest,2026-09-13 00:13:39.053854
137,Cornfield Solar Furnace,179,51,corn maze bgsi,34.0,0.1429,3,1,youtube_suggest,2026-09-13 00:13:39.054100
137,Cornfield Solar Furnace,179,52,corn maze blesiv,34.0,0.1429,3,1,youtube_suggest,2026-09-13 00:13:39.054327
137,Cornfield Solar Furnace,179,53,cornfield chase piano,34.0,0.1429,3,1,youtube_suggest,2026-09-13 00:13:39.054561
137,Cornfield Solar Furnace,179,54,cornfield chase loop,34.0,0.1429,3,1,youtube_suggest,2026-09-13 00:13:39.054783
137,Cornfield Solar Furnace,179,55,cornfield chase interstellar,34.0,0.1429,3,1,youtube_suggest,2026-09-13 00:13:39.054993
137,Cornfield Solar Furnace,179,56,cornfield chase scene,34.0,0.1429,3,1,youtube_suggest,2026-09-13 00:13:39.055192
137,Cornfield Solar Furnace,179,57,cornfield chase organ,34.0,0.1429,3,1,youtube_suggest,2026-09-13 00:13:39.055378
137,Cornfield Solar Furnace,179,58,corn maze edmonton,34.0,0.1429,3,1,youtube_suggest,2026-09-13 00:13:39.055595
137,Cornfield Solar Furnace,179,59,corn maze escape,34.0,0.1429,3,1,youtube_suggest,2026-09-13 00:13:39.055784
137,Cornfield Solar Furnace,179,60,cornfield chase edit,34.0,0.1429,3,1,youtube_suggest,2026-09-13 00:13:39.055975
138,The Atmospheric Corn Elevator,180,1,corn in corn field,61.0,0.5,4,1,youtube_suggest,2026-09-13 00:16:26.648736
138,The Atmospheric Corn Elevator,180,2,corn field at night,54.0,0.4,4,1,youtube_suggest,2026-09-13 00:16:26.649066
138,The Atmospheric Corn Elevator,180,3,corn field background video,54.0,0.4,4,1,youtube_suggest,2026-09-13 00:16:26.649257
138,The Atmospheric Corn Elevator,180,4,corn field blowing in the wind,53.33,0.3333,6,1,youtube_suggest,2026-09-13 00:16:26.649408
138,The Atmospheric Corn Elevator,180,5,clown in the corn field explained,53.33,0.3333,6,1,youtube_suggest,2026-09-13 00:16:26.649746
138,The Atmospheric Corn Elevator,180,6,corn field song,52.0,0.4,3,1,youtube_suggest,2026-09-13 00:16:26.649946
138,The Atmospheric Corn Elevator,180,7,corn field fire,52.0,0.4,3,1,youtube_suggest,2026-09-13 00:16:26.650083
138,The Atmospheric Corn Elevator,180,8,corn field ambience,52.0,0.4,3,1,youtube_suggest,2026-09-13 00:16:26.650230
138,The Atmospheric Corn Elevator,180,9,corn field interstellar,52.0,0.4,3,1,youtube_suggest,2026-09-13 00:16:26.650371
138,The Atmospheric Corn Elevator,180,10,corn field piano,52.0,0.4,3,1,youtube_suggest,2026-09-13 00:16:26.650505
138,The Atmospheric Corn Elevator,180,11,corn field maze,52.0,0.4,3,1,youtube_suggest,2026-09-13 00:16:26.650637
138,The Atmospheric Corn Elevator,180,12,corn field asmr,52.0,0.4,3,1,youtube_suggest,2026-09-13 00:16:26.650777
138,The Atmospheric Corn Elevator,180,13,corn field akbar,52.0,0.4,3,1,youtube_suggest,2026-09-13 00:16:26.650904
138,The Atmospheric Corn Elevator,180,14,corn field animation,52.0,0.4,3,1,youtube_suggest,2026-09-13 00:16:26.651064
138,The Atmospheric Corn Elevator,180,15,apocalypto corn field,52.0,0.4,3,1,youtube_suggest,2026-09-13 00:16:26.656947
138,The Atmospheric Corn Elevator,180,16,corn field background,52.0,0.4,3,1,youtube_suggest,2026-09-13 00:16:26.660856
138,The Atmospheric Corn Elevator,180,17,corn field baseball,52.0,0.4,3,1,youtube_suggest,2026-09-13 00:16:26.661068
138,The Atmospheric Corn Elevator,180,18,corn field bgm,52.0,0.4,3,1,youtube_suggest,2026-09-13 00:16:26.661236
138,The Atmospheric Corn Elevator,180,19,corn field drawing,52.0,0.4,3,1,youtube_suggest,2026-09-13 00:16:26.661380
138,The Atmospheric Corn Elevator,180,20,corn field drone,52.0,0.4,3,1,youtube_suggest,2026-09-13 00:16:26.661513
138,The Atmospheric Corn Elevator,180,21,corn field documentary,52.0,0.4,3,1,youtube_suggest,2026-09-13 00:16:26.661649
138,The Atmospheric Corn Elevator,180,22,corn field footage,52.0,0.4,3,1,youtube_suggest,2026-09-13 00:16:26.661781
138,The Atmospheric Corn Elevator,180,23,corn field farming,52.0,0.4,3,1,youtube_suggest,2026-09-13 00:16:26.661920
138,The Atmospheric Corn Elevator,180,24,corn field machine,52.0,0.4,3,1,youtube_suggest,2026-09-13 00:16:26.662053
138,The Atmospheric Corn Elevator,180,25,clown in the corn field explained in hindi,50.0,0.2857,8,1,youtube_suggest,2026-09-13 00:16:26.662183
138,The Atmospheric Corn Elevator,180,26,corn field duck hunting,49.33,0.3333,4,1,youtube_suggest,2026-09-13 00:16:26.662332
138,The Atmospheric Corn Elevator,180,27,corn field goose hunt,49.33,0.3333,4,1,youtube_suggest,2026-09-13 00:16:26.662467
138,The Atmospheric Corn Elevator,180,28,corn field acrylic painting,49.33,0.3333,4,1,youtube_suggest,2026-09-13 00:16:26.662599
138,The Atmospheric Corn Elevator,180,29,corn field coyote hunting,49.33,0.3333,4,1,youtube_suggest,2026-09-13 00:16:26.662729
138,The Atmospheric Corn Elevator,180,30,corn field dove hunting,49.33,0.3333,4,1,youtube_suggest,2026-09-13 00:16:26.662874
138,The Atmospheric Corn Elevator,180,31,corn field deer hunting,49.33,0.3333,4,1,youtube_suggest,2026-09-13 00:16:26.663008
138,The Atmospheric Corn Elevator,180,32,corn field drone footage,49.33,0.3333,4,1,youtube_suggest,2026-09-13 00:16:26.663139
138,The Atmospheric Corn Elevator,180,33,corn field fire emergency,49.33,0.3333,4,1,youtube_suggest,2026-09-13 00:16:26.663286
138,The Atmospheric Corn Elevator,180,34,corn field sound effect,49.33,0.3333,4,1,youtube_suggest,2026-09-13 00:16:26.663418
138,The Atmospheric Corn Elevator,180,35,corn field full movie,49.33,0.3333,4,1,youtube_suggest,2026-09-13 00:16:26.663564
138,The Atmospheric Corn Elevator,180,36,corn field dirt bike track,48.0,0.2857,5,1,youtube_suggest,2026-09-13 00:16:26.663709
138,The Atmospheric Corn Elevator,180,37,corn field,45.0,0.5,2,0,youtube_suggest,2026-09-13 00:16:26.663848
138,The Atmospheric Corn Elevator,180,38,the elevator channel worst elevator,39.67,0.1667,5,1,youtube_suggest,2026-09-13 00:16:26.663982
138,The Atmospheric Corn Elevator,180,39,the atmospheric system,38.0,0.2,3,1,youtube_suggest,2026-09-13 00:16:26.664112
138,The Atmospheric Corn Elevator,180,40,corn maze at night,37.67,0.1667,4,1,youtube_suggest,2026-09-13 00:16:26.664252
138,The Atmospheric Corn Elevator,180,41,corn maze el paso,37.67,0.1667,4,1,youtube_suggest,2026-09-13 00:16:26.664385
138,The Atmospheric Corn Elevator,180,42,corn maze fnaf vr,37.67,0.1667,4,1,youtube_suggest,2026-09-13 00:16:26.664518
138,The Atmospheric Corn Elevator,180,43,the elevator channel kone,37.67,0.1667,4,1,youtube_suggest,2026-09-13 00:16:26.680974
138,The Atmospheric Corn Elevator,180,44,corn maze fnaf help wanted,36.75,0.125,5,1,youtube_suggest,2026-09-13 00:16:26.681166
138,The Atmospheric Corn Elevator,180,45,corn maze aesop rock,36.0,0.1429,4,1,youtube_suggest,2026-09-13 00:16:26.681317
138,The Atmospheric Corn Elevator,180,46,corn fields back home,36.0,0.1429,4,1,youtube_suggest,2026-09-13 00:16:26.681449
138,The Atmospheric Corn Elevator,180,47,corn maze ambience,35.67,0.1667,3,1,youtube_suggest,2026-09-13 00:16:26.681584
138,The Atmospheric Corn Elevator,180,48,corn maze bgsi,35.67,0.1667,3,1,youtube_suggest,2026-09-13 00:16:26.682969
138,The Atmospheric Corn Elevator,180,49,corn maze blesiv,35.67,0.1667,3,1,youtube_suggest,2026-09-13 00:16:26.683277
138,The Atmospheric Corn Elevator,180,50,corn maze edmonton,35.67,0.1667,3,1,youtube_suggest,2026-09-13 00:16:26.683427
138,The Atmospheric Corn Elevator,180,51,corn maze escape,35.67,0.1667,3,1,youtube_suggest,2026-09-13 00:16:26.683598
138,The Atmospheric Corn Elevator,180,52,corn maze fnaf,35.67,0.1667,3,1,youtube_suggest,2026-09-13 00:16:26.683730
138,The Atmospheric Corn Elevator,180,53,corn maze fortnite,35.67,0.1667,3,1,youtube_suggest,2026-09-13 00:16:26.683885
138,The Atmospheric Corn Elevator,180,54,corn maze funny,35.67,0.1667,3,1,youtube_suggest,2026-09-13 00:16:26.684038
138,The Atmospheric Corn Elevator,180,55,eas scenario three mile island,28.0,0.0,5,1,youtube_suggest,2026-09-13 00:16:26.684173
138,The Atmospheric Corn Elevator,180,56,cornfield chase piano tutorial,26.0,0.0,4,1,youtube_suggest,2026-09-13 00:16:26.684340
138,The Atmospheric Corn Elevator,180,57,the elevators full album,26.0,0.0,4,1,youtube_suggest,2026-09-13 00:16:26.696745
138,The Atmospheric Corn Elevator,180,58,atmosphere and ozone layer,26.0,0.0,4,1,youtube_suggest,2026-09-13 00:16:26.697080
138,The Atmospheric Corn Elevator,180,59,cornfield chase piano,24.0,0.0,3,1,youtube_suggest,2026-09-13 00:16:26.697256
138,The Atmospheric Corn Elevator,180,60,cornfield chase loop,24.0,0.0,3,1,youtube_suggest,2026-09-13 00:16:26.697401
139,Golden Silk Weaving Engine,181,1,corn in corn field,49.33,0.3333,4,1,youtube_suggest,2026-09-13 00:19:29.019197
139,Golden Silk Weaving Engine,181,2,corn field blowing in the wind,47.5,0.25,6,1,youtube_suggest,2026-09-13 00:19:29.019465
139,Golden Silk Weaving Engine,181,3,clown in the corn field explained,47.5,0.25,6,1,youtube_suggest,2026-09-13 00:19:29.019680
139,Golden Silk Weaving Engine,181,4,corn field at night,46.0,0.2857,4,1,youtube_suggest,2026-09-13 00:19:29.020073
139,Golden Silk Weaving Engine,181,5,corn field background video,46.0,0.2857,4,1,youtube_suggest,2026-09-13 00:19:29.020311
139,Golden Silk Weaving Engine,181,6,clown in the corn field explained in hindi,45.56,0.2222,8,1,youtube_suggest,2026-09-13 00:19:29.020482
139,Golden Silk Weaving Engine,181,7,corn field song,44.0,0.2857,3,1,youtube_suggest,2026-09-13 00:19:29.037146
139,Golden Silk Weaving Engine,181,8,corn field fire,44.0,0.2857,3,1,youtube_suggest,2026-09-13 00:19:29.037335
139,Golden Silk Weaving Engine,181,9,corn field ambience,44.0,0.2857,3,1,youtube_suggest,2026-09-13 00:19:29.037481
139,Golden Silk Weaving Engine,181,10,corn field interstellar,44.0,0.2857,3,1,youtube_suggest,2026-09-13 00:19:29.037609
139,Golden Silk Weaving Engine,181,11,corn field piano,44.0,0.2857,3,1,youtube_suggest,2026-09-13 00:19:29.037735
139,Golden Silk Weaving Engine,181,12,corn field maze,44.0,0.2857,3,1,youtube_suggest,2026-09-13 00:19:29.037864
139,Golden Silk Weaving Engine,181,13,corn field asmr,44.0,0.2857,3,1,youtube_suggest,2026-09-13 00:19:29.037992
139,Golden Silk Weaving Engine,181,14,corn field akbar,44.0,0.2857,3,1,youtube_suggest,2026-09-13 00:19:29.038116
139,Golden Silk Weaving Engine,181,15,corn field animation,44.0,0.2857,3,1,youtube_suggest,2026-09-13 00:19:29.038236
139,Golden Silk Weaving Engine,181,16,apocalypto corn field,44.0,0.2857,3,1,youtube_suggest,2026-09-13 00:19:29.038599
139,Golden Silk Weaving Engine,181,17,corn field background,44.0,0.2857,3,1,youtube_suggest,2026-09-13 00:19:29.038723
139,Golden Silk Weaving Engine,181,18,corn field baseball,44.0,0.2857,3,1,youtube_suggest,2026-09-13 00:19:29.038844
139,Golden Silk Weaving Engine,181,19,corn field bgm,44.0,0.2857,3,1,youtube_suggest,2026-09-13 00:19:29.038967
139,Golden Silk Weaving Engine,181,20,corn field drawing,44.0,0.2857,3,1,youtube_suggest,2026-09-13 00:19:29.039085
139,Golden Silk Weaving Engine,181,21,corn field drone,44.0,0.2857,3,1,youtube_suggest,2026-09-13 00:19:29.039212
139,Golden Silk Weaving Engine,181,22,corn field documentary,44.0,0.2857,3,1,youtube_suggest,2026-09-13 00:19:29.039332
139,Golden Silk Weaving Engine,181,23,corn field footage,44.0,0.2857,3,1,youtube_suggest,2026-09-13 00:19:29.039472
139,Golden Silk Weaving Engine,181,24,corn field farming,44.0,0.2857,3,1,youtube_suggest,2026-09-13 00:19:29.039594
139,Golden Silk Weaving Engine,181,25,corn field machine,44.0,0.2857,3,1,youtube_suggest,2026-09-13 00:19:29.039919
139,Golden Silk Weaving Engine,181,26,corn field dirt bike track,43.56,0.2222,5,1,youtube_suggest,2026-09-13 00:19:29.040071
139,Golden Silk Weaving Engine,181,27,corn field duck hunting,43.5,0.25,4,1,youtube_suggest,2026-09-13 00:19:29.040194
139,Golden Silk Weaving Engine,181,28,corn field goose hunt,43.5,0.25,4,1,youtube_suggest,2026-09-13 00:19:29.040316
139,Golden Silk Weaving Engine,181,29,corn field acrylic painting,43.5,0.25,4,1,youtube_suggest,2026-09-13 00:19:29.040470
139,Golden Silk Weaving Engine,181,30,corn field coyote hunting,43.5,0.25,4,1,youtube_suggest,2026-09-13 00:19:29.048253
139,Golden Silk Weaving Engine,181,31,corn field dove hunting,43.5,0.25,4,1,youtube_suggest,2026-09-13 00:19:29.048490
139,Golden Silk Weaving Engine,181,32,corn field deer hunting,43.5,0.25,4,1,youtube_suggest,2026-09-13 00:19:29.048672
139,Golden Silk Weaving Engine,181,33,corn field drone footage,43.5,0.25,4,1,youtube_suggest,2026-09-13 00:19:29.048809
139,Golden Silk Weaving Engine,181,34,corn field fire emergency,43.5,0.25,4,1,youtube_suggest,2026-09-13 00:19:29.048963
139,Golden Silk Weaving Engine,181,35,corn field sound effect,43.5,0.25,4,1,youtube_suggest,2026-09-13 00:19:29.049455
139,Golden Silk Weaving Engine,181,36,corn field full movie,43.5,0.25,4,1,youtube_suggest,2026-09-13 00:19:29.049634
139,Golden Silk Weaving Engine,181,37,golden orb weaver silk,43.5,0.25,4,1,youtube_suggest,2026-09-13 00:19:29.049781
139,Golden Silk Weaving Engine,181,38,corn maze fnaf help wanted,35.0,0.1,5,1,youtube_suggest,2026-09-13 00:19:29.049998
139,Golden Silk Weaving Engine,181,39,corn maze at night,34.75,0.125,4,1,youtube_suggest,2026-09-13 00:19:29.050361
139,Golden Silk Weaving Engine,181,40,corn maze el paso,34.75,0.125,4,1,youtube_suggest,2026-09-13 00:19:29.050970
139,Golden Silk Weaving Engine,181,41,corn maze fnaf vr,34.75,0.125,4,1,youtube_suggest,2026-09-13 00:19:29.057079
139,Golden Silk Weaving Engine,181,42,corn maze aesop rock,33.78,0.1111,4,1,youtube_suggest,2026-09-13 00:19:29.057502
139,Golden Silk Weaving Engine,181,43,corn fields back home,33.78,0.1111,4,1,youtube_suggest,2026-09-13 00:19:29.057859
139,Golden Silk Weaving Engine,181,44,corn field,33.33,0.3333,2,0,youtube_suggest,2026-09-13 00:19:29.058550
139,Golden Silk Weaving Engine,181,45,corn maze ambience,32.75,0.125,3,1,youtube_suggest,2026-09-13 00:19:29.058908
139,Golden Silk Weaving Engine,181,46,corn maze bgsi,32.75,0.125,3,1,youtube_suggest,2026-09-13 00:19:29.059200
139,Golden Silk Weaving Engine,181,47,corn maze blesiv,32.75,0.125,3,1,youtube_suggest,2026-09-13 00:19:29.059910
139,Golden Silk Weaving Engine,181,48,corn maze edmonton,32.75,0.125,3,1,youtube_suggest,2026-09-13 00:19:29.060221
139,Golden Silk Weaving Engine,181,49,corn maze escape,32.75,0.125,3,1,youtube_suggest,2026-09-13 00:19:29.060519
139,Golden Silk Weaving Engine,181,50,corn maze fnaf,32.75,0.125,3,1,youtube_suggest,2026-09-13 00:19:29.064927
139,Golden Silk Weaving Engine,181,51,corn maze fortnite,32.75,0.125,3,1,youtube_suggest,2026-09-13 00:19:29.066314
139,Golden Silk Weaving Engine,181,52,corn maze funny,32.75,0.125,3,1,youtube_suggest,2026-09-13 00:19:29.066561
139,Golden Silk Weaving Engine,181,53,cornfield chase piano tutorial,26.0,0.0,4,1,youtube_suggest,2026-09-13 00:19:29.073174
139,Golden Silk Weaving Engine,181,54,weaver epoch knitting machine,26.0,0.0,4,1,youtube_suggest,2026-09-13 00:19:29.073371
139,Golden Silk Weaving Engine,181,55,cornfield chase piano,24.0,0.0,3,1,youtube_suggest,2026-09-13 00:19:29.073535
139,Golden Silk Weaving Engine,181,56,cornfield chase loop,24.0,0.0,3,1,youtube_suggest,2026-09-13 00:19:29.073666
139,Golden Silk Weaving Engine,181,57,cornfield chase interstellar,24.0,0.0,3,1,youtube_suggest,2026-09-13 00:19:29.073799
139,Golden Silk Weaving Engine,181,58,cornfield chase scene,24.0,0.0,3,1,youtube_suggest,2026-09-13 00:19:29.073927
139,Golden Silk Weaving Engine,181,59,cornfield chase organ,24.0,0.0,3,1,youtube_suggest,2026-09-13 00:19:29.074050
139,Golden Silk Weaving Engine,181,60,cornfield chase edit,24.0,0.0,3,1,youtube_suggest,2026-09-13 00:19:29.074174
140,The Infinite Cornfield Colossus,182,1,corn in corn field,54.0,0.4,4,1,youtube_suggest,2026-09-13 00:22:55.996080
140,The Infinite Cornfield Colossus,182,2,corn field blowing in the wind,50.0,0.2857,6,1,youtube_suggest,2026-09-13 00:22:55.996369
140,The Infinite Cornfield Colossus,182,3,clown in the corn field explained,50.0,0.2857,6,1,youtube_suggest,2026-09-13 00:22:55.996793
140,The Infinite Cornfield Colossus,182,4,corn field at night,49.33,0.3333,4,1,youtube_suggest,2026-09-13 00:22:55.997112
140,The Infinite Cornfield Colossus,182,5,corn field background video,49.33,0.3333,4,1,youtube_suggest,2026-09-13 00:22:55.997513
140,The Infinite Cornfield Colossus,182,6,clown in the corn field explained in hindi,47.5,0.25,8,1,youtube_suggest,2026-09-13 00:22:55.997829
140,The Infinite Cornfield Colossus,182,7,corn field song,47.33,0.3333,3,1,youtube_suggest,2026-09-13 00:22:55.998270
140,The Infinite Cornfield Colossus,182,8,corn field fire,47.33,0.3333,3,1,youtube_suggest,2026-09-13 00:22:55.998484
140,The Infinite Cornfield Colossus,182,9,corn field ambience,47.33,0.3333,3,1,youtube_suggest,2026-09-13 00:22:55.998695
140,The Infinite Cornfield Colossus,182,10,corn field interstellar,47.33,0.3333,3,1,youtube_suggest,2026-09-13 00:22:55.998842
140,The Infinite Cornfield Colossus,182,11,corn field piano,47.33,0.3333,3,1,youtube_suggest,2026-09-13 00:22:55.999002
140,The Infinite Cornfield Colossus,182,12,corn field maze,47.33,0.3333,3,1,youtube_suggest,2026-09-13 00:22:55.999537
140,The Infinite Cornfield Colossus,182,13,corn field asmr,47.33,0.3333,3,1,youtube_suggest,2026-09-13 00:22:55.999788
140,The Infinite Cornfield Colossus,182,14,corn field akbar,47.33,0.3333,3,1,youtube_suggest,2026-09-13 00:22:55.999932
140,The Infinite Cornfield Colossus,182,15,corn field animation,47.33,0.3333,3,1,youtube_suggest,2026-09-13 00:22:56.000080
140,The Infinite Cornfield Colossus,182,16,apocalypto corn field,47.33,0.3333,3,1,youtube_suggest,2026-09-13 00:22:56.000220
140,The Infinite Cornfield Colossus,182,17,corn field background,47.33,0.3333,3,1,youtube_suggest,2026-09-13 00:22:56.000351
140,The Infinite Cornfield Colossus,182,18,corn field baseball,47.33,0.3333,3,1,youtube_suggest,2026-09-13 00:22:56.000603
140,The Infinite Cornfield Colossus,182,19,corn field bgm,47.33,0.3333,3,1,youtube_suggest,2026-09-13 00:22:56.000842
140,The Infinite Cornfield Colossus,182,20,corn field drawing,47.33,0.3333,3,1,youtube_suggest,2026-09-13 00:22:56.001040
140,The Infinite Cornfield Colossus,182,21,corn field drone,47.33,0.3333,3,1,youtube_suggest,2026-09-13 00:22:56.001224
140,The Infinite Cornfield Colossus,182,22,corn field documentary,47.33,0.3333,3,1,youtube_suggest,2026-09-13 00:22:56.001421
140,The Infinite Cornfield Colossus,182,23,corn field footage,47.33,0.3333,3,1,youtube_suggest,2026-09-13 00:22:56.001609
140,The Infinite Cornfield Colossus,182,24,corn field farming,47.33,0.3333,3,1,youtube_suggest,2026-09-13 00:22:56.001789
140,The Infinite Cornfield Colossus,182,25,corn field machine,47.33,0.3333,3,1,youtube_suggest,2026-09-13 00:22:56.001964
140,The Infinite Cornfield Colossus,182,26,corn field duck hunting,46.0,0.2857,4,1,youtube_suggest,2026-09-13 00:22:56.002144
140,The Infinite Cornfield Colossus,182,27,corn field goose hunt,46.0,0.2857,4,1,youtube_suggest,2026-09-13 00:22:56.002691
140,The Infinite Cornfield Colossus,182,28,corn field acrylic painting,46.0,0.2857,4,1,youtube_suggest,2026-09-13 00:22:56.002920
140,The Infinite Cornfield Colossus,182,29,corn field coyote hunting,46.0,0.2857,4,1,youtube_suggest,2026-09-13 00:22:56.003108
140,The Infinite Cornfield Colossus,182,30,corn field dove hunting,46.0,0.2857,4,1,youtube_suggest,2026-09-13 00:22:56.003285
140,The Infinite Cornfield Colossus,182,31,corn field deer hunting,46.0,0.2857,4,1,youtube_suggest,2026-09-13 00:22:56.003486
140,The Infinite Cornfield Colossus,182,32,corn field drone footage,46.0,0.2857,4,1,youtube_suggest,2026-09-13 00:22:56.003669
140,The Infinite Cornfield Colossus,182,33,corn field fire emergency,46.0,0.2857,4,1,youtube_suggest,2026-09-13 00:22:56.003846
140,The Infinite Cornfield Colossus,182,34,corn field sound effect,46.0,0.2857,4,1,youtube_suggest,2026-09-13 00:22:56.004024
140,The Infinite Cornfield Colossus,182,35,corn field full movie,46.0,0.2857,4,1,youtube_suggest,2026-09-13 00:22:56.004214
140,The Infinite Cornfield Colossus,182,36,corn field dirt bike track,45.5,0.25,5,1,youtube_suggest,2026-09-13 00:22:56.004404
140,The Infinite Cornfield Colossus,182,37,colossus 2 shadow of the colossus,41.67,0.1667,6,1,youtube_suggest,2026-09-13 00:22:56.004664
140,The Infinite Cornfield Colossus,182,38,colossus 3 shadow of the colossus,41.67,0.1667,6,1,youtube_suggest,2026-09-13 00:22:56.004934
140,The Infinite Cornfield Colossus,182,39,colossus 12 shadow of the colossus,41.67,0.1667,6,1,youtube_suggest,2026-09-13 00:22:56.005127
140,The Infinite Cornfield Colossus,182,40,colossus 13 shadow of the colossus,41.67,0.1667,6,1,youtube_suggest,2026-09-13 00:22:56.005307
140,The Infinite Cornfield Colossus,182,41,flying colossus shadow of the colossus,40.0,0.1429,6,1,youtube_suggest,2026-09-13 00:22:56.005502
140,The Infinite Cornfield Colossus,182,42,it fears the flames shadow of colossus,38.75,0.125,7,1,youtube_suggest,2026-09-13 00:22:56.005677
140,The Infinite Cornfield Colossus,182,43,the final secret in shadow of the colossus,38.75,0.125,8,1,youtube_suggest,2026-09-13 00:22:56.006029
140,The Infinite Cornfield Colossus,182,44,the forbidden lands shadow of the colossus,38.75,0.125,7,1,youtube_suggest,2026-09-13 00:22:56.006244
140,The Infinite Cornfield Colossus,182,45,the colossus of rhodes trailer,38.0,0.1429,5,1,youtube_suggest,2026-09-13 00:22:56.006442
140,The Infinite Cornfield Colossus,182,46,corn field,38.0,0.4,2,0,youtube_suggest,2026-09-13 00:22:56.006628
140,The Infinite Cornfield Colossus,182,47,the fall of colossus,37.67,0.1667,4,1,youtube_suggest,2026-09-13 00:22:56.006819
140,The Infinite Cornfield Colossus,182,48,the fledgling colossus wow quest,36.75,0.125,5,1,youtube_suggest,2026-09-13 00:22:56.007001
140,The Infinite Cornfield Colossus,182,49,colossus the forbin project ost,36.75,0.125,5,1,youtube_suggest,2026-09-13 00:22:56.007239
140,The Infinite Cornfield Colossus,182,50,colossus the forbin project speech,36.75,0.125,5,1,youtube_suggest,2026-09-13 00:22:56.007449
140,The Infinite Cornfield Colossus,182,51,colossus time and eternal,36.0,0.1429,4,1,youtube_suggest,2026-09-13 00:22:56.007645
140,The Infinite Cornfield Colossus,182,52,colossus of pyro afterimage,36.0,0.1429,4,1,youtube_suggest,2026-09-13 00:22:56.007832
140,The Infinite Cornfield Colossus,182,53,corn maze at night,36.0,0.1429,4,1,youtube_suggest,2026-09-13 00:22:56.008012
140,The Infinite Cornfield Colossus,182,54,corn maze el paso,36.0,0.1429,4,1,youtube_suggest,2026-09-13 00:22:56.008205
140,The Infinite Cornfield Colossus,182,55,corn maze fnaf vr,36.0,0.1429,4,1,youtube_suggest,2026-09-13 00:22:56.008381
140,The Infinite Cornfield Colossus,182,56,corn maze fnaf help wanted,35.78,0.1111,5,1,youtube_suggest,2026-09-13 00:22:56.008623
140,The Infinite Cornfield Colossus,182,57,the infinite corridor,35.67,0.1667,3,1,youtube_suggest,2026-09-13 00:22:56.008883
140,The Infinite Cornfield Colossus,182,58,the infinite goliath,35.67,0.1667,3,1,youtube_suggest,2026-09-13 00:22:56.009207
140,The Infinite Cornfield Colossus,182,59,colossus forbin project ending,34.75,0.125,4,1,youtube_suggest,2026-09-13 00:22:56.009422
140,The Infinite Cornfield Colossus,182,60,corn maze aesop rock,34.75,0.125,4,1,youtube_suggest,2026-09-13 00:22:56.009596
