Idea_ID,Idea_Title,SEO_Run_ID,Search_Query,Competitor_Title,Channel,Video_ID,URL,View_Count,Duration_Seconds,Similarity,Level,Is_Strong,Discovered_At
1,Rice Titan Harvester,1,Rice Titan Harvester,Rice combine harvester,Alex Feng,,https://www.youtube.com/watch?v=Ulv_J5H3w5Q,47,,0.5,CLOSE,0,2026-08-25 10:52:06.190710
1,Rice Titan Harvester,1,Rice Titan Harvester,Rice combine harvester,Alex Feng,,https://www.youtube.com/watch?v=fNMxJxLaGWw,62,,0.5,CLOSE,0,2026-08-25 10:52:06.192787
1,Rice Titan Harvester,1,Rice Titan Harvester,4G120 rice  harvester 0001,Wendy Zhang,,https://www.youtube.com/watch?v=7rA7Hjs3nw4,551,,0.4,CLOSE,0,2026-08-25 10:52:06.187707
1,Rice Titan Harvester,1,Rice Titan Harvester,AGRIUNOIN Rice combine harvester,Alex Feng,,https://www.youtube.com/watch?v=VlVwhRgQgeU,158,,0.4,CLOSE,0,2026-08-25 10:52:06.192127
1,Rice Titan Harvester,1,Rice Titan Harvester,"Homemade 1909 International Harvester Titan ""Replica""",eSPeeScotty,,https://www.youtube.com/watch?v=gKZir35Afng,581,,0.2857,SUBSTITUTE,0,2026-08-25 10:52:06.191257
1,Rice Titan Harvester,1,Rice Titan Harvester,JD 7720 titan trillando arroz,Osvaldo Bojorquez,,https://www.youtube.com/watch?v=cPsaY-eLo00,2110,,0.1667,SUBSTITUTE,0,2026-08-25 10:52:06.188708
1,Rice Titan Harvester,1,Rice Titan Harvester,Rice Harvesting using Machine,Trending Videos,,https://www.youtube.com/watch?v=nWEtw6c_keM,3,,0.1667,SUBSTITUTE,0,2026-08-25 10:52:06.192127
1,Rice Titan Harvester,1,Rice Titan Harvester,Amazing Kubota DC108X Combine Harvester in Action  Expert Operator Skills & Rice Harvesting,Machine TV Cambodia,,https://www.youtube.com/watch?v=6pKqTZoKfDQ,7663,,0.1667,SUBSTITUTE,0,2026-08-25 10:52:06.194788
1,Rice Titan Harvester,1,Rice Titan Harvester,JD 8820 Titan II Wheat Harvest 2011,KSdeerefarmboy,,https://www.youtube.com/watch?v=Ax0jU6AOU1E,1114,,0.1429,SUBSTITUTE,0,2026-08-25 10:52:06.189707
1,Rice Titan Harvester,1,Rice Titan Harvester,"John Deere X9  - 1450 , largest Combine Harvester , in 4K",Norbert Schindhelm,,https://www.youtube.com/watch?v=SNKWRB1-5pA,15768868,,0.125,SUBSTITUTE,1,2026-08-25 10:52:06.192787
1,Rice Titan Harvester,1,Rice Titan Harvester,DO-IT – Farmer harvesting organic Basmati rice in India,DO IT Organic,,https://www.youtube.com/watch?v=OuInpXWh4AM,38724,,0.125,SUBSTITUTE,0,2026-08-25 10:52:06.196803
1,Rice Titan Harvester,1,Rice Titan Harvester,Vishal marlin Trac Titan Booking started. 9500056592,Bala Vishal Marlin DEALER ATTUR ,,https://www.youtube.com/watch?v=G6XNb1D0fYw,1011,,0.1111,IRRELEVANT,0,2026-08-25 10:52:06.189707
1,Rice Titan Harvester,1,Rice Titan Harvester,Amazing Rice Growing process in the Philippines from Seed to Table!,Global Lens,,https://www.youtube.com/watch?v=4dxzlspJ1eg,103245,,0.1111,IRRELEVANT,1,2026-08-25 10:52:06.193786
1,Rice Titan Harvester,1,Rice Titan Harvester,How Tons of Rice Harvested & Processed | Modern Rice Agriculture Technology,Wondastic Tech,,https://www.youtube.com/watch?v=kT1R7Hkps5M,764820,,0.1111,IRRELEVANT,1,2026-08-25 10:52:06.195787
1,Rice Titan Harvester,1,Rice Titan Harvester,Preet Combine Harvester and Sonalika 60 Rx Tractor with Full Size Trailer,Pramod`s Life,,https://www.youtube.com/watch?v=RH-Qa4DI7k0,72615771,,0.1,IRRELEVANT,1,2026-08-25 10:52:06.192787
1,Rice Titan Harvester,1,Rice Titan Harvester,Farming Documentary | How Taiwan Farmers Harvest Rice: Rice Planting & Processing Factory,Titan Tractors,,https://www.youtube.com/watch?v=BjZUuLAuIFY,28,,0.0909,IRRELEVANT,0,2026-08-25 10:52:06.191770
1,Rice Titan Harvester,1,Rice Titan Harvester,"How To Harvest Upland Sticky Rice - Bring Upland Rice Go To Market Sell, Free Bushcraft",Phương - Free Bushcraft,,https://www.youtube.com/watch?v=kcIzl8Lb864,2466172,,0.0909,IRRELEVANT,1,2026-08-25 10:52:06.194788
1,Rice Titan Harvester,1,Rice Titan Harvester,2025 New Model Gam Harvester Boro Paddy Cutting Work | Harvester Machine,Assam Vehicle Channel ,,https://www.youtube.com/watch?v=5itpJAWmPCA,247667,,0.0833,IRRELEVANT,1,2026-08-25 10:52:06.193786
1,Rice Titan Harvester,1,Rice Titan Harvester,How Taiwan Farmers Plant and Harvest Rice to a New Level | Most Satisfying Agriculture Technology,AhTech,,https://www.youtube.com/watch?v=BETc5iM9iYk,1755901,,0.0769,IRRELEVANT,1,2026-08-25 10:52:06.192787
1,Rice Titan Harvester,1,Rice Titan Harvester,"Full Moon, Fragrance of Ripe Rice, Farmers Busy Harvesting Crops | Liziqi Channel",李子柒 Liziqi,,https://www.youtube.com/watch?v=xSDMTIe90AY,43503276,,0.0769,IRRELEVANT,1,2026-08-25 10:52:06.195787
1,Rice Titan Harvester,1,Rice Titan Harvester,THE LIZARD COLOSSUS PACK - Farming Simulator 25,Farmer Cop,,https://www.youtube.com/watch?v=tHMpHOjmcCM,26477,,0.0,IRRELEVANT,0,2026-08-25 10:52:06.186702
1,Rice Titan Harvester,1,Rice Titan Harvester,Why You Should Swath EVERY FIELD YOU CAN! | Farming Simulator 25,DjGoHam Gaming,,https://www.youtube.com/watch?v=nAjmKNb2jhY,29777,,0.0,IRRELEVANT,0,2026-08-25 10:52:06.188708
1,Rice Titan Harvester,1,Rice Titan Harvester,Traditional Paddy Harvesting  Season 24 August. 2026.,LEIANG PHOM,,https://www.youtube.com/watch?v=ri1AvY2tAfw,980,,0.0,IRRELEVANT,0,2026-08-25 10:52:06.192787
1,Rice Titan Harvester,1,Rice Titan Harvester,First Day out with the NEW Combine | Claas Lexion 8900 vs 780 | Seed Wheat Harvest '24 - KMWP Farms,Tractorspotter,,https://www.youtube.com/watch?v=7_dJHRmruHU,1353736,,0.0,IRRELEVANT,1,2026-08-25 10:52:06.193786
1,Rice Titan Harvester,1,Rice Titan Harvester,How to draw a scenery of cultivation Step by step (very easy) || Art video,Farjana Drawing Academy,,https://www.youtube.com/watch?v=IxRge0xg2MA,848738,,0.0,IRRELEVANT,1,2026-08-25 10:52:06.196803
1,Rice Titan Harvester,1,Rice Titan Harvester,How to draw a Crops / Paddy Harvesting Scenery easy || pencil sketch || VJB Drawing Place,VJB Drawing,,https://www.youtube.com/watch?v=HCiR7Q9arjs,1723,,0.0,IRRELEVANT,0,2026-08-25 10:52:06.197799
1,Rice Titan Harvester,1,Rice Titan Harvester,Paddy Field With Farmer Scenery Drawing Easy | Cultivation Scenery Drawing | Village Farmer Drawing,Jharna Art Gallery,,https://www.youtube.com/watch?v=65PF2ameQ8I,149486,,0.0,IRRELEVANT,1,2026-08-25 10:52:06.197799
1,Rice Titan Harvester,1,Rice Titan Harvester,Watercolor Painting : A Composition on Farmers Harvesting Paddy,Paint Academy,,https://www.youtube.com/watch?v=Jl8o8389jf8,3585,,0.0,IRRELEVANT,0,2026-08-25 10:52:06.198808
1,Rice Titan Harvester,1,Rice Titan Harvester,agriculture drawing of farmer working in the field,Bhutnath Painting Academy,,https://www.youtube.com/watch?v=AX64QWgWJTU,291806,,0.0,IRRELEVANT,1,2026-08-25 10:52:06.198808
1,Rice Titan Harvester,1,Rice Titan Harvester,Farmers harvesting paddy on field || ধান কাটার দৃশ্য,Rafiq Art & Craft,,https://www.youtube.com/watch?v=pL4cMQ1Sg0w,123,,0.0,IRRELEVANT,0,2026-08-25 10:52:06.199797
1,Rice Titan Harvester,1,Rice Titan Harvester,How to draw the scenery of farmers harvesting paddy on fields|agriculture drawing easy steps,Honey Bee Arts,,https://www.youtube.com/watch?v=sixHBVcrLnI,40074,,0.0,IRRELEVANT,0,2026-08-25 10:52:06.199797
1,Rice Titan Harvester,1,Rice Titan Harvester,Realistic watercolor painting. Scenery drawing. Paddy harvesting painting #easy #drawing #art,Mubarak Art Gallery BD,,https://www.youtube.com/watch?v=YmDISaZA4lg,51,,0.0,IRRELEVANT,0,2026-08-25 10:52:06.200795
1,Rice Titan Harvester,1,Rice Titan Harvester,How to Paint A Village Scene where farmers harvesting Paddy on field | step by step |,Paint with DAVID,,https://www.youtube.com/watch?v=WZ-Er1SrWFM,689,,0.0,IRRELEVANT,0,2026-08-25 10:52:06.200795
1,Rice Titan Harvester,1,Rice Titan Harvester,"Paddy field with farmer scenery drawing| Village scenery drawing|Tree, bird,sun, House  drawing",It's Easy to draw,,https://www.youtube.com/watch?v=Ip3Mm1TIrtE,830709,,0.0,IRRELEVANT,1,2026-08-25 10:52:06.201801
1,Rice Titan Harvester,1,Rice Titan Harvester,Paddy Field With Farmer Scenery drawing easy| Village Landscape Scenery drawing easy| Winter Scenery,It's Easy to draw,,https://www.youtube.com/watch?v=kLB-8oDq5_o,195279,,0.0,IRRELEVANT,1,2026-08-25 10:52:06.201801
1,Rice Titan Harvester,1,Rice Titan Harvester,How to draw late autumn season//paddy harvesting scenary step by step,RAFA DRAWING ACADEMY ,,https://www.youtube.com/watch?v=-Z4IrAneK-Y,7,,0.0,IRRELEVANT,0,2026-08-25 10:52:06.202791
2,The Paddy Ocean Vacuum,2,Paddy Harvesting machine,Mini combine harvester I Rice harvester I Mini harvester I Paddy harvester I Kym harvester,Blue Chemp,,https://www.youtube.com/watch?v=4eM6CXpGnpM,367657,,0.125,SUBSTITUTE,1,2026-08-25 15:01:28.995371
2,The Paddy Ocean Vacuum,2,Paddy Harvesting machine,Manual paddy rice harvester made in Japan,Japan Agri Trading,,https://www.youtube.com/watch?v=1s024AKMntM,41274,,0.125,SUBSTITUTE,0,2026-08-25 15:01:28.997370
2,The Paddy Ocean Vacuum,2,Paddy Harvesting machine,Mini combine harvester I Paddy harvester machine I Dhan katne ki machine,Blue Chemp,,https://www.youtube.com/watch?v=dM9Kp0SvScs,22531,,0.1111,IRRELEVANT,0,2026-08-25 15:01:28.994372
2,The Paddy Ocean Vacuum,2,Paddy Harvesting machine,Mini Harvester machine testing in wheat field I Mini harvester I japani harvester I paddy harvester,Blue Chemp,,https://www.youtube.com/watch?v=nBM24H2z9Vg,490992,,0.1,IRRELEVANT,1,2026-08-25 15:01:28.994372
2,The Paddy Ocean Vacuum,2,Paddy Harvesting machine,Driverless REAPER BINDER MACHINE Harvesting Paddy / Rice | Automatic Mini Reaper Binder Machine,AgriBasket Tools,,https://www.youtube.com/watch?v=B19D_qjqds4,2811058,,0.0909,IRRELEVANT,1,2026-08-25 15:01:28.995371
2,The Paddy Ocean Vacuum,2,Paddy Harvesting machine,2025 New Model Gam Harvester Boro Paddy Cutting Work | Harvester Machine,Assam Vehicle Channel ,,https://www.youtube.com/watch?v=5itpJAWmPCA,247869,,0.0833,IRRELEVANT,1,2026-08-25 15:01:28.993370
2,The Paddy Ocean Vacuum,2,Paddy Harvesting machine,जापानी मिनी हार्वेस्टर II Kubota mini harvester,Blue Chemp,,https://www.youtube.com/watch?v=sGS_IbJyCdI,234404,,0.0,IRRELEVANT,1,2026-08-25 15:01:28.994372
2,The Paddy Ocean Vacuum,2,Paddy Harvesting machine,First Day out with the NEW Combine | Claas Lexion 8900 vs 780 | Seed Wheat Harvest '24 - KMWP Farms,Tractorspotter,,https://www.youtube.com/watch?v=7_dJHRmruHU,1353950,,0.0,IRRELEVANT,1,2026-08-25 15:01:28.994372
2,The Paddy Ocean Vacuum,2,Paddy Harvesting machine,4GK90 Rice reaper binder,"Yancheng Xinmingyue Machinery Manufacture Co., Ltd",,https://www.youtube.com/watch?v=djVrCmV6RxE,1019225,,0.0,IRRELEVANT,1,2026-08-25 15:01:28.995371
2,The Paddy Ocean Vacuum,2,Paddy Harvesting machine,"Mini Rice Harvester Machine 01792772477,01788803336",USA DIY,,https://www.youtube.com/watch?v=q56qorkhDyM,383040,,0.0,IRRELEVANT,1,2026-08-25 15:01:28.995371
2,The Paddy Ocean Vacuum,2,Paddy Harvesting machine,Yanmar Aw 70 Gv harvester working | New model harvester machine ||,JCB Babul,,https://www.youtube.com/watch?v=1s5evqmTR3c,874798,,0.0,IRRELEVANT,1,2026-08-25 15:01:28.995371
2,The Paddy Ocean Vacuum,2,Paddy Harvesting machine,Awesome Rice Harvester Working Skills Machine | Technology Agriculture Crop Machine Equipment,Tractor Cambodia,,https://www.youtube.com/watch?v=hfG1btm3e1g,3502332,,0.0,IRRELEVANT,1,2026-08-25 15:01:28.995371
2,The Paddy Ocean Vacuum,2,Paddy Harvesting machine,TAGRM 4LZ-1.2 Small rice/wheat combine harvester,cfh080 的频道,,https://www.youtube.com/watch?v=yVkdSKOWlmQ,28912,,0.0,IRRELEVANT,0,2026-08-25 15:01:28.996369
2,The Paddy Ocean Vacuum,2,Paddy Harvesting machine,Modern Agriculture Machines on Another Level – Farmers Reap Millions Tons in Massive Harvests,Agriculture Insight,,https://www.youtube.com/watch?v=N-BpKLHSYE4,5439816,,0.0,IRRELEVANT,1,2026-08-25 15:01:28.996369
2,The Paddy Ocean Vacuum,2,Paddy Harvesting machine,Yanmar YH 700 Full Feed Combine Harvester - Combine Harvester Demo - Agri Tools,Agri Tools,,https://www.youtube.com/watch?v=hcup6mAU5aU,1110339,,0.0,IRRELEVANT,1,2026-08-25 15:01:28.996369
2,The Paddy Ocean Vacuum,2,Paddy Harvesting machine,Skilled Farmers & Kubota Harvester  Amazing Rice Cutting Action,Machine TV Cambodia,,https://www.youtube.com/watch?v=d-TJk-cWieE,1438,,0.0,IRRELEVANT,0,2026-08-25 15:01:28.996369
2,The Paddy Ocean Vacuum,2,Paddy Harvesting machine,How Taiwan Farmers Plant and Harvest Rice to a New Level | Most Satisfying Agriculture Technology,AhTech,,https://www.youtube.com/watch?v=BETc5iM9iYk,1756491,,0.0,IRRELEVANT,1,2026-08-25 15:01:28.996369
2,The Paddy Ocean Vacuum,2,Paddy Harvesting machine,Amazing Agriculture Machines Operating At An INSANE LEVEL,WOW Tech,,https://www.youtube.com/watch?v=K105xluiB8s,5705496,,0.0,IRRELEVANT,1,2026-08-25 15:01:28.996369
2,The Paddy Ocean Vacuum,2,Paddy Harvesting machine,Japanese Rice Harvesting Technology Amazing Rice Agriculture Technology in Japan Modern Rice Farming,Complete Agriculture,,https://www.youtube.com/watch?v=32s_qirzcok,3080447,,0.0,IRRELEVANT,1,2026-08-25 15:01:28.997370
2,The Paddy Ocean Vacuum,2,Paddy Harvesting machine,Amazing Kubota DC108X Combine Harvester in Action  Expert Operator Skills & Rice Harvesting,Machine TV Cambodia,,https://www.youtube.com/watch?v=6pKqTZoKfDQ,8478,,0.0,IRRELEVANT,0,2026-08-25 15:01:28.997370
2,The Paddy Ocean Vacuum,2,Paddy Harvesting machine,How American Farmers Harvest 9.97 Million Tons of Rice by Machine | Farming Documentary,Sprout Garden,,https://www.youtube.com/watch?v=3OHH9gSgnzs,396517,,0.0,IRRELEVANT,1,2026-08-25 15:01:28.997370
2,The Paddy Ocean Vacuum,2,Paddy Harvesting machine,Amazing Rice Harvester in Japan,Nagano Vlog,,https://www.youtube.com/watch?v=iAFYMGEBbhI,7955060,,0.0,IRRELEVANT,1,2026-08-25 15:01:28.997370
2,The Paddy Ocean Vacuum,2,Paddy Harvesting machine,Kubota Combine Harvester DR6130SX specification work scene,西川ライス Nishikawa Rice,,https://www.youtube.com/watch?v=DnE3XdgWZmQ,817185,,0.0,IRRELEVANT,1,2026-08-25 15:01:28.997370
2,The Paddy Ocean Vacuum,2,Paddy Harvesting machine,"007 🔥 Iseki 6123, 6-row, 123 horsepower Japanese rice harvester",Farm Machinery Reviews,,https://www.youtube.com/watch?v=I8PuqB-ytWM,5842,,0.0,IRRELEVANT,0,2026-08-25 15:01:28.998369
2,The Paddy Ocean Vacuum,2,Paddy Harvesting machine,"Kubota combine harvester, import from Japan rice cutting machine | farming machine",Punjab village Tractors,,https://www.youtube.com/watch?v=Hlm4XBTnW8w,3228032,,0.0,IRRELEVANT,1,2026-08-25 15:01:28.998369
2,The Paddy Ocean Vacuum,2,Paddy Harvesting machine,yanmar combine harvester in japan I Half feed mini combine harvester I Yanmar harvester machine,Blue Chemp,,https://www.youtube.com/watch?v=G4ed2W-p9WE,3953,,0.0,IRRELEVANT,0,2026-08-25 15:01:28.998369
2,The Paddy Ocean Vacuum,2,Paddy Harvesting machine,2015 稲刈り　Japanese harvesting of the rice,SHIO Channel,,https://www.youtube.com/watch?v=BHJzzUvd2vA,7430110,,0.0,IRRELEVANT,1,2026-08-25 15:01:28.998369
3,Rice-Field Spider Colossus,3,Rice-Field Spider Colossus,DIY | Planting Mini Rice Field with Spider-Man | Toy Tractor Farming Build #minitractor,vk crietion shorts ,,https://www.youtube.com/watch?v=-PQpJ-Y8CsU,476,,0.2308,SUBSTITUTE,0,2026-08-27 16:41:33.693198
3,Rice-Field Spider Colossus,3,Rice-Field Spider Colossus,🇮🇩 is RUTENG INDONESIA worth visiting? (Ruteng Hobbit Cave & Spider Web Rice Fields!),Jordan and Emily,,https://www.youtube.com/watch?v=ZN6HM2C6mD4,9998,,0.1667,SUBSTITUTE,0,2026-08-27 16:41:33.693198
3,Rice-Field Spider Colossus,3,Rice-Field Spider Colossus,My Power Tiller Going To Puddling In Deep Mud || Rice Field Preparation For Rainy Season ||,Farming Area,,https://www.youtube.com/watch?v=4oy0G1BMfC4,1192727,,0.1538,SUBSTITUTE,1,2026-08-27 16:41:33.693198
3,Rice-Field Spider Colossus,3,Rice-Field Spider Colossus,Xplore Flores – Episode 5: Spider Web Rice Fields (Lingko) | Ruteng's Most Unique Landscape,Trails of Eurasia TV,,https://www.youtube.com/watch?v=F5ybG-WVwIs,11,,0.1429,SUBSTITUTE,0,2026-08-27 16:41:33.691188
3,Rice-Field Spider Colossus,3,Rice-Field Spider Colossus,"Gentle Rain on a Peaceful Rice Field Hut | Relaxing Nature Sounds for Sleep, Study & Meditation ",Said Nature,,https://www.youtube.com/watch?v=G2zSFsdFEUE,57,,0.1429,SUBSTITUTE,0,2026-08-27 16:41:33.694190
3,Rice-Field Spider Colossus,3,Rice-Field Spider Colossus,agriculture drawing of farmer working in the field,Bhutnath Painting Academy,,https://www.youtube.com/watch?v=AX64QWgWJTU,292070,,0.125,SUBSTITUTE,1,2026-08-27 16:41:33.702188
3,Rice-Field Spider Colossus,3,Rice-Field Spider Colossus,DO-IT – Farmer harvesting organic Basmati rice in India,DO IT Organic,,https://www.youtube.com/watch?v=OuInpXWh4AM,38763,,0.1111,IRRELEVANT,0,2026-08-27 16:41:33.697190
3,Rice-Field Spider Colossus,3,Rice-Field Spider Colossus,River crabs enrich rice fields in northeast China,South China Morning Post,,https://www.youtube.com/watch?v=IF6Rtnm961k,168222,,0.1,IRRELEVANT,1,2026-08-27 16:41:33.692203
3,Rice-Field Spider Colossus,3,Rice-Field Spider Colossus,"Combine harvester: Rice harvesting, threshing, packing together(ধান কাটা,মাড়াই,বস্তাবন্দি একসাথে)",Techgen Engineering Ltd,,https://www.youtube.com/watch?v=jQNPYExRuOY,251717,,0.1,IRRELEVANT,1,2026-08-27 16:41:33.700187
3,Rice-Field Spider Colossus,3,Rice-Field Spider Colossus,How Tons of Rice Harvested & Processed | Modern Rice Agriculture Technology,Wondastic Tech,,https://www.youtube.com/watch?v=kT1R7Hkps5M,765222,,0.1,IRRELEVANT,1,2026-08-27 16:41:33.700187
3,Rice-Field Spider Colossus,3,Rice-Field Spider Colossus,Bangladeshi Farmers Harvesting Paddy 🌾 |Modern Rice Farming with Harvester,Stay with Maruf,,https://www.youtube.com/watch?v=OZyeOmeNJUA,199,,0.0909,IRRELEVANT,0,2026-08-27 16:41:33.696196
3,Rice-Field Spider Colossus,3,Rice-Field Spider Colossus,Paddy Field With Farmer Scenery Drawing Easy | Cultivation Scenery Drawing | Village Farmer Drawing,Jharna Art Gallery,,https://www.youtube.com/watch?v=65PF2ameQ8I,150159,,0.0909,IRRELEVANT,1,2026-08-27 16:41:33.701188
3,Rice-Field Spider Colossus,3,Rice-Field Spider Colossus,How Taiwan Farmers Harvest Rice - Rice Planting and Harvesting Process | Farming Documentary,Sprout Garden,,https://www.youtube.com/watch?v=vi1JFOInKrI,1071068,,0.0833,IRRELEVANT,1,2026-08-27 16:41:33.698188
3,Rice-Field Spider Colossus,3,Rice-Field Spider Colossus,"How To Harvest Upland Sticky Rice - Bring Upland Rice Go To Market Sell, Free Bushcraft",Phương - Free Bushcraft,,https://www.youtube.com/watch?v=kcIzl8Lb864,2467658,,0.0833,IRRELEVANT,1,2026-08-27 16:41:33.698188
3,Rice-Field Spider Colossus,3,Rice-Field Spider Colossus,Driverless REAPER BINDER MACHINE Harvesting Paddy / Rice | Automatic Mini Reaper Binder Machine,AgriBasket Tools,,https://www.youtube.com/watch?v=B19D_qjqds4,2832238,,0.0833,IRRELEVANT,1,2026-08-27 16:41:33.699187
3,Rice-Field Spider Colossus,3,Rice-Field Spider Colossus,Paddy Field With Farmer Scenery drawing easy| Village Landscape Scenery drawing easy| Winter Scenery,It's Easy to draw,,https://www.youtube.com/watch?v=kLB-8oDq5_o,198152,,0.0833,IRRELEVANT,1,2026-08-27 16:41:33.705189
3,Rice-Field Spider Colossus,3,Rice-Field Spider Colossus,How to Paint A Village Scene where farmers harvesting Paddy on field | step by step |,Paint with DAVID,,https://www.youtube.com/watch?v=WZ-Er1SrWFM,689,,0.0833,IRRELEVANT,0,2026-08-27 16:41:33.705189
3,Rice-Field Spider Colossus,3,Rice-Field Spider Colossus,No Man's Sky Remnant - All New SECRET Colossus Upgrades & How To Get Them All,KhrazeGaming,,https://www.youtube.com/watch?v=FxPwtWtvyMg,88446,,0.0769,IRRELEVANT,0,2026-08-27 16:41:33.690188
3,Rice-Field Spider Colossus,3,Rice-Field Spider Colossus,"Paddy field with farmer scenery drawing| Village scenery drawing|Tree, bird,sun, House  drawing",It's Easy to draw,,https://www.youtube.com/watch?v=Ip3Mm1TIrtE,831801,,0.0769,IRRELEVANT,1,2026-08-27 16:41:33.703190
3,Rice-Field Spider Colossus,3,Rice-Field Spider Colossus,How Taiwan Farmers Plant and Harvest Rice to a New Level | Most Satisfying Agriculture Technology,AhTech,,https://www.youtube.com/watch?v=BETc5iM9iYk,1760978,,0.0714,IRRELEVANT,1,2026-08-27 16:41:33.697190
3,Rice-Field Spider Colossus,3,Rice-Field Spider Colossus,"Full Moon, Fragrance of Ripe Rice, Farmers Busy Harvesting Crops | Liziqi Channel",李子柒 Liziqi,,https://www.youtube.com/watch?v=xSDMTIe90AY,43506274,,0.0714,IRRELEVANT,1,2026-08-27 16:41:33.697190
3,Rice-Field Spider Colossus,3,Rice-Field Spider Colossus,While going to prepare nursery for rainy season rice farming || Grassy land tilling by power tiller,Farming Area,,https://www.youtube.com/watch?v=MSV30LaucHU,7035290,,0.0625,IRRELEVANT,1,2026-08-27 16:41:33.694190
3,Rice-Field Spider Colossus,3,Rice-Field Spider Colossus,Giant Ramses II Statue Moved to Grand Egyptian Museum | National Geographic,National Geographic,,https://www.youtube.com/watch?v=UJG6w3uOumU,114703,,0.0,IRRELEVANT,1,2026-08-27 16:41:33.692203
3,Rice-Field Spider Colossus,3,Rice-Field Spider Colossus,"Amazing 😱 found albino crabs, snails, crickets, millipedes, larvae, german caterpillars",colorful,,https://www.youtube.com/watch?v=idj90nLyZRQ,3068,,0.0,IRRELEVANT,0,2026-08-27 16:41:33.695194
3,Rice-Field Spider Colossus,3,Rice-Field Spider Colossus,धान की फसल में सभी खरपतवारों का जड़ से सफाया Best Herbicide Combination for Paddy 100% Weed Control,Kisan Challengers ,,https://www.youtube.com/watch?v=pENgDOJdRxE,1481,,0.0,IRRELEVANT,0,2026-08-27 16:41:33.695194
3,Rice-Field Spider Colossus,3,Rice-Field Spider Colossus,[Viewer discretion advised] Do not watch this video... [The mysterious death of Haraeda Junko],たじゅくんch,,https://www.youtube.com/watch?v=E6LXEw48QyI,22,,0.0,IRRELEVANT,0,2026-08-27 16:41:33.696196
3,Rice-Field Spider Colossus,3,Rice-Field Spider Colossus,2025 New Model Gam Harvester Boro Paddy Cutting Work | Harvester Machine,Assam Vehicle Channel ,,https://www.youtube.com/watch?v=5itpJAWmPCA,249009,,0.0,IRRELEVANT,1,2026-08-27 16:41:33.696196
3,Rice-Field Spider Colossus,3,Rice-Field Spider Colossus,Preet Combine Harvester and Sonalika 60 Rx Tractor with Full Size Trailer,Pramod`s Life,,https://www.youtube.com/watch?v=RH-Qa4DI7k0,72623314,,0.0,IRRELEVANT,1,2026-08-27 16:41:33.699187
3,Rice-Field Spider Colossus,3,Rice-Field Spider Colossus,Amazing Kubota Mini Combine Harvester | Fast Paddy Cutting Machine | Mahindra Tractor,Raj Tractor,,https://www.youtube.com/watch?v=1lp31qi7Ou8,353899,,0.0,IRRELEVANT,1,2026-08-27 16:41:33.699187
3,Rice-Field Spider Colossus,3,Rice-Field Spider Colossus,How to draw a scenery of cultivation Step by step (very easy) || Art video,Farjana Drawing Academy,,https://www.youtube.com/watch?v=IxRge0xg2MA,849431,,0.0,IRRELEVANT,1,2026-08-27 16:41:33.700187
3,Rice-Field Spider Colossus,3,Rice-Field Spider Colossus,How to draw a Crops / Paddy Harvesting Scenery easy || pencil sketch || VJB Drawing Place,VJB Drawing,,https://www.youtube.com/watch?v=HCiR7Q9arjs,1723,,0.0,IRRELEVANT,0,2026-08-27 16:41:33.701188
3,Rice-Field Spider Colossus,3,Rice-Field Spider Colossus,how to draw the scenery of paddy harvesting | paddy harvesting drawing | village scenery drawing,mydrawing4u,,https://www.youtube.com/watch?v=X7VBECsIsbw,1634,,0.0,IRRELEVANT,0,2026-08-27 16:41:33.701188
3,Rice-Field Spider Colossus,3,Rice-Field Spider Colossus,Watercolor Painting : A Composition on Farmers Harvesting Paddy,Paint Academy,,https://www.youtube.com/watch?v=Jl8o8389jf8,3588,,0.0,IRRELEVANT,0,2026-08-27 16:41:33.702188
3,Rice-Field Spider Colossus,3,Rice-Field Spider Colossus,How to draw the scenery of farmers harvesting paddy on fields|agriculture drawing easy steps,Honey Bee Arts,,https://www.youtube.com/watch?v=sixHBVcrLnI,40100,,0.0,IRRELEVANT,0,2026-08-27 16:41:33.702188
3,Rice-Field Spider Colossus,3,Rice-Field Spider Colossus,Realistic watercolor painting. Scenery drawing. Paddy harvesting painting #easy #drawing #art,Mubarak Art Gallery BD,,https://www.youtube.com/watch?v=YmDISaZA4lg,51,,0.0,IRRELEVANT,0,2026-08-27 16:41:33.703190
3,Rice-Field Spider Colossus,3,Rice-Field Spider Colossus,How to Draw a Village Landscape where farmers harvesting paddy on fields | Episode- 12,Paint Academy,,https://www.youtube.com/watch?v=4NFfI_WgL6E,388311,,0.0,IRRELEVANT,1,2026-08-27 16:41:33.704191
4,The Monsoon Harvesting Ark,4,Paddy Harvesting,Paddy Harvesting in Kerala | Agriculture technology,Krishnajith K,,https://www.youtube.com/watch?v=xS8DqOftvwY,3961,,0.1429,SUBSTITUTE,0,2026-08-27 19:36:28.312523
4,The Monsoon Harvesting Ark,4,Paddy Harvesting,DO-IT – Farmer harvesting organic Basmati rice in India,DO IT Organic,,https://www.youtube.com/watch?v=OuInpXWh4AM,38764,,0.125,SUBSTITUTE,0,2026-08-27 19:36:28.311978
4,The Monsoon Harvesting Ark,4,Paddy Harvesting,how to draw the scenery of paddy harvesting | paddy harvesting drawing | village scenery drawing,mydrawing4u,,https://www.youtube.com/watch?v=X7VBECsIsbw,1634,,0.125,SUBSTITUTE,0,2026-08-27 19:36:28.316103
4,The Monsoon Harvesting Ark,4,Paddy Harvesting,Watercolor Painting : A Composition on Farmers Harvesting Paddy,Paint Academy,,https://www.youtube.com/watch?v=Jl8o8389jf8,3588,,0.125,SUBSTITUTE,0,2026-08-27 19:36:28.318641
4,The Monsoon Harvesting Ark,4,Paddy Harvesting,"Combine harvester: Rice harvesting, threshing, packing together(ধান কাটা,মাড়াই,বস্তাবন্দি একসাথে)",Techgen Engineering Ltd,,https://www.youtube.com/watch?v=jQNPYExRuOY,251778,,0.1111,IRRELEVANT,1,2026-08-27 19:36:28.312523
4,The Monsoon Harvesting Ark,4,Paddy Harvesting,Bangladeshi Farmers Harvesting Paddy 🌾 |Modern Rice Farming with Harvester,Stay with Maruf,,https://www.youtube.com/watch?v=OZyeOmeNJUA,199,,0.1,IRRELEVANT,0,2026-08-27 19:36:28.306770
4,The Monsoon Harvesting Ark,4,Paddy Harvesting,How Taiwan Farmers Harvest Rice - Rice Planting and Harvesting Process | Farming Documentary,Sprout Garden,,https://www.youtube.com/watch?v=vi1JFOInKrI,1071332,,0.0909,IRRELEVANT,1,2026-08-27 19:36:28.309228
4,The Monsoon Harvesting Ark,4,Paddy Harvesting,Driverless REAPER BINDER MACHINE Harvesting Paddy / Rice | Automatic Mini Reaper Binder Machine,AgriBasket Tools,,https://www.youtube.com/watch?v=B19D_qjqds4,2837192,,0.0909,IRRELEVANT,1,2026-08-27 19:36:28.312523
4,The Monsoon Harvesting Ark,4,Paddy Harvesting,Realistic watercolor painting. Scenery drawing. Paddy harvesting painting #easy #drawing #art,Mubarak Art Gallery BD,,https://www.youtube.com/watch?v=YmDISaZA4lg,51,,0.0909,IRRELEVANT,0,2026-08-27 19:36:28.316103
4,The Monsoon Harvesting Ark,4,Paddy Harvesting,How to Draw a Village Landscape where farmers harvesting paddy on fields | Episode- 12,Paint Academy,,https://www.youtube.com/watch?v=4NFfI_WgL6E,388314,,0.0909,IRRELEVANT,1,2026-08-27 19:36:28.318641
4,The Monsoon Harvesting Ark,4,Paddy Harvesting,How to draw the scenery of farmers harvesting paddy on fields|agriculture drawing easy steps,Honey Bee Arts,,https://www.youtube.com/watch?v=sixHBVcrLnI,40104,,0.0833,IRRELEVANT,0,2026-08-27 19:36:28.316103
4,The Monsoon Harvesting Ark,4,Paddy Harvesting,"Full Moon, Fragrance of Ripe Rice, Farmers Busy Harvesting Crops | Liziqi Channel",李子柒 Liziqi,,https://www.youtube.com/watch?v=xSDMTIe90AY,43506522,,0.0769,IRRELEVANT,1,2026-08-27 19:36:28.309771
4,The Monsoon Harvesting Ark,4,Paddy Harvesting,How to draw a Crops / Paddy Harvesting Scenery easy || pencil sketch || VJB Drawing Place,VJB Drawing,,https://www.youtube.com/watch?v=HCiR7Q9arjs,1723,,0.0769,IRRELEVANT,0,2026-08-27 19:36:28.316103
4,The Monsoon Harvesting Ark,4,Paddy Harvesting,How Taiwan Farmers Plant and Harvest Rice to a New Level | Most Satisfying Agriculture Technology,AhTech,,https://www.youtube.com/watch?v=BETc5iM9iYk,1761235,,0.0,IRRELEVANT,1,2026-08-27 19:36:28.307816
4,The Monsoon Harvesting Ark,4,Paddy Harvesting,2025 New Model Gam Harvester Boro Paddy Cutting Work | Harvester Machine,Assam Vehicle Channel ,,https://www.youtube.com/watch?v=5itpJAWmPCA,249139,,0.0,IRRELEVANT,1,2026-08-27 19:36:28.308746
4,The Monsoon Harvesting Ark,4,Paddy Harvesting,Remarkable Rice: how does rice grow,Eat Happy Project,,https://www.youtube.com/watch?v=kxAEiHCErSA,1472343,,0.0,IRRELEVANT,1,2026-08-27 19:36:28.309771
4,The Monsoon Harvesting Ark,4,Paddy Harvesting,"How To Harvest Upland Sticky Rice - Bring Upland Rice Go To Market Sell, Free Bushcraft",Phương - Free Bushcraft,,https://www.youtube.com/watch?v=kcIzl8Lb864,2467658,,0.0,IRRELEVANT,1,2026-08-27 19:36:28.309771
4,The Monsoon Harvesting Ark,4,Paddy Harvesting,Preet Combine Harvester and Sonalika 60 Rx Tractor with Full Size Trailer,Pramod`s Life,,https://www.youtube.com/watch?v=RH-Qa4DI7k0,72623767,,0.0,IRRELEVANT,1,2026-08-27 19:36:28.311429
4,The Monsoon Harvesting Ark,4,Paddy Harvesting,"How Rice is Made : Step by Step Growing Rice Paddy Farming, South India",The RubieVerse,,https://www.youtube.com/watch?v=qHIKRwYe3Cs,10674249,,0.0,IRRELEVANT,1,2026-08-27 19:36:28.311978
4,The Monsoon Harvesting Ark,4,Paddy Harvesting,How Tons of Rice Harvested & Processed | Modern Rice Agriculture Technology,Wondastic Tech,,https://www.youtube.com/watch?v=kT1R7Hkps5M,765308,,0.0,IRRELEVANT,1,2026-08-27 19:36:28.312523
4,The Monsoon Harvesting Ark,4,Paddy Harvesting,4GK90 Rice reaper binder,"Yancheng Xinmingyue Machinery Manufacture Co., Ltd",,https://www.youtube.com/watch?v=djVrCmV6RxE,1020629,,0.0,IRRELEVANT,1,2026-08-27 19:36:28.312523
4,The Monsoon Harvesting Ark,4,Paddy Harvesting,Amazing Kubota Mini Combine Harvester | Fast Paddy Cutting Machine | Mahindra Tractor,Raj Tractor,,https://www.youtube.com/watch?v=1lp31qi7Ou8,353899,,0.0,IRRELEVANT,1,2026-08-27 19:36:28.312523
4,The Monsoon Harvesting Ark,4,Paddy Harvesting,How to draw a scenery of cultivation Step by step (very easy) || Art video,Farjana Drawing Academy,,https://www.youtube.com/watch?v=IxRge0xg2MA,849470,,0.0,IRRELEVANT,1,2026-08-27 19:36:28.312523
4,The Monsoon Harvesting Ark,4,Paddy Harvesting,Paddy Field With Farmer Scenery Drawing Easy | Cultivation Scenery Drawing | Village Farmer Drawing,Jharna Art Gallery,,https://www.youtube.com/watch?v=65PF2ameQ8I,150190,,0.0,IRRELEVANT,1,2026-08-27 19:36:28.316103
4,The Monsoon Harvesting Ark,4,Paddy Harvesting,agriculture drawing of farmer working in the field,Bhutnath Painting Academy,,https://www.youtube.com/watch?v=AX64QWgWJTU,292070,,0.0,IRRELEVANT,1,2026-08-27 19:36:28.316103
4,The Monsoon Harvesting Ark,4,Paddy Harvesting,"Paddy field with farmer scenery drawing| Village scenery drawing|Tree, bird,sun, House  drawing",It's Easy to draw,,https://www.youtube.com/watch?v=Ip3Mm1TIrtE,831857,,0.0,IRRELEVANT,1,2026-08-27 19:36:28.318641
4,The Monsoon Harvesting Ark,4,Paddy Harvesting,Paddy Field With Farmer Scenery drawing easy| Village Landscape Scenery drawing easy| Winter Scenery,It's Easy to draw,,https://www.youtube.com/watch?v=kLB-8oDq5_o,198269,,0.0,IRRELEVANT,1,2026-08-27 19:36:28.318641
4,The Monsoon Harvesting Ark,4,Paddy Harvesting,How to draw HARVESTER / drawing Combine Harvester step by step,17 Easy Drawing,,https://www.youtube.com/watch?v=l9ZztVWRKtw,2011,,0.0,IRRELEVANT,0,2026-08-27 19:36:28.318641
5,Paddy Ring Megaharvester,8,Paddy Ring Megaharvester,Manual paddy rice harvester made in Japan,Japan Agri Trading,,https://www.youtube.com/watch?v=1s024AKMntM,41282,,0.125,SUBSTITUTE,0,2026-08-28 16:22:51.020115
5,Paddy Ring Megaharvester,8,Paddy Ring Megaharvester,Mini Harvester machine testing in wheat field I Mini harvester I japani harvester I paddy harvester,Blue Chemp,,https://www.youtube.com/watch?v=nBM24H2z9Vg,491779,,0.1,IRRELEVANT,1,2026-08-28 16:22:51.019102
5,Paddy Ring Megaharvester,8,Paddy Ring Megaharvester,Driverless REAPER BINDER MACHINE Harvesting Paddy / Rice | Automatic Mini Reaper Binder Machine,AgriBasket Tools,,https://www.youtube.com/watch?v=B19D_qjqds4,2865140,,0.0909,IRRELEVANT,1,2026-08-28 16:22:51.017156
5,Paddy Ring Megaharvester,8,Paddy Ring Megaharvester,Modern Agriculture Machines on Another Level – Farmers Reap Millions Tons in Massive Harvests,Agriculture Insight,,https://www.youtube.com/watch?v=N-BpKLHSYE4,5445301,,0.0,IRRELEVANT,1,2026-08-28 16:22:51.015149
5,Paddy Ring Megaharvester,8,Paddy Ring Megaharvester,First Day out with the NEW Combine | Claas Lexion 8900 vs 780 | Seed Wheat Harvest '24 - KMWP Farms,Tractorspotter,,https://www.youtube.com/watch?v=7_dJHRmruHU,1356752,,0.0,IRRELEVANT,1,2026-08-28 16:22:51.016117
5,Paddy Ring Megaharvester,8,Paddy Ring Megaharvester,How Taiwan Farmers Plant and Harvest Rice to a New Level | Most Satisfying Agriculture Technology,AhTech,,https://www.youtube.com/watch?v=BETc5iM9iYk,1762974,,0.0,IRRELEVANT,1,2026-08-28 16:22:51.017156
5,Paddy Ring Megaharvester,8,Paddy Ring Megaharvester,Amazing Combine Harvester Team  Powerful Rice Harvesting in Action,CAMBO Machine TV,,https://www.youtube.com/watch?v=xtPfd7yqq5A,391,,0.0,IRRELEVANT,0,2026-08-28 16:22:51.018113
5,Paddy Ring Megaharvester,8,Paddy Ring Megaharvester,rice harvesting machine I Yanmar combine harvester machine I Mini harvester ,Blue Chemp,,https://www.youtube.com/watch?v=Cx1SndEIwsE,1049,,0.0,IRRELEVANT,0,2026-08-28 16:22:51.018113
5,Paddy Ring Megaharvester,8,Paddy Ring Megaharvester,Kubota Combine Harvester Working Skills Rice Harvesting Safety Operator Cropping,Machine TV Cambodia,,https://www.youtube.com/watch?v=bupjS7MdT6M,153912,,0.0,IRRELEVANT,1,2026-08-28 16:22:51.018113
5,Paddy Ring Megaharvester,8,Paddy Ring Megaharvester,"Kubota combine harvester, import from Japan rice cutting machine | farming machine",Punjab village Tractors,,https://www.youtube.com/watch?v=Hlm4XBTnW8w,3234328,,0.0,IRRELEVANT,1,2026-08-28 16:22:51.018113
5,Paddy Ring Megaharvester,8,Paddy Ring Megaharvester,Incredible Machine Operator Skills Harvesting Rice Efficiently,Machine TV Cambodia,,https://www.youtube.com/watch?v=00N8D7l-iIY,212821,,0.0,IRRELEVANT,1,2026-08-28 16:22:51.018113
5,Paddy Ring Megaharvester,8,Paddy Ring Megaharvester,X Series Rice Combine Package | John Deere,John Deere,,https://www.youtube.com/watch?v=OswP-D2-9DY,65105,,0.0,IRRELEVANT,0,2026-08-28 16:22:51.019102
5,Paddy Ring Megaharvester,8,Paddy Ring Megaharvester,Harvesting Rice in South Louisiana,Aerial Ag,,https://www.youtube.com/watch?v=36P1n4NIOW8,429150,,0.0,IRRELEVANT,1,2026-08-28 16:22:51.019102
5,Paddy Ring Megaharvester,8,Paddy Ring Megaharvester,JOHN DEERE 16 Row Folding Corn Head C16F,bigtractorpower,,https://www.youtube.com/watch?v=cMmlQYP1Rh4,16607701,,0.0,IRRELEVANT,1,2026-08-28 16:22:51.019102
5,Paddy Ring Megaharvester,8,Paddy Ring Megaharvester,Amazing Rice Harvester in Japan,Nagano Vlog,,https://www.youtube.com/watch?v=iAFYMGEBbhI,7955096,,0.0,IRRELEVANT,1,2026-08-28 16:22:51.020115
5,Paddy Ring Megaharvester,8,Paddy Ring Megaharvester,जापानी मिनी हार्वेस्टर II Kubota mini harvester,Blue Chemp,,https://www.youtube.com/watch?v=sGS_IbJyCdI,234544,,0.0,IRRELEVANT,1,2026-08-28 16:22:51.020115
5,Paddy Ring Megaharvester,8,Paddy Ring Megaharvester,How Japanese Farmers Harvest Millions of Rice | Farming Documentary,Posy Farm,,https://www.youtube.com/watch?v=PqHHrEUPTz4,250296,,0.0,IRRELEVANT,1,2026-08-28 16:22:51.021109
5,Paddy Ring Megaharvester,8,Paddy Ring Megaharvester,"007 🔥 Iseki 6123, 6-row, 123 horsepower Japanese rice harvester",Farm Machinery Reviews,,https://www.youtube.com/watch?v=I8PuqB-ytWM,5879,,0.0,IRRELEVANT,0,2026-08-28 16:22:51.021109
5,Paddy Ring Megaharvester,8,Paddy Ring Megaharvester,Awesome Rice Harvester Working Skills Machine | Technology Agriculture Crop Machine Equipment,Tractor Cambodia,,https://www.youtube.com/watch?v=hfG1btm3e1g,3504773,,0.0,IRRELEVANT,1,2026-08-28 16:22:51.022117
5,Paddy Ring Megaharvester,8,Paddy Ring Megaharvester,Kubota Combine Harvester DR6130SX specification work scene,西川ライス Nishikawa Rice,,https://www.youtube.com/watch?v=DnE3XdgWZmQ,817863,,0.0,IRRELEVANT,1,2026-08-28 16:22:51.022117
5,Paddy Ring Megaharvester,8,Paddy Ring Megaharvester,yanmar combine harvester in japan I Half feed mini combine harvester I Yanmar harvester machine,Blue Chemp,,https://www.youtube.com/watch?v=G4ed2W-p9WE,3999,,0.0,IRRELEVANT,0,2026-08-28 16:22:51.022117
5,Paddy Ring Megaharvester,8,Paddy Ring Megaharvester,Old Style Rice Harvesting in Japan!,TheJapanChannelDcom,,https://www.youtube.com/watch?v=rUlfrD_cFcw,10533,,0.0,IRRELEVANT,0,2026-08-28 16:22:51.023122
6,Sky Reaper Rice Fortress,9,Sky Reaper Rice Fortress,4GK90 Rice reaper binder,"Yancheng Xinmingyue Machinery Manufacture Co., Ltd",,https://www.youtube.com/watch?v=djVrCmV6RxE,1021734,,0.3333,CLOSE,1,2026-08-28 16:26:42.154105
6,Sky Reaper Rice Fortress,9,Sky Reaper Rice Fortress,Driverless REAPER BINDER MACHINE Harvesting Paddy / Rice | Automatic Mini Reaper Binder Machine,AgriBasket Tools,,https://www.youtube.com/watch?v=B19D_qjqds4,2865359,,0.1818,SUBSTITUTE,1,2026-08-28 16:26:42.157101
6,Sky Reaper Rice Fortress,9,Sky Reaper Rice Fortress,monowheel reaper grass rice cutter agricultural harvester homemade scythe,Imagine.Ai+,,https://www.youtube.com/watch?v=lvIdJ3rwe1k,94246,,0.1818,SUBSTITUTE,0,2026-08-28 16:26:42.158090
6,Sky Reaper Rice Fortress,9,Sky Reaper Rice Fortress,Minecraft But We're LOCKED In THE SKY!,Maizen,,https://www.youtube.com/watch?v=SlNf9hqrEUQ,22497995,,0.1429,SUBSTITUTE,1,2026-08-28 16:26:42.149217
6,Sky Reaper Rice Fortress,9,Sky Reaper Rice Fortress,Amazing Rice Harvester in Japan,Nagano Vlog,,https://www.youtube.com/watch?v=iAFYMGEBbhI,7955096,,0.1429,SUBSTITUTE,1,2026-08-28 16:26:42.159090
6,Sky Reaper Rice Fortress,9,Sky Reaper Rice Fortress,The Sky Island Saga In 8 Minutes | Sagas in Minutes,GrandLineReview,,https://www.youtube.com/watch?v=JphpHpm7PRk,638750,,0.125,SUBSTITUTE,1,2026-08-28 16:26:42.149217
6,Sky Reaper Rice Fortress,9,Sky Reaper Rice Fortress,Old Style Rice Harvesting in Japan!,TheJapanChannelDcom,,https://www.youtube.com/watch?v=rUlfrD_cFcw,10533,,0.125,SUBSTITUTE,0,2026-08-28 16:26:42.160866
6,Sky Reaper Rice Fortress,9,Sky Reaper Rice Fortress,Manual paddy rice harvester made in Japan,Japan Agri Trading,,https://www.youtube.com/watch?v=1s024AKMntM,41282,,0.1111,IRRELEVANT,0,2026-08-28 16:26:42.159327
6,Sky Reaper Rice Fortress,9,Sky Reaper Rice Fortress,TAGRM 4LZ-1.2 Small rice/wheat combine harvester,cfh080 的频道,,https://www.youtube.com/watch?v=yVkdSKOWlmQ,29025,,0.1,IRRELEVANT,0,2026-08-28 16:26:42.157621
6,Sky Reaper Rice Fortress,9,Sky Reaper Rice Fortress,How Japanese Farmers Harvest Millions of Rice | Farming Documentary,Posy Farm,,https://www.youtube.com/watch?v=PqHHrEUPTz4,250300,,0.1,IRRELEVANT,1,2026-08-28 16:26:42.159856
6,Sky Reaper Rice Fortress,9,Sky Reaper Rice Fortress,Korean Rice Harvesting With Machine||Amazing agriculture technology of Korea||,Umesh Thimrahang,,https://www.youtube.com/watch?v=5PLBCHVsgbo,559,,0.0909,IRRELEVANT,0,2026-08-28 16:26:42.153109
6,Sky Reaper Rice Fortress,9,Sky Reaper Rice Fortress,How American Farmers Harvest 9.97 Million Tons of Rice by Machine | Farming Documentary,Sprout Garden,,https://www.youtube.com/watch?v=3OHH9gSgnzs,396747,,0.0833,IRRELEVANT,1,2026-08-28 16:26:42.157101
6,Sky Reaper Rice Fortress,9,Sky Reaper Rice Fortress,"007 🔥 Iseki 6123, 6-row, 123 horsepower Japanese rice harvester",Farm Machinery Reviews,,https://www.youtube.com/watch?v=I8PuqB-ytWM,5879,,0.0833,IRRELEVANT,0,2026-08-28 16:26:42.159856
6,Sky Reaper Rice Fortress,9,Sky Reaper Rice Fortress,"Kubota combine harvester, import from Japan rice cutting machine | farming machine",Punjab village Tractors,,https://www.youtube.com/watch?v=Hlm4XBTnW8w,3234336,,0.0833,IRRELEVANT,1,2026-08-28 16:26:42.159856
6,Sky Reaper Rice Fortress,9,Sky Reaper Rice Fortress,Kubota Combine Harvester Working Skills Rice Harvesting Safety Operator Cropping,Machine TV Cambodia,,https://www.youtube.com/watch?v=bupjS7MdT6M,153912,,0.0769,IRRELEVANT,1,2026-08-28 16:26:42.156105
6,Sky Reaper Rice Fortress,9,Sky Reaper Rice Fortress,Awesome Rice Harvester Working Skills Machine | Technology Agriculture Crop Machine Equipment,Tractor Cambodia,,https://www.youtube.com/watch?v=hfG1btm3e1g,3504773,,0.0769,IRRELEVANT,1,2026-08-28 16:26:42.160866
6,Sky Reaper Rice Fortress,9,Sky Reaper Rice Fortress,"I Upgraded A Rusty Tricycle Into A Walking Fortress To Survive The ""Weird"" Apocalypse! | Full Recap",Manhwa Movie,,https://www.youtube.com/watch?v=bqkAQzx2RqI,10628,,0.0714,IRRELEVANT,0,2026-08-28 16:26:42.147226
6,Sky Reaper Rice Fortress,9,Sky Reaper Rice Fortress,How Taiwan Farmers Plant and Harvest Rice to a New Level | Most Satisfying Agriculture Technology,AhTech,,https://www.youtube.com/watch?v=BETc5iM9iYk,1762986,,0.0714,IRRELEVANT,1,2026-08-28 16:26:42.155109
6,Sky Reaper Rice Fortress,9,Sky Reaper Rice Fortress,"FULL MATCH: Rhea Ripley vs. IYO SKY | Women's World Title Match: Raw, March 3, 2025",WWE,,https://www.youtube.com/watch?v=qmGsFr_6sl0,2832835,,0.0667,IRRELEVANT,1,2026-08-28 16:26:42.151388
6,Sky Reaper Rice Fortress,9,Sky Reaper Rice Fortress,I Woke Up in a Death Game with a Trash RV. Then I Upgraded It to a God-Tier Tank.,1221 Manhwa Recap,,https://www.youtube.com/watch?v=ODqXVQRE7JA,34916,,0.0,IRRELEVANT,0,2026-08-28 16:26:42.146231
6,Sky Reaper Rice Fortress,9,Sky Reaper Rice Fortress,Newly released video shows actor Alan Ritchson's viral Brentwood fight,NewsChannel 5,,https://www.youtube.com/watch?v=XKbrz_ZS-XQ,653018,,0.0,IRRELEVANT,1,2026-08-28 16:26:42.147226
6,Sky Reaper Rice Fortress,9,Sky Reaper Rice Fortress,A Modern Surgeon Accidentally Becomes the Greatest Doctor in History | Manhwa Recap,Sun Manhwa,,https://www.youtube.com/watch?v=a7iDZwRrA5w,41260,,0.0,IRRELEVANT,0,2026-08-28 16:26:42.148230
6,Sky Reaper Rice Fortress,9,Sky Reaper Rice Fortress,My Sister Betrayed and Killed Me in the Apocalypse—Reborn I Took Her System#anime #Manga #animerecap,CrimsonStoryline,,https://www.youtube.com/watch?v=FPu3e40KjXM,15918,,0.0,IRRELEVANT,0,2026-08-28 16:26:42.148230
6,Sky Reaper Rice Fortress,9,Sky Reaper Rice Fortress,GHOSTRIDER - Crystal Castles KEROSENE Official,BMW,,https://www.youtube.com/watch?v=qEfCuwSLYOk,4360012,,0.0,IRRELEVANT,1,2026-08-28 16:26:42.150234
6,Sky Reaper Rice Fortress,9,Sky Reaper Rice Fortress,DO NOT play this KEYBOARD ESCAPE..,Tyler & Snowi,,https://www.youtube.com/watch?v=tNV9dzhZY88,1947329,,0.0,IRRELEVANT,1,2026-08-28 16:26:42.150792
6,Sky Reaper Rice Fortress,9,Sky Reaper Rice Fortress,Darker Skies: Remastered | Longplay Walkthrough Gameplay | Full Game 4K/60FPS,Ultimate Gamerz,,https://www.youtube.com/watch?v=NSSL8CVNDWM,63716,,0.0,IRRELEVANT,0,2026-08-28 16:26:42.151725
6,Sky Reaper Rice Fortress,9,Sky Reaper Rice Fortress,*FULL GUIDE *How To Get The Cyborg Race (Blox Fruits),Brugify,,https://www.youtube.com/watch?v=PYuaiXZrz2Q,2092905,,0.0,IRRELEVANT,1,2026-08-28 16:26:42.152510
6,Sky Reaper Rice Fortress,9,Sky Reaper Rice Fortress,Modern Agriculture Machines on Another Level – Farmers Reap Millions Tons in Massive Harvests,Agriculture Insight,,https://www.youtube.com/watch?v=N-BpKLHSYE4,5445301,,0.0,IRRELEVANT,1,2026-08-28 16:26:42.153109
6,Sky Reaper Rice Fortress,9,Sky Reaper Rice Fortress,Mini Harvester machine testing in wheat field I Mini harvester I japani harvester I paddy harvester,Blue Chemp,,https://www.youtube.com/watch?v=nBM24H2z9Vg,491779,,0.0,IRRELEVANT,1,2026-08-28 16:26:42.154105
6,Sky Reaper Rice Fortress,9,Sky Reaper Rice Fortress,Yanmar YH 700 Full Feed Combine Harvester - Combine Harvester Demo - Agri Tools,Agri Tools,,https://www.youtube.com/watch?v=hcup6mAU5aU,1113071,,0.0,IRRELEVANT,1,2026-08-28 16:26:42.156105
6,Sky Reaper Rice Fortress,9,Sky Reaper Rice Fortress,First Day out with the NEW Combine | Claas Lexion 8900 vs 780 | Seed Wheat Harvest '24 - KMWP Farms,Tractorspotter,,https://www.youtube.com/watch?v=7_dJHRmruHU,1356752,,0.0,IRRELEVANT,1,2026-08-28 16:26:42.158090
6,Sky Reaper Rice Fortress,9,Sky Reaper Rice Fortress,जापानी मिनी हार्वेस्टर II Kubota mini harvester,Blue Chemp,,https://www.youtube.com/watch?v=sGS_IbJyCdI,234559,,0.0,IRRELEVANT,1,2026-08-28 16:26:42.158090
6,Sky Reaper Rice Fortress,9,Sky Reaper Rice Fortress,yanmar combine harvester in japan I Half feed mini combine harvester I Yanmar harvester machine,Blue Chemp,,https://www.youtube.com/watch?v=G4ed2W-p9WE,3999,,0.0,IRRELEVANT,0,2026-08-28 16:26:42.160866
6,Sky Reaper Rice Fortress,9,Sky Reaper Rice Fortress,Kubota Combine Harvester DR6130SX specification work scene,西川ライス Nishikawa Rice,,https://www.youtube.com/watch?v=DnE3XdgWZmQ,817852,,0.0,IRRELEVANT,1,2026-08-28 16:26:42.160866
7,The Rice Comb Superstructure,10,Paddy Harvesting machine,Harvesting Rice in Japan!,TheJapanChannelDcom,,https://www.youtube.com/watch?v=lxibqEahYhk,151341,,0.2,SUBSTITUTE,1,2026-08-28 16:30:29.363954
7,The Rice Comb Superstructure,10,Paddy Harvesting machine,4GK90 Rice reaper binder,"Yancheng Xinmingyue Machinery Manufacture Co., Ltd",,https://www.youtube.com/watch?v=djVrCmV6RxE,1021746,,0.1667,SUBSTITUTE,1,2026-08-28 16:30:29.351990
7,The Rice Comb Superstructure,10,Paddy Harvesting machine,Amazing Rice Harvester in Japan,Nagano Vlog,,https://www.youtube.com/watch?v=iAFYMGEBbhI,7955096,,0.1667,SUBSTITUTE,1,2026-08-28 16:30:29.355014
7,The Rice Comb Superstructure,10,Paddy Harvesting machine,Old Style Rice Harvesting in Japan!,TheJapanChannelDcom,,https://www.youtube.com/watch?v=rUlfrD_cFcw,10533,,0.1429,SUBSTITUTE,0,2026-08-28 16:30:29.363442
7,The Rice Comb Superstructure,10,Paddy Harvesting machine,"Mini Rice Harvester Machine 01792772477,01788803336",USA DIY,,https://www.youtube.com/watch?v=q56qorkhDyM,385439,,0.125,SUBSTITUTE,1,2026-08-28 16:30:29.354018
7,The Rice Comb Superstructure,10,Paddy Harvesting machine,Mini combine harvester I Rice harvester I Mini harvester I Paddy harvester I Kym harvester,Blue Chemp,,https://www.youtube.com/watch?v=4eM6CXpGnpM,368447,,0.125,SUBSTITUTE,1,2026-08-28 16:30:29.355993
7,The Rice Comb Superstructure,10,Paddy Harvesting machine,Manual paddy rice harvester made in Japan,Japan Agri Trading,,https://www.youtube.com/watch?v=1s024AKMntM,41282,,0.125,SUBSTITUTE,0,2026-08-28 16:30:29.361019
7,The Rice Comb Superstructure,10,Paddy Harvesting machine,TAGRM 4LZ-1.2 Small rice/wheat combine harvester,cfh080 的频道,,https://www.youtube.com/watch?v=yVkdSKOWlmQ,29025,,0.1111,IRRELEVANT,0,2026-08-28 16:30:29.355014
7,The Rice Comb Superstructure,10,Paddy Harvesting machine,rice harvesting machine I Yanmar combine harvester machine I Mini harvester ,Blue Chemp,,https://www.youtube.com/watch?v=Cx1SndEIwsE,1049,,0.1111,IRRELEVANT,0,2026-08-28 16:30:29.359027
7,The Rice Comb Superstructure,10,Paddy Harvesting machine,How Japanese Farmers Harvest Millions of Rice | Farming Documentary,Posy Farm,,https://www.youtube.com/watch?v=PqHHrEUPTz4,250306,,0.1111,IRRELEVANT,1,2026-08-28 16:30:29.361990
7,The Rice Comb Superstructure,10,Paddy Harvesting machine,Driverless REAPER BINDER MACHINE Harvesting Paddy / Rice | Automatic Mini Reaper Binder Machine,AgriBasket Tools,,https://www.youtube.com/watch?v=B19D_qjqds4,2865749,,0.0909,IRRELEVANT,1,2026-08-28 16:30:29.353007
7,The Rice Comb Superstructure,10,Paddy Harvesting machine,"Kubota combine harvester, import from Japan rice cutting machine | farming machine",Punjab village Tractors,,https://www.youtube.com/watch?v=Hlm4XBTnW8w,3234347,,0.0909,IRRELEVANT,1,2026-08-28 16:30:29.359027
7,The Rice Comb Superstructure,10,Paddy Harvesting machine,Japanese Rice Harvesting Technology Amazing Rice Agriculture Technology in Japan Modern Rice Farming,Complete Agriculture,,https://www.youtube.com/watch?v=32s_qirzcok,3080507,,0.0909,IRRELEVANT,1,2026-08-28 16:30:29.359994
7,The Rice Comb Superstructure,10,Paddy Harvesting machine,"007 🔥 Iseki 6123, 6-row, 123 horsepower Japanese rice harvester",Farm Machinery Reviews,,https://www.youtube.com/watch?v=I8PuqB-ytWM,5879,,0.0909,IRRELEVANT,0,2026-08-28 16:30:29.361019
7,The Rice Comb Superstructure,10,Paddy Harvesting machine,Kubota Combine Harvester Working Skills Rice Harvesting Safety Operator Cropping,Machine TV Cambodia,,https://www.youtube.com/watch?v=bupjS7MdT6M,153912,,0.0833,IRRELEVANT,1,2026-08-28 16:30:29.358007
7,The Rice Comb Superstructure,10,Paddy Harvesting machine,Awesome Rice Harvester Working Skills Machine | Technology Agriculture Crop Machine Equipment,Tractor Cambodia,,https://www.youtube.com/watch?v=hfG1btm3e1g,3504773,,0.0833,IRRELEVANT,1,2026-08-28 16:30:29.363010
7,The Rice Comb Superstructure,10,Paddy Harvesting machine,How Taiwan Farmers Plant and Harvest Rice to a New Level | Most Satisfying Agriculture Technology,AhTech,,https://www.youtube.com/watch?v=BETc5iM9iYk,1762986,,0.0769,IRRELEVANT,1,2026-08-28 16:30:29.358007
7,The Rice Comb Superstructure,10,Paddy Harvesting machine,Top diy tractor making mini Rice Harvester Machine | diy Planting & Harvesting Rice Fields | HP Mini,HP Mini DIY Tractor,,https://www.youtube.com/watch?v=N6eHLB3C8uA,67374090,,0.0769,IRRELEVANT,1,2026-08-28 16:30:29.359994
7,The Rice Comb Superstructure,10,Paddy Harvesting machine,2025 New Model Gam Harvester Boro Paddy Cutting Work | Harvester Machine,Assam Vehicle Channel ,,https://www.youtube.com/watch?v=5itpJAWmPCA,249752,,0.0,IRRELEVANT,1,2026-08-28 16:30:29.350996
7,The Rice Comb Superstructure,10,Paddy Harvesting machine,Mini Harvester machine testing in wheat field I Mini harvester I japani harvester I paddy harvester,Blue Chemp,,https://www.youtube.com/watch?v=nBM24H2z9Vg,491779,,0.0,IRRELEVANT,1,2026-08-28 16:30:29.351990
7,The Rice Comb Superstructure,10,Paddy Harvesting machine,First Day out with the NEW Combine | Claas Lexion 8900 vs 780 | Seed Wheat Harvest '24 - KMWP Farms,Tractorspotter,,https://www.youtube.com/watch?v=7_dJHRmruHU,1356752,,0.0,IRRELEVANT,1,2026-08-28 16:30:29.351990
7,The Rice Comb Superstructure,10,Paddy Harvesting machine,Yanmar YH 700 Full Feed Combine Harvester - Combine Harvester Demo - Agri Tools,Agri Tools,,https://www.youtube.com/watch?v=hcup6mAU5aU,1113077,,0.0,IRRELEVANT,1,2026-08-28 16:30:29.353007
7,The Rice Comb Superstructure,10,Paddy Harvesting machine,जापानी मिनी हार्वेस्टर II Kubota mini harvester,Blue Chemp,,https://www.youtube.com/watch?v=sGS_IbJyCdI,234559,,0.0,IRRELEVANT,1,2026-08-28 16:30:29.355014
7,The Rice Comb Superstructure,10,Paddy Harvesting machine,Yanmar Aw 70 Gv harvester working | New model harvester machine ||,JCB Babul,,https://www.youtube.com/watch?v=1s5evqmTR3c,878141,,0.0,IRRELEVANT,1,2026-08-28 16:30:29.355993
7,The Rice Comb Superstructure,10,Paddy Harvesting machine,Modern Agriculture Machines on Another Level – Farmers Reap Millions Tons in Massive Harvests,Agriculture Insight,,https://www.youtube.com/watch?v=N-BpKLHSYE4,5445301,,0.0,IRRELEVANT,1,2026-08-28 16:30:29.357017
7,The Rice Comb Superstructure,10,Paddy Harvesting machine,The GIGANTIC Combine Harvester & Other Harvesting Machines 🚜🌾 Tractor Ted Clips & Songs,Tractor Ted,,https://www.youtube.com/watch?v=fNdK6MwMoSA,4827353,,0.0,IRRELEVANT,1,2026-08-28 16:30:29.359027
7,The Rice Comb Superstructure,10,Paddy Harvesting machine,JOHN DEERE 16 Row Folding Corn Head C16F,bigtractorpower,,https://www.youtube.com/watch?v=cMmlQYP1Rh4,16607751,,0.0,IRRELEVANT,1,2026-08-28 16:30:29.361019
7,The Rice Comb Superstructure,10,Paddy Harvesting machine,Kubota Combine Harvester DR6130SX specification work scene,西川ライス Nishikawa Rice,,https://www.youtube.com/watch?v=DnE3XdgWZmQ,817863,,0.0,IRRELEVANT,1,2026-08-28 16:30:29.363442
8,Paddy-Gulping Harvest Worm,11,Paddy-Gulping Harvest Worm,Manual paddy rice harvester made in Japan,Japan Agri Trading,,https://www.youtube.com/watch?v=1s024AKMntM,41282,,0.1111,IRRELEVANT,0,2026-08-28 16:34:23.024626
8,Paddy-Gulping Harvest Worm,11,Paddy-Gulping Harvest Worm,Dune 4K HDR | The Spice Harvester Scene 2/2 - Worm Attack,Apex Clips,,https://www.youtube.com/watch?v=PSPMd3mxn1w,834142,,0.1,IRRELEVANT,1,2026-08-28 16:34:23.011629
8,Paddy-Gulping Harvest Worm,11,Paddy-Gulping Harvest Worm,How Japanese Farmers Harvest Millions of Rice | Farming Documentary,Posy Farm,,https://www.youtube.com/watch?v=PqHHrEUPTz4,250306,,0.1,IRRELEVANT,1,2026-08-28 16:34:23.025625
8,Paddy-Gulping Harvest Worm,11,Paddy-Gulping Harvest Worm,Mini Harvester machine testing in wheat field I Mini harvester I japani harvester I paddy harvester,Blue Chemp,,https://www.youtube.com/watch?v=nBM24H2z9Vg,491779,,0.0909,IRRELEVANT,1,2026-08-28 16:34:23.024626
8,Paddy-Gulping Harvest Worm,11,Paddy-Gulping Harvest Worm,How to Catch a Fish With a Live Worm for Bait - 3 Ways (Beginner Fishing Tips),Fishing with Nat,,https://www.youtube.com/watch?v=VMvjvbvCap0,717673,,0.0833,IRRELEVANT,1,2026-08-28 16:34:23.014637
8,Paddy-Gulping Harvest Worm,11,Paddy-Gulping Harvest Worm,Driverless REAPER BINDER MACHINE Harvesting Paddy / Rice | Automatic Mini Reaper Binder Machine,AgriBasket Tools,,https://www.youtube.com/watch?v=B19D_qjqds4,2865749,,0.0833,IRRELEVANT,1,2026-08-28 16:34:23.019645
8,Paddy-Gulping Harvest Worm,11,Paddy-Gulping Harvest Worm,How Taiwan Farmers Plant and Harvest Rice to a New Level | Most Satisfying Agriculture Technology,AhTech,,https://www.youtube.com/watch?v=BETc5iM9iYk,1763000,,0.0714,IRRELEVANT,1,2026-08-28 16:34:23.020641
8,Paddy-Gulping Harvest Worm,11,Paddy-Gulping Harvest Worm,First Day out with the NEW Combine | Claas Lexion 8900 vs 780 | Seed Wheat Harvest '24 - KMWP Farms,Tractorspotter,,https://www.youtube.com/watch?v=7_dJHRmruHU,1356752,,0.0588,IRRELEVANT,1,2026-08-28 16:34:23.018641
8,Paddy-Gulping Harvest Worm,11,Paddy-Gulping Harvest Worm,Dune 4K HDR | The Spice Harvester Scene 1/2,Apex Clips,,https://www.youtube.com/watch?v=nWY3mRWCzdw,726116,,0.0,IRRELEVANT,1,2026-08-28 16:34:23.012632
8,Paddy-Gulping Harvest Worm,11,Paddy-Gulping Harvest Worm,"Bigger Worms, Richer Soil: The Rice Secret Gardeners Can’t Ignore!",Soilsage Chronicles ,,https://www.youtube.com/watch?v=NRt-8QbFOWU,408722,,0.0,IRRELEVANT,1,2026-08-28 16:34:23.012632
8,Paddy-Gulping Harvest Worm,11,Paddy-Gulping Harvest Worm,Instant Expert: Learn to Buzz Worms For Bait,Weldon Owen,,https://www.youtube.com/watch?v=oVwVeOvfZJQ,172031,,0.0,IRRELEVANT,1,2026-08-28 16:34:23.013644
8,Paddy-Gulping Harvest Worm,11,Paddy-Gulping Harvest Worm,I Poured This Into My Dead Garden… and Thousands of Worms Showed Up in 3 Days!,Soil & Crops Central,,https://www.youtube.com/watch?v=JBGFjZNBD2g,353923,,0.0,IRRELEVANT,1,2026-08-28 16:34:23.013644
8,Paddy-Gulping Harvest Worm,11,Paddy-Gulping Harvest Worm,"""Snake eating rice""",Raghavan Sudheer,,https://www.youtube.com/watch?v=2X-vDI_YrKc,271,,0.0,IRRELEVANT,0,2026-08-28 16:34:23.014637
8,Paddy-Gulping Harvest Worm,11,Paddy-Gulping Harvest Worm,"Reborn While Beating My Wife, I Slapped Myself and Hunted a Giant Boar to Save Them", LY Manhwa Recap,,https://www.youtube.com/watch?v=yxWekiZgs_A,27717,,0.0,IRRELEVANT,0,2026-08-28 16:34:23.015653
8,Paddy-Gulping Harvest Worm,11,Paddy-Gulping Harvest Worm,Agro guard gulp 30 kisan information,Kisan Information,,https://www.youtube.com/watch?v=cFZldAFYE5E,235,,0.0,IRRELEVANT,0,2026-08-28 16:34:23.016636
8,Paddy-Gulping Harvest Worm,11,Paddy-Gulping Harvest Worm,How To Breed Your Own Fishing Worms..EASY..MONEY SAVER!!!!!,Arizona Fishing,,https://www.youtube.com/watch?v=qZBc9ZW-LYQ,804598,,0.0,IRRELEVANT,1,2026-08-28 16:34:23.016636
8,Paddy-Gulping Harvest Worm,11,Paddy-Gulping Harvest Worm,"How to keep worms alive, the easy way. Keep worms for fishing or exotic pets.",Matthew Wilson,,https://www.youtube.com/watch?v=tnWZDVgMXm0,327561,,0.0,IRRELEVANT,1,2026-08-28 16:34:23.017629
8,Paddy-Gulping Harvest Worm,11,Paddy-Gulping Harvest Worm,Brinjal Monster -For brinjal lovers,Chasa Disum - Lets Cultivate Together,,https://www.youtube.com/watch?v=9WwxeudNky0,84,,0.0,IRRELEVANT,0,2026-08-28 16:34:23.017629
8,Paddy-Gulping Harvest Worm,11,Paddy-Gulping Harvest Worm,Modern Agriculture Machines on Another Level – Farmers Reap Millions Tons in Massive Harvests,Agriculture Insight,,https://www.youtube.com/watch?v=N-BpKLHSYE4,5445301,,0.0,IRRELEVANT,1,2026-08-28 16:34:23.018641
8,Paddy-Gulping Harvest Worm,11,Paddy-Gulping Harvest Worm,"Kubota combine harvester, import from Japan rice cutting machine | farming machine",Punjab village Tractors,,https://www.youtube.com/watch?v=Hlm4XBTnW8w,3234378,,0.0,IRRELEVANT,1,2026-08-28 16:34:23.021639
8,Paddy-Gulping Harvest Worm,11,Paddy-Gulping Harvest Worm,Japanese Rice Harvesting Technology Amazing Rice Agriculture Technology in Japan Modern Rice Farming,Complete Agriculture,,https://www.youtube.com/watch?v=32s_qirzcok,3080507,,0.0,IRRELEVANT,1,2026-08-28 16:34:23.021639
8,Paddy-Gulping Harvest Worm,11,Paddy-Gulping Harvest Worm,Kubota Combine Harvester Working Skills Rice Harvesting Safety Operator Cropping,Machine TV Cambodia,,https://www.youtube.com/watch?v=bupjS7MdT6M,153912,,0.0,IRRELEVANT,1,2026-08-28 16:34:23.021639
8,Paddy-Gulping Harvest Worm,11,Paddy-Gulping Harvest Worm,The GIGANTIC Combine Harvester & Other Harvesting Machines 🚜🌾 Tractor Ted Clips & Songs,Tractor Ted,,https://www.youtube.com/watch?v=fNdK6MwMoSA,4827353,,0.0,IRRELEVANT,1,2026-08-28 16:34:23.022637
8,Paddy-Gulping Harvest Worm,11,Paddy-Gulping Harvest Worm,X Series Rice Combine Package | John Deere,John Deere,,https://www.youtube.com/watch?v=OswP-D2-9DY,65105,,0.0,IRRELEVANT,0,2026-08-28 16:34:23.022637
8,Paddy-Gulping Harvest Worm,11,Paddy-Gulping Harvest Worm,Top diy tractor making mini Rice Harvester Machine | diy Planting & Harvesting Rice Fields | HP Mini,HP Mini DIY Tractor,,https://www.youtube.com/watch?v=N6eHLB3C8uA,67374363,,0.0,IRRELEVANT,1,2026-08-28 16:34:23.023634
8,Paddy-Gulping Harvest Worm,11,Paddy-Gulping Harvest Worm,JOHN DEERE 16 Row Folding Corn Head C16F,bigtractorpower,,https://www.youtube.com/watch?v=cMmlQYP1Rh4,16607817,,0.0,IRRELEVANT,1,2026-08-28 16:34:23.023634
8,Paddy-Gulping Harvest Worm,11,Paddy-Gulping Harvest Worm,rice harvesting machine I Yanmar combine harvester machine I Mini harvester ,Blue Chemp,,https://www.youtube.com/watch?v=Cx1SndEIwsE,1049,,0.0,IRRELEVANT,0,2026-08-28 16:34:23.023634
8,Paddy-Gulping Harvest Worm,11,Paddy-Gulping Harvest Worm,जापानी मिनी हार्वेस्टर II Kubota mini harvester,Blue Chemp,,https://www.youtube.com/watch?v=sGS_IbJyCdI,234559,,0.0,IRRELEVANT,1,2026-08-28 16:34:23.024626
8,Paddy-Gulping Harvest Worm,11,Paddy-Gulping Harvest Worm,Amazing Rice Harvester in Japan,Nagano Vlog,,https://www.youtube.com/watch?v=iAFYMGEBbhI,7955096,,0.0,IRRELEVANT,1,2026-08-28 16:34:23.024626
8,Paddy-Gulping Harvest Worm,11,Paddy-Gulping Harvest Worm,"007 🔥 Iseki 6123, 6-row, 123 horsepower Japanese rice harvester",Farm Machinery Reviews,,https://www.youtube.com/watch?v=I8PuqB-ytWM,5879,,0.0,IRRELEVANT,0,2026-08-28 16:34:23.025625
8,Paddy-Gulping Harvest Worm,11,Paddy-Gulping Harvest Worm,2015 稲刈り　Japanese harvesting of the rice,SHIO Channel,,https://www.youtube.com/watch?v=BHJzzUvd2vA,7430181,,0.0,IRRELEVANT,1,2026-08-28 16:34:23.026635
8,Paddy-Gulping Harvest Worm,11,Paddy-Gulping Harvest Worm,yanmar combine harvester in japan I Half feed mini combine harvester I Yanmar harvester machine,Blue Chemp,,https://www.youtube.com/watch?v=G4ed2W-p9WE,3999,,0.0,IRRELEVANT,0,2026-08-28 16:34:23.027643
8,Paddy-Gulping Harvest Worm,11,Paddy-Gulping Harvest Worm,Kubota Combine Harvester DR6130SX specification work scene,西川ライス Nishikawa Rice,,https://www.youtube.com/watch?v=DnE3XdgWZmQ,817863,,0.0,IRRELEVANT,1,2026-08-28 16:34:23.027643
8,Paddy-Gulping Harvest Worm,11,Paddy-Gulping Harvest Worm,Awesome Rice Harvester Working Skills Machine | Technology Agriculture Crop Machine Equipment,Tractor Cambodia,,https://www.youtube.com/watch?v=hfG1btm3e1g,3504773,,0.0,IRRELEVANT,1,2026-08-28 16:34:23.028635
9,Rice Moon Harvester,12,Rice Moon Harvester,Amazing Rice Harvester in Japan,Nagano Vlog,,https://www.youtube.com/watch?v=iAFYMGEBbhI,7955096,,0.4,CLOSE,1,2026-08-28 16:38:29.591107
9,Rice Moon Harvester,12,Rice Moon Harvester,"ধান কাটাই মাড়াই এক সাথেই || Rice Harvester machine || Rice cutting machine,   india",Moon pakhhi,,https://www.youtube.com/watch?v=_R_6qnkDaYM,31,,0.3333,CLOSE,0,2026-08-28 16:38:29.586112
9,Rice Moon Harvester,12,Rice Moon Harvester,"Mini Rice Harvester Machine 01792772477,01788803336",USA DIY,,https://www.youtube.com/watch?v=q56qorkhDyM,385444,,0.2857,SUBSTITUTE,1,2026-08-28 16:38:29.590106
9,Rice Moon Harvester,12,Rice Moon Harvester,Manual paddy rice harvester made in Japan,Japan Agri Trading,,https://www.youtube.com/watch?v=1s024AKMntM,41282,,0.2857,SUBSTITUTE,0,2026-08-28 16:38:29.592101
9,Rice Moon Harvester,12,Rice Moon Harvester,KARTAR 3500 (G) #kartarcombine #harvest #harvesting #harvester #rice,Ayp Moon,,https://www.youtube.com/watch?v=t_7xj1v8HUY,3398,,0.25,SUBSTITUTE,0,2026-08-28 16:38:29.582106
9,Rice Moon Harvester,12,Rice Moon Harvester,rice harvesting machine I Yanmar combine harvester machine I Mini harvester ,Blue Chemp,,https://www.youtube.com/watch?v=Cx1SndEIwsE,1049,,0.25,SUBSTITUTE,0,2026-08-28 16:38:29.588102
9,Rice Moon Harvester,12,Rice Moon Harvester,Impressive rice harvester by farmer use Kubota harvester machine |  Operators rice cutting machine,Tractor Cambodia,,https://www.youtube.com/watch?v=mNPZVIsBXuY,10059,,0.2,SUBSTITUTE,0,2026-08-28 16:38:29.585108
9,Rice Moon Harvester,12,Rice Moon Harvester,"Kubota combine harvester, import from Japan rice cutting machine | farming machine",Punjab village Tractors,,https://www.youtube.com/watch?v=Hlm4XBTnW8w,3234399,,0.2,SUBSTITUTE,1,2026-08-28 16:38:29.589106
9,Rice Moon Harvester,12,Rice Moon Harvester,जापानी मिनी हार्वेस्टर II Kubota mini harvester,Blue Chemp,,https://www.youtube.com/watch?v=sGS_IbJyCdI,234559,,0.2,SUBSTITUTE,1,2026-08-28 16:38:29.591107
9,Rice Moon Harvester,12,Rice Moon Harvester,"007 🔥 Iseki 6123, 6-row, 123 horsepower Japanese rice harvester",Farm Machinery Reviews,,https://www.youtube.com/watch?v=I8PuqB-ytWM,5879,,0.2,SUBSTITUTE,0,2026-08-28 16:38:29.592101
9,Rice Moon Harvester,12,Rice Moon Harvester,A Day Harvesting Rice with My Loved One | Ghibli AI Art Style & Moon Rise,Rustic Ghibli,,https://www.youtube.com/watch?v=iCh1VNbdg18,73,,0.1818,SUBSTITUTE,0,2026-08-28 16:38:29.582106
9,Rice Moon Harvester,12,Rice Moon Harvester,Kubota Combine Harvester Working Skills Rice Harvesting Safety Operator Cropping,Machine TV Cambodia,,https://www.youtube.com/watch?v=bupjS7MdT6M,153912,,0.1818,SUBSTITUTE,1,2026-08-28 16:38:29.588102
9,Rice Moon Harvester,12,Rice Moon Harvester,Awesome Rice Harvester Working Skills Machine | Technology Agriculture Crop Machine Equipment,Tractor Cambodia,,https://www.youtube.com/watch?v=hfG1btm3e1g,3504773,,0.1818,SUBSTITUTE,1,2026-08-28 16:38:29.593107
9,Rice Moon Harvester,12,Rice Moon Harvester,"Full Moon, Fragrance of Ripe Rice, Farmers Busy Harvesting Crops | Liziqi Channel",李子柒 Liziqi,,https://www.youtube.com/watch?v=xSDMTIe90AY,43507859,,0.1667,SUBSTITUTE,1,2026-08-28 16:38:29.582106
9,Rice Moon Harvester,12,Rice Moon Harvester,Powerful Combine Harvester Working Skills | Modern Farming Techniques Harvest Rice In Cambodia,Tractor Cambodia,,https://www.youtube.com/watch?v=MV8sbOrdFUg,8589,,0.1667,SUBSTITUTE,0,2026-08-28 16:38:29.583106
9,Rice Moon Harvester,12,Rice Moon Harvester,Redlands Combine Harvester TR22,Redlands Ashlyn Group of Companies,,https://www.youtube.com/watch?v=M4fv6hFw-wY,3694,,0.1667,SUBSTITUTE,0,2026-08-28 16:38:29.583106
9,Rice Moon Harvester,12,Rice Moon Harvester,Rebel Moon 2: Slow-Mo Farming,David Bux,,https://www.youtube.com/watch?v=FRjfZ90YSSA,14965,,0.1667,SUBSTITUTE,0,2026-08-28 16:38:29.584110
9,Rice Moon Harvester,12,Rice Moon Harvester,Rice 🍚 Harvesting 🌾/zheishe/village,Eukali Yeptho ,,https://www.youtube.com/watch?v=rprk1EldWpc,130,,0.1667,SUBSTITUTE,0,2026-08-28 16:38:29.584110
9,Rice Moon Harvester,12,Rice Moon Harvester,Harvesting Rice in South Korea,actuallyGOTone,,https://www.youtube.com/watch?v=vhlTflmevcI,101,,0.1667,SUBSTITUTE,0,2026-08-28 16:38:29.585108
9,Rice Moon Harvester,12,Rice Moon Harvester,Top diy tractor making mini Rice Harvester Machine | diy Planting & Harvesting Rice Fields | HP Mini,HP Mini DIY Tractor,,https://www.youtube.com/watch?v=N6eHLB3C8uA,67374363,,0.1667,SUBSTITUTE,1,2026-08-28 16:38:29.590106
9,Rice Moon Harvester,12,Rice Moon Harvester,Old Style Rice Harvesting in Japan!,TheJapanChannelDcom,,https://www.youtube.com/watch?v=rUlfrD_cFcw,10533,,0.1429,SUBSTITUTE,0,2026-08-28 16:38:29.593107
9,Rice Moon Harvester,12,Rice Moon Harvester,How Japanese Farmers Harvest Millions of Rice | Farming Documentary,Posy Farm,,https://www.youtube.com/watch?v=PqHHrEUPTz4,250308,,0.1111,IRRELEVANT,1,2026-08-28 16:38:29.592101
9,Rice Moon Harvester,12,Rice Moon Harvester,Kubota Combine Harvester DR6130SX specification work scene,西川ライス Nishikawa Rice,,https://www.youtube.com/watch?v=DnE3XdgWZmQ,817852,,0.1111,IRRELEVANT,1,2026-08-28 16:38:29.593107
9,Rice Moon Harvester,12,Rice Moon Harvester,"Local Indonesian daily activities, Traditional rice harvesting in Indonesia",Cook on Track,,https://www.youtube.com/watch?v=hF-QGUjD3Hc,1606,,0.1,IRRELEVANT,0,2026-08-28 16:38:29.586112
9,Rice Moon Harvester,12,Rice Moon Harvester,Mini Harvester machine testing in wheat field I Mini harvester I japani harvester I paddy harvester,Blue Chemp,,https://www.youtube.com/watch?v=nBM24H2z9Vg,491779,,0.1,IRRELEVANT,1,2026-08-28 16:38:29.591107
9,Rice Moon Harvester,12,Rice Moon Harvester,yanmar combine harvester in japan I Half feed mini combine harvester I Yanmar harvester machine,Blue Chemp,,https://www.youtube.com/watch?v=G4ed2W-p9WE,3999,,0.1,IRRELEVANT,0,2026-08-28 16:38:29.593107
9,Rice Moon Harvester,12,Rice Moon Harvester,"Complete the work of harvesting rice, gather rice and thresh it with a mini threshing machine",Hoàng Thị Bình - live with nature,,https://www.youtube.com/watch?v=YPwXKFrdSmI,2941837,,0.0909,IRRELEVANT,1,2026-08-28 16:38:29.585108
9,Rice Moon Harvester,12,Rice Moon Harvester,Driverless REAPER BINDER MACHINE Harvesting Paddy / Rice | Automatic Mini Reaper Binder Machine,AgriBasket Tools,,https://www.youtube.com/watch?v=B19D_qjqds4,2866294,,0.0909,IRRELEVANT,1,2026-08-28 16:38:29.588102
9,Rice Moon Harvester,12,Rice Moon Harvester,Japanese Rice Harvesting Technology Amazing Rice Agriculture Technology in Japan Modern Rice Farming,Complete Agriculture,,https://www.youtube.com/watch?v=32s_qirzcok,3080507,,0.0909,IRRELEVANT,1,2026-08-28 16:38:29.589106
9,Rice Moon Harvester,12,Rice Moon Harvester,The GIGANTIC Combine Harvester & Other Harvesting Machines 🚜🌾 Tractor Ted Clips & Songs,Tractor Ted,,https://www.youtube.com/watch?v=fNdK6MwMoSA,4827380,,0.0833,IRRELEVANT,1,2026-08-28 16:38:29.589106
9,Rice Moon Harvester,12,Rice Moon Harvester,How Taiwan Farmers Plant and Harvest Rice to a New Level | Most Satisfying Agriculture Technology,AhTech,,https://www.youtube.com/watch?v=BETc5iM9iYk,1763016,,0.0769,IRRELEVANT,1,2026-08-28 16:38:29.587106
9,Rice Moon Harvester,12,Rice Moon Harvester,Modern Agriculture Machines on Another Level – Farmers Reap Millions Tons in Massive Harvests,Agriculture Insight,,https://www.youtube.com/watch?v=N-BpKLHSYE4,5445301,,0.0,IRRELEVANT,1,2026-08-28 16:38:29.587106
9,Rice Moon Harvester,12,Rice Moon Harvester,First Day out with the NEW Combine | Claas Lexion 8900 vs 780 | Seed Wheat Harvest '24 - KMWP Farms,Tractorspotter,,https://www.youtube.com/watch?v=7_dJHRmruHU,1356752,,0.0,IRRELEVANT,1,2026-08-28 16:38:29.587106
9,Rice Moon Harvester,12,Rice Moon Harvester,JOHN DEERE 16 Row Folding Corn Head C16F,bigtractorpower,,https://www.youtube.com/watch?v=cMmlQYP1Rh4,16607879,,0.0,IRRELEVANT,1,2026-08-28 16:38:29.590106
10,The Infinite Rice Factory,13,Paddy Harvesting,Remarkable Rice: how does rice grow,Eat Happy Project,,https://www.youtube.com/watch?v=kxAEiHCErSA,1472934,,0.1667,SUBSTITUTE,1,2026-08-28 18:23:48.318870
10,The Infinite Rice Factory,13,Paddy Harvesting,DO-IT – Farmer harvesting organic Basmati rice in India,DO IT Organic,,https://www.youtube.com/watch?v=OuInpXWh4AM,38770,,0.125,SUBSTITUTE,0,2026-08-28 18:23:48.318870
10,The Infinite Rice Factory,13,Paddy Harvesting,How Tons of Rice Harvested & Processed | Modern Rice Agriculture Technology,Wondastic Tech,,https://www.youtube.com/watch?v=kT1R7Hkps5M,765511,,0.1111,IRRELEVANT,1,2026-08-28 18:23:48.318870
10,The Infinite Rice Factory,13,Paddy Harvesting,Amazing Rice Growing process in the Philippines from Seed to Table!,Global Lens,,https://www.youtube.com/watch?v=4dxzlspJ1eg,103768,,0.1111,IRRELEVANT,1,2026-08-28 18:23:48.318870
10,The Infinite Rice Factory,13,Paddy Harvesting,"GLOBALink | How rice and fish harvested together in Guizhou, China",New China TV,,https://www.youtube.com/watch?v=TRhwFrpkVoE,42859,,0.1111,IRRELEVANT,0,2026-08-28 18:23:48.318870
10,The Infinite Rice Factory,13,Paddy Harvesting,Bangladeshi Farmers Harvesting Paddy 🌾 |Modern Rice Farming with Harvester,Stay with Maruf,,https://www.youtube.com/watch?v=OZyeOmeNJUA,199,,0.1,IRRELEVANT,0,2026-08-28 18:23:48.318870
10,The Infinite Rice Factory,13,Paddy Harvesting,"How Rice is Made : Step by Step Growing Rice Paddy Farming, South India",The RubieVerse,,https://www.youtube.com/watch?v=qHIKRwYe3Cs,10674425,,0.1,IRRELEVANT,1,2026-08-28 18:23:48.318870
10,The Infinite Rice Factory,13,Paddy Harvesting,How Taiwan Farmers Harvest Rice - Rice Planting and Harvesting Process | Farming Documentary,Sprout Garden,,https://www.youtube.com/watch?v=vi1JFOInKrI,1072455,,0.0909,IRRELEVANT,1,2026-08-28 18:23:48.318870
10,The Infinite Rice Factory,13,Paddy Harvesting,"How To Harvest Upland Sticky Rice - Bring Upland Rice Go To Market Sell, Free Bushcraft",Phương - Free Bushcraft,,https://www.youtube.com/watch?v=kcIzl8Lb864,2468335,,0.0909,IRRELEVANT,1,2026-08-28 18:23:48.318870
10,The Infinite Rice Factory,13,Paddy Harvesting,How Taiwan Farmers Plant and Harvest Rice to a New Level | Most Satisfying Agriculture Technology,AhTech,,https://www.youtube.com/watch?v=BETc5iM9iYk,1763260,,0.0769,IRRELEVANT,1,2026-08-28 18:23:48.318870
10,The Infinite Rice Factory,13,Paddy Harvesting,"Full Moon, Fragrance of Ripe Rice, Farmers Busy Harvesting Crops | Liziqi Channel",李子柒 Liziqi,,https://www.youtube.com/watch?v=xSDMTIe90AY,43508011,,0.0769,IRRELEVANT,1,2026-08-28 18:23:48.318870
10,The Infinite Rice Factory,13,Paddy Harvesting,Preet Combine Harvester and Sonalika 60 Rx Tractor with Full Size Trailer,Pramod`s Life,,https://www.youtube.com/watch?v=RH-Qa4DI7k0,72626962,,0.0,IRRELEVANT,1,2026-08-28 18:23:48.318870
10,The Infinite Rice Factory,13,Paddy Harvesting,2025 New Model Gam Harvester Boro Paddy Cutting Work | Harvester Machine,Assam Vehicle Channel ,,https://www.youtube.com/watch?v=5itpJAWmPCA,249752,,0.0,IRRELEVANT,1,2026-08-28 18:23:48.318870
10,The Infinite Rice Factory,13,Paddy Harvesting,First Day out with the NEW Combine | Claas Lexion 8900 vs 780 | Seed Wheat Harvest '24 - KMWP Farms,Tractorspotter,,https://www.youtube.com/watch?v=7_dJHRmruHU,1356946,,0.0,IRRELEVANT,1,2026-08-28 18:23:48.318870
10,The Infinite Rice Factory,13,Paddy Harvesting,Amazing Kubota Mini Combine Harvester | Fast Paddy Cutting Machine | Mahindra Tractor,Raj Tractor,,https://www.youtube.com/watch?v=1lp31qi7Ou8,354838,,0.0,IRRELEVANT,1,2026-08-28 18:23:48.318870
10,The Infinite Rice Factory,13,Paddy Harvesting,LOVOL RG108 HARVESTER PADDY HARVESTING || SWARAJ TRACTOR WORKING WITH TROLEY || KPM TRACTORS ,KPM TRACTERS ,,https://www.youtube.com/watch?v=ylNXH-d3aC0,84698,,0.0,IRRELEVANT,0,2026-08-28 18:23:48.318870
10,The Infinite Rice Factory,13,Paddy Harvesting,How to draw a scenery of cultivation Step by step (very easy) || Art video,Farjana Drawing Academy,,https://www.youtube.com/watch?v=IxRge0xg2MA,849583,,0.0,IRRELEVANT,1,2026-08-28 18:23:48.318870
10,The Infinite Rice Factory,13,Paddy Harvesting,Paddy Field With Farmer Scenery Drawing Easy | Cultivation Scenery Drawing | Village Farmer Drawing,Jharna Art Gallery,,https://www.youtube.com/watch?v=65PF2ameQ8I,150570,,0.0,IRRELEVANT,1,2026-08-28 18:23:48.318870
10,The Infinite Rice Factory,13,Paddy Harvesting,How to draw a Crops / Paddy Harvesting Scenery easy || pencil sketch || VJB Drawing Place,VJB Drawing,,https://www.youtube.com/watch?v=HCiR7Q9arjs,1723,,0.0,IRRELEVANT,0,2026-08-28 18:23:48.318870
10,The Infinite Rice Factory,13,Paddy Harvesting,how to draw the scenery of paddy harvesting | paddy harvesting drawing | village scenery drawing,mydrawing4u,,https://www.youtube.com/watch?v=X7VBECsIsbw,1634,,0.0,IRRELEVANT,0,2026-08-28 18:23:48.318870
10,The Infinite Rice Factory,13,Paddy Harvesting,How to draw the scenery of farmers harvesting paddy on fields|agriculture drawing easy steps,Honey Bee Arts,,https://www.youtube.com/watch?v=sixHBVcrLnI,40122,,0.0,IRRELEVANT,0,2026-08-28 18:23:48.318870
10,The Infinite Rice Factory,13,Paddy Harvesting,Watercolor Painting : A Composition on Farmers Harvesting Paddy,Paint Academy,,https://www.youtube.com/watch?v=Jl8o8389jf8,3588,,0.0,IRRELEVANT,0,2026-08-28 18:23:48.318870
10,The Infinite Rice Factory,13,Paddy Harvesting,Farmers harvesting paddy on field || ধান কাটার দৃশ্য,Rafiq Art & Craft,,https://www.youtube.com/watch?v=pL4cMQ1Sg0w,123,,0.0,IRRELEVANT,0,2026-08-28 18:23:48.318870
10,The Infinite Rice Factory,13,Paddy Harvesting,Realistic watercolor painting. Scenery drawing. Paddy harvesting painting #easy #drawing #art,Mubarak Art Gallery BD,,https://www.youtube.com/watch?v=YmDISaZA4lg,51,,0.0,IRRELEVANT,0,2026-08-28 18:23:48.318870
10,The Infinite Rice Factory,13,Paddy Harvesting,"Paddy field with farmer scenery drawing| Village scenery drawing|Tree, bird,sun, House  drawing",It's Easy to draw,,https://www.youtube.com/watch?v=Ip3Mm1TIrtE,832084,,0.0,IRRELEVANT,1,2026-08-28 18:23:48.318870
10,The Infinite Rice Factory,13,Paddy Harvesting,Paddy Field With Farmer Scenery drawing easy| Village Landscape Scenery drawing easy| Winter Scenery,It's Easy to draw,,https://www.youtube.com/watch?v=kLB-8oDq5_o,198741,,0.0,IRRELEVANT,1,2026-08-28 18:23:48.318870
10,The Infinite Rice Factory,13,Paddy Harvesting,How to Draw a Village Landscape where farmers harvesting paddy on fields | Episode- 12,Paint Academy,,https://www.youtube.com/watch?v=4NFfI_WgL6E,388317,,0.0,IRRELEVANT,1,2026-08-28 18:23:48.318870
10,The Infinite Rice Factory,13,Paddy Harvesting,How to draw late autumn season//paddy harvesting scenary step by step,RAFA DRAWING ACADEMY ,,https://www.youtube.com/watch?v=-Z4IrAneK-Y,7,,0.0,IRRELEVANT,0,2026-08-28 18:23:48.318870
11,Colossal Wheat Combine Titan,5,Wheat Field machine,ZOOMLION TE100 Wheeled Wheat Combine Harvester,ZOOMLION AG,,https://www.youtube.com/watch?v=Zb-NNcJAmLE,10888,,0.25,SUBSTITUTE,0,2026-08-28 14:22:25.165737
11,Colossal Wheat Combine Titan,5,Wheat Field machine,TAGRM 4LZ-1.2 Small rice/wheat combine harvester,cfh080 的频道,,https://www.youtube.com/watch?v=yVkdSKOWlmQ,29016,,0.2222,SUBSTITUTE,0,2026-08-28 14:22:25.163500
11,Colossal Wheat Combine Titan,5,Wheat Field machine,Wheat Harvesting in the UK | New Holland CR11 w/ 50ft / 15.2m Flex Header | The New Mega Combine,Tractorspotter,,https://www.youtube.com/watch?v=jyl9S241c-8,1288750,,0.1667,SUBSTITUTE,1,2026-08-28 14:22:25.157339
11,Colossal Wheat Combine Titan,5,Wheat Field machine,Wheat field in Kansas,Dave Williams,,https://www.youtube.com/watch?v=SmLnVt13PvQ,29107,,0.1667,SUBSTITUTE,0,2026-08-28 14:22:25.178163
11,Colossal Wheat Combine Titan,5,Wheat Field machine,Brand New Massey Ferguson 9380 Delta combine on demonstration in the UK for the first time in wheat,Chandlers (Farm Equipment) Ltd,,https://www.youtube.com/watch?v=kmd5DOnpA6o,87491,,0.1538,SUBSTITUTE,0,2026-08-28 14:22:25.164630
11,Colossal Wheat Combine Titan,5,Wheat Field machine,60minutes2relax - Golden Wheat Field,60minutes2relax,,https://www.youtube.com/watch?v=GqntA0XsWg8,741540,,0.1429,SUBSTITUTE,1,2026-08-28 14:22:25.179202
11,Colossal Wheat Combine Titan,5,Wheat Field machine,Wheat Field Background Stock Video,Motion Array,,https://www.youtube.com/watch?v=ltB2HUSZnUo,17671,,0.1429,SUBSTITUTE,0,2026-08-28 14:22:25.181358
11,Colossal Wheat Combine Titan,5,Wheat Field machine,Wheat Field Timelapse - 2013,SeedMaster,,https://www.youtube.com/watch?v=Ji_mkCWJhSI,39808,,0.1429,SUBSTITUTE,0,2026-08-28 14:22:25.182413
11,Colossal Wheat Combine Titan,5,Wheat Field machine,Gladiator - Wheat Field - scene,Gilberto Marques Francisco,,https://www.youtube.com/watch?v=enGTk409iQk,536417,,0.1429,SUBSTITUTE,1,2026-08-28 14:22:25.182413
11,Colossal Wheat Combine Titan,5,Wheat Field machine,My Wheat Field scene | GLADIATOR,Jesús Ocaña,,https://www.youtube.com/watch?v=x-q3VRaLF_o,156624,,0.1429,SUBSTITUTE,1,2026-08-28 14:22:25.183468
11,Colossal Wheat Combine Titan,5,Wheat Field machine,First Day out with the NEW Combine | Claas Lexion 8900 vs 780 | Seed Wheat Harvest '24 - KMWP Farms,Tractorspotter,,https://www.youtube.com/watch?v=7_dJHRmruHU,1356607,,0.125,SUBSTITUTE,1,2026-08-28 14:22:25.155682
11,Colossal Wheat Combine Titan,5,Wheat Field machine,Massive Wheat Harvest: 7 Combines at Work,Tractor Chasers,,https://www.youtube.com/watch?v=Hj6KBI2nNeY,406049,,0.125,SUBSTITUTE,1,2026-08-28 14:22:25.159591
11,Colossal Wheat Combine Titan,5,Wheat Field machine,How to make an Auto Wheat Farm in Minecraft,Tresure Toad,,https://www.youtube.com/watch?v=MFeKPeg1WYs,3486843,,0.125,SUBSTITUTE,1,2026-08-28 14:22:25.167891
11,Colossal Wheat Combine Titan,5,Wheat Field machine,Easy automatic wheat farm 26.1+ | 26.1 Java,Endless Gamer,,https://www.youtube.com/watch?v=ppC1z13iXY4,310073,,0.125,SUBSTITUTE,1,2026-08-28 14:22:25.171127
11,Colossal Wheat Combine Titan,5,Wheat Field machine,Wheat Field at Sunset | Birdsong Field Ambience,A Winter's Night,,https://www.youtube.com/watch?v=dWjHm22F8Y8,31485,,0.125,SUBSTITUTE,0,2026-08-28 14:22:25.182413
11,Colossal Wheat Combine Titan,5,Wheat Field machine,Yume 2kki OST - Wheat Field (Extended),Borby,,https://www.youtube.com/watch?v=yuZA6-RdZbo,51294,,0.1111,IRRELEVANT,0,2026-08-28 14:22:25.180267
11,Colossal Wheat Combine Titan,5,Wheat Field machine,Alan walker-wheat fields(fast & furious),IGNACIO CASIA MIKE GUISBERTH,,https://www.youtube.com/watch?v=bXZVD0-TtF4,17174,,0.1111,IRRELEVANT,0,2026-08-28 14:22:25.183468
11,Colossal Wheat Combine Titan,5,Wheat Field machine,NH 480 Tractor Wheat Cutter / Front Reaper / Wheat Harvesting,Agricultural Tractors,,https://www.youtube.com/watch?v=rtPOZiW48z0,425045,,0.1,IRRELEVANT,1,2026-08-28 14:22:25.165737
11,Colossal Wheat Combine Titan,5,Wheat Field machine,Mini Harvester machine testing in wheat field I Mini harvester I japani harvester I paddy harvester,Blue Chemp,,https://www.youtube.com/watch?v=nBM24H2z9Vg,491728,,0.0909,IRRELEVANT,1,2026-08-28 14:22:25.156743
11,Colossal Wheat Combine Titan,5,Wheat Field machine,"JOHN DEERE X9 1100 Combines Harvesting 12,000 Acres of Wheat",bigtractorpower,,https://www.youtube.com/watch?v=9HVR-a5MEkE,155618,,0.0909,IRRELEVANT,1,2026-08-28 14:22:25.162409
11,Colossal Wheat Combine Titan,5,Wheat Field machine,Easy Automatic Wheat Farm Tutorial in Minecraft 1.21 | Java & Bedrock,BrianCraft,,https://www.youtube.com/watch?v=qS-kpnX-Y5I,564933,,0.0909,IRRELEVANT,1,2026-08-28 14:22:25.168981
11,Colossal Wheat Combine Titan,5,Wheat Field machine,Minecraft Automatic Wheat Farm 26.1 | Easy Fully Auto Wheat Farm Tutorial,Dusty Dude,,https://www.youtube.com/watch?v=4-uMPAKz8ns,39584,,0.0909,IRRELEVANT,0,2026-08-28 14:22:25.173368
11,Colossal Wheat Combine Titan,5,Wheat Field machine,Soft Breeze Swaying over a Wheat Field | 10 hours of Ambience,SoundsCalm,,https://www.youtube.com/watch?v=7uKvdJ8A9lw,155382,,0.0909,IRRELEVANT,1,2026-08-28 14:22:25.181358
11,Colossal Wheat Combine Titan,5,Wheat Field machine,Ultimate AFK Wheat Farm in Minecraft 1.21 - Villager Auto Harvest Tutorial,Incandescent,,https://www.youtube.com/watch?v=S9035bT9cEE,2228,,0.0833,IRRELEVANT,0,2026-08-28 14:22:25.172273
11,Colossal Wheat Combine Titan,5,Wheat Field machine,Texas Brand Brush cutter perfect solution for your Wheat cutting and paddy field.....,Ashish kumar,,https://www.youtube.com/watch?v=FqDuZRkTYeo,8495,,0.0769,IRRELEVANT,0,2026-08-28 14:22:25.160710
11,Colossal Wheat Combine Titan,5,Wheat Field machine,The GIGANTIC Combine Harvester & Other Harvesting Machines 🚜🌾 Tractor Ted Clips & Songs,Tractor Ted,,https://www.youtube.com/watch?v=fNdK6MwMoSA,4826844,,0.0769,IRRELEVANT,1,2026-08-28 14:22:25.166816
11,Colossal Wheat Combine Titan,5,Wheat Field machine,Minecraft Villager Auto Crop Farm Tutorial -  Potato Wheat Carrot Beetroot,Eyecraftmc,,https://www.youtube.com/watch?v=fyxyAG1Ojb8,2690132,,0.0769,IRRELEVANT,1,2026-08-28 14:22:25.175918
11,Colossal Wheat Combine Titan,5,Wheat Field machine,OST GIRLFRIEND | LAN XIN YU - WHEAT FIELD 蓝心羽 - 麦田 [LYRICS HAN+PIN+ENG] 楼下女友请签收 OST,McYoung TraVlog,,https://www.youtube.com/watch?v=IA7jmBDmApY,181595,,0.0769,IRRELEVANT,1,2026-08-28 14:22:25.178163
11,Colossal Wheat Combine Titan,5,Wheat Field machine,Auto Wheat Farm in Minecraft Bedrock 26.3/1.21+ (MCPE/Xbox/PS4/Nintendo Switch/Windows10),OinkOink,,https://www.youtube.com/watch?v=CG2Sqy_86dw,561154,,0.0714,IRRELEVANT,1,2026-08-28 14:22:25.171707
11,Colossal Wheat Combine Titan,5,Wheat Field machine,Wheat Farm FAST Fully AFK | Minecraft Farm Tutorial | BEDROCK MCPE XBOX PS SWITCH,OmLedu,,https://www.youtube.com/watch?v=Jh8iP2iytRg,57687,,0.0714,IRRELEVANT,0,2026-08-28 14:22:25.177016
11,Colossal Wheat Combine Titan,5,Wheat Field machine,JOHN DEERE 16 Row Folding Corn Head C16F,bigtractorpower,,https://www.youtube.com/watch?v=cMmlQYP1Rh4,16606578,,0.0,IRRELEVANT,1,2026-08-28 14:22:25.158496
11,Colossal Wheat Combine Titan,5,Wheat Field machine,The BEST Nano Crop Farm in Minecraft 1.21+ (Tutorial),Triloms,,https://www.youtube.com/watch?v=zQP8QB3-hNQ,801274,,0.0,IRRELEVANT,1,2026-08-28 14:22:25.170068
11,Colossal Wheat Combine Titan,5,Wheat Field machine,EASY AUTOMATIC CROP FARM 1.20 - Minecraft Bedrock Edition Tutorial,Hex Gaming,,https://www.youtube.com/watch?v=XCN04qo9qKI,506770,,0.0,IRRELEVANT,1,2026-08-28 14:22:25.174513
11,Colossal Wheat Combine Titan,5,Wheat Field machine,Minecraft How to Make an EASY Semi-Automatic Crop Farm 1.20+ Tutorial,narkonax,,https://www.youtube.com/watch?v=F2fSqJC3fiE,468311,,0.0,IRRELEVANT,1,2026-08-28 14:22:25.175332
11,Colossal Wheat Combine Titan,5,Wheat Field machine,Easy Auto Crop Farm in Minecraft Bedrock 1.21 – Infinite Crops!,Guy in Bedrock,,https://www.youtube.com/watch?v=is8ZyOzp3rM,256438,,0.0,IRRELEVANT,1,2026-08-28 14:22:25.175918
12,The Solar Wheat Sifter,6,Wheat Field,Wheat field in Kansas,Dave Williams,,https://www.youtube.com/watch?v=SmLnVt13PvQ,29107,,0.2,SUBSTITUTE,0,2026-08-28 14:34:54.435806
12,The Solar Wheat Sifter,6,Wheat Field,60minutes2relax - Golden Wheat Field,60minutes2relax,,https://www.youtube.com/watch?v=GqntA0XsWg8,741541,,0.1667,SUBSTITUTE,1,2026-08-28 14:34:54.435806
12,The Solar Wheat Sifter,6,Wheat Field,Wheat Field Background Stock Video,Motion Array,,https://www.youtube.com/watch?v=ltB2HUSZnUo,17671,,0.1667,SUBSTITUTE,0,2026-08-28 14:34:54.435806
12,The Solar Wheat Sifter,6,Wheat Field,Wheat Field Timelapse - 2013,SeedMaster,,https://www.youtube.com/watch?v=Ji_mkCWJhSI,39808,,0.1667,SUBSTITUTE,0,2026-08-28 14:34:54.435806
12,The Solar Wheat Sifter,6,Wheat Field,Gladiator - Wheat Field - scene,Gilberto Marques Francisco,,https://www.youtube.com/watch?v=enGTk409iQk,536417,,0.1667,SUBSTITUTE,1,2026-08-28 14:34:54.435806
12,The Solar Wheat Sifter,6,Wheat Field,My Wheat Field scene | GLADIATOR,Jesús Ocaña,,https://www.youtube.com/watch?v=x-q3VRaLF_o,156624,,0.1667,SUBSTITUTE,1,2026-08-28 14:34:54.447330
12,The Solar Wheat Sifter,6,Wheat Field,李健【风吹麦浪The Wind Over the Wheat Field】,QQSUN,,https://www.youtube.com/watch?v=4NAXUmG5fwA,499131,,0.1667,SUBSTITUTE,1,2026-08-28 14:34:54.447330
12,The Solar Wheat Sifter,6,Wheat Field,Wheat Field at Sunset | Birdsong Field Ambience,A Winter's Night,,https://www.youtube.com/watch?v=dWjHm22F8Y8,31485,,0.1429,SUBSTITUTE,0,2026-08-28 14:34:54.435806
12,The Solar Wheat Sifter,6,Wheat Field,Massive Wheat Harvest: 7 Combines at Work,Tractor Chasers,,https://www.youtube.com/watch?v=Hj6KBI2nNeY,406036,,0.1429,SUBSTITUTE,1,2026-08-28 14:34:54.447330
12,The Solar Wheat Sifter,6,Wheat Field,Yume 2kki OST - Wheat Field (Extended),Borby,,https://www.youtube.com/watch?v=yuZA6-RdZbo,51294,,0.125,SUBSTITUTE,0,2026-08-28 14:34:54.435806
12,The Solar Wheat Sifter,6,Wheat Field,Alan walker-wheat fields(fast & furious),IGNACIO CASIA MIKE GUISBERTH,,https://www.youtube.com/watch?v=bXZVD0-TtF4,17174,,0.125,SUBSTITUTE,0,2026-08-28 14:34:54.447330
12,The Solar Wheat Sifter,6,Wheat Field,Wheat Field with Cypresses (1889) by Vincent van Gogh,Amuze Art Lectures,,https://www.youtube.com/watch?v=XwQQ-Cx6iZY,6947,,0.1111,IRRELEVANT,0,2026-08-28 14:34:54.447330
12,The Solar Wheat Sifter,6,Wheat Field,Wheat Field with Cypresses – Vincent van Gogh | 10 Hours,Wall Art TV,,https://www.youtube.com/watch?v=hszgsif86-I,1707,,0.1111,IRRELEVANT,0,2026-08-28 14:34:54.447330
12,The Solar Wheat Sifter,6,Wheat Field,Activity 10 - Van Gogh 'Wheat Field with crows' - Part 1,Podar International School CBSE - Content Library,,https://www.youtube.com/watch?v=A4NMo1OyUig,1968,,0.1111,IRRELEVANT,0,2026-08-28 14:34:54.452148
12,The Solar Wheat Sifter,6,Wheat Field,Soft Breeze Swaying over a Wheat Field | 10 hours of Ambience,SoundsCalm,,https://www.youtube.com/watch?v=7uKvdJ8A9lw,155382,,0.1,IRRELEVANT,1,2026-08-28 14:34:54.435806
12,The Solar Wheat Sifter,6,Wheat Field,Art Wallpaper | Wheat Field with Cypresses | Vincent van Gogh,Khana,,https://www.youtube.com/watch?v=cXqhslBAXd0,600,,0.1,IRRELEVANT,0,2026-08-28 14:34:54.450063
12,The Solar Wheat Sifter,6,Wheat Field,Van Gogh: Of Wheat Fields and Clouded Skies | Official Trailer | DocPlay,DocPlay,,https://www.youtube.com/watch?v=guoZUSR-AUo,893,,0.0909,IRRELEVANT,0,2026-08-28 14:34:54.447330
12,The Solar Wheat Sifter,6,Wheat Field,OST GIRLFRIEND | LAN XIN YU - WHEAT FIELD 蓝心羽 - 麦田 [LYRICS HAN+PIN+ENG] 楼下女友请签收 OST,McYoung TraVlog,,https://www.youtube.com/watch?v=IA7jmBDmApY,181595,,0.0833,IRRELEVANT,1,2026-08-28 14:34:54.435806
12,The Solar Wheat Sifter,6,Wheat Field,Lumibricks - 21001 Bringing Van Gogh to Life: Wheat Field with Cypresses with Integrated Lights!,LUMIBRICKS,,https://www.youtube.com/watch?v=-RbUm8_qKAw,55278,,0.0769,IRRELEVANT,0,2026-08-28 14:34:54.452678
12,The Solar Wheat Sifter,6,Wheat Field,Wheatfield with Crows by Vincent van Gogh,Van Gogh Museum,,https://www.youtube.com/watch?v=Q372G4ffyhg,25826,,0.0,IRRELEVANT,0,2026-08-28 14:34:54.447330
12,The Solar Wheat Sifter,6,Wheat Field,Exploring Van Gogh’s ‘Wheatfield with Crows’ – A Deep Dive into His Final Masterpiece,Dmytrove,,https://www.youtube.com/watch?v=MeaVG5npMko,257,,0.0,IRRELEVANT,0,2026-08-28 14:34:54.450063
12,The Solar Wheat Sifter,6,Wheat Field,Vincent van Gogh - Wheatfield with Crows (1890),Novema Digital,,https://www.youtube.com/watch?v=IMyzsRGsA_k,175,,0.0,IRRELEVANT,0,2026-08-28 14:34:54.450063
12,The Solar Wheat Sifter,6,Wheat Field,VINCENT‘S SWAN SONG: Wheatfield With Crows by Vincent Van Gogh,1st Art Gallery com,,https://www.youtube.com/watch?v=Ndnz-JgFqOk,8758,,0.0,IRRELEVANT,0,2026-08-28 14:34:54.451293
12,The Solar Wheat Sifter,6,Wheat Field,"“Wheatfield with Crows” , Beyond Van Gogh",Jason Akrami,,https://www.youtube.com/watch?v=vp6YnQc1gGc,119,,0.0,IRRELEVANT,0,2026-08-28 14:34:54.451828
12,The Solar Wheat Sifter,6,Wheat Field,Van Gogh Wheatfield with Crows - museumco-4343 - Living Work of Art - 3d VR180,arden,,https://www.youtube.com/watch?v=fS0HupV2Exk,4224,,0.0,IRRELEVANT,0,2026-08-28 14:34:54.452678
13,The Wheat Ocean Harvester,7,Wheat Field machine,Harvester Machine Cutting Wheat | combine Harvester | Combine Harvester In India Harvester | Wheat,Culture Lehnda Punjab,,https://www.youtube.com/watch?v=BBxCzhAF_LQ,21345,,0.2857,SUBSTITUTE,0,2026-08-28 16:09:48.660975
13,The Wheat Ocean Harvester,7,Wheat Field machine,TAGRM 4LZ-1.2 Small rice/wheat combine harvester,cfh080 的频道,,https://www.youtube.com/watch?v=yVkdSKOWlmQ,29025,,0.25,SUBSTITUTE,0,2026-08-28 16:09:48.659976
13,The Wheat Ocean Harvester,7,Wheat Field machine,Mini Harvester machine testing in wheat field I Mini harvester I japani harvester I paddy harvester,Blue Chemp,,https://www.youtube.com/watch?v=nBM24H2z9Vg,491779,,0.2222,SUBSTITUTE,1,2026-08-28 16:09:48.656977
13,The Wheat Ocean Harvester,7,Wheat Field machine,Wheat field in Kansas,Dave Williams,,https://www.youtube.com/watch?v=SmLnVt13PvQ,29107,,0.2,SUBSTITUTE,0,2026-08-28 16:09:48.676982
13,The Wheat Ocean Harvester,7,Wheat Field machine,60minutes2relax - Golden Wheat Field,60minutes2relax,,https://www.youtube.com/watch?v=GqntA0XsWg8,741534,,0.1667,SUBSTITUTE,1,2026-08-28 16:09:48.673986
13,The Wheat Ocean Harvester,7,Wheat Field machine,Gladiator - Wheat Field - scene,Gilberto Marques Francisco,,https://www.youtube.com/watch?v=enGTk409iQk,536479,,0.1667,SUBSTITUTE,1,2026-08-28 16:09:48.677976
13,The Wheat Ocean Harvester,7,Wheat Field machine,Massive Wheat Harvest: 7 Combines at Work,Tractor Chasers,,https://www.youtube.com/watch?v=Hj6KBI2nNeY,406049,,0.1429,SUBSTITUTE,1,2026-08-28 16:09:48.659122
13,The Wheat Ocean Harvester,7,Wheat Field machine,How to make an Auto Wheat Farm in Minecraft,Tresure Toad,,https://www.youtube.com/watch?v=MFeKPeg1WYs,3487022,,0.1429,SUBSTITUTE,1,2026-08-28 16:09:48.661972
13,The Wheat Ocean Harvester,7,Wheat Field machine,Easy automatic wheat farm 26.1+ | 26.1 Java,Endless Gamer,,https://www.youtube.com/watch?v=ppC1z13iXY4,310206,,0.1429,SUBSTITUTE,1,2026-08-28 16:09:48.662976
13,The Wheat Ocean Harvester,7,Wheat Field machine,Wheat Field at Sunset | Birdsong Field Ambience,A Winter's Night,,https://www.youtube.com/watch?v=dWjHm22F8Y8,31485,,0.1429,SUBSTITUTE,0,2026-08-28 16:09:48.677976
13,The Wheat Ocean Harvester,7,Wheat Field machine,Wheat Harvest 2024 at Crossroad Farms in Indiana,Mike Less - Farmhand Mike,,https://www.youtube.com/watch?v=t45sWAqB9TM,473800,,0.125,SUBSTITUTE,1,2026-08-28 16:09:48.660975
13,The Wheat Ocean Harvester,7,Wheat Field machine,Yume 2kki OST - Wheat Field (Extended),Borby,,https://www.youtube.com/watch?v=yuZA6-RdZbo,51294,,0.125,SUBSTITUTE,0,2026-08-28 16:09:48.675983
13,The Wheat Ocean Harvester,7,Wheat Field machine,"JOHN DEERE X9 1100 Combines Harvesting 12,000 Acres of Wheat",bigtractorpower,,https://www.youtube.com/watch?v=9HVR-a5MEkE,155618,,0.1,IRRELEVANT,1,2026-08-28 16:09:48.659122
13,The Wheat Ocean Harvester,7,Wheat Field machine,Easy Automatic Wheat Farm Tutorial in Minecraft 1.21 | Java & Bedrock,BrianCraft,,https://www.youtube.com/watch?v=qS-kpnX-Y5I,565106,,0.1,IRRELEVANT,1,2026-08-28 16:09:48.661972
13,The Wheat Ocean Harvester,7,Wheat Field machine,Minecraft Automatic Wheat Farm 26.1 | Easy Fully Auto Wheat Farm Tutorial,Dusty Dude,,https://www.youtube.com/watch?v=4-uMPAKz8ns,39584,,0.1,IRRELEVANT,0,2026-08-28 16:09:48.663973
13,The Wheat Ocean Harvester,7,Wheat Field machine,Easy Automatic Wheat Farm Tutorial in Minecraft 26.2 | Java & Bedrock,BrianCraft,,https://www.youtube.com/watch?v=aQDKpSRaDrE,29306,,0.1,IRRELEVANT,0,2026-08-28 16:09:48.671986
13,The Wheat Ocean Harvester,7,Wheat Field machine,Soft Breeze Swaying over a Wheat Field | 10 hours of Ambience,SoundsCalm,,https://www.youtube.com/watch?v=7uKvdJ8A9lw,155384,,0.1,IRRELEVANT,1,2026-08-28 16:09:48.674979
13,The Wheat Ocean Harvester,7,Wheat Field machine,"Golden Wheat Field Ambience in 4K - Gentle Wind, Birds, and Crickets",Wander Lodge ,,https://www.youtube.com/watch?v=jYu1-CxNqks,7991,,0.1,IRRELEVANT,0,2026-08-28 16:09:48.676982
13,The Wheat Ocean Harvester,7,Wheat Field machine,Thunderstorm Over Wheat Field | Calm Before the Storm | 3 HOURS,Silent Field,,https://www.youtube.com/watch?v=fRBkdT8Gsxk,93031,,0.1,IRRELEVANT,0,2026-08-28 16:09:48.676982
13,The Wheat Ocean Harvester,7,Wheat Field machine,"Auto Crop Farm Minecraft -  (Carrot, Potato, Wheat) Super Fast 1.21",GrindCraftLab,,https://www.youtube.com/watch?v=rmSiNMkjr5I,45023,,0.0909,IRRELEVANT,0,2026-08-28 16:09:48.670972
13,The Wheat Ocean Harvester,7,Wheat Field machine,Wheat Harvesting in the UK | New Holland CR11 w/ 50ft / 15.2m Flex Header | The New Mega Combine,Tractorspotter,,https://www.youtube.com/watch?v=jyl9S241c-8,1288738,,0.0833,IRRELEVANT,1,2026-08-28 16:09:48.657974
13,The Wheat Ocean Harvester,7,Wheat Field machine,Texas Brand Brush cutter perfect solution for your Wheat cutting and paddy field.....,Ashish kumar,,https://www.youtube.com/watch?v=FqDuZRkTYeo,8499,,0.0833,IRRELEVANT,0,2026-08-28 16:09:48.659976
13,The Wheat Ocean Harvester,7,Wheat Field machine,The GIGANTIC Combine Harvester & Other Harvesting Machines 🚜🌾 Tractor Ted Clips & Songs,Tractor Ted,,https://www.youtube.com/watch?v=fNdK6MwMoSA,4827250,,0.0833,IRRELEVANT,1,2026-08-28 16:09:48.659976
13,The Wheat Ocean Harvester,7,Wheat Field machine,Minecraft Villager Auto Crop Farm Tutorial -  Potato Wheat Carrot Beetroot,Eyecraftmc,,https://www.youtube.com/watch?v=fyxyAG1Ojb8,2690368,,0.0833,IRRELEVANT,1,2026-08-28 16:09:48.669989
13,The Wheat Ocean Harvester,7,Wheat Field machine,OST GIRLFRIEND | LAN XIN YU - WHEAT FIELD 蓝心羽 - 麦田 [LYRICS HAN+PIN+ENG] 楼下女友请签收 OST,McYoung TraVlog,,https://www.youtube.com/watch?v=IA7jmBDmApY,181596,,0.0833,IRRELEVANT,1,2026-08-28 16:09:48.672985
13,The Wheat Ocean Harvester,7,Wheat Field machine,Brand New Massey Ferguson 9380 Delta combine on demonstration in the UK for the first time in wheat,Chandlers (Farm Equipment) Ltd,,https://www.youtube.com/watch?v=kmd5DOnpA6o,87491,,0.0769,IRRELEVANT,0,2026-08-28 16:09:48.660975
13,The Wheat Ocean Harvester,7,Wheat Field machine,Auto Wheat Farm in Minecraft Bedrock 26.3/1.21+ (MCPE/Xbox/PS4/Nintendo Switch/Windows10),OinkOink,,https://www.youtube.com/watch?v=CG2Sqy_86dw,561154,,0.0769,IRRELEVANT,1,2026-08-28 16:09:48.663605
13,The Wheat Ocean Harvester,7,Wheat Field machine,"Harvested Wheat Field Ambience: Wind Through The Grass, Crickets & Distant Frog Sounds",Child of Nature,,https://www.youtube.com/watch?v=ZOCrQJfz8hI,645239,,0.0769,IRRELEVANT,1,2026-08-28 16:09:48.673986
13,The Wheat Ocean Harvester,7,Wheat Field machine,Wind Blowing through a Wheat Field and a Great old Oak Tree (Dark Screen in 1 Hour) 9 Hours,Relaxing Nature Sounds,,https://www.youtube.com/watch?v=nUPk1Pjuy6A,236804,,0.0667,IRRELEVANT,1,2026-08-28 16:09:48.674979
13,The Wheat Ocean Harvester,7,Wheat Field machine,First Day out with the NEW Combine | Claas Lexion 8900 vs 780 | Seed Wheat Harvest '24 - KMWP Farms,Tractorspotter,,https://www.youtube.com/watch?v=7_dJHRmruHU,1356752,,0.0625,IRRELEVANT,1,2026-08-28 16:09:48.656977
13,The Wheat Ocean Harvester,7,Wheat Field machine,JOHN DEERE 16 Row Folding Corn Head C16F,bigtractorpower,,https://www.youtube.com/watch?v=cMmlQYP1Rh4,16607526,,0.0,IRRELEVANT,1,2026-08-28 16:09:48.657974
13,The Wheat Ocean Harvester,7,Wheat Field machine,The BEST Nano Crop Farm in Minecraft 1.21+ (Tutorial),Triloms,,https://www.youtube.com/watch?v=zQP8QB3-hNQ,801529,,0.0,IRRELEVANT,1,2026-08-28 16:09:48.662976
13,The Wheat Ocean Harvester,7,Wheat Field machine,EASY AUTOMATIC CROP FARM 1.20 - Minecraft Bedrock Edition Tutorial,Hex Gaming,,https://www.youtube.com/watch?v=XCN04qo9qKI,506854,,0.0,IRRELEVANT,1,2026-08-28 16:09:48.663973
13,The Wheat Ocean Harvester,7,Wheat Field machine,Minecraft How to Make an EASY Semi-Automatic Crop Farm 1.20+ Tutorial,narkonax,,https://www.youtube.com/watch?v=F2fSqJC3fiE,468311,,0.0,IRRELEVANT,1,2026-08-28 16:09:48.664975
13,The Wheat Ocean Harvester,7,Wheat Field machine,Easy Auto Crop Farm in Minecraft Bedrock 1.21 – Infinite Crops!,Guy in Bedrock,,https://www.youtube.com/watch?v=is8ZyOzp3rM,256467,,0.0,IRRELEVANT,1,2026-08-28 16:09:48.670972
13,The Wheat Ocean Harvester,7,Wheat Field machine,OST Twister (1996): 01. Wheatfield,Classic Soundtracks 📻,,https://www.youtube.com/watch?v=zHTvrEv7uXc,354529,,0.0,IRRELEVANT,1,2026-08-28 16:09:48.677976
14,Titan Sunwheel Irrigator,14,Titan Sunwheel Irrigator,How to make an Auto Wheat Farm in Minecraft,Tresure Toad,,https://www.youtube.com/watch?v=MFeKPeg1WYs,3495725,,0.0,IRRELEVANT,1,2026-09-01 13:42:04.369794
14,Titan Sunwheel Irrigator,14,Titan Sunwheel Irrigator,Easy Automatic Wheat Farm Tutorial in Minecraft 1.21 | Java & Bedrock,BrianCraft,,https://www.youtube.com/watch?v=qS-kpnX-Y5I,573575,,0.0,IRRELEVANT,1,2026-09-01 13:42:04.369794
14,Titan Sunwheel Irrigator,14,Titan Sunwheel Irrigator,Easy automatic wheat farm 26.1+ | 26.1 Java,Endless Gamer,,https://www.youtube.com/watch?v=ppC1z13iXY4,315078,,0.0,IRRELEVANT,1,2026-09-01 13:42:04.369794
14,Titan Sunwheel Irrigator,14,Titan Sunwheel Irrigator,The BEST Nano Crop Farm in Minecraft 1.21+ (Tutorial),Triloms,,https://www.youtube.com/watch?v=zQP8QB3-hNQ,815565,,0.0,IRRELEVANT,1,2026-09-01 13:42:04.374853
14,Titan Sunwheel Irrigator,14,Titan Sunwheel Irrigator,Minecraft Automatic Wheat Farm 26.1 | Easy Fully Auto Wheat Farm Tutorial,Dusty Dude,,https://www.youtube.com/watch?v=4-uMPAKz8ns,44426,,0.0,IRRELEVANT,0,2026-09-01 13:42:04.375387
14,Titan Sunwheel Irrigator,14,Titan Sunwheel Irrigator,Auto Wheat Farm in Minecraft Bedrock 26.3/1.21+ (MCPE/Xbox/PS4/Nintendo Switch/Windows10),OinkOink,,https://www.youtube.com/watch?v=CG2Sqy_86dw,562477,,0.0,IRRELEVANT,1,2026-09-01 13:42:04.375928
14,Titan Sunwheel Irrigator,14,Titan Sunwheel Irrigator,Wheat Farm FAST Fully AFK | Minecraft Farm Tutorial | BEDROCK MCPE XBOX PS SWITCH,OmLedu,,https://www.youtube.com/watch?v=Jh8iP2iytRg,58469,,0.0,IRRELEVANT,0,2026-09-01 13:42:04.375928
14,Titan Sunwheel Irrigator,14,Titan Sunwheel Irrigator,Easy Auto Crop Farm in Minecraft Bedrock 1.21 – Infinite Crops!,Guy in Bedrock,,https://www.youtube.com/watch?v=is8ZyOzp3rM,260204,,0.0,IRRELEVANT,1,2026-09-01 13:42:04.375928
14,Titan Sunwheel Irrigator,14,Titan Sunwheel Irrigator,Building Automatic Farms in Minecraft Hardcore,aCookieGod,,https://www.youtube.com/watch?v=FsuvimkuckQ,15921238,,0.0,IRRELEVANT,1,2026-09-01 13:42:04.375928
14,Titan Sunwheel Irrigator,14,Titan Sunwheel Irrigator,Minecraft Villager Auto Crop Farm Tutorial -  Potato Wheat Carrot Beetroot,Eyecraftmc,,https://www.youtube.com/watch?v=fyxyAG1Ojb8,2702141,,0.0,IRRELEVANT,1,2026-09-01 13:42:04.375928
14,Titan Sunwheel Irrigator,14,Titan Sunwheel Irrigator,More Than Just A Wheat Farm! ▫ Minecraft Survival Guide S3 ▫ Tutorial Let's Play [Ep.117],Pixlriffs,,https://www.youtube.com/watch?v=BWMEdU5hDvQ,75176,,0.0,IRRELEVANT,0,2026-09-01 13:42:04.375928
14,Titan Sunwheel Irrigator,14,Titan Sunwheel Irrigator,BEST 1.21 AUTOMATIC FOOD / CROP FARM TUTORIAL in Minecraft Bedrock (MCPE/PC/Java),Krish Gaming Spot,,https://www.youtube.com/watch?v=VIYqRZTM-5Y,203093,,0.0,IRRELEVANT,1,2026-09-01 13:42:04.375928
14,Titan Sunwheel Irrigator,14,Titan Sunwheel Irrigator,OST GIRLFRIEND | LAN XIN YU - WHEAT FIELD 蓝心羽 - 麦田 [LYRICS HAN+PIN+ENG] 楼下女友请签收 OST,McYoung TraVlog,,https://www.youtube.com/watch?v=IA7jmBDmApY,181704,,0.0,IRRELEVANT,1,2026-09-01 13:42:04.379014
14,Titan Sunwheel Irrigator,14,Titan Sunwheel Irrigator,Wheat Field Timelapse - 2013,SeedMaster,,https://www.youtube.com/watch?v=Ji_mkCWJhSI,39863,,0.0,IRRELEVANT,0,2026-09-01 13:42:04.379526
14,Titan Sunwheel Irrigator,14,Titan Sunwheel Irrigator,"Skäralid — Field Notes 01 | 1 Hour Wheat Field Ambience, No Music",Studio: IV,,https://www.youtube.com/watch?v=BQOOpvCadcg,10,,0.0,IRRELEVANT,0,2026-09-01 13:42:04.379526
14,Titan Sunwheel Irrigator,14,Titan Sunwheel Irrigator,Darkness in the Distance | Thunderstorm over a Wheat Field | NO AI,Silent Field,,https://www.youtube.com/watch?v=2ck8x7v9Ye0,273735,,0.0,IRRELEVANT,1,2026-09-01 13:42:04.379526
14,Titan Sunwheel Irrigator,14,Titan Sunwheel Irrigator,Gladiator - Wheat Field - scene,Gilberto Marques Francisco,,https://www.youtube.com/watch?v=enGTk409iQk,539640,,0.0,IRRELEVANT,1,2026-09-01 13:42:04.379526
14,Titan Sunwheel Irrigator,14,Titan Sunwheel Irrigator,🌾 Countryside Relaxation – Bright Stars & Peaceful Wheat Field | Real Night Insect Sounds ⭐🌙,Peaceful Sounds With Nature,,https://www.youtube.com/watch?v=_gkFgzwmx-M,3,,0.0,IRRELEVANT,0,2026-09-01 13:42:04.379526
14,Titan Sunwheel Irrigator,14,Titan Sunwheel Irrigator,Wheat field in Kansas,Dave Williams,,https://www.youtube.com/watch?v=SmLnVt13PvQ,29153,,0.0,IRRELEVANT,0,2026-09-01 13:42:04.379526
14,Titan Sunwheel Irrigator,14,Titan Sunwheel Irrigator,Wheat Field Background Stock Video,Motion Array,,https://www.youtube.com/watch?v=ltB2HUSZnUo,17781,,0.0,IRRELEVANT,0,2026-09-01 13:42:04.379526
14,Titan Sunwheel Irrigator,14,Titan Sunwheel Irrigator,Wheat Field at Sunset | Birdsong Field Ambience,A Winter's Night,,https://www.youtube.com/watch?v=dWjHm22F8Y8,31853,,0.0,IRRELEVANT,0,2026-09-01 13:42:04.379526
14,Titan Sunwheel Irrigator,14,Titan Sunwheel Irrigator,60minutes2relax - Golden Wheat Field,60minutes2relax,,https://www.youtube.com/watch?v=GqntA0XsWg8,741859,,0.0,IRRELEVANT,1,2026-09-01 13:42:04.379526
14,Titan Sunwheel Irrigator,14,Titan Sunwheel Irrigator,Massive Wheat Harvest: 7 Combines at Work,Tractor Chasers,,https://www.youtube.com/watch?v=Hj6KBI2nNeY,407702,,0.0,IRRELEVANT,1,2026-09-01 13:42:04.379526
14,Titan Sunwheel Irrigator,14,Titan Sunwheel Irrigator,Soft Breeze Swaying over a Wheat Field | 10 hours of Ambience,SoundsCalm,,https://www.youtube.com/watch?v=7uKvdJ8A9lw,155662,,0.0,IRRELEVANT,1,2026-09-01 13:42:04.379526
15,Wheat Field Weather Engine,15,Wheat Field Weather Engine,Wheat Field and forest,Stock Footage For Youtube,,https://www.youtube.com/watch?v=5HHw0LnHLEM,19,,0.4,CLOSE,0,2026-09-01 13:43:09.776143
15,Wheat Field Weather Engine,15,Wheat Field Weather Engine,UNIGINE - Wheat Field,decolore,,https://www.youtube.com/watch?v=8bFVA27JYYU,366,,0.4,CLOSE,0,2026-09-01 13:43:09.776675
15,Wheat Field Weather Engine,15,Wheat Field Weather Engine,Wheat field  in France,Dr. M Shamsuddoha,,https://www.youtube.com/watch?v=hud1qV8Po6M,33,,0.4,CLOSE,0,2026-09-01 13:43:09.779250
15,Wheat Field Weather Engine,15,Wheat Field Weather Engine,Wheat field in Kansas,Dave Williams,,https://www.youtube.com/watch?v=SmLnVt13PvQ,29153,,0.4,CLOSE,0,2026-09-01 13:43:09.779250
15,Wheat Field Weather Engine,15,Wheat Field Weather Engine,Gladiator - Wheat Field - scene,Gilberto Marques Francisco,,https://www.youtube.com/watch?v=enGTk409iQk,539640,,0.3333,CLOSE,1,2026-09-01 13:43:09.779250
15,Wheat Field Weather Engine,15,Wheat Field Weather Engine,Wheat Field Timelapse - 2013,SeedMaster,,https://www.youtube.com/watch?v=Ji_mkCWJhSI,39863,,0.3333,CLOSE,0,2026-09-01 13:43:09.779250
15,Wheat Field Weather Engine,15,Wheat Field Weather Engine,60minutes2relax - Golden Wheat Field,60minutes2relax,,https://www.youtube.com/watch?v=GqntA0XsWg8,741859,,0.3333,CLOSE,1,2026-09-01 13:43:09.779250
15,Wheat Field Weather Engine,15,Wheat Field Weather Engine,My Wheat Field scene | GLADIATOR,Jesús Ocaña,,https://www.youtube.com/watch?v=x-q3VRaLF_o,156714,,0.3333,CLOSE,1,2026-09-01 13:43:09.779250
15,Wheat Field Weather Engine,15,Wheat Field Weather Engine,windmill seen through wheat field 4k v1jivmr4  D,test Epidemic,,https://www.youtube.com/watch?v=qb2t1hmVkYc,85,,0.25,SUBSTITUTE,0,2026-09-01 13:43:09.776675
15,Wheat Field Weather Engine,15,Wheat Field Weather Engine,Wheat Lesson 3: The Harvest Depends on the Weather (For Grades 5-7),Montana Department of Agriculture,,https://www.youtube.com/watch?v=HdPIteLPcug,488,,0.25,SUBSTITUTE,0,2026-09-01 13:43:09.779250
15,Wheat Field Weather Engine,15,Wheat Field Weather Engine,"Skäralid — Field Notes 01 | 1 Hour Wheat Field Ambience, No Music",Studio: IV,,https://www.youtube.com/watch?v=BQOOpvCadcg,10,,0.2222,SUBSTITUTE,0,2026-09-01 13:43:09.779250
15,Wheat Field Weather Engine,15,Wheat Field Weather Engine,Wheat Field with Cypresses (1889) by Vincent van Gogh,Amuze Art Lectures,,https://www.youtube.com/watch?v=XwQQ-Cx6iZY,6983,,0.2222,SUBSTITUTE,0,2026-09-01 13:43:09.782278
15,Wheat Field Weather Engine,15,Wheat Field Weather Engine,Wheat Field with Cypresses – Vincent van Gogh | 10 Hours,Wall Art TV,,https://www.youtube.com/watch?v=hszgsif86-I,1818,,0.2222,SUBSTITUTE,0,2026-09-01 13:43:09.782278
15,Wheat Field Weather Engine,15,Wheat Field Weather Engine,Activity 10 - Van Gogh 'Wheat Field with crows' - Part 1,Podar International School CBSE - Content Library,,https://www.youtube.com/watch?v=A4NMo1OyUig,1972,,0.2222,SUBSTITUTE,0,2026-09-01 13:43:09.782278
15,Wheat Field Weather Engine,15,Wheat Field Weather Engine,2 Hour Wheat Field Wind Noise | Relaxing Wind On The Wheat Field | Wind Noise 4k | Windy Field ASMR,Calmness By Sound,,https://www.youtube.com/watch?v=bgHDu6iOtxc,71,,0.2,SUBSTITUTE,0,2026-09-01 13:43:09.776675
15,Wheat Field Weather Engine,15,Wheat Field Weather Engine,Irval the Wyvern in Wheat Field with VS Pro Touch React for Wheat bending,Roland C,,https://www.youtube.com/watch?v=bcCUIQOxmL4,3537,,0.2,SUBSTITUTE,0,2026-09-01 13:43:09.777700
15,Wheat Field Weather Engine,15,Wheat Field Weather Engine,Soft Breeze Swaying over a Wheat Field | 10 hours of Ambience,SoundsCalm,,https://www.youtube.com/watch?v=7uKvdJ8A9lw,155662,,0.2,SUBSTITUTE,1,2026-09-01 13:43:09.779250
15,Wheat Field Weather Engine,15,Wheat Field Weather Engine,How to draw Van Gogh's Wheat Field with Cypress with Oil Pastels,Mr. Otter Art Studio,,https://www.youtube.com/watch?v=5VlDAUs4NPg,38698,,0.2,SUBSTITUTE,0,2026-09-01 13:43:09.782278
15,Wheat Field Weather Engine,15,Wheat Field Weather Engine,Good weather helped wheat crop during growing season and at harvest,LSU AgCenter,,https://www.youtube.com/watch?v=oc4ORglhLE8,374,,0.1818,SUBSTITUTE,0,2026-09-01 13:43:09.778726
15,Wheat Field Weather Engine,15,Wheat Field Weather Engine,Beautiful wheat fields in uk /লন্ডনের গমের ক্ষেত,RAHMAN VLOG'S UK,,https://www.youtube.com/watch?v=nma0q5GkMYE,142,,0.1667,SUBSTITUTE,0,2026-09-01 13:43:09.776675
15,Wheat Field Weather Engine,15,Wheat Field Weather Engine,OST GIRLFRIEND | LAN XIN YU - WHEAT FIELD 蓝心羽 - 麦田 [LYRICS HAN+PIN+ENG] 楼下女友请签收 OST,McYoung TraVlog,,https://www.youtube.com/watch?v=IA7jmBDmApY,181704,,0.1667,SUBSTITUTE,1,2026-09-01 13:43:09.779250
15,Wheat Field Weather Engine,15,Wheat Field Weather Engine,🌾 Countryside Relaxation – Bright Stars & Peaceful Wheat Field | Real Night Insect Sounds ⭐🌙,Peaceful Sounds With Nature,,https://www.youtube.com/watch?v=_gkFgzwmx-M,3,,0.1538,SUBSTITUTE,0,2026-09-01 13:43:09.779250
15,Wheat Field Weather Engine,15,Wheat Field Weather Engine,Wheat Field by Van Gogh - Relaxing Frame TV Art | Screensaver for TV | No Sound | Calm 2-Hour Video,Wall Art HUB - TV Art,,https://www.youtube.com/watch?v=NXK75YwbLxA,7652,,0.1538,SUBSTITUTE,0,2026-09-01 13:43:09.782278
15,Wheat Field Weather Engine,15,Wheat Field Weather Engine,"M5 MULTAN SUKHUR MOTORWAY BEAUTIFUL WEATHER, GREEN WHEAT FIELDS, AFTER SPRING SEASON RAIN, 7 MAR 20",Muhammad Amin,,https://www.youtube.com/watch?v=ao5_yN1DAWc,16,,0.1333,SUBSTITUTE,0,2026-09-01 13:43:09.778726
15,Wheat Field Weather Engine,15,Wheat Field Weather Engine,Wind Blowing through a Wheat Field and a Great old Oak Tree (Dark Screen in 1 Hour) 9 Hours,Relaxing Nature Sounds,,https://www.youtube.com/watch?v=nUPk1Pjuy6A,237369,,0.1333,SUBSTITUTE,1,2026-09-01 13:43:09.779250
15,Wheat Field Weather Engine,15,Wheat Field Weather Engine,Massive Wheat Harvest: 7 Combines at Work,Tractor Chasers,,https://www.youtube.com/watch?v=Hj6KBI2nNeY,407702,,0.125,SUBSTITUTE,1,2026-09-01 13:43:09.782278
15,Wheat Field Weather Engine,15,Wheat Field Weather Engine,Alan walker-wheat fields(fast & furious),IGNACIO CASIA MIKE GUISBERTH,,https://www.youtube.com/watch?v=bXZVD0-TtF4,17181,,0.1111,IRRELEVANT,0,2026-09-01 13:43:09.779250
15,Wheat Field Weather Engine,15,Wheat Field Weather Engine,Tractor & Thresher Stuck in Bad Weather ⛈️ | Farming POV Vlog ,Real life Shivam ,,https://www.youtube.com/watch?v=MoTrPNzsLpE,172756,,0.0909,IRRELEVANT,1,2026-09-01 13:43:09.777700
15,Wheat Field Weather Engine,15,Wheat Field Weather Engine,"After all the summer rain, the 2023 wheat harvest is finally underway",Harry's Farm,,https://www.youtube.com/watch?v=IQTSBbzWm2M,148958,,0.0833,IRRELEVANT,1,2026-09-01 13:43:09.777700
15,Wheat Field Weather Engine,15,Wheat Field Weather Engine,Van Gogh: Of Wheat Fields and Clouded Skies | Official Trailer | DocPlay,DocPlay,,https://www.youtube.com/watch?v=guoZUSR-AUo,900,,0.0833,IRRELEVANT,0,2026-09-01 13:43:09.782278
15,Wheat Field Weather Engine,15,Wheat Field Weather Engine,Wheatfield with Crows by Vincent van Gogh,Van Gogh Museum,,https://www.youtube.com/watch?v=Q372G4ffyhg,25848,,0.0,IRRELEVANT,0,2026-09-01 13:43:09.782278
15,Wheat Field Weather Engine,15,Wheat Field Weather Engine,VINCENT‘S SWAN SONG: Wheatfield With Crows by Vincent Van Gogh,1st Art Gallery com,,https://www.youtube.com/watch?v=Ndnz-JgFqOk,8786,,0.0,IRRELEVANT,0,2026-09-01 13:43:09.782278
15,Wheat Field Weather Engine,15,Wheat Field Weather Engine,Exploring Van Gogh’s ‘Wheatfield with Crows’ – A Deep Dive into His Final Masterpiece,Dmytrove,,https://www.youtube.com/watch?v=MeaVG5npMko,268,,0.0,IRRELEVANT,0,2026-09-01 13:43:09.782278
15,Wheat Field Weather Engine,15,Wheat Field Weather Engine,Vincent van Gogh - Wheatfield with Crows (1890),Novema Digital,,https://www.youtube.com/watch?v=IMyzsRGsA_k,177,,0.0,IRRELEVANT,0,2026-09-01 13:43:09.782278
15,Wheat Field Weather Engine,15,Wheat Field Weather Engine,"TV ART - A Wheatfield, with Cypresses | Van Gogh | Screensaver wallpaper picture | 3 HOURS",TV Art,,https://www.youtube.com/watch?v=jMW40g8YhyY,879,,0.0,IRRELEVANT,0,2026-09-01 13:43:09.782278
15,Wheat Field Weather Engine,15,Wheat Field Weather Engine,"“Wheatfield with Crows” , Beyond Van Gogh",Jason Akrami,,https://www.youtube.com/watch?v=vp6YnQc1gGc,120,,0.0,IRRELEVANT,0,2026-09-01 13:43:09.782278
16,The Infinite Furrow Walker,16,Wheat Field,OST GIRLFRIEND | LAN XIN YU - WHEAT FIELD 蓝心羽 - 麦田 [LYRICS HAN+PIN+ENG] 楼下女友请签收 OST,McYoung TraVlog,,https://www.youtube.com/watch?v=IA7jmBDmApY,181704,,0.0,IRRELEVANT,1,2026-09-01 13:43:43.148925
16,The Infinite Furrow Walker,16,Wheat Field,Wheat Field Timelapse - 2013,SeedMaster,,https://www.youtube.com/watch?v=Ji_mkCWJhSI,39863,,0.0,IRRELEVANT,0,2026-09-01 13:43:43.148925
16,The Infinite Furrow Walker,16,Wheat Field,"Skäralid — Field Notes 01 | 1 Hour Wheat Field Ambience, No Music",Studio: IV,,https://www.youtube.com/watch?v=BQOOpvCadcg,10,,0.0,IRRELEVANT,0,2026-09-01 13:43:43.148925
16,The Infinite Furrow Walker,16,Wheat Field,Darkness in the Distance | Thunderstorm over a Wheat Field | NO AI,Silent Field,,https://www.youtube.com/watch?v=2ck8x7v9Ye0,273739,,0.0,IRRELEVANT,1,2026-09-01 13:43:43.148925
16,The Infinite Furrow Walker,16,Wheat Field,Gladiator - Wheat Field - scene,Gilberto Marques Francisco,,https://www.youtube.com/watch?v=enGTk409iQk,539640,,0.0,IRRELEVANT,1,2026-09-01 13:43:43.148925
16,The Infinite Furrow Walker,16,Wheat Field,🌾 Countryside Relaxation – Bright Stars & Peaceful Wheat Field | Real Night Insect Sounds ⭐🌙,Peaceful Sounds With Nature,,https://www.youtube.com/watch?v=_gkFgzwmx-M,3,,0.0,IRRELEVANT,0,2026-09-01 13:43:43.148925
16,The Infinite Furrow Walker,16,Wheat Field,Wheat field in Kansas,Dave Williams,,https://www.youtube.com/watch?v=SmLnVt13PvQ,29153,,0.0,IRRELEVANT,0,2026-09-01 13:43:43.148925
16,The Infinite Furrow Walker,16,Wheat Field,Wheat Field Background Stock Video,Motion Array,,https://www.youtube.com/watch?v=ltB2HUSZnUo,17781,,0.0,IRRELEVANT,0,2026-09-01 13:43:43.148925
16,The Infinite Furrow Walker,16,Wheat Field,60minutes2relax - Golden Wheat Field,60minutes2relax,,https://www.youtube.com/watch?v=GqntA0XsWg8,741859,,0.0,IRRELEVANT,1,2026-09-01 13:43:43.148925
16,The Infinite Furrow Walker,16,Wheat Field,Wheat Field at Sunset | Birdsong Field Ambience,A Winter's Night,,https://www.youtube.com/watch?v=dWjHm22F8Y8,31853,,0.0,IRRELEVANT,0,2026-09-01 13:43:43.148925
16,The Infinite Furrow Walker,16,Wheat Field,Soft Breeze Swaying over a Wheat Field | 10 hours of Ambience,SoundsCalm,,https://www.youtube.com/watch?v=7uKvdJ8A9lw,155662,,0.0,IRRELEVANT,1,2026-09-01 13:43:43.148925
16,The Infinite Furrow Walker,16,Wheat Field,Massive Wheat Harvest: 7 Combines at Work,Tractor Chasers,,https://www.youtube.com/watch?v=Hj6KBI2nNeY,407702,,0.0,IRRELEVANT,1,2026-09-01 13:43:43.154486
16,The Infinite Furrow Walker,16,Wheat Field,My Wheat Field scene | GLADIATOR,Jesús Ocaña,,https://www.youtube.com/watch?v=x-q3VRaLF_o,156714,,0.0,IRRELEVANT,1,2026-09-01 13:43:43.154486
16,The Infinite Furrow Walker,16,Wheat Field,Wheat Field with Cypresses (1889) by Vincent van Gogh,Amuze Art Lectures,,https://www.youtube.com/watch?v=XwQQ-Cx6iZY,6983,,0.0,IRRELEVANT,0,2026-09-01 13:43:43.154486
16,The Infinite Furrow Walker,16,Wheat Field,Wheatfield with Crows by Vincent van Gogh,Van Gogh Museum,,https://www.youtube.com/watch?v=Q372G4ffyhg,25848,,0.0,IRRELEVANT,0,2026-09-01 13:43:43.155612
16,The Infinite Furrow Walker,16,Wheat Field,Van Gogh: Of Wheat Fields and Clouded Skies | Official Trailer | DocPlay,DocPlay,,https://www.youtube.com/watch?v=guoZUSR-AUo,900,,0.0,IRRELEVANT,0,2026-09-01 13:43:43.155612
16,The Infinite Furrow Walker,16,Wheat Field,Van Gogh Wheatfield with Crows Painting | Gold Frame TV Art | 2 Hour Screensaver for TV | Wallpaper,Art and the Frame TV Screensaver,,https://www.youtube.com/watch?v=4_NDjW4Rhpc,179,,0.0,IRRELEVANT,0,2026-09-01 13:43:43.155612
16,The Infinite Furrow Walker,16,Wheat Field,Wheat Field with Cypresses – Vincent van Gogh | 10 Hours,Wall Art TV,,https://www.youtube.com/watch?v=hszgsif86-I,1818,,0.0,IRRELEVANT,0,2026-09-01 13:43:43.155612
16,The Infinite Furrow Walker,16,Wheat Field,VINCENT‘S SWAN SONG: Wheatfield With Crows by Vincent Van Gogh,1st Art Gallery com,,https://www.youtube.com/watch?v=Ndnz-JgFqOk,8786,,0.0,IRRELEVANT,0,2026-09-01 13:43:43.155612
16,The Infinite Furrow Walker,16,Wheat Field,Exploring Van Gogh’s ‘Wheatfield with Crows’ – A Deep Dive into His Final Masterpiece,Dmytrove,,https://www.youtube.com/watch?v=MeaVG5npMko,268,,0.0,IRRELEVANT,0,2026-09-01 13:43:43.155612
16,The Infinite Furrow Walker,16,Wheat Field,Vincent van Gogh - Wheatfield with Crows (1890),Novema Digital,,https://www.youtube.com/watch?v=IMyzsRGsA_k,177,,0.0,IRRELEVANT,0,2026-09-01 13:43:43.155612
16,The Infinite Furrow Walker,16,Wheat Field,"“Wheatfield with Crows” , Beyond Van Gogh",Jason Akrami,,https://www.youtube.com/watch?v=vp6YnQc1gGc,120,,0.0,IRRELEVANT,0,2026-09-01 13:43:43.155612
16,The Infinite Furrow Walker,16,Wheat Field,Activity 10 - Van Gogh 'Wheat Field with crows' - Part 1,Podar International School CBSE - Content Library,,https://www.youtube.com/watch?v=A4NMo1OyUig,1972,,0.0,IRRELEVANT,0,2026-09-01 13:43:43.155612
16,The Infinite Furrow Walker,16,Wheat Field,Van Gogh Wheatfield with Crows - museumco-4343 - Living Work of Art - 3d VR180,arden,,https://www.youtube.com/watch?v=fS0HupV2Exk,4226,,0.0,IRRELEVANT,0,2026-09-01 13:43:43.155612
16,The Infinite Furrow Walker,16,Wheat Field,How to draw Van Gogh's Wheat Field with Cypress with Oil Pastels,Mr. Otter Art Studio,,https://www.youtube.com/watch?v=5VlDAUs4NPg,38698,,0.0,IRRELEVANT,0,2026-09-01 13:43:43.155612
17,Golden Grain Conveyor City,17,Wheat Field,60minutes2relax - Golden Wheat Field,60minutes2relax,,https://www.youtube.com/watch?v=GqntA0XsWg8,741859,,0.1429,SUBSTITUTE,1,2026-09-01 13:44:17.923565
17,Golden Grain Conveyor City,17,Wheat Field,OST GIRLFRIEND | LAN XIN YU - WHEAT FIELD 蓝心羽 - 麦田 [LYRICS HAN+PIN+ENG] 楼下女友请签收 OST,McYoung TraVlog,,https://www.youtube.com/watch?v=IA7jmBDmApY,181704,,0.0,IRRELEVANT,1,2026-09-01 13:44:17.920067
17,Golden Grain Conveyor City,17,Wheat Field,Wheat Field Timelapse - 2013,SeedMaster,,https://www.youtube.com/watch?v=Ji_mkCWJhSI,39863,,0.0,IRRELEVANT,0,2026-09-01 13:44:17.920067
17,Golden Grain Conveyor City,17,Wheat Field,"Skäralid — Field Notes 01 | 1 Hour Wheat Field Ambience, No Music",Studio: IV,,https://www.youtube.com/watch?v=BQOOpvCadcg,10,,0.0,IRRELEVANT,0,2026-09-01 13:44:17.920591
17,Golden Grain Conveyor City,17,Wheat Field,Gladiator - Wheat Field - scene,Gilberto Marques Francisco,,https://www.youtube.com/watch?v=enGTk409iQk,539646,,0.0,IRRELEVANT,1,2026-09-01 13:44:17.920591
17,Golden Grain Conveyor City,17,Wheat Field,🌾 Countryside Relaxation – Bright Stars & Peaceful Wheat Field | Real Night Insect Sounds ⭐🌙,Peaceful Sounds With Nature,,https://www.youtube.com/watch?v=_gkFgzwmx-M,3,,0.0,IRRELEVANT,0,2026-09-01 13:44:17.921181
17,Golden Grain Conveyor City,17,Wheat Field,Wheat field in Kansas,Dave Williams,,https://www.youtube.com/watch?v=SmLnVt13PvQ,29153,,0.0,IRRELEVANT,0,2026-09-01 13:44:17.921763
17,Golden Grain Conveyor City,17,Wheat Field,Wheat Field Background Stock Video,Motion Array,,https://www.youtube.com/watch?v=ltB2HUSZnUo,17781,,0.0,IRRELEVANT,0,2026-09-01 13:44:17.922336
17,Golden Grain Conveyor City,17,Wheat Field,Wheat Field at Sunset | Birdsong Field Ambience,A Winter's Night,,https://www.youtube.com/watch?v=dWjHm22F8Y8,31853,,0.0,IRRELEVANT,0,2026-09-01 13:44:17.922943
17,Golden Grain Conveyor City,17,Wheat Field,Soft Breeze Swaying over a Wheat Field | 10 hours of Ambience,SoundsCalm,,https://www.youtube.com/watch?v=7uKvdJ8A9lw,155662,,0.0,IRRELEVANT,1,2026-09-01 13:44:17.924694
17,Golden Grain Conveyor City,17,Wheat Field,Massive Wheat Harvest: 7 Combines at Work,Tractor Chasers,,https://www.youtube.com/watch?v=Hj6KBI2nNeY,407702,,0.0,IRRELEVANT,1,2026-09-01 13:44:17.924747
17,Golden Grain Conveyor City,17,Wheat Field,Wind Blowing through a Wheat Field and a Great old Oak Tree (Dark Screen in 1 Hour) 9 Hours,Relaxing Nature Sounds,,https://www.youtube.com/watch?v=nUPk1Pjuy6A,237393,,0.0,IRRELEVANT,1,2026-09-01 13:44:17.925316
17,Golden Grain Conveyor City,17,Wheat Field,Darkness in the Distance | Thunderstorm over a Wheat Field | NO AI,Silent Field,,https://www.youtube.com/watch?v=2ck8x7v9Ye0,273739,,0.0,IRRELEVANT,1,2026-09-01 13:44:17.926588
17,Golden Grain Conveyor City,17,Wheat Field,Wheat Field with Cypresses (1889) by Vincent van Gogh,Amuze Art Lectures,,https://www.youtube.com/watch?v=XwQQ-Cx6iZY,6983,,0.0,IRRELEVANT,0,2026-09-01 13:44:17.927143
17,Golden Grain Conveyor City,17,Wheat Field,Wheatfield with Crows by Vincent van Gogh,Van Gogh Museum,,https://www.youtube.com/watch?v=Q372G4ffyhg,25848,,0.0,IRRELEVANT,0,2026-09-01 13:44:17.927703
17,Golden Grain Conveyor City,17,Wheat Field,Van Gogh: Of Wheat Fields and Clouded Skies | Official Trailer | DocPlay,DocPlay,,https://www.youtube.com/watch?v=guoZUSR-AUo,900,,0.0,IRRELEVANT,0,2026-09-01 13:44:17.928284
17,Golden Grain Conveyor City,17,Wheat Field,Van Gogh Wheatfield with Crows Painting | Gold Frame TV Art | 2 Hour Screensaver for TV | Wallpaper,Art and the Frame TV Screensaver,,https://www.youtube.com/watch?v=4_NDjW4Rhpc,179,,0.0,IRRELEVANT,0,2026-09-01 13:44:17.928832
17,Golden Grain Conveyor City,17,Wheat Field,Wheat Field with Cypresses – Vincent van Gogh | 10 Hours,Wall Art TV,,https://www.youtube.com/watch?v=hszgsif86-I,1818,,0.0,IRRELEVANT,0,2026-09-01 13:44:17.928832
17,Golden Grain Conveyor City,17,Wheat Field,VINCENT‘S SWAN SONG: Wheatfield With Crows by Vincent Van Gogh,1st Art Gallery com,,https://www.youtube.com/watch?v=Ndnz-JgFqOk,8786,,0.0,IRRELEVANT,0,2026-09-01 13:44:17.929370
17,Golden Grain Conveyor City,17,Wheat Field,Exploring Van Gogh’s ‘Wheatfield with Crows’ – A Deep Dive into His Final Masterpiece,Dmytrove,,https://www.youtube.com/watch?v=MeaVG5npMko,268,,0.0,IRRELEVANT,0,2026-09-01 13:44:17.930324
17,Golden Grain Conveyor City,17,Wheat Field,Vincent van Gogh - Wheatfield with Crows (1890),Novema Digital,,https://www.youtube.com/watch?v=IMyzsRGsA_k,177,,0.0,IRRELEVANT,0,2026-09-01 13:44:17.930869
17,Golden Grain Conveyor City,17,Wheat Field,"“Wheatfield with Crows” , Beyond Van Gogh",Jason Akrami,,https://www.youtube.com/watch?v=vp6YnQc1gGc,120,,0.0,IRRELEVANT,0,2026-09-01 13:44:17.930869
17,Golden Grain Conveyor City,17,Wheat Field,Activity 10 - Van Gogh 'Wheat Field with crows' - Part 1,Podar International School CBSE - Content Library,,https://www.youtube.com/watch?v=A4NMo1OyUig,1972,,0.0,IRRELEVANT,0,2026-09-01 13:44:17.931419
17,Golden Grain Conveyor City,17,Wheat Field,Wheat Field by Van Gogh - Relaxing Frame TV Art | Screensaver for TV | No Sound | Calm 2-Hour Video,Wall Art HUB - TV Art,,https://www.youtube.com/watch?v=NXK75YwbLxA,7654,,0.0,IRRELEVANT,0,2026-09-01 13:44:17.931419
17,Golden Grain Conveyor City,17,Wheat Field,Lumibricks - 21001 Bringing Van Gogh to Life: Wheat Field with Cypresses with Integrated Lights!,LUMIBRICKS,,https://www.youtube.com/watch?v=-RbUm8_qKAw,55722,,0.0,IRRELEVANT,0,2026-09-01 13:44:17.931975
18,Wheatfield Solar Crown,18,Wheatfield Solar Crown,Young Girl Wearing A Flower Crown,Matthew Watts (VivaMediaCanada),,https://www.youtube.com/watch?v=PnekTX9yrjQ,77,,0.1429,SUBSTITUTE,0,2026-09-01 13:44:54.494898
18,Wheatfield Solar Crown,18,Wheatfield Solar Crown,PowerTech Solar Power Green House,PowerTech Energy Inc.,,https://www.youtube.com/watch?v=8M30E6HVCcU,108,,0.1429,SUBSTITUTE,0,2026-09-01 13:44:54.497130
18,Wheatfield Solar Crown,18,Wheatfield Solar Crown,4K The sun's rays through the birch crown,4Kmozg,,https://www.youtube.com/watch?v=XSMKHSJaG4c,32,,0.1429,SUBSTITUTE,0,2026-09-01 13:44:54.500136
18,Wheatfield Solar Crown,18,Wheatfield Solar Crown,Wheatfield with Crows by Vincent van Gogh,Van Gogh Museum,,https://www.youtube.com/watch?v=Q372G4ffyhg,25848,,0.1429,SUBSTITUTE,0,2026-09-01 13:44:54.505135
18,Wheatfield Solar Crown,18,Wheatfield Solar Crown,VINCENT‘S SWAN SONG: Wheatfield With Crows by Vincent Van Gogh,1st Art Gallery com,,https://www.youtube.com/watch?v=Ndnz-JgFqOk,8786,,0.1111,IRRELEVANT,0,2026-09-01 13:44:54.505135
18,Wheatfield Solar Crown,18,Wheatfield Solar Crown,How to Draw Van Gogh Wheatfield with Cypresses / Acrylic Painting,Painting,,https://www.youtube.com/watch?v=u_u7oxAIUkU,19937,,0.1111,IRRELEVANT,0,2026-09-01 13:44:54.507139
18,Wheatfield Solar Crown,18,Wheatfield Solar Crown,"5-minute meditation: Van Gogh's Wheatfield, with Cypresses | National Gallery",The National Gallery,,https://www.youtube.com/watch?v=7eT-Qi7j45c,46131,,0.1,IRRELEVANT,0,2026-09-01 13:44:54.507139
18,Wheatfield Solar Crown,18,Wheatfield Solar Crown,"Wheatfield under Thunderclouds by Vincent van Gogh at The Van Gogh Museum at Amsterdam, Netherlands",NL Cultural,,https://www.youtube.com/watch?v=-IoQKbbreZE,200,,0.0909,IRRELEVANT,0,2026-09-01 13:44:54.507139
18,Wheatfield Solar Crown,18,Wheatfield Solar Crown,Exploring Van Gogh’s ‘Wheatfield with Crows’ – A Deep Dive into His Final Masterpiece,Dmytrove,,https://www.youtube.com/watch?v=MeaVG5npMko,268,,0.0769,IRRELEVANT,0,2026-09-01 13:44:54.505135
18,Wheatfield Solar Crown,18,Wheatfield Solar Crown,The Final Harvest: An Analysis of Vincent van Gogh's Wheatfield with Crows  |  On Thin Ice Episode 6,On Thin Ice,,https://www.youtube.com/watch?v=2vh-TBMKAqg,622,,0.0769,IRRELEVANT,0,2026-09-01 13:44:54.506143
18,Wheatfield Solar Crown,18,Wheatfield Solar Crown,Trending exterior house painting ideas||exterior paint colours for 🏠||house exterior paint 2022,Decor Obsession,,https://www.youtube.com/watch?v=RDOBm1nqZVo,967053,,0.0,IRRELEVANT,1,2026-09-01 13:44:54.494898
18,Wheatfield Solar Crown,18,Wheatfield Solar Crown,Hans Zimmer - Mountains (Interstellar Soundtrack),Jennyni20 (Epic Music),,https://www.youtube.com/watch?v=o_Ay_iDRAbc,20938507,,0.0,IRRELEVANT,1,2026-09-01 13:44:54.496087
18,Wheatfield Solar Crown,18,Wheatfield Solar Crown,"Phainon Trailer — ""Coronal Radiance"" | Honkai: Star Rail",Honkai: Star Rail,,https://www.youtube.com/watch?v=GaT1GftoqV0,4963987,,0.0,IRRELEVANT,1,2026-09-01 13:44:54.496582
18,Wheatfield Solar Crown,18,Wheatfield Solar Crown,Young Girl Walking in Slow Motion Through a Wheat Field | Stock Footage - Videohive,Stock Footage Videos,,https://www.youtube.com/watch?v=Dj6P-TC_hEg,66,,0.0,IRRELEVANT,0,2026-09-01 13:44:54.497130
18,Wheatfield Solar Crown,18,Wheatfield Solar Crown,20180416逆光拾花 Backlight Little girl picking flowers,ChuMengPhoto,,https://www.youtube.com/watch?v=SXGRCJKrHTk,91,,0.0,IRRELEVANT,0,2026-09-01 13:44:54.498142
18,Wheatfield Solar Crown,18,Wheatfield Solar Crown,TRACTOR FORD 3610 1984 MODEL 50 HP WHEAT THRESHER MACHINE,MUHAMMAD RAUF,,https://www.youtube.com/watch?v=Oy-eNErVOrY,993,,0.0,IRRELEVANT,0,2026-09-01 13:44:54.498142
18,Wheatfield Solar Crown,18,Wheatfield Solar Crown,"Intestine, Anatomy I No Copyright, Copyright Free, Free for YouTuberI Animation, Medical, Healthcare",No Copyright Medical Video - Animation,,https://www.youtube.com/watch?v=X9OfmBsfDQs,106,,0.0,IRRELEVANT,0,2026-09-01 13:44:54.499134
18,Wheatfield Solar Crown,18,Wheatfield Solar Crown,Calm woman holding flower wreath in twilight time,CactusVP,,https://www.youtube.com/watch?v=XdMa62mPMSI,158,,0.0,IRRELEVANT,0,2026-09-01 13:44:54.499134
18,Wheatfield Solar Crown,18,Wheatfield Solar Crown,Girl Walking On Sunlight Field 6 | Stock Footage - Videohive,Holly Wood,,https://www.youtube.com/watch?v=7o-jNDm1OFc,61,,0.0,IRRELEVANT,0,2026-09-01 13:44:54.500136
18,Wheatfield Solar Crown,18,Wheatfield Solar Crown,OST GIRLFRIEND | LAN XIN YU - WHEAT FIELD 蓝心羽 - 麦田 [LYRICS HAN+PIN+ENG] 楼下女友请签收 OST,McYoung TraVlog,,https://www.youtube.com/watch?v=IA7jmBDmApY,181704,,0.0,IRRELEVANT,1,2026-09-01 13:44:54.500136
18,Wheatfield Solar Crown,18,Wheatfield Solar Crown,Wheat Field Timelapse - 2013,SeedMaster,,https://www.youtube.com/watch?v=Ji_mkCWJhSI,39863,,0.0,IRRELEVANT,0,2026-09-01 13:44:54.501134
18,Wheatfield Solar Crown,18,Wheatfield Solar Crown,"Skäralid — Field Notes 01 | 1 Hour Wheat Field Ambience, No Music",Studio: IV,,https://www.youtube.com/watch?v=BQOOpvCadcg,10,,0.0,IRRELEVANT,0,2026-09-01 13:44:54.501134
18,Wheatfield Solar Crown,18,Wheatfield Solar Crown,Darkness in the Distance | Thunderstorm over a Wheat Field | NO AI,Silent Field,,https://www.youtube.com/watch?v=2ck8x7v9Ye0,273739,,0.0,IRRELEVANT,1,2026-09-01 13:44:54.501134
18,Wheatfield Solar Crown,18,Wheatfield Solar Crown,Wheat field in Kansas,Dave Williams,,https://www.youtube.com/watch?v=SmLnVt13PvQ,29153,,0.0,IRRELEVANT,0,2026-09-01 13:44:54.502125
18,Wheatfield Solar Crown,18,Wheatfield Solar Crown,🌾 Countryside Relaxation – Bright Stars & Peaceful Wheat Field | Real Night Insect Sounds ⭐🌙,Peaceful Sounds With Nature,,https://www.youtube.com/watch?v=_gkFgzwmx-M,3,,0.0,IRRELEVANT,0,2026-09-01 13:44:54.502125
18,Wheatfield Solar Crown,18,Wheatfield Solar Crown,Gladiator - Wheat Field - scene,Gilberto Marques Francisco,,https://www.youtube.com/watch?v=enGTk409iQk,539646,,0.0,IRRELEVANT,1,2026-09-01 13:44:54.502125
18,Wheatfield Solar Crown,18,Wheatfield Solar Crown,Wheat Field Background Stock Video,Motion Array,,https://www.youtube.com/watch?v=ltB2HUSZnUo,17781,,0.0,IRRELEVANT,0,2026-09-01 13:44:54.502125
18,Wheatfield Solar Crown,18,Wheatfield Solar Crown,Wheat Field at Sunset | Birdsong Field Ambience,A Winter's Night,,https://www.youtube.com/watch?v=dWjHm22F8Y8,31853,,0.0,IRRELEVANT,0,2026-09-01 13:44:54.503130
18,Wheatfield Solar Crown,18,Wheatfield Solar Crown,60minutes2relax - Golden Wheat Field,60minutes2relax,,https://www.youtube.com/watch?v=GqntA0XsWg8,741859,,0.0,IRRELEVANT,1,2026-09-01 13:44:54.503130
18,Wheatfield Solar Crown,18,Wheatfield Solar Crown,Soft Breeze Swaying over a Wheat Field | 10 hours of Ambience,SoundsCalm,,https://www.youtube.com/watch?v=7uKvdJ8A9lw,155662,,0.0,IRRELEVANT,1,2026-09-01 13:44:54.503130
18,Wheatfield Solar Crown,18,Wheatfield Solar Crown,Massive Wheat Harvest: 7 Combines at Work,Tractor Chasers,,https://www.youtube.com/watch?v=Hj6KBI2nNeY,407702,,0.0,IRRELEVANT,1,2026-09-01 13:44:54.504130
18,Wheatfield Solar Crown,18,Wheatfield Solar Crown,Wheat Field with Cypresses (1889) by Vincent van Gogh,Amuze Art Lectures,,https://www.youtube.com/watch?v=XwQQ-Cx6iZY,6983,,0.0,IRRELEVANT,0,2026-09-01 13:44:54.504130
18,Wheatfield Solar Crown,18,Wheatfield Solar Crown,Van Gogh: Of Wheat Fields and Clouded Skies | Official Trailer | DocPlay,DocPlay,,https://www.youtube.com/watch?v=guoZUSR-AUo,900,,0.0,IRRELEVANT,0,2026-09-01 13:44:54.504130
18,Wheatfield Solar Crown,18,Wheatfield Solar Crown,Activity 10 - Van Gogh 'Wheat Field with crows' - Part 1,Podar International School CBSE - Content Library,,https://www.youtube.com/watch?v=A4NMo1OyUig,1972,,0.0,IRRELEVANT,0,2026-09-01 13:44:54.506143
18,Wheatfield Solar Crown,18,Wheatfield Solar Crown,"Vincent van Gogh: A collection of 10 oil paintings with title and year, around 1889 [4K]",4K Art Gallery,,https://www.youtube.com/watch?v=P_4lqI3wY04,70,,0.0,IRRELEVANT,0,2026-09-01 13:44:54.508130
18,Wheatfield Solar Crown,18,Wheatfield Solar Crown,How to draw Van Gogh's Wheat Field with Cypress with Oil Pastels,Mr. Otter Art Studio,,https://www.youtube.com/watch?v=5VlDAUs4NPg,38698,,0.0,IRRELEVANT,0,2026-09-01 13:44:54.508130
19,The Root Network Excavator,19,The Root Network Excavator,Vetiver  root harvesting with excavator,Kalyan Herbals ,,https://www.youtube.com/watch?v=A5g56JCnB0g,1872,,0.4,CLOSE,0,2026-09-01 13:45:31.360987
19,The Root Network Excavator,19,The Root Network Excavator,Vetiver harvesting with excavator.,Kalyan Herbals ,,https://www.youtube.com/watch?v=2wWXuqPofNA,3165,,0.2,SUBSTITUTE,0,2026-09-01 13:45:31.362027
19,The Root Network Excavator,19,The Root Network Excavator,Placing Root Wad,Turtle Island Restoration Network,,https://www.youtube.com/watch?v=hx2NAzZXD_M,657,,0.2,SUBSTITUTE,0,2026-09-01 13:45:31.363054
19,The Root Network Excavator,19,The Root Network Excavator,"216471 - 2021 BOBCAT 82"" ROOT GRAPPLE",Crownstone Equipment Network,,https://www.youtube.com/watch?v=W9_exFAqrYk,37,,0.1429,SUBSTITUTE,0,2026-09-01 13:45:31.362027
19,The Root Network Excavator,19,The Root Network Excavator,The Master Plan: Tackling the “root” cause,The Heavy Equipment Limnologist | HHA WV,,https://www.youtube.com/watch?v=lp7D_OJVy1o,277,,0.1429,SUBSTITUTE,0,2026-09-01 13:45:31.365100
19,The Root Network Excavator,19,The Root Network Excavator,"216558 - 2022 BOBCAT 36"" ROOT GRAPPLE FOR SALE",Crownstone Equipment Network,,https://www.youtube.com/watch?v=h_0lxPmZw0E,42,,0.125,SUBSTITUTE,0,2026-09-01 13:45:31.364079
19,The Root Network Excavator,19,The Root Network Excavator,"219243 - 2023 BOBCAT 80"" ROOT GRAPPLE ATTACHMENT FOR SALE",Crownstone Equipment Network,,https://www.youtube.com/watch?v=6MKUGaFTGEY,31,,0.1111,IRRELEVANT,0,2026-09-01 13:45:31.362027
19,The Root Network Excavator,19,The Root Network Excavator,"Air Excavation and Root Analysis using an AirKnife in Seattle, Washington for the City of Seattle",Root Cause Seattle,,https://www.youtube.com/watch?v=m106N2s2dKg,506,,0.0909,IRRELEVANT,0,2026-09-01 13:45:31.362027
19,The Root Network Excavator,19,The Root Network Excavator,VAC-EX vs Tree Roots: High-Pressure Water Precision Excavation,VAC-EX - Design and Manufacture,,https://www.youtube.com/watch?v=axup8uVxT38,1832,,0.0,IRRELEVANT,0,2026-09-01 13:45:31.363054
19,The Root Network Excavator,19,The Root Network Excavator,JCB Machine Digging Bamboo Roots,Machine work,,https://www.youtube.com/watch?v=O_fGV0Q4O0M,406,,0.0,IRRELEVANT,0,2026-09-01 13:45:31.363054
19,The Root Network Excavator,19,The Root Network Excavator,Excavating Around Tree Roots with AirVac™,Alliance Services,,https://www.youtube.com/watch?v=Ug1psaAmFpk,751,,0.0,IRRELEVANT,0,2026-09-01 13:45:31.364079
19,The Root Network Excavator,19,The Root Network Excavator,Heritage Vacuum Excavation Safely Washing Tree Roots in Brisbane,Heritage Tree Care Brisbane,,https://www.youtube.com/watch?v=QVjaxh1R7pM,68,,0.0,IRRELEVANT,0,2026-09-01 13:45:31.364079
19,The Root Network Excavator,19,The Root Network Excavator,OST GIRLFRIEND | LAN XIN YU - WHEAT FIELD 蓝心羽 - 麦田 [LYRICS HAN+PIN+ENG] 楼下女友请签收 OST,McYoung TraVlog,,https://www.youtube.com/watch?v=IA7jmBDmApY,181704,,0.0,IRRELEVANT,1,2026-09-01 13:45:31.365100
19,The Root Network Excavator,19,The Root Network Excavator,Massive Wheat Harvest: 7 Combines at Work,Tractor Chasers,,https://www.youtube.com/watch?v=Hj6KBI2nNeY,407702,,0.0,IRRELEVANT,1,2026-09-01 13:45:31.365100
19,The Root Network Excavator,19,The Root Network Excavator,"Skäralid — Field Notes 01 | 1 Hour Wheat Field Ambience, No Music",Studio: IV,,https://www.youtube.com/watch?v=BQOOpvCadcg,10,,0.0,IRRELEVANT,0,2026-09-01 13:45:31.366121
19,The Root Network Excavator,19,The Root Network Excavator,Gladiator - Wheat Field - scene,Gilberto Marques Francisco,,https://www.youtube.com/watch?v=enGTk409iQk,539646,,0.0,IRRELEVANT,1,2026-09-01 13:45:31.366121
19,The Root Network Excavator,19,The Root Network Excavator,🌾 Countryside Relaxation – Bright Stars & Peaceful Wheat Field | Real Night Insect Sounds ⭐🌙,Peaceful Sounds With Nature,,https://www.youtube.com/watch?v=_gkFgzwmx-M,3,,0.0,IRRELEVANT,0,2026-09-01 13:45:31.366121
19,The Root Network Excavator,19,The Root Network Excavator,Wheat field in Kansas,Dave Williams,,https://www.youtube.com/watch?v=SmLnVt13PvQ,29153,,0.0,IRRELEVANT,0,2026-09-01 13:45:31.366121
19,The Root Network Excavator,19,The Root Network Excavator,Alan walker-wheat fields(fast & furious),IGNACIO CASIA MIKE GUISBERTH,,https://www.youtube.com/watch?v=bXZVD0-TtF4,17181,,0.0,IRRELEVANT,0,2026-09-01 13:45:31.367142
19,The Root Network Excavator,19,The Root Network Excavator,Wheat Field at Sunset | Birdsong Field Ambience,A Winter's Night,,https://www.youtube.com/watch?v=dWjHm22F8Y8,31853,,0.0,IRRELEVANT,0,2026-09-01 13:45:31.367142
19,The Root Network Excavator,19,The Root Network Excavator,Wheat Field Timelapse - 2013,SeedMaster,,https://www.youtube.com/watch?v=Ji_mkCWJhSI,39863,,0.0,IRRELEVANT,0,2026-09-01 13:45:31.368166
19,The Root Network Excavator,19,The Root Network Excavator,60minutes2relax - Golden Wheat Field,60minutes2relax,,https://www.youtube.com/watch?v=GqntA0XsWg8,741859,,0.0,IRRELEVANT,1,2026-09-01 13:45:31.368166
19,The Root Network Excavator,19,The Root Network Excavator,Relaxing wind on the wheat field🌾🌾🌾,ASMR Relax,,https://www.youtube.com/watch?v=9xI5cLOZtvw,128504,,0.0,IRRELEVANT,1,2026-09-01 13:45:31.368166
19,The Root Network Excavator,19,The Root Network Excavator,李健【风吹麦浪The Wind Over the Wheat Field】,QQSUN,,https://www.youtube.com/watch?v=4NAXUmG5fwA,501321,,0.0,IRRELEVANT,1,2026-09-01 13:45:31.369190
19,The Root Network Excavator,19,The Root Network Excavator,Wheat Field with Cypresses (1889) by Vincent van Gogh,Amuze Art Lectures,,https://www.youtube.com/watch?v=XwQQ-Cx6iZY,6983,,0.0,IRRELEVANT,0,2026-09-01 13:45:31.369190
19,The Root Network Excavator,19,The Root Network Excavator,Wheatfield with Crows by Vincent van Gogh,Van Gogh Museum,,https://www.youtube.com/watch?v=Q372G4ffyhg,25848,,0.0,IRRELEVANT,0,2026-09-01 13:45:31.369190
19,The Root Network Excavator,19,The Root Network Excavator,Van Gogh: Of Wheat Fields and Clouded Skies | Official Trailer | DocPlay,DocPlay,,https://www.youtube.com/watch?v=guoZUSR-AUo,900,,0.0,IRRELEVANT,0,2026-09-01 13:45:31.370211
19,The Root Network Excavator,19,The Root Network Excavator,Van Gogh Wheatfield with Crows Painting | Gold Frame TV Art | 2 Hour Screensaver for TV | Wallpaper,Art and the Frame TV Screensaver,,https://www.youtube.com/watch?v=4_NDjW4Rhpc,179,,0.0,IRRELEVANT,0,2026-09-01 13:45:31.370211
19,The Root Network Excavator,19,The Root Network Excavator,VINCENT‘S SWAN SONG: Wheatfield With Crows by Vincent Van Gogh,1st Art Gallery com,,https://www.youtube.com/watch?v=Ndnz-JgFqOk,8786,,0.0,IRRELEVANT,0,2026-09-01 13:45:31.370211
19,The Root Network Excavator,19,The Root Network Excavator,Exploring Van Gogh’s ‘Wheatfield with Crows’ – A Deep Dive into His Final Masterpiece,Dmytrove,,https://www.youtube.com/watch?v=MeaVG5npMko,268,,0.0,IRRELEVANT,0,2026-09-01 13:45:31.371271
19,The Root Network Excavator,19,The Root Network Excavator,Van Gogh Golden Wheat Field Road | Frame Art TV Screensaver | 8 Hours | TV Wallpaper,Framed Gallery ,,https://www.youtube.com/watch?v=UsF4xzc8f7E,185,,0.0,IRRELEVANT,0,2026-09-01 13:45:31.371271
19,The Root Network Excavator,19,The Root Network Excavator,"Vincent van Gogh: A collection of 10 oil paintings with title and year, around 1889 [4K]",4K Art Gallery,,https://www.youtube.com/watch?v=P_4lqI3wY04,70,,0.0,IRRELEVANT,0,2026-09-01 13:45:31.371271
19,The Root Network Excavator,19,The Root Network Excavator,Activity 10 - Van Gogh 'Wheat Field with crows' - Part 1,Podar International School CBSE - Content Library,,https://www.youtube.com/watch?v=A4NMo1OyUig,1972,,0.0,IRRELEVANT,0,2026-09-01 13:45:31.372306
19,The Root Network Excavator,19,The Root Network Excavator,Wheat Field with Cypresses – Vincent van Gogh | 10 Hours,Wall Art TV,,https://www.youtube.com/watch?v=hszgsif86-I,1818,,0.0,IRRELEVANT,0,2026-09-01 13:45:31.372306
19,The Root Network Excavator,19,The Root Network Excavator,"“Wheatfield with Crows” , Beyond Van Gogh",Jason Akrami,,https://www.youtube.com/watch?v=vp6YnQc1gGc,120,,0.0,IRRELEVANT,0,2026-09-01 13:45:31.372306
19,The Root Network Excavator,19,The Root Network Excavator,"5-minute meditation: Van Gogh's Wheatfield, with Cypresses | National Gallery",The National Gallery,,https://www.youtube.com/watch?v=7eT-Qi7j45c,46131,,0.0,IRRELEVANT,0,2026-09-01 13:45:31.373340
20,Wheat Sentinel Colossus,20,Wheat Field,Wheat field in Kansas,Dave Williams,,https://www.youtube.com/watch?v=SmLnVt13PvQ,29153,,0.2,SUBSTITUTE,0,2026-09-01 13:46:07.162547
20,Wheat Sentinel Colossus,20,Wheat Field,Wheat Field Timelapse - 2013,SeedMaster,,https://www.youtube.com/watch?v=Ji_mkCWJhSI,39863,,0.1667,SUBSTITUTE,0,2026-09-01 13:46:07.158001
20,Wheat Sentinel Colossus,20,Wheat Field,Gladiator - Wheat Field - scene,Gilberto Marques Francisco,,https://www.youtube.com/watch?v=enGTk409iQk,539646,,0.1667,SUBSTITUTE,1,2026-09-01 13:46:07.158001
20,Wheat Sentinel Colossus,20,Wheat Field,60minutes2relax - Golden Wheat Field,60minutes2relax,,https://www.youtube.com/watch?v=GqntA0XsWg8,741859,,0.1667,SUBSTITUTE,1,2026-09-01 13:46:07.162547
20,Wheat Sentinel Colossus,20,Wheat Field,Wheat Field Background Stock Video,Motion Array,,https://www.youtube.com/watch?v=ltB2HUSZnUo,17781,,0.1667,SUBSTITUTE,0,2026-09-01 13:46:07.162547
20,Wheat Sentinel Colossus,20,Wheat Field,Relaxing wind on the wheat field🌾🌾🌾,ASMR Relax,,https://www.youtube.com/watch?v=9xI5cLOZtvw,128504,,0.1667,SUBSTITUTE,1,2026-09-01 13:46:07.165037
20,Wheat Sentinel Colossus,20,Wheat Field,Wheat Field at Sunset | Birdsong Field Ambience,A Winter's Night,,https://www.youtube.com/watch?v=dWjHm22F8Y8,31853,,0.1429,SUBSTITUTE,0,2026-09-01 13:46:07.162547
20,Wheat Sentinel Colossus,20,Wheat Field,Massive Wheat Harvest: 7 Combines at Work,Tractor Chasers,,https://www.youtube.com/watch?v=Hj6KBI2nNeY,407702,,0.1429,SUBSTITUTE,1,2026-09-01 13:46:07.165037
20,Wheat Sentinel Colossus,20,Wheat Field,Darkness in the Distance | Thunderstorm over a Wheat Field | NO AI,Silent Field,,https://www.youtube.com/watch?v=2ck8x7v9Ye0,273739,,0.125,SUBSTITUTE,1,2026-09-01 13:46:07.158001
20,Wheat Sentinel Colossus,20,Wheat Field,Sunset in Wheat Field | Birdsong Field Ambience ASMR (no AI),A Winter's Night,,https://www.youtube.com/watch?v=pSGrqmP6GBI,1709,,0.125,SUBSTITUTE,0,2026-09-01 13:46:07.165037
20,Wheat Sentinel Colossus,20,Wheat Field,Alan walker-wheat fields(fast & furious),IGNACIO CASIA MIKE GUISBERTH,,https://www.youtube.com/watch?v=bXZVD0-TtF4,17181,,0.125,SUBSTITUTE,0,2026-09-01 13:46:07.165037
20,Wheat Sentinel Colossus,20,Wheat Field,"Skäralid — Field Notes 01 | 1 Hour Wheat Field Ambience, No Music",Studio: IV,,https://www.youtube.com/watch?v=BQOOpvCadcg,10,,0.1111,IRRELEVANT,0,2026-09-01 13:46:07.158001
20,Wheat Sentinel Colossus,20,Wheat Field,Wheat Field with Cypresses (1889) by Vincent van Gogh,Amuze Art Lectures,,https://www.youtube.com/watch?v=XwQQ-Cx6iZY,6983,,0.1111,IRRELEVANT,0,2026-09-01 13:46:07.165037
20,Wheat Sentinel Colossus,20,Wheat Field,Wheat Field with Cypresses – Vincent van Gogh | 10 Hours,Wall Art TV,,https://www.youtube.com/watch?v=hszgsif86-I,1818,,0.1111,IRRELEVANT,0,2026-09-01 13:46:07.167827
20,Wheat Sentinel Colossus,20,Wheat Field,Activity 10 - Van Gogh 'Wheat Field with crows' - Part 1,Podar International School CBSE - Content Library,,https://www.youtube.com/watch?v=A4NMo1OyUig,1972,,0.1111,IRRELEVANT,0,2026-09-01 13:46:07.167827
20,Wheat Sentinel Colossus,20,Wheat Field,Soft Breeze Swaying over a Wheat Field | 10 hours of Ambience,SoundsCalm,,https://www.youtube.com/watch?v=7uKvdJ8A9lw,155662,,0.1,IRRELEVANT,1,2026-09-01 13:46:07.164499
20,Wheat Sentinel Colossus,20,Wheat Field,How to draw Van Gogh's Wheat Field with Cypress with Oil Pastels,Mr. Otter Art Studio,,https://www.youtube.com/watch?v=5VlDAUs4NPg,38698,,0.1,IRRELEVANT,0,2026-09-01 13:46:07.170871
20,Wheat Sentinel Colossus,20,Wheat Field,Van Gogh: Of Wheat Fields and Clouded Skies | Official Trailer | DocPlay,DocPlay,,https://www.youtube.com/watch?v=guoZUSR-AUo,900,,0.0909,IRRELEVANT,0,2026-09-01 13:46:07.167294
20,Wheat Sentinel Colossus,20,Wheat Field,OST GIRLFRIEND | LAN XIN YU - WHEAT FIELD 蓝心羽 - 麦田 [LYRICS HAN+PIN+ENG] 楼下女友请签收 OST,McYoung TraVlog,,https://www.youtube.com/watch?v=IA7jmBDmApY,181704,,0.0833,IRRELEVANT,1,2026-09-01 13:46:07.158001
20,Wheat Sentinel Colossus,20,Wheat Field,🌾 Countryside Relaxation – Bright Stars & Peaceful Wheat Field | Real Night Insect Sounds ⭐🌙,Peaceful Sounds With Nature,,https://www.youtube.com/watch?v=_gkFgzwmx-M,4,,0.0769,IRRELEVANT,0,2026-09-01 13:46:07.162547
20,Wheat Sentinel Colossus,20,Wheat Field,Wind Blowing through a Wheat Field and a Great old Oak Tree (Dark Screen in 1 Hour) 9 Hours,Relaxing Nature Sounds,,https://www.youtube.com/watch?v=nUPk1Pjuy6A,237385,,0.0667,IRRELEVANT,1,2026-09-01 13:46:07.165037
20,Wheat Sentinel Colossus,20,Wheat Field,Wheatfield with Crows by Vincent van Gogh,Van Gogh Museum,,https://www.youtube.com/watch?v=Q372G4ffyhg,25848,,0.0,IRRELEVANT,0,2026-09-01 13:46:07.167081
20,Wheat Sentinel Colossus,20,Wheat Field,Van Gogh Wheatfield with Crows Painting | Gold Frame TV Art | 2 Hour Screensaver for TV | Wallpaper,Art and the Frame TV Screensaver,,https://www.youtube.com/watch?v=4_NDjW4Rhpc,179,,0.0,IRRELEVANT,0,2026-09-01 13:46:07.167827
20,Wheat Sentinel Colossus,20,Wheat Field,VINCENT‘S SWAN SONG: Wheatfield With Crows by Vincent Van Gogh,1st Art Gallery com,,https://www.youtube.com/watch?v=Ndnz-JgFqOk,8786,,0.0,IRRELEVANT,0,2026-09-01 13:46:07.167827
20,Wheat Sentinel Colossus,20,Wheat Field,Exploring Van Gogh’s ‘Wheatfield with Crows’ – A Deep Dive into His Final Masterpiece,Dmytrove,,https://www.youtube.com/watch?v=MeaVG5npMko,268,,0.0,IRRELEVANT,0,2026-09-01 13:46:07.167827
20,Wheat Sentinel Colossus,20,Wheat Field,Vincent van Gogh - Wheatfield with Crows (1890),Novema Digital,,https://www.youtube.com/watch?v=IMyzsRGsA_k,177,,0.0,IRRELEVANT,0,2026-09-01 13:46:07.167827
20,Wheat Sentinel Colossus,20,Wheat Field,"“Wheatfield with Crows” , Beyond Van Gogh",Jason Akrami,,https://www.youtube.com/watch?v=vp6YnQc1gGc,120,,0.0,IRRELEVANT,0,2026-09-01 13:46:07.167827
20,Wheat Sentinel Colossus,20,Wheat Field,Van Gogh Wheatfield with Crows - museumco-4343 - Living Work of Art - 3d VR180,arden,,https://www.youtube.com/watch?v=fS0HupV2Exk,4226,,0.0,IRRELEVANT,0,2026-09-01 13:46:07.170871
21,The Atmospheric Grain Elevator,21,Wheat Field,OST GIRLFRIEND | LAN XIN YU - WHEAT FIELD 蓝心羽 - 麦田 [LYRICS HAN+PIN+ENG] 楼下女友请签收 OST,McYoung TraVlog,,https://www.youtube.com/watch?v=IA7jmBDmApY,181704,,0.0,IRRELEVANT,1,2026-09-01 13:46:46.430817
21,The Atmospheric Grain Elevator,21,Wheat Field,Wheat Field Timelapse - 2013,SeedMaster,,https://www.youtube.com/watch?v=Ji_mkCWJhSI,39863,,0.0,IRRELEVANT,0,2026-09-01 13:46:46.430817
21,The Atmospheric Grain Elevator,21,Wheat Field,"Skäralid — Field Notes 01 | 1 Hour Wheat Field Ambience, No Music",Studio: IV,,https://www.youtube.com/watch?v=BQOOpvCadcg,10,,0.0,IRRELEVANT,0,2026-09-01 13:46:46.430817
21,The Atmospheric Grain Elevator,21,Wheat Field,🌾 Countryside Relaxation – Bright Stars & Peaceful Wheat Field | Real Night Insect Sounds ⭐🌙,Peaceful Sounds With Nature,,https://www.youtube.com/watch?v=_gkFgzwmx-M,4,,0.0,IRRELEVANT,0,2026-09-01 13:46:46.430817
21,The Atmospheric Grain Elevator,21,Wheat Field,Gladiator - Wheat Field - scene,Gilberto Marques Francisco,,https://www.youtube.com/watch?v=enGTk409iQk,539646,,0.0,IRRELEVANT,1,2026-09-01 13:46:46.430817
21,The Atmospheric Grain Elevator,21,Wheat Field,Wheat field in Kansas,Dave Williams,,https://www.youtube.com/watch?v=SmLnVt13PvQ,29153,,0.0,IRRELEVANT,0,2026-09-01 13:46:46.430817
21,The Atmospheric Grain Elevator,21,Wheat Field,Wheat Field Background Stock Video,Motion Array,,https://www.youtube.com/watch?v=ltB2HUSZnUo,17781,,0.0,IRRELEVANT,0,2026-09-01 13:46:46.430817
21,The Atmospheric Grain Elevator,21,Wheat Field,60minutes2relax - Golden Wheat Field,60minutes2relax,,https://www.youtube.com/watch?v=GqntA0XsWg8,741859,,0.0,IRRELEVANT,1,2026-09-01 13:46:46.430817
21,The Atmospheric Grain Elevator,21,Wheat Field,Wheat Field at Sunset | Birdsong Field Ambience,A Winter's Night,,https://www.youtube.com/watch?v=dWjHm22F8Y8,31853,,0.0,IRRELEVANT,0,2026-09-01 13:46:46.430817
21,The Atmospheric Grain Elevator,21,Wheat Field,Soft Breeze Swaying over a Wheat Field | 10 hours of Ambience,SoundsCalm,,https://www.youtube.com/watch?v=7uKvdJ8A9lw,155662,,0.0,IRRELEVANT,1,2026-09-01 13:46:46.430817
21,The Atmospheric Grain Elevator,21,Wheat Field,李健【风吹麦浪The Wind Over the Wheat Field】,QQSUN,,https://www.youtube.com/watch?v=4NAXUmG5fwA,501321,,0.0,IRRELEVANT,1,2026-09-01 13:46:46.430817
21,The Atmospheric Grain Elevator,21,Wheat Field,Massive Wheat Harvest: 7 Combines at Work,Tractor Chasers,,https://www.youtube.com/watch?v=Hj6KBI2nNeY,407702,,0.0,IRRELEVANT,1,2026-09-01 13:46:46.430817
21,The Atmospheric Grain Elevator,21,Wheat Field,Darkness in the Distance | Thunderstorm over a Wheat Field | NO AI,Silent Field,,https://www.youtube.com/watch?v=2ck8x7v9Ye0,273739,,0.0,IRRELEVANT,1,2026-09-01 13:46:46.437051
21,The Atmospheric Grain Elevator,21,Wheat Field,Wheat Field with Cypresses (1889) by Vincent van Gogh,Amuze Art Lectures,,https://www.youtube.com/watch?v=XwQQ-Cx6iZY,6983,,0.0,IRRELEVANT,0,2026-09-01 13:46:46.437051
21,The Atmospheric Grain Elevator,21,Wheat Field,Wheatfield with Crows by Vincent van Gogh,Van Gogh Museum,,https://www.youtube.com/watch?v=Q372G4ffyhg,25848,,0.0,IRRELEVANT,0,2026-09-01 13:46:46.437564
21,The Atmospheric Grain Elevator,21,Wheat Field,Van Gogh: Of Wheat Fields and Clouded Skies | Official Trailer | DocPlay,DocPlay,,https://www.youtube.com/watch?v=guoZUSR-AUo,900,,0.0,IRRELEVANT,0,2026-09-01 13:46:46.437564
21,The Atmospheric Grain Elevator,21,Wheat Field,Van Gogh Wheatfield with Crows Painting | Gold Frame TV Art | 2 Hour Screensaver for TV | Wallpaper,Art and the Frame TV Screensaver,,https://www.youtube.com/watch?v=4_NDjW4Rhpc,179,,0.0,IRRELEVANT,0,2026-09-01 13:46:46.437564
21,The Atmospheric Grain Elevator,21,Wheat Field,Wheat Field with Cypresses – Vincent van Gogh | 10 Hours,Wall Art TV,,https://www.youtube.com/watch?v=hszgsif86-I,1818,,0.0,IRRELEVANT,0,2026-09-01 13:46:46.437564
21,The Atmospheric Grain Elevator,21,Wheat Field,VINCENT‘S SWAN SONG: Wheatfield With Crows by Vincent Van Gogh,1st Art Gallery com,,https://www.youtube.com/watch?v=Ndnz-JgFqOk,8786,,0.0,IRRELEVANT,0,2026-09-01 13:46:46.437564
21,The Atmospheric Grain Elevator,21,Wheat Field,Exploring Van Gogh’s ‘Wheatfield with Crows’ – A Deep Dive into His Final Masterpiece,Dmytrove,,https://www.youtube.com/watch?v=MeaVG5npMko,268,,0.0,IRRELEVANT,0,2026-09-01 13:46:46.437564
21,The Atmospheric Grain Elevator,21,Wheat Field,Vincent van Gogh - Wheatfield with Crows (1890),Novema Digital,,https://www.youtube.com/watch?v=IMyzsRGsA_k,177,,0.0,IRRELEVANT,0,2026-09-01 13:46:46.437564
21,The Atmospheric Grain Elevator,21,Wheat Field,"“Wheatfield with Crows” , Beyond Van Gogh",Jason Akrami,,https://www.youtube.com/watch?v=vp6YnQc1gGc,120,,0.0,IRRELEVANT,0,2026-09-01 13:46:46.437564
21,The Atmospheric Grain Elevator,21,Wheat Field,Activity 10 - Van Gogh 'Wheat Field with crows' - Part 1,Podar International School CBSE - Content Library,,https://www.youtube.com/watch?v=A4NMo1OyUig,1972,,0.0,IRRELEVANT,0,2026-09-01 13:46:46.437564
21,The Atmospheric Grain Elevator,21,Wheat Field,Wheat Field by Van Gogh - Relaxing Frame TV Art | Screensaver for TV | No Sound | Calm 2-Hour Video,Wall Art HUB - TV Art,,https://www.youtube.com/watch?v=NXK75YwbLxA,7654,,0.0,IRRELEVANT,0,2026-09-01 13:46:46.437564
21,The Atmospheric Grain Elevator,21,Wheat Field,How to draw Van Gogh's Wheat Field with Cypress with Oil Pastels,Mr. Otter Art Studio,,https://www.youtube.com/watch?v=5VlDAUs4NPg,38698,,0.0,IRRELEVANT,0,2026-09-01 13:46:46.437564
22,Chrono-Harvest Megamachine,22,Wheat Field,Massive Wheat Harvest: 7 Combines at Work,Tractor Chasers,,https://www.youtube.com/watch?v=Hj6KBI2nNeY,407702,,0.1429,SUBSTITUTE,1,2026-09-01 13:47:22.707614
22,Chrono-Harvest Megamachine,22,Wheat Field,OST GIRLFRIEND | LAN XIN YU - WHEAT FIELD 蓝心羽 - 麦田 [LYRICS HAN+PIN+ENG] 楼下女友请签收 OST,McYoung TraVlog,,https://www.youtube.com/watch?v=IA7jmBDmApY,181704,,0.0,IRRELEVANT,1,2026-09-01 13:47:22.695472
22,Chrono-Harvest Megamachine,22,Wheat Field,Wheat Field at Sunset | Birdsong Field Ambience,A Winter's Night,,https://www.youtube.com/watch?v=dWjHm22F8Y8,31853,,0.0,IRRELEVANT,0,2026-09-01 13:47:22.695472
22,Chrono-Harvest Megamachine,22,Wheat Field,Gladiator - Wheat Field - scene,Gilberto Marques Francisco,,https://www.youtube.com/watch?v=enGTk409iQk,539646,,0.0,IRRELEVANT,1,2026-09-01 13:47:22.695472
22,Chrono-Harvest Megamachine,22,Wheat Field,"Skäralid — Field Notes 01 | 1 Hour Wheat Field Ambience, No Music",Studio: IV,,https://www.youtube.com/watch?v=BQOOpvCadcg,10,,0.0,IRRELEVANT,0,2026-09-01 13:47:22.704554
22,Chrono-Harvest Megamachine,22,Wheat Field,Soft Breeze Swaying over a Wheat Field | 10 hours of Ambience,SoundsCalm,,https://www.youtube.com/watch?v=7uKvdJ8A9lw,155662,,0.0,IRRELEVANT,1,2026-09-01 13:47:22.704554
22,Chrono-Harvest Megamachine,22,Wheat Field,🌾 Countryside Relaxation – Bright Stars & Peaceful Wheat Field | Real Night Insect Sounds ⭐🌙,Peaceful Sounds With Nature,,https://www.youtube.com/watch?v=_gkFgzwmx-M,4,,0.0,IRRELEVANT,0,2026-09-01 13:47:22.704554
22,Chrono-Harvest Megamachine,22,Wheat Field,Wheat field in Kansas,Dave Williams,,https://www.youtube.com/watch?v=SmLnVt13PvQ,29153,,0.0,IRRELEVANT,0,2026-09-01 13:47:22.707614
22,Chrono-Harvest Megamachine,22,Wheat Field,Wheat Field Timelapse - 2013,SeedMaster,,https://www.youtube.com/watch?v=Ji_mkCWJhSI,39863,,0.0,IRRELEVANT,0,2026-09-01 13:47:22.707614
22,Chrono-Harvest Megamachine,22,Wheat Field,My Wheat Field scene | GLADIATOR,Jesús Ocaña,,https://www.youtube.com/watch?v=x-q3VRaLF_o,156714,,0.0,IRRELEVANT,1,2026-09-01 13:47:22.707614
22,Chrono-Harvest Megamachine,22,Wheat Field,Relaxing wind on the wheat field🌾🌾🌾,ASMR Relax,,https://www.youtube.com/watch?v=9xI5cLOZtvw,128504,,0.0,IRRELEVANT,1,2026-09-01 13:47:22.707614
22,Chrono-Harvest Megamachine,22,Wheat Field,"Golden Wheat Field Ambience in 4K - Gentle Wind, Birds, and Crickets",Wander Lodge ,,https://www.youtube.com/watch?v=jYu1-CxNqks,8051,,0.0,IRRELEVANT,0,2026-09-01 13:47:22.707614
22,Chrono-Harvest Megamachine,22,Wheat Field,60minutes2relax - Golden Wheat Field,60minutes2relax,,https://www.youtube.com/watch?v=GqntA0XsWg8,741859,,0.0,IRRELEVANT,1,2026-09-01 13:47:22.707614
22,Chrono-Harvest Megamachine,22,Wheat Field,Darkness in the Distance | Thunderstorm over a Wheat Field | NO AI,Silent Field,,https://www.youtube.com/watch?v=2ck8x7v9Ye0,273740,,0.0,IRRELEVANT,1,2026-09-01 13:47:22.707614
22,Chrono-Harvest Megamachine,22,Wheat Field,Wheat Field Background Stock Video,Motion Array,,https://www.youtube.com/watch?v=ltB2HUSZnUo,17781,,0.0,IRRELEVANT,0,2026-09-01 13:47:22.707614
22,Chrono-Harvest Megamachine,22,Wheat Field,Wheat Field with Cypresses (1889) by Vincent van Gogh,Amuze Art Lectures,,https://www.youtube.com/watch?v=XwQQ-Cx6iZY,6983,,0.0,IRRELEVANT,0,2026-09-01 13:47:22.707614
22,Chrono-Harvest Megamachine,22,Wheat Field,Van Gogh: Of Wheat Fields and Clouded Skies | Official Trailer | DocPlay,DocPlay,,https://www.youtube.com/watch?v=guoZUSR-AUo,900,,0.0,IRRELEVANT,0,2026-09-01 13:47:22.707614
22,Chrono-Harvest Megamachine,22,Wheat Field,Van Gogh Wheatfield with Crows Painting | Gold Frame TV Art | 2 Hour Screensaver for TV | Wallpaper,Art and the Frame TV Screensaver,,https://www.youtube.com/watch?v=4_NDjW4Rhpc,179,,0.0,IRRELEVANT,0,2026-09-01 13:47:22.707614
22,Chrono-Harvest Megamachine,22,Wheat Field,Exploring Van Gogh’s ‘Wheatfield with Crows’ – A Deep Dive into His Final Masterpiece,Dmytrove,,https://www.youtube.com/watch?v=MeaVG5npMko,268,,0.0,IRRELEVANT,0,2026-09-01 13:47:22.707614
22,Chrono-Harvest Megamachine,22,Wheat Field,Wheat Field with Cypresses – Vincent van Gogh | 10 Hours,Wall Art TV,,https://www.youtube.com/watch?v=hszgsif86-I,1818,,0.0,IRRELEVANT,0,2026-09-01 13:47:22.707614
22,Chrono-Harvest Megamachine,22,Wheat Field,Wheatfield with Crows by Vincent van Gogh,Van Gogh Museum,,https://www.youtube.com/watch?v=Q372G4ffyhg,25848,,0.0,IRRELEVANT,0,2026-09-01 13:47:22.715118
22,Chrono-Harvest Megamachine,22,Wheat Field,VINCENT‘S SWAN SONG: Wheatfield With Crows by Vincent Van Gogh,1st Art Gallery com,,https://www.youtube.com/watch?v=Ndnz-JgFqOk,8786,,0.0,IRRELEVANT,0,2026-09-01 13:47:22.715377
22,Chrono-Harvest Megamachine,22,Wheat Field,Activity 10 - Van Gogh 'Wheat Field with crows' - Part 1,Podar International School CBSE - Content Library,,https://www.youtube.com/watch?v=A4NMo1OyUig,1972,,0.0,IRRELEVANT,0,2026-09-01 13:47:22.715907
22,Chrono-Harvest Megamachine,22,Wheat Field,"5-minute meditation: Van Gogh's Wheatfield, with Cypresses | National Gallery",The National Gallery,,https://www.youtube.com/watch?v=7eT-Qi7j45c,46131,,0.0,IRRELEVANT,0,2026-09-01 13:47:22.715907
22,Chrono-Harvest Megamachine,22,Wheat Field,How to Draw Van Gogh Wheatfield with Cypresses / Acrylic Painting,Painting,,https://www.youtube.com/watch?v=u_u7oxAIUkU,19937,,0.0,IRRELEVANT,0,2026-09-01 13:47:22.715907
22,Chrono-Harvest Megamachine,22,Wheat Field,Activity 10 - Van Gogh 'Wheat Field with crows' - Part 2,Podar International School CBSE - Content Library,,https://www.youtube.com/watch?v=46e9wsLYaf0,981,,0.0,IRRELEVANT,0,2026-09-01 13:47:22.715907
22,Chrono-Harvest Megamachine,22,Wheat Field,"“Wheatfield with Crows” , Beyond Van Gogh",Jason Akrami,,https://www.youtube.com/watch?v=vp6YnQc1gGc,120,,0.0,IRRELEVANT,0,2026-09-01 13:47:22.715907
23,Colossal Corn Thresher Titan,23,Corn Field,The Incredible Logistics Behind Corn Farming,Wendover Productions,,https://www.youtube.com/watch?v=R9pxFgJwxFE,2930231,,0.125,SUBSTITUTE,1,2026-09-01 13:47:59.438609
23,Colossal Corn Thresher Titan,23,Corn Field,How American Farmers Harvest and Process Millions of Tons of Sweet Corn,Tony 98 - Discovery,,https://www.youtube.com/watch?v=oPlnVsemPMs,687145,,0.0909,IRRELEVANT,1,2026-09-01 13:47:59.438609
23,Colossal Corn Thresher Titan,23,Corn Field,Interstellar Official Soundtrack | Cornfield Chase – Hans Zimmer | WaterTower,WaterTower Music,,https://www.youtube.com/watch?v=JuSsvM8B4Jc,10876133,,0.0,IRRELEVANT,1,2026-09-01 13:47:59.438609
23,Colossal Corn Thresher Titan,23,Corn Field,4K Video Cornfield,4K Video,,https://www.youtube.com/watch?v=6ovILdLJM00,11676,,0.0,IRRELEVANT,0,2026-09-01 13:47:59.438609
23,Colossal Corn Thresher Titan,23,Corn Field,Dorian Marko - Cornfield Chase (Interstellar Piano Cover),Kurate Music,,https://www.youtube.com/watch?v=5zsBVm4qK_A,11399161,,0.0,IRRELEVANT,1,2026-09-01 13:47:59.438609
23,Colossal Corn Thresher Titan,23,Corn Field,CLOWN IN A CORNFIELD Official Trailer (2025),Movie Trailers Source,,https://www.youtube.com/watch?v=ytUz_H-5p2I,1129627,,0.0,IRRELEVANT,1,2026-09-01 13:47:59.438609
23,Colossal Corn Thresher Titan,23,Corn Field,Thunderstorm in a Windy Cornfield | Lost in Endless Fields | Calm Before the Storm | 3 Hours,Silent Field,,https://www.youtube.com/watch?v=jkiC-E-0oTs,179206,,0.0,IRRELEVANT,1,2026-09-01 13:47:59.438609
23,Colossal Corn Thresher Titan,23,Corn Field,Hans Zimmer - Cornfield Chase (Interstellar Soundtrack) on loop 1 hour,Loovi,,https://www.youtube.com/watch?v=nNlgn7yZD-I,707367,,0.0,IRRELEVANT,1,2026-09-01 13:47:59.438609
23,Colossal Corn Thresher Titan,23,Corn Field,Cornfield Ambience with Birds Chirping & Light Wind – 10 Hours in 4K | Swedish Countryside,CozyStillness,,https://www.youtube.com/watch?v=iGFOrvoOPjM,1911,,0.0,IRRELEVANT,0,2026-09-01 13:47:59.438609
23,Colossal Corn Thresher Titan,23,Corn Field,Cornfield 🕹️ Play on CrazyGames,VoidPlay,,https://www.youtube.com/watch?v=8d_Kf2g93L8,1368,,0.0,IRRELEVANT,0,2026-09-01 13:47:59.438609
23,Colossal Corn Thresher Titan,23,Corn Field,"Cornfield in the Wind – 10 Hours of Relaxation, 4K",CozyStillness,,https://www.youtube.com/watch?v=xG9_vHseB18,753,,0.0,IRRELEVANT,0,2026-09-01 13:47:59.447087
23,Colossal Corn Thresher Titan,23,Corn Field,3 Terrifying TRUE Cornfield Horror Stories,Mr. Nightmare,,https://www.youtube.com/watch?v=F_A612m3PII,1740399,,0.0,IRRELEVANT,1,2026-09-01 13:47:59.447087
23,Colossal Corn Thresher Titan,23,Corn Field,You Are Solving The Impossible | Interstellar Soundtrack,Cinematic Focus,,https://www.youtube.com/watch?v=WHqbqzqeskw,5059065,,0.0,IRRELEVANT,1,2026-09-01 13:47:59.447087
23,Colossal Corn Thresher Titan,23,Corn Field,Interstellar - Christopher Nolan - Cornfield Drone Chase Scene [1080P HD],Extractor,,https://www.youtube.com/watch?v=bmz9lMP6aQU,4733100,,0.0,IRRELEVANT,1,2026-09-01 13:47:59.447087
23,Colossal Corn Thresher Titan,23,Corn Field,Interstellar - Cornfield Chase - Hans Zimmer (Slowed & Echo),WhiteWay,,https://www.youtube.com/watch?v=Jg1satwrgMA,587611,,0.0,IRRELEVANT,1,2026-09-01 13:47:59.447087
23,Colossal Corn Thresher Titan,23,Corn Field,Interstellar - Cornfield Chase | The Best Piano Cover,MYRILOVEU,,https://www.youtube.com/watch?v=hHlpIBvaZvc,289017,,0.0,IRRELEVANT,1,2026-09-01 13:47:59.447087
23,Colossal Corn Thresher Titan,23,Corn Field,Interstellar Soundtrack Zimmer Cornfield Chase Endless Loop with Drone Video #interstellar #time,Fiorina Soundscapes,,https://www.youtube.com/watch?v=fcGWeYHvX08,462903,,0.0,IRRELEVANT,1,2026-09-01 13:47:59.447087
23,Colossal Corn Thresher Titan,23,Corn Field,Interstellar Variations \\ No Time for Caution & Cornfield Chase \\ Jacob's Piano,Jacob's Piano,,https://www.youtube.com/watch?v=yqYVu--uvQo,5715878,,0.0,IRRELEVANT,1,2026-09-01 13:47:59.447087
23,Colossal Corn Thresher Titan,23,Corn Field,Hans Zimmer - Cornfield Chase (Extended) | EPIC EMOTIONAL VERSION,Mofjell,,https://www.youtube.com/watch?v=Xd0Nsl6wleE,1115374,,0.0,IRRELEVANT,1,2026-09-01 13:47:59.447087
23,Colossal Corn Thresher Titan,23,Corn Field,hans zimmer - cornfield chase (slowed + reverb),sonnwin,,https://www.youtube.com/watch?v=2cLkuQKWmvM,1521118,,0.0,IRRELEVANT,1,2026-09-01 13:47:59.447087
23,Colossal Corn Thresher Titan,23,Corn Field,Cornfield Chase (speed up),sunlight,,https://www.youtube.com/watch?v=X5AfntI4uGw,668798,,0.0,IRRELEVANT,1,2026-09-01 13:47:59.447087
24,The Solar Corn Silo Walker,24,Corn Field,The Incredible Logistics Behind Corn Farming,Wendover Productions,,https://www.youtube.com/watch?v=R9pxFgJwxFE,2930231,,0.125,SUBSTITUTE,1,2026-09-01 13:48:32.355713
24,The Solar Corn Silo Walker,24,Corn Field,How American Farmers Harvest and Process Millions of Tons of Sweet Corn,Tony 98 - Discovery,,https://www.youtube.com/watch?v=oPlnVsemPMs,687145,,0.0909,IRRELEVANT,1,2026-09-01 13:48:32.355713
24,The Solar Corn Silo Walker,24,Corn Field,Iowa Nice Guy Taste Test: Sweet Corn vs Field Corn,Iowa Corn,,https://www.youtube.com/watch?v=BQiXS3b46ZM,29104,,0.0909,IRRELEVANT,0,2026-09-01 13:48:32.355713
24,The Solar Corn Silo Walker,24,Corn Field,Interstellar Official Soundtrack | Cornfield Chase – Hans Zimmer | WaterTower,WaterTower Music,,https://www.youtube.com/watch?v=JuSsvM8B4Jc,10876133,,0.0,IRRELEVANT,1,2026-09-01 13:48:32.353652
24,The Solar Corn Silo Walker,24,Corn Field,4K Video Cornfield,4K Video,,https://www.youtube.com/watch?v=6ovILdLJM00,11676,,0.0,IRRELEVANT,0,2026-09-01 13:48:32.353652
24,The Solar Corn Silo Walker,24,Corn Field,CLOWN IN A CORNFIELD Official Trailer (2025),Movie Trailers Source,,https://www.youtube.com/watch?v=ytUz_H-5p2I,1129627,,0.0,IRRELEVANT,1,2026-09-01 13:48:32.353652
24,The Solar Corn Silo Walker,24,Corn Field,Dorian Marko - Cornfield Chase (Interstellar Piano Cover),Kurate Music,,https://www.youtube.com/watch?v=5zsBVm4qK_A,11399161,,0.0,IRRELEVANT,1,2026-09-01 13:48:32.355713
24,The Solar Corn Silo Walker,24,Corn Field,Thunderstorm in a Windy Cornfield | Lost in Endless Fields | Calm Before the Storm | 3 Hours,Silent Field,,https://www.youtube.com/watch?v=jkiC-E-0oTs,179206,,0.0,IRRELEVANT,1,2026-09-01 13:48:32.355713
24,The Solar Corn Silo Walker,24,Corn Field,Hans Zimmer - Cornfield Chase (Interstellar Soundtrack) on loop 1 hour,Loovi,,https://www.youtube.com/watch?v=nNlgn7yZD-I,707367,,0.0,IRRELEVANT,1,2026-09-01 13:48:32.355713
24,The Solar Corn Silo Walker,24,Corn Field,Cornfield Ambience with Birds Chirping & Light Wind – 10 Hours in 4K | Swedish Countryside,CozyStillness,,https://www.youtube.com/watch?v=iGFOrvoOPjM,1912,,0.0,IRRELEVANT,0,2026-09-01 13:48:32.355713
24,The Solar Corn Silo Walker,24,Corn Field,Cornfield 🕹️ Play on CrazyGames,VoidPlay,,https://www.youtube.com/watch?v=8d_Kf2g93L8,1371,,0.0,IRRELEVANT,0,2026-09-01 13:48:32.355713
24,The Solar Corn Silo Walker,24,Corn Field,"Cornfield in the Wind – 10 Hours of Relaxation, 4K",CozyStillness,,https://www.youtube.com/watch?v=xG9_vHseB18,753,,0.0,IRRELEVANT,0,2026-09-01 13:48:32.355713
24,The Solar Corn Silo Walker,24,Corn Field,3 Terrifying TRUE Cornfield Horror Stories,Mr. Nightmare,,https://www.youtube.com/watch?v=F_A612m3PII,1740399,,0.0,IRRELEVANT,1,2026-09-01 13:48:32.355713
24,The Solar Corn Silo Walker,24,Corn Field,You Are Solving The Impossible | Interstellar Soundtrack,Cinematic Focus,,https://www.youtube.com/watch?v=WHqbqzqeskw,5059065,,0.0,IRRELEVANT,1,2026-09-01 13:48:32.360737
24,The Solar Corn Silo Walker,24,Corn Field,Interstellar - Christopher Nolan - Cornfield Drone Chase Scene [1080P HD],Extractor,,https://www.youtube.com/watch?v=bmz9lMP6aQU,4733102,,0.0,IRRELEVANT,1,2026-09-01 13:48:32.360737
24,The Solar Corn Silo Walker,24,Corn Field,Interstellar - Cornfield Chase - Hans Zimmer (Slowed & Echo),WhiteWay,,https://www.youtube.com/watch?v=Jg1satwrgMA,587619,,0.0,IRRELEVANT,1,2026-09-01 13:48:32.360737
24,The Solar Corn Silo Walker,24,Corn Field,Interstellar - Cornfield Chase | The Best Piano Cover,MYRILOVEU,,https://www.youtube.com/watch?v=hHlpIBvaZvc,289017,,0.0,IRRELEVANT,1,2026-09-01 13:48:32.360737
24,The Solar Corn Silo Walker,24,Corn Field,Interstellar Soundtrack Zimmer Cornfield Chase Endless Loop with Drone Video #interstellar #time,Fiorina Soundscapes,,https://www.youtube.com/watch?v=fcGWeYHvX08,462903,,0.0,IRRELEVANT,1,2026-09-01 13:48:32.360737
24,The Solar Corn Silo Walker,24,Corn Field,Cornfield Chase (speed up),sunlight,,https://www.youtube.com/watch?v=X5AfntI4uGw,668798,,0.0,IRRELEVANT,1,2026-09-01 13:48:32.360737
24,The Solar Corn Silo Walker,24,Corn Field,Interstellar Variations \\ No Time for Caution & Cornfield Chase \\ Jacob's Piano,Jacob's Piano,,https://www.youtube.com/watch?v=yqYVu--uvQo,5715878,,0.0,IRRELEVANT,1,2026-09-01 13:48:32.360737
24,The Solar Corn Silo Walker,24,Corn Field,hans zimmer - cornfield chase (slowed + reverb),sonnwin,,https://www.youtube.com/watch?v=2cLkuQKWmvM,1521118,,0.0,IRRELEVANT,1,2026-09-01 13:48:32.360737
24,The Solar Corn Silo Walker,24,Corn Field,Hans Zimmer ~ Cornfield Chase (From Interstellar) 🛰️,Epic Soundtracks,,https://www.youtube.com/watch?v=SNQRiiocNx8,579173,,0.0,IRRELEVANT,1,2026-09-01 13:48:32.360737
33,The Whispering Canopy Harvester,25,Forest machine,1270H Wheeled Harvester,John Deere UK IE,,https://www.youtube.com/watch?v=D_qfOH-Z764,51294,,0.2,SUBSTITUTE,0,2026-09-01 13:49:01.076997
33,The Whispering Canopy Harvester,25,Forest machine,Top 5 Largest Forest Harvesters in The World | Tree Cutting Harvester,Arbitrage,,https://www.youtube.com/watch?v=sJLJzJwC2R4,7244,,0.1,IRRELEVANT,0,2026-09-01 13:49:01.076997
33,The Whispering Canopy Harvester,25,Forest machine,"Extreme Logging on 35° Alpine Slope 🏔 | Harvester, Traction Winches & Timber Forwarder in Action",Rural Craftsmanship,,https://www.youtube.com/watch?v=-jBwK3pufPw,1326115,,0.0833,IRRELEVANT,1,2026-09-01 13:49:01.076997
33,The Whispering Canopy Harvester,25,Forest machine,10 Most POWERFUL  Forest Harvesters in the World,Mostop,,https://www.youtube.com/watch?v=JX0S3NfJIbY,120065,,0.0,IRRELEVANT,1,2026-09-01 13:49:01.071477
33,The Whispering Canopy Harvester,25,Forest machine,200 CRAZY Powerful Wood and Forestry Machines: Heavy-Duty Equipment That Are on Another Level,Mighty Builds,,https://www.youtube.com/watch?v=xi_Jw-do5Fk,2371912,,0.0,IRRELEVANT,1,2026-09-01 13:49:01.071477
33,The Whispering Canopy Harvester,25,Forest machine,TOP 10 Most Powerful Forestry Machines You Need To See | Powerful Machines That Are At Another Level,Lord Gizmo,,https://www.youtube.com/watch?v=Pswj_Y7X_1A,411080,,0.0,IRRELEVANT,1,2026-09-01 13:49:01.071477
33,The Whispering Canopy Harvester,25,Forest machine,The Most Amazing Heavy-Duty Forestry Machinery You Have To See,Lord Gizmo,,https://www.youtube.com/watch?v=zs2w4_0lrDM,685585,,0.0,IRRELEVANT,1,2026-09-01 13:49:01.071477
33,The Whispering Canopy Harvester,25,Forest machine,20 Powerful Forestry Machines That You Never Knew Existed,Giga Gear Top 10's,,https://www.youtube.com/watch?v=SCp6ce3-m8g,25833,,0.0,IRRELEVANT,0,2026-09-01 13:49:01.071477
33,The Whispering Canopy Harvester,25,Forest machine,Cat® 538 Forest Machine is a Game Changer,Cat® Products,,https://www.youtube.com/watch?v=7CvdJlDmaus,30540,,0.0,IRRELEVANT,0,2026-09-01 13:49:01.071477
33,The Whispering Canopy Harvester,25,Forest machine,From Forest to Sawmill: Powerful Logging & Wood Processing Machines in Action,Machine Solutions,,https://www.youtube.com/watch?v=AxYtSz9b_LI,26005,,0.0,IRRELEVANT,0,2026-09-01 13:49:01.071477
33,The Whispering Canopy Harvester,25,Forest machine,10 MOST IMPRESSIVE 🌲🌲Tree 🌲🌲 Harvesters - Amazing Forestry and Logging Machinery,World Farmer,,https://www.youtube.com/watch?v=XeilvmTqngg,32872,,0.0,IRRELEVANT,0,2026-09-01 13:49:01.071477
33,The Whispering Canopy Harvester,25,Forest machine,Our Top Selection Of The WORLD'S Most Powerful FORESTRY Equipment AND Machines You NEED To See,Lord Gizmo,,https://www.youtube.com/watch?v=kllZ5gmX2vw,273780,,0.0,IRRELEVANT,1,2026-09-01 13:49:01.071477
33,The Whispering Canopy Harvester,25,Forest machine,How Terra Cat Custom Builds Equipment for Logging,Earthmovers Media,,https://www.youtube.com/watch?v=C78UfXaT1V4,39667,,0.0,IRRELEVANT,0,2026-09-01 13:49:01.071477
33,The Whispering Canopy Harvester,25,Forest machine,Forest Machinery DLC - First Look! | Euro Truck Simulator 2 (ETS2) Showcase,Prime Simulation,,https://www.youtube.com/watch?v=9rOcebh_bxI,8288,,0.0,IRRELEVANT,0,2026-09-01 13:49:01.076997
33,The Whispering Canopy Harvester,25,Forest machine,Euro Truck Simulator 2: Forest Machinery DLC,SCS Software,,https://www.youtube.com/watch?v=sb6RP0pX_BI,43387,,0.0,IRRELEVANT,0,2026-09-01 13:49:01.076997
33,The Whispering Canopy Harvester,25,Forest machine,Euro Truck Simulator 2 - Forest Machinery DLC Gameplay,asalvatore,,https://www.youtube.com/watch?v=4BojngcFBLQ,6276,,0.0,IRRELEVANT,0,2026-09-01 13:49:01.076997
33,The Whispering Canopy Harvester,25,Forest machine,Euro Truck Simulator 2 - Forest Machinery + Nordic Horizons,Minh Spytris,,https://www.youtube.com/watch?v=_m7S7BSkLP0,532,,0.0,IRRELEVANT,0,2026-09-01 13:49:01.076997
33,The Whispering Canopy Harvester,25,Forest machine,POV | Hauling Forest Machinery Under the Rain | Nordic Horizons DLC | ETS2,OBiFLY GAMiNG,,https://www.youtube.com/watch?v=kFksc077Q_s,996,,0.0,IRRELEVANT,0,2026-09-01 13:49:01.076997
33,The Whispering Canopy Harvester,25,Forest machine,Dlc Forest Machinery ETS2,canal g garage,,https://www.youtube.com/watch?v=EaljMYOPtpg,394,,0.0,IRRELEVANT,0,2026-09-01 13:49:01.076997
33,The Whispering Canopy Harvester,25,Forest machine,Euro Truck Simulator 2 – Nordic Horizon DLC | NEW Forest Machinery | Volvo FH6 AERO | 1.57 #ets2,F4ankplays,,https://www.youtube.com/watch?v=A5JApJDwUlo,1018,,0.0,IRRELEVANT,0,2026-09-01 13:49:01.076997
33,The Whispering Canopy Harvester,25,Forest machine,✅ REVIEW DLC Forest Machinery FOR ETS2 1.57,DoBro Edet,,https://www.youtube.com/watch?v=3SQwMeJdR_w,4188,,0.0,IRRELEVANT,0,2026-09-01 13:49:01.076997
33,The Whispering Canopy Harvester,25,Forest machine,NEW HEAVY DUTY PACK! (Forest Machinery DLC) | Euro Truck Simulator 2,Berkay İkizoğlu,,https://www.youtube.com/watch?v=v0tg3dw9dtc,4094,,0.0,IRRELEVANT,0,2026-09-01 13:49:01.076997
33,The Whispering Canopy Harvester,25,Forest machine,Euro Truck Simulator 2 - Forstmaschinen DLC & Neues LKW-Zubehör *First Look*,Mr GermanTruck,,https://www.youtube.com/watch?v=eMaRaHCWhfk,3730,,0.0,IRRELEVANT,0,2026-09-01 13:49:01.076997
33,The Whispering Canopy Harvester,25,Forest machine,FOREST MACHINERY DLC ETS2 - We review the NEW DLC for Euro Truck Simulator 2,Xariel,,https://www.youtube.com/watch?v=YLv5fVjEI00,2325,,0.0,IRRELEVANT,0,2026-09-01 13:49:01.076997
33,The Whispering Canopy Harvester,25,Forest machine,Delivering Through Dense Narrow Forests Trail Roads - Nordic Horizons | #ets2 1.57,Animus Parakeet,,https://www.youtube.com/watch?v=6fJwz_xmOlY,5277,,0.0,IRRELEVANT,0,2026-09-01 13:49:01.076997
34,The Timberland Root Walker,26,The Timberland Root Walker,Responsible Leather | Timberland,Timberland,,https://www.youtube.com/watch?v=G6QEgt2Ec54,3416,,0.2,SUBSTITUTE,0,2026-09-01 13:49:32.439782
34,The Timberland Root Walker,26,The Timberland Root Walker,#TIMBERLANDCOLLECTIVE - THE CITY MAKERS – MANIFESTO | Timberland,Timberland,,https://www.youtube.com/watch?v=64EbfcSqTnE,1345,,0.1429,SUBSTITUTE,0,2026-09-01 13:49:32.439782
34,The Timberland Root Walker,26,The Timberland Root Walker,Celebrating 25 Years of Path of Service | Timberland,Timberland,,https://www.youtube.com/watch?v=rZuAk2Wn_qU,1041,,0.1429,SUBSTITUTE,0,2026-09-01 13:49:32.439782
34,The Timberland Root Walker,26,The Timberland Root Walker,Timberland Handsewn 2-Eye Boat Shoes Collection,Timberland Malaysia,,https://www.youtube.com/watch?v=6jQ4nPgOnIQ,112424,,0.125,SUBSTITUTE,1,2026-09-01 13:49:32.439782
34,The Timberland Root Walker,26,The Timberland Root Walker,Premium Timbs vs Timberland Pros vs CAT vs Walmart,Rose Anvil,,https://www.youtube.com/watch?v=1vHTlrwHttc,393538,,0.125,SUBSTITUTE,1,2026-09-01 13:49:32.439782
34,The Timberland Root Walker,26,The Timberland Root Walker,Timberland Pro - Best Insoles for Plantar Fasciitis,Plantar Fasciitis Resource,,https://www.youtube.com/watch?v=WNxybi20uJQ,19717,,0.125,SUBSTITUTE,0,2026-09-01 13:49:32.439782
34,The Timberland Root Walker,26,The Timberland Root Walker,Premium Timbs VS Basic Timberland Boots (CUT IN HALF),Rose Anvil,,https://www.youtube.com/watch?v=RcjC_RP0y8U,2545307,,0.1111,IRRELEVANT,1,2026-09-01 13:49:32.439782
34,The Timberland Root Walker,26,The Timberland Root Walker,Timberland 6 Inch Premium Boots REVIEW: Still Worth It in 2026?,Footwear Flix,,https://www.youtube.com/watch?v=VgVnC9z0kYY,2056,,0.1,IRRELEVANT,0,2026-09-01 13:49:32.439782
34,The Timberland Root Walker,26,The Timberland Root Walker,TIMBERLAND PRO POWERTRAIN SPORT ALLOY TOE SD+ [ The Boot Guy Reviews ],TheBootGuy,,https://www.youtube.com/watch?v=vjSuqkiiYBc,38713,,0.0909,IRRELEVANT,0,2026-09-01 13:49:32.439782
34,The Timberland Root Walker,26,The Timberland Root Walker,Tinie Tempah - Written In The Stars ft. Eric Turner,TINIE TEMPAH,,https://www.youtube.com/watch?v=YgFyi74DVjc,351933751,,0.0,IRRELEVANT,1,2026-09-01 13:49:32.439782
34,The Timberland Root Walker,26,The Timberland Root Walker,Timbaland reacts to Maori music producer from New Zealand Pt.1,BHARUMUSIC,,https://www.youtube.com/watch?v=LWu6yS3RBUM,3951386,,0.0,IRRELEVANT,1,2026-09-01 13:49:32.439782
34,The Timberland Root Walker,26,The Timberland Root Walker,Troublemaker | Akon | Lyrics,Deep Records,,https://www.youtube.com/watch?v=_1IealhWZfs,4074566,,0.0,IRRELEVANT,1,2026-09-01 13:49:32.439782
34,The Timberland Root Walker,26,The Timberland Root Walker,10 Most POWERFUL  Forest Harvesters in the World,Mostop,,https://www.youtube.com/watch?v=JX0S3NfJIbY,120065,,0.0,IRRELEVANT,1,2026-09-01 13:49:32.439782
34,The Timberland Root Walker,26,The Timberland Root Walker,200 CRAZY Powerful Wood and Forestry Machines: Heavy-Duty Equipment That Are on Another Level,Mighty Builds,,https://www.youtube.com/watch?v=xi_Jw-do5Fk,2371932,,0.0,IRRELEVANT,1,2026-09-01 13:49:32.439782
34,The Timberland Root Walker,26,The Timberland Root Walker,TOP 10 Most Powerful Forestry Machines You Need To See | Powerful Machines That Are At Another Level,Lord Gizmo,,https://www.youtube.com/watch?v=Pswj_Y7X_1A,411086,,0.0,IRRELEVANT,1,2026-09-01 13:49:32.439782
34,The Timberland Root Walker,26,The Timberland Root Walker,The Most Amazing Heavy-Duty Forestry Machinery You Have To See,Lord Gizmo,,https://www.youtube.com/watch?v=zs2w4_0lrDM,685583,,0.0,IRRELEVANT,1,2026-09-01 13:49:32.439782
34,The Timberland Root Walker,26,The Timberland Root Walker,From Forest to Sawmill: Powerful Logging & Wood Processing Machines in Action,Machine Solutions,,https://www.youtube.com/watch?v=AxYtSz9b_LI,26005,,0.0,IRRELEVANT,0,2026-09-01 13:49:32.439782
34,The Timberland Root Walker,26,The Timberland Root Walker,20 Powerful Forestry Machines That You Never Knew Existed,Giga Gear Top 10's,,https://www.youtube.com/watch?v=SCp6ce3-m8g,25833,,0.0,IRRELEVANT,0,2026-09-01 13:49:32.439782
34,The Timberland Root Walker,26,The Timberland Root Walker,10 MOST IMPRESSIVE 🌲🌲Tree 🌲🌲 Harvesters - Amazing Forestry and Logging Machinery,World Farmer,,https://www.youtube.com/watch?v=XeilvmTqngg,32872,,0.0,IRRELEVANT,0,2026-09-01 13:49:32.439782
34,The Timberland Root Walker,26,The Timberland Root Walker,Cat® 538 Forest Machine is a Game Changer,Cat® Products,,https://www.youtube.com/watch?v=7CvdJlDmaus,30539,,0.0,IRRELEVANT,0,2026-09-01 13:49:32.439782
34,The Timberland Root Walker,26,The Timberland Root Walker,Our Top Selection Of The WORLD'S Most Powerful FORESTRY Equipment AND Machines You NEED To See,Lord Gizmo,,https://www.youtube.com/watch?v=kllZ5gmX2vw,273774,,0.0,IRRELEVANT,1,2026-09-01 13:49:32.439782
34,The Timberland Root Walker,26,The Timberland Root Walker,How Terra Cat Custom Builds Equipment for Logging,Earthmovers Media,,https://www.youtube.com/watch?v=C78UfXaT1V4,39664,,0.0,IRRELEVANT,0,2026-09-01 13:49:32.439782
34,The Timberland Root Walker,26,The Timberland Root Walker,"Extreme Logging on 35° Alpine Slope 🏔 | Harvester, Traction Winches & Timber Forwarder in Action",Rural Craftsmanship,,https://www.youtube.com/watch?v=-jBwK3pufPw,1326143,,0.0,IRRELEVANT,1,2026-09-01 13:49:32.439782
34,The Timberland Root Walker,26,The Timberland Root Walker,Top 5 Largest Forest Harvesters in The World | Tree Cutting Harvester,Arbitrage,,https://www.youtube.com/watch?v=sJLJzJwC2R4,7245,,0.0,IRRELEVANT,0,2026-09-01 13:49:32.439782
34,The Timberland Root Walker,26,The Timberland Root Walker,Forest Machinery DLC - First Look! | Euro Truck Simulator 2 (ETS2) Showcase,Prime Simulation,,https://www.youtube.com/watch?v=9rOcebh_bxI,8288,,0.0,IRRELEVANT,0,2026-09-01 13:49:32.455438
34,The Timberland Root Walker,26,The Timberland Root Walker,Euro Truck Simulator 2: Forest Machinery DLC,SCS Software,,https://www.youtube.com/watch?v=sb6RP0pX_BI,43387,,0.0,IRRELEVANT,0,2026-09-01 13:49:32.455438
34,The Timberland Root Walker,26,The Timberland Root Walker,Euro Truck Simulator 2 - Forest Machinery DLC Gameplay,asalvatore,,https://www.youtube.com/watch?v=4BojngcFBLQ,6276,,0.0,IRRELEVANT,0,2026-09-01 13:49:32.455438
34,The Timberland Root Walker,26,The Timberland Root Walker,Euro Truck Simulator 2 - Forest Machinery + Nordic Horizons,Minh Spytris,,https://www.youtube.com/watch?v=_m7S7BSkLP0,532,,0.0,IRRELEVANT,0,2026-09-01 13:49:32.455438
34,The Timberland Root Walker,26,The Timberland Root Walker,POV | Hauling Forest Machinery Under the Rain | Nordic Horizons DLC | ETS2,OBiFLY GAMiNG,,https://www.youtube.com/watch?v=kFksc077Q_s,996,,0.0,IRRELEVANT,0,2026-09-01 13:49:32.455438
34,The Timberland Root Walker,26,The Timberland Root Walker,Dlc Forest Machinery ETS2,canal g garage,,https://www.youtube.com/watch?v=EaljMYOPtpg,394,,0.0,IRRELEVANT,0,2026-09-01 13:49:32.455438
34,The Timberland Root Walker,26,The Timberland Root Walker,Euro Truck Simulator 2 – Nordic Horizon DLC | NEW Forest Machinery | Volvo FH6 AERO | 1.57 #ets2,F4ankplays,,https://www.youtube.com/watch?v=A5JApJDwUlo,1018,,0.0,IRRELEVANT,0,2026-09-01 13:49:32.455438
34,The Timberland Root Walker,26,The Timberland Root Walker,✅ REVIEW DLC Forest Machinery FOR ETS2 1.57,DoBro Edet,,https://www.youtube.com/watch?v=3SQwMeJdR_w,4188,,0.0,IRRELEVANT,0,2026-09-01 13:49:32.455438
34,The Timberland Root Walker,26,The Timberland Root Walker,NEW HEAVY DUTY PACK! (Forest Machinery DLC) | Euro Truck Simulator 2,Berkay İkizoğlu,,https://www.youtube.com/watch?v=v0tg3dw9dtc,4094,,0.0,IRRELEVANT,0,2026-09-01 13:49:32.455438
34,The Timberland Root Walker,26,The Timberland Root Walker,Euro Truck Simulator 2 - Forstmaschinen DLC & Neues LKW-Zubehör *First Look*,Mr GermanTruck,,https://www.youtube.com/watch?v=eMaRaHCWhfk,3730,,0.0,IRRELEVANT,0,2026-09-01 13:49:32.455438
34,The Timberland Root Walker,26,The Timberland Root Walker,Delivering Through Dense Narrow Forests Trail Roads - Nordic Horizons | #ets2 1.57,Animus Parakeet,,https://www.youtube.com/watch?v=6fJwz_xmOlY,5277,,0.0,IRRELEVANT,0,2026-09-01 13:49:32.455438
34,The Timberland Root Walker,26,The Timberland Root Walker,Forest Machine Delivery through the Costal line of Norway - Nordic Horizon DLC #ets2,LincPlays and Vutomy,,https://www.youtube.com/watch?v=KCY9YnhFsRk,430,,0.0,IRRELEVANT,0,2026-09-01 13:49:32.455438
35,Bioluminescent Spore Fortress,27,Forest machine,TOP 10 Most Powerful Forestry Machines You Need To See | Powerful Machines That Are At Another Level,Lord Gizmo,,https://www.youtube.com/watch?v=Pswj_Y7X_1A,411086,,0.0,IRRELEVANT,1,2026-09-01 13:50:04.846784
35,Bioluminescent Spore Fortress,27,Forest machine,10 Most POWERFUL  Forest Harvesters in the World,Mostop,,https://www.youtube.com/watch?v=JX0S3NfJIbY,120065,,0.0,IRRELEVANT,1,2026-09-01 13:50:04.847783
35,Bioluminescent Spore Fortress,27,Forest machine,200 CRAZY Powerful Wood and Forestry Machines: Heavy-Duty Equipment That Are on Another Level,Mighty Builds,,https://www.youtube.com/watch?v=xi_Jw-do5Fk,2371932,,0.0,IRRELEVANT,1,2026-09-01 13:50:04.847783
35,Bioluminescent Spore Fortress,27,Forest machine,The Most Amazing Heavy-Duty Forestry Machinery You Have To See,Lord Gizmo,,https://www.youtube.com/watch?v=zs2w4_0lrDM,685583,,0.0,IRRELEVANT,1,2026-09-01 13:50:04.848782
35,Bioluminescent Spore Fortress,27,Forest machine,"18 Forestry Machines in Action | Skidders, Forwarders, Bulldozers & More Logging Industry Giants",Forestry Pulse,,https://www.youtube.com/watch?v=gxl8jWRxQMc,534,,0.0,IRRELEVANT,0,2026-09-01 13:50:04.848782
35,Bioluminescent Spore Fortress,27,Forest machine,Our Top Selection Of The WORLD'S Most Powerful FORESTRY Equipment AND Machines You NEED To See,Lord Gizmo,,https://www.youtube.com/watch?v=kllZ5gmX2vw,273774,,0.0,IRRELEVANT,1,2026-09-01 13:50:04.849781
35,Bioluminescent Spore Fortress,27,Forest machine,1270H Wheeled Harvester,John Deere UK IE,,https://www.youtube.com/watch?v=D_qfOH-Z764,51291,,0.0,IRRELEVANT,0,2026-09-01 13:50:04.849781
35,Bioluminescent Spore Fortress,27,Forest machine,Cat® 538 Forest Machine is a Game Changer,Cat® Products,,https://www.youtube.com/watch?v=7CvdJlDmaus,30539,,0.0,IRRELEVANT,0,2026-09-01 13:50:04.849781
35,Bioluminescent Spore Fortress,27,Forest machine,Top 5 Largest Forest Harvesters in The World | Tree Cutting Harvester,Arbitrage,,https://www.youtube.com/watch?v=sJLJzJwC2R4,7245,,0.0,IRRELEVANT,0,2026-09-01 13:50:04.850779
35,Bioluminescent Spore Fortress,27,Forest machine,How Terra Cat Custom Builds Equipment for Logging,Earthmovers Media,,https://www.youtube.com/watch?v=C78UfXaT1V4,39667,,0.0,IRRELEVANT,0,2026-09-01 13:50:04.850779
35,Bioluminescent Spore Fortress,27,Forest machine,20 Powerful Forestry Machines That You Never Knew Existed,Giga Gear Top 10's,,https://www.youtube.com/watch?v=SCp6ce3-m8g,25833,,0.0,IRRELEVANT,0,2026-09-01 13:50:04.850779
35,Bioluminescent Spore Fortress,27,Forest machine,KOMATSU 931XC HARVESTER: The Future of Forestry is Here,Heavy Equipment Channel,,https://www.youtube.com/watch?v=UVLWedE8d58,11873,,0.0,IRRELEVANT,0,2026-09-01 13:50:04.851913
35,Bioluminescent Spore Fortress,27,Forest machine,From Forest to Sawmill: Powerful Logging & Wood Processing Machines in Action,Machine Solutions,,https://www.youtube.com/watch?v=AxYtSz9b_LI,26005,,0.0,IRRELEVANT,0,2026-09-01 13:50:04.851913
35,Bioluminescent Spore Fortress,27,Forest machine,10 MOST IMPRESSIVE 🌲🌲Tree 🌲🌲 Harvesters - Amazing Forestry and Logging Machinery,World Farmer,,https://www.youtube.com/watch?v=XeilvmTqngg,32872,,0.0,IRRELEVANT,0,2026-09-01 13:50:04.852759
35,Bioluminescent Spore Fortress,27,Forest machine,"Extreme Logging on 35° Alpine Slope 🏔 | Harvester, Traction Winches & Timber Forwarder in Action",Rural Craftsmanship,,https://www.youtube.com/watch?v=-jBwK3pufPw,1326143,,0.0,IRRELEVANT,1,2026-09-01 13:50:04.852759
35,Bioluminescent Spore Fortress,27,Forest machine,Forest Machinery DLC - First Look! | Euro Truck Simulator 2 (ETS2) Showcase,Prime Simulation,,https://www.youtube.com/watch?v=9rOcebh_bxI,8288,,0.0,IRRELEVANT,0,2026-09-01 13:50:04.852759
35,Bioluminescent Spore Fortress,27,Forest machine,Euro Truck Simulator 2: Forest Machinery DLC,SCS Software,,https://www.youtube.com/watch?v=sb6RP0pX_BI,43387,,0.0,IRRELEVANT,0,2026-09-01 13:50:04.853764
35,Bioluminescent Spore Fortress,27,Forest machine,Euro Truck Simulator 2 - Forest Machinery DLC Gameplay,asalvatore,,https://www.youtube.com/watch?v=4BojngcFBLQ,6276,,0.0,IRRELEVANT,0,2026-09-01 13:50:04.853764
35,Bioluminescent Spore Fortress,27,Forest machine,Euro Truck Simulator 2 - Forest Machinery + Nordic Horizons,Minh Spytris,,https://www.youtube.com/watch?v=_m7S7BSkLP0,532,,0.0,IRRELEVANT,0,2026-09-01 13:50:04.855015
35,Bioluminescent Spore Fortress,27,Forest machine,POV | Hauling Forest Machinery Under the Rain | Nordic Horizons DLC | ETS2,OBiFLY GAMiNG,,https://www.youtube.com/watch?v=kFksc077Q_s,996,,0.0,IRRELEVANT,0,2026-09-01 13:50:04.855015
35,Bioluminescent Spore Fortress,27,Forest machine,Dlc Forest Machinery ETS2,canal g garage,,https://www.youtube.com/watch?v=EaljMYOPtpg,394,,0.0,IRRELEVANT,0,2026-09-01 13:50:04.856015
35,Bioluminescent Spore Fortress,27,Forest machine,Euro Truck Simulator 2 – Nordic Horizon DLC | NEW Forest Machinery | Volvo FH6 AERO | 1.57 #ets2,F4ankplays,,https://www.youtube.com/watch?v=A5JApJDwUlo,1018,,0.0,IRRELEVANT,0,2026-09-01 13:50:04.856015
35,Bioluminescent Spore Fortress,27,Forest machine,✅ REVIEW DLC Forest Machinery FOR ETS2 1.57,DoBro Edet,,https://www.youtube.com/watch?v=3SQwMeJdR_w,4188,,0.0,IRRELEVANT,0,2026-09-01 13:50:04.856015
35,Bioluminescent Spore Fortress,27,Forest machine,NEW HEAVY DUTY PACK! (Forest Machinery DLC) | Euro Truck Simulator 2,Berkay İkizoğlu,,https://www.youtube.com/watch?v=v0tg3dw9dtc,4094,,0.0,IRRELEVANT,0,2026-09-01 13:50:04.857016
35,Bioluminescent Spore Fortress,27,Forest machine,BIGGEST MOST EPIC LOAD Transported by Road | Euro Truck Simulator 2 | Logitech G29 Setup + Handbrake,The Code Gaming,,https://www.youtube.com/watch?v=g8YlXgXjQNo,2897220,,0.0,IRRELEVANT,1,2026-09-01 13:50:04.857016
35,Bioluminescent Spore Fortress,27,Forest machine,Euro Truck Simulator 2 - Forstmaschinen DLC & Neues LKW-Zubehör *First Look*,Mr GermanTruck,,https://www.youtube.com/watch?v=eMaRaHCWhfk,3730,,0.0,IRRELEVANT,0,2026-09-01 13:50:04.857016
35,Bioluminescent Spore Fortress,27,Forest machine,FOREST MACHINERY DLC ETS2 - We review the NEW DLC for Euro Truck Simulator 2,Xariel,,https://www.youtube.com/watch?v=YLv5fVjEI00,2325,,0.0,IRRELEVANT,0,2026-09-01 13:50:04.857016
36,Atmospheric Timber Leviathan,28,Forest machine,"Extreme Logging on 35° Alpine Slope 🏔 | Harvester, Traction Winches & Timber Forwarder in Action",Rural Craftsmanship,,https://www.youtube.com/watch?v=-jBwK3pufPw,1326143,,0.0833,IRRELEVANT,1,2026-09-01 13:50:38.776509
36,Atmospheric Timber Leviathan,28,Forest machine,10 Most POWERFUL  Forest Harvesters in the World,Mostop,,https://www.youtube.com/watch?v=JX0S3NfJIbY,120065,,0.0,IRRELEVANT,1,2026-09-01 13:50:38.766610
36,Atmospheric Timber Leviathan,28,Forest machine,TOP 10 Most Powerful Forestry Machines You Need To See | Powerful Machines That Are At Another Level,Lord Gizmo,,https://www.youtube.com/watch?v=Pswj_Y7X_1A,411086,,0.0,IRRELEVANT,1,2026-09-01 13:50:38.767612
36,Atmospheric Timber Leviathan,28,Forest machine,200 CRAZY Powerful Wood and Forestry Machines: Heavy-Duty Equipment That Are on Another Level,Mighty Builds,,https://www.youtube.com/watch?v=xi_Jw-do5Fk,2371932,,0.0,IRRELEVANT,1,2026-09-01 13:50:38.768624
36,Atmospheric Timber Leviathan,28,Forest machine,The Most Amazing Heavy-Duty Forestry Machinery You Have To See,Lord Gizmo,,https://www.youtube.com/watch?v=zs2w4_0lrDM,685583,,0.0,IRRELEVANT,1,2026-09-01 13:50:38.768624
36,Atmospheric Timber Leviathan,28,Forest machine,"18 Forestry Machines in Action | Skidders, Forwarders, Bulldozers & More Logging Industry Giants",Forestry Pulse,,https://www.youtube.com/watch?v=gxl8jWRxQMc,534,,0.0,IRRELEVANT,0,2026-09-01 13:50:38.770200
36,Atmospheric Timber Leviathan,28,Forest machine,20 Powerful Forestry Machines That You Never Knew Existed,Giga Gear Top 10's,,https://www.youtube.com/watch?v=SCp6ce3-m8g,25833,,0.0,IRRELEVANT,0,2026-09-01 13:50:38.770720
36,Atmospheric Timber Leviathan,28,Forest machine,Cat® 538 Forest Machine is a Game Changer,Cat® Products,,https://www.youtube.com/watch?v=7CvdJlDmaus,30539,,0.0,IRRELEVANT,0,2026-09-01 13:50:38.770720
36,Atmospheric Timber Leviathan,28,Forest machine,How Terra Cat Custom Builds Equipment for Logging,Earthmovers Media,,https://www.youtube.com/watch?v=C78UfXaT1V4,39667,,0.0,IRRELEVANT,0,2026-09-01 13:50:38.771748
36,Atmospheric Timber Leviathan,28,Forest machine,"CAT® NEXT GENERATION 558 FORESTRY MACHINE MAKE WOODS WORK PRODUCTIVE, PROFITABLE, AND PLEASANT",Cat® Products,,https://www.youtube.com/watch?v=4HTYJiiuAxc,1487,,0.0,IRRELEVANT,0,2026-09-01 13:50:38.772757
36,Atmospheric Timber Leviathan,28,Forest machine,Our Top Selection Of The WORLD'S Most Powerful FORESTRY Equipment AND Machines You NEED To See,Lord Gizmo,,https://www.youtube.com/watch?v=kllZ5gmX2vw,273774,,0.0,IRRELEVANT,1,2026-09-01 13:50:38.772757
36,Atmospheric Timber Leviathan,28,Forest machine,Top 5 Largest Forest Harvesters in The World | Tree Cutting Harvester,Arbitrage,,https://www.youtube.com/watch?v=sJLJzJwC2R4,7245,,0.0,IRRELEVANT,0,2026-09-01 13:50:38.773742
36,Atmospheric Timber Leviathan,28,Forest machine,Dangerous Precision - 10 Fastest Tree Harvesting Machines,Epic Mach,,https://www.youtube.com/watch?v=7Gg-Q_2Aqho,355744,,0.0,IRRELEVANT,1,2026-09-01 13:50:38.773742
36,Atmospheric Timber Leviathan,28,Forest machine,From Forest to Sawmill: Powerful Logging & Wood Processing Machines in Action,Machine Solutions,,https://www.youtube.com/watch?v=AxYtSz9b_LI,26005,,0.0,IRRELEVANT,0,2026-09-01 13:50:38.774747
36,Atmospheric Timber Leviathan,28,Forest machine,10 MOST IMPRESSIVE 🌲🌲Tree 🌲🌲 Harvesters - Amazing Forestry and Logging Machinery,World Farmer,,https://www.youtube.com/watch?v=XeilvmTqngg,32872,,0.0,IRRELEVANT,0,2026-09-01 13:50:38.775430
36,Atmospheric Timber Leviathan,28,Forest machine,Forest Machinery DLC - First Look! | Euro Truck Simulator 2 (ETS2) Showcase,Prime Simulation,,https://www.youtube.com/watch?v=9rOcebh_bxI,8288,,0.0,IRRELEVANT,0,2026-09-01 13:50:38.777102
36,Atmospheric Timber Leviathan,28,Forest machine,Euro Truck Simulator 2 - Forest Machinery DLC Gameplay,asalvatore,,https://www.youtube.com/watch?v=4BojngcFBLQ,6276,,0.0,IRRELEVANT,0,2026-09-01 13:50:38.778528
36,Atmospheric Timber Leviathan,28,Forest machine,Euro Truck Simulator 2: Forest Machinery DLC,SCS Software,,https://www.youtube.com/watch?v=sb6RP0pX_BI,43387,,0.0,IRRELEVANT,0,2026-09-01 13:50:38.779554
36,Atmospheric Timber Leviathan,28,Forest machine,Euro Truck Simulator 2 - Forest Machinery + Nordic Horizons,Minh Spytris,,https://www.youtube.com/watch?v=_m7S7BSkLP0,532,,0.0,IRRELEVANT,0,2026-09-01 13:50:38.780104
36,Atmospheric Timber Leviathan,28,Forest machine,POV | Hauling Forest Machinery Under the Rain | Nordic Horizons DLC | ETS2,OBiFLY GAMiNG,,https://www.youtube.com/watch?v=kFksc077Q_s,996,,0.0,IRRELEVANT,0,2026-09-01 13:50:38.780104
36,Atmospheric Timber Leviathan,28,Forest machine,Dlc Forest Machinery ETS2,canal g garage,,https://www.youtube.com/watch?v=EaljMYOPtpg,394,,0.0,IRRELEVANT,0,2026-09-01 13:50:38.780104
36,Atmospheric Timber Leviathan,28,Forest machine,✅ REVIEW DLC Forest Machinery FOR ETS2 1.57,DoBro Edet,,https://www.youtube.com/watch?v=3SQwMeJdR_w,4188,,0.0,IRRELEVANT,0,2026-09-01 13:50:38.782681
36,Atmospheric Timber Leviathan,28,Forest machine,Euro Truck Simulator 2 – Nordic Horizon DLC | NEW Forest Machinery | Volvo FH6 AERO | 1.57 #ets2,F4ankplays,,https://www.youtube.com/watch?v=A5JApJDwUlo,1018,,0.0,IRRELEVANT,0,2026-09-01 13:50:38.782681
36,Atmospheric Timber Leviathan,28,Forest machine,NEW HEAVY DUTY PACK! (Forest Machinery DLC) | Euro Truck Simulator 2,Berkay İkizoğlu,,https://www.youtube.com/watch?v=v0tg3dw9dtc,4094,,0.0,IRRELEVANT,0,2026-09-01 13:50:38.782681
36,Atmospheric Timber Leviathan,28,Forest machine,FOREST MACHINERY DLC ETS2 - We review the NEW DLC for Euro Truck Simulator 2,Xariel,,https://www.youtube.com/watch?v=YLv5fVjEI00,2325,,0.0,IRRELEVANT,0,2026-09-01 13:50:38.782681
36,Atmospheric Timber Leviathan,28,Forest machine,THE FOREST MACHINERY DLC | NEW DLC REVIEW FOR ETS 2,TheAlive55,,https://www.youtube.com/watch?v=IUmaE8izNEs,7200,,0.0,IRRELEVANT,0,2026-09-01 13:50:38.782681
36,Atmospheric Timber Leviathan,28,Forest machine,Euro Truck Simulator 2 - Forstmaschinen DLC & Neues LKW-Zubehör *First Look*,Mr GermanTruck,,https://www.youtube.com/watch?v=eMaRaHCWhfk,3730,,0.0,IRRELEVANT,0,2026-09-01 13:50:38.782681
37,The Ancient Grove Siphon,29,The Ancient Grove Siphon,Grim Dawn 1.0.7.1 - Aether AAR Spellbinder - Ancient Grove,kos9k01569,,https://www.youtube.com/watch?v=EchK8eY6HvE,2257,,0.25,SUBSTITUTE,0,2026-09-01 13:51:11.287810
37,The Ancient Grove Siphon,29,The Ancient Grove Siphon,Grim Dawn FG - Archon Whirlwind build in Ancient Grove,The Line of Epic Heroes,,https://www.youtube.com/watch?v=TBa4FD7WS6g,4012,,0.25,SUBSTITUTE,0,2026-09-01 13:51:11.287810
37,The Ancient Grove Siphon,29,The Ancient Grove Siphon,Let's Play Fallout 76 Part 22 Sugar Grove and Project Siphon,Michael Young,,https://www.youtube.com/watch?v=kDGSGkC06xE,461,,0.2222,SUBSTITUTE,0,2026-09-01 13:51:11.287810
37,The Ancient Grove Siphon,29,The Ancient Grove Siphon,NEW Grim Dawn Aether Assassin Caster - Meteorlord Chillspikes Spellbinder - MQ PV Kuba Ancient Grove,TZ Tz,,https://www.youtube.com/watch?v=0-nr6-Z01BU,2307,,0.1538,SUBSTITUTE,0,2026-09-01 13:51:11.287810
37,The Ancient Grove Siphon,29,The Ancient Grove Siphon,Witch’s Pond: The Forbidden Grove of Boldu,WellofMonsters,,https://www.youtube.com/watch?v=TXL8wsDJu_I,1,,0.1429,SUBSTITUTE,0,2026-09-01 13:51:11.287810
37,The Ancient Grove Siphon,29,The Ancient Grove Siphon,Aether Siphon Spellbinder Grim Dawn Forgotten Gods,Destructable,,https://www.youtube.com/watch?v=9accazy3FlA,2269,,0.1111,IRRELEVANT,0,2026-09-01 13:51:11.287810
37,The Ancient Grove Siphon,29,The Ancient Grove Siphon,Grim Dawn | That Apostate | Build Guide Part 3 | Patch 1.2 | March 2024,Arcadelife,,https://www.youtube.com/watch?v=sFYbrJx5noI,1635,,0.0,IRRELEVANT,0,2026-09-01 13:51:11.287810
37,The Ancient Grove Siphon,29,The Ancient Grove Siphon,Drain Essence Apostate - Episode 13,Paikis,,https://www.youtube.com/watch?v=4chTvxB6Exc,801,,0.0,IRRELEVANT,0,2026-09-01 13:51:11.287810
37,The Ancient Grove Siphon,29,The Ancient Grove Siphon,Grim Dawn | One-Shot-Bosses build | Ugdenbog part one | Level 47-49 guide | Dec 2022,Arcadelife,,https://www.youtube.com/watch?v=_Xatkf4iP1w,3203,,0.0,IRRELEVANT,0,2026-09-01 13:51:11.287810
37,The Ancient Grove Siphon,29,The Ancient Grove Siphon,#30. The Beginning of the First DLC | Cabalist | Grim Dawn (Hardcore/Veteran),c87 — A Year In Minecraft ,,https://www.youtube.com/watch?v=HlDhO8bA02o,24,,0.0,IRRELEVANT,0,2026-09-01 13:51:11.287810
37,The Ancient Grove Siphon,29,The Ancient Grove Siphon,Grimarillion Double Hellhound [Occultist + Dream]: Build Guide and Crucible Gameplay,CDR Dog,,https://www.youtube.com/watch?v=CxcrTDmqG40,648,,0.0,IRRELEVANT,0,2026-09-01 13:51:11.287810
37,The Ancient Grove Siphon,29,The Ancient Grove Siphon,Grim Dawn - Aether Spellbinder 3 ways - Episode 14,Paikis,,https://www.youtube.com/watch?v=syQRNjr7CjY,909,,0.0,IRRELEVANT,0,2026-09-01 13:51:11.287810
37,The Ancient Grove Siphon,29,The Ancient Grove Siphon,10 Most POWERFUL  Forest Harvesters in the World,Mostop,,https://www.youtube.com/watch?v=JX0S3NfJIbY,120065,,0.0,IRRELEVANT,1,2026-09-01 13:51:11.287810
37,The Ancient Grove Siphon,29,The Ancient Grove Siphon,200 CRAZY Powerful Wood and Forestry Machines: Heavy-Duty Equipment That Are on Another Level,Mighty Builds,,https://www.youtube.com/watch?v=xi_Jw-do5Fk,2371937,,0.0,IRRELEVANT,1,2026-09-01 13:51:11.287810
37,The Ancient Grove Siphon,29,The Ancient Grove Siphon,TOP 10 Most Powerful Forestry Machines You Need To See | Powerful Machines That Are At Another Level,Lord Gizmo,,https://www.youtube.com/watch?v=Pswj_Y7X_1A,411080,,0.0,IRRELEVANT,1,2026-09-01 13:51:11.287810
37,The Ancient Grove Siphon,29,The Ancient Grove Siphon,The Most Amazing Heavy-Duty Forestry Machinery You Have To See,Lord Gizmo,,https://www.youtube.com/watch?v=zs2w4_0lrDM,685585,,0.0,IRRELEVANT,1,2026-09-01 13:51:11.287810
37,The Ancient Grove Siphon,29,The Ancient Grove Siphon,20 Powerful Forestry Machines That You Never Knew Existed,Giga Gear Top 10's,,https://www.youtube.com/watch?v=SCp6ce3-m8g,25833,,0.0,IRRELEVANT,0,2026-09-01 13:51:11.287810
37,The Ancient Grove Siphon,29,The Ancient Grove Siphon,10 MOST IMPRESSIVE 🌲🌲Tree 🌲🌲 Harvesters - Amazing Forestry and Logging Machinery,World Farmer,,https://www.youtube.com/watch?v=XeilvmTqngg,32872,,0.0,IRRELEVANT,0,2026-09-01 13:51:11.287810
37,The Ancient Grove Siphon,29,The Ancient Grove Siphon,Cat® 538 Forest Machine is a Game Changer,Cat® Products,,https://www.youtube.com/watch?v=7CvdJlDmaus,30540,,0.0,IRRELEVANT,0,2026-09-01 13:51:11.287810
37,The Ancient Grove Siphon,29,The Ancient Grove Siphon,From Forest to Sawmill: Powerful Logging & Wood Processing Machines in Action,Machine Solutions,,https://www.youtube.com/watch?v=AxYtSz9b_LI,26005,,0.0,IRRELEVANT,0,2026-09-01 13:51:11.287810
37,The Ancient Grove Siphon,29,The Ancient Grove Siphon,Our Top Selection Of The WORLD'S Most Powerful FORESTRY Equipment AND Machines You NEED To See,Lord Gizmo,,https://www.youtube.com/watch?v=kllZ5gmX2vw,273780,,0.0,IRRELEVANT,1,2026-09-01 13:51:11.287810
37,The Ancient Grove Siphon,29,The Ancient Grove Siphon,How Terra Cat Custom Builds Equipment for Logging,Earthmovers Media,,https://www.youtube.com/watch?v=C78UfXaT1V4,39667,,0.0,IRRELEVANT,0,2026-09-01 13:51:11.287810
37,The Ancient Grove Siphon,29,The Ancient Grove Siphon,"Extreme Logging on 35° Alpine Slope 🏔 | Harvester, Traction Winches & Timber Forwarder in Action",Rural Craftsmanship,,https://www.youtube.com/watch?v=-jBwK3pufPw,1326143,,0.0,IRRELEVANT,1,2026-09-01 13:51:11.287810
37,The Ancient Grove Siphon,29,The Ancient Grove Siphon,1270H Wheeled Harvester,John Deere UK IE,,https://www.youtube.com/watch?v=D_qfOH-Z764,51294,,0.0,IRRELEVANT,0,2026-09-01 13:51:11.287810
37,The Ancient Grove Siphon,29,The Ancient Grove Siphon,Forest Machinery DLC - First Look! | Euro Truck Simulator 2 (ETS2) Showcase,Prime Simulation,,https://www.youtube.com/watch?v=9rOcebh_bxI,8288,,0.0,IRRELEVANT,0,2026-09-01 13:51:11.287810
37,The Ancient Grove Siphon,29,The Ancient Grove Siphon,Euro Truck Simulator 2: Forest Machinery DLC,SCS Software,,https://www.youtube.com/watch?v=sb6RP0pX_BI,43387,,0.0,IRRELEVANT,0,2026-09-01 13:51:11.287810
37,The Ancient Grove Siphon,29,The Ancient Grove Siphon,Euro Truck Simulator 2 - Forest Machinery DLC Gameplay,asalvatore,,https://www.youtube.com/watch?v=4BojngcFBLQ,6276,,0.0,IRRELEVANT,0,2026-09-01 13:51:11.287810
37,The Ancient Grove Siphon,29,The Ancient Grove Siphon,Euro Truck Simulator 2 - Forest Machinery + Nordic Horizons,Minh Spytris,,https://www.youtube.com/watch?v=_m7S7BSkLP0,532,,0.0,IRRELEVANT,0,2026-09-01 13:51:11.287810
37,The Ancient Grove Siphon,29,The Ancient Grove Siphon,POV | Hauling Forest Machinery Under the Rain | Nordic Horizons DLC | ETS2,OBiFLY GAMiNG,,https://www.youtube.com/watch?v=kFksc077Q_s,996,,0.0,IRRELEVANT,0,2026-09-01 13:51:11.287810
37,The Ancient Grove Siphon,29,The Ancient Grove Siphon,Dlc Forest Machinery ETS2,canal g garage,,https://www.youtube.com/watch?v=EaljMYOPtpg,394,,0.0,IRRELEVANT,0,2026-09-01 13:51:11.287810
37,The Ancient Grove Siphon,29,The Ancient Grove Siphon,Euro Truck Simulator 2 – Nordic Horizon DLC | NEW Forest Machinery | Volvo FH6 AERO | 1.57 #ets2,F4ankplays,,https://www.youtube.com/watch?v=A5JApJDwUlo,1018,,0.0,IRRELEVANT,0,2026-09-01 13:51:11.303457
37,The Ancient Grove Siphon,29,The Ancient Grove Siphon,BIGGEST MOST EPIC LOAD Transported by Road | Euro Truck Simulator 2 | Logitech G29 Setup + Handbrake,The Code Gaming,,https://www.youtube.com/watch?v=g8YlXgXjQNo,2897220,,0.0,IRRELEVANT,1,2026-09-01 13:51:11.303457
37,The Ancient Grove Siphon,29,The Ancient Grove Siphon,✅ REVIEW DLC Forest Machinery FOR ETS2 1.57,DoBro Edet,,https://www.youtube.com/watch?v=3SQwMeJdR_w,4188,,0.0,IRRELEVANT,0,2026-09-01 13:51:11.303457
37,The Ancient Grove Siphon,29,The Ancient Grove Siphon,NEW HEAVY DUTY PACK! (Forest Machinery DLC) | Euro Truck Simulator 2,Berkay İkizoğlu,,https://www.youtube.com/watch?v=v0tg3dw9dtc,4094,,0.0,IRRELEVANT,0,2026-09-01 13:51:11.303457
37,The Ancient Grove Siphon,29,The Ancient Grove Siphon,Euro Truck Simulator 2 - Forstmaschinen DLC & Neues LKW-Zubehör *First Look*,Mr GermanTruck,,https://www.youtube.com/watch?v=eMaRaHCWhfk,3730,,0.0,IRRELEVANT,0,2026-09-01 13:51:11.303457
37,The Ancient Grove Siphon,29,The Ancient Grove Siphon,Delivering Through Dense Narrow Forests Trail Roads - Nordic Horizons | #ets2 1.57,Animus Parakeet,,https://www.youtube.com/watch?v=6fJwz_xmOlY,5277,,0.0,IRRELEVANT,0,2026-09-01 13:51:11.303457
38,Ironwood Deep-Root Excavator,30,Ironwood Deep-Root Excavator,Plant Trees Like An Arborist- Avoid This Common BIG MISTAKE!,Blue Oak ATS LLC,,https://www.youtube.com/watch?v=eKuec3zkM3Y,2106974,,0.0,IRRELEVANT,1,2026-09-01 13:51:43.767500
38,Ironwood Deep-Root Excavator,30,Ironwood Deep-Root Excavator,How to MOVE or TRANSPLANT a Fruit Tree,Self Sufficient Me,,https://www.youtube.com/watch?v=x35w_riwxd0,178455,,0.0,IRRELEVANT,1,2026-09-01 13:51:43.767500
38,Ironwood Deep-Root Excavator,30,Ironwood Deep-Root Excavator,SkyFactory 4: Episode 4 - DONUT SAPLING!,Tinker77,,https://www.youtube.com/watch?v=FYH8tgU8pZE,2962,,0.0,IRRELEVANT,0,2026-09-01 13:51:43.767500
38,Ironwood Deep-Root Excavator,30,Ironwood Deep-Root Excavator,Fraudsters target property owners in historic Black neighborhoods,WPLG Local 10,,https://www.youtube.com/watch?v=xBhiIxGh1cE,1617,,0.0,IRRELEVANT,0,2026-09-01 13:51:43.767500
38,Ironwood Deep-Root Excavator,30,Ironwood Deep-Root Excavator,Live Edge window trim from homemade lumber,Ants Pants,,https://www.youtube.com/watch?v=RJapkJgH6RE,22314,,0.0,IRRELEVANT,0,2026-09-01 13:51:43.767500
38,Ironwood Deep-Root Excavator,30,Ironwood Deep-Root Excavator,Dipperfox SC400 vs self propelled stump grinder,Dipperfox,,https://www.youtube.com/watch?v=OfXgi5cyRvo,15574,,0.0,IRRELEVANT,0,2026-09-01 13:51:43.781537
38,Ironwood Deep-Root Excavator,30,Ironwood Deep-Root Excavator,10 Most POWERFUL  Forest Harvesters in the World,Mostop,,https://www.youtube.com/watch?v=JX0S3NfJIbY,120065,,0.0,IRRELEVANT,1,2026-09-01 13:51:43.781537
38,Ironwood Deep-Root Excavator,30,Ironwood Deep-Root Excavator,200 CRAZY Powerful Wood and Forestry Machines: Heavy-Duty Equipment That Are on Another Level,Mighty Builds,,https://www.youtube.com/watch?v=xi_Jw-do5Fk,2371932,,0.0,IRRELEVANT,1,2026-09-01 13:51:43.781537
38,Ironwood Deep-Root Excavator,30,Ironwood Deep-Root Excavator,TOP 10 Most Powerful Forestry Machines You Need To See | Powerful Machines That Are At Another Level,Lord Gizmo,,https://www.youtube.com/watch?v=Pswj_Y7X_1A,411086,,0.0,IRRELEVANT,1,2026-09-01 13:51:43.781537
38,Ironwood Deep-Root Excavator,30,Ironwood Deep-Root Excavator,The Most Amazing Heavy-Duty Forestry Machinery You Have To See,Lord Gizmo,,https://www.youtube.com/watch?v=zs2w4_0lrDM,685583,,0.0,IRRELEVANT,1,2026-09-01 13:51:43.781537
38,Ironwood Deep-Root Excavator,30,Ironwood Deep-Root Excavator,20 Powerful Forestry Machines That You Never Knew Existed,Giga Gear Top 10's,,https://www.youtube.com/watch?v=SCp6ce3-m8g,25833,,0.0,IRRELEVANT,0,2026-09-01 13:51:43.781537
38,Ironwood Deep-Root Excavator,30,Ironwood Deep-Root Excavator,From Forest to Sawmill: Powerful Logging & Wood Processing Machines in Action,Machine Solutions,,https://www.youtube.com/watch?v=AxYtSz9b_LI,26005,,0.0,IRRELEVANT,0,2026-09-01 13:51:43.781537
38,Ironwood Deep-Root Excavator,30,Ironwood Deep-Root Excavator,10 MOST IMPRESSIVE 🌲🌲Tree 🌲🌲 Harvesters - Amazing Forestry and Logging Machinery,World Farmer,,https://www.youtube.com/watch?v=XeilvmTqngg,32872,,0.0,IRRELEVANT,0,2026-09-01 13:51:43.781537
38,Ironwood Deep-Root Excavator,30,Ironwood Deep-Root Excavator,Cat® 538 Forest Machine is a Game Changer,Cat® Products,,https://www.youtube.com/watch?v=7CvdJlDmaus,30539,,0.0,IRRELEVANT,0,2026-09-01 13:51:43.781537
38,Ironwood Deep-Root Excavator,30,Ironwood Deep-Root Excavator,Our Top Selection Of The WORLD'S Most Powerful FORESTRY Equipment AND Machines You NEED To See,Lord Gizmo,,https://www.youtube.com/watch?v=kllZ5gmX2vw,273774,,0.0,IRRELEVANT,1,2026-09-01 13:51:43.781537
38,Ironwood Deep-Root Excavator,30,Ironwood Deep-Root Excavator,How Terra Cat Custom Builds Equipment for Logging,Earthmovers Media,,https://www.youtube.com/watch?v=C78UfXaT1V4,39667,,0.0,IRRELEVANT,0,2026-09-01 13:51:43.781537
38,Ironwood Deep-Root Excavator,30,Ironwood Deep-Root Excavator,"Extreme Logging on 35° Alpine Slope 🏔 | Harvester, Traction Winches & Timber Forwarder in Action",Rural Craftsmanship,,https://www.youtube.com/watch?v=-jBwK3pufPw,1326143,,0.0,IRRELEVANT,1,2026-09-01 13:51:43.781537
38,Ironwood Deep-Root Excavator,30,Ironwood Deep-Root Excavator,Top 5 Largest Forest Harvesters in The World | Tree Cutting Harvester,Arbitrage,,https://www.youtube.com/watch?v=sJLJzJwC2R4,7245,,0.0,IRRELEVANT,0,2026-09-01 13:51:43.781537
38,Ironwood Deep-Root Excavator,30,Ironwood Deep-Root Excavator,Forest Machinery DLC - First Look! | Euro Truck Simulator 2 (ETS2) Showcase,Prime Simulation,,https://www.youtube.com/watch?v=9rOcebh_bxI,8288,,0.0,IRRELEVANT,0,2026-09-01 13:51:43.781537
38,Ironwood Deep-Root Excavator,30,Ironwood Deep-Root Excavator,Euro Truck Simulator 2 - Forest Machinery DLC Gameplay,asalvatore,,https://www.youtube.com/watch?v=4BojngcFBLQ,6276,,0.0,IRRELEVANT,0,2026-09-01 13:51:43.781537
38,Ironwood Deep-Root Excavator,30,Ironwood Deep-Root Excavator,Euro Truck Simulator 2: Forest Machinery DLC,SCS Software,,https://www.youtube.com/watch?v=sb6RP0pX_BI,43387,,0.0,IRRELEVANT,0,2026-09-01 13:51:43.781537
38,Ironwood Deep-Root Excavator,30,Ironwood Deep-Root Excavator,Euro Truck Simulator 2 - Forest Machinery + Nordic Horizons,Minh Spytris,,https://www.youtube.com/watch?v=_m7S7BSkLP0,532,,0.0,IRRELEVANT,0,2026-09-01 13:51:43.781537
38,Ironwood Deep-Root Excavator,30,Ironwood Deep-Root Excavator,POV | Hauling Forest Machinery Under the Rain | Nordic Horizons DLC | ETS2,OBiFLY GAMiNG,,https://www.youtube.com/watch?v=kFksc077Q_s,996,,0.0,IRRELEVANT,0,2026-09-01 13:51:43.781537
38,Ironwood Deep-Root Excavator,30,Ironwood Deep-Root Excavator,Dlc Forest Machinery ETS2,canal g garage,,https://www.youtube.com/watch?v=EaljMYOPtpg,394,,0.0,IRRELEVANT,0,2026-09-01 13:51:43.781537
38,Ironwood Deep-Root Excavator,30,Ironwood Deep-Root Excavator,✅ REVIEW DLC Forest Machinery FOR ETS2 1.57,DoBro Edet,,https://www.youtube.com/watch?v=3SQwMeJdR_w,4188,,0.0,IRRELEVANT,0,2026-09-01 13:51:43.781537
38,Ironwood Deep-Root Excavator,30,Ironwood Deep-Root Excavator,Euro Truck Simulator 2 – Nordic Horizon DLC | NEW Forest Machinery | Volvo FH6 AERO | 1.57 #ets2,F4ankplays,,https://www.youtube.com/watch?v=A5JApJDwUlo,1018,,0.0,IRRELEVANT,0,2026-09-01 13:51:43.781537
38,Ironwood Deep-Root Excavator,30,Ironwood Deep-Root Excavator,NEW HEAVY DUTY PACK! (Forest Machinery DLC) | Euro Truck Simulator 2,Berkay İkizoğlu,,https://www.youtube.com/watch?v=v0tg3dw9dtc,4094,,0.0,IRRELEVANT,0,2026-09-01 13:51:43.781537
38,Ironwood Deep-Root Excavator,30,Ironwood Deep-Root Excavator,Euro Truck Simulator 2 - Forstmaschinen DLC & Neues LKW-Zubehör *First Look*,Mr GermanTruck,,https://www.youtube.com/watch?v=eMaRaHCWhfk,3730,,0.0,IRRELEVANT,0,2026-09-01 13:51:43.781537
38,Ironwood Deep-Root Excavator,30,Ironwood Deep-Root Excavator,Delivering Through Dense Narrow Forests Trail Roads - Nordic Horizons | #ets2 1.57,Animus Parakeet,,https://www.youtube.com/watch?v=6fJwz_xmOlY,5277,,0.0,IRRELEVANT,0,2026-09-01 13:51:43.781537
38,Ironwood Deep-Root Excavator,30,Ironwood Deep-Root Excavator,Euro Truck Simulator 2 - Farm Machinery,SCS Software,,https://www.youtube.com/watch?v=De2mKz2uA2o,69647,,0.0,IRRELEVANT,0,2026-09-01 13:51:43.781537
