Idea_ID,Idea_Title,SEO_Run_ID,Rank_By_Score,Keyword,Score,Relevance,Word_Count,Long_Tail,Source,Harvested_At
1,Rice Titan Harvester,1,1,rice paddy harvesting machine,61.0,0.5,4,1,youtube_suggest,2026-08-25 10:52:06.202791
1,Rice Titan Harvester,1,2,paddy harvesting in china,49.33,0.3333,4,1,youtube_suggest,2026-08-25 10:52:06.203789
1,Rice Titan Harvester,1,3,paddy harvesting in japan,49.33,0.3333,4,1,youtube_suggest,2026-08-25 10:52:06.203789
1,Rice Titan Harvester,1,4,rice harvesting and processing,49.33,0.3333,4,1,youtube_suggest,2026-08-25 10:52:06.204793
1,Rice Titan Harvester,1,5,harvesting rice at home,49.33,0.3333,4,1,youtube_suggest,2026-08-25 10:52:06.204793
1,Rice Titan Harvester,1,6,paddy harvester in assam,49.33,0.3333,4,1,youtube_suggest,2026-08-25 10:52:06.204793
1,Rice Titan Harvester,1,7,paddy harvesting by hand,49.33,0.3333,4,1,youtube_suggest,2026-08-25 10:52:06.205789
1,Rice Titan Harvester,1,8,rice harvesting by hand,49.33,0.3333,4,1,youtube_suggest,2026-08-25 10:52:06.205789
1,Rice Titan Harvester,1,9,paddy harvesting machines in agriculture,48.0,0.2857,5,1,youtube_suggest,2026-08-25 10:52:06.206788
1,Rice Titan Harvester,1,10,paddy harvesting machine in japan,48.0,0.2857,5,1,youtube_suggest,2026-08-25 10:52:06.206788
1,Rice Titan Harvester,1,11,paddy harvester in andhra pradesh,48.0,0.2857,5,1,youtube_suggest,2026-08-25 10:52:06.206788
1,Rice Titan Harvester,1,12,paddy harvesting by brush cutter,48.0,0.2857,5,1,youtube_suggest,2026-08-25 10:52:06.207791
1,Rice Titan Harvester,1,13,paddy harvesting in west bengal,48.0,0.2857,5,1,youtube_suggest,2026-08-25 10:52:06.207791
1,Rice Titan Harvester,1,14,paddy harvesting machine in india,48.0,0.2857,5,1,youtube_suggest,2026-08-25 10:52:06.207791
1,Rice Titan Harvester,1,15,paddy harvesting machine in manipur,48.0,0.2857,5,1,youtube_suggest,2026-08-25 10:52:06.208790
1,Rice Titan Harvester,1,16,paddy harvesting machine in odisha,48.0,0.2857,5,1,youtube_suggest,2026-08-25 10:52:06.208790
1,Rice Titan Harvester,1,17,paddy harvesting machine in assam,48.0,0.2857,5,1,youtube_suggest,2026-08-25 10:52:06.209791
1,Rice Titan Harvester,1,18,paddy cutting and harvesting machine,48.0,0.2857,5,1,youtube_suggest,2026-08-25 10:52:06.209791
1,Rice Titan Harvester,1,19,paddy harvesting machine in tamil,48.0,0.2857,5,1,youtube_suggest,2026-08-25 10:52:06.209791
1,Rice Titan Harvester,1,20,paddy harvesting machine in karnataka,48.0,0.2857,5,1,youtube_suggest,2026-08-25 10:52:06.210792
1,Rice Titan Harvester,1,21,paddy harvesting machine in water,48.0,0.2857,5,1,youtube_suggest,2026-08-25 10:52:06.211790
1,Rice Titan Harvester,1,22,rice harvesting machine in maharashtra,48.0,0.2857,5,1,youtube_suggest,2026-08-25 10:52:06.211790
1,Rice Titan Harvester,1,23,rice harvesting machine in nepal,48.0,0.2857,5,1,youtube_suggest,2026-08-25 10:52:06.211790
1,Rice Titan Harvester,1,24,rice harvesting machine in tamilnadu,48.0,0.2857,5,1,youtube_suggest,2026-08-25 10:52:06.212792
1,Rice Titan Harvester,1,25,rice harvesting machine in telugu,48.0,0.2857,5,1,youtube_suggest,2026-08-25 10:52:06.212792
1,Rice Titan Harvester,1,26,wheat and paddy harvesting machine,48.0,0.2857,5,1,youtube_suggest,2026-08-25 10:52:06.212792
1,Rice Titan Harvester,1,27,best paddy harvesting machine in india,47.5,0.25,6,1,youtube_suggest,2026-08-25 10:52:06.212792
1,Rice Titan Harvester,1,28,paddy harvesting machine in west bengal,47.5,0.25,6,1,youtube_suggest,2026-08-25 10:52:06.212792
1,Rice Titan Harvester,1,29,paddy harvesting machine in india price,47.5,0.25,6,1,youtube_suggest,2026-08-25 10:52:06.212792
1,Rice Titan Harvester,1,30,paddy harvesting machine in sri lanka,47.5,0.25,6,1,youtube_suggest,2026-08-25 10:52:06.213791
1,Rice Titan Harvester,1,31,paddy harvesting machine price in india,47.5,0.25,6,1,youtube_suggest,2026-08-25 10:52:06.213791
1,Rice Titan Harvester,1,32,rice harvesting machine price in india,47.5,0.25,6,1,youtube_suggest,2026-08-25 10:52:06.213791
1,Rice Titan Harvester,1,33,rice harvesting machine price in bangladesh,47.5,0.25,6,1,youtube_suggest,2026-08-25 10:52:06.213791
1,Rice Titan Harvester,1,34,rice harvesting machine price in nepal,47.5,0.25,6,1,youtube_suggest,2026-08-25 10:52:06.213791
1,Rice Titan Harvester,1,35,paddy harvesting drawing,47.33,0.3333,3,1,youtube_suggest,2026-08-25 10:52:06.214787
1,Rice Titan Harvester,1,36,paddy harvesting time,47.33,0.3333,3,1,youtube_suggest,2026-08-25 10:52:06.214787
1,Rice Titan Harvester,1,37,paddy harvesting videos,47.33,0.3333,3,1,youtube_suggest,2026-08-25 10:52:06.214787
1,Rice Titan Harvester,1,38,paddy harvesting tractor,47.33,0.3333,3,1,youtube_suggest,2026-08-25 10:52:06.214787
1,Rice Titan Harvester,1,39,rice harvesting australia,47.33,0.3333,3,1,youtube_suggest,2026-08-25 10:52:06.214787
1,Rice Titan Harvester,1,40,rice harvesting asia,47.33,0.3333,3,1,youtube_suggest,2026-08-25 10:52:06.214787
1,Rice Titan Harvester,1,41,after paddy harvesting,47.33,0.3333,3,1,youtube_suggest,2026-08-25 10:52:06.215789
1,Rice Titan Harvester,1,42,rice harvesting china,47.33,0.3333,3,1,youtube_suggest,2026-08-25 10:52:06.215789
1,Rice Titan Harvester,1,43,paddy combine harvester,47.33,0.3333,3,1,youtube_suggest,2026-08-25 10:52:06.215789
1,Rice Titan Harvester,1,44,paddy crop harvesting,47.33,0.3333,3,1,youtube_suggest,2026-08-25 10:52:06.215789
1,Rice Titan Harvester,1,45,rice harvesting combine,47.33,0.3333,3,1,youtube_suggest,2026-08-25 10:52:06.215789
1,Rice Titan Harvester,1,46,paddy harvesting drone,47.33,0.3333,3,1,youtube_suggest,2026-08-25 10:52:06.216787
1,Rice Titan Harvester,1,47,rice harvesting drawing,47.33,0.3333,3,1,youtube_suggest,2026-08-25 10:52:06.216787
1,Rice Titan Harvester,1,48,harvesting paddy fields,47.33,0.3333,3,1,youtube_suggest,2026-08-25 10:52:06.216787
1,Rice Titan Harvester,1,49,rice harvesting fs25,47.33,0.3333,3,1,youtube_suggest,2026-08-25 10:52:06.216787
1,Rice Titan Harvester,1,50,rice farming harvesting,47.33,0.3333,3,1,youtube_suggest,2026-08-25 10:52:06.216787
1,Rice Titan Harvester,1,51,paddy harvesting machine,47.33,0.3333,3,1,youtube_suggest,2026-08-25 10:52:06.216787
1,Rice Titan Harvester,1,52,paddy harvesting hand machine,46.0,0.2857,4,1,youtube_suggest,2026-08-25 10:52:06.217787
1,Rice Titan Harvester,1,53,rice harvesting brush cutter,46.0,0.2857,4,1,youtube_suggest,2026-08-25 10:52:06.217787
1,Rice Titan Harvester,1,54,best paddy harvesting machine,46.0,0.2857,4,1,youtube_suggest,2026-08-25 10:52:06.217787
1,Rice Titan Harvester,1,55,paddy harvesting chain machine,46.0,0.2857,4,1,youtube_suggest,2026-08-25 10:52:06.217787
1,Rice Titan Harvester,1,56,paddy harvester chain wala,46.0,0.2857,4,1,youtube_suggest,2026-08-25 10:52:06.217787
1,Rice Titan Harvester,1,57,harvesting paddy drawing easy,46.0,0.2857,4,1,youtube_suggest,2026-08-25 10:52:06.218784
1,Rice Titan Harvester,1,58,drone paddy harvesting machine,46.0,0.2857,4,1,youtube_suggest,2026-08-25 10:52:06.218784
1,Rice Titan Harvester,1,59,paddy harvester kya hai,46.0,0.2857,4,1,youtube_suggest,2026-08-25 10:52:06.218784
1,Rice Titan Harvester,1,60,paddy harvesting machine working,46.0,0.2857,4,1,youtube_suggest,2026-08-25 10:52:06.218784
2,The Paddy Ocean Vacuum,2,1,paddy harvesting in china,54.0,0.4,4,1,youtube_suggest,2026-08-25 15:01:28.998369
2,The Paddy Ocean Vacuum,2,2,paddy harvesting in japan,54.0,0.4,4,1,youtube_suggest,2026-08-25 15:01:28.998369
2,The Paddy Ocean Vacuum,2,3,paddy harvesting by hand,54.0,0.4,4,1,youtube_suggest,2026-08-25 15:01:28.999369
2,The Paddy Ocean Vacuum,2,4,paddy harvesting machine,52.0,0.4,3,1,youtube_suggest,2026-08-25 15:01:28.999369
2,The Paddy Ocean Vacuum,2,5,paddy harvesting drawing,52.0,0.4,3,1,youtube_suggest,2026-08-25 15:01:28.999369
2,The Paddy Ocean Vacuum,2,6,paddy harvesting time,52.0,0.4,3,1,youtube_suggest,2026-08-25 15:01:28.999369
2,The Paddy Ocean Vacuum,2,7,paddy harvesting videos,52.0,0.4,3,1,youtube_suggest,2026-08-25 15:01:28.999369
2,The Paddy Ocean Vacuum,2,8,paddy harvesting tractor,52.0,0.4,3,1,youtube_suggest,2026-08-25 15:01:28.999369
2,The Paddy Ocean Vacuum,2,9,after paddy harvesting,52.0,0.4,3,1,youtube_suggest,2026-08-25 15:01:28.999369
2,The Paddy Ocean Vacuum,2,10,paddy crop harvesting,52.0,0.4,3,1,youtube_suggest,2026-08-25 15:01:29.000369
2,The Paddy Ocean Vacuum,2,11,paddy harvesting drone,52.0,0.4,3,1,youtube_suggest,2026-08-25 15:01:29.000369
2,The Paddy Ocean Vacuum,2,12,harvesting paddy fields,52.0,0.4,3,1,youtube_suggest,2026-08-25 15:01:29.000369
2,The Paddy Ocean Vacuum,2,13,paddy harvesting machines in agriculture,51.33,0.3333,5,1,youtube_suggest,2026-08-25 15:01:29.001370
2,The Paddy Ocean Vacuum,2,14,paddy harvesting machine in japan,51.33,0.3333,5,1,youtube_suggest,2026-08-25 15:01:29.001370
2,The Paddy Ocean Vacuum,2,15,paddy harvesting machine in india,51.33,0.3333,5,1,youtube_suggest,2026-08-25 15:01:29.001370
2,The Paddy Ocean Vacuum,2,16,paddy harvesting machine in manipur,51.33,0.3333,5,1,youtube_suggest,2026-08-25 15:01:29.001370
2,The Paddy Ocean Vacuum,2,17,paddy harvesting machine in odisha,51.33,0.3333,5,1,youtube_suggest,2026-08-25 15:01:29.001370
2,The Paddy Ocean Vacuum,2,18,paddy harvesting machine in assam,51.33,0.3333,5,1,youtube_suggest,2026-08-25 15:01:29.001370
2,The Paddy Ocean Vacuum,2,19,paddy cutting and harvesting machine,51.33,0.3333,5,1,youtube_suggest,2026-08-25 15:01:29.001370
2,The Paddy Ocean Vacuum,2,20,paddy harvesting machine in tamil,51.33,0.3333,5,1,youtube_suggest,2026-08-25 15:01:29.002365
2,The Paddy Ocean Vacuum,2,21,paddy harvesting machine in karnataka,51.33,0.3333,5,1,youtube_suggest,2026-08-25 15:01:29.002365
2,The Paddy Ocean Vacuum,2,22,paddy harvesting machine in water,51.33,0.3333,5,1,youtube_suggest,2026-08-25 15:01:29.002365
2,The Paddy Ocean Vacuum,2,23,wheat and paddy harvesting machine,51.33,0.3333,5,1,youtube_suggest,2026-08-25 15:01:29.002365
2,The Paddy Ocean Vacuum,2,24,paddy harvesting by brush cutter,51.33,0.3333,5,1,youtube_suggest,2026-08-25 15:01:29.002365
2,The Paddy Ocean Vacuum,2,25,paddy harvesting in west bengal,51.33,0.3333,5,1,youtube_suggest,2026-08-25 15:01:29.002365
2,The Paddy Ocean Vacuum,2,26,paddy harvesting machine in india price,50.0,0.2857,6,1,youtube_suggest,2026-08-25 15:01:29.002365
2,The Paddy Ocean Vacuum,2,27,paddy harvesting machine in west bengal,50.0,0.2857,6,1,youtube_suggest,2026-08-25 15:01:29.003366
2,The Paddy Ocean Vacuum,2,28,best paddy harvesting machine in india,50.0,0.2857,6,1,youtube_suggest,2026-08-25 15:01:29.003366
2,The Paddy Ocean Vacuum,2,29,paddy harvesting machine in sri lanka,50.0,0.2857,6,1,youtube_suggest,2026-08-25 15:01:29.003366
2,The Paddy Ocean Vacuum,2,30,paddy harvesting machine price in india,50.0,0.2857,6,1,youtube_suggest,2026-08-25 15:01:29.003366
2,The Paddy Ocean Vacuum,2,31,paddy harvesting machine working,49.33,0.3333,4,1,youtube_suggest,2026-08-25 15:01:29.003366
2,The Paddy Ocean Vacuum,2,32,paddy harvesting machine subsidy,49.33,0.3333,4,1,youtube_suggest,2026-08-25 15:01:29.003366
2,The Paddy Ocean Vacuum,2,33,paddy harvesting machine price,49.33,0.3333,4,1,youtube_suggest,2026-08-25 15:01:29.003366
2,The Paddy Ocean Vacuum,2,34,best paddy harvesting machine,49.33,0.3333,4,1,youtube_suggest,2026-08-25 15:01:29.003366
2,The Paddy Ocean Vacuum,2,35,paddy harvesting chain machine,49.33,0.3333,4,1,youtube_suggest,2026-08-25 15:01:29.004368
2,The Paddy Ocean Vacuum,2,36,drone paddy harvesting machine,49.33,0.3333,4,1,youtube_suggest,2026-08-25 15:01:29.004368
2,The Paddy Ocean Vacuum,2,37,paddy field harvesting machine,49.33,0.3333,4,1,youtube_suggest,2026-08-25 15:01:29.004368
2,The Paddy Ocean Vacuum,2,38,paddy harvesting hand machine,49.33,0.3333,4,1,youtube_suggest,2026-08-25 15:01:29.004368
2,The Paddy Ocean Vacuum,2,39,kubota paddy harvesting machine,49.33,0.3333,4,1,youtube_suggest,2026-08-25 15:01:29.004368
2,The Paddy Ocean Vacuum,2,40,paddy harvesting machine mini,49.33,0.3333,4,1,youtube_suggest,2026-08-25 15:01:29.004368
2,The Paddy Ocean Vacuum,2,41,paddy harvesting new machine,49.33,0.3333,4,1,youtube_suggest,2026-08-25 15:01:29.005367
2,The Paddy Ocean Vacuum,2,42,paddy harvesting machine odisha,49.33,0.3333,4,1,youtube_suggest,2026-08-25 15:01:29.005367
2,The Paddy Ocean Vacuum,2,43,rice paddy harvesting machine,49.33,0.3333,4,1,youtube_suggest,2026-08-25 15:01:29.005367
2,The Paddy Ocean Vacuum,2,44,paddy harvesting machine small,49.33,0.3333,4,1,youtube_suggest,2026-08-25 15:01:29.005367
2,The Paddy Ocean Vacuum,2,45,harvesting paddy drawing easy,49.33,0.3333,4,1,youtube_suggest,2026-08-25 15:01:29.005367
2,The Paddy Ocean Vacuum,2,46,paddy harvesting,45.0,0.5,2,0,youtube_suggest,2026-08-25 15:01:29.005367
2,The Paddy Ocean Vacuum,2,47,rice harvesting machine price in india,38.75,0.125,6,1,youtube_suggest,2026-08-25 15:01:29.005367
2,The Paddy Ocean Vacuum,2,48,rice harvesting machine price in bangladesh,38.75,0.125,6,1,youtube_suggest,2026-08-25 15:01:29.006365
2,The Paddy Ocean Vacuum,2,49,rice harvesting machine price in nepal,38.75,0.125,6,1,youtube_suggest,2026-08-25 15:01:29.006365
2,The Paddy Ocean Vacuum,2,50,rice harvesting machine in maharashtra,38.0,0.1429,5,1,youtube_suggest,2026-08-25 15:01:29.006365
2,The Paddy Ocean Vacuum,2,51,rice harvesting machine in nepal,38.0,0.1429,5,1,youtube_suggest,2026-08-25 15:01:29.006365
2,The Paddy Ocean Vacuum,2,52,paddy cultivation machine in telugu,38.0,0.1429,5,1,youtube_suggest,2026-08-25 15:01:29.006365
2,The Paddy Ocean Vacuum,2,53,rice harvesting machine in tamilnadu,38.0,0.1429,5,1,youtube_suggest,2026-08-25 15:01:29.006365
2,The Paddy Ocean Vacuum,2,54,paddy cultivation machine in tamil,38.0,0.1429,5,1,youtube_suggest,2026-08-25 15:01:29.006365
2,The Paddy Ocean Vacuum,2,55,rice harvesting machine in telugu,38.0,0.1429,5,1,youtube_suggest,2026-08-25 15:01:29.006365
2,The Paddy Ocean Vacuum,2,56,paddy harvester in andhra pradesh,38.0,0.1429,5,1,youtube_suggest,2026-08-25 15:01:29.007365
2,The Paddy Ocean Vacuum,2,57,paddy crop disease and control,38.0,0.1429,5,1,youtube_suggest,2026-08-25 15:01:29.007365
2,The Paddy Ocean Vacuum,2,58,paddy crop diseases in telugu,38.0,0.1429,5,1,youtube_suggest,2026-08-25 15:01:29.007365
2,The Paddy Ocean Vacuum,2,59,mini paddy harvester machine price in india,37.78,0.1111,7,1,youtube_suggest,2026-08-25 15:01:29.007365
2,The Paddy Ocean Vacuum,2,60,harvesting rice and picking fruit(rambutan) farming,37.78,0.1111,6,1,youtube_suggest,2026-08-25 15:01:29.007365
3,Rice-Field Spider Colossus,3,1,paddy field harvesting machine,56.0,0.4286,4,1,youtube_suggest,2026-08-27 16:41:33.705189
3,Rice-Field Spider Colossus,3,2,rice paddy harvesting machine,56.0,0.4286,4,1,youtube_suggest,2026-08-27 16:41:33.706153
3,Rice-Field Spider Colossus,3,3,paddy harvesting in china,46.0,0.2857,4,1,youtube_suggest,2026-08-27 16:41:33.706688
3,Rice-Field Spider Colossus,3,4,paddy harvesting in japan,46.0,0.2857,4,1,youtube_suggest,2026-08-27 16:41:33.706688
3,Rice-Field Spider Colossus,3,5,rice harvesting and processing,46.0,0.2857,4,1,youtube_suggest,2026-08-27 16:41:33.706688
3,Rice-Field Spider Colossus,3,6,harvesting rice at home,46.0,0.2857,4,1,youtube_suggest,2026-08-27 16:41:33.707683
3,Rice-Field Spider Colossus,3,7,paddy harvesting by hand,46.0,0.2857,4,1,youtube_suggest,2026-08-27 16:41:33.707683
3,Rice-Field Spider Colossus,3,8,rice harvesting by hand,46.0,0.2857,4,1,youtube_suggest,2026-08-27 16:41:33.707683
3,Rice-Field Spider Colossus,3,9,best paddy harvesting machine in india,45.56,0.2222,6,1,youtube_suggest,2026-08-27 16:41:33.708681
3,Rice-Field Spider Colossus,3,10,paddy harvesting machine in west bengal,45.56,0.2222,6,1,youtube_suggest,2026-08-27 16:41:33.708681
3,Rice-Field Spider Colossus,3,11,paddy harvesting machine in india price,45.56,0.2222,6,1,youtube_suggest,2026-08-27 16:41:33.708681
3,Rice-Field Spider Colossus,3,12,paddy harvesting machine in sri lanka,45.56,0.2222,6,1,youtube_suggest,2026-08-27 16:41:33.708681
3,Rice-Field Spider Colossus,3,13,paddy harvesting machine price in india,45.56,0.2222,6,1,youtube_suggest,2026-08-27 16:41:33.709681
3,Rice-Field Spider Colossus,3,14,rice harvesting machine price in india,45.56,0.2222,6,1,youtube_suggest,2026-08-27 16:41:33.709681
3,Rice-Field Spider Colossus,3,15,rice harvesting machine price in bangladesh,45.56,0.2222,6,1,youtube_suggest,2026-08-27 16:41:33.709681
3,Rice-Field Spider Colossus,3,16,rice harvesting machine price in nepal,45.56,0.2222,6,1,youtube_suggest,2026-08-27 16:41:33.725629
3,Rice-Field Spider Colossus,3,17,paddy harvesting machines in agriculture,45.5,0.25,5,1,youtube_suggest,2026-08-27 16:41:33.725629
3,Rice-Field Spider Colossus,3,18,paddy harvesting machine in japan,45.5,0.25,5,1,youtube_suggest,2026-08-27 16:41:33.726820
3,Rice-Field Spider Colossus,3,19,paddy harvesting by brush cutter,45.5,0.25,5,1,youtube_suggest,2026-08-27 16:41:33.727068
3,Rice-Field Spider Colossus,3,20,paddy harvesting in west bengal,45.5,0.25,5,1,youtube_suggest,2026-08-27 16:41:33.727612
3,Rice-Field Spider Colossus,3,21,paddy harvesting machine in india,45.5,0.25,5,1,youtube_suggest,2026-08-27 16:41:33.727612
3,Rice-Field Spider Colossus,3,22,paddy harvesting machine in manipur,45.5,0.25,5,1,youtube_suggest,2026-08-27 16:41:33.728621
3,Rice-Field Spider Colossus,3,23,paddy harvesting machine in odisha,45.5,0.25,5,1,youtube_suggest,2026-08-27 16:41:33.728621
3,Rice-Field Spider Colossus,3,24,paddy harvesting machine in assam,45.5,0.25,5,1,youtube_suggest,2026-08-27 16:41:33.729627
3,Rice-Field Spider Colossus,3,25,paddy cutting and harvesting machine,45.5,0.25,5,1,youtube_suggest,2026-08-27 16:41:33.729627
3,Rice-Field Spider Colossus,3,26,paddy harvesting machine in tamil,45.5,0.25,5,1,youtube_suggest,2026-08-27 16:41:33.730638
3,Rice-Field Spider Colossus,3,27,paddy harvesting machine in karnataka,45.5,0.25,5,1,youtube_suggest,2026-08-27 16:41:33.730638
3,Rice-Field Spider Colossus,3,28,paddy harvesting machine in water,45.5,0.25,5,1,youtube_suggest,2026-08-27 16:41:33.731635
3,Rice-Field Spider Colossus,3,29,rice harvesting machine in maharashtra,45.5,0.25,5,1,youtube_suggest,2026-08-27 16:41:33.732632
3,Rice-Field Spider Colossus,3,30,rice harvesting machine in nepal,45.5,0.25,5,1,youtube_suggest,2026-08-27 16:41:33.733620
3,Rice-Field Spider Colossus,3,31,rice harvesting machine in tamilnadu,45.5,0.25,5,1,youtube_suggest,2026-08-27 16:41:33.733620
3,Rice-Field Spider Colossus,3,32,rice harvesting machine in telugu,45.5,0.25,5,1,youtube_suggest,2026-08-27 16:41:33.734619
3,Rice-Field Spider Colossus,3,33,wheat and paddy harvesting machine,45.5,0.25,5,1,youtube_suggest,2026-08-27 16:41:33.734619
3,Rice-Field Spider Colossus,3,34,paddy harvesting drawing,44.0,0.2857,3,1,youtube_suggest,2026-08-27 16:41:33.734619
3,Rice-Field Spider Colossus,3,35,paddy harvesting time,44.0,0.2857,3,1,youtube_suggest,2026-08-27 16:41:33.735624
3,Rice-Field Spider Colossus,3,36,paddy harvesting videos,44.0,0.2857,3,1,youtube_suggest,2026-08-27 16:41:33.735624
3,Rice-Field Spider Colossus,3,37,paddy harvesting tractor,44.0,0.2857,3,1,youtube_suggest,2026-08-27 16:41:33.735624
3,Rice-Field Spider Colossus,3,38,rice harvesting australia,44.0,0.2857,3,1,youtube_suggest,2026-08-27 16:41:33.736605
3,Rice-Field Spider Colossus,3,39,rice harvesting asia,44.0,0.2857,3,1,youtube_suggest,2026-08-27 16:41:33.736605
3,Rice-Field Spider Colossus,3,40,harvesting rice and picking fruit(rambutan) farming,44.0,0.2,6,1,youtube_suggest,2026-08-27 16:41:33.736605
3,Rice-Field Spider Colossus,3,41,after paddy harvesting,44.0,0.2857,3,1,youtube_suggest,2026-08-27 16:41:33.737605
3,Rice-Field Spider Colossus,3,42,rice harvesting china,44.0,0.2857,3,1,youtube_suggest,2026-08-27 16:41:33.737605
3,Rice-Field Spider Colossus,3,43,paddy crop harvesting,44.0,0.2857,3,1,youtube_suggest,2026-08-27 16:41:33.737605
3,Rice-Field Spider Colossus,3,44,rice harvesting combine,44.0,0.2857,3,1,youtube_suggest,2026-08-27 16:41:33.738679
3,Rice-Field Spider Colossus,3,45,paddy harvesting drone,44.0,0.2857,3,1,youtube_suggest,2026-08-27 16:41:33.739213
3,Rice-Field Spider Colossus,3,46,rice harvesting drawing,44.0,0.2857,3,1,youtube_suggest,2026-08-27 16:41:33.739213
3,Rice-Field Spider Colossus,3,47,harvesting paddy fields,44.0,0.2857,3,1,youtube_suggest,2026-08-27 16:41:33.739213
3,Rice-Field Spider Colossus,3,48,rice harvesting fs25,44.0,0.2857,3,1,youtube_suggest,2026-08-27 16:41:33.740216
3,Rice-Field Spider Colossus,3,49,rice farming harvesting,44.0,0.2857,3,1,youtube_suggest,2026-08-27 16:41:33.740216
3,Rice-Field Spider Colossus,3,50,paddy harvesting machine,44.0,0.2857,3,1,youtube_suggest,2026-08-27 16:41:33.740216
3,Rice-Field Spider Colossus,3,51,paddy crop field monitoring system,43.56,0.2222,5,1,youtube_suggest,2026-08-27 16:41:33.741213
3,Rice-Field Spider Colossus,3,52,mini rice harvesting machine price,43.56,0.2222,5,1,youtube_suggest,2026-08-27 16:41:33.741213
3,Rice-Field Spider Colossus,3,53,paddy harvesting hand machine,43.5,0.25,4,1,youtube_suggest,2026-08-27 16:41:33.741213
3,Rice-Field Spider Colossus,3,54,rice harvesting brush cutter,43.5,0.25,4,1,youtube_suggest,2026-08-27 16:41:33.742214
3,Rice-Field Spider Colossus,3,55,best paddy harvesting machine,43.5,0.25,4,1,youtube_suggest,2026-08-27 16:41:33.742214
3,Rice-Field Spider Colossus,3,56,paddy harvesting chain machine,43.5,0.25,4,1,youtube_suggest,2026-08-27 16:41:33.742214
3,Rice-Field Spider Colossus,3,57,harvesting paddy drawing easy,43.5,0.25,4,1,youtube_suggest,2026-08-27 16:41:33.743223
3,Rice-Field Spider Colossus,3,58,drone paddy harvesting machine,43.5,0.25,4,1,youtube_suggest,2026-08-27 16:41:33.743223
3,Rice-Field Spider Colossus,3,59,paddy field cultivation process,43.5,0.25,4,1,youtube_suggest,2026-08-27 16:41:33.743223
3,Rice-Field Spider Colossus,3,60,paddy harvesting machine working,43.5,0.25,4,1,youtube_suggest,2026-08-27 16:41:33.744217
4,The Monsoon Harvesting Ark,4,1,paddy harvesting in china,54.0,0.4,4,1,youtube_suggest,2026-08-27 19:36:28.318641
4,The Monsoon Harvesting Ark,4,2,paddy harvesting in japan,54.0,0.4,4,1,youtube_suggest,2026-08-27 19:36:28.318641
4,The Monsoon Harvesting Ark,4,3,paddy harvesting by hand,54.0,0.4,4,1,youtube_suggest,2026-08-27 19:36:28.318641
4,The Monsoon Harvesting Ark,4,4,paddy harvesting drawing,52.0,0.4,3,1,youtube_suggest,2026-08-27 19:36:28.318641
4,The Monsoon Harvesting Ark,4,5,paddy harvesting time,52.0,0.4,3,1,youtube_suggest,2026-08-27 19:36:28.318641
4,The Monsoon Harvesting Ark,4,6,paddy harvesting videos,52.0,0.4,3,1,youtube_suggest,2026-08-27 19:36:28.318641
4,The Monsoon Harvesting Ark,4,7,paddy harvesting tractor,52.0,0.4,3,1,youtube_suggest,2026-08-27 19:36:28.318641
4,The Monsoon Harvesting Ark,4,8,after paddy harvesting,52.0,0.4,3,1,youtube_suggest,2026-08-27 19:36:28.318641
4,The Monsoon Harvesting Ark,4,9,paddy crop harvesting,52.0,0.4,3,1,youtube_suggest,2026-08-27 19:36:28.318641
4,The Monsoon Harvesting Ark,4,10,paddy harvesting drone,52.0,0.4,3,1,youtube_suggest,2026-08-27 19:36:28.318641
4,The Monsoon Harvesting Ark,4,11,harvesting paddy fields,52.0,0.4,3,1,youtube_suggest,2026-08-27 19:36:28.318641
4,The Monsoon Harvesting Ark,4,12,paddy harvesting machine,52.0,0.4,3,1,youtube_suggest,2026-08-27 19:36:28.318641
4,The Monsoon Harvesting Ark,4,13,paddy harvesting machines in agriculture,51.33,0.3333,5,1,youtube_suggest,2026-08-27 19:36:28.318641
4,The Monsoon Harvesting Ark,4,14,paddy harvesting machine in japan,51.33,0.3333,5,1,youtube_suggest,2026-08-27 19:36:28.318641
4,The Monsoon Harvesting Ark,4,15,paddy harvesting by brush cutter,51.33,0.3333,5,1,youtube_suggest,2026-08-27 19:36:28.318641
4,The Monsoon Harvesting Ark,4,16,paddy harvesting in west bengal,51.33,0.3333,5,1,youtube_suggest,2026-08-27 19:36:28.318641
4,The Monsoon Harvesting Ark,4,17,paddy harvesting machine in india,51.33,0.3333,5,1,youtube_suggest,2026-08-27 19:36:28.318641
4,The Monsoon Harvesting Ark,4,18,paddy harvesting machine in manipur,51.33,0.3333,5,1,youtube_suggest,2026-08-27 19:36:28.318641
4,The Monsoon Harvesting Ark,4,19,paddy harvesting machine in odisha,51.33,0.3333,5,1,youtube_suggest,2026-08-27 19:36:28.318641
4,The Monsoon Harvesting Ark,4,20,paddy harvesting machine in assam,51.33,0.3333,5,1,youtube_suggest,2026-08-27 19:36:28.318641
4,The Monsoon Harvesting Ark,4,21,paddy cutting and harvesting machine,51.33,0.3333,5,1,youtube_suggest,2026-08-27 19:36:28.318641
4,The Monsoon Harvesting Ark,4,22,paddy harvesting machine in tamil,51.33,0.3333,5,1,youtube_suggest,2026-08-27 19:36:28.318641
4,The Monsoon Harvesting Ark,4,23,paddy harvesting machine in karnataka,51.33,0.3333,5,1,youtube_suggest,2026-08-27 19:36:28.318641
4,The Monsoon Harvesting Ark,4,24,paddy harvesting machine in water,51.33,0.3333,5,1,youtube_suggest,2026-08-27 19:36:28.318641
4,The Monsoon Harvesting Ark,4,25,wheat and paddy harvesting machine,51.33,0.3333,5,1,youtube_suggest,2026-08-27 19:36:28.318641
4,The Monsoon Harvesting Ark,4,26,best paddy harvesting machine in india,50.0,0.2857,6,1,youtube_suggest,2026-08-27 19:36:28.318641
4,The Monsoon Harvesting Ark,4,27,paddy harvesting machine in west bengal,50.0,0.2857,6,1,youtube_suggest,2026-08-27 19:36:28.318641
4,The Monsoon Harvesting Ark,4,28,paddy harvesting machine in india price,50.0,0.2857,6,1,youtube_suggest,2026-08-27 19:36:28.318641
4,The Monsoon Harvesting Ark,4,29,paddy harvesting machine in sri lanka,50.0,0.2857,6,1,youtube_suggest,2026-08-27 19:36:28.318641
4,The Monsoon Harvesting Ark,4,30,paddy harvesting machine price in india,50.0,0.2857,6,1,youtube_suggest,2026-08-27 19:36:28.318641
4,The Monsoon Harvesting Ark,4,31,paddy harvesting hand machine,49.33,0.3333,4,1,youtube_suggest,2026-08-27 19:36:28.318641
4,The Monsoon Harvesting Ark,4,32,best paddy harvesting machine,49.33,0.3333,4,1,youtube_suggest,2026-08-27 19:36:28.318641
4,The Monsoon Harvesting Ark,4,33,paddy harvesting chain machine,49.33,0.3333,4,1,youtube_suggest,2026-08-27 19:36:28.318641
4,The Monsoon Harvesting Ark,4,34,harvesting paddy drawing easy,49.33,0.3333,4,1,youtube_suggest,2026-08-27 19:36:28.318641
4,The Monsoon Harvesting Ark,4,35,drone paddy harvesting machine,49.33,0.3333,4,1,youtube_suggest,2026-08-27 19:36:28.318641
4,The Monsoon Harvesting Ark,4,36,paddy harvesting machine working,49.33,0.3333,4,1,youtube_suggest,2026-08-27 19:36:28.318641
4,The Monsoon Harvesting Ark,4,37,paddy harvesting machine subsidy,49.33,0.3333,4,1,youtube_suggest,2026-08-27 19:36:28.318641
4,The Monsoon Harvesting Ark,4,38,paddy harvesting machine price,49.33,0.3333,4,1,youtube_suggest,2026-08-27 19:36:28.318641
4,The Monsoon Harvesting Ark,4,39,paddy field harvesting machine,49.33,0.3333,4,1,youtube_suggest,2026-08-27 19:36:28.318641
4,The Monsoon Harvesting Ark,4,40,kubota paddy harvesting machine,49.33,0.3333,4,1,youtube_suggest,2026-08-27 19:36:28.318641
4,The Monsoon Harvesting Ark,4,41,paddy harvesting machine mini,49.33,0.3333,4,1,youtube_suggest,2026-08-27 19:36:28.318641
4,The Monsoon Harvesting Ark,4,42,paddy harvesting new machine,49.33,0.3333,4,1,youtube_suggest,2026-08-27 19:36:28.318641
4,The Monsoon Harvesting Ark,4,43,paddy harvesting machine odisha,49.33,0.3333,4,1,youtube_suggest,2026-08-27 19:36:28.318641
4,The Monsoon Harvesting Ark,4,44,rice paddy harvesting machine,49.33,0.3333,4,1,youtube_suggest,2026-08-27 19:36:28.318641
4,The Monsoon Harvesting Ark,4,45,paddy harvesting machine small,49.33,0.3333,4,1,youtube_suggest,2026-08-27 19:36:28.318641
4,The Monsoon Harvesting Ark,4,46,paddy harvesting,45.0,0.5,2,0,youtube_suggest,2026-08-27 19:36:28.318641
4,The Monsoon Harvesting Ark,4,47,rice harvesting machine price in india,38.75,0.125,6,1,youtube_suggest,2026-08-27 19:36:28.318641
4,The Monsoon Harvesting Ark,4,48,rice harvesting machine price in bangladesh,38.75,0.125,6,1,youtube_suggest,2026-08-27 19:36:28.318641
4,The Monsoon Harvesting Ark,4,49,rice harvesting machine price in nepal,38.75,0.125,6,1,youtube_suggest,2026-08-27 19:36:28.341346
4,The Monsoon Harvesting Ark,4,50,paddy harvester in andhra pradesh,38.0,0.1429,5,1,youtube_suggest,2026-08-27 19:36:28.341860
4,The Monsoon Harvesting Ark,4,51,paddy crop disease and control,38.0,0.1429,5,1,youtube_suggest,2026-08-27 19:36:28.341860
4,The Monsoon Harvesting Ark,4,52,paddy crop diseases in telugu,38.0,0.1429,5,1,youtube_suggest,2026-08-27 19:36:28.341860
4,The Monsoon Harvesting Ark,4,53,rice harvesting machine in maharashtra,38.0,0.1429,5,1,youtube_suggest,2026-08-27 19:36:28.341860
4,The Monsoon Harvesting Ark,4,54,rice harvesting machine in nepal,38.0,0.1429,5,1,youtube_suggest,2026-08-27 19:36:28.341860
4,The Monsoon Harvesting Ark,4,55,paddy cultivation machine in telugu,38.0,0.1429,5,1,youtube_suggest,2026-08-27 19:36:28.341860
4,The Monsoon Harvesting Ark,4,56,rice harvesting machine in tamilnadu,38.0,0.1429,5,1,youtube_suggest,2026-08-27 19:36:28.341860
4,The Monsoon Harvesting Ark,4,57,paddy cultivation machine in tamil,38.0,0.1429,5,1,youtube_suggest,2026-08-27 19:36:28.341860
4,The Monsoon Harvesting Ark,4,58,rice harvesting machine in telugu,38.0,0.1429,5,1,youtube_suggest,2026-08-27 19:36:28.341860
4,The Monsoon Harvesting Ark,4,59,harvesting rice and picking fruit(rambutan) farming,37.78,0.1111,6,1,youtube_suggest,2026-08-27 19:36:28.341860
4,The Monsoon Harvesting Ark,4,60,mini paddy harvester machine price in india,37.78,0.1111,7,1,youtube_suggest,2026-08-27 19:36:28.341860
5,Paddy Ring Megaharvester,8,1,paddy harvesting in china,54.0,0.4,4,1,youtube_suggest,2026-08-28 16:22:51.023122
5,Paddy Ring Megaharvester,8,2,paddy harvesting in japan,54.0,0.4,4,1,youtube_suggest,2026-08-28 16:22:51.023122
5,Paddy Ring Megaharvester,8,3,paddy harvesting by hand,54.0,0.4,4,1,youtube_suggest,2026-08-28 16:22:51.024112
5,Paddy Ring Megaharvester,8,4,paddy harvesting machine,52.0,0.4,3,1,youtube_suggest,2026-08-28 16:22:51.024112
5,Paddy Ring Megaharvester,8,5,paddy harvesting drawing,52.0,0.4,3,1,youtube_suggest,2026-08-28 16:22:51.025115
5,Paddy Ring Megaharvester,8,6,paddy harvesting time,52.0,0.4,3,1,youtube_suggest,2026-08-28 16:22:51.025115
5,Paddy Ring Megaharvester,8,7,paddy harvesting videos,52.0,0.4,3,1,youtube_suggest,2026-08-28 16:22:51.025115
5,Paddy Ring Megaharvester,8,8,paddy harvesting tractor,52.0,0.4,3,1,youtube_suggest,2026-08-28 16:22:51.026122
5,Paddy Ring Megaharvester,8,9,after paddy harvesting,52.0,0.4,3,1,youtube_suggest,2026-08-28 16:22:51.026122
5,Paddy Ring Megaharvester,8,10,paddy crop harvesting,52.0,0.4,3,1,youtube_suggest,2026-08-28 16:22:51.026122
5,Paddy Ring Megaharvester,8,11,paddy harvesting drone,52.0,0.4,3,1,youtube_suggest,2026-08-28 16:22:51.027111
5,Paddy Ring Megaharvester,8,12,harvesting paddy fields,52.0,0.4,3,1,youtube_suggest,2026-08-28 16:22:51.027111
5,Paddy Ring Megaharvester,8,13,paddy harvesting machines in agriculture,51.33,0.3333,5,1,youtube_suggest,2026-08-28 16:22:51.027111
5,Paddy Ring Megaharvester,8,14,paddy harvesting machine in japan,51.33,0.3333,5,1,youtube_suggest,2026-08-28 16:22:51.028112
5,Paddy Ring Megaharvester,8,15,paddy harvesting machine in india,51.33,0.3333,5,1,youtube_suggest,2026-08-28 16:22:51.028112
5,Paddy Ring Megaharvester,8,16,paddy harvesting machine in manipur,51.33,0.3333,5,1,youtube_suggest,2026-08-28 16:22:51.028112
5,Paddy Ring Megaharvester,8,17,paddy harvesting machine in odisha,51.33,0.3333,5,1,youtube_suggest,2026-08-28 16:22:51.029711
5,Paddy Ring Megaharvester,8,18,paddy harvesting machine in assam,51.33,0.3333,5,1,youtube_suggest,2026-08-28 16:22:51.029711
5,Paddy Ring Megaharvester,8,19,paddy cutting and harvesting machine,51.33,0.3333,5,1,youtube_suggest,2026-08-28 16:22:51.029711
5,Paddy Ring Megaharvester,8,20,paddy harvesting machine in tamil,51.33,0.3333,5,1,youtube_suggest,2026-08-28 16:22:51.030740
5,Paddy Ring Megaharvester,8,21,paddy harvesting machine in karnataka,51.33,0.3333,5,1,youtube_suggest,2026-08-28 16:22:51.030740
5,Paddy Ring Megaharvester,8,22,paddy harvesting machine in water,51.33,0.3333,5,1,youtube_suggest,2026-08-28 16:22:51.030740
5,Paddy Ring Megaharvester,8,23,wheat and paddy harvesting machine,51.33,0.3333,5,1,youtube_suggest,2026-08-28 16:22:51.030740
5,Paddy Ring Megaharvester,8,24,paddy harvesting by brush cutter,51.33,0.3333,5,1,youtube_suggest,2026-08-28 16:22:51.031742
5,Paddy Ring Megaharvester,8,25,paddy harvesting in west bengal,51.33,0.3333,5,1,youtube_suggest,2026-08-28 16:22:51.031742
5,Paddy Ring Megaharvester,8,26,paddy harvesting machine in india price,50.0,0.2857,6,1,youtube_suggest,2026-08-28 16:22:51.031742
5,Paddy Ring Megaharvester,8,27,paddy harvesting machine in west bengal,50.0,0.2857,6,1,youtube_suggest,2026-08-28 16:22:51.032745
5,Paddy Ring Megaharvester,8,28,best paddy harvesting machine in india,50.0,0.2857,6,1,youtube_suggest,2026-08-28 16:22:51.032745
5,Paddy Ring Megaharvester,8,29,paddy harvesting machine in sri lanka,50.0,0.2857,6,1,youtube_suggest,2026-08-28 16:22:51.032745
5,Paddy Ring Megaharvester,8,30,paddy harvesting machine price in india,50.0,0.2857,6,1,youtube_suggest,2026-08-28 16:22:51.033742
5,Paddy Ring Megaharvester,8,31,paddy harvesting machine working,49.33,0.3333,4,1,youtube_suggest,2026-08-28 16:22:51.033742
5,Paddy Ring Megaharvester,8,32,paddy harvesting machine subsidy,49.33,0.3333,4,1,youtube_suggest,2026-08-28 16:22:51.033742
5,Paddy Ring Megaharvester,8,33,paddy harvesting machine price,49.33,0.3333,4,1,youtube_suggest,2026-08-28 16:22:51.034747
5,Paddy Ring Megaharvester,8,34,best paddy harvesting machine,49.33,0.3333,4,1,youtube_suggest,2026-08-28 16:22:51.034747
5,Paddy Ring Megaharvester,8,35,paddy harvesting chain machine,49.33,0.3333,4,1,youtube_suggest,2026-08-28 16:22:51.034747
5,Paddy Ring Megaharvester,8,36,drone paddy harvesting machine,49.33,0.3333,4,1,youtube_suggest,2026-08-28 16:22:51.034747
5,Paddy Ring Megaharvester,8,37,paddy field harvesting machine,49.33,0.3333,4,1,youtube_suggest,2026-08-28 16:22:51.036741
5,Paddy Ring Megaharvester,8,38,paddy harvesting hand machine,49.33,0.3333,4,1,youtube_suggest,2026-08-28 16:22:51.036741
5,Paddy Ring Megaharvester,8,39,kubota paddy harvesting machine,49.33,0.3333,4,1,youtube_suggest,2026-08-28 16:22:51.036741
5,Paddy Ring Megaharvester,8,40,paddy harvesting machine mini,49.33,0.3333,4,1,youtube_suggest,2026-08-28 16:22:51.036741
5,Paddy Ring Megaharvester,8,41,paddy harvesting new machine,49.33,0.3333,4,1,youtube_suggest,2026-08-28 16:22:51.037743
5,Paddy Ring Megaharvester,8,42,paddy harvesting machine odisha,49.33,0.3333,4,1,youtube_suggest,2026-08-28 16:22:51.037743
5,Paddy Ring Megaharvester,8,43,rice paddy harvesting machine,49.33,0.3333,4,1,youtube_suggest,2026-08-28 16:22:51.037743
5,Paddy Ring Megaharvester,8,44,paddy harvesting machine small,49.33,0.3333,4,1,youtube_suggest,2026-08-28 16:22:51.038743
5,Paddy Ring Megaharvester,8,45,harvesting paddy drawing easy,49.33,0.3333,4,1,youtube_suggest,2026-08-28 16:22:51.038743
5,Paddy Ring Megaharvester,8,46,paddy harvesting,45.0,0.5,2,0,youtube_suggest,2026-08-28 16:22:51.038743
5,Paddy Ring Megaharvester,8,47,rice harvesting machine price in india,38.75,0.125,6,1,youtube_suggest,2026-08-28 16:22:51.039548
5,Paddy Ring Megaharvester,8,48,rice harvesting machine price in bangladesh,38.75,0.125,6,1,youtube_suggest,2026-08-28 16:22:51.040113
5,Paddy Ring Megaharvester,8,49,rice harvesting machine price in nepal,38.75,0.125,6,1,youtube_suggest,2026-08-28 16:22:51.040113
5,Paddy Ring Megaharvester,8,50,rice harvesting machine in maharashtra,38.0,0.1429,5,1,youtube_suggest,2026-08-28 16:22:51.040113
5,Paddy Ring Megaharvester,8,51,rice harvesting machine in nepal,38.0,0.1429,5,1,youtube_suggest,2026-08-28 16:22:51.041100
5,Paddy Ring Megaharvester,8,52,paddy cultivation machine in telugu,38.0,0.1429,5,1,youtube_suggest,2026-08-28 16:22:51.041100
5,Paddy Ring Megaharvester,8,53,rice harvesting machine in tamilnadu,38.0,0.1429,5,1,youtube_suggest,2026-08-28 16:22:51.041100
5,Paddy Ring Megaharvester,8,54,paddy cultivation machine in tamil,38.0,0.1429,5,1,youtube_suggest,2026-08-28 16:22:51.041100
5,Paddy Ring Megaharvester,8,55,rice harvesting machine in telugu,38.0,0.1429,5,1,youtube_suggest,2026-08-28 16:22:51.042098
5,Paddy Ring Megaharvester,8,56,paddy harvester in andhra pradesh,38.0,0.1429,5,1,youtube_suggest,2026-08-28 16:22:51.042098
5,Paddy Ring Megaharvester,8,57,paddy crop disease and control,38.0,0.1429,5,1,youtube_suggest,2026-08-28 16:22:51.042098
5,Paddy Ring Megaharvester,8,58,paddy crop diseases in telugu,38.0,0.1429,5,1,youtube_suggest,2026-08-28 16:22:51.042098
5,Paddy Ring Megaharvester,8,59,mini paddy harvester machine price in india,37.78,0.1111,7,1,youtube_suggest,2026-08-28 16:22:51.043096
5,Paddy Ring Megaharvester,8,60,harvesting rice and picking fruit(rambutan) farming,37.78,0.1111,6,1,youtube_suggest,2026-08-28 16:22:51.043096
6,Sky Reaper Rice Fortress,9,1,rice paddy harvesting machine,56.0,0.4286,4,1,youtube_suggest,2026-08-28 16:26:42.161860
6,Sky Reaper Rice Fortress,9,2,paddy harvesting in china,46.0,0.2857,4,1,youtube_suggest,2026-08-28 16:26:42.161860
6,Sky Reaper Rice Fortress,9,3,paddy harvesting in japan,46.0,0.2857,4,1,youtube_suggest,2026-08-28 16:26:42.161860
6,Sky Reaper Rice Fortress,9,4,rice harvesting and processing,46.0,0.2857,4,1,youtube_suggest,2026-08-28 16:26:42.162863
6,Sky Reaper Rice Fortress,9,5,harvesting rice at home,46.0,0.2857,4,1,youtube_suggest,2026-08-28 16:26:42.162863
6,Sky Reaper Rice Fortress,9,6,paddy harvesting by hand,46.0,0.2857,4,1,youtube_suggest,2026-08-28 16:26:42.162863
6,Sky Reaper Rice Fortress,9,7,rice harvesting by hand,46.0,0.2857,4,1,youtube_suggest,2026-08-28 16:26:42.162863
6,Sky Reaper Rice Fortress,9,8,paddy harvesting machine in india price,45.56,0.2222,6,1,youtube_suggest,2026-08-28 16:26:42.163861
6,Sky Reaper Rice Fortress,9,9,paddy harvesting machine in west bengal,45.56,0.2222,6,1,youtube_suggest,2026-08-28 16:26:42.163861
6,Sky Reaper Rice Fortress,9,10,best paddy harvesting machine in india,45.56,0.2222,6,1,youtube_suggest,2026-08-28 16:26:42.163861
6,Sky Reaper Rice Fortress,9,11,paddy harvesting machine in sri lanka,45.56,0.2222,6,1,youtube_suggest,2026-08-28 16:26:42.164863
6,Sky Reaper Rice Fortress,9,12,paddy harvesting machine price in india,45.56,0.2222,6,1,youtube_suggest,2026-08-28 16:26:42.164863
6,Sky Reaper Rice Fortress,9,13,rice harvesting machine price in india,45.56,0.2222,6,1,youtube_suggest,2026-08-28 16:26:42.164863
6,Sky Reaper Rice Fortress,9,14,rice harvesting machine price in bangladesh,45.56,0.2222,6,1,youtube_suggest,2026-08-28 16:26:42.164863
6,Sky Reaper Rice Fortress,9,15,rice harvesting machine price in nepal,45.56,0.2222,6,1,youtube_suggest,2026-08-28 16:26:42.165860
6,Sky Reaper Rice Fortress,9,16,paddy harvesting machines in agriculture,45.5,0.25,5,1,youtube_suggest,2026-08-28 16:26:42.165860
6,Sky Reaper Rice Fortress,9,17,paddy harvesting machine in japan,45.5,0.25,5,1,youtube_suggest,2026-08-28 16:26:42.165860
6,Sky Reaper Rice Fortress,9,18,paddy harvesting machine in india,45.5,0.25,5,1,youtube_suggest,2026-08-28 16:26:42.165860
6,Sky Reaper Rice Fortress,9,19,paddy harvesting machine in manipur,45.5,0.25,5,1,youtube_suggest,2026-08-28 16:26:42.166857
6,Sky Reaper Rice Fortress,9,20,paddy harvesting machine in odisha,45.5,0.25,5,1,youtube_suggest,2026-08-28 16:26:42.166857
6,Sky Reaper Rice Fortress,9,21,paddy harvesting machine in assam,45.5,0.25,5,1,youtube_suggest,2026-08-28 16:26:42.166857
6,Sky Reaper Rice Fortress,9,22,paddy cutting and harvesting machine,45.5,0.25,5,1,youtube_suggest,2026-08-28 16:26:42.166857
6,Sky Reaper Rice Fortress,9,23,paddy harvesting machine in tamil,45.5,0.25,5,1,youtube_suggest,2026-08-28 16:26:42.167860
6,Sky Reaper Rice Fortress,9,24,paddy harvesting machine in karnataka,45.5,0.25,5,1,youtube_suggest,2026-08-28 16:26:42.167860
6,Sky Reaper Rice Fortress,9,25,paddy harvesting machine in water,45.5,0.25,5,1,youtube_suggest,2026-08-28 16:26:42.168863
6,Sky Reaper Rice Fortress,9,26,rice harvesting machine in maharashtra,45.5,0.25,5,1,youtube_suggest,2026-08-28 16:26:42.168863
6,Sky Reaper Rice Fortress,9,27,rice harvesting machine in nepal,45.5,0.25,5,1,youtube_suggest,2026-08-28 16:26:42.168863
6,Sky Reaper Rice Fortress,9,28,rice harvesting machine in tamilnadu,45.5,0.25,5,1,youtube_suggest,2026-08-28 16:26:42.168863
6,Sky Reaper Rice Fortress,9,29,rice harvesting machine in telugu,45.5,0.25,5,1,youtube_suggest,2026-08-28 16:26:42.169860
6,Sky Reaper Rice Fortress,9,30,wheat and paddy harvesting machine,45.5,0.25,5,1,youtube_suggest,2026-08-28 16:26:42.169860
6,Sky Reaper Rice Fortress,9,31,paddy harvesting by brush cutter,45.5,0.25,5,1,youtube_suggest,2026-08-28 16:26:42.169860
6,Sky Reaper Rice Fortress,9,32,paddy harvesting in west bengal,45.5,0.25,5,1,youtube_suggest,2026-08-28 16:26:42.170860
6,Sky Reaper Rice Fortress,9,33,paddy harvesting machine,44.0,0.2857,3,1,youtube_suggest,2026-08-28 16:26:42.170860
6,Sky Reaper Rice Fortress,9,34,paddy harvesting drawing,44.0,0.2857,3,1,youtube_suggest,2026-08-28 16:26:42.170860
6,Sky Reaper Rice Fortress,9,35,paddy harvesting time,44.0,0.2857,3,1,youtube_suggest,2026-08-28 16:26:42.170860
6,Sky Reaper Rice Fortress,9,36,paddy harvesting videos,44.0,0.2857,3,1,youtube_suggest,2026-08-28 16:26:42.171861
6,Sky Reaper Rice Fortress,9,37,paddy harvesting tractor,44.0,0.2857,3,1,youtube_suggest,2026-08-28 16:26:42.171861
6,Sky Reaper Rice Fortress,9,38,rice harvesting australia,44.0,0.2857,3,1,youtube_suggest,2026-08-28 16:26:42.172858
6,Sky Reaper Rice Fortress,9,39,rice harvesting asia,44.0,0.2857,3,1,youtube_suggest,2026-08-28 16:26:42.172858
6,Sky Reaper Rice Fortress,9,40,harvesting rice and picking fruit(rambutan) farming,44.0,0.2,6,1,youtube_suggest,2026-08-28 16:26:42.172858
6,Sky Reaper Rice Fortress,9,41,after paddy harvesting,44.0,0.2857,3,1,youtube_suggest,2026-08-28 16:26:42.173856
6,Sky Reaper Rice Fortress,9,42,rice harvesting china,44.0,0.2857,3,1,youtube_suggest,2026-08-28 16:26:42.173856
6,Sky Reaper Rice Fortress,9,43,paddy crop harvesting,44.0,0.2857,3,1,youtube_suggest,2026-08-28 16:26:42.173856
6,Sky Reaper Rice Fortress,9,44,rice harvesting combine,44.0,0.2857,3,1,youtube_suggest,2026-08-28 16:26:42.173856
6,Sky Reaper Rice Fortress,9,45,paddy harvesting drone,44.0,0.2857,3,1,youtube_suggest,2026-08-28 16:26:42.173856
6,Sky Reaper Rice Fortress,9,46,rice harvesting drawing,44.0,0.2857,3,1,youtube_suggest,2026-08-28 16:26:42.174856
6,Sky Reaper Rice Fortress,9,47,harvesting paddy fields,44.0,0.2857,3,1,youtube_suggest,2026-08-28 16:26:42.174856
6,Sky Reaper Rice Fortress,9,48,rice harvesting fs25,44.0,0.2857,3,1,youtube_suggest,2026-08-28 16:26:42.174856
6,Sky Reaper Rice Fortress,9,49,rice farming harvesting,44.0,0.2857,3,1,youtube_suggest,2026-08-28 16:26:42.174856
6,Sky Reaper Rice Fortress,9,50,mini rice harvesting machine price,43.56,0.2222,5,1,youtube_suggest,2026-08-28 16:26:42.175856
6,Sky Reaper Rice Fortress,9,51,paddy harvesting machine working,43.5,0.25,4,1,youtube_suggest,2026-08-28 16:26:42.175856
6,Sky Reaper Rice Fortress,9,52,paddy harvesting machine subsidy,43.5,0.25,4,1,youtube_suggest,2026-08-28 16:26:42.175856
6,Sky Reaper Rice Fortress,9,53,paddy harvesting machine price,43.5,0.25,4,1,youtube_suggest,2026-08-28 16:26:42.175856
6,Sky Reaper Rice Fortress,9,54,rice harvesting machine assam,43.5,0.25,4,1,youtube_suggest,2026-08-28 16:26:42.175856
6,Sky Reaper Rice Fortress,9,55,best paddy harvesting machine,43.5,0.25,4,1,youtube_suggest,2026-08-28 16:26:42.176856
6,Sky Reaper Rice Fortress,9,56,paddy harvesting chain machine,43.5,0.25,4,1,youtube_suggest,2026-08-28 16:26:42.176856
6,Sky Reaper Rice Fortress,9,57,rice harvesting cutting machine,43.5,0.25,4,1,youtube_suggest,2026-08-28 16:26:42.176856
6,Sky Reaper Rice Fortress,9,58,drone paddy harvesting machine,43.5,0.25,4,1,youtube_suggest,2026-08-28 16:26:42.176856
6,Sky Reaper Rice Fortress,9,59,paddy field harvesting machine,43.5,0.25,4,1,youtube_suggest,2026-08-28 16:26:42.177857
6,Sky Reaper Rice Fortress,9,60,paddy harvesting hand machine,43.5,0.25,4,1,youtube_suggest,2026-08-28 16:26:42.177857
7,The Rice Comb Superstructure,10,1,rice paddy harvesting machine,61.0,0.5,4,1,youtube_suggest,2026-08-28 16:30:29.363954
7,The Rice Comb Superstructure,10,2,paddy harvesting in china,49.33,0.3333,4,1,youtube_suggest,2026-08-28 16:30:29.364967
7,The Rice Comb Superstructure,10,3,paddy harvesting in japan,49.33,0.3333,4,1,youtube_suggest,2026-08-28 16:30:29.364967
7,The Rice Comb Superstructure,10,4,rice harvesting and processing,49.33,0.3333,4,1,youtube_suggest,2026-08-28 16:30:29.364967
7,The Rice Comb Superstructure,10,5,harvesting rice at home,49.33,0.3333,4,1,youtube_suggest,2026-08-28 16:30:29.364967
7,The Rice Comb Superstructure,10,6,paddy harvesting by hand,49.33,0.3333,4,1,youtube_suggest,2026-08-28 16:30:29.365901
7,The Rice Comb Superstructure,10,7,rice harvesting by hand,49.33,0.3333,4,1,youtube_suggest,2026-08-28 16:30:29.366469
7,The Rice Comb Superstructure,10,8,paddy harvesting machines in agriculture,48.0,0.2857,5,1,youtube_suggest,2026-08-28 16:30:29.366469
7,The Rice Comb Superstructure,10,9,paddy harvesting machine in japan,48.0,0.2857,5,1,youtube_suggest,2026-08-28 16:30:29.367054
7,The Rice Comb Superstructure,10,10,paddy harvesting machine in india,48.0,0.2857,5,1,youtube_suggest,2026-08-28 16:30:29.367654
7,The Rice Comb Superstructure,10,11,paddy harvesting machine in manipur,48.0,0.2857,5,1,youtube_suggest,2026-08-28 16:30:29.368271
7,The Rice Comb Superstructure,10,12,paddy harvesting machine in odisha,48.0,0.2857,5,1,youtube_suggest,2026-08-28 16:30:29.368831
7,The Rice Comb Superstructure,10,13,paddy harvesting machine in assam,48.0,0.2857,5,1,youtube_suggest,2026-08-28 16:30:29.369276
7,The Rice Comb Superstructure,10,14,paddy cutting and harvesting machine,48.0,0.2857,5,1,youtube_suggest,2026-08-28 16:30:29.369871
7,The Rice Comb Superstructure,10,15,paddy harvesting machine in tamil,48.0,0.2857,5,1,youtube_suggest,2026-08-28 16:30:29.370451
7,The Rice Comb Superstructure,10,16,paddy harvesting machine in karnataka,48.0,0.2857,5,1,youtube_suggest,2026-08-28 16:30:29.371007
7,The Rice Comb Superstructure,10,17,paddy harvesting machine in water,48.0,0.2857,5,1,youtube_suggest,2026-08-28 16:30:29.371007
7,The Rice Comb Superstructure,10,18,rice harvesting machine in maharashtra,48.0,0.2857,5,1,youtube_suggest,2026-08-28 16:30:29.371575
7,The Rice Comb Superstructure,10,19,rice harvesting machine in nepal,48.0,0.2857,5,1,youtube_suggest,2026-08-28 16:30:29.372100
7,The Rice Comb Superstructure,10,20,rice harvesting machine in tamilnadu,48.0,0.2857,5,1,youtube_suggest,2026-08-28 16:30:29.372100
7,The Rice Comb Superstructure,10,21,rice harvesting machine in telugu,48.0,0.2857,5,1,youtube_suggest,2026-08-28 16:30:29.373152
7,The Rice Comb Superstructure,10,22,wheat and paddy harvesting machine,48.0,0.2857,5,1,youtube_suggest,2026-08-28 16:30:29.374111
7,The Rice Comb Superstructure,10,23,paddy harvesting by brush cutter,48.0,0.2857,5,1,youtube_suggest,2026-08-28 16:30:29.374111
7,The Rice Comb Superstructure,10,24,paddy harvesting in west bengal,48.0,0.2857,5,1,youtube_suggest,2026-08-28 16:30:29.375129
7,The Rice Comb Superstructure,10,25,paddy harvesting machine in india price,47.5,0.25,6,1,youtube_suggest,2026-08-28 16:30:29.375129
7,The Rice Comb Superstructure,10,26,paddy harvesting machine in west bengal,47.5,0.25,6,1,youtube_suggest,2026-08-28 16:30:29.376126
7,The Rice Comb Superstructure,10,27,best paddy harvesting machine in india,47.5,0.25,6,1,youtube_suggest,2026-08-28 16:30:29.376126
7,The Rice Comb Superstructure,10,28,paddy harvesting machine in sri lanka,47.5,0.25,6,1,youtube_suggest,2026-08-28 16:30:29.377127
7,The Rice Comb Superstructure,10,29,paddy harvesting machine price in india,47.5,0.25,6,1,youtube_suggest,2026-08-28 16:30:29.377127
7,The Rice Comb Superstructure,10,30,rice harvesting machine price in india,47.5,0.25,6,1,youtube_suggest,2026-08-28 16:30:29.378206
7,The Rice Comb Superstructure,10,31,rice harvesting machine price in bangladesh,47.5,0.25,6,1,youtube_suggest,2026-08-28 16:30:29.378800
7,The Rice Comb Superstructure,10,32,rice harvesting machine price in nepal,47.5,0.25,6,1,youtube_suggest,2026-08-28 16:30:29.379827
7,The Rice Comb Superstructure,10,33,paddy harvesting machine,47.33,0.3333,3,1,youtube_suggest,2026-08-28 16:30:29.381829
7,The Rice Comb Superstructure,10,34,paddy harvesting drawing,47.33,0.3333,3,1,youtube_suggest,2026-08-28 16:30:29.382817
7,The Rice Comb Superstructure,10,35,paddy harvesting time,47.33,0.3333,3,1,youtube_suggest,2026-08-28 16:30:29.383435
7,The Rice Comb Superstructure,10,36,paddy harvesting videos,47.33,0.3333,3,1,youtube_suggest,2026-08-28 16:30:29.384436
7,The Rice Comb Superstructure,10,37,paddy harvesting tractor,47.33,0.3333,3,1,youtube_suggest,2026-08-28 16:30:29.384436
7,The Rice Comb Superstructure,10,38,rice harvesting australia,47.33,0.3333,3,1,youtube_suggest,2026-08-28 16:30:29.385431
7,The Rice Comb Superstructure,10,39,rice harvesting asia,47.33,0.3333,3,1,youtube_suggest,2026-08-28 16:30:29.385431
7,The Rice Comb Superstructure,10,40,after paddy harvesting,47.33,0.3333,3,1,youtube_suggest,2026-08-28 16:30:29.386425
7,The Rice Comb Superstructure,10,41,rice harvesting china,47.33,0.3333,3,1,youtube_suggest,2026-08-28 16:30:29.386425
7,The Rice Comb Superstructure,10,42,paddy crop harvesting,47.33,0.3333,3,1,youtube_suggest,2026-08-28 16:30:29.386425
7,The Rice Comb Superstructure,10,43,rice harvesting combine,47.33,0.3333,3,1,youtube_suggest,2026-08-28 16:30:29.386425
7,The Rice Comb Superstructure,10,44,paddy harvesting drone,47.33,0.3333,3,1,youtube_suggest,2026-08-28 16:30:29.387421
7,The Rice Comb Superstructure,10,45,rice harvesting drawing,47.33,0.3333,3,1,youtube_suggest,2026-08-28 16:30:29.387421
7,The Rice Comb Superstructure,10,46,harvesting paddy fields,47.33,0.3333,3,1,youtube_suggest,2026-08-28 16:30:29.387421
7,The Rice Comb Superstructure,10,47,rice harvesting fs25,47.33,0.3333,3,1,youtube_suggest,2026-08-28 16:30:29.387421
7,The Rice Comb Superstructure,10,48,rice farming harvesting,47.33,0.3333,3,1,youtube_suggest,2026-08-28 16:30:29.388427
7,The Rice Comb Superstructure,10,49,paddy harvesting machine working,46.0,0.2857,4,1,youtube_suggest,2026-08-28 16:30:29.388427
7,The Rice Comb Superstructure,10,50,paddy harvesting machine subsidy,46.0,0.2857,4,1,youtube_suggest,2026-08-28 16:30:29.388427
7,The Rice Comb Superstructure,10,51,paddy harvesting machine price,46.0,0.2857,4,1,youtube_suggest,2026-08-28 16:30:29.389425
7,The Rice Comb Superstructure,10,52,rice harvesting machine assam,46.0,0.2857,4,1,youtube_suggest,2026-08-28 16:30:29.389425
7,The Rice Comb Superstructure,10,53,best paddy harvesting machine,46.0,0.2857,4,1,youtube_suggest,2026-08-28 16:30:29.389425
7,The Rice Comb Superstructure,10,54,paddy harvesting chain machine,46.0,0.2857,4,1,youtube_suggest,2026-08-28 16:30:29.389425
7,The Rice Comb Superstructure,10,55,rice harvesting cutting machine,46.0,0.2857,4,1,youtube_suggest,2026-08-28 16:30:29.390417
7,The Rice Comb Superstructure,10,56,drone paddy harvesting machine,46.0,0.2857,4,1,youtube_suggest,2026-08-28 16:30:29.390417
7,The Rice Comb Superstructure,10,57,paddy field harvesting machine,46.0,0.2857,4,1,youtube_suggest,2026-08-28 16:30:29.390747
7,The Rice Comb Superstructure,10,58,paddy harvesting hand machine,46.0,0.2857,4,1,youtube_suggest,2026-08-28 16:30:29.390747
7,The Rice Comb Superstructure,10,59,rice harvesting machine kannada,46.0,0.2857,4,1,youtube_suggest,2026-08-28 16:30:29.391273
7,The Rice Comb Superstructure,10,60,kubota paddy harvesting machine,46.0,0.2857,4,1,youtube_suggest,2026-08-28 16:30:29.391273
8,Paddy-Gulping Harvest Worm,11,1,paddy harvesting in china,49.33,0.3333,4,1,youtube_suggest,2026-08-28 16:34:23.028635
8,Paddy-Gulping Harvest Worm,11,2,paddy harvesting in japan,49.33,0.3333,4,1,youtube_suggest,2026-08-28 16:34:23.029632
8,Paddy-Gulping Harvest Worm,11,3,paddy harvesting by hand,49.33,0.3333,4,1,youtube_suggest,2026-08-28 16:34:23.030639
8,Paddy-Gulping Harvest Worm,11,4,paddy harvesting machines in agriculture,48.0,0.2857,5,1,youtube_suggest,2026-08-28 16:34:23.031637
8,Paddy-Gulping Harvest Worm,11,5,paddy harvesting machine in japan,48.0,0.2857,5,1,youtube_suggest,2026-08-28 16:34:23.031768
8,Paddy-Gulping Harvest Worm,11,6,paddy harvesting machine in india,48.0,0.2857,5,1,youtube_suggest,2026-08-28 16:34:23.032326
8,Paddy-Gulping Harvest Worm,11,7,paddy harvesting machine in manipur,48.0,0.2857,5,1,youtube_suggest,2026-08-28 16:34:23.032326
8,Paddy-Gulping Harvest Worm,11,8,paddy harvesting machine in odisha,48.0,0.2857,5,1,youtube_suggest,2026-08-28 16:34:23.032326
8,Paddy-Gulping Harvest Worm,11,9,paddy harvesting machine in assam,48.0,0.2857,5,1,youtube_suggest,2026-08-28 16:34:23.032326
8,Paddy-Gulping Harvest Worm,11,10,paddy cutting and harvesting machine,48.0,0.2857,5,1,youtube_suggest,2026-08-28 16:34:23.033296
8,Paddy-Gulping Harvest Worm,11,11,paddy harvesting machine in tamil,48.0,0.2857,5,1,youtube_suggest,2026-08-28 16:34:23.033296
8,Paddy-Gulping Harvest Worm,11,12,paddy harvesting machine in karnataka,48.0,0.2857,5,1,youtube_suggest,2026-08-28 16:34:23.033296
8,Paddy-Gulping Harvest Worm,11,13,paddy harvesting machine in water,48.0,0.2857,5,1,youtube_suggest,2026-08-28 16:34:23.034297
8,Paddy-Gulping Harvest Worm,11,14,wheat and paddy harvesting machine,48.0,0.2857,5,1,youtube_suggest,2026-08-28 16:34:23.034297
8,Paddy-Gulping Harvest Worm,11,15,paddy harvesting by brush cutter,48.0,0.2857,5,1,youtube_suggest,2026-08-28 16:34:23.034297
8,Paddy-Gulping Harvest Worm,11,16,paddy harvesting in west bengal,48.0,0.2857,5,1,youtube_suggest,2026-08-28 16:34:23.035297
8,Paddy-Gulping Harvest Worm,11,17,paddy harvesting machine in india price,47.5,0.25,6,1,youtube_suggest,2026-08-28 16:34:23.035297
8,Paddy-Gulping Harvest Worm,11,18,paddy harvesting machine in west bengal,47.5,0.25,6,1,youtube_suggest,2026-08-28 16:34:23.035297
8,Paddy-Gulping Harvest Worm,11,19,best paddy harvesting machine in india,47.5,0.25,6,1,youtube_suggest,2026-08-28 16:34:23.035297
8,Paddy-Gulping Harvest Worm,11,20,paddy harvesting machine in sri lanka,47.5,0.25,6,1,youtube_suggest,2026-08-28 16:34:23.036299
8,Paddy-Gulping Harvest Worm,11,21,paddy harvesting machine price in india,47.5,0.25,6,1,youtube_suggest,2026-08-28 16:34:23.036299
8,Paddy-Gulping Harvest Worm,11,22,paddy harvesting machine,47.33,0.3333,3,1,youtube_suggest,2026-08-28 16:34:23.036299
8,Paddy-Gulping Harvest Worm,11,23,paddy harvesting drawing,47.33,0.3333,3,1,youtube_suggest,2026-08-28 16:34:23.036299
8,Paddy-Gulping Harvest Worm,11,24,paddy harvesting time,47.33,0.3333,3,1,youtube_suggest,2026-08-28 16:34:23.037301
8,Paddy-Gulping Harvest Worm,11,25,paddy harvesting videos,47.33,0.3333,3,1,youtube_suggest,2026-08-28 16:34:23.037301
8,Paddy-Gulping Harvest Worm,11,26,paddy harvesting tractor,47.33,0.3333,3,1,youtube_suggest,2026-08-28 16:34:23.037301
8,Paddy-Gulping Harvest Worm,11,27,after paddy harvesting,47.33,0.3333,3,1,youtube_suggest,2026-08-28 16:34:23.038300
8,Paddy-Gulping Harvest Worm,11,28,paddy crop harvesting,47.33,0.3333,3,1,youtube_suggest,2026-08-28 16:34:23.038300
8,Paddy-Gulping Harvest Worm,11,29,paddy harvesting drone,47.33,0.3333,3,1,youtube_suggest,2026-08-28 16:34:23.038300
8,Paddy-Gulping Harvest Worm,11,30,harvesting paddy fields,47.33,0.3333,3,1,youtube_suggest,2026-08-28 16:34:23.038300
8,Paddy-Gulping Harvest Worm,11,31,paddy harvesting machine working,46.0,0.2857,4,1,youtube_suggest,2026-08-28 16:34:23.043302
8,Paddy-Gulping Harvest Worm,11,32,paddy harvesting machine subsidy,46.0,0.2857,4,1,youtube_suggest,2026-08-28 16:34:23.043302
8,Paddy-Gulping Harvest Worm,11,33,paddy harvesting machine price,46.0,0.2857,4,1,youtube_suggest,2026-08-28 16:34:23.043302
8,Paddy-Gulping Harvest Worm,11,34,best paddy harvesting machine,46.0,0.2857,4,1,youtube_suggest,2026-08-28 16:34:23.044302
8,Paddy-Gulping Harvest Worm,11,35,paddy harvesting chain machine,46.0,0.2857,4,1,youtube_suggest,2026-08-28 16:34:23.044302
8,Paddy-Gulping Harvest Worm,11,36,drone paddy harvesting machine,46.0,0.2857,4,1,youtube_suggest,2026-08-28 16:34:23.044302
8,Paddy-Gulping Harvest Worm,11,37,paddy field harvesting machine,46.0,0.2857,4,1,youtube_suggest,2026-08-28 16:34:23.045302
8,Paddy-Gulping Harvest Worm,11,38,paddy harvesting hand machine,46.0,0.2857,4,1,youtube_suggest,2026-08-28 16:34:23.045302
8,Paddy-Gulping Harvest Worm,11,39,kubota paddy harvesting machine,46.0,0.2857,4,1,youtube_suggest,2026-08-28 16:34:23.045302
8,Paddy-Gulping Harvest Worm,11,40,paddy harvesting machine mini,46.0,0.2857,4,1,youtube_suggest,2026-08-28 16:34:23.045302
8,Paddy-Gulping Harvest Worm,11,41,paddy harvesting new machine,46.0,0.2857,4,1,youtube_suggest,2026-08-28 16:34:23.046307
8,Paddy-Gulping Harvest Worm,11,42,paddy harvesting machine odisha,46.0,0.2857,4,1,youtube_suggest,2026-08-28 16:34:23.046307
8,Paddy-Gulping Harvest Worm,11,43,rice paddy harvesting machine,46.0,0.2857,4,1,youtube_suggest,2026-08-28 16:34:23.046307
8,Paddy-Gulping Harvest Worm,11,44,paddy harvesting machine small,46.0,0.2857,4,1,youtube_suggest,2026-08-28 16:34:23.046307
8,Paddy-Gulping Harvest Worm,11,45,harvesting paddy drawing easy,46.0,0.2857,4,1,youtube_suggest,2026-08-28 16:34:23.047311
8,Paddy-Gulping Harvest Worm,11,46,paddy harvesting,38.0,0.4,2,0,youtube_suggest,2026-08-28 16:34:23.047311
8,Paddy-Gulping Harvest Worm,11,47,rice harvesting machine price in india,37.78,0.1111,6,1,youtube_suggest,2026-08-28 16:34:23.047311
8,Paddy-Gulping Harvest Worm,11,48,rice harvesting machine price in bangladesh,37.78,0.1111,6,1,youtube_suggest,2026-08-28 16:34:23.048306
8,Paddy-Gulping Harvest Worm,11,49,rice harvesting machine price in nepal,37.78,0.1111,6,1,youtube_suggest,2026-08-28 16:34:23.048306
8,Paddy-Gulping Harvest Worm,11,50,mini paddy harvester machine price in india,37.0,0.1,7,1,youtube_suggest,2026-08-28 16:34:23.048306
8,Paddy-Gulping Harvest Worm,11,51,harvesting rice and picking fruit(rambutan) farming,37.0,0.1,6,1,youtube_suggest,2026-08-28 16:34:23.048306
8,Paddy-Gulping Harvest Worm,11,52,rice harvesting machine in maharashtra,36.75,0.125,5,1,youtube_suggest,2026-08-28 16:34:23.049300
8,Paddy-Gulping Harvest Worm,11,53,rice harvesting machine in nepal,36.75,0.125,5,1,youtube_suggest,2026-08-28 16:34:23.049300
8,Paddy-Gulping Harvest Worm,11,54,paddy cultivation machine in telugu,36.75,0.125,5,1,youtube_suggest,2026-08-28 16:34:23.049300
8,Paddy-Gulping Harvest Worm,11,55,rice harvesting machine in tamilnadu,36.75,0.125,5,1,youtube_suggest,2026-08-28 16:34:23.049300
8,Paddy-Gulping Harvest Worm,11,56,paddy cultivation machine in tamil,36.75,0.125,5,1,youtube_suggest,2026-08-28 16:34:23.050301
8,Paddy-Gulping Harvest Worm,11,57,rice harvesting machine in telugu,36.75,0.125,5,1,youtube_suggest,2026-08-28 16:34:23.050301
8,Paddy-Gulping Harvest Worm,11,58,paddy harvester in andhra pradesh,36.75,0.125,5,1,youtube_suggest,2026-08-28 16:34:23.050301
8,Paddy-Gulping Harvest Worm,11,59,paddy crop disease and control,36.75,0.125,5,1,youtube_suggest,2026-08-28 16:34:23.051305
8,Paddy-Gulping Harvest Worm,11,60,paddy crop diseases in telugu,36.75,0.125,5,1,youtube_suggest,2026-08-28 16:34:23.051305
9,Rice Moon Harvester,12,1,rice paddy harvesting machine,61.0,0.5,4,1,youtube_suggest,2026-08-28 16:38:29.594105
9,Rice Moon Harvester,12,2,paddy harvesting in china,49.33,0.3333,4,1,youtube_suggest,2026-08-28 16:38:29.594105
9,Rice Moon Harvester,12,3,paddy harvesting in japan,49.33,0.3333,4,1,youtube_suggest,2026-08-28 16:38:29.594105
9,Rice Moon Harvester,12,4,rice harvesting and processing,49.33,0.3333,4,1,youtube_suggest,2026-08-28 16:38:29.595106
9,Rice Moon Harvester,12,5,harvesting rice at home,49.33,0.3333,4,1,youtube_suggest,2026-08-28 16:38:29.595408
9,Rice Moon Harvester,12,6,paddy harvester in assam,49.33,0.3333,4,1,youtube_suggest,2026-08-28 16:38:29.595408
9,Rice Moon Harvester,12,7,paddy harvesting by hand,49.33,0.3333,4,1,youtube_suggest,2026-08-28 16:38:29.595957
9,Rice Moon Harvester,12,8,rice harvesting by hand,49.33,0.3333,4,1,youtube_suggest,2026-08-28 16:38:29.595957
9,Rice Moon Harvester,12,9,paddy harvesting machines in agriculture,48.0,0.2857,5,1,youtube_suggest,2026-08-28 16:38:29.596959
9,Rice Moon Harvester,12,10,paddy harvesting machine in japan,48.0,0.2857,5,1,youtube_suggest,2026-08-28 16:38:29.596959
9,Rice Moon Harvester,12,11,paddy harvesting machine in india,48.0,0.2857,5,1,youtube_suggest,2026-08-28 16:38:29.596959
9,Rice Moon Harvester,12,12,paddy harvesting machine in manipur,48.0,0.2857,5,1,youtube_suggest,2026-08-28 16:38:29.597959
9,Rice Moon Harvester,12,13,paddy harvesting machine in odisha,48.0,0.2857,5,1,youtube_suggest,2026-08-28 16:38:29.597959
9,Rice Moon Harvester,12,14,paddy harvesting machine in assam,48.0,0.2857,5,1,youtube_suggest,2026-08-28 16:38:29.597959
9,Rice Moon Harvester,12,15,paddy cutting and harvesting machine,48.0,0.2857,5,1,youtube_suggest,2026-08-28 16:38:29.598958
9,Rice Moon Harvester,12,16,paddy harvesting machine in tamil,48.0,0.2857,5,1,youtube_suggest,2026-08-28 16:38:29.598958
9,Rice Moon Harvester,12,17,paddy harvesting machine in karnataka,48.0,0.2857,5,1,youtube_suggest,2026-08-28 16:38:29.598958
9,Rice Moon Harvester,12,18,paddy harvesting machine in water,48.0,0.2857,5,1,youtube_suggest,2026-08-28 16:38:29.598958
9,Rice Moon Harvester,12,19,rice harvesting machine in maharashtra,48.0,0.2857,5,1,youtube_suggest,2026-08-28 16:38:29.599979
9,Rice Moon Harvester,12,20,rice harvesting machine in nepal,48.0,0.2857,5,1,youtube_suggest,2026-08-28 16:38:29.599979
9,Rice Moon Harvester,12,21,rice harvesting machine in tamilnadu,48.0,0.2857,5,1,youtube_suggest,2026-08-28 16:38:29.599979
9,Rice Moon Harvester,12,22,rice harvesting machine in telugu,48.0,0.2857,5,1,youtube_suggest,2026-08-28 16:38:29.600954
9,Rice Moon Harvester,12,23,wheat and paddy harvesting machine,48.0,0.2857,5,1,youtube_suggest,2026-08-28 16:38:29.600954
9,Rice Moon Harvester,12,24,paddy harvester in andhra pradesh,48.0,0.2857,5,1,youtube_suggest,2026-08-28 16:38:29.601877
9,Rice Moon Harvester,12,25,paddy harvesting by brush cutter,48.0,0.2857,5,1,youtube_suggest,2026-08-28 16:38:29.601877
9,Rice Moon Harvester,12,26,paddy harvesting in west bengal,48.0,0.2857,5,1,youtube_suggest,2026-08-28 16:38:29.602869
9,Rice Moon Harvester,12,27,paddy harvesting machine in india price,47.5,0.25,6,1,youtube_suggest,2026-08-28 16:38:29.602869
9,Rice Moon Harvester,12,28,paddy harvesting machine in west bengal,47.5,0.25,6,1,youtube_suggest,2026-08-28 16:38:29.603865
9,Rice Moon Harvester,12,29,best paddy harvesting machine in india,47.5,0.25,6,1,youtube_suggest,2026-08-28 16:38:29.603865
9,Rice Moon Harvester,12,30,paddy harvesting machine in sri lanka,47.5,0.25,6,1,youtube_suggest,2026-08-28 16:38:29.603865
9,Rice Moon Harvester,12,31,paddy harvesting machine price in india,47.5,0.25,6,1,youtube_suggest,2026-08-28 16:38:29.603865
9,Rice Moon Harvester,12,32,rice harvesting machine price in india,47.5,0.25,6,1,youtube_suggest,2026-08-28 16:38:29.604864
9,Rice Moon Harvester,12,33,rice harvesting machine price in bangladesh,47.5,0.25,6,1,youtube_suggest,2026-08-28 16:38:29.604864
9,Rice Moon Harvester,12,34,rice harvesting machine price in nepal,47.5,0.25,6,1,youtube_suggest,2026-08-28 16:38:29.604864
9,Rice Moon Harvester,12,35,paddy harvesting machine,47.33,0.3333,3,1,youtube_suggest,2026-08-28 16:38:29.605863
9,Rice Moon Harvester,12,36,paddy harvesting drawing,47.33,0.3333,3,1,youtube_suggest,2026-08-28 16:38:29.605863
9,Rice Moon Harvester,12,37,paddy harvesting time,47.33,0.3333,3,1,youtube_suggest,2026-08-28 16:38:29.605863
9,Rice Moon Harvester,12,38,paddy harvesting videos,47.33,0.3333,3,1,youtube_suggest,2026-08-28 16:38:29.605863
9,Rice Moon Harvester,12,39,paddy harvesting tractor,47.33,0.3333,3,1,youtube_suggest,2026-08-28 16:38:29.606866
9,Rice Moon Harvester,12,40,rice harvesting australia,47.33,0.3333,3,1,youtube_suggest,2026-08-28 16:38:29.606866
9,Rice Moon Harvester,12,41,rice harvesting asia,47.33,0.3333,3,1,youtube_suggest,2026-08-28 16:38:29.607865
9,Rice Moon Harvester,12,42,after paddy harvesting,47.33,0.3333,3,1,youtube_suggest,2026-08-28 16:38:29.607865
9,Rice Moon Harvester,12,43,rice harvesting china,47.33,0.3333,3,1,youtube_suggest,2026-08-28 16:38:29.607865
9,Rice Moon Harvester,12,44,paddy combine harvester,47.33,0.3333,3,1,youtube_suggest,2026-08-28 16:38:29.607865
9,Rice Moon Harvester,12,45,paddy crop harvesting,47.33,0.3333,3,1,youtube_suggest,2026-08-28 16:38:29.608864
9,Rice Moon Harvester,12,46,rice harvesting combine,47.33,0.3333,3,1,youtube_suggest,2026-08-28 16:38:29.608864
9,Rice Moon Harvester,12,47,paddy harvesting drone,47.33,0.3333,3,1,youtube_suggest,2026-08-28 16:38:29.608864
9,Rice Moon Harvester,12,48,rice harvesting drawing,47.33,0.3333,3,1,youtube_suggest,2026-08-28 16:38:29.609864
9,Rice Moon Harvester,12,49,harvesting paddy fields,47.33,0.3333,3,1,youtube_suggest,2026-08-28 16:38:29.609864
9,Rice Moon Harvester,12,50,rice harvesting fs25,47.33,0.3333,3,1,youtube_suggest,2026-08-28 16:38:29.609864
9,Rice Moon Harvester,12,51,rice farming harvesting,47.33,0.3333,3,1,youtube_suggest,2026-08-28 16:38:29.609864
9,Rice Moon Harvester,12,52,paddy harvesting machine working,46.0,0.2857,4,1,youtube_suggest,2026-08-28 16:38:29.613645
9,Rice Moon Harvester,12,53,paddy harvesting machine subsidy,46.0,0.2857,4,1,youtube_suggest,2026-08-28 16:38:29.614701
9,Rice Moon Harvester,12,54,paddy harvesting machine price,46.0,0.2857,4,1,youtube_suggest,2026-08-28 16:38:29.614701
9,Rice Moon Harvester,12,55,rice harvesting machine assam,46.0,0.2857,4,1,youtube_suggest,2026-08-28 16:38:29.615689
9,Rice Moon Harvester,12,56,best paddy harvesting machine,46.0,0.2857,4,1,youtube_suggest,2026-08-28 16:38:29.615689
9,Rice Moon Harvester,12,57,paddy harvesting chain machine,46.0,0.2857,4,1,youtube_suggest,2026-08-28 16:38:29.616692
9,Rice Moon Harvester,12,58,rice harvesting cutting machine,46.0,0.2857,4,1,youtube_suggest,2026-08-28 16:38:29.616692
9,Rice Moon Harvester,12,59,drone paddy harvesting machine,46.0,0.2857,4,1,youtube_suggest,2026-08-28 16:38:29.618690
9,Rice Moon Harvester,12,60,paddy field harvesting machine,46.0,0.2857,4,1,youtube_suggest,2026-08-28 16:38:29.618690
10,The Infinite Rice Factory,13,1,rice paddy harvesting machine,61.0,0.5,4,1,youtube_suggest,2026-08-28 18:23:48.318870
10,The Infinite Rice Factory,13,2,paddy harvesting in china,49.33,0.3333,4,1,youtube_suggest,2026-08-28 18:23:48.318870
10,The Infinite Rice Factory,13,3,paddy harvesting in japan,49.33,0.3333,4,1,youtube_suggest,2026-08-28 18:23:48.318870
10,The Infinite Rice Factory,13,4,rice harvesting and processing,49.33,0.3333,4,1,youtube_suggest,2026-08-28 18:23:48.318870
10,The Infinite Rice Factory,13,5,harvesting rice at home,49.33,0.3333,4,1,youtube_suggest,2026-08-28 18:23:48.318870
10,The Infinite Rice Factory,13,6,paddy harvesting by hand,49.33,0.3333,4,1,youtube_suggest,2026-08-28 18:23:48.318870
10,The Infinite Rice Factory,13,7,rice harvesting by hand,49.33,0.3333,4,1,youtube_suggest,2026-08-28 18:23:48.334497
10,The Infinite Rice Factory,13,8,paddy harvesting machines in agriculture,48.0,0.2857,5,1,youtube_suggest,2026-08-28 18:23:48.334497
10,The Infinite Rice Factory,13,9,paddy harvesting machine in japan,48.0,0.2857,5,1,youtube_suggest,2026-08-28 18:23:48.334497
10,The Infinite Rice Factory,13,10,paddy harvesting by brush cutter,48.0,0.2857,5,1,youtube_suggest,2026-08-28 18:23:48.334497
10,The Infinite Rice Factory,13,11,paddy harvesting in west bengal,48.0,0.2857,5,1,youtube_suggest,2026-08-28 18:23:48.334497
10,The Infinite Rice Factory,13,12,paddy harvesting machine in india,48.0,0.2857,5,1,youtube_suggest,2026-08-28 18:23:48.334497
10,The Infinite Rice Factory,13,13,paddy harvesting machine in manipur,48.0,0.2857,5,1,youtube_suggest,2026-08-28 18:23:48.334497
10,The Infinite Rice Factory,13,14,paddy harvesting machine in odisha,48.0,0.2857,5,1,youtube_suggest,2026-08-28 18:23:48.334497
10,The Infinite Rice Factory,13,15,paddy harvesting machine in assam,48.0,0.2857,5,1,youtube_suggest,2026-08-28 18:23:48.334497
10,The Infinite Rice Factory,13,16,paddy cutting and harvesting machine,48.0,0.2857,5,1,youtube_suggest,2026-08-28 18:23:48.334497
10,The Infinite Rice Factory,13,17,paddy harvesting machine in tamil,48.0,0.2857,5,1,youtube_suggest,2026-08-28 18:23:48.334497
10,The Infinite Rice Factory,13,18,paddy harvesting machine in karnataka,48.0,0.2857,5,1,youtube_suggest,2026-08-28 18:23:48.334497
10,The Infinite Rice Factory,13,19,paddy harvesting machine in water,48.0,0.2857,5,1,youtube_suggest,2026-08-28 18:23:48.334497
10,The Infinite Rice Factory,13,20,rice harvesting machine in maharashtra,48.0,0.2857,5,1,youtube_suggest,2026-08-28 18:23:48.334497
10,The Infinite Rice Factory,13,21,rice harvesting machine in nepal,48.0,0.2857,5,1,youtube_suggest,2026-08-28 18:23:48.334497
10,The Infinite Rice Factory,13,22,rice harvesting machine in tamilnadu,48.0,0.2857,5,1,youtube_suggest,2026-08-28 18:23:48.334497
10,The Infinite Rice Factory,13,23,rice harvesting machine in telugu,48.0,0.2857,5,1,youtube_suggest,2026-08-28 18:23:48.334497
10,The Infinite Rice Factory,13,24,wheat and paddy harvesting machine,48.0,0.2857,5,1,youtube_suggest,2026-08-28 18:23:48.334497
10,The Infinite Rice Factory,13,25,best paddy harvesting machine in india,47.5,0.25,6,1,youtube_suggest,2026-08-28 18:23:48.334497
10,The Infinite Rice Factory,13,26,paddy harvesting machine in west bengal,47.5,0.25,6,1,youtube_suggest,2026-08-28 18:23:48.334497
10,The Infinite Rice Factory,13,27,paddy harvesting machine in india price,47.5,0.25,6,1,youtube_suggest,2026-08-28 18:23:48.334497
10,The Infinite Rice Factory,13,28,paddy harvesting machine in sri lanka,47.5,0.25,6,1,youtube_suggest,2026-08-28 18:23:48.334497
10,The Infinite Rice Factory,13,29,paddy harvesting machine price in india,47.5,0.25,6,1,youtube_suggest,2026-08-28 18:23:48.334497
10,The Infinite Rice Factory,13,30,rice harvesting machine price in india,47.5,0.25,6,1,youtube_suggest,2026-08-28 18:23:48.334497
10,The Infinite Rice Factory,13,31,rice harvesting machine price in bangladesh,47.5,0.25,6,1,youtube_suggest,2026-08-28 18:23:48.334497
10,The Infinite Rice Factory,13,32,rice harvesting machine price in nepal,47.5,0.25,6,1,youtube_suggest,2026-08-28 18:23:48.334497
10,The Infinite Rice Factory,13,33,paddy harvesting drawing,47.33,0.3333,3,1,youtube_suggest,2026-08-28 18:23:48.334497
10,The Infinite Rice Factory,13,34,paddy harvesting time,47.33,0.3333,3,1,youtube_suggest,2026-08-28 18:23:48.334497
10,The Infinite Rice Factory,13,35,paddy harvesting videos,47.33,0.3333,3,1,youtube_suggest,2026-08-28 18:23:48.334497
10,The Infinite Rice Factory,13,36,paddy harvesting tractor,47.33,0.3333,3,1,youtube_suggest,2026-08-28 18:23:48.334497
10,The Infinite Rice Factory,13,37,rice harvesting australia,47.33,0.3333,3,1,youtube_suggest,2026-08-28 18:23:48.334497
10,The Infinite Rice Factory,13,38,rice harvesting asia,47.33,0.3333,3,1,youtube_suggest,2026-08-28 18:23:48.334497
10,The Infinite Rice Factory,13,39,after paddy harvesting,47.33,0.3333,3,1,youtube_suggest,2026-08-28 18:23:48.334497
10,The Infinite Rice Factory,13,40,rice harvesting china,47.33,0.3333,3,1,youtube_suggest,2026-08-28 18:23:48.334497
10,The Infinite Rice Factory,13,41,paddy crop harvesting,47.33,0.3333,3,1,youtube_suggest,2026-08-28 18:23:48.334497
10,The Infinite Rice Factory,13,42,rice harvesting combine,47.33,0.3333,3,1,youtube_suggest,2026-08-28 18:23:48.334497
10,The Infinite Rice Factory,13,43,paddy harvesting drone,47.33,0.3333,3,1,youtube_suggest,2026-08-28 18:23:48.334497
10,The Infinite Rice Factory,13,44,rice harvesting drawing,47.33,0.3333,3,1,youtube_suggest,2026-08-28 18:23:48.334497
10,The Infinite Rice Factory,13,45,harvesting paddy fields,47.33,0.3333,3,1,youtube_suggest,2026-08-28 18:23:48.334497
10,The Infinite Rice Factory,13,46,rice harvesting fs25,47.33,0.3333,3,1,youtube_suggest,2026-08-28 18:23:48.334497
10,The Infinite Rice Factory,13,47,rice farming harvesting,47.33,0.3333,3,1,youtube_suggest,2026-08-28 18:23:48.334497
10,The Infinite Rice Factory,13,48,paddy harvesting machine,47.33,0.3333,3,1,youtube_suggest,2026-08-28 18:23:48.334497
10,The Infinite Rice Factory,13,49,paddy harvesting hand machine,46.0,0.2857,4,1,youtube_suggest,2026-08-28 18:23:48.334497
10,The Infinite Rice Factory,13,50,rice harvesting brush cutter,46.0,0.2857,4,1,youtube_suggest,2026-08-28 18:23:48.334497
10,The Infinite Rice Factory,13,51,best paddy harvesting machine,46.0,0.2857,4,1,youtube_suggest,2026-08-28 18:23:48.334497
10,The Infinite Rice Factory,13,52,paddy harvesting chain machine,46.0,0.2857,4,1,youtube_suggest,2026-08-28 18:23:48.334497
10,The Infinite Rice Factory,13,53,harvesting paddy drawing easy,46.0,0.2857,4,1,youtube_suggest,2026-08-28 18:23:48.334497
10,The Infinite Rice Factory,13,54,drone paddy harvesting machine,46.0,0.2857,4,1,youtube_suggest,2026-08-28 18:23:48.334497
10,The Infinite Rice Factory,13,55,paddy harvesting machine working,46.0,0.2857,4,1,youtube_suggest,2026-08-28 18:23:48.334497
10,The Infinite Rice Factory,13,56,paddy harvesting machine subsidy,46.0,0.2857,4,1,youtube_suggest,2026-08-28 18:23:48.334497
10,The Infinite Rice Factory,13,57,paddy harvesting machine price,46.0,0.2857,4,1,youtube_suggest,2026-08-28 18:23:48.334497
10,The Infinite Rice Factory,13,58,rice harvesting machine assam,46.0,0.2857,4,1,youtube_suggest,2026-08-28 18:23:48.334497
10,The Infinite Rice Factory,13,59,rice harvesting cutting machine,46.0,0.2857,4,1,youtube_suggest,2026-08-28 18:23:48.334497
10,The Infinite Rice Factory,13,60,paddy field harvesting machine,46.0,0.2857,4,1,youtube_suggest,2026-08-28 18:23:48.334497
11,Colossal Wheat Combine Titan,5,1,wheat field in the wind,51.33,0.3333,5,1,youtube_suggest,2026-08-28 14:22:25.184522
11,Colossal Wheat Combine Titan,5,2,wheat from field to flour,51.33,0.3333,5,1,youtube_suggest,2026-08-28 14:22:25.185605
11,Colossal Wheat Combine Titan,5,3,wheat field blowing in the wind,50.0,0.2857,6,1,youtube_suggest,2026-08-28 14:22:25.185605
11,Colossal Wheat Combine Titan,5,4,wheat field background video,49.33,0.3333,4,1,youtube_suggest,2026-08-28 14:22:25.186685
11,Colossal Wheat Combine Titan,5,5,wheat field minecraft,47.33,0.3333,3,1,youtube_suggest,2026-08-28 14:22:25.186685
11,Colossal Wheat Combine Titan,5,6,wheat field drawing,47.33,0.3333,3,1,youtube_suggest,2026-08-28 14:22:25.187780
11,Colossal Wheat Combine Titan,5,7,wheat field sunset,47.33,0.3333,3,1,youtube_suggest,2026-08-28 14:22:25.188850
11,Colossal Wheat Combine Titan,5,8,wheat field blender,47.33,0.3333,3,1,youtube_suggest,2026-08-28 14:22:25.188850
11,Colossal Wheat Combine Titan,5,9,wheat field harvest,47.33,0.3333,3,1,youtube_suggest,2026-08-28 14:22:25.189951
11,Colossal Wheat Combine Titan,5,10,wheat field painting,47.33,0.3333,3,1,youtube_suggest,2026-08-28 14:22:25.189951
11,Colossal Wheat Combine Titan,5,11,wheat field ambience,47.33,0.3333,3,1,youtube_suggest,2026-08-28 14:22:25.189951
11,Colossal Wheat Combine Titan,5,12,wheat field acnh,47.33,0.3333,3,1,youtube_suggest,2026-08-28 14:22:25.189951
11,Colossal Wheat Combine Titan,5,13,wheat field asmr,47.33,0.3333,3,1,youtube_suggest,2026-08-28 14:22:25.190984
11,Colossal Wheat Combine Titan,5,14,wheat field ambient,47.33,0.3333,3,1,youtube_suggest,2026-08-28 14:22:25.190984
11,Colossal Wheat Combine Titan,5,15,wheat field background,47.33,0.3333,3,1,youtube_suggest,2026-08-28 14:22:25.192061
11,Colossal Wheat Combine Titan,5,16,wheat field cinematic,47.33,0.3333,3,1,youtube_suggest,2026-08-28 14:22:25.192061
11,Colossal Wheat Combine Titan,5,17,wheat field diorama,47.33,0.3333,3,1,youtube_suggest,2026-08-28 14:22:25.193113
11,Colossal Wheat Combine Titan,5,18,wheat dove field,47.33,0.3333,3,1,youtube_suggest,2026-08-28 14:22:25.193113
11,Colossal Wheat Combine Titan,5,19,wheat field fire,47.33,0.3333,3,1,youtube_suggest,2026-08-28 14:22:25.194245
11,Colossal Wheat Combine Titan,5,20,wheat field footage,47.33,0.3333,3,1,youtube_suggest,2026-08-28 14:22:25.195319
11,Colossal Wheat Combine Titan,5,21,wheat field gladiator,47.33,0.3333,3,1,youtube_suggest,2026-08-28 14:22:25.195875
11,Colossal Wheat Combine Titan,5,22,wheat field gettysburg,47.33,0.3333,3,1,youtube_suggest,2026-08-28 14:22:25.196432
11,Colossal Wheat Combine Titan,5,23,wheat field girl,47.33,0.3333,3,1,youtube_suggest,2026-08-28 14:22:25.196432
11,Colossal Wheat Combine Titan,5,24,wheat field van gogh,46.0,0.2857,4,1,youtube_suggest,2026-08-28 14:22:25.197523
11,Colossal Wheat Combine Titan,5,25,wheat field minecraft tutorial,46.0,0.2857,4,1,youtube_suggest,2026-08-28 14:22:25.197523
11,Colossal Wheat Combine Titan,5,26,wheat field animal crossing,46.0,0.2857,4,1,youtube_suggest,2026-08-28 14:22:25.198586
11,Colossal Wheat Combine Titan,5,27,wheat field acrylic painting,46.0,0.2857,4,1,youtube_suggest,2026-08-28 14:22:25.198586
11,Colossal Wheat Combine Titan,5,28,wheat field alan walker,46.0,0.2857,4,1,youtube_suggest,2026-08-28 14:22:25.199640
11,Colossal Wheat Combine Titan,5,29,wheat field background loop,46.0,0.2857,4,1,youtube_suggest,2026-08-28 14:22:25.199640
11,Colossal Wheat Combine Titan,5,30,wheat field chinese song,46.0,0.2857,4,1,youtube_suggest,2026-08-28 14:22:25.200725
11,Colossal Wheat Combine Titan,5,31,wheat field drone shot,46.0,0.2857,4,1,youtube_suggest,2026-08-28 14:22:25.200725
11,Colossal Wheat Combine Titan,5,32,minecraft wheat field design,46.0,0.2857,4,1,youtube_suggest,2026-08-28 14:22:25.200725
11,Colossal Wheat Combine Titan,5,33,wheat field sound effect,46.0,0.2857,4,1,youtube_suggest,2026-08-28 14:22:25.201757
11,Colossal Wheat Combine Titan,5,34,wheat field stock footage,46.0,0.2857,4,1,youtube_suggest,2026-08-28 14:22:25.201757
11,Colossal Wheat Combine Titan,5,35,wheat field girlfriend ost,46.0,0.2857,4,1,youtube_suggest,2026-08-28 14:22:25.201757
11,Colossal Wheat Combine Titan,5,36,wheat field green screen,46.0,0.2857,4,1,youtube_suggest,2026-08-28 14:22:25.202825
11,Colossal Wheat Combine Titan,5,37,wheat field genshin impact,46.0,0.2857,4,1,youtube_suggest,2026-08-28 14:22:25.202825
11,Colossal Wheat Combine Titan,5,38,wind over the wheat field female cover,45.56,0.2222,7,1,youtube_suggest,2026-08-28 14:22:25.203896
11,Colossal Wheat Combine Titan,5,39,wheat field backpack type adjustable pesticide automatic sprayer,42.73,0.1818,8,1,youtube_suggest,2026-08-28 14:22:25.203896
11,Colossal Wheat Combine Titan,5,40,wheat field,38.0,0.4,2,0,youtube_suggest,2026-08-28 14:22:25.204948
11,Colossal Wheat Combine Titan,5,41,wheat from farm to table,38.0,0.1429,5,1,youtube_suggest,2026-08-28 14:22:25.204948
11,Colossal Wheat Combine Titan,5,42,wheat farm create mod 1.21.1,36.75,0.125,5,1,youtube_suggest,2026-08-28 14:22:25.204948
11,Colossal Wheat Combine Titan,5,43,wheat farm for minecraft bedrock,36.75,0.125,5,1,youtube_suggest,2026-08-28 14:22:25.205997
11,Colossal Wheat Combine Titan,5,44,wheat farm for donut smp,36.75,0.125,5,1,youtube_suggest,2026-08-28 14:22:25.205997
11,Colossal Wheat Combine Titan,5,45,wheat farm automatic 1.21,36.0,0.1429,4,1,youtube_suggest,2026-08-28 14:22:25.205997
11,Colossal Wheat Combine Titan,5,46,wheat farm design hypixel skyblock,35.78,0.1111,5,1,youtube_suggest,2026-08-28 14:22:25.207032
11,Colossal Wheat Combine Titan,5,47,wheat farm garden hypixel skyblock,35.78,0.1111,5,1,youtube_suggest,2026-08-28 14:22:25.207032
11,Colossal Wheat Combine Titan,5,48,wheat farm machine minecraft,34.75,0.125,4,1,youtube_suggest,2026-08-28 14:22:25.207032
11,Colossal Wheat Combine Titan,5,49,wheat farm automatic minecraft,34.75,0.125,4,1,youtube_suggest,2026-08-28 14:22:25.207032
11,Colossal Wheat Combine Titan,5,50,wheat farm block tycoon,34.75,0.125,4,1,youtube_suggest,2026-08-28 14:22:25.208072
11,Colossal Wheat Combine Titan,5,51,wheat farm build minecraft,34.75,0.125,4,1,youtube_suggest,2026-08-28 14:22:25.208072
11,Colossal Wheat Combine Titan,5,52,bone meal wheat farm,34.75,0.125,4,1,youtube_suggest,2026-08-28 14:22:25.208072
11,Colossal Wheat Combine Titan,5,53,wheat farm create mod,34.75,0.125,4,1,youtube_suggest,2026-08-28 14:22:25.208072
11,Colossal Wheat Combine Titan,5,54,wheat farm cubecraft skyblock,34.75,0.125,4,1,youtube_suggest,2026-08-28 14:22:25.209119
11,Colossal Wheat Combine Titan,5,55,wheat crop farm minecraft,34.75,0.125,4,1,youtube_suggest,2026-08-28 14:22:25.209119
11,Colossal Wheat Combine Titan,5,56,wheat farm design minecraft,34.75,0.125,4,1,youtube_suggest,2026-08-28 14:22:25.209119
11,Colossal Wheat Combine Titan,5,57,wheat farm donut smp,34.75,0.125,4,1,youtube_suggest,2026-08-28 14:22:25.210197
11,Colossal Wheat Combine Titan,5,58,wheat fields garth brooks,34.75,0.125,4,1,youtube_suggest,2026-08-28 14:22:25.210197
11,Colossal Wheat Combine Titan,5,59,wheat farm automatic,34.0,0.1429,3,1,youtube_suggest,2026-08-28 14:22:25.211249
11,Colossal Wheat Combine Titan,5,60,wheat farm bedrock,34.0,0.1429,3,1,youtube_suggest,2026-08-28 14:22:25.211249
12,The Solar Wheat Sifter,6,1,wheat field in the wind,56.0,0.4,5,1,youtube_suggest,2026-08-28 14:34:54.452678
12,The Solar Wheat Sifter,6,2,wheat from field to flour,56.0,0.4,5,1,youtube_suggest,2026-08-28 14:34:54.454230
12,The Solar Wheat Sifter,6,3,wheat field background video,54.0,0.4,4,1,youtube_suggest,2026-08-28 14:34:54.454230
12,The Solar Wheat Sifter,6,4,wheat field blowing in the wind,53.33,0.3333,6,1,youtube_suggest,2026-08-28 14:34:54.454230
12,The Solar Wheat Sifter,6,5,wheat field minecraft,52.0,0.4,3,1,youtube_suggest,2026-08-28 14:34:54.454230
12,The Solar Wheat Sifter,6,6,wheat field drawing,52.0,0.4,3,1,youtube_suggest,2026-08-28 14:34:54.455243
12,The Solar Wheat Sifter,6,7,wheat field sunset,52.0,0.4,3,1,youtube_suggest,2026-08-28 14:34:54.455243
12,The Solar Wheat Sifter,6,8,wheat field blender,52.0,0.4,3,1,youtube_suggest,2026-08-28 14:34:54.455243
12,The Solar Wheat Sifter,6,9,wheat field harvest,52.0,0.4,3,1,youtube_suggest,2026-08-28 14:34:54.455243
12,The Solar Wheat Sifter,6,10,wheat field painting,52.0,0.4,3,1,youtube_suggest,2026-08-28 14:34:54.455243
12,The Solar Wheat Sifter,6,11,wheat field ambience,52.0,0.4,3,1,youtube_suggest,2026-08-28 14:34:54.455243
12,The Solar Wheat Sifter,6,12,wheat field acnh,52.0,0.4,3,1,youtube_suggest,2026-08-28 14:34:54.455243
12,The Solar Wheat Sifter,6,13,wheat field asmr,52.0,0.4,3,1,youtube_suggest,2026-08-28 14:34:54.455243
12,The Solar Wheat Sifter,6,14,wheat field ambient,52.0,0.4,3,1,youtube_suggest,2026-08-28 14:34:54.455243
12,The Solar Wheat Sifter,6,15,wheat field background,52.0,0.4,3,1,youtube_suggest,2026-08-28 14:34:54.455243
12,The Solar Wheat Sifter,6,16,wheat field cinematic,52.0,0.4,3,1,youtube_suggest,2026-08-28 14:34:54.455243
12,The Solar Wheat Sifter,6,17,wheat field diorama,52.0,0.4,3,1,youtube_suggest,2026-08-28 14:34:54.455243
12,The Solar Wheat Sifter,6,18,wheat dove field,52.0,0.4,3,1,youtube_suggest,2026-08-28 14:34:54.455243
12,The Solar Wheat Sifter,6,19,wheat field fire,52.0,0.4,3,1,youtube_suggest,2026-08-28 14:34:54.455243
12,The Solar Wheat Sifter,6,20,wheat field footage,52.0,0.4,3,1,youtube_suggest,2026-08-28 14:34:54.455243
12,The Solar Wheat Sifter,6,21,wheat field gladiator,52.0,0.4,3,1,youtube_suggest,2026-08-28 14:34:54.455243
12,The Solar Wheat Sifter,6,22,wheat field gettysburg,52.0,0.4,3,1,youtube_suggest,2026-08-28 14:34:54.455243
12,The Solar Wheat Sifter,6,23,wheat field girl,52.0,0.4,3,1,youtube_suggest,2026-08-28 14:34:54.455243
12,The Solar Wheat Sifter,6,24,wheat field van gogh,49.33,0.3333,4,1,youtube_suggest,2026-08-28 14:34:54.455243
12,The Solar Wheat Sifter,6,25,wheat field minecraft tutorial,49.33,0.3333,4,1,youtube_suggest,2026-08-28 14:34:54.455243
12,The Solar Wheat Sifter,6,26,wheat field animal crossing,49.33,0.3333,4,1,youtube_suggest,2026-08-28 14:34:54.455243
12,The Solar Wheat Sifter,6,27,wheat field acrylic painting,49.33,0.3333,4,1,youtube_suggest,2026-08-28 14:34:54.455243
12,The Solar Wheat Sifter,6,28,wheat field alan walker,49.33,0.3333,4,1,youtube_suggest,2026-08-28 14:34:54.455243
12,The Solar Wheat Sifter,6,29,wheat field background loop,49.33,0.3333,4,1,youtube_suggest,2026-08-28 14:34:54.455243
12,The Solar Wheat Sifter,6,30,wheat field chinese song,49.33,0.3333,4,1,youtube_suggest,2026-08-28 14:34:54.455243
12,The Solar Wheat Sifter,6,31,wheat field drone shot,49.33,0.3333,4,1,youtube_suggest,2026-08-28 14:34:54.455243
12,The Solar Wheat Sifter,6,32,minecraft wheat field design,49.33,0.3333,4,1,youtube_suggest,2026-08-28 14:34:54.470799
12,The Solar Wheat Sifter,6,33,wheat field sound effect,49.33,0.3333,4,1,youtube_suggest,2026-08-28 14:34:54.470799
12,The Solar Wheat Sifter,6,34,wheat field stock footage,49.33,0.3333,4,1,youtube_suggest,2026-08-28 14:34:54.470799
12,The Solar Wheat Sifter,6,35,wheat field girlfriend ost,49.33,0.3333,4,1,youtube_suggest,2026-08-28 14:34:54.470799
12,The Solar Wheat Sifter,6,36,wheat field green screen,49.33,0.3333,4,1,youtube_suggest,2026-08-28 14:34:54.470799
12,The Solar Wheat Sifter,6,37,wheat field genshin impact,49.33,0.3333,4,1,youtube_suggest,2026-08-28 14:34:54.470799
12,The Solar Wheat Sifter,6,38,wind over the wheat field female cover,47.5,0.25,7,1,youtube_suggest,2026-08-28 14:34:54.470799
12,The Solar Wheat Sifter,6,39,wheat field,45.0,0.5,2,0,youtube_suggest,2026-08-28 14:34:54.470799
12,The Solar Wheat Sifter,6,40,wheat field backpack type adjustable pesticide automatic sprayer,44.0,0.2,8,1,youtube_suggest,2026-08-28 14:34:54.470799
12,The Solar Wheat Sifter,6,41,wheat from farm to table,39.67,0.1667,5,1,youtube_suggest,2026-08-28 14:34:54.470799
12,The Solar Wheat Sifter,6,42,wheat farm create mod 1.21.1,38.0,0.1429,5,1,youtube_suggest,2026-08-28 14:34:54.470799
12,The Solar Wheat Sifter,6,43,wheat farm for minecraft bedrock,38.0,0.1429,5,1,youtube_suggest,2026-08-28 14:34:54.470799
12,The Solar Wheat Sifter,6,44,wheat farm for donut smp,38.0,0.1429,5,1,youtube_suggest,2026-08-28 14:34:54.470799
12,The Solar Wheat Sifter,6,45,wheat farm automatic 1.21,37.67,0.1667,4,1,youtube_suggest,2026-08-28 14:34:54.470799
12,The Solar Wheat Sifter,6,46,wheat farm design hypixel skyblock,36.75,0.125,5,1,youtube_suggest,2026-08-28 14:34:54.470799
12,The Solar Wheat Sifter,6,47,wheat farm garden hypixel skyblock,36.75,0.125,5,1,youtube_suggest,2026-08-28 14:34:54.470799
12,The Solar Wheat Sifter,6,48,wheat farm automatic minecraft,36.0,0.1429,4,1,youtube_suggest,2026-08-28 14:34:54.470799
12,The Solar Wheat Sifter,6,49,wheat farm block tycoon,36.0,0.1429,4,1,youtube_suggest,2026-08-28 14:34:54.476319
12,The Solar Wheat Sifter,6,50,wheat farm build minecraft,36.0,0.1429,4,1,youtube_suggest,2026-08-28 14:34:54.476319
12,The Solar Wheat Sifter,6,51,bone meal wheat farm,36.0,0.1429,4,1,youtube_suggest,2026-08-28 14:34:54.476856
12,The Solar Wheat Sifter,6,52,wheat farm create mod,36.0,0.1429,4,1,youtube_suggest,2026-08-28 14:34:54.476856
12,The Solar Wheat Sifter,6,53,wheat farm cubecraft skyblock,36.0,0.1429,4,1,youtube_suggest,2026-08-28 14:34:54.476856
12,The Solar Wheat Sifter,6,54,wheat crop farm minecraft,36.0,0.1429,4,1,youtube_suggest,2026-08-28 14:34:54.476856
12,The Solar Wheat Sifter,6,55,wheat farm design minecraft,36.0,0.1429,4,1,youtube_suggest,2026-08-28 14:34:54.476856
12,The Solar Wheat Sifter,6,56,wheat farm donut smp,36.0,0.1429,4,1,youtube_suggest,2026-08-28 14:34:54.476856
12,The Solar Wheat Sifter,6,57,wheat fields garth brooks,36.0,0.1429,4,1,youtube_suggest,2026-08-28 14:34:54.476856
12,The Solar Wheat Sifter,6,58,wheat farm machine minecraft,36.0,0.1429,4,1,youtube_suggest,2026-08-28 14:34:54.476856
12,The Solar Wheat Sifter,6,59,wheat farm automatic,35.67,0.1667,3,1,youtube_suggest,2026-08-28 14:34:54.476856
12,The Solar Wheat Sifter,6,60,wheat farm bedrock,35.67,0.1667,3,1,youtube_suggest,2026-08-28 14:34:54.476856
13,The Wheat Ocean Harvester,7,1,wheat field in the wind,56.0,0.4,5,1,youtube_suggest,2026-08-28 16:09:48.681973
13,The Wheat Ocean Harvester,7,2,wheat from field to flour,56.0,0.4,5,1,youtube_suggest,2026-08-28 16:09:48.683148
13,The Wheat Ocean Harvester,7,3,wheat field background video,54.0,0.4,4,1,youtube_suggest,2026-08-28 16:09:48.683681
13,The Wheat Ocean Harvester,7,4,wheat field blowing in the wind,53.33,0.3333,6,1,youtube_suggest,2026-08-28 16:09:48.683681
13,The Wheat Ocean Harvester,7,5,wheat field minecraft,52.0,0.4,3,1,youtube_suggest,2026-08-28 16:09:48.683681
13,The Wheat Ocean Harvester,7,6,wheat field drawing,52.0,0.4,3,1,youtube_suggest,2026-08-28 16:09:48.686098
13,The Wheat Ocean Harvester,7,7,wheat field sunset,52.0,0.4,3,1,youtube_suggest,2026-08-28 16:09:48.686098
13,The Wheat Ocean Harvester,7,8,wheat field blender,52.0,0.4,3,1,youtube_suggest,2026-08-28 16:09:48.686632
13,The Wheat Ocean Harvester,7,9,wheat field harvest,52.0,0.4,3,1,youtube_suggest,2026-08-28 16:09:48.686632
13,The Wheat Ocean Harvester,7,10,wheat field painting,52.0,0.4,3,1,youtube_suggest,2026-08-28 16:09:48.686632
13,The Wheat Ocean Harvester,7,11,wheat field ambience,52.0,0.4,3,1,youtube_suggest,2026-08-28 16:09:48.687632
13,The Wheat Ocean Harvester,7,12,wheat field acnh,52.0,0.4,3,1,youtube_suggest,2026-08-28 16:09:48.687632
13,The Wheat Ocean Harvester,7,13,wheat field asmr,52.0,0.4,3,1,youtube_suggest,2026-08-28 16:09:48.687632
13,The Wheat Ocean Harvester,7,14,wheat field ambient,52.0,0.4,3,1,youtube_suggest,2026-08-28 16:09:48.687632
13,The Wheat Ocean Harvester,7,15,wheat field background,52.0,0.4,3,1,youtube_suggest,2026-08-28 16:09:48.688633
13,The Wheat Ocean Harvester,7,16,wheat field cinematic,52.0,0.4,3,1,youtube_suggest,2026-08-28 16:09:48.688633
13,The Wheat Ocean Harvester,7,17,wheat field diorama,52.0,0.4,3,1,youtube_suggest,2026-08-28 16:09:48.688633
13,The Wheat Ocean Harvester,7,18,wheat dove field,52.0,0.4,3,1,youtube_suggest,2026-08-28 16:09:48.688633
13,The Wheat Ocean Harvester,7,19,wheat field fire,52.0,0.4,3,1,youtube_suggest,2026-08-28 16:09:48.689634
13,The Wheat Ocean Harvester,7,20,wheat field footage,52.0,0.4,3,1,youtube_suggest,2026-08-28 16:09:48.689634
13,The Wheat Ocean Harvester,7,21,wheat field gladiator,52.0,0.4,3,1,youtube_suggest,2026-08-28 16:09:48.689634
13,The Wheat Ocean Harvester,7,22,wheat field gettysburg,52.0,0.4,3,1,youtube_suggest,2026-08-28 16:09:48.689634
13,The Wheat Ocean Harvester,7,23,wheat field girl,52.0,0.4,3,1,youtube_suggest,2026-08-28 16:09:48.690633
13,The Wheat Ocean Harvester,7,24,wheat field van gogh,49.33,0.3333,4,1,youtube_suggest,2026-08-28 16:09:48.690633
13,The Wheat Ocean Harvester,7,25,wheat field minecraft tutorial,49.33,0.3333,4,1,youtube_suggest,2026-08-28 16:09:48.690633
13,The Wheat Ocean Harvester,7,26,wheat field animal crossing,49.33,0.3333,4,1,youtube_suggest,2026-08-28 16:09:48.690633
13,The Wheat Ocean Harvester,7,27,wheat field acrylic painting,49.33,0.3333,4,1,youtube_suggest,2026-08-28 16:09:48.690633
13,The Wheat Ocean Harvester,7,28,wheat field alan walker,49.33,0.3333,4,1,youtube_suggest,2026-08-28 16:09:48.691631
13,The Wheat Ocean Harvester,7,29,wheat field background loop,49.33,0.3333,4,1,youtube_suggest,2026-08-28 16:09:48.691631
13,The Wheat Ocean Harvester,7,30,wheat field chinese song,49.33,0.3333,4,1,youtube_suggest,2026-08-28 16:09:48.691631
13,The Wheat Ocean Harvester,7,31,wheat field drone shot,49.33,0.3333,4,1,youtube_suggest,2026-08-28 16:09:48.691631
13,The Wheat Ocean Harvester,7,32,minecraft wheat field design,49.33,0.3333,4,1,youtube_suggest,2026-08-28 16:09:48.692630
13,The Wheat Ocean Harvester,7,33,wheat field sound effect,49.33,0.3333,4,1,youtube_suggest,2026-08-28 16:09:48.692630
13,The Wheat Ocean Harvester,7,34,wheat field stock footage,49.33,0.3333,4,1,youtube_suggest,2026-08-28 16:09:48.692630
13,The Wheat Ocean Harvester,7,35,wheat field girlfriend ost,49.33,0.3333,4,1,youtube_suggest,2026-08-28 16:09:48.692630
13,The Wheat Ocean Harvester,7,36,wheat field green screen,49.33,0.3333,4,1,youtube_suggest,2026-08-28 16:09:48.693632
13,The Wheat Ocean Harvester,7,37,wheat field genshin impact,49.33,0.3333,4,1,youtube_suggest,2026-08-28 16:09:48.693632
13,The Wheat Ocean Harvester,7,38,wind over the wheat field female cover,47.5,0.25,7,1,youtube_suggest,2026-08-28 16:09:48.693632
13,The Wheat Ocean Harvester,7,39,wheat field,45.0,0.5,2,0,youtube_suggest,2026-08-28 16:09:48.693632
13,The Wheat Ocean Harvester,7,40,wheat field backpack type adjustable pesticide automatic sprayer,44.0,0.2,8,1,youtube_suggest,2026-08-28 16:09:48.694633
13,The Wheat Ocean Harvester,7,41,wheat from farm to table,39.67,0.1667,5,1,youtube_suggest,2026-08-28 16:09:48.694633
13,The Wheat Ocean Harvester,7,42,wheat farm create mod 1.21.1,38.0,0.1429,5,1,youtube_suggest,2026-08-28 16:09:48.694633
13,The Wheat Ocean Harvester,7,43,wheat farm for minecraft bedrock,38.0,0.1429,5,1,youtube_suggest,2026-08-28 16:09:48.694633
13,The Wheat Ocean Harvester,7,44,wheat farm for donut smp,38.0,0.1429,5,1,youtube_suggest,2026-08-28 16:09:48.694633
13,The Wheat Ocean Harvester,7,45,wheat farm automatic 1.21,37.67,0.1667,4,1,youtube_suggest,2026-08-28 16:09:48.695631
13,The Wheat Ocean Harvester,7,46,wheat farm design hypixel skyblock,36.75,0.125,5,1,youtube_suggest,2026-08-28 16:09:48.695631
13,The Wheat Ocean Harvester,7,47,wheat farm garden hypixel skyblock,36.75,0.125,5,1,youtube_suggest,2026-08-28 16:09:48.695631
13,The Wheat Ocean Harvester,7,48,wheat farm machine minecraft,36.0,0.1429,4,1,youtube_suggest,2026-08-28 16:09:48.695631
13,The Wheat Ocean Harvester,7,49,wheat farm automatic minecraft,36.0,0.1429,4,1,youtube_suggest,2026-08-28 16:09:48.696631
13,The Wheat Ocean Harvester,7,50,wheat farm block tycoon,36.0,0.1429,4,1,youtube_suggest,2026-08-28 16:09:48.696631
13,The Wheat Ocean Harvester,7,51,wheat farm build minecraft,36.0,0.1429,4,1,youtube_suggest,2026-08-28 16:09:48.696631
13,The Wheat Ocean Harvester,7,52,bone meal wheat farm,36.0,0.1429,4,1,youtube_suggest,2026-08-28 16:09:48.696631
13,The Wheat Ocean Harvester,7,53,wheat farm create mod,36.0,0.1429,4,1,youtube_suggest,2026-08-28 16:09:48.697632
13,The Wheat Ocean Harvester,7,54,wheat farm cubecraft skyblock,36.0,0.1429,4,1,youtube_suggest,2026-08-28 16:09:48.697632
13,The Wheat Ocean Harvester,7,55,wheat crop farm minecraft,36.0,0.1429,4,1,youtube_suggest,2026-08-28 16:09:48.697632
13,The Wheat Ocean Harvester,7,56,wheat farm design minecraft,36.0,0.1429,4,1,youtube_suggest,2026-08-28 16:09:48.697632
13,The Wheat Ocean Harvester,7,57,wheat farm donut smp,36.0,0.1429,4,1,youtube_suggest,2026-08-28 16:09:48.698630
13,The Wheat Ocean Harvester,7,58,wheat fields garth brooks,36.0,0.1429,4,1,youtube_suggest,2026-08-28 16:09:48.698630
13,The Wheat Ocean Harvester,7,59,wheat farm automatic,35.67,0.1667,3,1,youtube_suggest,2026-08-28 16:09:48.698630
13,The Wheat Ocean Harvester,7,60,wheat farm bedrock,35.67,0.1667,3,1,youtube_suggest,2026-08-28 16:09:48.698630
14,Titan Sunwheel Irrigator,14,1,wheat field in the wind,51.33,0.3333,5,1,youtube_suggest,2026-09-01 13:42:04.379526
14,Titan Sunwheel Irrigator,14,2,wheat from field to flour,51.33,0.3333,5,1,youtube_suggest,2026-09-01 13:42:04.379526
14,Titan Sunwheel Irrigator,14,3,wheat field blowing in the wind,50.0,0.2857,6,1,youtube_suggest,2026-09-01 13:42:04.379526
14,Titan Sunwheel Irrigator,14,4,wheat field background video,49.33,0.3333,4,1,youtube_suggest,2026-09-01 13:42:04.379526
14,Titan Sunwheel Irrigator,14,5,wheat field minecraft,47.33,0.3333,3,1,youtube_suggest,2026-09-01 13:42:04.379526
14,Titan Sunwheel Irrigator,14,6,wheat field drawing,47.33,0.3333,3,1,youtube_suggest,2026-09-01 13:42:04.385968
14,Titan Sunwheel Irrigator,14,7,wheat field sunset,47.33,0.3333,3,1,youtube_suggest,2026-09-01 13:42:04.385968
14,Titan Sunwheel Irrigator,14,8,wheat field blender,47.33,0.3333,3,1,youtube_suggest,2026-09-01 13:42:04.385968
14,Titan Sunwheel Irrigator,14,9,wheat field harvest,47.33,0.3333,3,1,youtube_suggest,2026-09-01 13:42:04.385968
14,Titan Sunwheel Irrigator,14,10,wheat field painting,47.33,0.3333,3,1,youtube_suggest,2026-09-01 13:42:04.385968
14,Titan Sunwheel Irrigator,14,11,wheat field ambience,47.33,0.3333,3,1,youtube_suggest,2026-09-01 13:42:04.385968
14,Titan Sunwheel Irrigator,14,12,wheat field acnh,47.33,0.3333,3,1,youtube_suggest,2026-09-01 13:42:04.385968
14,Titan Sunwheel Irrigator,14,13,wheat field asmr,47.33,0.3333,3,1,youtube_suggest,2026-09-01 13:42:04.385968
14,Titan Sunwheel Irrigator,14,14,wheat field ambient,47.33,0.3333,3,1,youtube_suggest,2026-09-01 13:42:04.385968
14,Titan Sunwheel Irrigator,14,15,wheat field background,47.33,0.3333,3,1,youtube_suggest,2026-09-01 13:42:04.385968
14,Titan Sunwheel Irrigator,14,16,wheat field cinematic,47.33,0.3333,3,1,youtube_suggest,2026-09-01 13:42:04.388562
14,Titan Sunwheel Irrigator,14,17,wheat field diorama,47.33,0.3333,3,1,youtube_suggest,2026-09-01 13:42:04.388562
14,Titan Sunwheel Irrigator,14,18,wheat dove field,47.33,0.3333,3,1,youtube_suggest,2026-09-01 13:42:04.389106
14,Titan Sunwheel Irrigator,14,19,wheat field fire,47.33,0.3333,3,1,youtube_suggest,2026-09-01 13:42:04.389106
14,Titan Sunwheel Irrigator,14,20,wheat field footage,47.33,0.3333,3,1,youtube_suggest,2026-09-01 13:42:04.389106
14,Titan Sunwheel Irrigator,14,21,wheat field gladiator,47.33,0.3333,3,1,youtube_suggest,2026-09-01 13:42:04.389106
14,Titan Sunwheel Irrigator,14,22,wheat field gettysburg,47.33,0.3333,3,1,youtube_suggest,2026-09-01 13:42:04.389106
14,Titan Sunwheel Irrigator,14,23,wheat field girl,47.33,0.3333,3,1,youtube_suggest,2026-09-01 13:42:04.389106
14,Titan Sunwheel Irrigator,14,24,wheat field van gogh,46.0,0.2857,4,1,youtube_suggest,2026-09-01 13:42:04.389106
14,Titan Sunwheel Irrigator,14,25,wheat field minecraft tutorial,46.0,0.2857,4,1,youtube_suggest,2026-09-01 13:42:04.389106
14,Titan Sunwheel Irrigator,14,26,wheat field animal crossing,46.0,0.2857,4,1,youtube_suggest,2026-09-01 13:42:04.389106
14,Titan Sunwheel Irrigator,14,27,wheat field acrylic painting,46.0,0.2857,4,1,youtube_suggest,2026-09-01 13:42:04.389106
14,Titan Sunwheel Irrigator,14,28,wheat field alan walker,46.0,0.2857,4,1,youtube_suggest,2026-09-01 13:42:04.389106
14,Titan Sunwheel Irrigator,14,29,wheat field background loop,46.0,0.2857,4,1,youtube_suggest,2026-09-01 13:42:04.389106
14,Titan Sunwheel Irrigator,14,30,wheat field chinese song,46.0,0.2857,4,1,youtube_suggest,2026-09-01 13:42:04.389106
14,Titan Sunwheel Irrigator,14,31,wheat field drone shot,46.0,0.2857,4,1,youtube_suggest,2026-09-01 13:42:04.389106
14,Titan Sunwheel Irrigator,14,32,minecraft wheat field design,46.0,0.2857,4,1,youtube_suggest,2026-09-01 13:42:04.389106
14,Titan Sunwheel Irrigator,14,33,wheat field sound effect,46.0,0.2857,4,1,youtube_suggest,2026-09-01 13:42:04.389106
14,Titan Sunwheel Irrigator,14,34,wheat field stock footage,46.0,0.2857,4,1,youtube_suggest,2026-09-01 13:42:04.389106
14,Titan Sunwheel Irrigator,14,35,wheat field girlfriend ost,46.0,0.2857,4,1,youtube_suggest,2026-09-01 13:42:04.389106
14,Titan Sunwheel Irrigator,14,36,wheat field green screen,46.0,0.2857,4,1,youtube_suggest,2026-09-01 13:42:04.389106
14,Titan Sunwheel Irrigator,14,37,wheat field genshin impact,46.0,0.2857,4,1,youtube_suggest,2026-09-01 13:42:04.389106
14,Titan Sunwheel Irrigator,14,38,wind over the wheat field female cover,45.56,0.2222,7,1,youtube_suggest,2026-09-01 13:42:04.389106
14,Titan Sunwheel Irrigator,14,39,wheat field backpack type adjustable pesticide automatic sprayer,42.73,0.1818,8,1,youtube_suggest,2026-09-01 13:42:04.389106
14,Titan Sunwheel Irrigator,14,40,wheat field,38.0,0.4,2,0,youtube_suggest,2026-09-01 13:42:04.389106
14,Titan Sunwheel Irrigator,14,41,wheat from farm to table,38.0,0.1429,5,1,youtube_suggest,2026-09-01 13:42:04.397743
14,Titan Sunwheel Irrigator,14,42,wheat farm create mod 1.21.1,36.75,0.125,5,1,youtube_suggest,2026-09-01 13:42:04.397743
14,Titan Sunwheel Irrigator,14,43,wheat farm for minecraft bedrock,36.75,0.125,5,1,youtube_suggest,2026-09-01 13:42:04.404418
14,Titan Sunwheel Irrigator,14,44,wheat farm for donut smp,36.75,0.125,5,1,youtube_suggest,2026-09-01 13:42:04.406149
14,Titan Sunwheel Irrigator,14,45,wheat farm automatic 1.21,36.0,0.1429,4,1,youtube_suggest,2026-09-01 13:42:04.406871
14,Titan Sunwheel Irrigator,14,46,wheat farm design hypixel skyblock,35.78,0.1111,5,1,youtube_suggest,2026-09-01 13:42:04.407450
14,Titan Sunwheel Irrigator,14,47,wheat farm garden hypixel skyblock,35.78,0.1111,5,1,youtube_suggest,2026-09-01 13:42:04.407450
14,Titan Sunwheel Irrigator,14,48,wheat farm machine minecraft,34.75,0.125,4,1,youtube_suggest,2026-09-01 13:42:04.409013
14,Titan Sunwheel Irrigator,14,49,wheat farm automatic minecraft,34.75,0.125,4,1,youtube_suggest,2026-09-01 13:42:04.409013
14,Titan Sunwheel Irrigator,14,50,wheat farm block tycoon,34.75,0.125,4,1,youtube_suggest,2026-09-01 13:42:04.411078
14,Titan Sunwheel Irrigator,14,51,wheat farm build minecraft,34.75,0.125,4,1,youtube_suggest,2026-09-01 13:42:04.411078
14,Titan Sunwheel Irrigator,14,52,bone meal wheat farm,34.75,0.125,4,1,youtube_suggest,2026-09-01 13:42:04.411078
14,Titan Sunwheel Irrigator,14,53,wheat farm create mod,34.75,0.125,4,1,youtube_suggest,2026-09-01 13:42:04.411078
14,Titan Sunwheel Irrigator,14,54,wheat farm cubecraft skyblock,34.75,0.125,4,1,youtube_suggest,2026-09-01 13:42:04.411078
14,Titan Sunwheel Irrigator,14,55,wheat crop farm minecraft,34.75,0.125,4,1,youtube_suggest,2026-09-01 13:42:04.411078
14,Titan Sunwheel Irrigator,14,56,wheat farm design minecraft,34.75,0.125,4,1,youtube_suggest,2026-09-01 13:42:04.411078
14,Titan Sunwheel Irrigator,14,57,wheat farm donut smp,34.75,0.125,4,1,youtube_suggest,2026-09-01 13:42:04.411078
14,Titan Sunwheel Irrigator,14,58,wheat fields garth brooks,34.75,0.125,4,1,youtube_suggest,2026-09-01 13:42:04.411078
14,Titan Sunwheel Irrigator,14,59,wheat farm automatic,34.0,0.1429,3,1,youtube_suggest,2026-09-01 13:42:04.411078
14,Titan Sunwheel Irrigator,14,60,wheat farm bedrock,34.0,0.1429,3,1,youtube_suggest,2026-09-01 13:42:04.416851
15,Wheat Field Weather Engine,15,1,wheat field in the wind,56.0,0.4,5,1,youtube_suggest,2026-09-01 13:43:09.782278
15,Wheat Field Weather Engine,15,2,wheat from field to flour,56.0,0.4,5,1,youtube_suggest,2026-09-01 13:43:09.782278
15,Wheat Field Weather Engine,15,3,wheat field background video,54.0,0.4,4,1,youtube_suggest,2026-09-01 13:43:09.782278
15,Wheat Field Weather Engine,15,4,wheat field blowing in the wind,53.33,0.3333,6,1,youtube_suggest,2026-09-01 13:43:09.782278
15,Wheat Field Weather Engine,15,5,wheat field minecraft,52.0,0.4,3,1,youtube_suggest,2026-09-01 13:43:09.782278
15,Wheat Field Weather Engine,15,6,wheat field drawing,52.0,0.4,3,1,youtube_suggest,2026-09-01 13:43:09.782278
15,Wheat Field Weather Engine,15,7,wheat field sunset,52.0,0.4,3,1,youtube_suggest,2026-09-01 13:43:09.782278
15,Wheat Field Weather Engine,15,8,wheat field blender,52.0,0.4,3,1,youtube_suggest,2026-09-01 13:43:09.782278
15,Wheat Field Weather Engine,15,9,wheat field harvest,52.0,0.4,3,1,youtube_suggest,2026-09-01 13:43:09.786473
15,Wheat Field Weather Engine,15,10,wheat field painting,52.0,0.4,3,1,youtube_suggest,2026-09-01 13:43:09.786473
15,Wheat Field Weather Engine,15,11,wheat field ambience,52.0,0.4,3,1,youtube_suggest,2026-09-01 13:43:09.787006
15,Wheat Field Weather Engine,15,12,wheat field acnh,52.0,0.4,3,1,youtube_suggest,2026-09-01 13:43:09.787530
15,Wheat Field Weather Engine,15,13,wheat field asmr,52.0,0.4,3,1,youtube_suggest,2026-09-01 13:43:09.787530
15,Wheat Field Weather Engine,15,14,wheat field ambient,52.0,0.4,3,1,youtube_suggest,2026-09-01 13:43:09.788054
15,Wheat Field Weather Engine,15,15,wheat field background,52.0,0.4,3,1,youtube_suggest,2026-09-01 13:43:09.788054
15,Wheat Field Weather Engine,15,16,wheat field cinematic,52.0,0.4,3,1,youtube_suggest,2026-09-01 13:43:09.788054
15,Wheat Field Weather Engine,15,17,wheat field diorama,52.0,0.4,3,1,youtube_suggest,2026-09-01 13:43:09.788054
15,Wheat Field Weather Engine,15,18,wheat dove field,52.0,0.4,3,1,youtube_suggest,2026-09-01 13:43:09.788054
15,Wheat Field Weather Engine,15,19,wheat field fire,52.0,0.4,3,1,youtube_suggest,2026-09-01 13:43:09.788054
15,Wheat Field Weather Engine,15,20,wheat field footage,52.0,0.4,3,1,youtube_suggest,2026-09-01 13:43:09.788054
15,Wheat Field Weather Engine,15,21,wheat field gladiator,52.0,0.4,3,1,youtube_suggest,2026-09-01 13:43:09.788054
15,Wheat Field Weather Engine,15,22,wheat field gettysburg,52.0,0.4,3,1,youtube_suggest,2026-09-01 13:43:09.788054
15,Wheat Field Weather Engine,15,23,wheat field girl,52.0,0.4,3,1,youtube_suggest,2026-09-01 13:43:09.788054
15,Wheat Field Weather Engine,15,24,wheat field van gogh,49.33,0.3333,4,1,youtube_suggest,2026-09-01 13:43:09.788054
15,Wheat Field Weather Engine,15,25,wheat field minecraft tutorial,49.33,0.3333,4,1,youtube_suggest,2026-09-01 13:43:09.788054
15,Wheat Field Weather Engine,15,26,wheat field animal crossing,49.33,0.3333,4,1,youtube_suggest,2026-09-01 13:43:09.788054
15,Wheat Field Weather Engine,15,27,wheat field acrylic painting,49.33,0.3333,4,1,youtube_suggest,2026-09-01 13:43:09.788054
15,Wheat Field Weather Engine,15,28,wheat field alan walker,49.33,0.3333,4,1,youtube_suggest,2026-09-01 13:43:09.788054
15,Wheat Field Weather Engine,15,29,wheat field background loop,49.33,0.3333,4,1,youtube_suggest,2026-09-01 13:43:09.788054
15,Wheat Field Weather Engine,15,30,wheat field chinese song,49.33,0.3333,4,1,youtube_suggest,2026-09-01 13:43:09.788054
15,Wheat Field Weather Engine,15,31,wheat field drone shot,49.33,0.3333,4,1,youtube_suggest,2026-09-01 13:43:09.788054
15,Wheat Field Weather Engine,15,32,minecraft wheat field design,49.33,0.3333,4,1,youtube_suggest,2026-09-01 13:43:09.788054
15,Wheat Field Weather Engine,15,33,wheat field sound effect,49.33,0.3333,4,1,youtube_suggest,2026-09-01 13:43:09.788054
15,Wheat Field Weather Engine,15,34,wheat field stock footage,49.33,0.3333,4,1,youtube_suggest,2026-09-01 13:43:09.788054
15,Wheat Field Weather Engine,15,35,wheat field girlfriend ost,49.33,0.3333,4,1,youtube_suggest,2026-09-01 13:43:09.788054
15,Wheat Field Weather Engine,15,36,wheat field green screen,49.33,0.3333,4,1,youtube_suggest,2026-09-01 13:43:09.788054
15,Wheat Field Weather Engine,15,37,wheat field genshin impact,49.33,0.3333,4,1,youtube_suggest,2026-09-01 13:43:09.788054
15,Wheat Field Weather Engine,15,38,wind over the wheat field female cover,47.5,0.25,7,1,youtube_suggest,2026-09-01 13:43:09.788054
15,Wheat Field Weather Engine,15,39,wheat field,45.0,0.5,2,0,youtube_suggest,2026-09-01 13:43:09.788054
15,Wheat Field Weather Engine,15,40,wheat field backpack type adjustable pesticide automatic sprayer,44.0,0.2,8,1,youtube_suggest,2026-09-01 13:43:09.788054
15,Wheat Field Weather Engine,15,41,wheat from farm to table,39.67,0.1667,5,1,youtube_suggest,2026-09-01 13:43:09.788054
15,Wheat Field Weather Engine,15,42,wheat farm create mod 1.21.1,38.0,0.1429,5,1,youtube_suggest,2026-09-01 13:43:09.788054
15,Wheat Field Weather Engine,15,43,wheat farm for minecraft bedrock,38.0,0.1429,5,1,youtube_suggest,2026-09-01 13:43:09.788054
15,Wheat Field Weather Engine,15,44,wheat farm for donut smp,38.0,0.1429,5,1,youtube_suggest,2026-09-01 13:43:09.788054
15,Wheat Field Weather Engine,15,45,wheat farm automatic 1.21,37.67,0.1667,4,1,youtube_suggest,2026-09-01 13:43:09.788054
15,Wheat Field Weather Engine,15,46,wheat farm design hypixel skyblock,36.75,0.125,5,1,youtube_suggest,2026-09-01 13:43:09.788054
15,Wheat Field Weather Engine,15,47,wheat farm garden hypixel skyblock,36.75,0.125,5,1,youtube_suggest,2026-09-01 13:43:09.793626
15,Wheat Field Weather Engine,15,48,wheat farm automatic minecraft,36.0,0.1429,4,1,youtube_suggest,2026-09-01 13:43:09.793626
15,Wheat Field Weather Engine,15,49,wheat farm block tycoon,36.0,0.1429,4,1,youtube_suggest,2026-09-01 13:43:09.794162
15,Wheat Field Weather Engine,15,50,wheat farm build minecraft,36.0,0.1429,4,1,youtube_suggest,2026-09-01 13:43:09.794162
15,Wheat Field Weather Engine,15,51,bone meal wheat farm,36.0,0.1429,4,1,youtube_suggest,2026-09-01 13:43:09.794162
15,Wheat Field Weather Engine,15,52,wheat farm create mod,36.0,0.1429,4,1,youtube_suggest,2026-09-01 13:43:09.794162
15,Wheat Field Weather Engine,15,53,wheat farm cubecraft skyblock,36.0,0.1429,4,1,youtube_suggest,2026-09-01 13:43:09.794162
15,Wheat Field Weather Engine,15,54,wheat crop farm minecraft,36.0,0.1429,4,1,youtube_suggest,2026-09-01 13:43:09.795689
15,Wheat Field Weather Engine,15,55,wheat farm design minecraft,36.0,0.1429,4,1,youtube_suggest,2026-09-01 13:43:09.795689
15,Wheat Field Weather Engine,15,56,wheat farm donut smp,36.0,0.1429,4,1,youtube_suggest,2026-09-01 13:43:09.795689
15,Wheat Field Weather Engine,15,57,wheat fields garth brooks,36.0,0.1429,4,1,youtube_suggest,2026-09-01 13:43:09.795689
15,Wheat Field Weather Engine,15,58,wheat farm machine minecraft,36.0,0.1429,4,1,youtube_suggest,2026-09-01 13:43:09.796842
15,Wheat Field Weather Engine,15,59,wheat farm automatic,35.67,0.1667,3,1,youtube_suggest,2026-09-01 13:43:09.796842
15,Wheat Field Weather Engine,15,60,wheat farm bedrock,35.67,0.1667,3,1,youtube_suggest,2026-09-01 13:43:09.796842
16,The Infinite Furrow Walker,16,1,wheat field alan walker,61.0,0.5,4,1,youtube_suggest,2026-09-01 13:43:43.155612
16,The Infinite Furrow Walker,16,2,wheat field in the wind,51.33,0.3333,5,1,youtube_suggest,2026-09-01 13:43:43.155612
16,The Infinite Furrow Walker,16,3,wheat from field to flour,51.33,0.3333,5,1,youtube_suggest,2026-09-01 13:43:43.155612
16,The Infinite Furrow Walker,16,4,wheat field blowing in the wind,50.0,0.2857,6,1,youtube_suggest,2026-09-01 13:43:43.155612
16,The Infinite Furrow Walker,16,5,wheat field background video,49.33,0.3333,4,1,youtube_suggest,2026-09-01 13:43:43.155612
16,The Infinite Furrow Walker,16,6,wheat field minecraft,47.33,0.3333,3,1,youtube_suggest,2026-09-01 13:43:43.155612
16,The Infinite Furrow Walker,16,7,wheat field drawing,47.33,0.3333,3,1,youtube_suggest,2026-09-01 13:43:43.155612
16,The Infinite Furrow Walker,16,8,wheat field sunset,47.33,0.3333,3,1,youtube_suggest,2026-09-01 13:43:43.155612
16,The Infinite Furrow Walker,16,9,wheat field blender,47.33,0.3333,3,1,youtube_suggest,2026-09-01 13:43:43.155612
16,The Infinite Furrow Walker,16,10,wheat field harvest,47.33,0.3333,3,1,youtube_suggest,2026-09-01 13:43:43.155612
16,The Infinite Furrow Walker,16,11,wheat field painting,47.33,0.3333,3,1,youtube_suggest,2026-09-01 13:43:43.155612
16,The Infinite Furrow Walker,16,12,wheat field ambience,47.33,0.3333,3,1,youtube_suggest,2026-09-01 13:43:43.155612
16,The Infinite Furrow Walker,16,13,wheat field acnh,47.33,0.3333,3,1,youtube_suggest,2026-09-01 13:43:43.155612
16,The Infinite Furrow Walker,16,14,wheat field asmr,47.33,0.3333,3,1,youtube_suggest,2026-09-01 13:43:43.155612
16,The Infinite Furrow Walker,16,15,wheat field ambient,47.33,0.3333,3,1,youtube_suggest,2026-09-01 13:43:43.155612
16,The Infinite Furrow Walker,16,16,wheat field background,47.33,0.3333,3,1,youtube_suggest,2026-09-01 13:43:43.155612
16,The Infinite Furrow Walker,16,17,wheat field cinematic,47.33,0.3333,3,1,youtube_suggest,2026-09-01 13:43:43.155612
16,The Infinite Furrow Walker,16,18,wheat field diorama,47.33,0.3333,3,1,youtube_suggest,2026-09-01 13:43:43.165637
16,The Infinite Furrow Walker,16,19,wheat dove field,47.33,0.3333,3,1,youtube_suggest,2026-09-01 13:43:43.165637
16,The Infinite Furrow Walker,16,20,wheat field fire,47.33,0.3333,3,1,youtube_suggest,2026-09-01 13:43:43.165637
16,The Infinite Furrow Walker,16,21,wheat field footage,47.33,0.3333,3,1,youtube_suggest,2026-09-01 13:43:43.165637
16,The Infinite Furrow Walker,16,22,wheat field gladiator,47.33,0.3333,3,1,youtube_suggest,2026-09-01 13:43:43.165637
16,The Infinite Furrow Walker,16,23,wheat field gettysburg,47.33,0.3333,3,1,youtube_suggest,2026-09-01 13:43:43.165637
16,The Infinite Furrow Walker,16,24,wheat field girl,47.33,0.3333,3,1,youtube_suggest,2026-09-01 13:43:43.165637
16,The Infinite Furrow Walker,16,25,wheat field van gogh,46.0,0.2857,4,1,youtube_suggest,2026-09-01 13:43:43.165637
16,The Infinite Furrow Walker,16,26,wheat field minecraft tutorial,46.0,0.2857,4,1,youtube_suggest,2026-09-01 13:43:43.165637
16,The Infinite Furrow Walker,16,27,wheat field animal crossing,46.0,0.2857,4,1,youtube_suggest,2026-09-01 13:43:43.165637
16,The Infinite Furrow Walker,16,28,wheat field acrylic painting,46.0,0.2857,4,1,youtube_suggest,2026-09-01 13:43:43.165637
16,The Infinite Furrow Walker,16,29,wheat field background loop,46.0,0.2857,4,1,youtube_suggest,2026-09-01 13:43:43.165637
16,The Infinite Furrow Walker,16,30,wheat field chinese song,46.0,0.2857,4,1,youtube_suggest,2026-09-01 13:43:43.165637
16,The Infinite Furrow Walker,16,31,wheat field drone shot,46.0,0.2857,4,1,youtube_suggest,2026-09-01 13:43:43.165637
16,The Infinite Furrow Walker,16,32,minecraft wheat field design,46.0,0.2857,4,1,youtube_suggest,2026-09-01 13:43:43.165637
16,The Infinite Furrow Walker,16,33,wheat field sound effect,46.0,0.2857,4,1,youtube_suggest,2026-09-01 13:43:43.165637
16,The Infinite Furrow Walker,16,34,wheat field stock footage,46.0,0.2857,4,1,youtube_suggest,2026-09-01 13:43:43.165637
16,The Infinite Furrow Walker,16,35,wheat field girlfriend ost,46.0,0.2857,4,1,youtube_suggest,2026-09-01 13:43:43.165637
16,The Infinite Furrow Walker,16,36,wheat field green screen,46.0,0.2857,4,1,youtube_suggest,2026-09-01 13:43:43.165637
16,The Infinite Furrow Walker,16,37,wheat field genshin impact,46.0,0.2857,4,1,youtube_suggest,2026-09-01 13:43:43.165637
16,The Infinite Furrow Walker,16,38,wind over the wheat field female cover,45.56,0.2222,7,1,youtube_suggest,2026-09-01 13:43:43.165637
16,The Infinite Furrow Walker,16,39,wheat field backpack type adjustable pesticide automatic sprayer,42.73,0.1818,8,1,youtube_suggest,2026-09-01 13:43:43.165637
16,The Infinite Furrow Walker,16,40,wheat field,38.0,0.4,2,0,youtube_suggest,2026-09-01 13:43:43.165637
16,The Infinite Furrow Walker,16,41,wheat from farm to table,38.0,0.1429,5,1,youtube_suggest,2026-09-01 13:43:43.165637
16,The Infinite Furrow Walker,16,42,wheat farm create mod 1.21.1,36.75,0.125,5,1,youtube_suggest,2026-09-01 13:43:43.165637
16,The Infinite Furrow Walker,16,43,wheat farm for minecraft bedrock,36.75,0.125,5,1,youtube_suggest,2026-09-01 13:43:43.165637
16,The Infinite Furrow Walker,16,44,wheat farm for donut smp,36.75,0.125,5,1,youtube_suggest,2026-09-01 13:43:43.165637
16,The Infinite Furrow Walker,16,45,wheat farm automatic 1.21,36.0,0.1429,4,1,youtube_suggest,2026-09-01 13:43:43.165637
16,The Infinite Furrow Walker,16,46,wheat farm design hypixel skyblock,35.78,0.1111,5,1,youtube_suggest,2026-09-01 13:43:43.165637
16,The Infinite Furrow Walker,16,47,wheat farm garden hypixel skyblock,35.78,0.1111,5,1,youtube_suggest,2026-09-01 13:43:43.165637
16,The Infinite Furrow Walker,16,48,wheat farm automatic minecraft,34.75,0.125,4,1,youtube_suggest,2026-09-01 13:43:43.165637
16,The Infinite Furrow Walker,16,49,wheat farm block tycoon,34.75,0.125,4,1,youtube_suggest,2026-09-01 13:43:43.165637
16,The Infinite Furrow Walker,16,50,wheat farm build minecraft,34.75,0.125,4,1,youtube_suggest,2026-09-01 13:43:43.165637
16,The Infinite Furrow Walker,16,51,bone meal wheat farm,34.75,0.125,4,1,youtube_suggest,2026-09-01 13:43:43.165637
16,The Infinite Furrow Walker,16,52,wheat farm create mod,34.75,0.125,4,1,youtube_suggest,2026-09-01 13:43:43.165637
16,The Infinite Furrow Walker,16,53,wheat farm cubecraft skyblock,34.75,0.125,4,1,youtube_suggest,2026-09-01 13:43:43.165637
16,The Infinite Furrow Walker,16,54,wheat crop farm minecraft,34.75,0.125,4,1,youtube_suggest,2026-09-01 13:43:43.165637
16,The Infinite Furrow Walker,16,55,wheat farm design minecraft,34.75,0.125,4,1,youtube_suggest,2026-09-01 13:43:43.165637
16,The Infinite Furrow Walker,16,56,wheat farm donut smp,34.75,0.125,4,1,youtube_suggest,2026-09-01 13:43:43.165637
16,The Infinite Furrow Walker,16,57,wheat fields garth brooks,34.75,0.125,4,1,youtube_suggest,2026-09-01 13:43:43.165637
16,The Infinite Furrow Walker,16,58,wheat farm machine minecraft,34.75,0.125,4,1,youtube_suggest,2026-09-01 13:43:43.165637
16,The Infinite Furrow Walker,16,59,wheat farm automatic,34.0,0.1429,3,1,youtube_suggest,2026-09-01 13:43:43.165637
16,The Infinite Furrow Walker,16,60,wheat farm bedrock,34.0,0.1429,3,1,youtube_suggest,2026-09-01 13:43:43.165637
17,Golden Grain Conveyor City,17,1,wheat field in the wind,48.0,0.2857,5,1,youtube_suggest,2026-09-01 13:44:17.931975
17,Golden Grain Conveyor City,17,2,wheat from field to flour,48.0,0.2857,5,1,youtube_suggest,2026-09-01 13:44:17.932565
17,Golden Grain Conveyor City,17,3,wheat field blowing in the wind,47.5,0.25,6,1,youtube_suggest,2026-09-01 13:44:17.933133
17,Golden Grain Conveyor City,17,4,wheat field background video,46.0,0.2857,4,1,youtube_suggest,2026-09-01 13:44:17.933133
17,Golden Grain Conveyor City,17,5,wheat field minecraft,44.0,0.2857,3,1,youtube_suggest,2026-09-01 13:44:17.933919
17,Golden Grain Conveyor City,17,6,wheat field drawing,44.0,0.2857,3,1,youtube_suggest,2026-09-01 13:44:17.934478
17,Golden Grain Conveyor City,17,7,wheat field sunset,44.0,0.2857,3,1,youtube_suggest,2026-09-01 13:44:17.934478
17,Golden Grain Conveyor City,17,8,wheat field blender,44.0,0.2857,3,1,youtube_suggest,2026-09-01 13:44:17.935137
17,Golden Grain Conveyor City,17,9,wheat field harvest,44.0,0.2857,3,1,youtube_suggest,2026-09-01 13:44:17.935137
17,Golden Grain Conveyor City,17,10,wheat field painting,44.0,0.2857,3,1,youtube_suggest,2026-09-01 13:44:17.935737
17,Golden Grain Conveyor City,17,11,wheat field ambience,44.0,0.2857,3,1,youtube_suggest,2026-09-01 13:44:17.936351
17,Golden Grain Conveyor City,17,12,wheat field acnh,44.0,0.2857,3,1,youtube_suggest,2026-09-01 13:44:17.936351
17,Golden Grain Conveyor City,17,13,wheat field asmr,44.0,0.2857,3,1,youtube_suggest,2026-09-01 13:44:17.936921
17,Golden Grain Conveyor City,17,14,wheat field ambient,44.0,0.2857,3,1,youtube_suggest,2026-09-01 13:44:17.936921
17,Golden Grain Conveyor City,17,15,wheat field background,44.0,0.2857,3,1,youtube_suggest,2026-09-01 13:44:17.937526
17,Golden Grain Conveyor City,17,16,wheat field cinematic,44.0,0.2857,3,1,youtube_suggest,2026-09-01 13:44:17.937526
17,Golden Grain Conveyor City,17,17,wheat field diorama,44.0,0.2857,3,1,youtube_suggest,2026-09-01 13:44:17.937526
17,Golden Grain Conveyor City,17,18,wheat dove field,44.0,0.2857,3,1,youtube_suggest,2026-09-01 13:44:17.938123
17,Golden Grain Conveyor City,17,19,wheat field fire,44.0,0.2857,3,1,youtube_suggest,2026-09-01 13:44:17.938699
17,Golden Grain Conveyor City,17,20,wheat field footage,44.0,0.2857,3,1,youtube_suggest,2026-09-01 13:44:17.938699
17,Golden Grain Conveyor City,17,21,wind over the wheat field female cover,44.0,0.2,7,1,youtube_suggest,2026-09-01 13:44:17.939264
17,Golden Grain Conveyor City,17,22,wheat field gladiator,44.0,0.2857,3,1,youtube_suggest,2026-09-01 13:44:17.939264
17,Golden Grain Conveyor City,17,23,wheat field gettysburg,44.0,0.2857,3,1,youtube_suggest,2026-09-01 13:44:17.939264
17,Golden Grain Conveyor City,17,24,wheat field girl,44.0,0.2857,3,1,youtube_suggest,2026-09-01 13:44:17.939264
17,Golden Grain Conveyor City,17,25,golden wheat farm,44.0,0.2857,3,1,youtube_suggest,2026-09-01 13:44:17.939782
17,Golden Grain Conveyor City,17,26,wheat field van gogh,43.5,0.25,4,1,youtube_suggest,2026-09-01 13:44:17.939782
17,Golden Grain Conveyor City,17,27,wheat field minecraft tutorial,43.5,0.25,4,1,youtube_suggest,2026-09-01 13:44:17.939782
17,Golden Grain Conveyor City,17,28,wheat field animal crossing,43.5,0.25,4,1,youtube_suggest,2026-09-01 13:44:17.940302
17,Golden Grain Conveyor City,17,29,wheat field acrylic painting,43.5,0.25,4,1,youtube_suggest,2026-09-01 13:44:17.940302
17,Golden Grain Conveyor City,17,30,wheat field alan walker,43.5,0.25,4,1,youtube_suggest,2026-09-01 13:44:17.940302
17,Golden Grain Conveyor City,17,31,wheat field background loop,43.5,0.25,4,1,youtube_suggest,2026-09-01 13:44:17.940844
17,Golden Grain Conveyor City,17,32,wheat field chinese song,43.5,0.25,4,1,youtube_suggest,2026-09-01 13:44:17.941063
17,Golden Grain Conveyor City,17,33,wheat field drone shot,43.5,0.25,4,1,youtube_suggest,2026-09-01 13:44:17.941627
17,Golden Grain Conveyor City,17,34,minecraft wheat field design,43.5,0.25,4,1,youtube_suggest,2026-09-01 13:44:17.941627
17,Golden Grain Conveyor City,17,35,wheat field sound effect,43.5,0.25,4,1,youtube_suggest,2026-09-01 13:44:17.942157
17,Golden Grain Conveyor City,17,36,wheat field stock footage,43.5,0.25,4,1,youtube_suggest,2026-09-01 13:44:17.942157
17,Golden Grain Conveyor City,17,37,wheat field girlfriend ost,43.5,0.25,4,1,youtube_suggest,2026-09-01 13:44:17.942157
17,Golden Grain Conveyor City,17,38,wheat field green screen,43.5,0.25,4,1,youtube_suggest,2026-09-01 13:44:17.942157
17,Golden Grain Conveyor City,17,39,wheat field genshin impact,43.5,0.25,4,1,youtube_suggest,2026-09-01 13:44:17.942157
17,Golden Grain Conveyor City,17,40,wheat field backpack type adjustable pesticide automatic sprayer,41.67,0.1667,8,1,youtube_suggest,2026-09-01 13:44:17.943162
17,Golden Grain Conveyor City,17,41,wheat from farm to table,36.75,0.125,5,1,youtube_suggest,2026-09-01 13:44:17.943162
17,Golden Grain Conveyor City,17,42,wheat farm create mod 1.21.1,35.78,0.1111,5,1,youtube_suggest,2026-09-01 13:44:17.943162
17,Golden Grain Conveyor City,17,43,wheat farm for minecraft bedrock,35.78,0.1111,5,1,youtube_suggest,2026-09-01 13:44:17.944154
17,Golden Grain Conveyor City,17,44,wheat farm for donut smp,35.78,0.1111,5,1,youtube_suggest,2026-09-01 13:44:17.945696
17,Golden Grain Conveyor City,17,45,wheat farm design hypixel skyblock,35.0,0.1,5,1,youtube_suggest,2026-09-01 13:44:17.945696
17,Golden Grain Conveyor City,17,46,wheat farm garden hypixel skyblock,35.0,0.1,5,1,youtube_suggest,2026-09-01 13:44:17.946697
17,Golden Grain Conveyor City,17,47,wheat farm automatic 1.21,34.75,0.125,4,1,youtube_suggest,2026-09-01 13:44:17.946697
17,Golden Grain Conveyor City,17,48,wheat farm automatic minecraft,33.78,0.1111,4,1,youtube_suggest,2026-09-01 13:44:17.946697
17,Golden Grain Conveyor City,17,49,wheat farm block tycoon,33.78,0.1111,4,1,youtube_suggest,2026-09-01 13:44:17.947696
17,Golden Grain Conveyor City,17,50,wheat farm build minecraft,33.78,0.1111,4,1,youtube_suggest,2026-09-01 13:44:17.948960
17,Golden Grain Conveyor City,17,51,bone meal wheat farm,33.78,0.1111,4,1,youtube_suggest,2026-09-01 13:44:17.949966
17,Golden Grain Conveyor City,17,52,wheat farm create mod,33.78,0.1111,4,1,youtube_suggest,2026-09-01 13:44:17.949966
17,Golden Grain Conveyor City,17,53,wheat farm cubecraft skyblock,33.78,0.1111,4,1,youtube_suggest,2026-09-01 13:44:17.949966
17,Golden Grain Conveyor City,17,54,wheat crop farm minecraft,33.78,0.1111,4,1,youtube_suggest,2026-09-01 13:44:17.949966
17,Golden Grain Conveyor City,17,55,wheat farm design minecraft,33.78,0.1111,4,1,youtube_suggest,2026-09-01 13:44:17.977172
17,Golden Grain Conveyor City,17,56,wheat farm donut smp,33.78,0.1111,4,1,youtube_suggest,2026-09-01 13:44:17.977688
17,Golden Grain Conveyor City,17,57,wheat fields garth brooks,33.78,0.1111,4,1,youtube_suggest,2026-09-01 13:44:17.977688
17,Golden Grain Conveyor City,17,58,wheat farm machine minecraft,33.78,0.1111,4,1,youtube_suggest,2026-09-01 13:44:17.977688
17,Golden Grain Conveyor City,17,59,wheat field,33.33,0.3333,2,0,youtube_suggest,2026-09-01 13:44:17.977688
17,Golden Grain Conveyor City,17,60,wheat farm automatic,32.75,0.125,3,1,youtube_suggest,2026-09-01 13:44:17.977688
18,Wheatfield Solar Crown,18,1,wheat field in the wind,51.33,0.3333,5,1,youtube_suggest,2026-09-01 13:44:54.509131
18,Wheatfield Solar Crown,18,2,wheat from field to flour,51.33,0.3333,5,1,youtube_suggest,2026-09-01 13:44:54.509131
18,Wheatfield Solar Crown,18,3,wheat field blowing in the wind,50.0,0.2857,6,1,youtube_suggest,2026-09-01 13:44:54.509131
18,Wheatfield Solar Crown,18,4,wheat field background video,49.33,0.3333,4,1,youtube_suggest,2026-09-01 13:44:54.509131
18,Wheatfield Solar Crown,18,5,wheat field minecraft,47.33,0.3333,3,1,youtube_suggest,2026-09-01 13:44:54.510125
18,Wheatfield Solar Crown,18,6,wheat field drawing,47.33,0.3333,3,1,youtube_suggest,2026-09-01 13:44:54.510125
18,Wheatfield Solar Crown,18,7,wheat field sunset,47.33,0.3333,3,1,youtube_suggest,2026-09-01 13:44:54.510125
18,Wheatfield Solar Crown,18,8,wheat field blender,47.33,0.3333,3,1,youtube_suggest,2026-09-01 13:44:54.510125
18,Wheatfield Solar Crown,18,9,wheat field harvest,47.33,0.3333,3,1,youtube_suggest,2026-09-01 13:44:54.511153
18,Wheatfield Solar Crown,18,10,wheat field painting,47.33,0.3333,3,1,youtube_suggest,2026-09-01 13:44:54.511153
18,Wheatfield Solar Crown,18,11,wheat field ambience,47.33,0.3333,3,1,youtube_suggest,2026-09-01 13:44:54.512273
18,Wheatfield Solar Crown,18,12,wheat field acnh,47.33,0.3333,3,1,youtube_suggest,2026-09-01 13:44:54.512747
18,Wheatfield Solar Crown,18,13,wheat field asmr,47.33,0.3333,3,1,youtube_suggest,2026-09-01 13:44:54.512810
18,Wheatfield Solar Crown,18,14,wheat field ambient,47.33,0.3333,3,1,youtube_suggest,2026-09-01 13:44:54.513348
18,Wheatfield Solar Crown,18,15,wheat field background,47.33,0.3333,3,1,youtube_suggest,2026-09-01 13:44:54.513348
18,Wheatfield Solar Crown,18,16,wheat field cinematic,47.33,0.3333,3,1,youtube_suggest,2026-09-01 13:44:54.513348
18,Wheatfield Solar Crown,18,17,wheat field diorama,47.33,0.3333,3,1,youtube_suggest,2026-09-01 13:44:54.513348
18,Wheatfield Solar Crown,18,18,wheat dove field,47.33,0.3333,3,1,youtube_suggest,2026-09-01 13:44:54.514348
18,Wheatfield Solar Crown,18,19,wheat field fire,47.33,0.3333,3,1,youtube_suggest,2026-09-01 13:44:54.514348
18,Wheatfield Solar Crown,18,20,wheat field footage,47.33,0.3333,3,1,youtube_suggest,2026-09-01 13:44:54.514348
18,Wheatfield Solar Crown,18,21,wheat field gladiator,47.33,0.3333,3,1,youtube_suggest,2026-09-01 13:44:54.514348
18,Wheatfield Solar Crown,18,22,wheat field gettysburg,47.33,0.3333,3,1,youtube_suggest,2026-09-01 13:44:54.515346
18,Wheatfield Solar Crown,18,23,wheat field girl,47.33,0.3333,3,1,youtube_suggest,2026-09-01 13:44:54.515346
18,Wheatfield Solar Crown,18,24,wheat field van gogh,46.0,0.2857,4,1,youtube_suggest,2026-09-01 13:44:54.515346
18,Wheatfield Solar Crown,18,25,wheat field minecraft tutorial,46.0,0.2857,4,1,youtube_suggest,2026-09-01 13:44:54.516367
18,Wheatfield Solar Crown,18,26,wheat field animal crossing,46.0,0.2857,4,1,youtube_suggest,2026-09-01 13:44:54.516367
18,Wheatfield Solar Crown,18,27,wheat field acrylic painting,46.0,0.2857,4,1,youtube_suggest,2026-09-01 13:44:54.516367
18,Wheatfield Solar Crown,18,28,wheat field alan walker,46.0,0.2857,4,1,youtube_suggest,2026-09-01 13:44:54.517372
18,Wheatfield Solar Crown,18,29,wheat field background loop,46.0,0.2857,4,1,youtube_suggest,2026-09-01 13:44:54.518348
18,Wheatfield Solar Crown,18,30,wheat field chinese song,46.0,0.2857,4,1,youtube_suggest,2026-09-01 13:44:54.518348
18,Wheatfield Solar Crown,18,31,wheat field drone shot,46.0,0.2857,4,1,youtube_suggest,2026-09-01 13:44:54.519373
18,Wheatfield Solar Crown,18,32,minecraft wheat field design,46.0,0.2857,4,1,youtube_suggest,2026-09-01 13:44:54.519373
18,Wheatfield Solar Crown,18,33,wheat field sound effect,46.0,0.2857,4,1,youtube_suggest,2026-09-01 13:44:54.520369
18,Wheatfield Solar Crown,18,34,wheat field stock footage,46.0,0.2857,4,1,youtube_suggest,2026-09-01 13:44:54.520369
18,Wheatfield Solar Crown,18,35,wheat field girlfriend ost,46.0,0.2857,4,1,youtube_suggest,2026-09-01 13:44:54.520369
18,Wheatfield Solar Crown,18,36,wheat field green screen,46.0,0.2857,4,1,youtube_suggest,2026-09-01 13:44:54.521374
18,Wheatfield Solar Crown,18,37,wheat field genshin impact,46.0,0.2857,4,1,youtube_suggest,2026-09-01 13:44:54.521374
18,Wheatfield Solar Crown,18,38,wind over the wheat field female cover,45.56,0.2222,7,1,youtube_suggest,2026-09-01 13:44:54.522349
18,Wheatfield Solar Crown,18,39,wheat field backpack type adjustable pesticide automatic sprayer,42.73,0.1818,8,1,youtube_suggest,2026-09-01 13:44:54.522349
18,Wheatfield Solar Crown,18,40,wheat field,38.0,0.4,2,0,youtube_suggest,2026-09-01 13:44:54.522349
18,Wheatfield Solar Crown,18,41,wheat from farm to table,38.0,0.1429,5,1,youtube_suggest,2026-09-01 13:44:54.522349
18,Wheatfield Solar Crown,18,42,wheat farm create mod 1.21.1,36.75,0.125,5,1,youtube_suggest,2026-09-01 13:44:54.523345
18,Wheatfield Solar Crown,18,43,wheat farm for minecraft bedrock,36.75,0.125,5,1,youtube_suggest,2026-09-01 13:44:54.523345
18,Wheatfield Solar Crown,18,44,wheat farm for donut smp,36.75,0.125,5,1,youtube_suggest,2026-09-01 13:44:54.523345
18,Wheatfield Solar Crown,18,45,wheat farm automatic 1.21,36.0,0.1429,4,1,youtube_suggest,2026-09-01 13:44:54.528699
18,Wheatfield Solar Crown,18,46,wheat farm design hypixel skyblock,35.78,0.1111,5,1,youtube_suggest,2026-09-01 13:44:54.528699
18,Wheatfield Solar Crown,18,47,wheat farm garden hypixel skyblock,35.78,0.1111,5,1,youtube_suggest,2026-09-01 13:44:54.529683
18,Wheatfield Solar Crown,18,48,wheatfield with cypresses,35.67,0.1667,3,1,youtube_suggest,2026-09-01 13:44:54.529683
18,Wheatfield Solar Crown,18,49,wheat farm automatic minecraft,34.75,0.125,4,1,youtube_suggest,2026-09-01 13:44:54.530679
18,Wheatfield Solar Crown,18,50,wheat farm block tycoon,34.75,0.125,4,1,youtube_suggest,2026-09-01 13:44:54.530679
18,Wheatfield Solar Crown,18,51,wheat farm build minecraft,34.75,0.125,4,1,youtube_suggest,2026-09-01 13:44:54.530679
18,Wheatfield Solar Crown,18,52,bone meal wheat farm,34.75,0.125,4,1,youtube_suggest,2026-09-01 13:44:54.531676
18,Wheatfield Solar Crown,18,53,wheat farm create mod,34.75,0.125,4,1,youtube_suggest,2026-09-01 13:44:54.531676
18,Wheatfield Solar Crown,18,54,wheat farm cubecraft skyblock,34.75,0.125,4,1,youtube_suggest,2026-09-01 13:44:54.531676
18,Wheatfield Solar Crown,18,55,wheat crop farm minecraft,34.75,0.125,4,1,youtube_suggest,2026-09-01 13:44:54.531676
18,Wheatfield Solar Crown,18,56,wheat farm design minecraft,34.75,0.125,4,1,youtube_suggest,2026-09-01 13:44:54.532685
18,Wheatfield Solar Crown,18,57,wheat farm donut smp,34.75,0.125,4,1,youtube_suggest,2026-09-01 13:44:54.532685
18,Wheatfield Solar Crown,18,58,wheat fields garth brooks,34.75,0.125,4,1,youtube_suggest,2026-09-01 13:44:54.533698
18,Wheatfield Solar Crown,18,59,wheat farm machine minecraft,34.75,0.125,4,1,youtube_suggest,2026-09-01 13:44:54.533698
18,Wheatfield Solar Crown,18,60,wheat farm automatic,34.0,0.1429,3,1,youtube_suggest,2026-09-01 13:44:54.534678
19,The Root Network Excavator,19,1,wheat field in the wind,51.33,0.3333,5,1,youtube_suggest,2026-09-01 13:45:31.373340
19,The Root Network Excavator,19,2,wheat from field to flour,51.33,0.3333,5,1,youtube_suggest,2026-09-01 13:45:31.373340
19,The Root Network Excavator,19,3,wheat field blowing in the wind,50.0,0.2857,6,1,youtube_suggest,2026-09-01 13:45:31.374378
19,The Root Network Excavator,19,4,wheat field background video,49.33,0.3333,4,1,youtube_suggest,2026-09-01 13:45:31.374378
19,The Root Network Excavator,19,5,wheat field minecraft,47.33,0.3333,3,1,youtube_suggest,2026-09-01 13:45:31.374378
19,The Root Network Excavator,19,6,wheat field drawing,47.33,0.3333,3,1,youtube_suggest,2026-09-01 13:45:31.375410
19,The Root Network Excavator,19,7,wheat field sunset,47.33,0.3333,3,1,youtube_suggest,2026-09-01 13:45:31.375410
19,The Root Network Excavator,19,8,wheat field blender,47.33,0.3333,3,1,youtube_suggest,2026-09-01 13:45:31.375410
19,The Root Network Excavator,19,9,wheat field harvest,47.33,0.3333,3,1,youtube_suggest,2026-09-01 13:45:31.375410
19,The Root Network Excavator,19,10,wheat field painting,47.33,0.3333,3,1,youtube_suggest,2026-09-01 13:45:31.376441
19,The Root Network Excavator,19,11,wheat field ambience,47.33,0.3333,3,1,youtube_suggest,2026-09-01 13:45:31.376441
19,The Root Network Excavator,19,12,wheat field acnh,47.33,0.3333,3,1,youtube_suggest,2026-09-01 13:45:31.376441
19,The Root Network Excavator,19,13,wheat field asmr,47.33,0.3333,3,1,youtube_suggest,2026-09-01 13:45:31.376441
19,The Root Network Excavator,19,14,wheat field ambient,47.33,0.3333,3,1,youtube_suggest,2026-09-01 13:45:31.377468
19,The Root Network Excavator,19,15,wheat field background,47.33,0.3333,3,1,youtube_suggest,2026-09-01 13:45:31.377468
19,The Root Network Excavator,19,16,wheat field cinematic,47.33,0.3333,3,1,youtube_suggest,2026-09-01 13:45:31.377468
19,The Root Network Excavator,19,17,wheat field diorama,47.33,0.3333,3,1,youtube_suggest,2026-09-01 13:45:31.378522
19,The Root Network Excavator,19,18,wheat dove field,47.33,0.3333,3,1,youtube_suggest,2026-09-01 13:45:31.378522
19,The Root Network Excavator,19,19,wheat field fire,47.33,0.3333,3,1,youtube_suggest,2026-09-01 13:45:31.379044
19,The Root Network Excavator,19,20,wheat field footage,47.33,0.3333,3,1,youtube_suggest,2026-09-01 13:45:31.379044
19,The Root Network Excavator,19,21,wheat field gladiator,47.33,0.3333,3,1,youtube_suggest,2026-09-01 13:45:31.379570
19,The Root Network Excavator,19,22,wheat field gettysburg,47.33,0.3333,3,1,youtube_suggest,2026-09-01 13:45:31.379570
19,The Root Network Excavator,19,23,wheat field girl,47.33,0.3333,3,1,youtube_suggest,2026-09-01 13:45:31.379570
19,The Root Network Excavator,19,24,wheat field van gogh,46.0,0.2857,4,1,youtube_suggest,2026-09-01 13:45:31.379570
19,The Root Network Excavator,19,25,wheat field minecraft tutorial,46.0,0.2857,4,1,youtube_suggest,2026-09-01 13:45:31.380597
19,The Root Network Excavator,19,26,wheat field animal crossing,46.0,0.2857,4,1,youtube_suggest,2026-09-01 13:45:31.380597
19,The Root Network Excavator,19,27,wheat field acrylic painting,46.0,0.2857,4,1,youtube_suggest,2026-09-01 13:45:31.380597
19,The Root Network Excavator,19,28,wheat field alan walker,46.0,0.2857,4,1,youtube_suggest,2026-09-01 13:45:31.380597
19,The Root Network Excavator,19,29,wheat field background loop,46.0,0.2857,4,1,youtube_suggest,2026-09-01 13:45:31.381619
19,The Root Network Excavator,19,30,wheat field chinese song,46.0,0.2857,4,1,youtube_suggest,2026-09-01 13:45:31.381619
19,The Root Network Excavator,19,31,wheat field drone shot,46.0,0.2857,4,1,youtube_suggest,2026-09-01 13:45:31.381619
19,The Root Network Excavator,19,32,minecraft wheat field design,46.0,0.2857,4,1,youtube_suggest,2026-09-01 13:45:31.381619
19,The Root Network Excavator,19,33,wheat field sound effect,46.0,0.2857,4,1,youtube_suggest,2026-09-01 13:45:31.382639
19,The Root Network Excavator,19,34,wheat field stock footage,46.0,0.2857,4,1,youtube_suggest,2026-09-01 13:45:31.382639
19,The Root Network Excavator,19,35,wheat field girlfriend ost,46.0,0.2857,4,1,youtube_suggest,2026-09-01 13:45:31.382639
19,The Root Network Excavator,19,36,wheat field green screen,46.0,0.2857,4,1,youtube_suggest,2026-09-01 13:45:31.383662
19,The Root Network Excavator,19,37,wheat field genshin impact,46.0,0.2857,4,1,youtube_suggest,2026-09-01 13:45:31.383662
19,The Root Network Excavator,19,38,wind over the wheat field female cover,45.56,0.2222,7,1,youtube_suggest,2026-09-01 13:45:31.383662
19,The Root Network Excavator,19,39,wheat field backpack type adjustable pesticide automatic sprayer,42.73,0.1818,8,1,youtube_suggest,2026-09-01 13:45:31.383662
19,The Root Network Excavator,19,40,wheat field,38.0,0.4,2,0,youtube_suggest,2026-09-01 13:45:31.384685
19,The Root Network Excavator,19,41,wheat from farm to table,38.0,0.1429,5,1,youtube_suggest,2026-09-01 13:45:31.384685
19,The Root Network Excavator,19,42,wheat farm create mod 1.21.1,36.75,0.125,5,1,youtube_suggest,2026-09-01 13:45:31.384685
19,The Root Network Excavator,19,43,wheat farm for minecraft bedrock,36.75,0.125,5,1,youtube_suggest,2026-09-01 13:45:31.384685
19,The Root Network Excavator,19,44,wheat farm for donut smp,36.75,0.125,5,1,youtube_suggest,2026-09-01 13:45:31.385708
19,The Root Network Excavator,19,45,wheat farm automatic 1.21,36.0,0.1429,4,1,youtube_suggest,2026-09-01 13:45:31.385708
19,The Root Network Excavator,19,46,wheat farm design hypixel skyblock,35.78,0.1111,5,1,youtube_suggest,2026-09-01 13:45:31.385708
19,The Root Network Excavator,19,47,wheat farm garden hypixel skyblock,35.78,0.1111,5,1,youtube_suggest,2026-09-01 13:45:31.385708
19,The Root Network Excavator,19,48,wheat farm automatic minecraft,34.75,0.125,4,1,youtube_suggest,2026-09-01 13:45:31.386745
19,The Root Network Excavator,19,49,wheat farm block tycoon,34.75,0.125,4,1,youtube_suggest,2026-09-01 13:45:31.386745
19,The Root Network Excavator,19,50,wheat farm build minecraft,34.75,0.125,4,1,youtube_suggest,2026-09-01 13:45:31.386745
19,The Root Network Excavator,19,51,bone meal wheat farm,34.75,0.125,4,1,youtube_suggest,2026-09-01 13:45:31.387773
19,The Root Network Excavator,19,52,wheat farm create mod,34.75,0.125,4,1,youtube_suggest,2026-09-01 13:45:31.387773
19,The Root Network Excavator,19,53,wheat farm cubecraft skyblock,34.75,0.125,4,1,youtube_suggest,2026-09-01 13:45:31.387773
19,The Root Network Excavator,19,54,wheat crop farm minecraft,34.75,0.125,4,1,youtube_suggest,2026-09-01 13:45:31.387773
19,The Root Network Excavator,19,55,wheat farm design minecraft,34.75,0.125,4,1,youtube_suggest,2026-09-01 13:45:31.388796
19,The Root Network Excavator,19,56,wheat farm donut smp,34.75,0.125,4,1,youtube_suggest,2026-09-01 13:45:31.388931
19,The Root Network Excavator,19,57,wheat fields garth brooks,34.75,0.125,4,1,youtube_suggest,2026-09-01 13:45:31.388931
19,The Root Network Excavator,19,58,wheat farm machine minecraft,34.75,0.125,4,1,youtube_suggest,2026-09-01 13:45:31.389452
19,The Root Network Excavator,19,59,wheat farm automatic,34.0,0.1429,3,1,youtube_suggest,2026-09-01 13:45:31.389452
19,The Root Network Excavator,19,60,wheat farm bedrock,34.0,0.1429,3,1,youtube_suggest,2026-09-01 13:45:31.389975
20,Wheat Sentinel Colossus,20,1,wheat field in the wind,56.0,0.4,5,1,youtube_suggest,2026-09-01 13:46:07.170871
20,Wheat Sentinel Colossus,20,2,wheat from field to flour,56.0,0.4,5,1,youtube_suggest,2026-09-01 13:46:07.170871
20,Wheat Sentinel Colossus,20,3,wheat field background video,54.0,0.4,4,1,youtube_suggest,2026-09-01 13:46:07.170871
20,Wheat Sentinel Colossus,20,4,wheat field blowing in the wind,53.33,0.3333,6,1,youtube_suggest,2026-09-01 13:46:07.170871
20,Wheat Sentinel Colossus,20,5,wheat field minecraft,52.0,0.4,3,1,youtube_suggest,2026-09-01 13:46:07.170871
20,Wheat Sentinel Colossus,20,6,wheat field drawing,52.0,0.4,3,1,youtube_suggest,2026-09-01 13:46:07.170871
20,Wheat Sentinel Colossus,20,7,wheat field sunset,52.0,0.4,3,1,youtube_suggest,2026-09-01 13:46:07.170871
20,Wheat Sentinel Colossus,20,8,wheat field blender,52.0,0.4,3,1,youtube_suggest,2026-09-01 13:46:07.174386
20,Wheat Sentinel Colossus,20,9,wheat field harvest,52.0,0.4,3,1,youtube_suggest,2026-09-01 13:46:07.174850
20,Wheat Sentinel Colossus,20,10,wheat field painting,52.0,0.4,3,1,youtube_suggest,2026-09-01 13:46:07.175365
20,Wheat Sentinel Colossus,20,11,wheat field ambience,52.0,0.4,3,1,youtube_suggest,2026-09-01 13:46:07.175365
20,Wheat Sentinel Colossus,20,12,wheat field acnh,52.0,0.4,3,1,youtube_suggest,2026-09-01 13:46:07.175365
20,Wheat Sentinel Colossus,20,13,wheat field asmr,52.0,0.4,3,1,youtube_suggest,2026-09-01 13:46:07.175365
20,Wheat Sentinel Colossus,20,14,wheat field ambient,52.0,0.4,3,1,youtube_suggest,2026-09-01 13:46:07.175365
20,Wheat Sentinel Colossus,20,15,wheat field background,52.0,0.4,3,1,youtube_suggest,2026-09-01 13:46:07.175365
20,Wheat Sentinel Colossus,20,16,wheat field cinematic,52.0,0.4,3,1,youtube_suggest,2026-09-01 13:46:07.175365
20,Wheat Sentinel Colossus,20,17,wheat field diorama,52.0,0.4,3,1,youtube_suggest,2026-09-01 13:46:07.175365
20,Wheat Sentinel Colossus,20,18,wheat dove field,52.0,0.4,3,1,youtube_suggest,2026-09-01 13:46:07.175365
20,Wheat Sentinel Colossus,20,19,wheat field fire,52.0,0.4,3,1,youtube_suggest,2026-09-01 13:46:07.175365
20,Wheat Sentinel Colossus,20,20,wheat field footage,52.0,0.4,3,1,youtube_suggest,2026-09-01 13:46:07.175365
20,Wheat Sentinel Colossus,20,21,wheat field gladiator,52.0,0.4,3,1,youtube_suggest,2026-09-01 13:46:07.175365
20,Wheat Sentinel Colossus,20,22,wheat field gettysburg,52.0,0.4,3,1,youtube_suggest,2026-09-01 13:46:07.175365
20,Wheat Sentinel Colossus,20,23,wheat field girl,52.0,0.4,3,1,youtube_suggest,2026-09-01 13:46:07.175365
20,Wheat Sentinel Colossus,20,24,wheat field van gogh,49.33,0.3333,4,1,youtube_suggest,2026-09-01 13:46:07.175365
20,Wheat Sentinel Colossus,20,25,wheat field minecraft tutorial,49.33,0.3333,4,1,youtube_suggest,2026-09-01 13:46:07.175365
20,Wheat Sentinel Colossus,20,26,wheat field animal crossing,49.33,0.3333,4,1,youtube_suggest,2026-09-01 13:46:07.180753
20,Wheat Sentinel Colossus,20,27,wheat field acrylic painting,49.33,0.3333,4,1,youtube_suggest,2026-09-01 13:46:07.180753
20,Wheat Sentinel Colossus,20,28,wheat field alan walker,49.33,0.3333,4,1,youtube_suggest,2026-09-01 13:46:07.180753
20,Wheat Sentinel Colossus,20,29,wheat field background loop,49.33,0.3333,4,1,youtube_suggest,2026-09-01 13:46:07.180753
20,Wheat Sentinel Colossus,20,30,wheat field chinese song,49.33,0.3333,4,1,youtube_suggest,2026-09-01 13:46:07.183304
20,Wheat Sentinel Colossus,20,31,wheat field drone shot,49.33,0.3333,4,1,youtube_suggest,2026-09-01 13:46:07.183304
20,Wheat Sentinel Colossus,20,32,minecraft wheat field design,49.33,0.3333,4,1,youtube_suggest,2026-09-01 13:46:07.183304
20,Wheat Sentinel Colossus,20,33,wheat field sound effect,49.33,0.3333,4,1,youtube_suggest,2026-09-01 13:46:07.183304
20,Wheat Sentinel Colossus,20,34,wheat field stock footage,49.33,0.3333,4,1,youtube_suggest,2026-09-01 13:46:07.183304
20,Wheat Sentinel Colossus,20,35,wheat field girlfriend ost,49.33,0.3333,4,1,youtube_suggest,2026-09-01 13:46:07.183304
20,Wheat Sentinel Colossus,20,36,wheat field green screen,49.33,0.3333,4,1,youtube_suggest,2026-09-01 13:46:07.183304
20,Wheat Sentinel Colossus,20,37,wheat field genshin impact,49.33,0.3333,4,1,youtube_suggest,2026-09-01 13:46:07.183304
20,Wheat Sentinel Colossus,20,38,wind over the wheat field female cover,47.5,0.25,7,1,youtube_suggest,2026-09-01 13:46:07.183304
20,Wheat Sentinel Colossus,20,39,wheat field,45.0,0.5,2,0,youtube_suggest,2026-09-01 13:46:07.183304
20,Wheat Sentinel Colossus,20,40,wheat field backpack type adjustable pesticide automatic sprayer,44.0,0.2,8,1,youtube_suggest,2026-09-01 13:46:07.183304
20,Wheat Sentinel Colossus,20,41,wheat from farm to table,39.67,0.1667,5,1,youtube_suggest,2026-09-01 13:46:07.183304
20,Wheat Sentinel Colossus,20,42,wheat farm create mod 1.21.1,38.0,0.1429,5,1,youtube_suggest,2026-09-01 13:46:07.183304
20,Wheat Sentinel Colossus,20,43,wheat farm for minecraft bedrock,38.0,0.1429,5,1,youtube_suggest,2026-09-01 13:46:07.183304
20,Wheat Sentinel Colossus,20,44,wheat farm for donut smp,38.0,0.1429,5,1,youtube_suggest,2026-09-01 13:46:07.183304
20,Wheat Sentinel Colossus,20,45,wheat farm automatic 1.21,37.67,0.1667,4,1,youtube_suggest,2026-09-01 13:46:07.183304
20,Wheat Sentinel Colossus,20,46,wheat farm design hypixel skyblock,36.75,0.125,5,1,youtube_suggest,2026-09-01 13:46:07.183304
20,Wheat Sentinel Colossus,20,47,wheat farm garden hypixel skyblock,36.75,0.125,5,1,youtube_suggest,2026-09-01 13:46:07.183304
20,Wheat Sentinel Colossus,20,48,wheat farm automatic minecraft,36.0,0.1429,4,1,youtube_suggest,2026-09-01 13:46:07.183304
20,Wheat Sentinel Colossus,20,49,wheat farm block tycoon,36.0,0.1429,4,1,youtube_suggest,2026-09-01 13:46:07.183304
20,Wheat Sentinel Colossus,20,50,wheat farm build minecraft,36.0,0.1429,4,1,youtube_suggest,2026-09-01 13:46:07.183304
20,Wheat Sentinel Colossus,20,51,bone meal wheat farm,36.0,0.1429,4,1,youtube_suggest,2026-09-01 13:46:07.183304
20,Wheat Sentinel Colossus,20,52,wheat farm create mod,36.0,0.1429,4,1,youtube_suggest,2026-09-01 13:46:07.183304
20,Wheat Sentinel Colossus,20,53,wheat farm cubecraft skyblock,36.0,0.1429,4,1,youtube_suggest,2026-09-01 13:46:07.183304
20,Wheat Sentinel Colossus,20,54,wheat crop farm minecraft,36.0,0.1429,4,1,youtube_suggest,2026-09-01 13:46:07.183304
20,Wheat Sentinel Colossus,20,55,wheat farm design minecraft,36.0,0.1429,4,1,youtube_suggest,2026-09-01 13:46:07.183304
20,Wheat Sentinel Colossus,20,56,wheat farm donut smp,36.0,0.1429,4,1,youtube_suggest,2026-09-01 13:46:07.183304
20,Wheat Sentinel Colossus,20,57,wheat fields garth brooks,36.0,0.1429,4,1,youtube_suggest,2026-09-01 13:46:07.183304
20,Wheat Sentinel Colossus,20,58,wheat farm machine minecraft,36.0,0.1429,4,1,youtube_suggest,2026-09-01 13:46:07.183304
20,Wheat Sentinel Colossus,20,59,wheat farm automatic,35.67,0.1667,3,1,youtube_suggest,2026-09-01 13:46:07.183304
20,Wheat Sentinel Colossus,20,60,wheat farm bedrock,35.67,0.1667,3,1,youtube_suggest,2026-09-01 13:46:07.241766
21,The Atmospheric Grain Elevator,21,1,wheat field in the wind,51.33,0.3333,5,1,youtube_suggest,2026-09-01 13:46:46.437564
21,The Atmospheric Grain Elevator,21,2,wheat from field to flour,51.33,0.3333,5,1,youtube_suggest,2026-09-01 13:46:46.437564
21,The Atmospheric Grain Elevator,21,3,wheat field blowing in the wind,50.0,0.2857,6,1,youtube_suggest,2026-09-01 13:46:46.437564
21,The Atmospheric Grain Elevator,21,4,wheat field background video,49.33,0.3333,4,1,youtube_suggest,2026-09-01 13:46:46.437564
21,The Atmospheric Grain Elevator,21,5,wheat field minecraft,47.33,0.3333,3,1,youtube_suggest,2026-09-01 13:46:46.437564
21,The Atmospheric Grain Elevator,21,6,wheat field drawing,47.33,0.3333,3,1,youtube_suggest,2026-09-01 13:46:46.437564
21,The Atmospheric Grain Elevator,21,7,wheat field sunset,47.33,0.3333,3,1,youtube_suggest,2026-09-01 13:46:46.437564
21,The Atmospheric Grain Elevator,21,8,wheat field blender,47.33,0.3333,3,1,youtube_suggest,2026-09-01 13:46:46.437564
21,The Atmospheric Grain Elevator,21,9,wheat field harvest,47.33,0.3333,3,1,youtube_suggest,2026-09-01 13:46:46.437564
21,The Atmospheric Grain Elevator,21,10,wheat field painting,47.33,0.3333,3,1,youtube_suggest,2026-09-01 13:46:46.437564
21,The Atmospheric Grain Elevator,21,11,wheat field ambience,47.33,0.3333,3,1,youtube_suggest,2026-09-01 13:46:46.437564
21,The Atmospheric Grain Elevator,21,12,wheat field acnh,47.33,0.3333,3,1,youtube_suggest,2026-09-01 13:46:46.437564
21,The Atmospheric Grain Elevator,21,13,wheat field asmr,47.33,0.3333,3,1,youtube_suggest,2026-09-01 13:46:46.437564
21,The Atmospheric Grain Elevator,21,14,wheat field ambient,47.33,0.3333,3,1,youtube_suggest,2026-09-01 13:46:46.437564
21,The Atmospheric Grain Elevator,21,15,wheat field background,47.33,0.3333,3,1,youtube_suggest,2026-09-01 13:46:46.437564
21,The Atmospheric Grain Elevator,21,16,wheat field cinematic,47.33,0.3333,3,1,youtube_suggest,2026-09-01 13:46:46.437564
21,The Atmospheric Grain Elevator,21,17,wheat field diorama,47.33,0.3333,3,1,youtube_suggest,2026-09-01 13:46:46.437564
21,The Atmospheric Grain Elevator,21,18,wheat dove field,47.33,0.3333,3,1,youtube_suggest,2026-09-01 13:46:46.437564
21,The Atmospheric Grain Elevator,21,19,wheat field fire,47.33,0.3333,3,1,youtube_suggest,2026-09-01 13:46:46.437564
21,The Atmospheric Grain Elevator,21,20,wheat field footage,47.33,0.3333,3,1,youtube_suggest,2026-09-01 13:46:46.437564
21,The Atmospheric Grain Elevator,21,21,wheat field gladiator,47.33,0.3333,3,1,youtube_suggest,2026-09-01 13:46:46.437564
21,The Atmospheric Grain Elevator,21,22,wheat field gettysburg,47.33,0.3333,3,1,youtube_suggest,2026-09-01 13:46:46.437564
21,The Atmospheric Grain Elevator,21,23,wheat field girl,47.33,0.3333,3,1,youtube_suggest,2026-09-01 13:46:46.437564
21,The Atmospheric Grain Elevator,21,24,wheat field van gogh,46.0,0.2857,4,1,youtube_suggest,2026-09-01 13:46:46.437564
21,The Atmospheric Grain Elevator,21,25,wheat field minecraft tutorial,46.0,0.2857,4,1,youtube_suggest,2026-09-01 13:46:46.437564
21,The Atmospheric Grain Elevator,21,26,wheat field animal crossing,46.0,0.2857,4,1,youtube_suggest,2026-09-01 13:46:46.437564
21,The Atmospheric Grain Elevator,21,27,wheat field acrylic painting,46.0,0.2857,4,1,youtube_suggest,2026-09-01 13:46:46.437564
21,The Atmospheric Grain Elevator,21,28,wheat field alan walker,46.0,0.2857,4,1,youtube_suggest,2026-09-01 13:46:46.437564
21,The Atmospheric Grain Elevator,21,29,wheat field background loop,46.0,0.2857,4,1,youtube_suggest,2026-09-01 13:46:46.437564
21,The Atmospheric Grain Elevator,21,30,wheat field chinese song,46.0,0.2857,4,1,youtube_suggest,2026-09-01 13:46:46.437564
21,The Atmospheric Grain Elevator,21,31,wheat field drone shot,46.0,0.2857,4,1,youtube_suggest,2026-09-01 13:46:46.437564
21,The Atmospheric Grain Elevator,21,32,minecraft wheat field design,46.0,0.2857,4,1,youtube_suggest,2026-09-01 13:46:46.437564
21,The Atmospheric Grain Elevator,21,33,wheat field sound effect,46.0,0.2857,4,1,youtube_suggest,2026-09-01 13:46:46.437564
21,The Atmospheric Grain Elevator,21,34,wheat field stock footage,46.0,0.2857,4,1,youtube_suggest,2026-09-01 13:46:46.437564
21,The Atmospheric Grain Elevator,21,35,wheat field girlfriend ost,46.0,0.2857,4,1,youtube_suggest,2026-09-01 13:46:46.437564
21,The Atmospheric Grain Elevator,21,36,wheat field green screen,46.0,0.2857,4,1,youtube_suggest,2026-09-01 13:46:46.437564
21,The Atmospheric Grain Elevator,21,37,wheat field genshin impact,46.0,0.2857,4,1,youtube_suggest,2026-09-01 13:46:46.437564
21,The Atmospheric Grain Elevator,21,38,wind over the wheat field female cover,45.56,0.2222,7,1,youtube_suggest,2026-09-01 13:46:46.437564
21,The Atmospheric Grain Elevator,21,39,wheat field backpack type adjustable pesticide automatic sprayer,42.73,0.1818,8,1,youtube_suggest,2026-09-01 13:46:46.437564
21,The Atmospheric Grain Elevator,21,40,wheat field,38.0,0.4,2,0,youtube_suggest,2026-09-01 13:46:46.437564
21,The Atmospheric Grain Elevator,21,41,wheat from farm to table,38.0,0.1429,5,1,youtube_suggest,2026-09-01 13:46:46.437564
21,The Atmospheric Grain Elevator,21,42,wheat farm create mod 1.21.1,36.75,0.125,5,1,youtube_suggest,2026-09-01 13:46:46.437564
21,The Atmospheric Grain Elevator,21,43,wheat farm for minecraft bedrock,36.75,0.125,5,1,youtube_suggest,2026-09-01 13:46:46.437564
21,The Atmospheric Grain Elevator,21,44,wheat farm for donut smp,36.75,0.125,5,1,youtube_suggest,2026-09-01 13:46:46.437564
21,The Atmospheric Grain Elevator,21,45,wheat farm automatic 1.21,36.0,0.1429,4,1,youtube_suggest,2026-09-01 13:46:46.437564
21,The Atmospheric Grain Elevator,21,46,wheat farm design hypixel skyblock,35.78,0.1111,5,1,youtube_suggest,2026-09-01 13:46:46.453213
21,The Atmospheric Grain Elevator,21,47,wheat farm garden hypixel skyblock,35.78,0.1111,5,1,youtube_suggest,2026-09-01 13:46:46.453213
21,The Atmospheric Grain Elevator,21,48,wheat farm automatic minecraft,34.75,0.125,4,1,youtube_suggest,2026-09-01 13:46:46.453213
21,The Atmospheric Grain Elevator,21,49,wheat farm block tycoon,34.75,0.125,4,1,youtube_suggest,2026-09-01 13:46:46.453213
21,The Atmospheric Grain Elevator,21,50,wheat farm build minecraft,34.75,0.125,4,1,youtube_suggest,2026-09-01 13:46:46.453213
21,The Atmospheric Grain Elevator,21,51,bone meal wheat farm,34.75,0.125,4,1,youtube_suggest,2026-09-01 13:46:46.453213
21,The Atmospheric Grain Elevator,21,52,wheat farm create mod,34.75,0.125,4,1,youtube_suggest,2026-09-01 13:46:46.453213
21,The Atmospheric Grain Elevator,21,53,wheat farm cubecraft skyblock,34.75,0.125,4,1,youtube_suggest,2026-09-01 13:46:46.453213
21,The Atmospheric Grain Elevator,21,54,wheat crop farm minecraft,34.75,0.125,4,1,youtube_suggest,2026-09-01 13:46:46.453213
21,The Atmospheric Grain Elevator,21,55,wheat farm design minecraft,34.75,0.125,4,1,youtube_suggest,2026-09-01 13:46:46.453213
21,The Atmospheric Grain Elevator,21,56,wheat farm donut smp,34.75,0.125,4,1,youtube_suggest,2026-09-01 13:46:46.453213
21,The Atmospheric Grain Elevator,21,57,wheat fields garth brooks,34.75,0.125,4,1,youtube_suggest,2026-09-01 13:46:46.453213
21,The Atmospheric Grain Elevator,21,58,wheat farm machine minecraft,34.75,0.125,4,1,youtube_suggest,2026-09-01 13:46:46.453213
21,The Atmospheric Grain Elevator,21,59,wheat farm automatic,34.0,0.1429,3,1,youtube_suggest,2026-09-01 13:46:46.453213
21,The Atmospheric Grain Elevator,21,60,wheat farm bedrock,34.0,0.1429,3,1,youtube_suggest,2026-09-01 13:46:46.453213
22,Chrono-Harvest Megamachine,22,1,wheat field harvest,66.0,0.6,3,1,youtube_suggest,2026-09-01 13:47:22.715907
22,Chrono-Harvest Megamachine,22,2,wheat field in the wind,51.33,0.3333,5,1,youtube_suggest,2026-09-01 13:47:22.715907
22,Chrono-Harvest Megamachine,22,3,wheat from field to flour,51.33,0.3333,5,1,youtube_suggest,2026-09-01 13:47:22.715907
22,Chrono-Harvest Megamachine,22,4,wheat field blowing in the wind,50.0,0.2857,6,1,youtube_suggest,2026-09-01 13:47:22.715907
22,Chrono-Harvest Megamachine,22,5,wheat field background video,49.33,0.3333,4,1,youtube_suggest,2026-09-01 13:47:22.715907
22,Chrono-Harvest Megamachine,22,6,wheat field minecraft,47.33,0.3333,3,1,youtube_suggest,2026-09-01 13:47:22.715907
22,Chrono-Harvest Megamachine,22,7,wheat field drawing,47.33,0.3333,3,1,youtube_suggest,2026-09-01 13:47:22.715907
22,Chrono-Harvest Megamachine,22,8,wheat field sunset,47.33,0.3333,3,1,youtube_suggest,2026-09-01 13:47:22.715907
22,Chrono-Harvest Megamachine,22,9,wheat field blender,47.33,0.3333,3,1,youtube_suggest,2026-09-01 13:47:22.715907
22,Chrono-Harvest Megamachine,22,10,wheat field painting,47.33,0.3333,3,1,youtube_suggest,2026-09-01 13:47:22.715907
22,Chrono-Harvest Megamachine,22,11,wheat field ambience,47.33,0.3333,3,1,youtube_suggest,2026-09-01 13:47:22.721430
22,Chrono-Harvest Megamachine,22,12,wheat field acnh,47.33,0.3333,3,1,youtube_suggest,2026-09-01 13:47:22.721430
22,Chrono-Harvest Megamachine,22,13,wheat field asmr,47.33,0.3333,3,1,youtube_suggest,2026-09-01 13:47:22.721430
22,Chrono-Harvest Megamachine,22,14,wheat field ambient,47.33,0.3333,3,1,youtube_suggest,2026-09-01 13:47:22.721430
22,Chrono-Harvest Megamachine,22,15,wheat field background,47.33,0.3333,3,1,youtube_suggest,2026-09-01 13:47:22.721430
22,Chrono-Harvest Megamachine,22,16,wheat field cinematic,47.33,0.3333,3,1,youtube_suggest,2026-09-01 13:47:22.721430
22,Chrono-Harvest Megamachine,22,17,wheat field diorama,47.33,0.3333,3,1,youtube_suggest,2026-09-01 13:47:22.721430
22,Chrono-Harvest Megamachine,22,18,wheat dove field,47.33,0.3333,3,1,youtube_suggest,2026-09-01 13:47:22.721430
22,Chrono-Harvest Megamachine,22,19,wheat field fire,47.33,0.3333,3,1,youtube_suggest,2026-09-01 13:47:22.721430
22,Chrono-Harvest Megamachine,22,20,wheat field footage,47.33,0.3333,3,1,youtube_suggest,2026-09-01 13:47:22.721430
22,Chrono-Harvest Megamachine,22,21,wheat field gladiator,47.33,0.3333,3,1,youtube_suggest,2026-09-01 13:47:22.721430
22,Chrono-Harvest Megamachine,22,22,wheat field gettysburg,47.33,0.3333,3,1,youtube_suggest,2026-09-01 13:47:22.721430
22,Chrono-Harvest Megamachine,22,23,wheat field girl,47.33,0.3333,3,1,youtube_suggest,2026-09-01 13:47:22.721430
22,Chrono-Harvest Megamachine,22,24,wheat field van gogh,46.0,0.2857,4,1,youtube_suggest,2026-09-01 13:47:22.721430
22,Chrono-Harvest Megamachine,22,25,wheat field minecraft tutorial,46.0,0.2857,4,1,youtube_suggest,2026-09-01 13:47:22.721430
22,Chrono-Harvest Megamachine,22,26,wheat field animal crossing,46.0,0.2857,4,1,youtube_suggest,2026-09-01 13:47:22.721430
22,Chrono-Harvest Megamachine,22,27,wheat field acrylic painting,46.0,0.2857,4,1,youtube_suggest,2026-09-01 13:47:22.721430
22,Chrono-Harvest Megamachine,22,28,wheat field alan walker,46.0,0.2857,4,1,youtube_suggest,2026-09-01 13:47:22.721430
22,Chrono-Harvest Megamachine,22,29,wheat field background loop,46.0,0.2857,4,1,youtube_suggest,2026-09-01 13:47:22.721430
22,Chrono-Harvest Megamachine,22,30,wheat field chinese song,46.0,0.2857,4,1,youtube_suggest,2026-09-01 13:47:22.721430
22,Chrono-Harvest Megamachine,22,31,wheat field drone shot,46.0,0.2857,4,1,youtube_suggest,2026-09-01 13:47:22.721430
22,Chrono-Harvest Megamachine,22,32,minecraft wheat field design,46.0,0.2857,4,1,youtube_suggest,2026-09-01 13:47:22.721430
22,Chrono-Harvest Megamachine,22,33,wheat field sound effect,46.0,0.2857,4,1,youtube_suggest,2026-09-01 13:47:22.721430
22,Chrono-Harvest Megamachine,22,34,wheat field stock footage,46.0,0.2857,4,1,youtube_suggest,2026-09-01 13:47:22.721430
22,Chrono-Harvest Megamachine,22,35,wheat field girlfriend ost,46.0,0.2857,4,1,youtube_suggest,2026-09-01 13:47:22.721430
22,Chrono-Harvest Megamachine,22,36,wheat field green screen,46.0,0.2857,4,1,youtube_suggest,2026-09-01 13:47:22.721430
22,Chrono-Harvest Megamachine,22,37,wheat field genshin impact,46.0,0.2857,4,1,youtube_suggest,2026-09-01 13:47:22.721430
22,Chrono-Harvest Megamachine,22,38,wind over the wheat field female cover,45.56,0.2222,7,1,youtube_suggest,2026-09-01 13:47:22.721430
22,Chrono-Harvest Megamachine,22,39,wheat field backpack type adjustable pesticide automatic sprayer,42.73,0.1818,8,1,youtube_suggest,2026-09-01 13:47:22.721430
22,Chrono-Harvest Megamachine,22,40,wheat field,38.0,0.4,2,0,youtube_suggest,2026-09-01 13:47:22.721430
22,Chrono-Harvest Megamachine,22,41,wheat from farm to table,38.0,0.1429,5,1,youtube_suggest,2026-09-01 13:47:22.721430
22,Chrono-Harvest Megamachine,22,42,wheat farm create mod 1.21.1,36.75,0.125,5,1,youtube_suggest,2026-09-01 13:47:22.721430
22,Chrono-Harvest Megamachine,22,43,wheat farm for minecraft bedrock,36.75,0.125,5,1,youtube_suggest,2026-09-01 13:47:22.721430
22,Chrono-Harvest Megamachine,22,44,wheat farm for donut smp,36.75,0.125,5,1,youtube_suggest,2026-09-01 13:47:22.721430
22,Chrono-Harvest Megamachine,22,45,wheat farm automatic 1.21,36.0,0.1429,4,1,youtube_suggest,2026-09-01 13:47:22.721430
22,Chrono-Harvest Megamachine,22,46,wheat farm design hypixel skyblock,35.78,0.1111,5,1,youtube_suggest,2026-09-01 13:47:22.721430
22,Chrono-Harvest Megamachine,22,47,wheat farm garden hypixel skyblock,35.78,0.1111,5,1,youtube_suggest,2026-09-01 13:47:22.721430
22,Chrono-Harvest Megamachine,22,48,wheat farm automatic minecraft,34.75,0.125,4,1,youtube_suggest,2026-09-01 13:47:22.721430
22,Chrono-Harvest Megamachine,22,49,wheat farm block tycoon,34.75,0.125,4,1,youtube_suggest,2026-09-01 13:47:22.721430
22,Chrono-Harvest Megamachine,22,50,wheat farm build minecraft,34.75,0.125,4,1,youtube_suggest,2026-09-01 13:47:22.721430
22,Chrono-Harvest Megamachine,22,51,bone meal wheat farm,34.75,0.125,4,1,youtube_suggest,2026-09-01 13:47:22.721430
22,Chrono-Harvest Megamachine,22,52,wheat farm create mod,34.75,0.125,4,1,youtube_suggest,2026-09-01 13:47:22.721430
22,Chrono-Harvest Megamachine,22,53,wheat farm cubecraft skyblock,34.75,0.125,4,1,youtube_suggest,2026-09-01 13:47:22.721430
22,Chrono-Harvest Megamachine,22,54,wheat crop farm minecraft,34.75,0.125,4,1,youtube_suggest,2026-09-01 13:47:22.721430
22,Chrono-Harvest Megamachine,22,55,wheat farm design minecraft,34.75,0.125,4,1,youtube_suggest,2026-09-01 13:47:22.721430
22,Chrono-Harvest Megamachine,22,56,wheat farm donut smp,34.75,0.125,4,1,youtube_suggest,2026-09-01 13:47:22.737088
22,Chrono-Harvest Megamachine,22,57,wheat fields garth brooks,34.75,0.125,4,1,youtube_suggest,2026-09-01 13:47:22.738728
22,Chrono-Harvest Megamachine,22,58,wheat farm machine minecraft,34.75,0.125,4,1,youtube_suggest,2026-09-01 13:47:22.738728
22,Chrono-Harvest Megamachine,22,59,wheat farm automatic,34.0,0.1429,3,1,youtube_suggest,2026-09-01 13:47:22.738728
22,Chrono-Harvest Megamachine,22,60,wheat farm bedrock,34.0,0.1429,3,1,youtube_suggest,2026-09-01 13:47:22.739431
23,Colossal Corn Thresher Titan,23,1,corn field blowing in the wind,50.0,0.2857,6,1,youtube_suggest,2026-09-01 13:47:59.447087
23,Colossal Corn Thresher Titan,23,2,clown in the corn field explained,50.0,0.2857,6,1,youtube_suggest,2026-09-01 13:47:59.447087
23,Colossal Corn Thresher Titan,23,3,corn field at night,49.33,0.3333,4,1,youtube_suggest,2026-09-01 13:47:59.447087
23,Colossal Corn Thresher Titan,23,4,corn field background video,49.33,0.3333,4,1,youtube_suggest,2026-09-01 13:47:59.447087
23,Colossal Corn Thresher Titan,23,5,clown in the corn field explained in hindi,47.5,0.25,8,1,youtube_suggest,2026-09-01 13:47:59.447087
23,Colossal Corn Thresher Titan,23,6,corn field interstellar,47.33,0.3333,3,1,youtube_suggest,2026-09-01 13:47:59.447087
23,Colossal Corn Thresher Titan,23,7,corn field usa,47.33,0.3333,3,1,youtube_suggest,2026-09-01 13:47:59.447087
23,Colossal Corn Thresher Titan,23,8,corn field harvest,47.33,0.3333,3,1,youtube_suggest,2026-09-01 13:47:59.447087
23,Colossal Corn Thresher Titan,23,9,corn field movie,47.33,0.3333,3,1,youtube_suggest,2026-09-01 13:47:59.447087
23,Colossal Corn Thresher Titan,23,10,corn field machine,47.33,0.3333,3,1,youtube_suggest,2026-09-01 13:47:59.454125
23,Colossal Corn Thresher Titan,23,11,corn field song,47.33,0.3333,3,1,youtube_suggest,2026-09-01 13:47:59.454125
23,Colossal Corn Thresher Titan,23,12,corn field drawing,47.33,0.3333,3,1,youtube_suggest,2026-09-01 13:47:59.454125
23,Colossal Corn Thresher Titan,23,13,corn field ambience,47.33,0.3333,3,1,youtube_suggest,2026-09-01 13:47:59.454125
23,Colossal Corn Thresher Titan,23,14,corn field asmr,47.33,0.3333,3,1,youtube_suggest,2026-09-01 13:47:59.454125
23,Colossal Corn Thresher Titan,23,15,corn field akbar,47.33,0.3333,3,1,youtube_suggest,2026-09-01 13:47:59.454125
23,Colossal Corn Thresher Titan,23,16,corn field animation,47.33,0.3333,3,1,youtube_suggest,2026-09-01 13:47:59.455654
23,Colossal Corn Thresher Titan,23,17,apocalypto corn field,47.33,0.3333,3,1,youtube_suggest,2026-09-01 13:47:59.456113
23,Colossal Corn Thresher Titan,23,18,corn field bgm,47.33,0.3333,3,1,youtube_suggest,2026-09-01 13:47:59.456113
23,Colossal Corn Thresher Titan,23,19,corn field background,47.33,0.3333,3,1,youtube_suggest,2026-09-01 13:47:59.456640
23,Colossal Corn Thresher Titan,23,20,corn field baseball,47.33,0.3333,3,1,youtube_suggest,2026-09-01 13:47:59.456640
23,Colossal Corn Thresher Titan,23,21,corn field cinematic,47.33,0.3333,3,1,youtube_suggest,2026-09-01 13:47:59.456640
23,Colossal Corn Thresher Titan,23,22,corn field drone,47.33,0.3333,3,1,youtube_suggest,2026-09-01 13:47:59.456640
23,Colossal Corn Thresher Titan,23,23,corn field documentary,47.33,0.3333,3,1,youtube_suggest,2026-09-01 13:47:59.456640
23,Colossal Corn Thresher Titan,23,24,corn field fire,47.33,0.3333,3,1,youtube_suggest,2026-09-01 13:47:59.456640
23,Colossal Corn Thresher Titan,23,25,corn field farming,47.33,0.3333,3,1,youtube_suggest,2026-09-01 13:47:59.456640
23,Colossal Corn Thresher Titan,23,26,corn field footage,47.33,0.3333,3,1,youtube_suggest,2026-09-01 13:47:59.458768
23,Colossal Corn Thresher Titan,23,27,corn field horror movie,46.0,0.2857,4,1,youtube_suggest,2026-09-01 13:47:59.458768
23,Colossal Corn Thresher Titan,23,28,corn field acrylic painting,46.0,0.2857,4,1,youtube_suggest,2026-09-01 13:47:59.459289
23,Colossal Corn Thresher Titan,23,29,corn field coyote hunting,46.0,0.2857,4,1,youtube_suggest,2026-09-01 13:47:59.459289
23,Colossal Corn Thresher Titan,23,30,corn field drone footage,46.0,0.2857,4,1,youtube_suggest,2026-09-01 13:47:59.459289
23,Colossal Corn Thresher Titan,23,31,corn field duck hunting,46.0,0.2857,4,1,youtube_suggest,2026-09-01 13:47:59.459968
23,Colossal Corn Thresher Titan,23,32,corn field dove hunting,46.0,0.2857,4,1,youtube_suggest,2026-09-01 13:47:59.459968
23,Colossal Corn Thresher Titan,23,33,corn field deer hunting,46.0,0.2857,4,1,youtube_suggest,2026-09-01 13:47:59.460496
23,Colossal Corn Thresher Titan,23,34,corn field fire emergency,46.0,0.2857,4,1,youtube_suggest,2026-09-01 13:47:59.460496
23,Colossal Corn Thresher Titan,23,35,corn field sound effect,46.0,0.2857,4,1,youtube_suggest,2026-09-01 13:47:59.460496
23,Colossal Corn Thresher Titan,23,36,corn field full movie,46.0,0.2857,4,1,youtube_suggest,2026-09-01 13:47:59.460496
23,Colossal Corn Thresher Titan,23,37,corn field dirt bike track,45.5,0.25,5,1,youtube_suggest,2026-09-01 13:47:59.460496
23,Colossal Corn Thresher Titan,23,38,corn field,38.0,0.4,2,0,youtube_suggest,2026-09-01 13:47:59.460496
23,Colossal Corn Thresher Titan,23,39,corn maze at night,36.0,0.1429,4,1,youtube_suggest,2026-09-01 13:47:59.460496
23,Colossal Corn Thresher Titan,23,40,corn maze el paso,36.0,0.1429,4,1,youtube_suggest,2026-09-01 13:47:59.460496
23,Colossal Corn Thresher Titan,23,41,corn maze fnaf vr,36.0,0.1429,4,1,youtube_suggest,2026-09-01 13:47:59.462545
23,Colossal Corn Thresher Titan,23,42,corn maze fnaf help wanted,35.78,0.1111,5,1,youtube_suggest,2026-09-01 13:47:59.462545
23,Colossal Corn Thresher Titan,23,43,corn maze aesop rock,34.75,0.125,4,1,youtube_suggest,2026-09-01 13:47:59.462545
23,Colossal Corn Thresher Titan,23,44,corn fields back home,34.75,0.125,4,1,youtube_suggest,2026-09-01 13:47:59.462545
23,Colossal Corn Thresher Titan,23,45,corn maze ambience,34.0,0.1429,3,1,youtube_suggest,2026-09-01 13:47:59.462545
23,Colossal Corn Thresher Titan,23,46,corn maze bgsi,34.0,0.1429,3,1,youtube_suggest,2026-09-01 13:47:59.462545
23,Colossal Corn Thresher Titan,23,47,corn maze blesiv,34.0,0.1429,3,1,youtube_suggest,2026-09-01 13:47:59.462545
23,Colossal Corn Thresher Titan,23,48,corn maze edmonton,34.0,0.1429,3,1,youtube_suggest,2026-09-01 13:47:59.462545
23,Colossal Corn Thresher Titan,23,49,corn maze escape,34.0,0.1429,3,1,youtube_suggest,2026-09-01 13:47:59.462545
23,Colossal Corn Thresher Titan,23,50,corn maze fnaf,34.0,0.1429,3,1,youtube_suggest,2026-09-01 13:47:59.462545
23,Colossal Corn Thresher Titan,23,51,corn maze fortnite,34.0,0.1429,3,1,youtube_suggest,2026-09-01 13:47:59.462545
23,Colossal Corn Thresher Titan,23,52,corn maze funny,34.0,0.1429,3,1,youtube_suggest,2026-09-01 13:47:59.462545
23,Colossal Corn Thresher Titan,23,53,cornfield chase piano tutorial,26.0,0.0,4,1,youtube_suggest,2026-09-01 13:47:59.465591
23,Colossal Corn Thresher Titan,23,54,cornfield chase piano,24.0,0.0,3,1,youtube_suggest,2026-09-01 13:47:59.465591
23,Colossal Corn Thresher Titan,23,55,cornfield chase loop,24.0,0.0,3,1,youtube_suggest,2026-09-01 13:47:59.465591
23,Colossal Corn Thresher Titan,23,56,cornfield chase slowed,24.0,0.0,3,1,youtube_suggest,2026-09-01 13:47:59.465591
23,Colossal Corn Thresher Titan,23,57,cornfield chase scene,24.0,0.0,3,1,youtube_suggest,2026-09-01 13:47:59.465591
23,Colossal Corn Thresher Titan,23,58,cornfield chase interstellar,24.0,0.0,3,1,youtube_suggest,2026-09-01 13:47:59.465591
23,Colossal Corn Thresher Titan,23,59,cornfield chase edit,24.0,0.0,3,1,youtube_suggest,2026-09-01 13:47:59.465591
23,Colossal Corn Thresher Titan,23,60,cornfield chase,10.0,0.0,2,0,youtube_suggest,2026-09-01 13:47:59.465591
24,The Solar Corn Silo Walker,24,1,corn field blowing in the wind,50.0,0.2857,6,1,youtube_suggest,2026-09-01 13:48:32.360737
24,The Solar Corn Silo Walker,24,2,clown in the corn field explained,50.0,0.2857,6,1,youtube_suggest,2026-09-01 13:48:32.360737
24,The Solar Corn Silo Walker,24,3,corn field at night,49.33,0.3333,4,1,youtube_suggest,2026-09-01 13:48:32.360737
24,The Solar Corn Silo Walker,24,4,corn field background video,49.33,0.3333,4,1,youtube_suggest,2026-09-01 13:48:32.360737
24,The Solar Corn Silo Walker,24,5,clown in the corn field explained in hindi,47.5,0.25,8,1,youtube_suggest,2026-09-01 13:48:32.360737
24,The Solar Corn Silo Walker,24,6,corn field interstellar,47.33,0.3333,3,1,youtube_suggest,2026-09-01 13:48:32.360737
24,The Solar Corn Silo Walker,24,7,corn field usa,47.33,0.3333,3,1,youtube_suggest,2026-09-01 13:48:32.360737
24,The Solar Corn Silo Walker,24,8,corn field harvest,47.33,0.3333,3,1,youtube_suggest,2026-09-01 13:48:32.360737
24,The Solar Corn Silo Walker,24,9,corn field movie,47.33,0.3333,3,1,youtube_suggest,2026-09-01 13:48:32.360737
24,The Solar Corn Silo Walker,24,10,corn field machine,47.33,0.3333,3,1,youtube_suggest,2026-09-01 13:48:32.360737
24,The Solar Corn Silo Walker,24,11,corn field song,47.33,0.3333,3,1,youtube_suggest,2026-09-01 13:48:32.360737
24,The Solar Corn Silo Walker,24,12,corn field drawing,47.33,0.3333,3,1,youtube_suggest,2026-09-01 13:48:32.360737
24,The Solar Corn Silo Walker,24,13,corn field ambience,47.33,0.3333,3,1,youtube_suggest,2026-09-01 13:48:32.360737
24,The Solar Corn Silo Walker,24,14,corn field asmr,47.33,0.3333,3,1,youtube_suggest,2026-09-01 13:48:32.360737
24,The Solar Corn Silo Walker,24,15,corn field akbar,47.33,0.3333,3,1,youtube_suggest,2026-09-01 13:48:32.360737
24,The Solar Corn Silo Walker,24,16,corn field animation,47.33,0.3333,3,1,youtube_suggest,2026-09-01 13:48:32.360737
24,The Solar Corn Silo Walker,24,17,apocalypto corn field,47.33,0.3333,3,1,youtube_suggest,2026-09-01 13:48:32.360737
24,The Solar Corn Silo Walker,24,18,corn field bgm,47.33,0.3333,3,1,youtube_suggest,2026-09-01 13:48:32.360737
24,The Solar Corn Silo Walker,24,19,corn field background,47.33,0.3333,3,1,youtube_suggest,2026-09-01 13:48:32.360737
24,The Solar Corn Silo Walker,24,20,corn field baseball,47.33,0.3333,3,1,youtube_suggest,2026-09-01 13:48:32.360737
24,The Solar Corn Silo Walker,24,21,corn field cinematic,47.33,0.3333,3,1,youtube_suggest,2026-09-01 13:48:32.360737
24,The Solar Corn Silo Walker,24,22,corn field drone,47.33,0.3333,3,1,youtube_suggest,2026-09-01 13:48:32.360737
24,The Solar Corn Silo Walker,24,23,corn field documentary,47.33,0.3333,3,1,youtube_suggest,2026-09-01 13:48:32.360737
24,The Solar Corn Silo Walker,24,24,corn field fire,47.33,0.3333,3,1,youtube_suggest,2026-09-01 13:48:32.360737
24,The Solar Corn Silo Walker,24,25,corn field farming,47.33,0.3333,3,1,youtube_suggest,2026-09-01 13:48:32.360737
24,The Solar Corn Silo Walker,24,26,corn field footage,47.33,0.3333,3,1,youtube_suggest,2026-09-01 13:48:32.360737
24,The Solar Corn Silo Walker,24,27,corn field horror movie,46.0,0.2857,4,1,youtube_suggest,2026-09-01 13:48:32.360737
24,The Solar Corn Silo Walker,24,28,corn field acrylic painting,46.0,0.2857,4,1,youtube_suggest,2026-09-01 13:48:32.360737
24,The Solar Corn Silo Walker,24,29,corn field coyote hunting,46.0,0.2857,4,1,youtube_suggest,2026-09-01 13:48:32.360737
24,The Solar Corn Silo Walker,24,30,corn field drone footage,46.0,0.2857,4,1,youtube_suggest,2026-09-01 13:48:32.360737
24,The Solar Corn Silo Walker,24,31,corn field duck hunting,46.0,0.2857,4,1,youtube_suggest,2026-09-01 13:48:32.360737
24,The Solar Corn Silo Walker,24,32,corn field dove hunting,46.0,0.2857,4,1,youtube_suggest,2026-09-01 13:48:32.360737
24,The Solar Corn Silo Walker,24,33,corn field deer hunting,46.0,0.2857,4,1,youtube_suggest,2026-09-01 13:48:32.360737
24,The Solar Corn Silo Walker,24,34,corn field fire emergency,46.0,0.2857,4,1,youtube_suggest,2026-09-01 13:48:32.360737
24,The Solar Corn Silo Walker,24,35,corn field sound effect,46.0,0.2857,4,1,youtube_suggest,2026-09-01 13:48:32.360737
24,The Solar Corn Silo Walker,24,36,corn field full movie,46.0,0.2857,4,1,youtube_suggest,2026-09-01 13:48:32.360737
24,The Solar Corn Silo Walker,24,37,corn field dirt bike track,45.5,0.25,5,1,youtube_suggest,2026-09-01 13:48:32.360737
24,The Solar Corn Silo Walker,24,38,corn field,38.0,0.4,2,0,youtube_suggest,2026-09-01 13:48:32.360737
24,The Solar Corn Silo Walker,24,39,corn maze at night,36.0,0.1429,4,1,youtube_suggest,2026-09-01 13:48:32.360737
24,The Solar Corn Silo Walker,24,40,corn maze el paso,36.0,0.1429,4,1,youtube_suggest,2026-09-01 13:48:32.360737
24,The Solar Corn Silo Walker,24,41,corn maze fnaf vr,36.0,0.1429,4,1,youtube_suggest,2026-09-01 13:48:32.360737
24,The Solar Corn Silo Walker,24,42,corn maze fnaf help wanted,35.78,0.1111,5,1,youtube_suggest,2026-09-01 13:48:32.360737
24,The Solar Corn Silo Walker,24,43,corn maze aesop rock,34.75,0.125,4,1,youtube_suggest,2026-09-01 13:48:32.360737
24,The Solar Corn Silo Walker,24,44,corn fields back home,34.75,0.125,4,1,youtube_suggest,2026-09-01 13:48:32.360737
24,The Solar Corn Silo Walker,24,45,corn maze ambience,34.0,0.1429,3,1,youtube_suggest,2026-09-01 13:48:32.360737
24,The Solar Corn Silo Walker,24,46,corn maze bgsi,34.0,0.1429,3,1,youtube_suggest,2026-09-01 13:48:32.360737
24,The Solar Corn Silo Walker,24,47,corn maze blesiv,34.0,0.1429,3,1,youtube_suggest,2026-09-01 13:48:32.360737
24,The Solar Corn Silo Walker,24,48,corn maze edmonton,34.0,0.1429,3,1,youtube_suggest,2026-09-01 13:48:32.360737
24,The Solar Corn Silo Walker,24,49,corn maze escape,34.0,0.1429,3,1,youtube_suggest,2026-09-01 13:48:32.376397
24,The Solar Corn Silo Walker,24,50,corn maze fnaf,34.0,0.1429,3,1,youtube_suggest,2026-09-01 13:48:32.376397
24,The Solar Corn Silo Walker,24,51,corn maze fortnite,34.0,0.1429,3,1,youtube_suggest,2026-09-01 13:48:32.376397
24,The Solar Corn Silo Walker,24,52,corn maze funny,34.0,0.1429,3,1,youtube_suggest,2026-09-01 13:48:32.376397
24,The Solar Corn Silo Walker,24,53,cornfield chase piano tutorial,26.0,0.0,4,1,youtube_suggest,2026-09-01 13:48:32.376397
24,The Solar Corn Silo Walker,24,54,cornfield chase piano,24.0,0.0,3,1,youtube_suggest,2026-09-01 13:48:32.376397
24,The Solar Corn Silo Walker,24,55,cornfield chase loop,24.0,0.0,3,1,youtube_suggest,2026-09-01 13:48:32.376397
24,The Solar Corn Silo Walker,24,56,cornfield chase slowed,24.0,0.0,3,1,youtube_suggest,2026-09-01 13:48:32.376397
24,The Solar Corn Silo Walker,24,57,cornfield chase scene,24.0,0.0,3,1,youtube_suggest,2026-09-01 13:48:32.376397
24,The Solar Corn Silo Walker,24,58,cornfield chase interstellar,24.0,0.0,3,1,youtube_suggest,2026-09-01 13:48:32.376397
24,The Solar Corn Silo Walker,24,59,cornfield chase edit,24.0,0.0,3,1,youtube_suggest,2026-09-01 13:48:32.376397
24,The Solar Corn Silo Walker,24,60,cornfield chase,10.0,0.0,2,0,youtube_suggest,2026-09-01 13:48:32.376397
33,The Whispering Canopy Harvester,25,1,forest harvester machine,52.0,0.4,3,1,youtube_suggest,2026-09-01 13:49:01.076997
33,The Whispering Canopy Harvester,25,2,sons of the forest machine gun,40.0,0.1429,6,1,youtube_suggest,2026-09-01 13:49:01.076997
33,The Whispering Canopy Harvester,25,3,forest er bangla ki,40.0,0.2,4,1,youtube_suggest,2026-09-01 13:49:01.076997
33,The Whispering Canopy Harvester,25,4,random forest in machine learning in telugu,38.75,0.125,7,1,youtube_suggest,2026-09-01 13:49:01.076997
33,The Whispering Canopy Harvester,25,5,random forest in machine learning tamil,38.75,0.125,6,1,youtube_suggest,2026-09-01 13:49:01.076997
33,The Whispering Canopy Harvester,25,6,random forest in machine learning example,38.75,0.125,6,1,youtube_suggest,2026-09-01 13:49:01.076997
33,The Whispering Canopy Harvester,25,7,random forest in machine learning malayalam,38.75,0.125,6,1,youtube_suggest,2026-09-01 13:49:01.076997
33,The Whispering Canopy Harvester,25,8,random forest in machine learning numerical,38.75,0.125,6,1,youtube_suggest,2026-09-01 13:49:01.076997
33,The Whispering Canopy Harvester,25,9,bagging random forest in machine learning,38.75,0.125,6,1,youtube_suggest,2026-09-01 13:49:01.076997
33,The Whispering Canopy Harvester,25,10,forest the machine,38.0,0.2,3,1,youtube_suggest,2026-09-01 13:49:01.076997
33,The Whispering Canopy Harvester,25,11,random forest for machine learning,38.0,0.1429,5,1,youtube_suggest,2026-09-01 13:49:01.076997
33,The Whispering Canopy Harvester,25,12,isolation forest in machine learning,38.0,0.1429,5,1,youtube_suggest,2026-09-01 13:49:01.076997
33,The Whispering Canopy Harvester,25,13,random forest in machine learning,38.0,0.1429,5,1,youtube_suggest,2026-09-01 13:49:01.076997
33,The Whispering Canopy Harvester,25,14,forest tiger forest,38.0,0.2,3,1,youtube_suggest,2026-09-01 13:49:01.076997
33,The Whispering Canopy Harvester,25,15,forest animals video,38.0,0.2,3,1,youtube_suggest,2026-09-01 13:49:01.076997
33,The Whispering Canopy Harvester,25,16,forest dhaka forest,38.0,0.2,3,1,youtube_suggest,2026-09-01 13:49:01.076997
33,The Whispering Canopy Harvester,25,17,forest for natok,38.0,0.2,3,1,youtube_suggest,2026-09-01 13:49:01.076997
33,The Whispering Canopy Harvester,25,18,random forest in machine learning mahesh huddar,37.78,0.1111,7,1,youtube_suggest,2026-09-01 13:49:01.076997
33,The Whispering Canopy Harvester,25,19,random forest machine learning krish naik,37.78,0.1111,6,1,youtube_suggest,2026-09-01 13:49:01.076997
33,The Whispering Canopy Harvester,25,20,forest fire prediction using machine learning,37.78,0.1111,6,1,youtube_suggest,2026-09-01 13:49:01.076997
33,The Whispering Canopy Harvester,25,21,forest fire detection using machine learning,37.78,0.1111,6,1,youtube_suggest,2026-09-01 13:49:01.076997
33,The Whispering Canopy Harvester,25,22,forest machinery american truck simulator,36.75,0.125,5,1,youtube_suggest,2026-09-01 13:49:01.076997
33,The Whispering Canopy Harvester,25,23,random forest algorithm machine learning,36.75,0.125,5,1,youtube_suggest,2026-09-01 13:49:01.076997
33,The Whispering Canopy Harvester,25,24,forest fair mall ball machine,36.75,0.125,5,1,youtube_suggest,2026-09-01 13:49:01.076997
33,The Whispering Canopy Harvester,25,25,random forest machine learning deutsch,36.75,0.125,5,1,youtube_suggest,2026-09-01 13:49:01.076997
33,The Whispering Canopy Harvester,25,26,random forest machine learning explained,36.75,0.125,5,1,youtube_suggest,2026-09-01 13:49:01.076997
33,The Whispering Canopy Harvester,25,27,random forest machine learning example,36.75,0.125,5,1,youtube_suggest,2026-09-01 13:49:01.076997
33,The Whispering Canopy Harvester,25,28,random forest machine learning explanation,36.75,0.125,5,1,youtube_suggest,2026-09-01 13:49:01.076997
33,The Whispering Canopy Harvester,25,29,big red machine forest green,36.75,0.125,5,1,youtube_suggest,2026-09-01 13:49:01.076997
33,The Whispering Canopy Harvester,25,30,crystal forest slot machine jackpot,36.75,0.125,5,1,youtube_suggest,2026-09-01 13:49:01.076997
33,The Whispering Canopy Harvester,25,31,deep forest live machine 2025,36.75,0.125,5,1,youtube_suggest,2026-09-01 13:49:01.076997
33,The Whispering Canopy Harvester,25,32,random forest machine learning python,36.75,0.125,5,1,youtube_suggest,2026-09-01 13:49:01.076997
33,The Whispering Canopy Harvester,25,33,random forest machine learning algorithm,36.75,0.125,5,1,youtube_suggest,2026-09-01 13:49:01.076997
33,The Whispering Canopy Harvester,25,34,random forest model machine learning,36.75,0.125,5,1,youtube_suggest,2026-09-01 13:49:01.090118
33,The Whispering Canopy Harvester,25,35,forest app kivabe use korbo,36.75,0.125,5,1,youtube_suggest,2026-09-01 13:49:01.090353
33,The Whispering Canopy Harvester,25,36,deep forest computer machine,36.0,0.1429,4,1,youtube_suggest,2026-09-01 13:49:01.090867
33,The Whispering Canopy Harvester,25,37,ets2 forest machinery dlc,36.0,0.1429,4,1,youtube_suggest,2026-09-01 13:49:01.090867
33,The Whispering Canopy Harvester,25,38,ats forest machinery dlc,36.0,0.1429,4,1,youtube_suggest,2026-09-01 13:49:01.090867
33,The Whispering Canopy Harvester,25,39,ets forest machinery dlc,36.0,0.1429,4,1,youtube_suggest,2026-09-01 13:49:01.090867
33,The Whispering Canopy Harvester,25,40,isolation forest machine learning,36.0,0.1429,4,1,youtube_suggest,2026-09-01 13:49:01.090867
33,The Whispering Canopy Harvester,25,41,deep forest live machine,36.0,0.1429,4,1,youtube_suggest,2026-09-01 13:49:01.090867
33,The Whispering Canopy Harvester,25,42,forest drama bangla explain,36.0,0.1429,4,1,youtube_suggest,2026-09-01 13:49:01.090867
33,The Whispering Canopy Harvester,25,43,forest elf set pubg,36.0,0.1429,4,1,youtube_suggest,2026-09-01 13:49:01.090867
33,The Whispering Canopy Harvester,25,44,forest machinery ets2,35.67,0.1667,3,1,youtube_suggest,2026-09-01 13:49:01.090867
33,The Whispering Canopy Harvester,25,45,forest machine learning,35.67,0.1667,3,1,youtube_suggest,2026-09-01 13:49:01.090867
33,The Whispering Canopy Harvester,25,46,forest machine impression,35.67,0.1667,3,1,youtube_suggest,2026-09-01 13:49:01.090867
33,The Whispering Canopy Harvester,25,47,forest machine operator,35.67,0.1667,3,1,youtube_suggest,2026-09-01 13:49:01.090867
33,The Whispering Canopy Harvester,25,48,forest machinery dlc,35.67,0.1667,3,1,youtube_suggest,2026-09-01 13:49:01.090867
33,The Whispering Canopy Harvester,25,49,forest machine fail,35.67,0.1667,3,1,youtube_suggest,2026-09-01 13:49:01.090867
33,The Whispering Canopy Harvester,25,50,forest machinery ets,35.67,0.1667,3,1,youtube_suggest,2026-09-01 13:49:01.090867
33,The Whispering Canopy Harvester,25,51,forest clearing machine,35.67,0.1667,3,1,youtube_suggest,2026-09-01 13:49:01.090867
33,The Whispering Canopy Harvester,25,52,forest cleaning machine,35.67,0.1667,3,1,youtube_suggest,2026-09-01 13:49:01.090867
33,The Whispering Canopy Harvester,25,53,forest cleaner machine,35.67,0.1667,3,1,youtube_suggest,2026-09-01 13:49:01.090867
33,The Whispering Canopy Harvester,25,54,forest clearing machinery,35.67,0.1667,3,1,youtube_suggest,2026-09-01 13:49:01.090867
33,The Whispering Canopy Harvester,25,55,canada forest machine,35.67,0.1667,3,1,youtube_suggest,2026-09-01 13:49:01.090867
33,The Whispering Canopy Harvester,25,56,forest cutting machine,35.67,0.1667,3,1,youtube_suggest,2026-09-01 13:49:01.090867
33,The Whispering Canopy Harvester,25,57,forest cutter machine,35.67,0.1667,3,1,youtube_suggest,2026-09-01 13:49:01.090867
33,The Whispering Canopy Harvester,25,58,ets2 forest machine,35.67,0.1667,3,1,youtube_suggest,2026-09-01 13:49:01.090867
33,The Whispering Canopy Harvester,25,59,forest food maker,35.67,0.1667,3,1,youtube_suggest,2026-09-01 13:49:01.090867
33,The Whispering Canopy Harvester,25,60,forest house maker,35.67,0.1667,3,1,youtube_suggest,2026-09-01 13:49:01.090867
34,The Timberland Root Walker,26,1,sons of the forest machine gun,40.0,0.1429,6,1,youtube_suggest,2026-09-01 13:49:32.455438
34,The Timberland Root Walker,26,2,forest er bangla ki,40.0,0.2,4,1,youtube_suggest,2026-09-01 13:49:32.455438
34,The Timberland Root Walker,26,3,random forest in machine learning in telugu,38.75,0.125,7,1,youtube_suggest,2026-09-01 13:49:32.455438
34,The Timberland Root Walker,26,4,random forest in machine learning tamil,38.75,0.125,6,1,youtube_suggest,2026-09-01 13:49:32.455438
34,The Timberland Root Walker,26,5,random forest in machine learning example,38.75,0.125,6,1,youtube_suggest,2026-09-01 13:49:32.455438
34,The Timberland Root Walker,26,6,random forest in machine learning malayalam,38.75,0.125,6,1,youtube_suggest,2026-09-01 13:49:32.455438
34,The Timberland Root Walker,26,7,random forest in machine learning numerical,38.75,0.125,6,1,youtube_suggest,2026-09-01 13:49:32.455438
34,The Timberland Root Walker,26,8,bagging random forest in machine learning,38.75,0.125,6,1,youtube_suggest,2026-09-01 13:49:32.455438
34,The Timberland Root Walker,26,9,forest the machine,38.0,0.2,3,1,youtube_suggest,2026-09-01 13:49:32.455438
34,The Timberland Root Walker,26,10,random forest for machine learning,38.0,0.1429,5,1,youtube_suggest,2026-09-01 13:49:32.455438
34,The Timberland Root Walker,26,11,isolation forest in machine learning,38.0,0.1429,5,1,youtube_suggest,2026-09-01 13:49:32.455438
34,The Timberland Root Walker,26,12,random forest in machine learning,38.0,0.1429,5,1,youtube_suggest,2026-09-01 13:49:32.455438
34,The Timberland Root Walker,26,13,forest tiger forest,38.0,0.2,3,1,youtube_suggest,2026-09-01 13:49:32.455438
34,The Timberland Root Walker,26,14,forest animals video,38.0,0.2,3,1,youtube_suggest,2026-09-01 13:49:32.455438
34,The Timberland Root Walker,26,15,forest dhaka forest,38.0,0.2,3,1,youtube_suggest,2026-09-01 13:49:32.455438
34,The Timberland Root Walker,26,16,forest for natok,38.0,0.2,3,1,youtube_suggest,2026-09-01 13:49:32.455438
34,The Timberland Root Walker,26,17,random forest in machine learning mahesh huddar,37.78,0.1111,7,1,youtube_suggest,2026-09-01 13:49:32.455438
34,The Timberland Root Walker,26,18,random forest machine learning krish naik,37.78,0.1111,6,1,youtube_suggest,2026-09-01 13:49:32.455438
34,The Timberland Root Walker,26,19,forest fire prediction using machine learning,37.78,0.1111,6,1,youtube_suggest,2026-09-01 13:49:32.455438
34,The Timberland Root Walker,26,20,forest fire detection using machine learning,37.78,0.1111,6,1,youtube_suggest,2026-09-01 13:49:32.455438
34,The Timberland Root Walker,26,21,forest machinery american truck simulator,36.75,0.125,5,1,youtube_suggest,2026-09-01 13:49:32.455438
34,The Timberland Root Walker,26,22,random forest algorithm machine learning,36.75,0.125,5,1,youtube_suggest,2026-09-01 13:49:32.455438
34,The Timberland Root Walker,26,23,forest fair mall ball machine,36.75,0.125,5,1,youtube_suggest,2026-09-01 13:49:32.455438
34,The Timberland Root Walker,26,24,random forest machine learning deutsch,36.75,0.125,5,1,youtube_suggest,2026-09-01 13:49:32.455438
34,The Timberland Root Walker,26,25,random forest machine learning explained,36.75,0.125,5,1,youtube_suggest,2026-09-01 13:49:32.455438
34,The Timberland Root Walker,26,26,random forest machine learning example,36.75,0.125,5,1,youtube_suggest,2026-09-01 13:49:32.455438
34,The Timberland Root Walker,26,27,random forest machine learning explanation,36.75,0.125,5,1,youtube_suggest,2026-09-01 13:49:32.455438
34,The Timberland Root Walker,26,28,big red machine forest green,36.75,0.125,5,1,youtube_suggest,2026-09-01 13:49:32.455438
34,The Timberland Root Walker,26,29,crystal forest slot machine jackpot,36.75,0.125,5,1,youtube_suggest,2026-09-01 13:49:32.455438
34,The Timberland Root Walker,26,30,deep forest live machine 2025,36.75,0.125,5,1,youtube_suggest,2026-09-01 13:49:32.455438
34,The Timberland Root Walker,26,31,random forest machine learning python,36.75,0.125,5,1,youtube_suggest,2026-09-01 13:49:32.455438
34,The Timberland Root Walker,26,32,random forest machine learning algorithm,36.75,0.125,5,1,youtube_suggest,2026-09-01 13:49:32.455438
34,The Timberland Root Walker,26,33,random forest model machine learning,36.75,0.125,5,1,youtube_suggest,2026-09-01 13:49:32.455438
34,The Timberland Root Walker,26,34,forest app kivabe use korbo,36.75,0.125,5,1,youtube_suggest,2026-09-01 13:49:32.455438
34,The Timberland Root Walker,26,35,deep forest computer machine,36.0,0.1429,4,1,youtube_suggest,2026-09-01 13:49:32.455438
34,The Timberland Root Walker,26,36,ets2 forest machinery dlc,36.0,0.1429,4,1,youtube_suggest,2026-09-01 13:49:32.455438
34,The Timberland Root Walker,26,37,ats forest machinery dlc,36.0,0.1429,4,1,youtube_suggest,2026-09-01 13:49:32.455438
34,The Timberland Root Walker,26,38,ets forest machinery dlc,36.0,0.1429,4,1,youtube_suggest,2026-09-01 13:49:32.455438
34,The Timberland Root Walker,26,39,isolation forest machine learning,36.0,0.1429,4,1,youtube_suggest,2026-09-01 13:49:32.455438
34,The Timberland Root Walker,26,40,deep forest live machine,36.0,0.1429,4,1,youtube_suggest,2026-09-01 13:49:32.455438
34,The Timberland Root Walker,26,41,forest drama bangla explain,36.0,0.1429,4,1,youtube_suggest,2026-09-01 13:49:32.455438
34,The Timberland Root Walker,26,42,forest elf set pubg,36.0,0.1429,4,1,youtube_suggest,2026-09-01 13:49:32.455438
34,The Timberland Root Walker,26,43,forest machinery ets2,35.67,0.1667,3,1,youtube_suggest,2026-09-01 13:49:32.471056
34,The Timberland Root Walker,26,44,forest machine learning,35.67,0.1667,3,1,youtube_suggest,2026-09-01 13:49:32.471391
34,The Timberland Root Walker,26,45,forest machine impression,35.67,0.1667,3,1,youtube_suggest,2026-09-01 13:49:32.471903
34,The Timberland Root Walker,26,46,forest machine operator,35.67,0.1667,3,1,youtube_suggest,2026-09-01 13:49:32.471903
34,The Timberland Root Walker,26,47,forest machinery dlc,35.67,0.1667,3,1,youtube_suggest,2026-09-01 13:49:32.471903
34,The Timberland Root Walker,26,48,forest machine fail,35.67,0.1667,3,1,youtube_suggest,2026-09-01 13:49:32.471903
34,The Timberland Root Walker,26,49,forest machinery ets,35.67,0.1667,3,1,youtube_suggest,2026-09-01 13:49:32.471903
34,The Timberland Root Walker,26,50,forest clearing machine,35.67,0.1667,3,1,youtube_suggest,2026-09-01 13:49:32.471903
34,The Timberland Root Walker,26,51,forest cleaning machine,35.67,0.1667,3,1,youtube_suggest,2026-09-01 13:49:32.471903
34,The Timberland Root Walker,26,52,forest cleaner machine,35.67,0.1667,3,1,youtube_suggest,2026-09-01 13:49:32.471903
34,The Timberland Root Walker,26,53,forest clearing machinery,35.67,0.1667,3,1,youtube_suggest,2026-09-01 13:49:32.471903
34,The Timberland Root Walker,26,54,canada forest machine,35.67,0.1667,3,1,youtube_suggest,2026-09-01 13:49:32.471903
34,The Timberland Root Walker,26,55,forest cutting machine,35.67,0.1667,3,1,youtube_suggest,2026-09-01 13:49:32.471903
34,The Timberland Root Walker,26,56,forest cutter machine,35.67,0.1667,3,1,youtube_suggest,2026-09-01 13:49:32.471903
34,The Timberland Root Walker,26,57,ets2 forest machine,35.67,0.1667,3,1,youtube_suggest,2026-09-01 13:49:32.471903
34,The Timberland Root Walker,26,58,forest food maker,35.67,0.1667,3,1,youtube_suggest,2026-09-01 13:49:32.471903
34,The Timberland Root Walker,26,59,forest harvester machine,35.67,0.1667,3,1,youtube_suggest,2026-09-01 13:49:32.471903
34,The Timberland Root Walker,26,60,forest house maker,35.67,0.1667,3,1,youtube_suggest,2026-09-01 13:49:32.471903
35,Bioluminescent Spore Fortress,27,1,sons of the forest machine gun,40.0,0.1429,6,1,youtube_suggest,2026-09-01 13:50:04.858015
35,Bioluminescent Spore Fortress,27,2,forest er bangla ki,40.0,0.2,4,1,youtube_suggest,2026-09-01 13:50:04.858015
35,Bioluminescent Spore Fortress,27,3,random forest in machine learning in telugu,38.75,0.125,7,1,youtube_suggest,2026-09-01 13:50:04.858015
35,Bioluminescent Spore Fortress,27,4,random forest in machine learning tamil,38.75,0.125,6,1,youtube_suggest,2026-09-01 13:50:04.859017
35,Bioluminescent Spore Fortress,27,5,random forest in machine learning example,38.75,0.125,6,1,youtube_suggest,2026-09-01 13:50:04.859017
35,Bioluminescent Spore Fortress,27,6,random forest in machine learning malayalam,38.75,0.125,6,1,youtube_suggest,2026-09-01 13:50:04.859017
35,Bioluminescent Spore Fortress,27,7,random forest in machine learning numerical,38.75,0.125,6,1,youtube_suggest,2026-09-01 13:50:04.859017
35,Bioluminescent Spore Fortress,27,8,bagging random forest in machine learning,38.75,0.125,6,1,youtube_suggest,2026-09-01 13:50:04.860014
35,Bioluminescent Spore Fortress,27,9,forest the machine,38.0,0.2,3,1,youtube_suggest,2026-09-01 13:50:04.860014
35,Bioluminescent Spore Fortress,27,10,random forest for machine learning,38.0,0.1429,5,1,youtube_suggest,2026-09-01 13:50:04.860014
35,Bioluminescent Spore Fortress,27,11,isolation forest in machine learning,38.0,0.1429,5,1,youtube_suggest,2026-09-01 13:50:04.860014
35,Bioluminescent Spore Fortress,27,12,random forest in machine learning,38.0,0.1429,5,1,youtube_suggest,2026-09-01 13:50:04.861016
35,Bioluminescent Spore Fortress,27,13,forest tiger forest,38.0,0.2,3,1,youtube_suggest,2026-09-01 13:50:04.861016
35,Bioluminescent Spore Fortress,27,14,forest animals video,38.0,0.2,3,1,youtube_suggest,2026-09-01 13:50:04.861016
35,Bioluminescent Spore Fortress,27,15,forest dhaka forest,38.0,0.2,3,1,youtube_suggest,2026-09-01 13:50:04.861016
35,Bioluminescent Spore Fortress,27,16,forest for natok,38.0,0.2,3,1,youtube_suggest,2026-09-01 13:50:04.862018
35,Bioluminescent Spore Fortress,27,17,random forest in machine learning mahesh huddar,37.78,0.1111,7,1,youtube_suggest,2026-09-01 13:50:04.862018
35,Bioluminescent Spore Fortress,27,18,random forest machine learning krish naik,37.78,0.1111,6,1,youtube_suggest,2026-09-01 13:50:04.862018
35,Bioluminescent Spore Fortress,27,19,forest fire prediction using machine learning,37.78,0.1111,6,1,youtube_suggest,2026-09-01 13:50:04.862018
35,Bioluminescent Spore Fortress,27,20,forest fire detection using machine learning,37.78,0.1111,6,1,youtube_suggest,2026-09-01 13:50:04.862018
35,Bioluminescent Spore Fortress,27,21,forest machinery american truck simulator,36.75,0.125,5,1,youtube_suggest,2026-09-01 13:50:04.863016
35,Bioluminescent Spore Fortress,27,22,random forest algorithm machine learning,36.75,0.125,5,1,youtube_suggest,2026-09-01 13:50:04.863016
35,Bioluminescent Spore Fortress,27,23,forest fair mall ball machine,36.75,0.125,5,1,youtube_suggest,2026-09-01 13:50:04.863016
35,Bioluminescent Spore Fortress,27,24,random forest machine learning deutsch,36.75,0.125,5,1,youtube_suggest,2026-09-01 13:50:04.863016
35,Bioluminescent Spore Fortress,27,25,random forest machine learning explained,36.75,0.125,5,1,youtube_suggest,2026-09-01 13:50:04.864018
35,Bioluminescent Spore Fortress,27,26,random forest machine learning example,36.75,0.125,5,1,youtube_suggest,2026-09-01 13:50:04.864018
35,Bioluminescent Spore Fortress,27,27,random forest machine learning explanation,36.75,0.125,5,1,youtube_suggest,2026-09-01 13:50:04.864018
35,Bioluminescent Spore Fortress,27,28,big red machine forest green,36.75,0.125,5,1,youtube_suggest,2026-09-01 13:50:04.864018
35,Bioluminescent Spore Fortress,27,29,crystal forest slot machine jackpot,36.75,0.125,5,1,youtube_suggest,2026-09-01 13:50:04.865016
35,Bioluminescent Spore Fortress,27,30,deep forest live machine 2025,36.75,0.125,5,1,youtube_suggest,2026-09-01 13:50:04.865016
35,Bioluminescent Spore Fortress,27,31,random forest machine learning python,36.75,0.125,5,1,youtube_suggest,2026-09-01 13:50:04.865016
35,Bioluminescent Spore Fortress,27,32,random forest machine learning algorithm,36.75,0.125,5,1,youtube_suggest,2026-09-01 13:50:04.865016
35,Bioluminescent Spore Fortress,27,33,random forest model machine learning,36.75,0.125,5,1,youtube_suggest,2026-09-01 13:50:04.865016
35,Bioluminescent Spore Fortress,27,34,forest app kivabe use korbo,36.75,0.125,5,1,youtube_suggest,2026-09-01 13:50:04.866015
35,Bioluminescent Spore Fortress,27,35,deep forest computer machine,36.0,0.1429,4,1,youtube_suggest,2026-09-01 13:50:04.866015
35,Bioluminescent Spore Fortress,27,36,ets2 forest machinery dlc,36.0,0.1429,4,1,youtube_suggest,2026-09-01 13:50:04.866015
35,Bioluminescent Spore Fortress,27,37,ats forest machinery dlc,36.0,0.1429,4,1,youtube_suggest,2026-09-01 13:50:04.866015
35,Bioluminescent Spore Fortress,27,38,ets forest machinery dlc,36.0,0.1429,4,1,youtube_suggest,2026-09-01 13:50:04.867016
35,Bioluminescent Spore Fortress,27,39,isolation forest machine learning,36.0,0.1429,4,1,youtube_suggest,2026-09-01 13:50:04.867016
35,Bioluminescent Spore Fortress,27,40,deep forest live machine,36.0,0.1429,4,1,youtube_suggest,2026-09-01 13:50:04.867016
35,Bioluminescent Spore Fortress,27,41,forest drama bangla explain,36.0,0.1429,4,1,youtube_suggest,2026-09-01 13:50:04.867016
35,Bioluminescent Spore Fortress,27,42,forest elf set pubg,36.0,0.1429,4,1,youtube_suggest,2026-09-01 13:50:04.867016
35,Bioluminescent Spore Fortress,27,43,forest machinery ets2,35.67,0.1667,3,1,youtube_suggest,2026-09-01 13:50:04.868350
35,Bioluminescent Spore Fortress,27,44,forest machine learning,35.67,0.1667,3,1,youtube_suggest,2026-09-01 13:50:04.868350
35,Bioluminescent Spore Fortress,27,45,forest machine impression,35.67,0.1667,3,1,youtube_suggest,2026-09-01 13:50:04.868350
35,Bioluminescent Spore Fortress,27,46,forest machine operator,35.67,0.1667,3,1,youtube_suggest,2026-09-01 13:50:04.869356
35,Bioluminescent Spore Fortress,27,47,forest machinery dlc,35.67,0.1667,3,1,youtube_suggest,2026-09-01 13:50:04.869356
35,Bioluminescent Spore Fortress,27,48,forest machine fail,35.67,0.1667,3,1,youtube_suggest,2026-09-01 13:50:04.869356
35,Bioluminescent Spore Fortress,27,49,forest machinery ets,35.67,0.1667,3,1,youtube_suggest,2026-09-01 13:50:04.869356
35,Bioluminescent Spore Fortress,27,50,forest clearing machine,35.67,0.1667,3,1,youtube_suggest,2026-09-01 13:50:04.870564
35,Bioluminescent Spore Fortress,27,51,forest cleaning machine,35.67,0.1667,3,1,youtube_suggest,2026-09-01 13:50:04.870564
35,Bioluminescent Spore Fortress,27,52,forest cleaner machine,35.67,0.1667,3,1,youtube_suggest,2026-09-01 13:50:04.870564
35,Bioluminescent Spore Fortress,27,53,forest clearing machinery,35.67,0.1667,3,1,youtube_suggest,2026-09-01 13:50:04.870564
35,Bioluminescent Spore Fortress,27,54,canada forest machine,35.67,0.1667,3,1,youtube_suggest,2026-09-01 13:50:04.871569
35,Bioluminescent Spore Fortress,27,55,forest cutting machine,35.67,0.1667,3,1,youtube_suggest,2026-09-01 13:50:04.871569
35,Bioluminescent Spore Fortress,27,56,forest cutter machine,35.67,0.1667,3,1,youtube_suggest,2026-09-01 13:50:04.871569
35,Bioluminescent Spore Fortress,27,57,ets2 forest machine,35.67,0.1667,3,1,youtube_suggest,2026-09-01 13:50:04.871569
35,Bioluminescent Spore Fortress,27,58,forest food maker,35.67,0.1667,3,1,youtube_suggest,2026-09-01 13:50:04.872568
35,Bioluminescent Spore Fortress,27,59,forest harvester machine,35.67,0.1667,3,1,youtube_suggest,2026-09-01 13:50:04.872568
35,Bioluminescent Spore Fortress,27,60,forest house maker,35.67,0.1667,3,1,youtube_suggest,2026-09-01 13:50:04.872568
36,Atmospheric Timber Leviathan,28,1,sons of the forest machine gun,40.0,0.1429,6,1,youtube_suggest,2026-09-01 13:50:38.782681
36,Atmospheric Timber Leviathan,28,2,forest er bangla ki,40.0,0.2,4,1,youtube_suggest,2026-09-01 13:50:38.782681
36,Atmospheric Timber Leviathan,28,3,random forest in machine learning in telugu,38.75,0.125,7,1,youtube_suggest,2026-09-01 13:50:38.782681
36,Atmospheric Timber Leviathan,28,4,random forest in machine learning tamil,38.75,0.125,6,1,youtube_suggest,2026-09-01 13:50:38.782681
36,Atmospheric Timber Leviathan,28,5,random forest in machine learning example,38.75,0.125,6,1,youtube_suggest,2026-09-01 13:50:38.782681
36,Atmospheric Timber Leviathan,28,6,random forest in machine learning malayalam,38.75,0.125,6,1,youtube_suggest,2026-09-01 13:50:38.782681
36,Atmospheric Timber Leviathan,28,7,random forest in machine learning numerical,38.75,0.125,6,1,youtube_suggest,2026-09-01 13:50:38.782681
36,Atmospheric Timber Leviathan,28,8,bagging random forest in machine learning,38.75,0.125,6,1,youtube_suggest,2026-09-01 13:50:38.782681
36,Atmospheric Timber Leviathan,28,9,forest the machine,38.0,0.2,3,1,youtube_suggest,2026-09-01 13:50:38.782681
36,Atmospheric Timber Leviathan,28,10,random forest for machine learning,38.0,0.1429,5,1,youtube_suggest,2026-09-01 13:50:38.782681
36,Atmospheric Timber Leviathan,28,11,isolation forest in machine learning,38.0,0.1429,5,1,youtube_suggest,2026-09-01 13:50:38.782681
36,Atmospheric Timber Leviathan,28,12,random forest in machine learning,38.0,0.1429,5,1,youtube_suggest,2026-09-01 13:50:38.782681
36,Atmospheric Timber Leviathan,28,13,forest tiger forest,38.0,0.2,3,1,youtube_suggest,2026-09-01 13:50:38.782681
36,Atmospheric Timber Leviathan,28,14,forest animals video,38.0,0.2,3,1,youtube_suggest,2026-09-01 13:50:38.782681
36,Atmospheric Timber Leviathan,28,15,forest dhaka forest,38.0,0.2,3,1,youtube_suggest,2026-09-01 13:50:38.796559
36,Atmospheric Timber Leviathan,28,16,forest for natok,38.0,0.2,3,1,youtube_suggest,2026-09-01 13:50:38.796559
36,Atmospheric Timber Leviathan,28,17,random forest in machine learning mahesh huddar,37.78,0.1111,7,1,youtube_suggest,2026-09-01 13:50:38.796559
36,Atmospheric Timber Leviathan,28,18,random forest machine learning krish naik,37.78,0.1111,6,1,youtube_suggest,2026-09-01 13:50:38.796559
36,Atmospheric Timber Leviathan,28,19,forest fire prediction using machine learning,37.78,0.1111,6,1,youtube_suggest,2026-09-01 13:50:38.796559
36,Atmospheric Timber Leviathan,28,20,forest fire detection using machine learning,37.78,0.1111,6,1,youtube_suggest,2026-09-01 13:50:38.799143
36,Atmospheric Timber Leviathan,28,21,forest machinery american truck simulator,36.75,0.125,5,1,youtube_suggest,2026-09-01 13:50:38.799143
36,Atmospheric Timber Leviathan,28,22,random forest algorithm machine learning,36.75,0.125,5,1,youtube_suggest,2026-09-01 13:50:38.799143
36,Atmospheric Timber Leviathan,28,23,forest fair mall ball machine,36.75,0.125,5,1,youtube_suggest,2026-09-01 13:50:38.799143
36,Atmospheric Timber Leviathan,28,24,random forest machine learning deutsch,36.75,0.125,5,1,youtube_suggest,2026-09-01 13:50:38.799143
36,Atmospheric Timber Leviathan,28,25,random forest machine learning explained,36.75,0.125,5,1,youtube_suggest,2026-09-01 13:50:38.799143
36,Atmospheric Timber Leviathan,28,26,random forest machine learning example,36.75,0.125,5,1,youtube_suggest,2026-09-01 13:50:38.799143
36,Atmospheric Timber Leviathan,28,27,random forest machine learning explanation,36.75,0.125,5,1,youtube_suggest,2026-09-01 13:50:38.799143
36,Atmospheric Timber Leviathan,28,28,big red machine forest green,36.75,0.125,5,1,youtube_suggest,2026-09-01 13:50:38.799143
36,Atmospheric Timber Leviathan,28,29,crystal forest slot machine jackpot,36.75,0.125,5,1,youtube_suggest,2026-09-01 13:50:38.799143
36,Atmospheric Timber Leviathan,28,30,deep forest live machine 2025,36.75,0.125,5,1,youtube_suggest,2026-09-01 13:50:38.799143
36,Atmospheric Timber Leviathan,28,31,random forest machine learning python,36.75,0.125,5,1,youtube_suggest,2026-09-01 13:50:38.799143
36,Atmospheric Timber Leviathan,28,32,random forest machine learning algorithm,36.75,0.125,5,1,youtube_suggest,2026-09-01 13:50:38.799143
36,Atmospheric Timber Leviathan,28,33,random forest model machine learning,36.75,0.125,5,1,youtube_suggest,2026-09-01 13:50:38.799143
36,Atmospheric Timber Leviathan,28,34,forest app kivabe use korbo,36.75,0.125,5,1,youtube_suggest,2026-09-01 13:50:38.799143
36,Atmospheric Timber Leviathan,28,35,deep forest computer machine,36.0,0.1429,4,1,youtube_suggest,2026-09-01 13:50:38.799143
36,Atmospheric Timber Leviathan,28,36,ets2 forest machinery dlc,36.0,0.1429,4,1,youtube_suggest,2026-09-01 13:50:38.806041
36,Atmospheric Timber Leviathan,28,37,ats forest machinery dlc,36.0,0.1429,4,1,youtube_suggest,2026-09-01 13:50:38.806041
36,Atmospheric Timber Leviathan,28,38,ets forest machinery dlc,36.0,0.1429,4,1,youtube_suggest,2026-09-01 13:50:38.807079
36,Atmospheric Timber Leviathan,28,39,isolation forest machine learning,36.0,0.1429,4,1,youtube_suggest,2026-09-01 13:50:38.807079
36,Atmospheric Timber Leviathan,28,40,deep forest live machine,36.0,0.1429,4,1,youtube_suggest,2026-09-01 13:50:38.809614
36,Atmospheric Timber Leviathan,28,41,forest drama bangla explain,36.0,0.1429,4,1,youtube_suggest,2026-09-01 13:50:38.809899
36,Atmospheric Timber Leviathan,28,42,forest elf set pubg,36.0,0.1429,4,1,youtube_suggest,2026-09-01 13:50:38.810433
36,Atmospheric Timber Leviathan,28,43,forest machinery ets2,35.67,0.1667,3,1,youtube_suggest,2026-09-01 13:50:38.810433
36,Atmospheric Timber Leviathan,28,44,forest machine learning,35.67,0.1667,3,1,youtube_suggest,2026-09-01 13:50:38.810433
36,Atmospheric Timber Leviathan,28,45,forest machine impression,35.67,0.1667,3,1,youtube_suggest,2026-09-01 13:50:38.810433
36,Atmospheric Timber Leviathan,28,46,forest machine operator,35.67,0.1667,3,1,youtube_suggest,2026-09-01 13:50:38.811431
36,Atmospheric Timber Leviathan,28,47,forest machinery dlc,35.67,0.1667,3,1,youtube_suggest,2026-09-01 13:50:38.811431
36,Atmospheric Timber Leviathan,28,48,forest machine fail,35.67,0.1667,3,1,youtube_suggest,2026-09-01 13:50:38.811431
36,Atmospheric Timber Leviathan,28,49,forest machinery ets,35.67,0.1667,3,1,youtube_suggest,2026-09-01 13:50:38.812431
36,Atmospheric Timber Leviathan,28,50,forest clearing machine,35.67,0.1667,3,1,youtube_suggest,2026-09-01 13:50:38.812431
36,Atmospheric Timber Leviathan,28,51,forest cleaning machine,35.67,0.1667,3,1,youtube_suggest,2026-09-01 13:50:38.812431
36,Atmospheric Timber Leviathan,28,52,forest cleaner machine,35.67,0.1667,3,1,youtube_suggest,2026-09-01 13:50:38.812431
36,Atmospheric Timber Leviathan,28,53,forest clearing machinery,35.67,0.1667,3,1,youtube_suggest,2026-09-01 13:50:38.813437
36,Atmospheric Timber Leviathan,28,54,canada forest machine,35.67,0.1667,3,1,youtube_suggest,2026-09-01 13:50:38.813437
36,Atmospheric Timber Leviathan,28,55,forest cutting machine,35.67,0.1667,3,1,youtube_suggest,2026-09-01 13:50:38.813437
36,Atmospheric Timber Leviathan,28,56,forest cutter machine,35.67,0.1667,3,1,youtube_suggest,2026-09-01 13:50:38.814459
36,Atmospheric Timber Leviathan,28,57,ets2 forest machine,35.67,0.1667,3,1,youtube_suggest,2026-09-01 13:50:38.814459
36,Atmospheric Timber Leviathan,28,58,forest food maker,35.67,0.1667,3,1,youtube_suggest,2026-09-01 13:50:38.815454
36,Atmospheric Timber Leviathan,28,59,forest harvester machine,35.67,0.1667,3,1,youtube_suggest,2026-09-01 13:50:38.816451
36,Atmospheric Timber Leviathan,28,60,forest house maker,35.67,0.1667,3,1,youtube_suggest,2026-09-01 13:50:38.816451
37,The Ancient Grove Siphon,29,1,sons of the forest machine gun,40.0,0.1429,6,1,youtube_suggest,2026-09-01 13:51:11.303457
37,The Ancient Grove Siphon,29,2,forest er bangla ki,40.0,0.2,4,1,youtube_suggest,2026-09-01 13:51:11.303457
37,The Ancient Grove Siphon,29,3,random forest in machine learning in telugu,38.75,0.125,7,1,youtube_suggest,2026-09-01 13:51:11.306953
37,The Ancient Grove Siphon,29,4,random forest in machine learning tamil,38.75,0.125,6,1,youtube_suggest,2026-09-01 13:51:11.307404
37,The Ancient Grove Siphon,29,5,random forest in machine learning example,38.75,0.125,6,1,youtube_suggest,2026-09-01 13:51:11.307404
37,The Ancient Grove Siphon,29,6,random forest in machine learning malayalam,38.75,0.125,6,1,youtube_suggest,2026-09-01 13:51:11.307404
37,The Ancient Grove Siphon,29,7,random forest in machine learning numerical,38.75,0.125,6,1,youtube_suggest,2026-09-01 13:51:11.308451
37,The Ancient Grove Siphon,29,8,bagging random forest in machine learning,38.75,0.125,6,1,youtube_suggest,2026-09-01 13:51:11.309035
37,The Ancient Grove Siphon,29,9,forest the machine,38.0,0.2,3,1,youtube_suggest,2026-09-01 13:51:11.309035
37,The Ancient Grove Siphon,29,10,random forest for machine learning,38.0,0.1429,5,1,youtube_suggest,2026-09-01 13:51:11.309035
37,The Ancient Grove Siphon,29,11,isolation forest in machine learning,38.0,0.1429,5,1,youtube_suggest,2026-09-01 13:51:11.310047
37,The Ancient Grove Siphon,29,12,random forest in machine learning,38.0,0.1429,5,1,youtube_suggest,2026-09-01 13:51:11.310047
37,The Ancient Grove Siphon,29,13,forest tiger forest,38.0,0.2,3,1,youtube_suggest,2026-09-01 13:51:11.310047
37,The Ancient Grove Siphon,29,14,forest animals video,38.0,0.2,3,1,youtube_suggest,2026-09-01 13:51:11.310047
37,The Ancient Grove Siphon,29,15,forest dhaka forest,38.0,0.2,3,1,youtube_suggest,2026-09-01 13:51:11.311043
37,The Ancient Grove Siphon,29,16,forest for natok,38.0,0.2,3,1,youtube_suggest,2026-09-01 13:51:11.311043
37,The Ancient Grove Siphon,29,17,random forest in machine learning mahesh huddar,37.78,0.1111,7,1,youtube_suggest,2026-09-01 13:51:11.311823
37,The Ancient Grove Siphon,29,18,random forest machine learning krish naik,37.78,0.1111,6,1,youtube_suggest,2026-09-01 13:51:11.311823
37,The Ancient Grove Siphon,29,19,forest fire prediction using machine learning,37.78,0.1111,6,1,youtube_suggest,2026-09-01 13:51:11.311823
37,The Ancient Grove Siphon,29,20,forest fire detection using machine learning,37.78,0.1111,6,1,youtube_suggest,2026-09-01 13:51:11.312824
37,The Ancient Grove Siphon,29,21,forest machinery american truck simulator,36.75,0.125,5,1,youtube_suggest,2026-09-01 13:51:11.313036
37,The Ancient Grove Siphon,29,22,random forest algorithm machine learning,36.75,0.125,5,1,youtube_suggest,2026-09-01 13:51:11.313036
37,The Ancient Grove Siphon,29,23,forest fair mall ball machine,36.75,0.125,5,1,youtube_suggest,2026-09-01 13:51:11.313036
37,The Ancient Grove Siphon,29,24,random forest machine learning deutsch,36.75,0.125,5,1,youtube_suggest,2026-09-01 13:51:11.313036
37,The Ancient Grove Siphon,29,25,random forest machine learning explained,36.75,0.125,5,1,youtube_suggest,2026-09-01 13:51:11.313036
37,The Ancient Grove Siphon,29,26,random forest machine learning example,36.75,0.125,5,1,youtube_suggest,2026-09-01 13:51:11.313036
37,The Ancient Grove Siphon,29,27,random forest machine learning explanation,36.75,0.125,5,1,youtube_suggest,2026-09-01 13:51:11.313036
37,The Ancient Grove Siphon,29,28,big red machine forest green,36.75,0.125,5,1,youtube_suggest,2026-09-01 13:51:11.313036
37,The Ancient Grove Siphon,29,29,crystal forest slot machine jackpot,36.75,0.125,5,1,youtube_suggest,2026-09-01 13:51:11.313036
37,The Ancient Grove Siphon,29,30,deep forest live machine 2025,36.75,0.125,5,1,youtube_suggest,2026-09-01 13:51:11.313036
37,The Ancient Grove Siphon,29,31,random forest machine learning python,36.75,0.125,5,1,youtube_suggest,2026-09-01 13:51:11.313036
37,The Ancient Grove Siphon,29,32,random forest machine learning algorithm,36.75,0.125,5,1,youtube_suggest,2026-09-01 13:51:11.313036
37,The Ancient Grove Siphon,29,33,random forest model machine learning,36.75,0.125,5,1,youtube_suggest,2026-09-01 13:51:11.313036
37,The Ancient Grove Siphon,29,34,forest app kivabe use korbo,36.75,0.125,5,1,youtube_suggest,2026-09-01 13:51:11.313036
37,The Ancient Grove Siphon,29,35,deep forest computer machine,36.0,0.1429,4,1,youtube_suggest,2026-09-01 13:51:11.313036
37,The Ancient Grove Siphon,29,36,ets2 forest machinery dlc,36.0,0.1429,4,1,youtube_suggest,2026-09-01 13:51:11.313036
37,The Ancient Grove Siphon,29,37,ats forest machinery dlc,36.0,0.1429,4,1,youtube_suggest,2026-09-01 13:51:11.313036
37,The Ancient Grove Siphon,29,38,ets forest machinery dlc,36.0,0.1429,4,1,youtube_suggest,2026-09-01 13:51:11.313036
37,The Ancient Grove Siphon,29,39,isolation forest machine learning,36.0,0.1429,4,1,youtube_suggest,2026-09-01 13:51:11.313036
37,The Ancient Grove Siphon,29,40,deep forest live machine,36.0,0.1429,4,1,youtube_suggest,2026-09-01 13:51:11.313036
37,The Ancient Grove Siphon,29,41,forest drama bangla explain,36.0,0.1429,4,1,youtube_suggest,2026-09-01 13:51:11.313036
37,The Ancient Grove Siphon,29,42,forest elf set pubg,36.0,0.1429,4,1,youtube_suggest,2026-09-01 13:51:11.313036
37,The Ancient Grove Siphon,29,43,forest machinery ets2,35.67,0.1667,3,1,youtube_suggest,2026-09-01 13:51:11.313036
37,The Ancient Grove Siphon,29,44,forest machine learning,35.67,0.1667,3,1,youtube_suggest,2026-09-01 13:51:11.313036
37,The Ancient Grove Siphon,29,45,forest machine impression,35.67,0.1667,3,1,youtube_suggest,2026-09-01 13:51:11.313036
37,The Ancient Grove Siphon,29,46,forest machine operator,35.67,0.1667,3,1,youtube_suggest,2026-09-01 13:51:11.313036
37,The Ancient Grove Siphon,29,47,forest machinery dlc,35.67,0.1667,3,1,youtube_suggest,2026-09-01 13:51:11.313036
37,The Ancient Grove Siphon,29,48,forest machine fail,35.67,0.1667,3,1,youtube_suggest,2026-09-01 13:51:11.313036
37,The Ancient Grove Siphon,29,49,forest machinery ets,35.67,0.1667,3,1,youtube_suggest,2026-09-01 13:51:11.313036
37,The Ancient Grove Siphon,29,50,forest clearing machine,35.67,0.1667,3,1,youtube_suggest,2026-09-01 13:51:11.313036
37,The Ancient Grove Siphon,29,51,forest cleaning machine,35.67,0.1667,3,1,youtube_suggest,2026-09-01 13:51:11.313036
37,The Ancient Grove Siphon,29,52,forest cleaner machine,35.67,0.1667,3,1,youtube_suggest,2026-09-01 13:51:11.313036
37,The Ancient Grove Siphon,29,53,forest clearing machinery,35.67,0.1667,3,1,youtube_suggest,2026-09-01 13:51:11.313036
37,The Ancient Grove Siphon,29,54,canada forest machine,35.67,0.1667,3,1,youtube_suggest,2026-09-01 13:51:11.313036
37,The Ancient Grove Siphon,29,55,forest cutting machine,35.67,0.1667,3,1,youtube_suggest,2026-09-01 13:51:11.313036
37,The Ancient Grove Siphon,29,56,forest cutter machine,35.67,0.1667,3,1,youtube_suggest,2026-09-01 13:51:11.313036
37,The Ancient Grove Siphon,29,57,ets2 forest machine,35.67,0.1667,3,1,youtube_suggest,2026-09-01 13:51:11.313036
37,The Ancient Grove Siphon,29,58,forest food maker,35.67,0.1667,3,1,youtube_suggest,2026-09-01 13:51:11.313036
37,The Ancient Grove Siphon,29,59,forest harvester machine,35.67,0.1667,3,1,youtube_suggest,2026-09-01 13:51:11.313036
37,The Ancient Grove Siphon,29,60,forest house maker,35.67,0.1667,3,1,youtube_suggest,2026-09-01 13:51:11.313036
38,Ironwood Deep-Root Excavator,30,1,deep forest computer machine,46.0,0.2857,4,1,youtube_suggest,2026-09-01 13:51:43.781537
38,Ironwood Deep-Root Excavator,30,2,deep forest live machine,46.0,0.2857,4,1,youtube_suggest,2026-09-01 13:51:43.781537
38,Ironwood Deep-Root Excavator,30,3,deep forest live machine 2025,45.5,0.25,5,1,youtube_suggest,2026-09-01 13:51:43.781537
38,Ironwood Deep-Root Excavator,30,4,sons of the forest machine gun,38.75,0.125,6,1,youtube_suggest,2026-09-01 13:51:43.781537
38,Ironwood Deep-Root Excavator,30,5,random forest in machine learning in telugu,37.78,0.1111,7,1,youtube_suggest,2026-09-01 13:51:43.781537
38,Ironwood Deep-Root Excavator,30,6,random forest in machine learning tamil,37.78,0.1111,6,1,youtube_suggest,2026-09-01 13:51:43.781537
38,Ironwood Deep-Root Excavator,30,7,random forest in machine learning example,37.78,0.1111,6,1,youtube_suggest,2026-09-01 13:51:43.781537
38,Ironwood Deep-Root Excavator,30,8,random forest in machine learning malayalam,37.78,0.1111,6,1,youtube_suggest,2026-09-01 13:51:43.781537
38,Ironwood Deep-Root Excavator,30,9,random forest in machine learning numerical,37.78,0.1111,6,1,youtube_suggest,2026-09-01 13:51:43.781537
38,Ironwood Deep-Root Excavator,30,10,bagging random forest in machine learning,37.78,0.1111,6,1,youtube_suggest,2026-09-01 13:51:43.795550
38,Ironwood Deep-Root Excavator,30,11,forest er bangla ki,37.67,0.1667,4,1,youtube_suggest,2026-09-01 13:51:43.795550
38,Ironwood Deep-Root Excavator,30,12,random forest in machine learning mahesh huddar,37.0,0.1,7,1,youtube_suggest,2026-09-01 13:51:43.795550
38,Ironwood Deep-Root Excavator,30,13,random forest machine learning krish naik,37.0,0.1,6,1,youtube_suggest,2026-09-01 13:51:43.795550
38,Ironwood Deep-Root Excavator,30,14,forest fire prediction using machine learning,37.0,0.1,6,1,youtube_suggest,2026-09-01 13:51:43.795550
38,Ironwood Deep-Root Excavator,30,15,forest fire detection using machine learning,37.0,0.1,6,1,youtube_suggest,2026-09-01 13:51:43.795550
38,Ironwood Deep-Root Excavator,30,16,random forest for machine learning,36.75,0.125,5,1,youtube_suggest,2026-09-01 13:51:43.795550
38,Ironwood Deep-Root Excavator,30,17,isolation forest in machine learning,36.75,0.125,5,1,youtube_suggest,2026-09-01 13:51:43.795550
38,Ironwood Deep-Root Excavator,30,18,random forest in machine learning,36.75,0.125,5,1,youtube_suggest,2026-09-01 13:51:43.795550
38,Ironwood Deep-Root Excavator,30,19,forest machinery american truck simulator,35.78,0.1111,5,1,youtube_suggest,2026-09-01 13:51:43.795550
38,Ironwood Deep-Root Excavator,30,20,random forest algorithm machine learning,35.78,0.1111,5,1,youtube_suggest,2026-09-01 13:51:43.795550
38,Ironwood Deep-Root Excavator,30,21,forest fair mall ball machine,35.78,0.1111,5,1,youtube_suggest,2026-09-01 13:51:43.795550
38,Ironwood Deep-Root Excavator,30,22,random forest machine learning deutsch,35.78,0.1111,5,1,youtube_suggest,2026-09-01 13:51:43.795550
38,Ironwood Deep-Root Excavator,30,23,random forest machine learning explained,35.78,0.1111,5,1,youtube_suggest,2026-09-01 13:51:43.795550
38,Ironwood Deep-Root Excavator,30,24,random forest machine learning example,35.78,0.1111,5,1,youtube_suggest,2026-09-01 13:51:43.795550
38,Ironwood Deep-Root Excavator,30,25,random forest machine learning explanation,35.78,0.1111,5,1,youtube_suggest,2026-09-01 13:51:43.795550
38,Ironwood Deep-Root Excavator,30,26,big red machine forest green,35.78,0.1111,5,1,youtube_suggest,2026-09-01 13:51:43.795550
38,Ironwood Deep-Root Excavator,30,27,crystal forest slot machine jackpot,35.78,0.1111,5,1,youtube_suggest,2026-09-01 13:51:43.795550
38,Ironwood Deep-Root Excavator,30,28,random forest machine learning python,35.78,0.1111,5,1,youtube_suggest,2026-09-01 13:51:43.795550
38,Ironwood Deep-Root Excavator,30,29,random forest machine learning algorithm,35.78,0.1111,5,1,youtube_suggest,2026-09-01 13:51:43.795550
38,Ironwood Deep-Root Excavator,30,30,random forest model machine learning,35.78,0.1111,5,1,youtube_suggest,2026-09-01 13:51:43.795550
38,Ironwood Deep-Root Excavator,30,31,forest app kivabe use korbo,35.78,0.1111,5,1,youtube_suggest,2026-09-01 13:51:43.795550
38,Ironwood Deep-Root Excavator,30,32,forest the machine,35.67,0.1667,3,1,youtube_suggest,2026-09-01 13:51:43.795550
38,Ironwood Deep-Root Excavator,30,33,forest tiger forest,35.67,0.1667,3,1,youtube_suggest,2026-09-01 13:51:43.795550
38,Ironwood Deep-Root Excavator,30,34,forest animals video,35.67,0.1667,3,1,youtube_suggest,2026-09-01 13:51:43.795550
38,Ironwood Deep-Root Excavator,30,35,forest dhaka forest,35.67,0.1667,3,1,youtube_suggest,2026-09-01 13:51:43.795550
38,Ironwood Deep-Root Excavator,30,36,forest for natok,35.67,0.1667,3,1,youtube_suggest,2026-09-01 13:51:43.795550
38,Ironwood Deep-Root Excavator,30,37,ets2 forest machinery dlc,34.75,0.125,4,1,youtube_suggest,2026-09-01 13:51:43.795550
38,Ironwood Deep-Root Excavator,30,38,ats forest machinery dlc,34.75,0.125,4,1,youtube_suggest,2026-09-01 13:51:43.795550
38,Ironwood Deep-Root Excavator,30,39,ets forest machinery dlc,34.75,0.125,4,1,youtube_suggest,2026-09-01 13:51:43.795550
38,Ironwood Deep-Root Excavator,30,40,isolation forest machine learning,34.75,0.125,4,1,youtube_suggest,2026-09-01 13:51:43.795550
38,Ironwood Deep-Root Excavator,30,41,forest drama bangla explain,34.75,0.125,4,1,youtube_suggest,2026-09-01 13:51:43.795550
38,Ironwood Deep-Root Excavator,30,42,forest elf set pubg,34.75,0.125,4,1,youtube_suggest,2026-09-01 13:51:43.795550
38,Ironwood Deep-Root Excavator,30,43,forest machinery ets2,34.0,0.1429,3,1,youtube_suggest,2026-09-01 13:51:43.795550
38,Ironwood Deep-Root Excavator,30,44,forest machine learning,34.0,0.1429,3,1,youtube_suggest,2026-09-01 13:51:43.795550
38,Ironwood Deep-Root Excavator,30,45,forest machine impression,34.0,0.1429,3,1,youtube_suggest,2026-09-01 13:51:43.795550
38,Ironwood Deep-Root Excavator,30,46,forest machine operator,34.0,0.1429,3,1,youtube_suggest,2026-09-01 13:51:43.795550
38,Ironwood Deep-Root Excavator,30,47,forest machinery dlc,34.0,0.1429,3,1,youtube_suggest,2026-09-01 13:51:43.795550
38,Ironwood Deep-Root Excavator,30,48,forest machine fail,34.0,0.1429,3,1,youtube_suggest,2026-09-01 13:51:43.795550
38,Ironwood Deep-Root Excavator,30,49,forest machinery ets,34.0,0.1429,3,1,youtube_suggest,2026-09-01 13:51:43.795550
38,Ironwood Deep-Root Excavator,30,50,forest clearing machine,34.0,0.1429,3,1,youtube_suggest,2026-09-01 13:51:43.816095
38,Ironwood Deep-Root Excavator,30,51,forest cleaning machine,34.0,0.1429,3,1,youtube_suggest,2026-09-01 13:51:43.816095
38,Ironwood Deep-Root Excavator,30,52,forest cleaner machine,34.0,0.1429,3,1,youtube_suggest,2026-09-01 13:51:43.816095
38,Ironwood Deep-Root Excavator,30,53,forest clearing machinery,34.0,0.1429,3,1,youtube_suggest,2026-09-01 13:51:43.816095
38,Ironwood Deep-Root Excavator,30,54,canada forest machine,34.0,0.1429,3,1,youtube_suggest,2026-09-01 13:51:43.816095
38,Ironwood Deep-Root Excavator,30,55,forest cutting machine,34.0,0.1429,3,1,youtube_suggest,2026-09-01 13:51:43.816095
38,Ironwood Deep-Root Excavator,30,56,forest cutter machine,34.0,0.1429,3,1,youtube_suggest,2026-09-01 13:51:43.816095
38,Ironwood Deep-Root Excavator,30,57,ets2 forest machine,34.0,0.1429,3,1,youtube_suggest,2026-09-01 13:51:43.816095
38,Ironwood Deep-Root Excavator,30,58,forest food maker,34.0,0.1429,3,1,youtube_suggest,2026-09-01 13:51:43.816095
38,Ironwood Deep-Root Excavator,30,59,forest harvester machine,34.0,0.1429,3,1,youtube_suggest,2026-09-01 13:51:43.816095
38,Ironwood Deep-Root Excavator,30,60,forest house maker,34.0,0.1429,3,1,youtube_suggest,2026-09-01 13:51:43.816095
