id,uuid,idea_id,generation_job_id,title,file_path,file_name,duration_seconds,width,height,fps,file_size_bytes,format,codec,resolution,thumbnail_path,subtitle_path,audio_path,quality_score,status,created_at
3,e54ff68f-75d8-41c4-987d-e0cd802003d5,2,,The Paddy Ocean Vacuum,C:\Users\Irak\Desktop\Youtube Pipeline\video\1Video10Sec\Generated_The_Paddy_Ocean_Vacuum_10Sec.mp4,Generated_The_Paddy_Ocean_Vacuum_10Sec.mp4,8.0,,,,10689011,,,1080x1920,,,,,completed,2026-08-18 09:00:57.354079
4,9cfe613a-f446-4ab9-8155-9c7cc5da603d,1,,Rice Titan Harvester,C:\\Users\\Irak\\Desktop\\Youtube Pipeline\\PromptDatabase\\output_packaged\\1.1.Level_10_Rice_Titan_Harvester\\1.1.Level_10_Rice_Titan_Harvester.mp4,1.1.Level_10_Rice_Titan_Harvester.mp4,8.0,,,,10485760,,,1080x1920,,,,,completed,2026-09-13T10:10:28.430682+00:00
5,ce300cf4-f31e-43c1-93e8-62b2e0b0d1a8,3,,Rice-Field Spider Colossus,/home/mdkamruzzamanirak_gmail_com/.openclaw/workspace/IROSCRIPT-CEO/social-media/youtube/Youtube Automation/video/1Video10Sec/Generated_Rice_Field_Spider_Colossus_10Sec.mp4,Generated_Rice_Field_Spider_Colossus_10Sec.mp4,8.0,,,,7300738,,,1080x1920,,,,,completed,2026-09-14 08:48:28.959275
6,2b0ace4e-c048-4653-9c79-9dfc3a8419c4,4,,The Monsoon Harvesting Ark,/home/mdkamruzzamanirak_gmail_com/.openclaw/workspace/IROSCRIPT-CEO/social-media/youtube/Youtube Automation/PromptDatabase/output_packaged/1.4.Level_10_The_Monsoon_Harvesting_Ark/1.4.Level_10_The_Monsoon_Harvesting_Ark.mp4,1.4.Level_10_The_Monsoon_Harvesting_Ark.mp4,8.0,,,,12232984,,,720x1280,,,,,completed,2026-09-17 08:12:32.831560
7,435b3836-69eb-4c5d-a153-43e39ea68ccb,5,,Paddy Ring Megaharvester,/home/mdkamruzzamanirak_gmail_com/.openclaw/workspace/IROSCRIPT-CEO/social-media/youtube/Youtube Automation/PromptDatabase/output_packaged/1.5.Level_10_Paddy_Ring_Megaharvester/1.5.Level_10_Paddy_Ring_Megaharvester.mp4,1.5.Level_10_Paddy_Ring_Megaharvester.mp4,8.0,,,,6485905,,,720x1280,,,,,completed,2026-09-18T10:31:07.816190+00:00
8,cbb182ed-d0b5-470d-b1be-efa5bd4f4036,6,,Sky Reaper Rice Fortress,/home/mdkamruzzamanirak_gmail_com/.openclaw/workspace/IROSCRIPT-CEO/social-media/youtube/Youtube Automation/PromptDatabase/output_packaged/1.6.Level_10_Sky_Reaper_Rice_Fortress/1.6.Level_10_Sky_Reaper_Rice_Fortress.mp4,1.6.Level_10_Sky_Reaper_Rice_Fortress.mp4,8.0,,,,10964006,,,720x1280,,,,,completed,2026-09-20T17:42:56.316127+00:00
9,dc0210f2-82af-4249-b760-5eba7236ebca,38,,Ironwood Deep-Root Excavator,/home/azureuser/.openclaw/workspace/IROSCRIPT-CEO/social-media/youtube/Youtube Automation/PromptDatabase/output_packaged/1.38.Level_10_Ironwood_Deep-Root_Excavator/1.38.Level_10_Ironwood_Deep-Root_Excavator.mp4,1.38.Level_10_Ironwood_Deep-Root_Excavator.mp4,8.0,720,1280,24.0,12256548,mp4,h264,720x1280,/home/azureuser/.openclaw/workspace/IROSCRIPT-CEO/social-media/youtube/Youtube Automation/PromptDatabase/output_packaged/1.38.Level_10_Ironwood_Deep-Root_Excavator/thumbnail.png,,,,completed,2026-09-23T18:42:20.818269+00:00
10,6e6085a8-114f-4ffd-96d8-9e94699ce31e,39,,Planetary Mycelial Loom,/home/azureuser/.openclaw/workspace/IROSCRIPT-CEO/social-media/youtube/Youtube Automation/PromptDatabase/output_packaged/1.39.Level_10_Planetary_Mycelial_Loom/1.39.Level_10_Planetary_Mycelial_Loom.mp4,1.39.Level_10_Planetary_Mycelial_Loom.mp4,8.0,720,1280,24.0,11263005,mp4,h264,720x1280,/home/azureuser/.openclaw/workspace/IROSCRIPT-CEO/social-media/youtube/Youtube Automation/PromptDatabase/output_packaged/1.39.Level_10_Planetary_Mycelial_Loom/thumbnail.png,,,,completed,2026-09-23T18:57:04.252660+00:00
11,c612b6f0-9618-4d42-81ad-9ed624e9118b,40,,The Evergreen Core Furnace,/home/azureuser/.openclaw/workspace/IROSCRIPT-CEO/social-media/youtube/Youtube Automation/PromptDatabase/output_packaged/1.40.Level_10_The_Evergreen_Core_Furnace/1.40.Level_10_The_Evergreen_Core_Furnace.mp4,1.40.Level_10_The_Evergreen_Core_Furnace.mp4,8.0,720,1280,24.0,12264214,mp4,h264,720x1280,/home/azureuser/.openclaw/workspace/IROSCRIPT-CEO/social-media/youtube/Youtube Automation/PromptDatabase/output_packaged/1.40.Level_10_The_Evergreen_Core_Furnace/thumbnail.png,,,,completed,2026-09-23T18:58:27.844393+00:00
12,445bd201-a588-4244-9a66-63637d131b28,41,,Chrono-Bark Synthesizer,/home/azureuser/.openclaw/workspace/IROSCRIPT-CEO/social-media/youtube/Youtube Automation/PromptDatabase/output_packaged/1.41.Level_10_Chrono-Bark_Synthesizer/1.41.Level_10_Chrono-Bark_Synthesizer.mp4,1.41.Level_10_Chrono-Bark_Synthesizer.mp4,8.0,720,1280,24.0,13625911,mp4,h264,720x1280,/home/azureuser/.openclaw/workspace/IROSCRIPT-CEO/social-media/youtube/Youtube Automation/PromptDatabase/output_packaged/1.41.Level_10_Chrono-Bark_Synthesizer/thumbnail.png,,,,completed,2026-09-23T18:59:51.113372+00:00
13,55617b60-8bfc-4823-a447-70ff7ebde302,42,,The World-Forest Atmospheric Crown,/home/azureuser/.openclaw/workspace/IROSCRIPT-CEO/social-media/youtube/Youtube Automation/PromptDatabase/output_packaged/1.42.Level_10_The_World-Forest_Atmospheric_Crown/1.42.Level_10_The_World-Forest_Atmospheric_Crown.mp4,1.42.Level_10_The_World-Forest_Atmospheric_Crown.mp4,8.0,720,1280,24.0,13917355,mp4,h264,720x1280,/home/azureuser/.openclaw/workspace/IROSCRIPT-CEO/social-media/youtube/Youtube Automation/PromptDatabase/output_packaged/1.42.Level_10_The_World-Forest_Atmospheric_Crown/thumbnail.png,,,,completed,2026-09-23T19:01:14.630589+00:00
14,00f19403-3a3c-4b05-b8d6-a4e75c931eff,43,,Canopy Orbit Engine,/home/azureuser/.openclaw/workspace/IROSCRIPT-CEO/social-media/youtube/Youtube Automation/PromptDatabase/output_packaged/1.43.Level_10_Canopy_Orbit_Engine/1.43.Level_10_Canopy_Orbit_Engine.mp4,1.43.Level_10_Canopy_Orbit_Engine.mp4,8.0,720,1280,24.0,15224221,mp4,h264,720x1280,/home/azureuser/.openclaw/workspace/IROSCRIPT-CEO/social-media/youtube/Youtube Automation/PromptDatabase/output_packaged/1.43.Level_10_Canopy_Orbit_Engine/thumbnail.png,,,,completed,2026-09-23T19:02:38.003052+00:00
15,436c1f6f-b9d6-4df3-8632-e012fe864e1b,44,,Rootway Titan,/home/azureuser/.openclaw/workspace/IROSCRIPT-CEO/social-media/youtube/Youtube Automation/PromptDatabase/output_packaged/1.44.Level_10_Rootway_Titan/1.44.Level_10_Rootway_Titan.mp4,1.44.Level_10_Rootway_Titan.mp4,8.0,720,1280,24.0,15052750,mp4,h264,720x1280,/home/azureuser/.openclaw/workspace/IROSCRIPT-CEO/social-media/youtube/Youtube Automation/PromptDatabase/output_packaged/1.44.Level_10_Rootway_Titan/thumbnail.png,,,,completed,2026-09-23T19:04:01.546073+00:00
16,4eb97905-6d65-4026-9845-271799d9302e,45,,Sun Harvester Colossus,/home/azureuser/.openclaw/workspace/IROSCRIPT-CEO/social-media/youtube/Youtube Automation/PromptDatabase/output_packaged/1.45.Level_10_Sun_Harvester_Colossus/1.45.Level_10_Sun_Harvester_Colossus.mp4,1.45.Level_10_Sun_Harvester_Colossus.mp4,8.0,720,1280,24.0,14234244,mp4,h264,720x1280,/home/azureuser/.openclaw/workspace/IROSCRIPT-CEO/social-media/youtube/Youtube Automation/PromptDatabase/output_packaged/1.45.Level_10_Sun_Harvester_Colossus/thumbnail.png,,,,completed,2026-09-23T19:05:24.853167+00:00
17,fbcbc341-373b-4a83-889e-9b487ebcda5f,46,,Cloud Rooter,/home/azureuser/.openclaw/workspace/IROSCRIPT-CEO/social-media/youtube/Youtube Automation/PromptDatabase/output_packaged/1.46.Level_10_Cloud_Rooter/1.46.Level_10_Cloud_Rooter.mp4,1.46.Level_10_Cloud_Rooter.mp4,8.0,720,1280,24.0,14566521,mp4,h264,720x1280,/home/azureuser/.openclaw/workspace/IROSCRIPT-CEO/social-media/youtube/Youtube Automation/PromptDatabase/output_packaged/1.46.Level_10_Cloud_Rooter/thumbnail.png,,,,completed,2026-09-23T19:06:48.107557+00:00
18,3ec28582-7531-4255-89d4-b210d08d6617,47,,Bark Foundry,/home/azureuser/.openclaw/workspace/IROSCRIPT-CEO/social-media/youtube/Youtube Automation/PromptDatabase/output_packaged/1.47.Level_10_Bark_Foundry/1.47.Level_10_Bark_Foundry.mp4,1.47.Level_10_Bark_Foundry.mp4,8.0,720,1280,24.0,15650892,mp4,h264,720x1280,/home/azureuser/.openclaw/workspace/IROSCRIPT-CEO/social-media/youtube/Youtube Automation/PromptDatabase/output_packaged/1.47.Level_10_Bark_Foundry/thumbnail.png,,,,completed,2026-09-23T19:08:11.204199+00:00
19,70d13b2f-3afd-4d1b-bd0a-e78e7f37b7ff,48,,Season Engine,/home/azureuser/.openclaw/workspace/IROSCRIPT-CEO/social-media/youtube/Youtube Automation/PromptDatabase/output_packaged/1.48.Level_10_Season_Engine/1.48.Level_10_Season_Engine.mp4,1.48.Level_10_Season_Engine.mp4,8.0,720,1280,24.0,13262259,mp4,h264,720x1280,/home/azureuser/.openclaw/workspace/IROSCRIPT-CEO/social-media/youtube/Youtube Automation/PromptDatabase/output_packaged/1.48.Level_10_Season_Engine/thumbnail.png,,,,completed,2026-09-23T19:09:34.378005+00:00
20,fb3b5ec3-1c98-4d05-b0e1-e7a199d174f9,49,,Branch Bridge Machine,/home/azureuser/.openclaw/workspace/IROSCRIPT-CEO/social-media/youtube/Youtube Automation/PromptDatabase/output_packaged/1.49.Level_10_Branch_Bridge_Machine/1.49.Level_10_Branch_Bridge_Machine.mp4,1.49.Level_10_Branch_Bridge_Machine.mp4,8.0,720,1280,24.0,12780672,mp4,h264,720x1280,/home/azureuser/.openclaw/workspace/IROSCRIPT-CEO/social-media/youtube/Youtube Automation/PromptDatabase/output_packaged/1.49.Level_10_Branch_Bridge_Machine/thumbnail.png,,,,completed,2026-09-23T19:10:57.613943+00:00
21,1df1efeb-1b7a-4a8a-b5e0-9e65a1f7522e,50,,Pollinator Cathedral,/home/azureuser/.openclaw/workspace/IROSCRIPT-CEO/social-media/youtube/Youtube Automation/PromptDatabase/output_packaged/1.50.Level_10_Pollinator_Cathedral/1.50.Level_10_Pollinator_Cathedral.mp4,1.50.Level_10_Pollinator_Cathedral.mp4,8.0,720,1280,24.0,14885977,mp4,h264,720x1280,/home/azureuser/.openclaw/workspace/IROSCRIPT-CEO/social-media/youtube/Youtube Automation/PromptDatabase/output_packaged/1.50.Level_10_Pollinator_Cathedral/thumbnail.png,,,,completed,2026-09-23T19:12:21.095524+00:00
22,db14317b-1a97-4dd6-b834-e4fb7db35651,51,,Root Memory Engine,/home/azureuser/.openclaw/workspace/IROSCRIPT-CEO/social-media/youtube/Youtube Automation/PromptDatabase/output_packaged/1.51.Level_10_Root_Memory_Engine/1.51.Level_10_Root_Memory_Engine.mp4,1.51.Level_10_Root_Memory_Engine.mp4,8.0,720,1280,24.0,12080833,mp4,h264,720x1280,/home/azureuser/.openclaw/workspace/IROSCRIPT-CEO/social-media/youtube/Youtube Automation/PromptDatabase/output_packaged/1.51.Level_10_Root_Memory_Engine/thumbnail.png,,,,completed,2026-09-23T19:13:44.648133+00:00
23,6a9ee12d-464c-4c35-882b-89353efdfed4,52,,Worldtree Stabilizer,/home/azureuser/.openclaw/workspace/IROSCRIPT-CEO/social-media/youtube/Youtube Automation/PromptDatabase/output_packaged/1.52.Level_10_Worldtree_Stabilizer/1.52.Level_10_Worldtree_Stabilizer.mp4,1.52.Level_10_Worldtree_Stabilizer.mp4,8.0,720,1280,24.0,16208551,mp4,h264,720x1280,/home/azureuser/.openclaw/workspace/IROSCRIPT-CEO/social-media/youtube/Youtube Automation/PromptDatabase/output_packaged/1.52.Level_10_Worldtree_Stabilizer/thumbnail.png,,,,completed,2026-09-23T19:15:07.933489+00:00
24,8700a201-9caf-448d-b7a1-1fd888cd1db1,53,,Palm Titan Water Crown,/home/azureuser/.openclaw/workspace/IROSCRIPT-CEO/social-media/youtube/Youtube Automation/PromptDatabase/output_packaged/1.53.Level_10_Palm_Titan_Water_Crown/1.53.Level_10_Palm_Titan_Water_Crown.mp4,1.53.Level_10_Palm_Titan_Water_Crown.mp4,8.0,720,1280,24.0,12739036,mp4,h264,720x1280,/home/azureuser/.openclaw/workspace/IROSCRIPT-CEO/social-media/youtube/Youtube Automation/PromptDatabase/output_packaged/1.53.Level_10_Palm_Titan_Water_Crown/thumbnail.png,,,,completed,2026-09-23T19:16:31.247512+00:00
25,cc45d680-5a55-4d56-836c-1865050c0001,54,,Sun Harvesting Palm Engine,/home/azureuser/.openclaw/workspace/IROSCRIPT-CEO/social-media/youtube/Youtube Automation/PromptDatabase/output_packaged/1.54.Level_10_Sun_Harvesting_Palm_Engine/1.54.Level_10_Sun_Harvesting_Palm_Engine.mp4,1.54.Level_10_Sun_Harvesting_Palm_Engine.mp4,8.0,720,1280,24.0,13007270,mp4,h264,720x1280,/home/azureuser/.openclaw/workspace/IROSCRIPT-CEO/social-media/youtube/Youtube Automation/PromptDatabase/output_packaged/1.54.Level_10_Sun_Harvesting_Palm_Engine/thumbnail.png,,,,completed,2026-09-23T19:17:54.509233+00:00
26,d8da4ab9-3832-4bfb-957b-37e2ddb0f456,55,,Palm Root Earth Mover,/home/azureuser/.openclaw/workspace/IROSCRIPT-CEO/social-media/youtube/Youtube Automation/PromptDatabase/output_packaged/1.55.Level_10_Palm_Root_Earth_Mover/1.55.Level_10_Palm_Root_Earth_Mover.mp4,1.55.Level_10_Palm_Root_Earth_Mover.mp4,8.0,720,1280,24.0,13965270,mp4,h264,720x1280,/home/azureuser/.openclaw/workspace/IROSCRIPT-CEO/social-media/youtube/Youtube Automation/PromptDatabase/output_packaged/1.55.Level_10_Palm_Root_Earth_Mover/thumbnail.png,,,,completed,2026-09-23T19:19:18.020411+00:00
27,ab6f0106-d693-4ae0-8e0b-a1a1cba49a40,56,,Chrono-Palm Growth Engine,/home/azureuser/.openclaw/workspace/IROSCRIPT-CEO/social-media/youtube/Youtube Automation/PromptDatabase/output_packaged/1.56.Level_10_Chrono-Palm_Growth_Engine/1.56.Level_10_Chrono-Palm_Growth_Engine.mp4,1.56.Level_10_Chrono-Palm_Growth_Engine.mp4,8.0,720,1280,24.0,13161881,mp4,h264,720x1280,/home/azureuser/.openclaw/workspace/IROSCRIPT-CEO/social-media/youtube/Youtube Automation/PromptDatabase/output_packaged/1.56.Level_10_Chrono-Palm_Growth_Engine/thumbnail.png,,,,completed,2026-09-23T19:20:40.937405+00:00
28,bdc673e3-25f8-4955-9f47-00ed150c79f7,57,,Palm Wind Orchestra,/home/azureuser/.openclaw/workspace/IROSCRIPT-CEO/social-media/youtube/Youtube Automation/PromptDatabase/output_packaged/1.57.Level_10_Palm_Wind_Orchestra/1.57.Level_10_Palm_Wind_Orchestra.mp4,1.57.Level_10_Palm_Wind_Orchestra.mp4,8.0,720,1280,24.0,8582887,mp4,h264,720x1280,/home/azureuser/.openclaw/workspace/IROSCRIPT-CEO/social-media/youtube/Youtube Automation/PromptDatabase/output_packaged/1.57.Level_10_Palm_Wind_Orchestra/thumbnail.png,,,,completed,2026-09-23T19:22:19.407626+00:00
29,e8fa2656-1843-4bd7-a79c-0815766e5d2d,58,,Celestial Coconut Launcher,/home/azureuser/.openclaw/workspace/IROSCRIPT-CEO/social-media/youtube/Youtube Automation/PromptDatabase/output_packaged/1.58.Level_10_Celestial_Coconut_Launcher/1.58.Level_10_Celestial_Coconut_Launcher.mp4,1.58.Level_10_Celestial_Coconut_Launcher.mp4,8.0,720,1280,24.0,14384694,mp4,h264,720x1280,/home/azureuser/.openclaw/workspace/IROSCRIPT-CEO/social-media/youtube/Youtube Automation/PromptDatabase/output_packaged/1.58.Level_10_Celestial_Coconut_Launcher/thumbnail.png,,,,completed,2026-09-23T19:23:27.884802+00:00
30,fdf8dc36-dcfc-443d-9531-da77633d9806,59,,Palm Cloud Factory,/home/azureuser/.openclaw/workspace/IROSCRIPT-CEO/social-media/youtube/Youtube Automation/PromptDatabase/output_packaged/1.59.Level_10_Palm_Cloud_Factory/1.59.Level_10_Palm_Cloud_Factory.mp4,1.59.Level_10_Palm_Cloud_Factory.mp4,8.0,720,1280,24.0,8824744,mp4,h264,720x1280,/home/azureuser/.openclaw/workspace/IROSCRIPT-CEO/social-media/youtube/Youtube Automation/PromptDatabase/output_packaged/1.59.Level_10_Palm_Cloud_Factory/thumbnail.png,,,,completed,2026-09-23T19:24:50.688773+00:00
31,f6fd916c-dd5a-46e7-832f-8d6ccd0f1d74,60,,Frond Solar Sail Array,/home/azureuser/.openclaw/workspace/IROSCRIPT-CEO/social-media/youtube/Youtube Automation/PromptDatabase/output_packaged/1.60.Level_10_Frond_Solar_Sail_Array/1.60.Level_10_Frond_Solar_Sail_Array.mp4,1.60.Level_10_Frond_Solar_Sail_Array.mp4,8.0,720,1280,24.0,10156520,mp4,h264,720x1280,/home/azureuser/.openclaw/workspace/IROSCRIPT-CEO/social-media/youtube/Youtube Automation/PromptDatabase/output_packaged/1.60.Level_10_Frond_Solar_Sail_Array/thumbnail.png,,,,completed,2026-09-23T19:25:58.560178+00:00
32,380f8a51-48ae-402e-adf4-cbcc396ec2e9,61,,Palm Tree Climate Reactor,/home/azureuser/.openclaw/workspace/IROSCRIPT-CEO/social-media/youtube/Youtube Automation/PromptDatabase/output_packaged/1.61.Level_10_Palm_Tree_Climate_Reactor/1.61.Level_10_Palm_Tree_Climate_Reactor.mp4,1.61.Level_10_Palm_Tree_Climate_Reactor.mp4,8.0,720,1280,24.0,14782373,mp4,h264,720x1280,/home/azureuser/.openclaw/workspace/IROSCRIPT-CEO/social-media/youtube/Youtube Automation/PromptDatabase/output_packaged/1.61.Level_10_Palm_Tree_Climate_Reactor/thumbnail.png,,,,completed,2026-09-23T19:27:06.904242+00:00
33,f58a985b-173a-496d-a646-164e95f1b304,62,,Infinite Palm Forest Seeder,/home/azureuser/.openclaw/workspace/IROSCRIPT-CEO/social-media/youtube/Youtube Automation/PromptDatabase/output_packaged/1.62.Level_10_Infinite_Palm_Forest_Seeder/1.62.Level_10_Infinite_Palm_Forest_Seeder.mp4,1.62.Level_10_Infinite_Palm_Forest_Seeder.mp4,8.0,720,1280,24.0,10281276,mp4,h264,720x1280,/home/azureuser/.openclaw/workspace/IROSCRIPT-CEO/social-media/youtube/Youtube Automation/PromptDatabase/output_packaged/1.62.Level_10_Infinite_Palm_Forest_Seeder/thumbnail.png,,,,completed,2026-09-23T19:28:14.995449+00:00
34,83fe5762-79a3-42e2-b38b-50e44ad1d3ec,63,,The Verdant Bamboo Sky-Loom,/home/azureuser/.openclaw/workspace/IROSCRIPT-CEO/social-media/youtube/Youtube Automation/PromptDatabase/output_packaged/1.63.Level_10_The_Verdant_Bamboo_Sky-Loom/1.63.Level_10_The_Verdant_Bamboo_Sky-Loom.mp4,1.63.Level_10_The_Verdant_Bamboo_Sky-Loom.mp4,8.0,720,1280,24.0,15074510,mp4,h264,720x1280,/home/azureuser/.openclaw/workspace/IROSCRIPT-CEO/social-media/youtube/Youtube Automation/PromptDatabase/output_packaged/1.63.Level_10_The_Verdant_Bamboo_Sky-Loom/thumbnail.png,,,,completed,2026-09-23T20:34:48.459732+00:00
35,15682c8a-7f51-44a7-b668-bf9ae9d43a4a,64,,Jade Spire Harvesting Spider,/home/azureuser/.openclaw/workspace/IROSCRIPT-CEO/social-media/youtube/Youtube Automation/PromptDatabase/output_packaged/1.64.Level_10_Jade_Spire_Harvesting_Spider/1.64.Level_10_Jade_Spire_Harvesting_Spider.mp4,1.64.Level_10_Jade_Spire_Harvesting_Spider.mp4,8.0,720,1280,24.0,8852620,mp4,h264,720x1280,/home/azureuser/.openclaw/workspace/IROSCRIPT-CEO/social-media/youtube/Youtube Automation/PromptDatabase/output_packaged/1.64.Level_10_Jade_Spire_Harvesting_Spider/thumbnail.png,,,,completed,2026-09-23T20:35:56.719472+00:00
36,3788bceb-c934-4e45-990c-3697c9f61494,65,,The Bamboo Ocean Comb,/home/azureuser/.openclaw/workspace/IROSCRIPT-CEO/social-media/youtube/Youtube Automation/PromptDatabase/output_packaged/1.65.Level_10_The_Bamboo_Ocean_Comb/1.65.Level_10_The_Bamboo_Ocean_Comb.mp4,1.65.Level_10_The_Bamboo_Ocean_Comb.mp4,8.0,720,1280,24.0,16057171,mp4,h264,720x1280,/home/azureuser/.openclaw/workspace/IROSCRIPT-CEO/social-media/youtube/Youtube Automation/PromptDatabase/output_packaged/1.65.Level_10_The_Bamboo_Ocean_Comb/thumbnail.png,,,,completed,2026-09-23T20:37:19.830061+00:00
37,fe037071-7456-4237-994c-0b004f17b3e5,66,,Hollow-Stem Resonance Engine,/home/azureuser/.openclaw/workspace/IROSCRIPT-CEO/social-media/youtube/Youtube Automation/PromptDatabase/output_packaged/1.66.Level_10_Hollow-Stem_Resonance_Engine/1.66.Level_10_Hollow-Stem_Resonance_Engine.mp4,1.66.Level_10_Hollow-Stem_Resonance_Engine.mp4,8.0,720,1280,24.0,13817045,mp4,h264,720x1280,/home/azureuser/.openclaw/workspace/IROSCRIPT-CEO/social-media/youtube/Youtube Automation/PromptDatabase/output_packaged/1.66.Level_10_Hollow-Stem_Resonance_Engine/thumbnail.png,,,,completed,2026-09-23T20:38:27.965327+00:00
38,0d6ca893-226d-4129-8602-7dd1d1062d71,67,,The Emerald Stalk Harvester,/home/azureuser/.openclaw/workspace/IROSCRIPT-CEO/social-media/youtube/Youtube Automation/PromptDatabase/output_packaged/1.67.Level_10_The_Emerald_Stalk_Harvester/1.67.Level_10_The_Emerald_Stalk_Harvester.mp4,1.67.Level_10_The_Emerald_Stalk_Harvester.mp4,8.0,720,1280,24.0,13306248,mp4,h264,720x1280,/home/azureuser/.openclaw/workspace/IROSCRIPT-CEO/social-media/youtube/Youtube Automation/PromptDatabase/output_packaged/1.67.Level_10_The_Emerald_Stalk_Harvester/thumbnail.png,,,,completed,2026-09-23T20:39:36.067313+00:00
39,2a744e2f-f164-4aa3-a47e-ef961e5c71d1,68,,Bamboo Canopy Cloud-Drill,/home/azureuser/.openclaw/workspace/IROSCRIPT-CEO/social-media/youtube/Youtube Automation/PromptDatabase/output_packaged/1.68.Level_10_Bamboo_Canopy_Cloud-Drill/1.68.Level_10_Bamboo_Canopy_Cloud-Drill.mp4,1.68.Level_10_Bamboo_Canopy_Cloud-Drill.mp4,8.0,720,1280,24.0,10833311,mp4,h264,720x1280,/home/azureuser/.openclaw/workspace/IROSCRIPT-CEO/social-media/youtube/Youtube Automation/PromptDatabase/output_packaged/1.68.Level_10_Bamboo_Canopy_Cloud-Drill/thumbnail.png,,,,completed,2026-09-23T20:40:43.755013+00:00
40,4516d2cf-37d3-4a0a-8167-6f334f393f55,69,,The Titan Bamboo Splitter,/home/azureuser/.openclaw/workspace/IROSCRIPT-CEO/social-media/youtube/Youtube Automation/PromptDatabase/output_packaged/1.69.Level_10_The_Titan_Bamboo_Splitter/1.69.Level_10_The_Titan_Bamboo_Splitter.mp4,1.69.Level_10_The_Titan_Bamboo_Splitter.mp4,8.0,720,1280,24.0,10886181,mp4,h264,720x1280,/home/azureuser/.openclaw/workspace/IROSCRIPT-CEO/social-media/youtube/Youtube Automation/PromptDatabase/output_packaged/1.69.Level_10_The_Titan_Bamboo_Splitter/thumbnail.png,,,,completed,2026-09-23T20:41:51.803114+00:00
41,635673aa-51bc-4f6a-b15e-f6c68995cbbd,70,,Celestial Shoot Accelerator,/home/azureuser/.openclaw/workspace/IROSCRIPT-CEO/social-media/youtube/Youtube Automation/PromptDatabase/output_packaged/1.70.Level_10_Celestial_Shoot_Accelerator/1.70.Level_10_Celestial_Shoot_Accelerator.mp4,1.70.Level_10_Celestial_Shoot_Accelerator.mp4,8.0,720,1280,24.0,14647541,mp4,h264,720x1280,/home/azureuser/.openclaw/workspace/IROSCRIPT-CEO/social-media/youtube/Youtube Automation/PromptDatabase/output_packaged/1.70.Level_10_Celestial_Shoot_Accelerator/thumbnail.png,,,,completed,2026-09-23T20:42:59.885485+00:00
42,73be4428-b25d-4652-a0cf-2f2cd4f6f821,71,,The Bamboo Ring Leviathan,/home/azureuser/.openclaw/workspace/IROSCRIPT-CEO/social-media/youtube/Youtube Automation/PromptDatabase/output_packaged/1.71.Level_10_The_Bamboo_Ring_Leviathan/1.71.Level_10_The_Bamboo_Ring_Leviathan.mp4,1.71.Level_10_The_Bamboo_Ring_Leviathan.mp4,8.0,720,1280,24.0,13918580,mp4,h264,720x1280,/home/azureuser/.openclaw/workspace/IROSCRIPT-CEO/social-media/youtube/Youtube Automation/PromptDatabase/output_packaged/1.71.Level_10_The_Bamboo_Ring_Leviathan/thumbnail.png,,,,completed,2026-09-23T20:44:07.905123+00:00
43,1a347907-73e7-4ea2-98ef-52801d4675ef,72,,The Infinite Bamboo Grove City,/home/azureuser/.openclaw/workspace/IROSCRIPT-CEO/social-media/youtube/Youtube Automation/PromptDatabase/output_packaged/1.72.Level_10_The_Infinite_Bamboo_Grove_City/1.72.Level_10_The_Infinite_Bamboo_Grove_City.mp4,1.72.Level_10_The_Infinite_Bamboo_Grove_City.mp4,8.0,720,1280,24.0,11273141,mp4,h264,720x1280,/home/azureuser/.openclaw/workspace/IROSCRIPT-CEO/social-media/youtube/Youtube Automation/PromptDatabase/output_packaged/1.72.Level_10_The_Infinite_Bamboo_Grove_City/thumbnail.png,,,,completed,2026-09-23T20:45:16.059447+00:00
44,cb9feefa-bc00-425d-b501-6eca1b63684f,73,,Titanic Tea Plucking Colossus,/home/azureuser/.openclaw/workspace/IROSCRIPT-CEO/social-media/youtube/Youtube Automation/PromptDatabase/output_packaged/1.73.Level_10_Titanic_Tea_Plucking_Colossus/1.73.Level_10_Titanic_Tea_Plucking_Colossus.mp4,1.73.Level_10_Titanic_Tea_Plucking_Colossus.mp4,8.0,720,1280,24.0,8904685,mp4,h264,720x1280,/home/azureuser/.openclaw/workspace/IROSCRIPT-CEO/social-media/youtube/Youtube Automation/PromptDatabase/output_packaged/1.73.Level_10_Titanic_Tea_Plucking_Colossus/thumbnail.png,,,,completed,2026-09-23T20:46:39.489447+00:00
45,c9c8098e-989d-4dbf-9b14-0ab9b2d9333a,74,,Skyloom Tea Pruning Ring,/home/azureuser/.openclaw/workspace/IROSCRIPT-CEO/social-media/youtube/Youtube Automation/PromptDatabase/output_packaged/1.74.Level_10_Skyloom_Tea_Pruning_Ring/1.74.Level_10_Skyloom_Tea_Pruning_Ring.mp4,1.74.Level_10_Skyloom_Tea_Pruning_Ring.mp4,8.0,720,1280,24.0,9340725,mp4,h264,720x1280,/home/azureuser/.openclaw/workspace/IROSCRIPT-CEO/social-media/youtube/Youtube Automation/PromptDatabase/output_packaged/1.74.Level_10_Skyloom_Tea_Pruning_Ring/thumbnail.png,,,,completed,2026-09-23T20:47:47.557807+00:00
46,11b79d2c-0ac4-4183-b123-ddeb14dd150d,75,,Monsoon Shield Megadome,/home/azureuser/.openclaw/workspace/IROSCRIPT-CEO/social-media/youtube/Youtube Automation/PromptDatabase/output_packaged/1.75.Level_10_Monsoon_Shield_Megadome/1.75.Level_10_Monsoon_Shield_Megadome.mp4,1.75.Level_10_Monsoon_Shield_Megadome.mp4,8.0,720,1280,24.0,8164015,mp4,h264,720x1280,/home/azureuser/.openclaw/workspace/IROSCRIPT-CEO/social-media/youtube/Youtube Automation/PromptDatabase/output_packaged/1.75.Level_10_Monsoon_Shield_Megadome/thumbnail.png,,,,completed,2026-09-23T20:48:55.555726+00:00
47,8e9b0db1-7e1b-49e2-bb87-e66bcdcc997c,76,,Rootwater Planetary Drill,/home/azureuser/.openclaw/workspace/IROSCRIPT-CEO/social-media/youtube/Youtube Automation/PromptDatabase/output_packaged/1.76.Level_10_Rootwater_Planetary_Drill/1.76.Level_10_Rootwater_Planetary_Drill.mp4,1.76.Level_10_Rootwater_Planetary_Drill.mp4,8.0,720,1280,24.0,8308433,mp4,h264,720x1280,/home/azureuser/.openclaw/workspace/IROSCRIPT-CEO/social-media/youtube/Youtube Automation/PromptDatabase/output_packaged/1.76.Level_10_Rootwater_Planetary_Drill/thumbnail.png,,,,completed,2026-09-23T20:50:03.370866+00:00
48,71b34fd6-c037-414f-94f5-63e777316e4c,77,,Tea Garden Climate Engine,/home/azureuser/.openclaw/workspace/IROSCRIPT-CEO/social-media/youtube/Youtube Automation/PromptDatabase/output_packaged/1.77.Level_10_Tea_Garden_Climate_Engine/1.77.Level_10_Tea_Garden_Climate_Engine.mp4,1.77.Level_10_Tea_Garden_Climate_Engine.mp4,8.0,720,1280,24.0,9185906,mp4,h264,720x1280,/home/azureuser/.openclaw/workspace/IROSCRIPT-CEO/social-media/youtube/Youtube Automation/PromptDatabase/output_packaged/1.77.Level_10_Tea_Garden_Climate_Engine/thumbnail.png,,,,completed,2026-09-23T20:51:11.355892+00:00
49,d4c4b27c-40cf-4a56-ad91-ed11cdf8acf4,78,,Colossus Leaf Sorting Wheel,/home/azureuser/.openclaw/workspace/IROSCRIPT-CEO/social-media/youtube/Youtube Automation/PromptDatabase/output_packaged/1.78.Level_10_Colossus_Leaf_Sorting_Wheel/1.78.Level_10_Colossus_Leaf_Sorting_Wheel.mp4,1.78.Level_10_Colossus_Leaf_Sorting_Wheel.mp4,8.0,720,1280,24.0,9118444,mp4,h264,720x1280,/home/azureuser/.openclaw/workspace/IROSCRIPT-CEO/social-media/youtube/Youtube Automation/PromptDatabase/output_packaged/1.78.Level_10_Colossus_Leaf_Sorting_Wheel/thumbnail.png,,,,completed,2026-09-23T20:52:19.272414+00:00
50,5ca3a9f3-de0a-4da8-8c22-a74a24ed5dde,79,,Mountain Compost Walker,/home/azureuser/.openclaw/workspace/IROSCRIPT-CEO/social-media/youtube/Youtube Automation/PromptDatabase/output_packaged/1.79.Level_10_Mountain_Compost_Walker/1.79.Level_10_Mountain_Compost_Walker.mp4,1.79.Level_10_Mountain_Compost_Walker.mp4,8.0,720,1280,24.0,9021148,mp4,h264,720x1280,/home/azureuser/.openclaw/workspace/IROSCRIPT-CEO/social-media/youtube/Youtube Automation/PromptDatabase/output_packaged/1.79.Level_10_Mountain_Compost_Walker/thumbnail.png,,,,completed,2026-09-23T20:53:27.347689+00:00
51,0e60e48d-3547-4e25-ba95-4891085c09ea,80,,Terrace-Shaping Earth Titan,/home/azureuser/.openclaw/workspace/IROSCRIPT-CEO/social-media/youtube/Youtube Automation/PromptDatabase/output_packaged/1.80.Level_10_Terrace-Shaping_Earth_Titan/1.80.Level_10_Terrace-Shaping_Earth_Titan.mp4,1.80.Level_10_Terrace-Shaping_Earth_Titan.mp4,8.0,720,1280,24.0,12731073,mp4,h264,720x1280,/home/azureuser/.openclaw/workspace/IROSCRIPT-CEO/social-media/youtube/Youtube Automation/PromptDatabase/output_packaged/1.80.Level_10_Terrace-Shaping_Earth_Titan/thumbnail.png,,,,completed,2026-09-23T20:54:35.428979+00:00
52,1ca34462-941a-40fd-bdf4-d8603ce3d56c,81,,Solar Tea Harvesting Cathedral,/home/azureuser/.openclaw/workspace/IROSCRIPT-CEO/social-media/youtube/Youtube Automation/PromptDatabase/output_packaged/1.81.Level_10_Solar_Tea_Harvesting_Cathedral/1.81.Level_10_Solar_Tea_Harvesting_Cathedral.mp4,1.81.Level_10_Solar_Tea_Harvesting_Cathedral.mp4,8.0,720,1280,24.0,13136900,mp4,h264,720x1280,/home/azureuser/.openclaw/workspace/IROSCRIPT-CEO/social-media/youtube/Youtube Automation/PromptDatabase/output_packaged/1.81.Level_10_Solar_Tea_Harvesting_Cathedral/thumbnail.png,,,,completed,2026-09-23T20:55:43.409558+00:00
53,f136e818-6a55-46e4-9068-c079632534c7,82,,Orbital Tea Garden Caretaker,/home/azureuser/.openclaw/workspace/IROSCRIPT-CEO/social-media/youtube/Youtube Automation/PromptDatabase/output_packaged/1.82.Level_10_Orbital_Tea_Garden_Caretaker/1.82.Level_10_Orbital_Tea_Garden_Caretaker.mp4,1.82.Level_10_Orbital_Tea_Garden_Caretaker.mp4,8.0,720,1280,24.0,14035702,mp4,h264,720x1280,/home/azureuser/.openclaw/workspace/IROSCRIPT-CEO/social-media/youtube/Youtube Automation/PromptDatabase/output_packaged/1.82.Level_10_Orbital_Tea_Garden_Caretaker/thumbnail.png,,,,completed,2026-09-23T20:56:51.283611+00:00
54,3b062298-36bb-42df-b631-c76a5f4b8f26,83,,The Golden Bunch Orbital Harvester,/home/azureuser/.openclaw/workspace/IROSCRIPT-CEO/social-media/youtube/Youtube Automation/PromptDatabase/output_packaged/1.83.Level_10_The_Golden_Bunch_Orbital_Harvester/1.83.Level_10_The_Golden_Bunch_Orbital_Harvester.mp4,1.83.Level_10_The_Golden_Bunch_Orbital_Harvester.mp4,8.0,720,1280,24.0,10503326,mp4,h264,720x1280,/home/azureuser/.openclaw/workspace/IROSCRIPT-CEO/social-media/youtube/Youtube Automation/PromptDatabase/output_packaged/1.83.Level_10_The_Golden_Bunch_Orbital_Harvester/thumbnail.png,,,,completed,2026-09-23T20:57:59.100056+00:00
55,37b507ec-22f4-4d43-855f-e7d003a0b347,84,,Tropical Frond Solar Siphon,/home/azureuser/.openclaw/workspace/IROSCRIPT-CEO/social-media/youtube/Youtube Automation/PromptDatabase/output_packaged/1.84.Level_10_Tropical_Frond_Solar_Siphon/1.84.Level_10_Tropical_Frond_Solar_Siphon.mp4,1.84.Level_10_Tropical_Frond_Solar_Siphon.mp4,8.0,720,1280,24.0,10824219,mp4,h264,720x1280,/home/azureuser/.openclaw/workspace/IROSCRIPT-CEO/social-media/youtube/Youtube Automation/PromptDatabase/output_packaged/1.84.Level_10_Tropical_Frond_Solar_Siphon/thumbnail.png,,,,completed,2026-09-23T20:59:06.747303+00:00
56,10b5e236-07c2-4c06-bd03-382c8f79b178,85,,The Banana Canopy Leviathan,/home/azureuser/.openclaw/workspace/IROSCRIPT-CEO/social-media/youtube/Youtube Automation/PromptDatabase/output_packaged/1.85.Level_10_The_Banana_Canopy_Leviathan/1.85.Level_10_The_Banana_Canopy_Leviathan.mp4,1.85.Level_10_The_Banana_Canopy_Leviathan.mp4,8.0,720,1280,24.0,11824344,mp4,h264,720x1280,/home/azureuser/.openclaw/workspace/IROSCRIPT-CEO/social-media/youtube/Youtube Automation/PromptDatabase/output_packaged/1.85.Level_10_The_Banana_Canopy_Leviathan/thumbnail.png,,,,completed,2026-09-23T21:00:15.096858+00:00
57,ffdec030-fa61-4478-815f-de61f1b59808,86,,Plantation Monorail Harvester,/home/azureuser/.openclaw/workspace/IROSCRIPT-CEO/social-media/youtube/Youtube Automation/PromptDatabase/output_packaged/1.86.Level_10_Plantation_Monorail_Harvester/1.86.Level_10_Plantation_Monorail_Harvester.mp4,1.86.Level_10_Plantation_Monorail_Harvester.mp4,8.0,720,1280,24.0,13466986,mp4,h264,720x1280,/home/azureuser/.openclaw/workspace/IROSCRIPT-CEO/social-media/youtube/Youtube Automation/PromptDatabase/output_packaged/1.86.Level_10_Plantation_Monorail_Harvester/thumbnail.png,,,,completed,2026-09-23T21:01:23.134530+00:00
58,7d627b30-06f6-47e9-a3b3-5a0f80051730,87,,The Titan Fruit Loom,/home/azureuser/.openclaw/workspace/IROSCRIPT-CEO/social-media/youtube/Youtube Automation/PromptDatabase/output_packaged/1.87.Level_10_The_Titan_Fruit_Loom/1.87.Level_10_The_Titan_Fruit_Loom.mp4,1.87.Level_10_The_Titan_Fruit_Loom.mp4,8.0,720,1280,24.0,14452246,mp4,h264,720x1280,/home/azureuser/.openclaw/workspace/IROSCRIPT-CEO/social-media/youtube/Youtube Automation/PromptDatabase/output_packaged/1.87.Level_10_The_Titan_Fruit_Loom/thumbnail.png,,,,completed,2026-09-23T21:02:46.711261+00:00
59,baddd5ce-fc6f-4044-af36-f3bfb5092dd8,88,,Monsoon Banana Ripening Dome,/home/azureuser/.openclaw/workspace/IROSCRIPT-CEO/social-media/youtube/Youtube Automation/PromptDatabase/output_packaged/1.88.Level_10_Monsoon_Banana_Ripening_Dome/1.88.Level_10_Monsoon_Banana_Ripening_Dome.mp4,1.88.Level_10_Monsoon_Banana_Ripening_Dome.mp4,8.0,720,1280,24.0,10388277,mp4,h264,720x1280,/home/azureuser/.openclaw/workspace/IROSCRIPT-CEO/social-media/youtube/Youtube Automation/PromptDatabase/output_packaged/1.88.Level_10_Monsoon_Banana_Ripening_Dome/thumbnail.png,,,,completed,2026-09-23T21:04:23.862597+00:00
60,33d63b5a-099d-4dd3-b0ce-afca331183ce,89,,The Planetary Peel Excavator,/home/azureuser/.openclaw/workspace/IROSCRIPT-CEO/social-media/youtube/Youtube Automation/PromptDatabase/output_packaged/1.89.Level_10_The_Planetary_Peel_Excavator/1.89.Level_10_The_Planetary_Peel_Excavator.mp4,1.89.Level_10_The_Planetary_Peel_Excavator.mp4,8.0,720,1280,24.0,8071812,mp4,h264,720x1280,/home/azureuser/.openclaw/workspace/IROSCRIPT-CEO/social-media/youtube/Youtube Automation/PromptDatabase/output_packaged/1.89.Level_10_The_Planetary_Peel_Excavator/thumbnail.png,,,,completed,2026-09-23T21:05:31.963401+00:00
61,b1ab6f28-c5d2-44bc-ad31-55679607b621,90,,Tropical Stem Pressure Engine,/home/azureuser/.openclaw/workspace/IROSCRIPT-CEO/social-media/youtube/Youtube Automation/PromptDatabase/output_packaged/1.90.Level_10_Tropical_Stem_Pressure_Engine/1.90.Level_10_Tropical_Stem_Pressure_Engine.mp4,1.90.Level_10_Tropical_Stem_Pressure_Engine.mp4,8.0,720,1280,24.0,15641614,mp4,h264,720x1280,/home/azureuser/.openclaw/workspace/IROSCRIPT-CEO/social-media/youtube/Youtube Automation/PromptDatabase/output_packaged/1.90.Level_10_Tropical_Stem_Pressure_Engine/thumbnail.png,,,,completed,2026-09-23T21:06:40.019977+00:00
62,65112da0-d0bf-4307-b506-b2ee9330e2c3,91,,The Solar Banana Conveyor,/home/azureuser/.openclaw/workspace/IROSCRIPT-CEO/social-media/youtube/Youtube Automation/PromptDatabase/output_packaged/1.91.Level_10_The_Solar_Banana_Conveyor/1.91.Level_10_The_Solar_Banana_Conveyor.mp4,1.91.Level_10_The_Solar_Banana_Conveyor.mp4,8.0,720,1280,24.0,11165523,mp4,h264,720x1280,/home/azureuser/.openclaw/workspace/IROSCRIPT-CEO/social-media/youtube/Youtube Automation/PromptDatabase/output_packaged/1.91.Level_10_The_Solar_Banana_Conveyor/thumbnail.png,,,,completed,2026-09-23T21:08:03.133769+00:00
63,1a7adc00-3ddd-45d2-9d82-6ac2e3de95fe,92,,The Infinite Plantation Caretaker,/home/azureuser/.openclaw/workspace/IROSCRIPT-CEO/social-media/youtube/Youtube Automation/PromptDatabase/output_packaged/1.92.Level_10_The_Infinite_Plantation_Caretaker/1.92.Level_10_The_Infinite_Plantation_Caretaker.mp4,1.92.Level_10_The_Infinite_Plantation_Caretaker.mp4,8.0,720,1280,24.0,15840030,mp4,h264,720x1280,/home/azureuser/.openclaw/workspace/IROSCRIPT-CEO/social-media/youtube/Youtube Automation/PromptDatabase/output_packaged/1.92.Level_10_The_Infinite_Plantation_Caretaker/thumbnail.png,,,,completed,2026-09-23T21:09:11.285306+00:00
64,3deeae30-7891-463e-98d4-b81330d24089,93,,Orchard Moon Harvester,/home/azureuser/.openclaw/workspace/IROSCRIPT-CEO/social-media/youtube/Youtube Automation/PromptDatabase/output_packaged/1.93.Level_10_Orchard_Moon_Harvester/1.93.Level_10_Orchard_Moon_Harvester.mp4,1.93.Level_10_Orchard_Moon_Harvester.mp4,8.0,720,1280,24.0,10183608,mp4,h264,720x1280,/home/azureuser/.openclaw/workspace/IROSCRIPT-CEO/social-media/youtube/Youtube Automation/PromptDatabase/output_packaged/1.93.Level_10_Orchard_Moon_Harvester/thumbnail.png,,,,completed,2026-09-23T21:10:21.588491+00:00
65,46d0ff3d-6432-413d-9f78-41736d1fe42e,94,,Titan Root Sculptor,/home/azureuser/.openclaw/workspace/IROSCRIPT-CEO/social-media/youtube/Youtube Automation/PromptDatabase/output_packaged/1.94.Level_10_Titan_Root_Sculptor/1.94.Level_10_Titan_Root_Sculptor.mp4,1.94.Level_10_Titan_Root_Sculptor.mp4,8.0,720,1280,24.0,6722170,mp4,h264,720x1280,/home/azureuser/.openclaw/workspace/IROSCRIPT-CEO/social-media/youtube/Youtube Automation/PromptDatabase/output_packaged/1.94.Level_10_Titan_Root_Sculptor/thumbnail.png,,,,completed,2026-09-23T21:11:29.535332+00:00
66,8cab5d9a-c860-4dcb-a0f8-d801a75da2e6,95,,Sky Orchard Shepherd,/home/azureuser/.openclaw/workspace/IROSCRIPT-CEO/social-media/youtube/Youtube Automation/PromptDatabase/output_packaged/1.95.Level_10_Sky_Orchard_Shepherd/1.95.Level_10_Sky_Orchard_Shepherd.mp4,1.95.Level_10_Sky_Orchard_Shepherd.mp4,8.0,720,1280,24.0,13888178,mp4,h264,720x1280,/home/azureuser/.openclaw/workspace/IROSCRIPT-CEO/social-media/youtube/Youtube Automation/PromptDatabase/output_packaged/1.95.Level_10_Sky_Orchard_Shepherd/thumbnail.png,,,,completed,2026-09-23T21:12:37.749782+00:00
67,f9c1721e-31d7-4251-b2d2-fa5f9c633c8b,96,,Apple Gravity Elevator,/home/azureuser/.openclaw/workspace/IROSCRIPT-CEO/social-media/youtube/Youtube Automation/PromptDatabase/output_packaged/1.96.Level_10_Apple_Gravity_Elevator/1.96.Level_10_Apple_Gravity_Elevator.mp4,1.96.Level_10_Apple_Gravity_Elevator.mp4,8.0,720,1280,24.0,11518575,mp4,h264,720x1280,/home/azureuser/.openclaw/workspace/IROSCRIPT-CEO/social-media/youtube/Youtube Automation/PromptDatabase/output_packaged/1.96.Level_10_Apple_Gravity_Elevator/thumbnail.png,,,,completed,2026-09-23T21:14:00.856213+00:00
68,fe495fb5-376a-452e-b106-f0e90f8b6926,97,,Colossus Pollination Wheel,/home/azureuser/.openclaw/workspace/IROSCRIPT-CEO/social-media/youtube/Youtube Automation/PromptDatabase/output_packaged/1.97.Level_10_Colossus_Pollination_Wheel/1.97.Level_10_Colossus_Pollination_Wheel.mp4,1.97.Level_10_Colossus_Pollination_Wheel.mp4,8.0,720,1280,24.0,12009194,mp4,h264,720x1280,/home/azureuser/.openclaw/workspace/IROSCRIPT-CEO/social-media/youtube/Youtube Automation/PromptDatabase/output_packaged/1.97.Level_10_Colossus_Pollination_Wheel/thumbnail.png,,,,completed,2026-09-23T21:15:24.246464+00:00
69,186c1bb9-20e6-4e88-afb2-a6dff91124cc,98,,Orchard Time Engine,/home/azureuser/.openclaw/workspace/IROSCRIPT-CEO/social-media/youtube/Youtube Automation/PromptDatabase/output_packaged/1.98.Level_10_Orchard_Time_Engine/1.98.Level_10_Orchard_Time_Engine.mp4,1.98.Level_10_Orchard_Time_Engine.mp4,8.0,720,1280,24.0,9228753,mp4,h264,720x1280,/home/azureuser/.openclaw/workspace/IROSCRIPT-CEO/social-media/youtube/Youtube Automation/PromptDatabase/output_packaged/1.98.Level_10_Orchard_Time_Engine/thumbnail.png,,,,completed,2026-09-23T21:16:32.578100+00:00
70,e2078848-1212-458c-b5c7-a61eae109d55,99,,Titanic Apple Sorter,/home/azureuser/.openclaw/workspace/IROSCRIPT-CEO/social-media/youtube/Youtube Automation/PromptDatabase/output_packaged/1.99.Level_10_Titanic_Apple_Sorter/1.99.Level_10_Titanic_Apple_Sorter.mp4,1.99.Level_10_Titanic_Apple_Sorter.mp4,8.0,720,1280,24.0,7850803,mp4,h264,720x1280,/home/azureuser/.openclaw/workspace/IROSCRIPT-CEO/social-media/youtube/Youtube Automation/PromptDatabase/output_packaged/1.99.Level_10_Titanic_Apple_Sorter/thumbnail.png,,,,completed,2026-09-23T21:17:40.620858+00:00
71,6fd2d102-ab36-4446-8e70-d5c71e07dbf3,100,,Solar Orchard Furnace,/home/azureuser/.openclaw/workspace/IROSCRIPT-CEO/social-media/youtube/Youtube Automation/PromptDatabase/output_packaged/1.100.Level_10_Solar_Orchard_Furnace/1.100.Level_10_Solar_Orchard_Furnace.mp4,1.100.Level_10_Solar_Orchard_Furnace.mp4,8.0,720,1280,24.0,12544396,mp4,h264,720x1280,/home/azureuser/.openclaw/workspace/IROSCRIPT-CEO/social-media/youtube/Youtube Automation/PromptDatabase/output_packaged/1.100.Level_10_Solar_Orchard_Furnace/thumbnail.png,,,,completed,2026-09-23T21:18:49.115425+00:00
72,e6267502-9059-4511-8eb1-906a22b95ccb,101,,Planetary Pruning Spider,/home/azureuser/.openclaw/workspace/IROSCRIPT-CEO/social-media/youtube/Youtube Automation/PromptDatabase/output_packaged/1.101.Level_10_Planetary_Pruning_Spider/1.101.Level_10_Planetary_Pruning_Spider.mp4,1.101.Level_10_Planetary_Pruning_Spider.mp4,8.0,720,1280,24.0,13088453,mp4,h264,720x1280,/home/azureuser/.openclaw/workspace/IROSCRIPT-CEO/social-media/youtube/Youtube Automation/PromptDatabase/output_packaged/1.101.Level_10_Planetary_Pruning_Spider/thumbnail.png,,,,completed,2026-09-23T21:19:57.213884+00:00
73,fe14daab-b1c1-40f8-aeb8-1400ebdf33ce,102,,Infinite Orchard Conveyor,/home/azureuser/.openclaw/workspace/IROSCRIPT-CEO/social-media/youtube/Youtube Automation/PromptDatabase/output_packaged/1.102.Level_10_Infinite_Orchard_Conveyor/1.102.Level_10_Infinite_Orchard_Conveyor.mp4,1.102.Level_10_Infinite_Orchard_Conveyor.mp4,8.0,720,1280,24.0,11617393,mp4,h264,720x1280,/home/azureuser/.openclaw/workspace/IROSCRIPT-CEO/social-media/youtube/Youtube Automation/PromptDatabase/output_packaged/1.102.Level_10_Infinite_Orchard_Conveyor/thumbnail.png,,,,completed,2026-09-23T21:21:05.431093+00:00
74,71800040-f8fb-47bf-b58b-cb2e7b7daae0,103,,Solar Titan Harvester,/home/azureuser/.openclaw/workspace/IROSCRIPT-CEO/social-media/youtube/Youtube Automation/PromptDatabase/output_packaged/1.103.Level_10_Solar_Titan_Harvester/1.103.Level_10_Solar_Titan_Harvester.mp4,1.103.Level_10_Solar_Titan_Harvester.mp4,8.0,720,1280,24.0,13872304,mp4,h264,720x1280,/home/azureuser/.openclaw/workspace/IROSCRIPT-CEO/social-media/youtube/Youtube Automation/PromptDatabase/output_packaged/1.103.Level_10_Solar_Titan_Harvester/thumbnail.png,,,,completed,2026-09-23T21:22:13.360194+00:00
75,fc38cb8b-8d1f-4ec9-a096-87785529116a,104,,Sunflower Skywheel,/home/azureuser/.openclaw/workspace/IROSCRIPT-CEO/social-media/youtube/Youtube Automation/PromptDatabase/output_packaged/1.104.Level_10_Sunflower_Skywheel/1.104.Level_10_Sunflower_Skywheel.mp4,1.104.Level_10_Sunflower_Skywheel.mp4,8.0,720,1280,24.0,12592122,mp4,h264,720x1280,/home/azureuser/.openclaw/workspace/IROSCRIPT-CEO/social-media/youtube/Youtube Automation/PromptDatabase/output_packaged/1.104.Level_10_Sunflower_Skywheel/thumbnail.png,,,,completed,2026-09-23T21:23:21.450214+00:00
76,af3b6a8f-b82a-407f-9541-ebfdcdc24d08,105,,Helios Field Cathedral,/home/azureuser/.openclaw/workspace/IROSCRIPT-CEO/social-media/youtube/Youtube Automation/PromptDatabase/output_packaged/1.105.Level_10_Helios_Field_Cathedral/1.105.Level_10_Helios_Field_Cathedral.mp4,1.105.Level_10_Helios_Field_Cathedral.mp4,8.0,720,1280,24.0,17414215,mp4,h264,720x1280,/home/azureuser/.openclaw/workspace/IROSCRIPT-CEO/social-media/youtube/Youtube Automation/PromptDatabase/output_packaged/1.105.Level_10_Helios_Field_Cathedral/thumbnail.png,,,,completed,2026-09-23T21:24:29.803075+00:00
77,1ac69e94-8432-4068-b38c-d98f03f96684,106,,Titanic Sun Tracker,/home/azureuser/.openclaw/workspace/IROSCRIPT-CEO/social-media/youtube/Youtube Automation/PromptDatabase/output_packaged/1.106.Level_10_Titanic_Sun_Tracker/1.106.Level_10_Titanic_Sun_Tracker.mp4,1.106.Level_10_Titanic_Sun_Tracker.mp4,8.0,720,1280,24.0,8676464,mp4,h264,720x1280,/home/azureuser/.openclaw/workspace/IROSCRIPT-CEO/social-media/youtube/Youtube Automation/PromptDatabase/output_packaged/1.106.Level_10_Titanic_Sun_Tracker/thumbnail.png,,,,completed,2026-09-23T21:25:41.729998+00:00
78,b7833b2a-7f6d-4c63-b44b-9faabe118d30,107,,The Golden Root Engine,/home/azureuser/.openclaw/workspace/IROSCRIPT-CEO/social-media/youtube/Youtube Automation/PromptDatabase/output_packaged/1.107.Level_10_The_Golden_Root_Engine/1.107.Level_10_The_Golden_Root_Engine.mp4,1.107.Level_10_The_Golden_Root_Engine.mp4,8.0,720,1280,24.0,9200444,mp4,h264,720x1280,/home/azureuser/.openclaw/workspace/IROSCRIPT-CEO/social-media/youtube/Youtube Automation/PromptDatabase/output_packaged/1.107.Level_10_The_Golden_Root_Engine/thumbnail.png,,,,completed,2026-09-23T21:26:49.910868+00:00
79,997d1142-d5da-47df-b0bc-e8199ccacbab,108,,Sunflower Leviathan,/home/azureuser/.openclaw/workspace/IROSCRIPT-CEO/social-media/youtube/Youtube Automation/PromptDatabase/output_packaged/1.108.Level_10_Sunflower_Leviathan/1.108.Level_10_Sunflower_Leviathan.mp4,1.108.Level_10_Sunflower_Leviathan.mp4,8.0,720,1280,24.0,14811812,mp4,h264,720x1280,/home/azureuser/.openclaw/workspace/IROSCRIPT-CEO/social-media/youtube/Youtube Automation/PromptDatabase/output_packaged/1.108.Level_10_Sunflower_Leviathan/thumbnail.png,,,,completed,2026-09-23T21:28:13.078805+00:00
80,64cbe8e9-c48f-419e-95d5-d708e755e675,109,,Petal Storm Generator,/home/azureuser/.openclaw/workspace/IROSCRIPT-CEO/social-media/youtube/Youtube Automation/PromptDatabase/output_packaged/1.109.Level_10_Petal_Storm_Generator/1.109.Level_10_Petal_Storm_Generator.mp4,1.109.Level_10_Petal_Storm_Generator.mp4,8.0,720,1280,24.0,10662991,mp4,h264,720x1280,/home/azureuser/.openclaw/workspace/IROSCRIPT-CEO/social-media/youtube/Youtube Automation/PromptDatabase/output_packaged/1.109.Level_10_Petal_Storm_Generator/thumbnail.png,,,,completed,2026-09-23T21:29:21.171402+00:00
81,22c3db3c-b2f5-4654-93ba-30d0082d0cf7,110,,The Million-Arm Pollinator,/home/azureuser/.openclaw/workspace/IROSCRIPT-CEO/social-media/youtube/Youtube Automation/PromptDatabase/output_packaged/1.110.Level_10_The_Million-Arm_Pollinator/1.110.Level_10_The_Million-Arm_Pollinator.mp4,1.110.Level_10_The_Million-Arm_Pollinator.mp4,8.0,720,1280,24.0,15772553,mp4,h264,720x1280,/home/azureuser/.openclaw/workspace/IROSCRIPT-CEO/social-media/youtube/Youtube Automation/PromptDatabase/output_packaged/1.110.Level_10_The_Million-Arm_Pollinator/thumbnail.png,,,,completed,2026-09-23T21:47:46.697626+00:00
82,727a1e3c-5fb2-422b-9645-1779eadac192,111,,Colossus Seed Forge,/home/azureuser/.openclaw/workspace/IROSCRIPT-CEO/social-media/youtube/Youtube Automation/PromptDatabase/output_packaged/1.111.Level_10_Colossus_Seed_Forge/1.111.Level_10_Colossus_Seed_Forge.mp4,1.111.Level_10_Colossus_Seed_Forge.mp4,8.0,720,1280,24.0,13204145,mp4,h264,720x1280,/home/azureuser/.openclaw/workspace/IROSCRIPT-CEO/social-media/youtube/Youtube Automation/PromptDatabase/output_packaged/1.111.Level_10_Colossus_Seed_Forge/thumbnail.png,,,,completed,2026-09-23T21:48:54.867709+00:00
83,11985026-805c-4bda-89bc-b9ee90ba715b,112,,Solar Bloom Clock,/home/azureuser/.openclaw/workspace/IROSCRIPT-CEO/social-media/youtube/Youtube Automation/PromptDatabase/output_packaged/1.112.Level_10_Solar_Bloom_Clock/1.112.Level_10_Solar_Bloom_Clock.mp4,1.112.Level_10_Solar_Bloom_Clock.mp4,8.0,720,1280,24.0,9431694,mp4,h264,720x1280,/home/azureuser/.openclaw/workspace/IROSCRIPT-CEO/social-media/youtube/Youtube Automation/PromptDatabase/output_packaged/1.112.Level_10_Solar_Bloom_Clock/thumbnail.png,,,,completed,2026-09-23T21:50:02.950591+00:00
84,f3b8e73c-eaf3-4b23-a9a2-22100020aabf,113,,The Grassland Tide Engine,/home/azureuser/.openclaw/workspace/IROSCRIPT-CEO/social-media/youtube/Youtube Automation/PromptDatabase/output_packaged/1.113.Level_10_The_Grassland_Tide_Engine/1.113.Level_10_The_Grassland_Tide_Engine.mp4,1.113.Level_10_The_Grassland_Tide_Engine.mp4,8.0,720,1280,24.0,10272622,mp4,h264,720x1280,/home/azureuser/.openclaw/workspace/IROSCRIPT-CEO/social-media/youtube/Youtube Automation/PromptDatabase/output_packaged/1.113.Level_10_The_Grassland_Tide_Engine/thumbnail.png,,,,completed,2026-09-23T21:51:11.143401+00:00
85,a693945d-faed-49c5-8db2-70b6f41a2e60,114,,Skyroot Rain Harvester,/home/azureuser/.openclaw/workspace/IROSCRIPT-CEO/social-media/youtube/Youtube Automation/PromptDatabase/output_packaged/1.114.Level_10_Skyroot_Rain_Harvester/1.114.Level_10_Skyroot_Rain_Harvester.mp4,1.114.Level_10_Skyroot_Rain_Harvester.mp4,8.0,720,1280,24.0,9645140,mp4,h264,720x1280,/home/azureuser/.openclaw/workspace/IROSCRIPT-CEO/social-media/youtube/Youtube Automation/PromptDatabase/output_packaged/1.114.Level_10_Skyroot_Rain_Harvester/thumbnail.png,,,,completed,2026-09-23T21:52:19.008418+00:00
86,51100877-483d-4fe2-9fe5-d50ec0c8d376,115,,Prairie Wind Shepherd,/home/azureuser/.openclaw/workspace/IROSCRIPT-CEO/social-media/youtube/Youtube Automation/PromptDatabase/output_packaged/1.115.Level_10_Prairie_Wind_Shepherd/1.115.Level_10_Prairie_Wind_Shepherd.mp4,1.115.Level_10_Prairie_Wind_Shepherd.mp4,8.0,720,1280,24.0,7995395,mp4,h264,720x1280,/home/azureuser/.openclaw/workspace/IROSCRIPT-CEO/social-media/youtube/Youtube Automation/PromptDatabase/output_packaged/1.115.Level_10_Prairie_Wind_Shepherd/thumbnail.png,,,,completed,2026-09-23T21:53:26.823642+00:00
87,3610723f-24f8-43e0-a454-3eba918d27e3,116,,The Buried Sunwheel,/home/azureuser/.openclaw/workspace/IROSCRIPT-CEO/social-media/youtube/Youtube Automation/PromptDatabase/output_packaged/1.116.Level_10_The_Buried_Sunwheel/1.116.Level_10_The_Buried_Sunwheel.mp4,1.116.Level_10_The_Buried_Sunwheel.mp4,8.0,720,1280,24.0,11964502,mp4,h264,720x1280,/home/azureuser/.openclaw/workspace/IROSCRIPT-CEO/social-media/youtube/Youtube Automation/PromptDatabase/output_packaged/1.116.Level_10_The_Buried_Sunwheel/thumbnail.png,,,,completed,2026-09-23T21:54:50.383292+00:00
88,fac0589b-72fb-47ed-95e6-a725031a3134,117,,Thunderhoof Generator,/home/azureuser/.openclaw/workspace/IROSCRIPT-CEO/social-media/youtube/Youtube Automation/PromptDatabase/output_packaged/1.117.Level_10_Thunderhoof_Generator/1.117.Level_10_Thunderhoof_Generator.mp4,1.117.Level_10_Thunderhoof_Generator.mp4,8.0,720,1280,24.0,9911803,mp4,h264,720x1280,/home/azureuser/.openclaw/workspace/IROSCRIPT-CEO/social-media/youtube/Youtube Automation/PromptDatabase/output_packaged/1.117.Level_10_Thunderhoof_Generator/thumbnail.png,,,,completed,2026-09-23T21:55:58.349496+00:00
89,e285531e-2163-49c4-a0da-c9de7f3a201a,118,,Prairie Memory Engine,/home/azureuser/.openclaw/workspace/IROSCRIPT-CEO/social-media/youtube/Youtube Automation/PromptDatabase/output_packaged/1.118.Level_10_Prairie_Memory_Engine/1.118.Level_10_Prairie_Memory_Engine.mp4,1.118.Level_10_Prairie_Memory_Engine.mp4,8.0,720,1280,24.0,8074238,mp4,h264,720x1280,/home/azureuser/.openclaw/workspace/IROSCRIPT-CEO/social-media/youtube/Youtube Automation/PromptDatabase/output_packaged/1.118.Level_10_Prairie_Memory_Engine/thumbnail.png,,,,completed,2026-09-23T21:57:09.254548+00:00
90,90d4a629-19a9-44d4-86e6-14e9a99d4896,119,,Horizon Grass Loom,/home/azureuser/.openclaw/workspace/IROSCRIPT-CEO/social-media/youtube/Youtube Automation/PromptDatabase/output_packaged/1.119.Level_10_Horizon_Grass_Loom/1.119.Level_10_Horizon_Grass_Loom.mp4,1.119.Level_10_Horizon_Grass_Loom.mp4,8.0,720,1280,24.0,10325103,mp4,h264,720x1280,/home/azureuser/.openclaw/workspace/IROSCRIPT-CEO/social-media/youtube/Youtube Automation/PromptDatabase/output_packaged/1.119.Level_10_Horizon_Grass_Loom/thumbnail.png,,,,completed,2026-09-23T21:58:19.029070+00:00
91,a7b4e7d3-7708-488a-bba0-e3b44d3578b1,120,,Cloudshadow Irrigator,/home/azureuser/.openclaw/workspace/IROSCRIPT-CEO/social-media/youtube/Youtube Automation/PromptDatabase/output_packaged/1.120.Level_10_Cloudshadow_Irrigator/1.120.Level_10_Cloudshadow_Irrigator.mp4,1.120.Level_10_Cloudshadow_Irrigator.mp4,8.0,720,1280,24.0,8020696,mp4,h264,720x1280,/home/azureuser/.openclaw/workspace/IROSCRIPT-CEO/social-media/youtube/Youtube Automation/PromptDatabase/output_packaged/1.120.Level_10_Cloudshadow_Irrigator/thumbnail.png,,,,completed,2026-09-23T21:59:27.178101+00:00
92,e491dfbc-af53-4ae2-a511-70675f72c396,121,,The Seed Moon,/home/azureuser/.openclaw/workspace/IROSCRIPT-CEO/social-media/youtube/Youtube Automation/PromptDatabase/output_packaged/1.121.Level_10_The_Seed_Moon/1.121.Level_10_The_Seed_Moon.mp4,1.121.Level_10_The_Seed_Moon.mp4,8.0,720,1280,24.0,8742900,mp4,h264,720x1280,/home/azureuser/.openclaw/workspace/IROSCRIPT-CEO/social-media/youtube/Youtube Automation/PromptDatabase/output_packaged/1.121.Level_10_The_Seed_Moon/thumbnail.png,,,,completed,2026-09-23T22:00:34.827764+00:00
93,f2ff05af-32fd-46ef-9a0f-7e86fa8ebed3,122,,Prairie Planet Engine,/home/azureuser/.openclaw/workspace/IROSCRIPT-CEO/social-media/youtube/Youtube Automation/PromptDatabase/output_packaged/1.122.Level_10_Prairie_Planet_Engine/1.122.Level_10_Prairie_Planet_Engine.mp4,1.122.Level_10_Prairie_Planet_Engine.mp4,8.0,720,1280,24.0,10299926,mp4,h264,720x1280,/home/azureuser/.openclaw/workspace/IROSCRIPT-CEO/social-media/youtube/Youtube Automation/PromptDatabase/output_packaged/1.122.Level_10_Prairie_Planet_Engine/thumbnail.png,,,,completed,2026-09-23T22:01:42.745297+00:00
94,6a05a25a-436b-4d97-9061-5d8dace7bb0b,123,,The Dune-Swallowing Sand Leviathan,/home/azureuser/.openclaw/workspace/IROSCRIPT-CEO/social-media/youtube/Youtube Automation/PromptDatabase/output_packaged/1.123.Level_10_The_Dune-Swallowing_Sand_Leviathan/1.123.Level_10_The_Dune-Swallowing_Sand_Leviathan.mp4,1.123.Level_10_The_Dune-Swallowing_Sand_Leviathan.mp4,8.0,720,1280,24.0,13245275,mp4,h264,720x1280,/home/azureuser/.openclaw/workspace/IROSCRIPT-CEO/social-media/youtube/Youtube Automation/PromptDatabase/output_packaged/1.123.Level_10_The_Dune-Swallowing_Sand_Leviathan/thumbnail.png,,,,completed,2026-09-23T22:03:06.385258+00:00
95,ead8a937-f9aa-4c17-a31f-4c1d8334dd7b,124,,Solar Mirage Energy Tower,/home/azureuser/.openclaw/workspace/IROSCRIPT-CEO/social-media/youtube/Youtube Automation/PromptDatabase/output_packaged/1.124.Level_10_Solar_Mirage_Energy_Tower/1.124.Level_10_Solar_Mirage_Energy_Tower.mp4,1.124.Level_10_Solar_Mirage_Energy_Tower.mp4,8.0,720,1280,24.0,11736718,mp4,h264,720x1280,/home/azureuser/.openclaw/workspace/IROSCRIPT-CEO/social-media/youtube/Youtube Automation/PromptDatabase/output_packaged/1.124.Level_10_Solar_Mirage_Energy_Tower/thumbnail.png,,,,completed,2026-09-23T22:04:14.151526+00:00
96,b0f470db-f9cb-4118-8c3c-27e7e49fc74f,125,,The Deep-Basin Moisture Siphon,/home/azureuser/.openclaw/workspace/IROSCRIPT-CEO/social-media/youtube/Youtube Automation/PromptDatabase/output_packaged/1.125.Level_10_The_Deep-Basin_Moisture_Siphon/1.125.Level_10_The_Deep-Basin_Moisture_Siphon.mp4,1.125.Level_10_The_Deep-Basin_Moisture_Siphon.mp4,8.0,720,1280,24.0,9420410,mp4,h264,720x1280,/home/azureuser/.openclaw/workspace/IROSCRIPT-CEO/social-media/youtube/Youtube Automation/PromptDatabase/output_packaged/1.125.Level_10_The_Deep-Basin_Moisture_Siphon/thumbnail.png,,,,completed,2026-09-23T22:05:21.911017+00:00
97,8fb58efa-891c-4c32-93f9-e0a720e8ec04,126,,Sandstorm Kinetic Foundry,/home/azureuser/.openclaw/workspace/IROSCRIPT-CEO/social-media/youtube/Youtube Automation/PromptDatabase/output_packaged/1.126.Level_10_Sandstorm_Kinetic_Foundry/1.126.Level_10_Sandstorm_Kinetic_Foundry.mp4,1.126.Level_10_Sandstorm_Kinetic_Foundry.mp4,8.0,720,1280,24.0,8768749,mp4,h264,720x1280,/home/azureuser/.openclaw/workspace/IROSCRIPT-CEO/social-media/youtube/Youtube Automation/PromptDatabase/output_packaged/1.126.Level_10_Sandstorm_Kinetic_Foundry/thumbnail.png,,,,completed,2026-09-23T22:06:29.837461+00:00
98,7b2febf0-0199-432a-8bb2-b8d35dc430c8,127,,The Obsidian Dune Walker,/home/azureuser/.openclaw/workspace/IROSCRIPT-CEO/social-media/youtube/Youtube Automation/PromptDatabase/output_packaged/1.127.Level_10_The_Obsidian_Dune_Walker/1.127.Level_10_The_Obsidian_Dune_Walker.mp4,1.127.Level_10_The_Obsidian_Dune_Walker.mp4,8.0,720,1280,24.0,6590690,mp4,h264,720x1280,/home/azureuser/.openclaw/workspace/IROSCRIPT-CEO/social-media/youtube/Youtube Automation/PromptDatabase/output_packaged/1.127.Level_10_The_Obsidian_Dune_Walker/thumbnail.png,,,,completed,2026-09-23T22:07:38.043792+00:00
99,b669d777-79a8-46a8-9f73-f22bc52f4dbd,128,,Crystalline Sand Sifter Titan,/home/azureuser/.openclaw/workspace/IROSCRIPT-CEO/social-media/youtube/Youtube Automation/PromptDatabase/output_packaged/1.128.Level_10_Crystalline_Sand_Sifter_Titan/1.128.Level_10_Crystalline_Sand_Sifter_Titan.mp4,1.128.Level_10_Crystalline_Sand_Sifter_Titan.mp4,8.0,720,1280,24.0,10707095,mp4,h264,720x1280,/home/azureuser/.openclaw/workspace/IROSCRIPT-CEO/social-media/youtube/Youtube Automation/PromptDatabase/output_packaged/1.128.Level_10_Crystalline_Sand_Sifter_Titan/thumbnail.png,,,,completed,2026-09-23T22:08:48.172315+00:00
100,26a79fbd-53f6-4f68-a981-e8b831719a47,129,,The Subterranean Aquifer Drill,/home/azureuser/.openclaw/workspace/IROSCRIPT-CEO/social-media/youtube/Youtube Automation/PromptDatabase/output_packaged/1.129.Level_10_The_Subterranean_Aquifer_Drill/1.129.Level_10_The_Subterranean_Aquifer_Drill.mp4,1.129.Level_10_The_Subterranean_Aquifer_Drill.mp4,8.0,720,1280,24.0,9082824,mp4,h264,720x1280,/home/azureuser/.openclaw/workspace/IROSCRIPT-CEO/social-media/youtube/Youtube Automation/PromptDatabase/output_packaged/1.129.Level_10_The_Subterranean_Aquifer_Drill/thumbnail.png,,,,completed,2026-09-23T22:09:56.165839+00:00
101,d2dc8dd4-6e2c-4ef9-ab6e-82ae7177dd68,130,,Desert Sun-Forge Colossus,/home/azureuser/.openclaw/workspace/IROSCRIPT-CEO/social-media/youtube/Youtube Automation/PromptDatabase/output_packaged/1.130.Level_10_Desert_Sun-Forge_Colossus/1.130.Level_10_Desert_Sun-Forge_Colossus.mp4,1.130.Level_10_Desert_Sun-Forge_Colossus.mp4,8.0,720,1280,24.0,8120297,mp4,h264,720x1280,/home/azureuser/.openclaw/workspace/IROSCRIPT-CEO/social-media/youtube/Youtube Automation/PromptDatabase/output_packaged/1.130.Level_10_Desert_Sun-Forge_Colossus/thumbnail.png,,,,completed,2026-09-23T22:11:04.050172+00:00
102,eedb6e98-85c9-4463-b3f1-e345ac33d858,131,,The Shifting Sand Ocean Ark,/home/azureuser/.openclaw/workspace/IROSCRIPT-CEO/social-media/youtube/Youtube Automation/PromptDatabase/output_packaged/1.131.Level_10_The_Shifting_Sand_Ocean_Ark/1.131.Level_10_The_Shifting_Sand_Ocean_Ark.mp4,1.131.Level_10_The_Shifting_Sand_Ocean_Ark.mp4,8.0,720,1280,24.0,3927698,mp4,h264,720x1280,/home/azureuser/.openclaw/workspace/IROSCRIPT-CEO/social-media/youtube/Youtube Automation/PromptDatabase/output_packaged/1.131.Level_10_The_Shifting_Sand_Ocean_Ark/thumbnail.png,,,,completed,2026-09-23T22:12:12.075338+00:00
103,2cee6293-719e-47e0-8a11-f58b9c59da65,132,,The Infinite Desert Terraformer,/home/azureuser/.openclaw/workspace/IROSCRIPT-CEO/social-media/youtube/Youtube Automation/PromptDatabase/output_packaged/1.132.Level_10_The_Infinite_Desert_Terraformer/1.132.Level_10_The_Infinite_Desert_Terraformer.mp4,1.132.Level_10_The_Infinite_Desert_Terraformer.mp4,8.0,720,1280,24.0,10722738,mp4,h264,720x1280,/home/azureuser/.openclaw/workspace/IROSCRIPT-CEO/social-media/youtube/Youtube Automation/PromptDatabase/output_packaged/1.132.Level_10_The_Infinite_Desert_Terraformer/thumbnail.png,,,,completed,2026-09-23T22:13:20.226956+00:00
104,03b59f88-b3ba-4321-a6ab-bfaa4ac37acb,133,,The Golden Husk Sifter,/home/azureuser/.openclaw/workspace/IROSCRIPT-CEO/social-media/youtube/Youtube Automation/PromptDatabase/output_packaged/1.133.Level_10_The_Golden_Husk_Sifter/1.133.Level_10_The_Golden_Husk_Sifter.mp4,1.133.Level_10_The_Golden_Husk_Sifter.mp4,8.0,720,1280,24.0,15023654,mp4,h264,720x1280,/home/azureuser/.openclaw/workspace/IROSCRIPT-CEO/social-media/youtube/Youtube Automation/PromptDatabase/output_packaged/1.133.Level_10_The_Golden_Husk_Sifter/thumbnail.png,,,,completed,2026-09-23T22:14:28.317287+00:00
105,d2c479ce-d722-4b89-9f1d-352891347805,134,,The Corn Maze Planetary Combine,/home/azureuser/.openclaw/workspace/IROSCRIPT-CEO/social-media/youtube/Youtube Automation/PromptDatabase/output_packaged/1.134.Level_10_The_Corn_Maze_Planetary_Combine/1.134.Level_10_The_Corn_Maze_Planetary_Combine.mp4,1.134.Level_10_The_Corn_Maze_Planetary_Combine.mp4,8.0,720,1280,24.0,14067434,mp4,h264,720x1280,/home/azureuser/.openclaw/workspace/IROSCRIPT-CEO/social-media/youtube/Youtube Automation/PromptDatabase/output_packaged/1.134.Level_10_The_Corn_Maze_Planetary_Combine/thumbnail.png,,,,completed,2026-09-23T22:15:36.668509+00:00
106,d33dfe00-6f13-470f-ac08-37f33ec1a036,135,,Sun-Ripened Kernel Reactor,/home/azureuser/.openclaw/workspace/IROSCRIPT-CEO/social-media/youtube/Youtube Automation/PromptDatabase/output_packaged/1.135.Level_10_Sun-Ripened_Kernel_Reactor/1.135.Level_10_Sun-Ripened_Kernel_Reactor.mp4,1.135.Level_10_Sun-Ripened_Kernel_Reactor.mp4,8.0,720,1280,24.0,13003267,mp4,h264,720x1280,/home/azureuser/.openclaw/workspace/IROSCRIPT-CEO/social-media/youtube/Youtube Automation/PromptDatabase/output_packaged/1.135.Level_10_Sun-Ripened_Kernel_Reactor/thumbnail.png,,,,completed,2026-09-23T22:17:01.224028+00:00
107,ffc631b0-1294-4a05-a555-3e2e15fcbaa7,136,,The Titan Stalk Shredder,/home/azureuser/.openclaw/workspace/IROSCRIPT-CEO/social-media/youtube/Youtube Automation/PromptDatabase/output_packaged/1.136.Level_10_The_Titan_Stalk_Shredder/1.136.Level_10_The_Titan_Stalk_Shredder.mp4,1.136.Level_10_The_Titan_Stalk_Shredder.mp4,8.0,720,1280,24.0,14620156,mp4,h264,720x1280,/home/azureuser/.openclaw/workspace/IROSCRIPT-CEO/social-media/youtube/Youtube Automation/PromptDatabase/output_packaged/1.136.Level_10_The_Titan_Stalk_Shredder/thumbnail.png,,,,completed,2026-09-23T22:18:09.627266+00:00
108,372852b3-ce34-41a2-a91d-964203456e18,137,,Cornfield Solar Furnace,/home/azureuser/.openclaw/workspace/IROSCRIPT-CEO/social-media/youtube/Youtube Automation/PromptDatabase/output_packaged/1.137.Level_10_Cornfield_Solar_Furnace/1.137.Level_10_Cornfield_Solar_Furnace.mp4,1.137.Level_10_Cornfield_Solar_Furnace.mp4,8.0,720,1280,24.0,9687137,mp4,h264,720x1280,/home/azureuser/.openclaw/workspace/IROSCRIPT-CEO/social-media/youtube/Youtube Automation/PromptDatabase/output_packaged/1.137.Level_10_Cornfield_Solar_Furnace/thumbnail.png,,,,completed,2026-09-23T22:19:32.907991+00:00
109,3b221aba-f80b-4a15-afcf-d956516c098e,138,,The Atmospheric Corn Elevator,/home/azureuser/.openclaw/workspace/IROSCRIPT-CEO/social-media/youtube/Youtube Automation/PromptDatabase/output_packaged/1.138.Level_10_The_Atmospheric_Corn_Elevator/1.138.Level_10_The_Atmospheric_Corn_Elevator.mp4,1.138.Level_10_The_Atmospheric_Corn_Elevator.mp4,8.0,720,1280,24.0,11783390,mp4,h264,720x1280,/home/azureuser/.openclaw/workspace/IROSCRIPT-CEO/social-media/youtube/Youtube Automation/PromptDatabase/output_packaged/1.138.Level_10_The_Atmospheric_Corn_Elevator/thumbnail.png,,,,completed,2026-09-23T22:20:40.924782+00:00
110,015a237c-d56d-4203-8f25-ddf16987750f,139,,Golden Silk Weaving Engine,/home/azureuser/.openclaw/workspace/IROSCRIPT-CEO/social-media/youtube/Youtube Automation/PromptDatabase/output_packaged/1.139.Level_10_Golden_Silk_Weaving_Engine/1.139.Level_10_Golden_Silk_Weaving_Engine.mp4,1.139.Level_10_Golden_Silk_Weaving_Engine.mp4,8.0,720,1280,24.0,18163350,mp4,h264,720x1280,/home/azureuser/.openclaw/workspace/IROSCRIPT-CEO/social-media/youtube/Youtube Automation/PromptDatabase/output_packaged/1.139.Level_10_Golden_Silk_Weaving_Engine/thumbnail.png,,,,completed,2026-09-23T22:21:49.202175+00:00
111,09c569c7-0670-4fb7-90e5-b6774c38771b,140,,The Infinite Cornfield Colossus,/home/azureuser/.openclaw/workspace/IROSCRIPT-CEO/social-media/youtube/Youtube Automation/PromptDatabase/output_packaged/1.140.Level_10_The_Infinite_Cornfield_Colossus/1.140.Level_10_The_Infinite_Cornfield_Colossus.mp4,1.140.Level_10_The_Infinite_Cornfield_Colossus.mp4,8.0,720,1280,24.0,11819526,mp4,h264,720x1280,/home/azureuser/.openclaw/workspace/IROSCRIPT-CEO/social-media/youtube/Youtube Automation/PromptDatabase/output_packaged/1.140.Level_10_The_Infinite_Cornfield_Colossus/thumbnail.png,,,,completed,2026-09-23T22:22:57.126247+00:00
112,b086e30f-b44a-4b15-a359-fc9a161b3908,141,,The Ridge-Carver Leviathan,/home/azureuser/.openclaw/workspace/IROSCRIPT-CEO/social-media/youtube/Youtube Automation/PromptDatabase/output_packaged/1.141.Level_10_The_Ridge-Carver_Leviathan/1.141.Level_10_The_Ridge-Carver_Leviathan.mp4,1.141.Level_10_The_Ridge-Carver_Leviathan.mp4,8.0,720,1280,24.0,14994075,mp4,h264,720x1280,/home/azureuser/.openclaw/workspace/IROSCRIPT-CEO/social-media/youtube/Youtube Automation/PromptDatabase/output_packaged/1.141.Level_10_The_Ridge-Carver_Leviathan/thumbnail.png,,,,completed,2026-09-23T22:24:22.468869+00:00
113,5d1e5598-e02e-4676-8620-661948a0ed00,142,,Atmospheric Peak Elevator,/home/azureuser/.openclaw/workspace/IROSCRIPT-CEO/social-media/youtube/Youtube Automation/PromptDatabase/output_packaged/1.142.Level_10_Atmospheric_Peak_Elevator/1.142.Level_10_Atmospheric_Peak_Elevator.mp4,1.142.Level_10_Atmospheric_Peak_Elevator.mp4,8.0,720,1280,24.0,8828268,mp4,h264,720x1280,/home/azureuser/.openclaw/workspace/IROSCRIPT-CEO/social-media/youtube/Youtube Automation/PromptDatabase/output_packaged/1.142.Level_10_Atmospheric_Peak_Elevator/thumbnail.png,,,,completed,2026-09-23T22:25:45.845396+00:00
114,9ba87394-bafb-4db2-9176-87a98550dd25,143,,The Granite Mantle Bore,/home/azureuser/.openclaw/workspace/IROSCRIPT-CEO/social-media/youtube/Youtube Automation/PromptDatabase/output_packaged/1.143.Level_10_The_Granite_Mantle_Bore/1.143.Level_10_The_Granite_Mantle_Bore.mp4,1.143.Level_10_The_Granite_Mantle_Bore.mp4,8.0,720,1280,24.0,11793093,mp4,h264,720x1280,/home/azureuser/.openclaw/workspace/IROSCRIPT-CEO/social-media/youtube/Youtube Automation/PromptDatabase/output_packaged/1.143.Level_10_The_Granite_Mantle_Bore/thumbnail.png,,,,completed,2026-09-23T22:27:09.373362+00:00
115,b29e78cd-e9b7-42e7-ac14-a171f88fab6a,144,,Cloud-Anchor Sky Citadel,/home/azureuser/.openclaw/workspace/IROSCRIPT-CEO/social-media/youtube/Youtube Automation/PromptDatabase/output_packaged/1.144.Level_10_Cloud-Anchor_Sky_Citadel/1.144.Level_10_Cloud-Anchor_Sky_Citadel.mp4,1.144.Level_10_Cloud-Anchor_Sky_Citadel.mp4,8.0,720,1280,24.0,12038917,mp4,h264,720x1280,/home/azureuser/.openclaw/workspace/IROSCRIPT-CEO/social-media/youtube/Youtube Automation/PromptDatabase/output_packaged/1.144.Level_10_Cloud-Anchor_Sky_Citadel/thumbnail.png,,,,completed,2026-09-23T22:28:17.625981+00:00
116,5a9b3a0d-0dbf-4281-b519-19710130d77b,145,,The Avalanche Kinetic Dam,/home/azureuser/.openclaw/workspace/IROSCRIPT-CEO/social-media/youtube/Youtube Automation/PromptDatabase/output_packaged/1.145.Level_10_The_Avalanche_Kinetic_Dam/1.145.Level_10_The_Avalanche_Kinetic_Dam.mp4,1.145.Level_10_The_Avalanche_Kinetic_Dam.mp4,8.0,720,1280,24.0,12887910,mp4,h264,720x1280,/home/azureuser/.openclaw/workspace/IROSCRIPT-CEO/social-media/youtube/Youtube Automation/PromptDatabase/output_packaged/1.145.Level_10_The_Avalanche_Kinetic_Dam/thumbnail.png,,,,completed,2026-09-23T22:29:40.743466+00:00
117,7f8ca1b4-5b5f-43ed-b88a-d5a49bb69f64,146,,Summit Solar Concentrator,/home/azureuser/.openclaw/workspace/IROSCRIPT-CEO/social-media/youtube/Youtube Automation/PromptDatabase/output_packaged/1.146.Level_10_Summit_Solar_Concentrator/1.146.Level_10_Summit_Solar_Concentrator.mp4,1.146.Level_10_Summit_Solar_Concentrator.mp4,8.0,720,1280,24.0,12403076,mp4,h264,720x1280,/home/azureuser/.openclaw/workspace/IROSCRIPT-CEO/social-media/youtube/Youtube Automation/PromptDatabase/output_packaged/1.146.Level_10_Summit_Solar_Concentrator/thumbnail.png,,,,completed,2026-09-23T22:31:04.184591+00:00
118,1217eda8-c33e-4424-936c-74cfacf7cd90,147,,The Tectonic Strata Sifter,/home/azureuser/.openclaw/workspace/IROSCRIPT-CEO/social-media/youtube/Youtube Automation/PromptDatabase/output_packaged/1.147.Level_10_The_Tectonic_Strata_Sifter/1.147.Level_10_The_Tectonic_Strata_Sifter.mp4,1.147.Level_10_The_Tectonic_Strata_Sifter.mp4,8.0,720,1280,24.0,9618157,mp4,h264,720x1280,/home/azureuser/.openclaw/workspace/IROSCRIPT-CEO/social-media/youtube/Youtube Automation/PromptDatabase/output_packaged/1.147.Level_10_The_Tectonic_Strata_Sifter/thumbnail.png,,,,completed,2026-09-23T22:32:27.493684+00:00
119,78645cf6-18d8-486a-90b2-bb4ac7473278,148,,The Glacial Crest Furnace,/home/azureuser/.openclaw/workspace/IROSCRIPT-CEO/social-media/youtube/Youtube Automation/PromptDatabase/output_packaged/1.148.Level_10_The_Glacial_Crest_Furnace/1.148.Level_10_The_Glacial_Crest_Furnace.mp4,1.148.Level_10_The_Glacial_Crest_Furnace.mp4,8.0,720,1280,24.0,9345236,mp4,h264,720x1280,/home/azureuser/.openclaw/workspace/IROSCRIPT-CEO/social-media/youtube/Youtube Automation/PromptDatabase/output_packaged/1.148.Level_10_The_Glacial_Crest_Furnace/thumbnail.png,,,,completed,2026-09-23T22:33:35.685682+00:00
120,5ce3bf19-ee49-4470-ba49-c38f12ee085d,149,,Chrono-Fossil Extractor,/home/azureuser/.openclaw/workspace/IROSCRIPT-CEO/social-media/youtube/Youtube Automation/PromptDatabase/output_packaged/1.149.Level_10_Chrono-Fossil_Extractor/1.149.Level_10_Chrono-Fossil_Extractor.mp4,1.149.Level_10_Chrono-Fossil_Extractor.mp4,8.0,720,1280,24.0,10118900,mp4,h264,720x1280,/home/azureuser/.openclaw/workspace/IROSCRIPT-CEO/social-media/youtube/Youtube Automation/PromptDatabase/output_packaged/1.149.Level_10_Chrono-Fossil_Extractor/thumbnail.png,,,,completed,2026-09-23T22:35:00.369819+00:00
121,a1e14378-cb77-4694-83b3-c701c49bfae0,150,,The Alpine Weather Forge,/home/azureuser/.openclaw/workspace/IROSCRIPT-CEO/social-media/youtube/Youtube Automation/PromptDatabase/output_packaged/1.150.Level_10_The_Alpine_Weather_Forge/1.150.Level_10_The_Alpine_Weather_Forge.mp4,1.150.Level_10_The_Alpine_Weather_Forge.mp4,8.0,720,1280,24.0,9669799,mp4,h264,720x1280,/home/azureuser/.openclaw/workspace/IROSCRIPT-CEO/social-media/youtube/Youtube Automation/PromptDatabase/output_packaged/1.150.Level_10_The_Alpine_Weather_Forge/thumbnail.png,,,,completed,2026-09-23T22:36:23.295081+00:00
122,55231cef-f776-4b16-941a-cd381ade5281,151,,The Cryo-Mantle Sub-Glacial Dredger,/home/azureuser/.openclaw/workspace/IROSCRIPT-CEO/social-media/youtube/Youtube Automation/PromptDatabase/output_packaged/1.151.Level_10_The_Cryo-Mantle_Sub-Glacial_Dredger/1.151.Level_10_The_Cryo-Mantle_Sub-Glacial_Dredger.mp4,1.151.Level_10_The_Cryo-Mantle_Sub-Glacial_Dredger.mp4,8.0,720,1280,24.0,14018061,mp4,h264,720x1280,/home/azureuser/.openclaw/workspace/IROSCRIPT-CEO/social-media/youtube/Youtube Automation/PromptDatabase/output_packaged/1.151.Level_10_The_Cryo-Mantle_Sub-Glacial_Dredger/thumbnail.png,,,,completed,2026-09-23T22:38:01.715080+00:00
123,0eea2ad1-ff92-4d93-a445-03e9397847a3,152,,Ice-Spire Acoustic Resonator,/home/azureuser/.openclaw/workspace/IROSCRIPT-CEO/social-media/youtube/Youtube Automation/PromptDatabase/output_packaged/1.152.Level_10_Ice-Spire_Acoustic_Resonator/1.152.Level_10_Ice-Spire_Acoustic_Resonator.mp4,1.152.Level_10_Ice-Spire_Acoustic_Resonator.mp4,8.0,720,1280,24.0,11043416,mp4,h264,720x1280,/home/azureuser/.openclaw/workspace/IROSCRIPT-CEO/social-media/youtube/Youtube Automation/PromptDatabase/output_packaged/1.152.Level_10_Ice-Spire_Acoustic_Resonator/thumbnail.png,,,,completed,2026-09-23T22:39:24.956376+00:00
124,55f2da97-f3ba-4cfd-95fc-982704fc2cad,153,,The Continental Calving Arrester,/home/azureuser/.openclaw/workspace/IROSCRIPT-CEO/social-media/youtube/Youtube Automation/PromptDatabase/output_packaged/1.153.Level_10_The_Continental_Calving_Arrester/1.153.Level_10_The_Continental_Calving_Arrester.mp4,1.153.Level_10_The_Continental_Calving_Arrester.mp4,8.0,720,1280,24.0,11975980,mp4,h264,720x1280,/home/azureuser/.openclaw/workspace/IROSCRIPT-CEO/social-media/youtube/Youtube Automation/PromptDatabase/output_packaged/1.153.Level_10_The_Continental_Calving_Arrester/thumbnail.png,,,,completed,2026-09-23T22:40:48.769886+00:00
125,f4497841-b6d3-4152-b86e-54a0184e5f24,154,,Chrono-Ice Stratum Siphon,/home/azureuser/.openclaw/workspace/IROSCRIPT-CEO/social-media/youtube/Youtube Automation/PromptDatabase/output_packaged/1.154.Level_10_Chrono-Ice_Stratum_Siphon/1.154.Level_10_Chrono-Ice_Stratum_Siphon.mp4,1.154.Level_10_Chrono-Ice_Stratum_Siphon.mp4,8.0,720,1280,24.0,8828314,mp4,h264,720x1280,/home/azureuser/.openclaw/workspace/IROSCRIPT-CEO/social-media/youtube/Youtube Automation/PromptDatabase/output_packaged/1.154.Level_10_Chrono-Ice_Stratum_Siphon/thumbnail.png,,,,completed,2026-09-23T22:42:14.536163+00:00
126,9447fa93-9cfc-409c-af9d-a7b04374f959,155,,The Glacial Moraine Maglev Smelter,/home/azureuser/.openclaw/workspace/IROSCRIPT-CEO/social-media/youtube/Youtube Automation/PromptDatabase/output_packaged/1.155.Level_10_The_Glacial_Moraine_Maglev_Smelter/1.155.Level_10_The_Glacial_Moraine_Maglev_Smelter.mp4,1.155.Level_10_The_Glacial_Moraine_Maglev_Smelter.mp4,8.0,720,1280,24.0,14219588,mp4,h264,720x1280,/home/azureuser/.openclaw/workspace/IROSCRIPT-CEO/social-media/youtube/Youtube Automation/PromptDatabase/output_packaged/1.155.Level_10_The_Glacial_Moraine_Maglev_Smelter/thumbnail.png,,,,completed,2026-09-24T05:43:15.712383+00:00
127,a3bd2fa9-a8f1-49a0-8d51-b7f6c982d5c6,156,,Sub-Zero Plasma Ice-Cutter,/home/azureuser/.openclaw/workspace/IROSCRIPT-CEO/social-media/youtube/Youtube Automation/PromptDatabase/output_packaged/1.156.Level_10_Sub-Zero_Plasma_Ice-Cutter/1.156.Level_10_Sub-Zero_Plasma_Ice-Cutter.mp4,1.156.Level_10_Sub-Zero_Plasma_Ice-Cutter.mp4,8.0,720,1280,24.0,13829954,mp4,h264,720x1280,/home/azureuser/.openclaw/workspace/IROSCRIPT-CEO/social-media/youtube/Youtube Automation/PromptDatabase/output_packaged/1.156.Level_10_Sub-Zero_Plasma_Ice-Cutter/thumbnail.png,,,,completed,2026-09-24T05:45:03.587502+00:00
128,14e86c83-1375-4234-9ae9-9d96282a14da,157,,The Permafrost Thermal Shield Citadel,/home/azureuser/.openclaw/workspace/IROSCRIPT-CEO/social-media/youtube/Youtube Automation/PromptDatabase/output_packaged/1.157.Level_10_The_Permafrost_Thermal_Shield_Citadel/1.157.Level_10_The_Permafrost_Thermal_Shield_Citadel.mp4,1.157.Level_10_The_Permafrost_Thermal_Shield_Citadel.mp4,8.0,720,1280,24.0,10074877,mp4,h264,720x1280,/home/azureuser/.openclaw/workspace/IROSCRIPT-CEO/social-media/youtube/Youtube Automation/PromptDatabase/output_packaged/1.157.Level_10_The_Permafrost_Thermal_Shield_Citadel/thumbnail.png,,,,completed,2026-09-24T05:46:27.573178+00:00
129,662bdaa6-6331-4564-88b7-16568fe070f7,158,,Glacial Melt Sub-Hydro Dynamo,/home/azureuser/.openclaw/workspace/IROSCRIPT-CEO/social-media/youtube/Youtube Automation/PromptDatabase/output_packaged/1.158.Level_10_Glacial_Melt_Sub-Hydro_Dynamo/1.158.Level_10_Glacial_Melt_Sub-Hydro_Dynamo.mp4,1.158.Level_10_Glacial_Melt_Sub-Hydro_Dynamo.mp4,8.0,720,1280,24.0,9123182,mp4,h264,720x1280,/home/azureuser/.openclaw/workspace/IROSCRIPT-CEO/social-media/youtube/Youtube Automation/PromptDatabase/output_packaged/1.158.Level_10_Glacial_Melt_Sub-Hydro_Dynamo/thumbnail.png,,,,completed,2026-09-24T05:47:53.200973+00:00
130,cb18fdb7-669e-4ce3-9a40-6dafa5472b45,159,,The Polar Bedrock Tectonic Pincer,/home/azureuser/.openclaw/workspace/IROSCRIPT-CEO/social-media/youtube/Youtube Automation/PromptDatabase/output_packaged/1.159.Level_10_The_Polar_Bedrock_Tectonic_Pincer/1.159.Level_10_The_Polar_Bedrock_Tectonic_Pincer.mp4,1.159.Level_10_The_Polar_Bedrock_Tectonic_Pincer.mp4,8.0,720,1280,24.0,12237489,mp4,h264,720x1280,/home/azureuser/.openclaw/workspace/IROSCRIPT-CEO/social-media/youtube/Youtube Automation/PromptDatabase/output_packaged/1.159.Level_10_The_Polar_Bedrock_Tectonic_Pincer/thumbnail.png,,,,completed,2026-09-24T05:49:01.713206+00:00
131,d2436abe-5730-429e-8850-36f0aa12a299,160,,Atmospheric Cryo-Condenser Spire,/home/azureuser/.openclaw/workspace/IROSCRIPT-CEO/social-media/youtube/Youtube Automation/PromptDatabase/output_packaged/1.160.Level_10_Atmospheric_Cryo-Condenser_Spire/1.160.Level_10_Atmospheric_Cryo-Condenser_Spire.mp4,1.160.Level_10_Atmospheric_Cryo-Condenser_Spire.mp4,8.0,720,1280,24.0,10381454,mp4,h264,720x1280,/home/azureuser/.openclaw/workspace/IROSCRIPT-CEO/social-media/youtube/Youtube Automation/PromptDatabase/output_packaged/1.160.Level_10_Atmospheric_Cryo-Condenser_Spire/thumbnail.png,,,,completed,2026-09-24T05:50:25.418294+00:00
132,f6383432-8a98-4dc5-9b5c-377575b74d69,161,,Sub-Zero Snowplow Colossus,/home/azureuser/.openclaw/workspace/IROSCRIPT-CEO/social-media/youtube/Youtube Automation/PromptDatabase/output_packaged/1.161.Level_10_Sub-Zero_Snowplow_Colossus/1.161.Level_10_Sub-Zero_Snowplow_Colossus.mp4,1.161.Level_10_Sub-Zero_Snowplow_Colossus.mp4,8.0,720,1280,24.0,10230626,mp4,h264,720x1280,/home/azureuser/.openclaw/workspace/IROSCRIPT-CEO/social-media/youtube/Youtube Automation/PromptDatabase/output_packaged/1.161.Level_10_Sub-Zero_Snowplow_Colossus/thumbnail.png,,,,completed,2026-09-24T05:51:51.094074+00:00
133,d36cafb3-5568-4433-add1-537499c27eb4,162,,Aurora Borealis Polar Resonator,/home/azureuser/.openclaw/workspace/IROSCRIPT-CEO/social-media/youtube/Youtube Automation/PromptDatabase/output_packaged/1.162.Level_10_Aurora_Borealis_Polar_Resonator/1.162.Level_10_Aurora_Borealis_Polar_Resonator.mp4,1.162.Level_10_Aurora_Borealis_Polar_Resonator.mp4,8.0,720,1280,24.0,9169539,mp4,h264,720x1280,/home/azureuser/.openclaw/workspace/IROSCRIPT-CEO/social-media/youtube/Youtube Automation/PromptDatabase/output_packaged/1.162.Level_10_Aurora_Borealis_Polar_Resonator/thumbnail.png,,,,completed,2026-09-24T05:53:14.659727+00:00
134,1ef3f4e5-48bf-4cf5-b8b9-bacda34fa4ee,163,,The Tundra Snow-Compacting Leviathan,/home/azureuser/.openclaw/workspace/IROSCRIPT-CEO/social-media/youtube/Youtube Automation/PromptDatabase/output_packaged/1.163.Level_10_The_Tundra_Snow-Compacting_Leviathan/1.163.Level_10_The_Tundra_Snow-Compacting_Leviathan.mp4,1.163.Level_10_The_Tundra_Snow-Compacting_Leviathan.mp4,8.0,720,1280,24.0,14464519,mp4,h264,720x1280,/home/azureuser/.openclaw/workspace/IROSCRIPT-CEO/social-media/youtube/Youtube Automation/PromptDatabase/output_packaged/1.163.Level_10_The_Tundra_Snow-Compacting_Leviathan/thumbnail.png,,,,completed,2026-09-24T05:54:38.975040+00:00
135,d57d0ac2-d7e1-4695-8c06-38340e4e3c24,164,,Geothermal Snowfield Melt-Canal Dredger,/home/azureuser/.openclaw/workspace/IROSCRIPT-CEO/social-media/youtube/Youtube Automation/PromptDatabase/output_packaged/1.164.Level_10_Geothermal_Snowfield_Melt-Canal_Dredger/1.164.Level_10_Geothermal_Snowfield_Melt-Canal_Dredger.mp4,1.164.Level_10_Geothermal_Snowfield_Melt-Canal_Dredger.mp4,8.0,720,1280,24.0,12887296,mp4,h264,720x1280,/home/azureuser/.openclaw/workspace/IROSCRIPT-CEO/social-media/youtube/Youtube Automation/PromptDatabase/output_packaged/1.164.Level_10_Geothermal_Snowfield_Melt-Canal_Dredger/thumbnail.png,,,,completed,2026-09-24T05:56:02.582401+00:00
136,a756a4a0-c7f2-4acb-bf15-5cb46673c1ce,165,,The Polar Whiteout Laser Beacon Spire,/home/azureuser/.openclaw/workspace/IROSCRIPT-CEO/social-media/youtube/Youtube Automation/PromptDatabase/output_packaged/1.165.Level_10_The_Polar_Whiteout_Laser_Beacon_Spire/1.165.Level_10_The_Polar_Whiteout_Laser_Beacon_Spire.mp4,1.165.Level_10_The_Polar_Whiteout_Laser_Beacon_Spire.mp4,8.0,720,1280,24.0,10366313,mp4,h264,720x1280,/home/azureuser/.openclaw/workspace/IROSCRIPT-CEO/social-media/youtube/Youtube Automation/PromptDatabase/output_packaged/1.165.Level_10_The_Polar_Whiteout_Laser_Beacon_Spire/thumbnail.png,,,,completed,2026-09-24T05:57:26.384735+00:00
137,b3526363-6370-4add-adae-5a67c15dfc71,166,,Cryogenic Snowfield Seed Vault Citadel,/home/azureuser/.openclaw/workspace/IROSCRIPT-CEO/social-media/youtube/Youtube Automation/PromptDatabase/output_packaged/1.166.Level_10_Cryogenic_Snowfield_Seed_Vault_Citadel/1.166.Level_10_Cryogenic_Snowfield_Seed_Vault_Citadel.mp4,1.166.Level_10_Cryogenic_Snowfield_Seed_Vault_Citadel.mp4,8.0,720,1280,24.0,9926363,mp4,h264,720x1280,/home/azureuser/.openclaw/workspace/IROSCRIPT-CEO/social-media/youtube/Youtube Automation/PromptDatabase/output_packaged/1.166.Level_10_Cryogenic_Snowfield_Seed_Vault_Citadel/thumbnail.png,,,,completed,2026-09-24T05:58:50.070843+00:00
138,92bb489c-43ae-42b5-a834-468874ee06b6,167,,The Arctic Snow-Sifting Bio-Dome Crawler,/home/azureuser/.openclaw/workspace/IROSCRIPT-CEO/social-media/youtube/Youtube Automation/PromptDatabase/output_packaged/1.167.Level_10_The_Arctic_Snow-Sifting_Bio-Dome_Crawler/1.167.Level_10_The_Arctic_Snow-Sifting_Bio-Dome_Crawler.mp4,1.167.Level_10_The_Arctic_Snow-Sifting_Bio-Dome_Crawler.mp4,8.0,720,1280,24.0,14968621,mp4,h264,720x1280,/home/azureuser/.openclaw/workspace/IROSCRIPT-CEO/social-media/youtube/Youtube Automation/PromptDatabase/output_packaged/1.167.Level_10_The_Arctic_Snow-Sifting_Bio-Dome_Crawler/thumbnail.png,,,,completed,2026-09-24T06:00:13.707119+00:00
139,d241c26e-fdcb-4fea-92f9-2bb5a1933a0e,168,,Atmospheric Blizzard Re-Directing Turbines,/home/azureuser/.openclaw/workspace/IROSCRIPT-CEO/social-media/youtube/Youtube Automation/PromptDatabase/output_packaged/1.168.Level_10_Atmospheric_Blizzard_Re-Directing_Turbines/1.168.Level_10_Atmospheric_Blizzard_Re-Directing_Turbines.mp4,1.168.Level_10_Atmospheric_Blizzard_Re-Directing_Turbines.mp4,8.0,720,1280,24.0,11915645,mp4,h264,720x1280,/home/azureuser/.openclaw/workspace/IROSCRIPT-CEO/social-media/youtube/Youtube Automation/PromptDatabase/output_packaged/1.168.Level_10_Atmospheric_Blizzard_Re-Directing_Turbines/thumbnail.png,,,,completed,2026-09-24T06:01:37.610521+00:00
140,603e0874-b092-4dd2-b231-bb6e943227fc,169,,Superconducting Snowfield Monorail Fortress,/home/azureuser/.openclaw/workspace/IROSCRIPT-CEO/social-media/youtube/Youtube Automation/PromptDatabase/output_packaged/1.169.Level_10_Superconducting_Snowfield_Monorail_Fortress/1.169.Level_10_Superconducting_Snowfield_Monorail_Fortress.mp4,1.169.Level_10_Superconducting_Snowfield_Monorail_Fortress.mp4,8.0,720,1280,24.0,13943059,mp4,h264,720x1280,/home/azureuser/.openclaw/workspace/IROSCRIPT-CEO/social-media/youtube/Youtube Automation/PromptDatabase/output_packaged/1.169.Level_10_Superconducting_Snowfield_Monorail_Fortress/thumbnail.png,,,,completed,2026-09-24T06:02:46.303624+00:00
141,4237d563-c271-4950-8674-20365554c643,170,,The Permafrost Thermal Well Siphon,/home/azureuser/.openclaw/workspace/IROSCRIPT-CEO/social-media/youtube/Youtube Automation/PromptDatabase/output_packaged/1.170.Level_10_The_Permafrost_Thermal_Well_Siphon/1.170.Level_10_The_Permafrost_Thermal_Well_Siphon.mp4,1.170.Level_10_The_Permafrost_Thermal_Well_Siphon.mp4,8.0,720,1280,24.0,10607270,mp4,h264,720x1280,/home/azureuser/.openclaw/workspace/IROSCRIPT-CEO/social-media/youtube/Youtube Automation/PromptDatabase/output_packaged/1.170.Level_10_The_Permafrost_Thermal_Well_Siphon/thumbnail.png,,,,completed,2026-09-24T06:04:10.059330+00:00
142,e40a49d4-4829-49f1-a2dd-535bcc3a05de,171,,The Caldera Magma Siphon Titan,/home/azureuser/.openclaw/workspace/IROSCRIPT-CEO/social-media/youtube/Youtube Automation/PromptDatabase/output_packaged/1.171.Level_10_The_Caldera_Magma_Siphon_Titan/1.171.Level_10_The_Caldera_Magma_Siphon_Titan.mp4,1.171.Level_10_The_Caldera_Magma_Siphon_Titan.mp4,8.0,720,1280,24.0,11186844,mp4,h264,720x1280,/home/azureuser/.openclaw/workspace/IROSCRIPT-CEO/social-media/youtube/Youtube Automation/PromptDatabase/output_packaged/1.171.Level_10_The_Caldera_Magma_Siphon_Titan/thumbnail.png,,,,completed,2026-09-24T06:05:33.600561+00:00
143,4c7d060c-2bb0-4e47-a3c1-6c257c499963,172,,Sub-Volcanic Obsidian Mantle Borer,/home/azureuser/.openclaw/workspace/IROSCRIPT-CEO/social-media/youtube/Youtube Automation/PromptDatabase/output_packaged/1.172.Level_10_Sub-Volcanic_Obsidian_Mantle_Borer/1.172.Level_10_Sub-Volcanic_Obsidian_Mantle_Borer.mp4,1.172.Level_10_Sub-Volcanic_Obsidian_Mantle_Borer.mp4,8.0,720,1280,24.0,15200738,mp4,h264,720x1280,/home/azureuser/.openclaw/workspace/IROSCRIPT-CEO/social-media/youtube/Youtube Automation/PromptDatabase/output_packaged/1.172.Level_10_Sub-Volcanic_Obsidian_Mantle_Borer/thumbnail.png,,,,completed,2026-09-24T06:06:57.264627+00:00
144,77f4d0ca-82de-4660-9e42-4f221d0be22b,173,,The Pyroclastic Ash-Sequestration Vacuum Spire,/home/azureuser/.openclaw/workspace/IROSCRIPT-CEO/social-media/youtube/Youtube Automation/PromptDatabase/output_packaged/1.173.Level_10_The_Pyroclastic_Ash-Sequestration_Vacuum_Spire/1.173.Level_10_The_Pyroclastic_Ash-Sequestration_Vacuum_Spire.mp4,1.173.Level_10_The_Pyroclastic_Ash-Sequestration_Vacuum_Spire.mp4,8.0,720,1280,24.0,10094428,mp4,h264,720x1280,/home/azureuser/.openclaw/workspace/IROSCRIPT-CEO/social-media/youtube/Youtube Automation/PromptDatabase/output_packaged/1.173.Level_10_The_Pyroclastic_Ash-Sequestration_Vacuum_Spire/thumbnail.png,,,,completed,2026-09-24T06:08:20.874292+00:00
145,ef8f2718-d2bd-47f5-9ea3-2505d3147521,174,,Volcanic Lava-Channeling Canal Leviathan,/home/azureuser/.openclaw/workspace/IROSCRIPT-CEO/social-media/youtube/Youtube Automation/PromptDatabase/output_packaged/1.174.Level_10_Volcanic_Lava-Channeling_Canal_Leviathan/1.174.Level_10_Volcanic_Lava-Channeling_Canal_Leviathan.mp4,1.174.Level_10_Volcanic_Lava-Channeling_Canal_Leviathan.mp4,8.0,720,1280,24.0,14385707,mp4,h264,720x1280,/home/azureuser/.openclaw/workspace/IROSCRIPT-CEO/social-media/youtube/Youtube Automation/PromptDatabase/output_packaged/1.174.Level_10_Volcanic_Lava-Channeling_Canal_Leviathan/thumbnail.png,,,,completed,2026-09-24T06:09:31.178365+00:00
146,4d6512d3-30f6-45c2-8e9f-6e7dc4acfc83,175,,The Supervolcano Pressure Relief Citadel,/home/azureuser/.openclaw/workspace/IROSCRIPT-CEO/social-media/youtube/Youtube Automation/PromptDatabase/output_packaged/1.175.Level_10_The_Supervolcano_Pressure_Relief_Citadel/1.175.Level_10_The_Supervolcano_Pressure_Relief_Citadel.mp4,1.175.Level_10_The_Supervolcano_Pressure_Relief_Citadel.mp4,8.0,720,1280,24.0,14470942,mp4,h264,720x1280,/home/azureuser/.openclaw/workspace/IROSCRIPT-CEO/social-media/youtube/Youtube Automation/PromptDatabase/output_packaged/1.175.Level_10_The_Supervolcano_Pressure_Relief_Citadel/thumbnail.png,,,,completed,2026-09-24T06:10:54.947953+00:00
147,93ab85c5-e7ea-4a1e-8ee5-189684418ae7,176,,Geothermal Lava-Forged Diamond Foundry,/home/azureuser/.openclaw/workspace/IROSCRIPT-CEO/social-media/youtube/Youtube Automation/PromptDatabase/output_packaged/1.176.Level_10_Geothermal_Lava-Forged_Diamond_Foundry/1.176.Level_10_Geothermal_Lava-Forged_Diamond_Foundry.mp4,1.176.Level_10_Geothermal_Lava-Forged_Diamond_Foundry.mp4,8.0,720,1280,24.0,11440871,mp4,h264,720x1280,/home/azureuser/.openclaw/workspace/IROSCRIPT-CEO/social-media/youtube/Youtube Automation/PromptDatabase/output_packaged/1.176.Level_10_Geothermal_Lava-Forged_Diamond_Foundry/thumbnail.png,,,,completed,2026-09-24T06:12:18.852911+00:00
148,61d1766a-ce3a-4af2-8464-088ef48a5647,177,,The Volcanic Pyro-Plasma Generator Ark,/home/azureuser/.openclaw/workspace/IROSCRIPT-CEO/social-media/youtube/Youtube Automation/PromptDatabase/output_packaged/1.177.Level_10_The_Volcanic_Pyro-Plasma_Generator_Ark/1.177.Level_10_The_Volcanic_Pyro-Plasma_Generator_Ark.mp4,1.177.Level_10_The_Volcanic_Pyro-Plasma_Generator_Ark.mp4,8.0,720,1280,24.0,14960351,mp4,h264,720x1280,/home/azureuser/.openclaw/workspace/IROSCRIPT-CEO/social-media/youtube/Youtube Automation/PromptDatabase/output_packaged/1.177.Level_10_The_Volcanic_Pyro-Plasma_Generator_Ark/thumbnail.png,,,,completed,2026-09-24T06:13:42.477577+00:00
149,23f44775-8d91-4e80-8242-c903d762ac59,178,,Stratospheric Ash-Cloud Dispersal Turbines,/home/azureuser/.openclaw/workspace/IROSCRIPT-CEO/social-media/youtube/Youtube Automation/PromptDatabase/output_packaged/1.178.Level_10_Stratospheric_Ash-Cloud_Dispersal_Turbines/1.178.Level_10_Stratospheric_Ash-Cloud_Dispersal_Turbines.mp4,1.178.Level_10_Stratospheric_Ash-Cloud_Dispersal_Turbines.mp4,8.0,720,1280,24.0,12957359,mp4,h264,720x1280,/home/azureuser/.openclaw/workspace/IROSCRIPT-CEO/social-media/youtube/Youtube Automation/PromptDatabase/output_packaged/1.178.Level_10_Stratospheric_Ash-Cloud_Dispersal_Turbines/thumbnail.png,,,,completed,2026-09-24T06:15:06.329663+00:00
150,98eaf74f-d2aa-46f5-b72e-e81a8cccf78c,179,,Sub-Caldera Magma Maglev Siphon Shuttle,/home/azureuser/.openclaw/workspace/IROSCRIPT-CEO/social-media/youtube/Youtube Automation/PromptDatabase/output_packaged/1.179.Level_10_Sub-Caldera_Magma_Maglev_Siphon_Shuttle/1.179.Level_10_Sub-Caldera_Magma_Maglev_Siphon_Shuttle.mp4,1.179.Level_10_Sub-Caldera_Magma_Maglev_Siphon_Shuttle.mp4,8.0,720,1280,24.0,16481086,mp4,h264,720x1280,/home/azureuser/.openclaw/workspace/IROSCRIPT-CEO/social-media/youtube/Youtube Automation/PromptDatabase/output_packaged/1.179.Level_10_Sub-Caldera_Magma_Maglev_Siphon_Shuttle/thumbnail.png,,,,completed,2026-09-24T06:16:30.360324+00:00
151,08647805-ab78-4bb3-ba6f-e01e44469d71,180,,The Mantle Volcanic Core God-Engine,/home/azureuser/.openclaw/workspace/IROSCRIPT-CEO/social-media/youtube/Youtube Automation/PromptDatabase/output_packaged/1.180.Level_10_The_Mantle_Volcanic_Core_God-Engine/1.180.Level_10_The_Mantle_Volcanic_Core_God-Engine.mp4,1.180.Level_10_The_Mantle_Volcanic_Core_God-Engine.mp4,8.0,720,1280,24.0,17562715,mp4,h264,720x1280,/home/azureuser/.openclaw/workspace/IROSCRIPT-CEO/social-media/youtube/Youtube Automation/PromptDatabase/output_packaged/1.180.Level_10_The_Mantle_Volcanic_Core_God-Engine/thumbnail.png,,,,completed,2026-09-24T06:17:54.554013+00:00
152,76b768cb-f380-4f9d-ad0c-858b0d4ab5b6,181,,The Shifting Dune Terra-Crawler,/home/azureuser/.openclaw/workspace/IROSCRIPT-CEO/social-media/youtube/Youtube Automation/PromptDatabase/output_packaged/1.181.Level_10_The_Shifting_Dune_Terra-Crawler/1.181.Level_10_The_Shifting_Dune_Terra-Crawler.mp4,1.181.Level_10_The_Shifting_Dune_Terra-Crawler.mp4,8.0,720,1280,24.0,12113565,mp4,h264,720x1280,/home/azureuser/.openclaw/workspace/IROSCRIPT-CEO/social-media/youtube/Youtube Automation/PromptDatabase/output_packaged/1.181.Level_10_The_Shifting_Dune_Terra-Crawler/thumbnail.png,,,,completed,2026-09-24T06:19:18.435340+00:00
153,b86e8df2-1a79-48d9-a6fd-2beb8df78e2d,182,,Singing Sand Acoustic Resonator,/home/azureuser/.openclaw/workspace/IROSCRIPT-CEO/social-media/youtube/Youtube Automation/PromptDatabase/output_packaged/1.182.Level_10_Singing_Sand_Acoustic_Resonator/1.182.Level_10_Singing_Sand_Acoustic_Resonator.mp4,1.182.Level_10_Singing_Sand_Acoustic_Resonator.mp4,8.0,720,1280,24.0,12180459,mp4,h264,720x1280,/home/azureuser/.openclaw/workspace/IROSCRIPT-CEO/social-media/youtube/Youtube Automation/PromptDatabase/output_packaged/1.182.Level_10_Singing_Sand_Acoustic_Resonator/thumbnail.png,,,,completed,2026-09-24T06:20:27.054362+00:00
154,d86ab9c9-96c6-43f4-94e8-2e0544292ca6,183,,Sub-Dune Aquifer Siphon Citadel,/home/azureuser/.openclaw/workspace/IROSCRIPT-CEO/social-media/youtube/Youtube Automation/PromptDatabase/output_packaged/1.183.Level_10_Sub-Dune_Aquifer_Siphon_Citadel/1.183.Level_10_Sub-Dune_Aquifer_Siphon_Citadel.mp4,1.183.Level_10_Sub-Dune_Aquifer_Siphon_Citadel.mp4,8.0,720,1280,24.0,12428968,mp4,h264,720x1280,/home/azureuser/.openclaw/workspace/IROSCRIPT-CEO/social-media/youtube/Youtube Automation/PromptDatabase/output_packaged/1.183.Level_10_Sub-Dune_Aquifer_Siphon_Citadel/thumbnail.png,,,,completed,2026-09-24T06:21:35.966471+00:00
155,5ed9bc5a-4c31-4ebf-a1b4-534f2eaca3ed,184,,Solar-Vitrified Glass Dune Pavement Train,/home/azureuser/.openclaw/workspace/IROSCRIPT-CEO/social-media/youtube/Youtube Automation/PromptDatabase/output_packaged/1.184.Level_10_Solar-Vitrified_Glass_Dune_Pavement_Train/1.184.Level_10_Solar-Vitrified_Glass_Dune_Pavement_Train.mp4,1.184.Level_10_Solar-Vitrified_Glass_Dune_Pavement_Train.mp4,8.0,720,1280,24.0,11402701,mp4,h264,720x1280,/home/azureuser/.openclaw/workspace/IROSCRIPT-CEO/social-media/youtube/Youtube Automation/PromptDatabase/output_packaged/1.184.Level_10_Solar-Vitrified_Glass_Dune_Pavement_Train/thumbnail.png,,,,completed,2026-09-24T06:22:44.397358+00:00
156,c06dbdc6-2837-4e5e-ab7f-3ecd2f6e0adf,185,,The Dune-Surfing Wind-Harnessing Behemoth,/home/azureuser/.openclaw/workspace/IROSCRIPT-CEO/social-media/youtube/Youtube Automation/PromptDatabase/output_packaged/1.185.Level_10_The_Dune-Surfing_Wind-Harnessing_Behemoth/1.185.Level_10_The_Dune-Surfing_Wind-Harnessing_Behemoth.mp4,1.185.Level_10_The_Dune-Surfing_Wind-Harnessing_Behemoth.mp4,8.0,720,1280,24.0,12047699,mp4,h264,720x1280,/home/azureuser/.openclaw/workspace/IROSCRIPT-CEO/social-media/youtube/Youtube Automation/PromptDatabase/output_packaged/1.185.Level_10_The_Dune-Surfing_Wind-Harnessing_Behemoth/thumbnail.png,,,,completed,2026-09-24T06:24:08.146599+00:00
157,8065d07a-a736-4003-bcef-00f2711f5ab8,186,,Atmospheric Sandstorm Electrostatic Scrubber,/home/azureuser/.openclaw/workspace/IROSCRIPT-CEO/social-media/youtube/Youtube Automation/PromptDatabase/output_packaged/1.186.Level_10_Atmospheric_Sandstorm_Electrostatic_Scrubber/1.186.Level_10_Atmospheric_Sandstorm_Electrostatic_Scrubber.mp4,1.186.Level_10_Atmospheric_Sandstorm_Electrostatic_Scrubber.mp4,8.0,720,1280,24.0,11867198,mp4,h264,720x1280,/home/azureuser/.openclaw/workspace/IROSCRIPT-CEO/social-media/youtube/Youtube Automation/PromptDatabase/output_packaged/1.186.Level_10_Atmospheric_Sandstorm_Electrostatic_Scrubber/thumbnail.png,,,,completed,2026-09-24T06:25:32.152362+00:00
158,69ed3840-3842-4501-9cf7-fc3dc7605eb8,187,,Sub-Sand Micro-Climate Biodome Ark,/home/azureuser/.openclaw/workspace/IROSCRIPT-CEO/social-media/youtube/Youtube Automation/PromptDatabase/output_packaged/1.187.Level_10_Sub-Sand_Micro-Climate_Biodome_Ark/1.187.Level_10_Sub-Sand_Micro-Climate_Biodome_Ark.mp4,1.187.Level_10_Sub-Sand_Micro-Climate_Biodome_Ark.mp4,8.0,720,1280,24.0,13699196,mp4,h264,720x1280,/home/azureuser/.openclaw/workspace/IROSCRIPT-CEO/social-media/youtube/Youtube Automation/PromptDatabase/output_packaged/1.187.Level_10_Sub-Sand_Micro-Climate_Biodome_Ark/thumbnail.png,,,,completed,2026-09-24T06:26:40.838549+00:00
159,eaef9e1e-77b5-4e8e-ac7f-d3de2d332b87,188,,Dune-Anchoring Geothermal Root Spire,/home/azureuser/.openclaw/workspace/IROSCRIPT-CEO/social-media/youtube/Youtube Automation/PromptDatabase/output_packaged/1.188.Level_10_Dune-Anchoring_Geothermal_Root_Spire/1.188.Level_10_Dune-Anchoring_Geothermal_Root_Spire.mp4,1.188.Level_10_Dune-Anchoring_Geothermal_Root_Spire.mp4,8.0,720,1280,24.0,10760286,mp4,h264,720x1280,/home/azureuser/.openclaw/workspace/IROSCRIPT-CEO/social-media/youtube/Youtube Automation/PromptDatabase/output_packaged/1.188.Level_10_Dune-Anchoring_Geothermal_Root_Spire/thumbnail.png,,,,completed,2026-09-24T06:27:49.351045+00:00
160,4d4ff615-6187-4a5c-9111-8c954a8ab0c7,189,,Supersonic Sand-Tube Maglev Express,/home/azureuser/.openclaw/workspace/IROSCRIPT-CEO/social-media/youtube/Youtube Automation/PromptDatabase/output_packaged/1.189.Level_10_Supersonic_Sand-Tube_Maglev_Express/1.189.Level_10_Supersonic_Sand-Tube_Maglev_Express.mp4,1.189.Level_10_Supersonic_Sand-Tube_Maglev_Express.mp4,8.0,720,1280,24.0,10450277,mp4,h264,720x1280,/home/azureuser/.openclaw/workspace/IROSCRIPT-CEO/social-media/youtube/Youtube Automation/PromptDatabase/output_packaged/1.189.Level_10_Supersonic_Sand-Tube_Maglev_Express/thumbnail.png,,,,completed,2026-09-24T06:28:57.832445+00:00
161,0203f50f-41ee-4c60-80fb-cbd6dfeba623,190,,The Desert Dune Biosphere Core God-Engine,/home/azureuser/.openclaw/workspace/IROSCRIPT-CEO/social-media/youtube/Youtube Automation/PromptDatabase/output_packaged/1.190.Level_10_The_Desert_Dune_Biosphere_Core_God-Engine/1.190.Level_10_The_Desert_Dune_Biosphere_Core_God-Engine.mp4,1.190.Level_10_The_Desert_Dune_Biosphere_Core_God-Engine.mp4,8.0,720,1280,24.0,11361037,mp4,h264,720x1280,/home/azureuser/.openclaw/workspace/IROSCRIPT-CEO/social-media/youtube/Youtube Automation/PromptDatabase/output_packaged/1.190.Level_10_The_Desert_Dune_Biosphere_Core_God-Engine/thumbnail.png,,,,completed,2026-09-24T06:30:06.502547+00:00
162,38efeda5-ac1f-4e7e-8278-ded3f3c6b26d,191,,The Floating Atoll Terraforming Dredger,/home/azureuser/.openclaw/workspace/IROSCRIPT-CEO/social-media/youtube/Youtube Automation/PromptDatabase/output_packaged/1.191.Level_10_The_Floating_Atoll_Terraforming_Dredger/1.191.Level_10_The_Floating_Atoll_Terraforming_Dredger.mp4,1.191.Level_10_The_Floating_Atoll_Terraforming_Dredger.mp4,8.0,720,1280,24.0,12730767,mp4,h264,720x1280,/home/azureuser/.openclaw/workspace/IROSCRIPT-CEO/social-media/youtube/Youtube Automation/PromptDatabase/output_packaged/1.191.Level_10_The_Floating_Atoll_Terraforming_Dredger/thumbnail.png,,,,completed,2026-09-24T06:31:55.278027+00:00
163,e83b3789-3f9e-42a4-a5fc-733ccc9b2aa7,192,,Sub-Oceanic Island Anchor Pylon,/home/azureuser/.openclaw/workspace/IROSCRIPT-CEO/social-media/youtube/Youtube Automation/PromptDatabase/output_packaged/1.192.Level_10_Sub-Oceanic_Island_Anchor_Pylon/1.192.Level_10_Sub-Oceanic_Island_Anchor_Pylon.mp4,1.192.Level_10_Sub-Oceanic_Island_Anchor_Pylon.mp4,8.0,720,1280,24.0,9820083,mp4,h264,720x1280,/home/azureuser/.openclaw/workspace/IROSCRIPT-CEO/social-media/youtube/Youtube Automation/PromptDatabase/output_packaged/1.192.Level_10_Sub-Oceanic_Island_Anchor_Pylon/thumbnail.png,,,,completed,2026-09-24T06:33:19.166126+00:00
164,f1384c60-ab2c-4d60-9549-7ab7ea9df1a0,193,,The Coral Barrier Reef Bio-Genesis Spire,/home/azureuser/.openclaw/workspace/IROSCRIPT-CEO/social-media/youtube/Youtube Automation/PromptDatabase/output_packaged/1.193.Level_10_The_Coral_Barrier_Reef_Bio-Genesis_Spire/1.193.Level_10_The_Coral_Barrier_Reef_Bio-Genesis_Spire.mp4,1.193.Level_10_The_Coral_Barrier_Reef_Bio-Genesis_Spire.mp4,8.0,720,1280,24.0,14676681,mp4,h264,720x1280,/home/azureuser/.openclaw/workspace/IROSCRIPT-CEO/social-media/youtube/Youtube Automation/PromptDatabase/output_packaged/1.193.Level_10_The_Coral_Barrier_Reef_Bio-Genesis_Spire/thumbnail.png,,,,completed,2026-09-24T06:34:43.332922+00:00
165,0b927e4d-cf65-4ac7-a5b7-f46e873c8024,194,,Volcanic Island Magma Siphon Conduit,/home/azureuser/.openclaw/workspace/IROSCRIPT-CEO/social-media/youtube/Youtube Automation/PromptDatabase/output_packaged/1.194.Level_10_Volcanic_Island_Magma_Siphon_Conduit/1.194.Level_10_Volcanic_Island_Magma_Siphon_Conduit.mp4,1.194.Level_10_Volcanic_Island_Magma_Siphon_Conduit.mp4,8.0,720,1280,24.0,10837550,mp4,h264,720x1280,/home/azureuser/.openclaw/workspace/IROSCRIPT-CEO/social-media/youtube/Youtube Automation/PromptDatabase/output_packaged/1.194.Level_10_Volcanic_Island_Magma_Siphon_Conduit/thumbnail.png,,,,completed,2026-09-24T06:36:07.201176+00:00
166,5999e282-0eb3-4ae8-82ee-c389a25c69c5,195,,The Island-Propelling Oceanic Hydro-Thruster,/home/azureuser/.openclaw/workspace/IROSCRIPT-CEO/social-media/youtube/Youtube Automation/PromptDatabase/output_packaged/1.195.Level_10_The_Island-Propelling_Oceanic_Hydro-Thruster/1.195.Level_10_The_Island-Propelling_Oceanic_Hydro-Thruster.mp4,1.195.Level_10_The_Island-Propelling_Oceanic_Hydro-Thruster.mp4,8.0,720,1280,24.0,11706637,mp4,h264,720x1280,/home/azureuser/.openclaw/workspace/IROSCRIPT-CEO/social-media/youtube/Youtube Automation/PromptDatabase/output_packaged/1.195.Level_10_The_Island-Propelling_Oceanic_Hydro-Thruster/thumbnail.png,,,,completed,2026-09-24T06:37:31.063228+00:00
167,10bc0382-b170-40b5-9791-2702c2d306dc,196,,Island Mantle-Turning Engine,/home/azureuser/.openclaw/workspace/IROSCRIPT-CEO/social-media/youtube/Youtube Automation/PromptDatabase/output_packaged/1.196.Level_10_Island_Mantle-Turning_Engine/1.196.Level_10_Island_Mantle-Turning_Engine.mp4,1.196.Level_10_Island_Mantle-Turning_Engine.mp4,8.0,720,1280,24.0,11952223,mp4,h264,720x1280,/home/azureuser/.openclaw/workspace/IROSCRIPT-CEO/social-media/youtube/Youtube Automation/PromptDatabase/output_packaged/1.196.Level_10_Island_Mantle-Turning_Engine/thumbnail.png,,,,completed,2026-09-24T10:27:02.987165+00:00
168,f200d91c-b955-495c-8850-14a61d112bb2,197,,Archipelago Tidal Ram,/home/azureuser/.openclaw/workspace/IROSCRIPT-CEO/social-media/youtube/Youtube Automation/PromptDatabase/output_packaged/1.197.Level_10_Archipelago_Tidal_Ram/1.197.Level_10_Archipelago_Tidal_Ram.mp4,1.197.Level_10_Archipelago_Tidal_Ram.mp4,8.0,720,1280,24.0,8873667,mp4,h264,720x1280,/home/azureuser/.openclaw/workspace/IROSCRIPT-CEO/social-media/youtube/Youtube Automation/PromptDatabase/output_packaged/1.197.Level_10_Archipelago_Tidal_Ram/thumbnail.png,,,,completed,2026-09-24T10:28:59.195508+00:00
169,0e02fdbb-a43d-4c7f-a3a7-ee2adc521652,198,,Island Orbiting Loom,/home/azureuser/.openclaw/workspace/IROSCRIPT-CEO/social-media/youtube/Youtube Automation/PromptDatabase/output_packaged/1.198.Level_10_Island_Orbiting_Loom/1.198.Level_10_Island_Orbiting_Loom.mp4,1.198.Level_10_Island_Orbiting_Loom.mp4,8.0,720,1280,24.0,8911373,mp4,h264,720x1280,/home/azureuser/.openclaw/workspace/IROSCRIPT-CEO/social-media/youtube/Youtube Automation/PromptDatabase/output_packaged/1.198.Level_10_Island_Orbiting_Loom/thumbnail.png,,,,completed,2026-09-24T10:31:35.196800+00:00
170,4d0fe354-ad11-4d48-84b5-ef702f921f1d,199,,Volcanic Pressure Crown,/home/azureuser/.openclaw/workspace/IROSCRIPT-CEO/social-media/youtube/Youtube Automation/PromptDatabase/output_packaged/1.199.Level_10_Volcanic_Pressure_Crown/1.199.Level_10_Volcanic_Pressure_Crown.mp4,1.199.Level_10_Volcanic_Pressure_Crown.mp4,8.0,720,1280,24.0,6954623,mp4,h264,720x1280,/home/azureuser/.openclaw/workspace/IROSCRIPT-CEO/social-media/youtube/Youtube Automation/PromptDatabase/output_packaged/1.199.Level_10_Volcanic_Pressure_Crown/thumbnail.png,,,,completed,2026-09-24T10:32:59.336945+00:00
171,b80fc0f8-6a20-4af0-bb28-44febb7e2956,200,,Island Wave-Cutting Accelerator,/home/azureuser/.openclaw/workspace/IROSCRIPT-CEO/social-media/youtube/Youtube Automation/PromptDatabase/output_packaged/1.200.Level_10_Island_Wave-Cutting_Accelerator/1.200.Level_10_Island_Wave-Cutting_Accelerator.mp4,1.200.Level_10_Island_Wave-Cutting_Accelerator.mp4,8.0,720,1280,24.0,11577778,mp4,h264,720x1280,/home/azureuser/.openclaw/workspace/IROSCRIPT-CEO/social-media/youtube/Youtube Automation/PromptDatabase/output_packaged/1.200.Level_10_Island_Wave-Cutting_Accelerator/thumbnail.png,,,,completed,2026-09-24T10:34:23.218312+00:00
172,1c45d226-a7e6-4fba-bfeb-4ed0e1ff26c3,201,,Island Root Elevator,/home/azureuser/.openclaw/workspace/IROSCRIPT-CEO/social-media/youtube/Youtube Automation/PromptDatabase/output_packaged/1.201.Level_10_Island_Root_Elevator/1.201.Level_10_Island_Root_Elevator.mp4,1.201.Level_10_Island_Root_Elevator.mp4,8.0,720,1280,24.0,6766693,mp4,h264,720x1280,/home/azureuser/.openclaw/workspace/IROSCRIPT-CEO/social-media/youtube/Youtube Automation/PromptDatabase/output_packaged/1.201.Level_10_Island_Root_Elevator/thumbnail.png,,,,completed,2026-09-24T10:35:31.553132+00:00
173,ffba7103-c7d5-4f68-8be9-25f4529290a8,202,,Island Atmospheric Spindle,/home/azureuser/.openclaw/workspace/IROSCRIPT-CEO/social-media/youtube/Youtube Automation/PromptDatabase/output_packaged/1.202.Level_10_Island_Atmospheric_Spindle/1.202.Level_10_Island_Atmospheric_Spindle.mp4,1.202.Level_10_Island_Atmospheric_Spindle.mp4,8.0,720,1280,24.0,6107047,mp4,h264,720x1280,/home/azureuser/.openclaw/workspace/IROSCRIPT-CEO/social-media/youtube/Youtube Automation/PromptDatabase/output_packaged/1.202.Level_10_Island_Atmospheric_Spindle/thumbnail.png,,,,completed,2026-09-24T10:36:55.150354+00:00
174,6c2f0552-c3ec-47b0-b380-5d8c63280e62,203,,Island Fracture Stitcher,/home/azureuser/.openclaw/workspace/IROSCRIPT-CEO/social-media/youtube/Youtube Automation/PromptDatabase/output_packaged/1.203.Level_10_Island_Fracture_Stitcher/1.203.Level_10_Island_Fracture_Stitcher.mp4,1.203.Level_10_Island_Fracture_Stitcher.mp4,8.0,720,1280,24.0,9658618,mp4,h264,720x1280,/home/azureuser/.openclaw/workspace/IROSCRIPT-CEO/social-media/youtube/Youtube Automation/PromptDatabase/output_packaged/1.203.Level_10_Island_Fracture_Stitcher/thumbnail.png,,,,completed,2026-09-24T10:38:18.887691+00:00
175,1f25d71f-3e5a-414a-b130-418709e8f74a,204,,Ocean-Suspended Island Flail,/home/azureuser/.openclaw/workspace/IROSCRIPT-CEO/social-media/youtube/Youtube Automation/PromptDatabase/output_packaged/1.204.Level_10_Ocean-Suspended_Island_Flail/1.204.Level_10_Ocean-Suspended_Island_Flail.mp4,1.204.Level_10_Ocean-Suspended_Island_Flail.mp4,8.0,720,1280,24.0,7275087,mp4,h264,720x1280,/home/azureuser/.openclaw/workspace/IROSCRIPT-CEO/social-media/youtube/Youtube Automation/PromptDatabase/output_packaged/1.204.Level_10_Ocean-Suspended_Island_Flail/thumbnail.png,,,,completed,2026-09-24T10:39:27.140216+00:00
176,96ccfe64-2aa9-464a-8514-5cad38025156,205,,Island Glacier Forge,/home/azureuser/.openclaw/workspace/IROSCRIPT-CEO/social-media/youtube/Youtube Automation/PromptDatabase/output_packaged/1.205.Level_10_Island_Glacier_Forge/1.205.Level_10_Island_Glacier_Forge.mp4,1.205.Level_10_Island_Glacier_Forge.mp4,8.0,720,1280,24.0,8282233,mp4,h264,720x1280,/home/azureuser/.openclaw/workspace/IROSCRIPT-CEO/social-media/youtube/Youtube Automation/PromptDatabase/output_packaged/1.205.Level_10_Island_Glacier_Forge/thumbnail.png,,,,completed,2026-09-24T10:40:51.311278+00:00
177,6759379a-81c7-4879-922a-aa7db2289cd6,206,,Abyssal Pressure Loom,/home/azureuser/.openclaw/workspace/IROSCRIPT-CEO/social-media/youtube/Youtube Automation/PromptDatabase/output_packaged/1.206.Level_10_Abyssal_Pressure_Loom/1.206.Level_10_Abyssal_Pressure_Loom.mp4,1.206.Level_10_Abyssal_Pressure_Loom.mp4,8.0,720,1280,24.0,8129343,mp4,h264,720x1280,/home/azureuser/.openclaw/workspace/IROSCRIPT-CEO/social-media/youtube/Youtube Automation/PromptDatabase/output_packaged/1.206.Level_10_Abyssal_Pressure_Loom/thumbnail.png,,,,completed,2026-09-24T10:42:30.419860+00:00
178,50e841b6-0de6-4f1e-9856-68ffecb8acd8,207,,Tidal Momentum Engine,/home/azureuser/.openclaw/workspace/IROSCRIPT-CEO/social-media/youtube/Youtube Automation/PromptDatabase/output_packaged/1.207.Level_10_Tidal_Momentum_Engine/1.207.Level_10_Tidal_Momentum_Engine.mp4,1.207.Level_10_Tidal_Momentum_Engine.mp4,8.0,720,1280,24.0,10214748,mp4,h264,720x1280,/home/azureuser/.openclaw/workspace/IROSCRIPT-CEO/social-media/youtube/Youtube Automation/PromptDatabase/output_packaged/1.207.Level_10_Tidal_Momentum_Engine/thumbnail.png,,,,completed,2026-09-24T10:43:54.494460+00:00
179,c20883ae-cf6a-4593-9952-11dc70ad3a00,208,,Ocean Crust Unfolder,/home/azureuser/.openclaw/workspace/IROSCRIPT-CEO/social-media/youtube/Youtube Automation/PromptDatabase/output_packaged/1.208.Level_10_Ocean_Crust_Unfolder/1.208.Level_10_Ocean_Crust_Unfolder.mp4,1.208.Level_10_Ocean_Crust_Unfolder.mp4,8.0,720,1280,24.0,8089429,mp4,h264,720x1280,/home/azureuser/.openclaw/workspace/IROSCRIPT-CEO/social-media/youtube/Youtube Automation/PromptDatabase/output_packaged/1.208.Level_10_Ocean_Crust_Unfolder/thumbnail.png,,,,completed,2026-09-24T10:45:17.895150+00:00
180,97eb95e3-cadc-49e7-ba5b-3a33c203aa9b,209,,Cyclonic Ocean Turbine,/home/azureuser/.openclaw/workspace/IROSCRIPT-CEO/social-media/youtube/Youtube Automation/PromptDatabase/output_packaged/1.209.Level_10_Cyclonic_Ocean_Turbine/1.209.Level_10_Cyclonic_Ocean_Turbine.mp4,1.209.Level_10_Cyclonic_Ocean_Turbine.mp4,8.0,720,1280,24.0,6502656,mp4,h264,720x1280,/home/azureuser/.openclaw/workspace/IROSCRIPT-CEO/social-media/youtube/Youtube Automation/PromptDatabase/output_packaged/1.209.Level_10_Cyclonic_Ocean_Turbine/thumbnail.png,,,,completed,2026-09-24T10:46:26.448408+00:00
181,15b21274-2c49-4226-b983-7a7d510fb19f,210,,Seafloor Wave Hammer,/home/azureuser/.openclaw/workspace/IROSCRIPT-CEO/social-media/youtube/Youtube Automation/PromptDatabase/output_packaged/1.210.Level_10_Seafloor_Wave_Hammer/1.210.Level_10_Seafloor_Wave_Hammer.mp4,1.210.Level_10_Seafloor_Wave_Hammer.mp4,8.0,720,1280,24.0,7324281,mp4,h264,720x1280,/home/azureuser/.openclaw/workspace/IROSCRIPT-CEO/social-media/youtube/Youtube Automation/PromptDatabase/output_packaged/1.210.Level_10_Seafloor_Wave_Hammer/thumbnail.png,,,,completed,2026-09-24T10:47:34.526928+00:00
182,d8856ebb-8b99-426e-82c8-938c2c2a515a,211,,Ocean Thermal Inversion Wheel,/home/azureuser/.openclaw/workspace/IROSCRIPT-CEO/social-media/youtube/Youtube Automation/PromptDatabase/output_packaged/1.211.Level_10_Ocean_Thermal_Inversion_Wheel/1.211.Level_10_Ocean_Thermal_Inversion_Wheel.mp4,1.211.Level_10_Ocean_Thermal_Inversion_Wheel.mp4,8.0,720,1280,24.0,8223735,mp4,h264,720x1280,/home/azureuser/.openclaw/workspace/IROSCRIPT-CEO/social-media/youtube/Youtube Automation/PromptDatabase/output_packaged/1.211.Level_10_Ocean_Thermal_Inversion_Wheel/thumbnail.png,,,,completed,2026-09-24T10:48:58.358108+00:00
183,b65a6159-b0e7-4b3d-8d1d-7ec414d36f5e,212,,Ocean Trench Winch,/home/azureuser/.openclaw/workspace/IROSCRIPT-CEO/social-media/youtube/Youtube Automation/PromptDatabase/output_packaged/1.212.Level_10_Ocean_Trench_Winch/1.212.Level_10_Ocean_Trench_Winch.mp4,1.212.Level_10_Ocean_Trench_Winch.mp4,8.0,720,1280,24.0,7600708,mp4,h264,720x1280,/home/azureuser/.openclaw/workspace/IROSCRIPT-CEO/social-media/youtube/Youtube Automation/PromptDatabase/output_packaged/1.212.Level_10_Ocean_Trench_Winch/thumbnail.png,,,,completed,2026-09-24T10:50:37.679147+00:00
184,10d35ba2-7f4e-4235-b78d-d396532b7eae,213,,Ocean Current Braid Engine,/home/azureuser/.openclaw/workspace/IROSCRIPT-CEO/social-media/youtube/Youtube Automation/PromptDatabase/output_packaged/1.213.Level_10_Ocean_Current_Braid_Engine/1.213.Level_10_Ocean_Current_Braid_Engine.mp4,1.213.Level_10_Ocean_Current_Braid_Engine.mp4,8.0,720,1280,24.0,10309002,mp4,h264,720x1280,/home/azureuser/.openclaw/workspace/IROSCRIPT-CEO/social-media/youtube/Youtube Automation/PromptDatabase/output_packaged/1.213.Level_10_Ocean_Current_Braid_Engine/thumbnail.png,,,,completed,2026-09-24T10:52:01.226155+00:00
185,f1f174e4-5d16-4dba-bc3e-9c2a21a6cf02,214,,Abyssal Lift Cathedral,/home/azureuser/.openclaw/workspace/IROSCRIPT-CEO/social-media/youtube/Youtube Automation/PromptDatabase/output_packaged/1.214.Level_10_Abyssal_Lift_Cathedral/1.214.Level_10_Abyssal_Lift_Cathedral.mp4,1.214.Level_10_Abyssal_Lift_Cathedral.mp4,8.0,720,1280,24.0,8834946,mp4,h264,720x1280,/home/azureuser/.openclaw/workspace/IROSCRIPT-CEO/social-media/youtube/Youtube Automation/PromptDatabase/output_packaged/1.214.Level_10_Abyssal_Lift_Cathedral/thumbnail.png,,,,completed,2026-09-24T10:53:24.895897+00:00
186,a1d5c9f6-8cb9-426d-9f0d-6adee7e1ced5,215,,Ocean Surface Folding Array,/home/azureuser/.openclaw/workspace/IROSCRIPT-CEO/social-media/youtube/Youtube Automation/PromptDatabase/output_packaged/1.215.Level_10_Ocean_Surface_Folding_Array/1.215.Level_10_Ocean_Surface_Folding_Array.mp4,1.215.Level_10_Ocean_Surface_Folding_Array.mp4,8.0,720,1280,24.0,7564456,mp4,h264,720x1280,/home/azureuser/.openclaw/workspace/IROSCRIPT-CEO/social-media/youtube/Youtube Automation/PromptDatabase/output_packaged/1.215.Level_10_Ocean_Surface_Folding_Array/thumbnail.png,,,,completed,2026-09-24T10:54:48.457949+00:00
187,b88294e9-a4d8-480a-98eb-fb14268bb1ee,216,,Riverfold Tectonic Press,/home/azureuser/.openclaw/workspace/IROSCRIPT-CEO/social-media/youtube/Youtube Automation/PromptDatabase/output_packaged/1.216.Level_10_Riverfold_Tectonic_Press/1.216.Level_10_Riverfold_Tectonic_Press.mp4,1.216.Level_10_Riverfold_Tectonic_Press.mp4,8.0,720,1280,24.0,7596124,mp4,h264,720x1280,/home/azureuser/.openclaw/workspace/IROSCRIPT-CEO/social-media/youtube/Youtube Automation/PromptDatabase/output_packaged/1.216.Level_10_Riverfold_Tectonic_Press/thumbnail.png,,,,completed,2026-09-24T10:55:56.557575+00:00
188,1b45ae1a-b298-4d6d-b916-a1c6de0b3b43,217,,River Current Braid Engine,/home/azureuser/.openclaw/workspace/IROSCRIPT-CEO/social-media/youtube/Youtube Automation/PromptDatabase/output_packaged/1.217.Level_10_River_Current_Braid_Engine/1.217.Level_10_River_Current_Braid_Engine.mp4,1.217.Level_10_River_Current_Braid_Engine.mp4,8.0,720,1280,24.0,9847090,mp4,h264,720x1280,/home/azureuser/.openclaw/workspace/IROSCRIPT-CEO/social-media/youtube/Youtube Automation/PromptDatabase/output_packaged/1.217.Level_10_River_Current_Braid_Engine/thumbnail.png,,,,completed,2026-09-24T10:57:20.189604+00:00
189,b9592414-29d0-4c48-a469-ba172d676a28,218,,Riverbed Elevator Cathedral,/home/azureuser/.openclaw/workspace/IROSCRIPT-CEO/social-media/youtube/Youtube Automation/PromptDatabase/output_packaged/1.218.Level_10_Riverbed_Elevator_Cathedral/1.218.Level_10_Riverbed_Elevator_Cathedral.mp4,1.218.Level_10_Riverbed_Elevator_Cathedral.mp4,8.0,720,1280,24.0,8177609,mp4,h264,720x1280,/home/azureuser/.openclaw/workspace/IROSCRIPT-CEO/social-media/youtube/Youtube Automation/PromptDatabase/output_packaged/1.218.Level_10_Riverbed_Elevator_Cathedral/thumbnail.png,,,,completed,2026-09-24T10:58:43.536709+00:00
190,6cb22454-f177-490f-a0b2-7db9debdb30f,219,,River Meander Uncoiler,/home/azureuser/.openclaw/workspace/IROSCRIPT-CEO/social-media/youtube/Youtube Automation/PromptDatabase/output_packaged/1.219.Level_10_River_Meander_Uncoiler/1.219.Level_10_River_Meander_Uncoiler.mp4,1.219.Level_10_River_Meander_Uncoiler.mp4,8.0,720,1280,24.0,9720842,mp4,h264,720x1280,/home/azureuser/.openclaw/workspace/IROSCRIPT-CEO/social-media/youtube/Youtube Automation/PromptDatabase/output_packaged/1.219.Level_10_River_Meander_Uncoiler/thumbnail.png,,,,completed,2026-09-24T11:00:07.050448+00:00
191,71122b8f-8323-49db-a130-b7bf022dcbd1,220,,River Pressure Forge,/home/azureuser/.openclaw/workspace/IROSCRIPT-CEO/social-media/youtube/Youtube Automation/PromptDatabase/output_packaged/1.220.Level_10_River_Pressure_Forge/1.220.Level_10_River_Pressure_Forge.mp4,1.220.Level_10_River_Pressure_Forge.mp4,8.0,720,1280,24.0,8166172,mp4,h264,720x1280,/home/azureuser/.openclaw/workspace/IROSCRIPT-CEO/social-media/youtube/Youtube Automation/PromptDatabase/output_packaged/1.220.Level_10_River_Pressure_Forge/thumbnail.png,,,,completed,2026-09-24T11:01:30.253463+00:00
192,c447a439-be66-4cf0-a980-4dc397d0076a,226,,Cyclone Spear,/home/azureuser/.openclaw/workspace/IROSCRIPT-CEO/social-media/youtube/Youtube Automation/PromptDatabase/output_packaged/1.226.Level_10_Cyclone_Spear/1.226.Level_10_Cyclone_Spear.mp4,1.226.Level_10_Cyclone_Spear.mp4,8.0,720,1280,24.0,7858093,mp4,h264,720x1280,/home/azureuser/.openclaw/workspace/IROSCRIPT-CEO/social-media/youtube/Youtube Automation/PromptDatabase/output_packaged/1.226.Level_10_Cyclone_Spear/thumbnail.png,,,,completed,2026-09-24T17:48:33.000000+00:00
193,12588d56-aabc-4050-9fb3-04eca8cd54c4,227,,Thunder Hammer,/home/azureuser/.openclaw/workspace/IROSCRIPT-CEO/social-media/youtube/Youtube Automation/PromptDatabase/output_packaged/1.227.Level_10_Thunder_Hammer/1.227.Level_10_Thunder_Hammer.mp4,1.227.Level_10_Thunder_Hammer.mp4,8.0,720,1280,24.0,9799241,mp4,h264,720x1280,/home/azureuser/.openclaw/workspace/IROSCRIPT-CEO/social-media/youtube/Youtube Automation/PromptDatabase/output_packaged/1.227.Level_10_Thunder_Hammer/thumbnail.png,,,,completed,2026-09-24T18:20:35.000000+00:00
194,f164d0ec-0ff9-4358-af4a-6c11ad74423d,228,,Storm Machine: The Rainwheel Leviathan Awakens,Youtube Automation/PromptDatabase/output_packaged/1.228.Level_10_Rainwheel_Leviathan/1.228.Level_10_Rainwheel_Leviathan.mp4,1.228.Level_10_Rainwheel_Leviathan.mp4,8.0,720,1280,24.0,9870891,mp4,h264,720x1280,Youtube Automation/PromptDatabase/output_packaged/1.228.Level_10_Rainwheel_Leviathan/thumbnail.png,,,,completed,2026-09-24T20:17:00.031795+00:00
195,54d06ada-4bbe-49d5-8105-e268410a07a2,229,,Hurricane Splitter Machine: The Impossible Storm-Changing Engine,Youtube Automation/PromptDatabase/output_packaged/1.229.Level_10_Hurricane_Splitter/1.229.Level_10_Hurricane_Splitter.mp4,1.229.Level_10_Hurricane_Splitter.mp4,8.0,720,1280,24.0,8311962,mp4,h264,720x1280,Youtube Automation/PromptDatabase/output_packaged/1.229.Level_10_Hurricane_Splitter/thumbnail.png,,,,completed,2026-09-24T20:17:00.093678+00:00
196,4acddcc0-ef77-4bfb-8f97-25e686689482,230,,Lightning Forge: The Storm-Powered Machine Melting the Earth,Youtube Automation/PromptDatabase/output_packaged/1.230.Level_10_Lightning_Forge/1.230.Level_10_Lightning_Forge.mp4,1.230.Level_10_Lightning_Forge.mp4,8.0,720,1280,24.0,8836311,mp4,h264,720x1280,Youtube Automation/PromptDatabase/output_packaged/1.230.Level_10_Lightning_Forge/thumbnail.png,,,,completed,2026-09-24T20:17:00.094146+00:00
197,58e6156f-b528-4cec-ae76-608c3e1b470d,231,,Storm Gyroscope: Machine That Redirects a Tornado's Spin,Youtube Automation/PromptDatabase/output_packaged/1.231.Level_10_Storm_Gyroscope/1.231.Level_10_Storm_Gyroscope.mp4,1.231.Level_10_Storm_Gyroscope.mp4,8.0,720,1280,24.0,9934125,mp4,h264,720x1280,Youtube Automation/PromptDatabase/output_packaged/1.231.Level_10_Storm_Gyroscope/thumbnail.png,,,,completed,2026-09-24T20:17:00.094485+00:00
198,daa666b7-91e6-4c65-a3ce-5fb0b6e7a58b,232,,Cloud Catapult: The Storm Machine That Pushes Clouds Away,Youtube Automation/PromptDatabase/output_packaged/1.232.Level_10_Cloud_Catapult/1.232.Level_10_Cloud_Catapult.mp4,1.232.Level_10_Cloud_Catapult.mp4,8.0,720,1280,24.0,9624678,mp4,h264,720x1280,Youtube Automation/PromptDatabase/output_packaged/1.232.Level_10_Cloud_Catapult/thumbnail.png,,,,completed,2026-09-24T20:17:00.094638+00:00
199,ce331543-364e-4c4d-bc87-323c1f7f81f0,233,,Tornado Anchor: The Machine That Locks a Storm in Place,Youtube Automation/PromptDatabase/output_packaged/1.233.Level_10_Tornado_Anchor/1.233.Level_10_Tornado_Anchor.mp4,1.233.Level_10_Tornado_Anchor.mp4,8.0,720,1280,24.0,9265500,mp4,h264,720x1280,Youtube Automation/PromptDatabase/output_packaged/1.233.Level_10_Tornado_Anchor/thumbnail.png,,,,completed,2026-09-24T20:17:00.094859+00:00
200,ca044f22-3c2f-46a1-ba21-74a9413197a8,234,,Storm Wall Mover: The Machine That Pushes Back a Storm,Youtube Automation/PromptDatabase/output_packaged/1.234.Level_10_Storm_Wall_Mover/1.234.Level_10_Storm_Wall_Mover.mp4,1.234.Level_10_Storm_Wall_Mover.mp4,8.0,720,1280,24.0,8505627,mp4,h264,720x1280,Youtube Automation/PromptDatabase/output_packaged/1.234.Level_10_Storm_Wall_Mover/thumbnail.png,,,,completed,2026-09-24T20:17:00.095045+00:00
201,59a72fea-fb1e-457a-a5bb-1340bc0708d6,235,,Atmospheric Tidal Engine: The Ultimate Storm Maker Machine,Youtube Automation/PromptDatabase/output_packaged/1.235.Level_10_Atmospheric_Tidal_Engine/1.235.Level_10_Atmospheric_Tidal_Engine.mp4,1.235.Level_10_Atmospheric_Tidal_Engine.mp4,8.0,720,1280,24.0,7083541,mp4,h264,720x1280,Youtube Automation/PromptDatabase/output_packaged/1.235.Level_10_Atmospheric_Tidal_Engine/thumbnail.png,,,,completed,2026-09-24T20:17:00.095313+00:00
202,51b0ff52-0e8e-46d3-b261-b6b84893f4e5,236,,Spider Web Machine Rewinds a Canyon-Sized Web Into a Storm,Youtube Automation/PromptDatabase/output_packaged/1.236.Level_10_Tidal_Web_Loom/1.236.Level_10_Tidal_Web_Loom.mp4,1.236.Level_10_Tidal_Web_Loom.mp4,8.0,720,1280,24.0,9846166,mp4,h264,720x1280,Youtube Automation/PromptDatabase/output_packaged/1.236.Level_10_Tidal_Web_Loom/thumbnail.png,,,,completed,2026-09-24T20:17:00.095543+00:00
203,8cd887cf-7d5f-4980-a2bb-5f6902b20eb5,237,,Spider Web Machine Turns Silk Into a Giant Gravity Catapult,Youtube Automation/PromptDatabase/output_packaged/1.237.Level_10_Gravity_Silk_Catapult/1.237.Level_10_Gravity_Silk_Catapult.mp4,1.237.Level_10_Gravity_Silk_Catapult.mp4,8.0,720,1280,24.0,10011942,mp4,h264,720x1280,Youtube Automation/PromptDatabase/output_packaged/1.237.Level_10_Gravity_Silk_Catapult/thumbnail.png,,,,completed,2026-09-24T20:17:00.095855+00:00
204,05ea0ed2-feaa-424f-908d-615a22c52308,281,,Shell Ocean Gate: A Colossal Machine Reshaping the Seafloor,Youtube Automation/PromptDatabase/output_packaged/1.281.Level_10_Shell_Ocean_Gate/1.281.Level_10_Shell_Ocean_Gate.mp4,1.281.Level_10_Shell_Ocean_Gate.mp4,8.0,720,1280,24.0,10067960,mp4,h264,720x1280,Youtube Automation/PromptDatabase/output_packaged/1.281.Level_10_Shell_Ocean_Gate/thumbnail.png,,,,completed,2026-09-24T20:17:00.096037+00:00
205,3dfca48a-6674-439d-9b3d-70f13bdf26bb,282,,Shell Gravity Slinger: The Impossible Megamachine,Youtube Automation/PromptDatabase/output_packaged/1.282.Level_10_Shell_Gravity_Slinger/1.282.Level_10_Shell_Gravity_Slinger.mp4,1.282.Level_10_Shell_Gravity_Slinger.mp4,8.0,720,1280,24.0,12419049,mp4,h264,720x1280,Youtube Automation/PromptDatabase/output_packaged/1.282.Level_10_Shell_Gravity_Slinger/thumbnail.png,,,,completed,2026-09-24T20:17:00.096129+00:00
206,df518aea-e0a1-4b5c-9ebb-883f77eae6f7,283,,Shell Fracture Composer: A Machine That Rewrites Terrain,Youtube Automation/PromptDatabase/output_packaged/1.283.Level_10_Shell_Fracture_Composer/1.283.Level_10_Shell_Fracture_Composer.mp4,1.283.Level_10_Shell_Fracture_Composer.mp4,8.0,720,1280,24.0,9585146,mp4,h264,720x1280,Youtube Automation/PromptDatabase/output_packaged/1.283.Level_10_Shell_Fracture_Composer/thumbnail.png,,,,completed,2026-09-24T20:17:00.096335+00:00
207,bd2a8951-e7ea-467e-b3ce-09930ebc9480,284,,Shell Meteor Seeder: A Colossal Machine Launching Shell Fragments,Youtube Automation/PromptDatabase/output_packaged/1.284.Level_10_Shell_Meteor_Seeder/1.284.Level_10_Shell_Meteor_Seeder.mp4,1.284.Level_10_Shell_Meteor_Seeder.mp4,8.0,720,1280,24.0,11097912,mp4,h264,720x1280,Youtube Automation/PromptDatabase/output_packaged/1.284.Level_10_Shell_Meteor_Seeder/thumbnail.png,,,,completed,2026-09-24T20:17:00.096582+00:00
208,c7f6a74e-1577-4f44-bc94-000eb5d0a7b9,285,,Shell World-Cracker: The Machine That Tears Open the Earth,Youtube Automation/PromptDatabase/output_packaged/1.285.Level_10_Shell_World-Cracker/1.285.Level_10_Shell_World-Cracker.mp4,1.285.Level_10_Shell_World-Cracker.mp4,8.0,720,1280,24.0,9667485,mp4,h264,720x1280,Youtube Automation/PromptDatabase/output_packaged/1.285.Level_10_Shell_World-Cracker/thumbnail.png,,,,completed,2026-09-24T20:17:00.096771+00:00
209,96a890fd-732c-4c91-8a1f-851ae7ed52fc,286,,Swamp Torque Harvester: A Machine That Moves the Wetland,Youtube Automation/PromptDatabase/output_packaged/1.286.Level_10_Mirecontinent_Torque_Harvester/1.286.Level_10_Mirecontinent_Torque_Harvester.mp4,1.286.Level_10_Mirecontinent_Torque_Harvester.mp4,8.0,720,1280,24.0,8955150,mp4,h264,720x1280,Youtube Automation/PromptDatabase/output_packaged/1.286.Level_10_Mirecontinent_Torque_Harvester/thumbnail.png,,,,completed,2026-09-24T20:17:00.096966+00:00
210,2ddd2354-e06c-44ec-a6fb-c61295b0e702,287,,Swamp Compression Machine Crushes the Wetland in Waves,Youtube Automation/PromptDatabase/output_packaged/1.287.Level_10_Bogquake_Compression_Crown/1.287.Level_10_Bogquake_Compression_Crown.mp4,1.287.Level_10_Bogquake_Compression_Crown.mp4,8.0,720,1280,24.0,8177018,mp4,h264,720x1280,Youtube Automation/PromptDatabase/output_packaged/1.287.Level_10_Bogquake_Compression_Crown/thumbnail.png,,,,completed,2026-09-24T20:17:00.097106+00:00
211,c5dbc0e9-4da6-425e-b444-6da523fbf1d1,288,,Swamp Machine Lifts an Entire Wetland Into a Giant Spiral,Youtube Automation/PromptDatabase/output_packaged/1.288.Level_10_Mangrove_Spiral_Uplifter/1.288.Level_10_Mangrove_Spiral_Uplifter.mp4,1.288.Level_10_Mangrove_Spiral_Uplifter.mp4,8.0,720,1280,24.0,7801654,mp4,h264,720x1280,Youtube Automation/PromptDatabase/output_packaged/1.288.Level_10_Mangrove_Spiral_Uplifter/thumbnail.png,,,,completed,2026-09-24T20:17:00.097233+00:00
212,1fb62d1f-d7ff-4290-9539-e5f9faf2b4e5,289,,Peat Titan Shearwheel: Giant Swamp-Cutting Machine,Youtube Automation/PromptDatabase/output_packaged/1.289.Level_10_Peat_Titan_Shearwheel/1.289.Level_10_Peat_Titan_Shearwheel.mp4,1.289.Level_10_Peat_Titan_Shearwheel.mp4,8.0,720,1280,24.0,11481744,mp4,h264,720x1280,Youtube Automation/PromptDatabase/output_packaged/1.289.Level_10_Peat_Titan_Shearwheel/thumbnail.png,,,,completed,2026-09-24T20:17:00.097342+00:00
213,cb7a1e9c-037f-4653-92aa-1d61ec93163c,290,,Marsh Cyclone Ram: A Giant Swamp Machine Creates a Vortex,Youtube Automation/PromptDatabase/output_packaged/1.290.Level_10_Marsh_Cyclone_Ram/1.290.Level_10_Marsh_Cyclone_Ram.mp4,1.290.Level_10_Marsh_Cyclone_Ram.mp4,8.0,720,1280,24.0,11192269,mp4,h264,720x1280,Youtube Automation/PromptDatabase/output_packaged/1.290.Level_10_Marsh_Cyclone_Ram/thumbnail.png,,,,completed,2026-09-24T20:17:00.097538+00:00
214,3d71380c-f21d-4c02-905f-1fe80efafe56,291,,Swamp Continental Piston — The Swamp Machine You've Never Seen,Youtube Automation/PromptDatabase/output_packaged/1.291.Level_10_Swamp_Continental_Piston/1.291.Level_10_Swamp_Continental_Piston.mp4,1.291.Level_10_Swamp_Continental_Piston.mp4,8.0,720,1280,24.0,8988523,mp4,h264,720x1280,Youtube Automation/PromptDatabase/output_packaged/1.291.Level_10_Swamp_Continental_Piston/thumbnail.png,,,,completed,2026-09-24T20:17:00.097661+00:00
215,d69f56b4-5dd2-4b9d-9acd-4fdc4912cc02,336,,Mega Construction Machines: Continental Pile-Driver Array,Youtube Automation/PromptDatabase/output_packaged/1.336.Level_10_Continental_Pile-Driver_Array/1.336.Level_10_Continental_Pile-Driver_Array.mp4,1.336.Level_10_Continental_Pile-Driver_Array.mp4,8.0,720,1280,24.0,7885172,mp4,h264,720x1280,Youtube Automation/PromptDatabase/output_packaged/1.336.Level_10_Continental_Pile-Driver_Array/thumbnail.png,,,,completed,2026-09-24T20:17:00.097865+00:00
216,2bd05334-e8cd-4fdf-b93e-6e175fabeeb5,337,,Mega Construction Machines: Sky-Lattice Foundry Cyclone,Youtube Automation/PromptDatabase/output_packaged/1.337.Level_10_Sky-Lattice_Foundry_Cyclone/1.337.Level_10_Sky-Lattice_Foundry_Cyclone.mp4,1.337.Level_10_Sky-Lattice_Foundry_Cyclone.mp4,8.0,720,1280,24.0,9229753,mp4,h264,720x1280,Youtube Automation/PromptDatabase/output_packaged/1.337.Level_10_Sky-Lattice_Foundry_Cyclone/thumbnail.png,,,,completed,2026-09-24T20:17:00.097976+00:00
217,fde64b49-c49a-4fe6-b4f1-4023e17c5948,338,,Mega Construction Machines: The Tectonic Trench Weaver,Youtube Automation/PromptDatabase/output_packaged/1.338.Level_10_Tectonic_Trench_Weaver/1.338.Level_10_Tectonic_Trench_Weaver.mp4,1.338.Level_10_Tectonic_Trench_Weaver.mp4,8.0,720,1280,24.0,8382308,mp4,h264,720x1280,Youtube Automation/PromptDatabase/output_packaged/1.338.Level_10_Tectonic_Trench_Weaver/thumbnail.png,,,,completed,2026-09-24T20:17:00.098057+00:00
218,1710354e-5817-497d-937a-493ce0184597,339,,Mega Construction Machine That Builds Towers With Pure Momentum,Youtube Automation/PromptDatabase/output_packaged/1.339.Level_10_Momentum_Cathedral_Erector/1.339.Level_10_Momentum_Cathedral_Erector.mp4,1.339.Level_10_Momentum_Cathedral_Erector.mp4,8.0,720,1280,24.0,11853497,mp4,h264,720x1280,Youtube Automation/PromptDatabase/output_packaged/1.339.Level_10_Momentum_Cathedral_Erector/thumbnail.png,,,,completed,2026-09-24T20:17:00.098177+00:00
219,4b7dcb6d-77d4-44d5-b860-d381ab00e1c9,340,,Mega Construction Machine Builds New Land From the Ocean,Youtube Automation/PromptDatabase/output_packaged/1.340.Level_10_Ocean-Basin_Concrete_Reactor/1.340.Level_10_Ocean-Basin_Concrete_Reactor.mp4,1.340.Level_10_Ocean-Basin_Concrete_Reactor.mp4,8.0,720,1280,24.0,6358444,mp4,h264,720x1280,Youtube Automation/PromptDatabase/output_packaged/1.340.Level_10_Ocean-Basin_Concrete_Reactor/thumbnail.png,,,,completed,2026-09-24T20:17:00.098272+00:00
220,ecfc7b2d-1d44-4ea6-bf15-d7556e955bbf,341,,Mega Construction Machines: The Gravity Crane Cascade,Youtube Automation/PromptDatabase/output_packaged/1.341.Level_10_Gravity_Crane_Cascade/1.341.Level_10_Gravity_Crane_Cascade.mp4,1.341.Level_10_Gravity_Crane_Cascade.mp4,8.0,720,1280,24.0,5941304,mp4,h264,720x1280,Youtube Automation/PromptDatabase/output_packaged/1.341.Level_10_Gravity_Crane_Cascade/thumbnail.png,,,,completed,2026-09-24T20:17:00.098435+00:00
221,dc50d0ac-07e0-4c66-a86f-b87d02ec4cf9,342,,Mega Construction Machines: A City Rises From Underground,Youtube Automation/PromptDatabase/output_packaged/1.342.Level_10_Subsurface_City_Extruder/1.342.Level_10_Subsurface_City_Extruder.mp4,1.342.Level_10_Subsurface_City_Extruder.mp4,8.0,720,1280,24.0,11079102,mp4,h264,720x1280,Youtube Automation/PromptDatabase/output_packaged/1.342.Level_10_Subsurface_City_Extruder/thumbnail.png,,,,completed,2026-09-24T20:17:00.098524+00:00
222,a2f2cfef-53a6-40dc-999b-c34f02260dcc,343,,Mega Construction Machines: The Seismic Alignment Forge,Youtube Automation/PromptDatabase/output_packaged/1.343.Level_10_Seismic_Alignment_Forge/1.343.Level_10_Seismic_Alignment_Forge.mp4,1.343.Level_10_Seismic_Alignment_Forge.mp4,8.0,720,1280,24.0,7537649,mp4,h264,720x1280,Youtube Automation/PromptDatabase/output_packaged/1.343.Level_10_Seismic_Alignment_Forge/thumbnail.png,,,,completed,2026-09-24T20:17:00.098599+00:00
223,ff1e93a4-3637-460e-a9ca-2035ec9ad8c6,344,,Solar Mirror Excavation Swarm: Mega Construction Machine,Youtube Automation/PromptDatabase/output_packaged/1.344.Level_10_Solar_Mirror_Excavation_Swarm/1.344.Level_10_Solar_Mirror_Excavation_Swarm.mp4,1.344.Level_10_Solar_Mirror_Excavation_Swarm.mp4,8.0,720,1280,24.0,11288388,mp4,h264,720x1280,Youtube Automation/PromptDatabase/output_packaged/1.344.Level_10_Solar_Mirror_Excavation_Swarm/thumbnail.png,,,,completed,2026-09-24T20:17:00.098671+00:00
224,bd30019d-9ade-4d13-8c93-75c38ba50467,345,,Mega Construction Machine Rebuilds an Entire Foundation,Youtube Automation/PromptDatabase/output_packaged/1.345.Level_10_Chrono-Foundation_Reassembler/1.345.Level_10_Chrono-Foundation_Reassembler.mp4,1.345.Level_10_Chrono-Foundation_Reassembler.mp4,8.0,720,1280,24.0,9925497,mp4,h264,720x1280,Youtube Automation/PromptDatabase/output_packaged/1.345.Level_10_Chrono-Foundation_Reassembler/thumbnail.png,,,,completed,2026-09-24T20:17:00.098815+00:00
225,ecc428dd-4f8c-4907-ae88-8ebeb2230aa4,346,,Snake Machine Drills Through a Mountain | Tectonic Borer,Youtube Automation/PromptDatabase/output_packaged/1.346.Level_10_Serpent_Tectonic_Borer/1.346.Level_10_Serpent_Tectonic_Borer.mp4,1.346.Level_10_Serpent_Tectonic_Borer.mp4,8.0,720,1280,24.0,9907569,mp4,h264,720x1280,Youtube Automation/PromptDatabase/output_packaged/1.346.Level_10_Serpent_Tectonic_Borer/thumbnail.png,,,,completed,2026-09-24T20:17:00.098965+00:00
226,56ae39b5-e57c-488f-9e67-edbb71cf7a1f,391,,Lithosphere Wave Weaver — The Earth Machine You've Never Seen,Youtube Automation/PromptDatabase/output_packaged/1.391.Level_10_Lithosphere_Wave_Weaver/1.391.Level_10_Lithosphere_Wave_Weaver.mp4,1.391.Level_10_Lithosphere_Wave_Weaver.mp4,8.0,720,1280,24.0,8439409,mp4,h264,720x1280,Youtube Automation/PromptDatabase/output_packaged/1.391.Level_10_Lithosphere_Wave_Weaver/thumbnail.png,,,,completed,2026-09-24T20:17:00.099095+00:00
227,9635285c-4e84-4cc1-a9ea-42a7eb62ddc2,392,,Polar Axis Earth Rotor — The Earth Machine You've Never Seen,Youtube Automation/PromptDatabase/output_packaged/1.392.Level_10_Polar_Axis_Earth_Rotor/1.392.Level_10_Polar_Axis_Earth_Rotor.mp4,1.392.Level_10_Polar_Axis_Earth_Rotor.mp4,8.0,720,1280,24.0,7539274,mp4,h264,720x1280,Youtube Automation/PromptDatabase/output_packaged/1.392.Level_10_Polar_Axis_Earth_Rotor/thumbnail.png,,,,completed,2026-09-24T20:17:00.099175+00:00
228,f737839a-31b2-45d7-9298-9ea67c339667,393,,Subcrustal Vacuum Plow — The Earth Machine You've Never Seen,Youtube Automation/PromptDatabase/output_packaged/1.393.Level_10_Subcrustal_Vacuum_Plow/1.393.Level_10_Subcrustal_Vacuum_Plow.mp4,1.393.Level_10_Subcrustal_Vacuum_Plow.mp4,8.0,720,1280,24.0,8832644,mp4,h264,720x1280,Youtube Automation/PromptDatabase/output_packaged/1.393.Level_10_Subcrustal_Vacuum_Plow/thumbnail.png,,,,completed,2026-09-24T20:17:00.099259+00:00
229,e001c079-b6a0-4a1f-bf46-ef3b79241e6a,394,,Continental Orbit Tether Engine — The Earth Machine You've Never Seen,Youtube Automation/PromptDatabase/output_packaged/1.394.Level_10_Continental_Orbit_Tether_Engine/1.394.Level_10_Continental_Orbit_Tether_Engine.mp4,1.394.Level_10_Continental_Orbit_Tether_Engine.mp4,8.0,720,1280,24.0,10594431,mp4,h264,720x1280,Youtube Automation/PromptDatabase/output_packaged/1.394.Level_10_Continental_Orbit_Tether_Engine/thumbnail.png,,,,completed,2026-09-24T20:17:00.099405+00:00
230,e48828f7-2666-4f96-a2ef-7a7cac822dfd,238,,Webquake Drummer,/home/azureuser/.gemini/antigravity-cli/brain/e1e03563-8d0d-414d-8b7e-5b8cfbbda523/scratch/test_packages/1.238.Level_10_Webquake_Drummer/1.238.Level_10_Webquake_Drummer.mp4,1.238.Level_10_Webquake_Drummer.mp4,8.0,720,1280,24.0,108000,mp4,h264,720x1280,/home/azureuser/.gemini/antigravity-cli/brain/e1e03563-8d0d-414d-8b7e-5b8cfbbda523/scratch/test_packages/1.238.Level_10_Webquake_Drummer/thumbnail.png,,,,completed,2026-09-24T20:17:43.394667+00:00
231,9f150c69-12cb-468a-a6b0-2be7da5c2743,395,,Planetary Crustal Centrifuge,/home/azureuser/.openclaw/workspace/IROSCRIPT-CEO/social-media/youtube/Youtube Automation/PromptDatabase/output_packaged/1.395.Level_10_Planetary_Crustal_Centrifuge/1.395.Level_10_Planetary_Crustal_Centrifuge.mp4,1.395.Level_10_Planetary_Crustal_Centrifuge.mp4,8.0,720,1280,24.0,9388711,mp4,h264,720x1280,/home/azureuser/.openclaw/workspace/IROSCRIPT-CEO/social-media/youtube/Youtube Automation/PromptDatabase/output_packaged/1.395.Level_10_Planetary_Crustal_Centrifuge/thumbnail.png,,,,completed,2026-09-24T21:13:32.800565+00:00
232,745f6092-57a6-43a0-9b1e-2b6a07b4642a,396,,Skyline Torsion Loom,/home/azureuser/.openclaw/workspace/IROSCRIPT-CEO/social-media/youtube/Youtube Automation/PromptDatabase/output_packaged/1.396.Level_10_Skyline_Torsion_Loom/1.396.Level_10_Skyline_Torsion_Loom.mp4,1.396.Level_10_Skyline_Torsion_Loom.mp4,8.0,720,1280,24.0,9372511,mp4,h264,720x1280,/home/azureuser/.openclaw/workspace/IROSCRIPT-CEO/social-media/youtube/Youtube Automation/PromptDatabase/output_packaged/1.396.Level_10_Skyline_Torsion_Loom/thumbnail.png,,,,completed,2026-09-24T21:17:09.255128+00:00
233,c5345ecd-fc2e-4671-bbe4-4d8e4e61c723,397,,Metro Mantle Bore,/home/azureuser/.openclaw/workspace/IROSCRIPT-CEO/social-media/youtube/Youtube Automation/PromptDatabase/output_packaged/1.397.Level_10_Metro_Mantle_Bore/1.397.Level_10_Metro_Mantle_Bore.mp4,1.397.Level_10_Metro_Mantle_Bore.mp4,8.0,720,1280,24.0,6552082,mp4,h264,720x1280,/home/azureuser/.openclaw/workspace/IROSCRIPT-CEO/social-media/youtube/Youtube Automation/PromptDatabase/output_packaged/1.397.Level_10_Metro_Mantle_Bore/thumbnail.png,,,,completed,2026-09-24T21:18:34.350276+00:00
234,33e94bb7-c850-4c0f-94f6-b4ca29d627e8,398,,Civic Gravity Reverser,/home/azureuser/.openclaw/workspace/IROSCRIPT-CEO/social-media/youtube/Youtube Automation/PromptDatabase/output_packaged/1.398.Level_10_Civic_Gravity_Reverser/1.398.Level_10_Civic_Gravity_Reverser.mp4,1.398.Level_10_Civic_Gravity_Reverser.mp4,8.0,720,1280,24.0,9427500,mp4,h264,720x1280,/home/azureuser/.openclaw/workspace/IROSCRIPT-CEO/social-media/youtube/Youtube Automation/PromptDatabase/output_packaged/1.398.Level_10_Civic_Gravity_Reverser/thumbnail.png,,,,completed,2026-09-24T21:19:43.738220+00:00
235,55d17be5-79df-4491-9c74-514c2d29a922,399,,Rivergate Hydraulic Crown,/home/azureuser/.openclaw/workspace/IROSCRIPT-CEO/social-media/youtube/Youtube Automation/PromptDatabase/output_packaged/1.399.Level_10_Rivergate_Hydraulic_Crown/1.399.Level_10_Rivergate_Hydraulic_Crown.mp4,1.399.Level_10_Rivergate_Hydraulic_Crown.mp4,8.0,720,1280,24.0,7241738,mp4,h264,720x1280,/home/azureuser/.openclaw/workspace/IROSCRIPT-CEO/social-media/youtube/Youtube Automation/PromptDatabase/output_packaged/1.399.Level_10_Rivergate_Hydraulic_Crown/thumbnail.png,,,,completed,2026-09-24T21:21:08.636979+00:00
236,6145b774-d6fe-4af8-95f5-e74c79e4d15c,400,,Urban Seismic Counterweight,/home/azureuser/.openclaw/workspace/IROSCRIPT-CEO/social-media/youtube/Youtube Automation/PromptDatabase/output_packaged/1.400.Level_10_Urban_Seismic_Counterweight/1.400.Level_10_Urban_Seismic_Counterweight.mp4,1.400.Level_10_Urban_Seismic_Counterweight.mp4,8.0,720,1280,24.0,9411678,mp4,h264,720x1280,/home/azureuser/.openclaw/workspace/IROSCRIPT-CEO/social-media/youtube/Youtube Automation/PromptDatabase/output_packaged/1.400.Level_10_Urban_Seismic_Counterweight/thumbnail.png,,,,completed,2026-09-24T21:22:32.979240+00:00
237,ef13a498-1da2-4778-8c17-7d33f251f616,239,,Silk Bridge Spinner,/home/azureuser/.openclaw/workspace/IROSCRIPT-CEO/social-media/youtube/Youtube Automation/PromptDatabase/output_packaged/1.239.Level_10_Silk_Bridge_Spinner/1.239.Level_10_Silk_Bridge_Spinner.mp4,1.239.Level_10_Silk_Bridge_Spinner.mp4,8.0,720,1280,24.0,11057333,mp4,h264,720x1280,/home/azureuser/.openclaw/workspace/IROSCRIPT-CEO/social-media/youtube/Youtube Automation/PromptDatabase/output_packaged/1.239.Level_10_Silk_Bridge_Spinner/thumbnail.png,,,,completed,2026-09-24T21:29:00.401670+00:00
238,410628a6-4da8-4feb-bed8-bc6684435060,240,,Predator Web Flipper,/home/azureuser/.openclaw/workspace/IROSCRIPT-CEO/social-media/youtube/Youtube Automation/PromptDatabase/output_packaged/1.240.Level_10_Predator_Web_Flipper/1.240.Level_10_Predator_Web_Flipper.mp4,1.240.Level_10_Predator_Web_Flipper.mp4,8.0,720,1280,24.0,14200687,mp4,h264,720x1280,/home/azureuser/.openclaw/workspace/IROSCRIPT-CEO/social-media/youtube/Youtube Automation/PromptDatabase/output_packaged/1.240.Level_10_Predator_Web_Flipper/thumbnail.png,,,,completed,2026-09-24T21:30:25.039650+00:00
239,6a35c5a2-085c-4f52-b222-b56b85f97b29,241,,Microscopic Web Forge,/home/azureuser/.openclaw/workspace/IROSCRIPT-CEO/social-media/youtube/Youtube Automation/PromptDatabase/output_packaged/1.241.Level_10_Microscopic_Web_Forge/1.241.Level_10_Microscopic_Web_Forge.mp4,1.241.Level_10_Microscopic_Web_Forge.mp4,8.0,720,1280,24.0,13704588,mp4,h264,720x1280,/home/azureuser/.openclaw/workspace/IROSCRIPT-CEO/social-media/youtube/Youtube Automation/PromptDatabase/output_packaged/1.241.Level_10_Microscopic_Web_Forge/thumbnail.png,,,,completed,2026-09-24T21:31:34.380830+00:00
240,0410d4a5-3b63-4dca-9be9-49a522d0b935,242,,Atmospheric Web Rotor,/home/azureuser/.openclaw/workspace/IROSCRIPT-CEO/social-media/youtube/Youtube Automation/PromptDatabase/output_packaged/1.242.Level_10_Atmospheric_Web_Rotor/1.242.Level_10_Atmospheric_Web_Rotor.mp4,1.242.Level_10_Atmospheric_Web_Rotor.mp4,8.0,720,1280,24.0,5926593,mp4,h264,720x1280,/home/azureuser/.openclaw/workspace/IROSCRIPT-CEO/social-media/youtube/Youtube Automation/PromptDatabase/output_packaged/1.242.Level_10_Atmospheric_Web_Rotor/thumbnail.png,,,,completed,2026-09-24T21:40:48.269668+00:00
241,255ec2ec-6e5d-4679-ae11-102dfbc8ae3d,243,,Web Membrane Shredder,/home/azureuser/.openclaw/workspace/IROSCRIPT-CEO/social-media/youtube/Youtube Automation/PromptDatabase/output_packaged/1.243.Level_10_Web_Membrane_Shredder/1.243.Level_10_Web_Membrane_Shredder.mp4,1.243.Level_10_Web_Membrane_Shredder.mp4,8.0,720,1280,24.0,11860792,mp4,h264,720x1280,/home/azureuser/.openclaw/workspace/IROSCRIPT-CEO/social-media/youtube/Youtube Automation/PromptDatabase/output_packaged/1.243.Level_10_Web_Membrane_Shredder/thumbnail.png,,,,completed,2026-09-24T21:48:21.499135+00:00
242,17653a30-36b3-4d5c-b9d1-5da724fbd3e0,244,,Silk Pulse Cannon,/home/azureuser/.openclaw/workspace/IROSCRIPT-CEO/social-media/youtube/Youtube Automation/PromptDatabase/output_packaged/1.244.Level_10_Silk_Pulse_Cannon/1.244.Level_10_Silk_Pulse_Cannon.mp4,1.244.Level_10_Silk_Pulse_Cannon.mp4,8.0,720,1280,24.0,12668879,mp4,h264,720x1280,/home/azureuser/.openclaw/workspace/IROSCRIPT-CEO/social-media/youtube/Youtube Automation/PromptDatabase/output_packaged/1.244.Level_10_Silk_Pulse_Cannon/thumbnail.png,,,,completed,2026-09-24T21:49:46.397631+00:00
243,b767ca31-90f9-4a1b-a0c7-b7095b225a94,245,,Colony Web Architect,/home/azureuser/.openclaw/workspace/IROSCRIPT-CEO/social-media/youtube/Youtube Automation/PromptDatabase/output_packaged/1.245.Level_10_Colony_Web_Architect/1.245.Level_10_Colony_Web_Architect.mp4,1.245.Level_10_Colony_Web_Architect.mp4,8.0,720,1280,24.0,12469587,mp4,h264,720x1280,/home/azureuser/.openclaw/workspace/IROSCRIPT-CEO/social-media/youtube/Youtube Automation/PromptDatabase/output_packaged/1.245.Level_10_Colony_Web_Architect/thumbnail.png,,,,completed,2026-09-24T21:50:57.692359+00:00
244,a5527297-890e-4713-8bc8-7c507a4d553f,246,,The Abyssal Gatewheel,/home/azureuser/.openclaw/workspace/IROSCRIPT-CEO/social-media/youtube/Youtube Automation/PromptDatabase/output_packaged/1.246.Level_10_The_Abyssal_Gatewheel/1.246.Level_10_The_Abyssal_Gatewheel.mp4,1.246.Level_10_The_Abyssal_Gatewheel.mp4,8.0,720,1280,24.0,6474797,mp4,h264,720x1280,/home/azureuser/.openclaw/workspace/IROSCRIPT-CEO/social-media/youtube/Youtube Automation/PromptDatabase/output_packaged/1.246.Level_10_The_Abyssal_Gatewheel/thumbnail.png,,,,completed,2026-09-24T21:52:22.438363+00:00
245,029559da-9a7d-4f4a-a22e-d3963928e839,247,,Cascade Hammer Engine,/home/azureuser/.openclaw/workspace/IROSCRIPT-CEO/social-media/youtube/Youtube Automation/PromptDatabase/output_packaged/1.247.Level_10_Cascade_Hammer_Engine/1.247.Level_10_Cascade_Hammer_Engine.mp4,1.247.Level_10_Cascade_Hammer_Engine.mp4,8.0,720,1280,24.0,10575385,mp4,h264,720x1280,/home/azureuser/.openclaw/workspace/IROSCRIPT-CEO/social-media/youtube/Youtube Automation/PromptDatabase/output_packaged/1.247.Level_10_Cascade_Hammer_Engine/thumbnail.png,,,,completed,2026-09-24T21:53:31.416987+00:00
246,3c415540-2be8-439c-8a31-95bf91ea7b54,248,,Mistblade Canyon Ripper,/home/azureuser/.openclaw/workspace/IROSCRIPT-CEO/social-media/youtube/Youtube Automation/PromptDatabase/output_packaged/1.248.Level_10_Mistblade_Canyon_Ripper/1.248.Level_10_Mistblade_Canyon_Ripper.mp4,1.248.Level_10_Mistblade_Canyon_Ripper.mp4,8.0,720,1280,24.0,7263358,mp4,h264,720x1280,/home/azureuser/.openclaw/workspace/IROSCRIPT-CEO/social-media/youtube/Youtube Automation/PromptDatabase/output_packaged/1.248.Level_10_Mistblade_Canyon_Ripper/thumbnail.png,,,,completed,2026-09-24T21:55:18.697032+00:00
247,95762044-e64b-47e7-a6f2-e7e62dea9bf3,249,,Hydrospine Tidal Injector,/home/azureuser/.openclaw/workspace/IROSCRIPT-CEO/social-media/youtube/Youtube Automation/PromptDatabase/output_packaged/1.249.Level_10_Hydrospine_Tidal_Injector/1.249.Level_10_Hydrospine_Tidal_Injector.mp4,1.249.Level_10_Hydrospine_Tidal_Injector.mp4,8.0,720,1280,24.0,11796925,mp4,h264,720x1280,/home/azureuser/.openclaw/workspace/IROSCRIPT-CEO/social-media/youtube/Youtube Automation/PromptDatabase/output_packaged/1.249.Level_10_Hydrospine_Tidal_Injector/thumbnail.png,,,,completed,2026-09-24T21:55:19.588218+00:00
248,cc05bd84-1d5c-4520-9e23-c9a101619f61,251,,Glaciertooth Fallsplitter,/home/azureuser/.openclaw/workspace/IROSCRIPT-CEO/social-media/youtube/Youtube Automation/PromptDatabase/output_packaged/1.251.Level_10_Glaciertooth_Fallsplitter/1.251.Level_10_Glaciertooth_Fallsplitter.mp4,1.251.Level_10_Glaciertooth_Fallsplitter.mp4,8.0,720,1280,24.0,8820817,mp4,h264,720x1280,/home/azureuser/.openclaw/workspace/IROSCRIPT-CEO/social-media/youtube/Youtube Automation/PromptDatabase/output_packaged/1.251.Level_10_Glaciertooth_Fallsplitter/thumbnail.png,,,,completed,2026-09-24T21:56:33.361962+00:00
249,801c80e8-ec15-4f0c-91d0-efda715209a4,252,,Ravine Cyclone Excavator,/home/azureuser/.openclaw/workspace/IROSCRIPT-CEO/social-media/youtube/Youtube Automation/PromptDatabase/output_packaged/1.252.Level_10_Ravine_Cyclone_Excavator/1.252.Level_10_Ravine_Cyclone_Excavator.mp4,1.252.Level_10_Ravine_Cyclone_Excavator.mp4,8.0,720,1280,24.0,8337120,mp4,h264,720x1280,/home/azureuser/.openclaw/workspace/IROSCRIPT-CEO/social-media/youtube/Youtube Automation/PromptDatabase/output_packaged/1.252.Level_10_Ravine_Cyclone_Excavator/thumbnail.png,,,,completed,2026-09-24T21:56:37.854782+00:00
250,ba8d83c1-202f-4ad1-ad08-1eea65b40936,255,,Eclipse Reservoir Crusher,/home/azureuser/.openclaw/workspace/IROSCRIPT-CEO/social-media/youtube/Youtube Automation/PromptDatabase/output_packaged/1.255.Level_10_Eclipse_Reservoir_Crusher/1.255.Level_10_Eclipse_Reservoir_Crusher.mp4,1.255.Level_10_Eclipse_Reservoir_Crusher.mp4,8.0,720,1280,24.0,7734666,mp4,h264,720x1280,/home/azureuser/.openclaw/workspace/IROSCRIPT-CEO/social-media/youtube/Youtube Automation/PromptDatabase/output_packaged/1.255.Level_10_Eclipse_Reservoir_Crusher/thumbnail.png,,,,completed,2026-09-24T21:56:40.572576+00:00
251,a4f62038-3426-42cd-bcf2-4de3e09b28b2,250,,Fallshock Atmospheric Forge,/home/azureuser/.openclaw/workspace/IROSCRIPT-CEO/social-media/youtube/Youtube Automation/PromptDatabase/output_packaged/1.250.Level_10_Fallshock_Atmospheric_Forge/1.250.Level_10_Fallshock_Atmospheric_Forge.mp4,1.250.Level_10_Fallshock_Atmospheric_Forge.mp4,8.0,720,1280,24.0,7799933,mp4,h264,720x1280,/home/azureuser/.openclaw/workspace/IROSCRIPT-CEO/social-media/youtube/Youtube Automation/PromptDatabase/output_packaged/1.250.Level_10_Fallshock_Atmospheric_Forge/thumbnail.png,,,,completed,2026-09-24T21:56:50.168805+00:00
252,7920e641-36b3-466c-9a44-58a46a2af8aa,254,,Thunderfall Momentum Rail,/home/azureuser/.openclaw/workspace/IROSCRIPT-CEO/social-media/youtube/Youtube Automation/PromptDatabase/output_packaged/1.254.Level_10_Thunderfall_Momentum_Rail/1.254.Level_10_Thunderfall_Momentum_Rail.mp4,1.254.Level_10_Thunderfall_Momentum_Rail.mp4,8.0,720,1280,24.0,8203748,mp4,h264,720x1280,/home/azureuser/.openclaw/workspace/IROSCRIPT-CEO/social-media/youtube/Youtube Automation/PromptDatabase/output_packaged/1.254.Level_10_Thunderfall_Momentum_Rail/thumbnail.png,,,,completed,2026-09-24T21:56:51.437149+00:00
253,b589da39-3f46-43c4-ab91-51614de83f72,253,,Basalt Loom Waterbender,/home/azureuser/.openclaw/workspace/IROSCRIPT-CEO/social-media/youtube/Youtube Automation/PromptDatabase/output_packaged/1.253.Level_10_Basalt_Loom_Waterbender/1.253.Level_10_Basalt_Loom_Waterbender.mp4,1.253.Level_10_Basalt_Loom_Waterbender.mp4,8.0,720,1280,24.0,8301032,mp4,h264,720x1280,/home/azureuser/.openclaw/workspace/IROSCRIPT-CEO/social-media/youtube/Youtube Automation/PromptDatabase/output_packaged/1.253.Level_10_Basalt_Loom_Waterbender/thumbnail.png,,,,completed,2026-09-24T21:56:54.351019+00:00
254,5202a601-3627-4aed-a073-ac0774a50401,256,,Mantle-Ram Subway Rewriter,/home/azureuser/.openclaw/workspace/IROSCRIPT-CEO/social-media/youtube/Youtube Automation/PromptDatabase/output_packaged/1.256.Level_10_Mantle-Ram_Subway_Rewriter/1.256.Level_10_Mantle-Ram_Subway_Rewriter.mp4,1.256.Level_10_Mantle-Ram_Subway_Rewriter.mp4,8.0,720,1280,24.0,6693065,mp4,h264,720x1280,/home/azureuser/.openclaw/workspace/IROSCRIPT-CEO/social-media/youtube/Youtube Automation/PromptDatabase/output_packaged/1.256.Level_10_Mantle-Ram_Subway_Rewriter/thumbnail.png,,,,completed,2026-09-24T21:57:36.488975+00:00
255,40c037f3-64a0-4e58-a91c-90305d10ed8e,257,,Temporal Rail Accelerator,/home/azureuser/.openclaw/workspace/IROSCRIPT-CEO/social-media/youtube/Youtube Automation/PromptDatabase/output_packaged/1.257.Level_10_Temporal_Rail_Accelerator/1.257.Level_10_Temporal_Rail_Accelerator.mp4,1.257.Level_10_Temporal_Rail_Accelerator.mp4,8.0,720,1280,24.0,11783557,mp4,h264,720x1280,/home/azureuser/.openclaw/workspace/IROSCRIPT-CEO/social-media/youtube/Youtube Automation/PromptDatabase/output_packaged/1.257.Level_10_Temporal_Rail_Accelerator/thumbnail.png,,,,completed,2026-09-24T21:57:40.918966+00:00
256,03dc0354-882a-4a93-b132-793999c3e24e,260,,Planetary Rail Catapult,/home/azureuser/.openclaw/workspace/IROSCRIPT-CEO/social-media/youtube/Youtube Automation/PromptDatabase/output_packaged/1.260.Level_10_Planetary_Rail_Catapult/1.260.Level_10_Planetary_Rail_Catapult.mp4,1.260.Level_10_Planetary_Rail_Catapult.mp4,8.0,720,1280,24.0,10007713,mp4,h264,720x1280,/home/azureuser/.openclaw/workspace/IROSCRIPT-CEO/social-media/youtube/Youtube Automation/PromptDatabase/output_packaged/1.260.Level_10_Planetary_Rail_Catapult/thumbnail.png,,,,completed,2026-09-24T21:57:55.174300+00:00
257,3a549b82-b714-45ca-90ff-abc1693388c4,261,,Seismic Choir Resonator,/home/azureuser/.openclaw/workspace/IROSCRIPT-CEO/social-media/youtube/Youtube Automation/PromptDatabase/output_packaged/1.261.Level_10_Seismic_Choir_Resonator/1.261.Level_10_Seismic_Choir_Resonator.mp4,1.261.Level_10_Seismic_Choir_Resonator.mp4,8.0,720,1280,24.0,5964042,mp4,h264,720x1280,/home/azureuser/.openclaw/workspace/IROSCRIPT-CEO/social-media/youtube/Youtube Automation/PromptDatabase/output_packaged/1.261.Level_10_Seismic_Choir_Resonator/thumbnail.png,,,,completed,2026-09-24T21:57:57.515442+00:00
258,512973fb-ab6e-4e50-9cf8-da3507c620c0,258,,Ocean-Piercing Subway Leviathan,/home/azureuser/.openclaw/workspace/IROSCRIPT-CEO/social-media/youtube/Youtube Automation/PromptDatabase/output_packaged/1.258.Level_10_Ocean-Piercing_Subway_Leviathan/1.258.Level_10_Ocean-Piercing_Subway_Leviathan.mp4,1.258.Level_10_Ocean-Piercing_Subway_Leviathan.mp4,8.0,720,1280,24.0,10459581,mp4,h264,720x1280,/home/azureuser/.openclaw/workspace/IROSCRIPT-CEO/social-media/youtube/Youtube Automation/PromptDatabase/output_packaged/1.258.Level_10_Ocean-Piercing_Subway_Leviathan/thumbnail.png,,,,completed,2026-09-24T21:57:58.891496+00:00
259,b2e164a3-486d-4a80-af3f-e3c1f768fb7b,259,,Gravity-Hammer Station Forger,/home/azureuser/.openclaw/workspace/IROSCRIPT-CEO/social-media/youtube/Youtube Automation/PromptDatabase/output_packaged/1.259.Level_10_Gravity-Hammer_Station_Forger/1.259.Level_10_Gravity-Hammer_Station_Forger.mp4,1.259.Level_10_Gravity-Hammer_Station_Forger.mp4,8.0,720,1280,24.0,9099012,mp4,h264,720x1280,/home/azureuser/.openclaw/workspace/IROSCRIPT-CEO/social-media/youtube/Youtube Automation/PromptDatabase/output_packaged/1.259.Level_10_Gravity-Hammer_Station_Forger/thumbnail.png,,,,completed,2026-09-24T21:58:08.685293+00:00
260,6f020810-bdab-41c6-9d4f-bef98ece2b60,262,,Antimatter Tunnel Harvester,/home/azureuser/.openclaw/workspace/IROSCRIPT-CEO/social-media/youtube/Youtube Automation/PromptDatabase/output_packaged/1.262.Level_10_Antimatter_Tunnel_Harvester/1.262.Level_10_Antimatter_Tunnel_Harvester.mp4,1.262.Level_10_Antimatter_Tunnel_Harvester.mp4,8.0,720,1280,24.0,8007134,mp4,h264,720x1280,/home/azureuser/.openclaw/workspace/IROSCRIPT-CEO/social-media/youtube/Youtube Automation/PromptDatabase/output_packaged/1.262.Level_10_Antimatter_Tunnel_Harvester/thumbnail.png,,,,completed,2026-09-24T21:58:39.820791+00:00
261,1f334036-c7df-408b-ab33-f1fc16779330,263,,Skyhook Metro Weaver,/home/azureuser/.openclaw/workspace/IROSCRIPT-CEO/social-media/youtube/Youtube Automation/PromptDatabase/output_packaged/1.263.Level_10_Skyhook_Metro_Weaver/1.263.Level_10_Skyhook_Metro_Weaver.mp4,1.263.Level_10_Skyhook_Metro_Weaver.mp4,8.0,720,1280,24.0,11095452,mp4,h264,720x1280,/home/azureuser/.openclaw/workspace/IROSCRIPT-CEO/social-media/youtube/Youtube Automation/PromptDatabase/output_packaged/1.263.Level_10_Skyhook_Metro_Weaver/thumbnail.png,,,,completed,2026-09-24T21:58:59.355610+00:00
262,97fd7e15-9382-4b3e-9d12-4b1e829e453b,266,,Rainfall Compression Colossus,/home/azureuser/.openclaw/workspace/IROSCRIPT-CEO/social-media/youtube/Youtube Automation/PromptDatabase/output_packaged/1.266.Level_10_Rainfall_Compression_Colossus/1.266.Level_10_Rainfall_Compression_Colossus.mp4,1.266.Level_10_Rainfall_Compression_Colossus.mp4,8.0,720,1280,24.0,7525412,mp4,h264,720x1280,/home/azureuser/.openclaw/workspace/IROSCRIPT-CEO/social-media/youtube/Youtube Automation/PromptDatabase/output_packaged/1.266.Level_10_Rainfall_Compression_Colossus/thumbnail.png,,,,completed,2026-09-24T21:59:02.139286+00:00
263,484506de-31ee-4b9e-ad0e-e425eb390081,264,,Dimension-Crank Interchange Engine,/home/azureuser/.openclaw/workspace/IROSCRIPT-CEO/social-media/youtube/Youtube Automation/PromptDatabase/output_packaged/1.264.Level_10_Dimension-Crank_Interchange_Engine/1.264.Level_10_Dimension-Crank_Interchange_Engine.mp4,1.264.Level_10_Dimension-Crank_Interchange_Engine.mp4,8.0,720,1280,24.0,11285932,mp4,h264,720x1280,/home/azureuser/.openclaw/workspace/IROSCRIPT-CEO/social-media/youtube/Youtube Automation/PromptDatabase/output_packaged/1.264.Level_10_Dimension-Crank_Interchange_Engine/thumbnail.png,,,,completed,2026-09-24T21:59:13.534325+00:00
264,b27c1eda-ce8b-4f6d-9f58-3d25b1038328,265,,Entropy-Reversal Rail Furnace,/home/azureuser/.openclaw/workspace/IROSCRIPT-CEO/social-media/youtube/Youtube Automation/PromptDatabase/output_packaged/1.265.Level_10_Entropy-Reversal_Rail_Furnace/1.265.Level_10_Entropy-Reversal_Rail_Furnace.mp4,1.265.Level_10_Entropy-Reversal_Rail_Furnace.mp4,8.0,720,1280,24.0,11690501,mp4,h264,720x1280,/home/azureuser/.openclaw/workspace/IROSCRIPT-CEO/social-media/youtube/Youtube Automation/PromptDatabase/output_packaged/1.265.Level_10_Entropy-Reversal_Rail_Furnace/thumbnail.png,,,,completed,2026-09-24T21:59:16.335899+00:00
265,68fe5c3c-ac49-49f0-ae51-19538d9c99fc,267,,Monsoon Torque Harvester,/home/azureuser/.openclaw/workspace/IROSCRIPT-CEO/social-media/youtube/Youtube Automation/PromptDatabase/output_packaged/1.267.Level_10_Monsoon_Torque_Harvester/1.267.Level_10_Monsoon_Torque_Harvester.mp4,1.267.Level_10_Monsoon_Torque_Harvester.mp4,8.0,720,1280,24.0,12149837,mp4,h264,720x1280,/home/azureuser/.openclaw/workspace/IROSCRIPT-CEO/social-media/youtube/Youtube Automation/PromptDatabase/output_packaged/1.267.Level_10_Monsoon_Torque_Harvester/thumbnail.png,,,,completed,2026-09-24T21:59:26.834809+00:00
266,44fd395e-034c-48c6-a267-6e5b236ce104,268,,Rainfront Rammer,/home/azureuser/.openclaw/workspace/IROSCRIPT-CEO/social-media/youtube/Youtube Automation/PromptDatabase/output_packaged/1.268.Level_10_Rainfront_Rammer/1.268.Level_10_Rainfront_Rammer.mp4,1.268.Level_10_Rainfront_Rammer.mp4,8.0,720,1280,24.0,6876658,mp4,h264,720x1280,/home/azureuser/.openclaw/workspace/IROSCRIPT-CEO/social-media/youtube/Youtube Automation/PromptDatabase/output_packaged/1.268.Level_10_Rainfront_Rammer/thumbnail.png,,,,completed,2026-09-24T21:59:43.184746+00:00
267,4756a80f-94dd-4529-bb12-55a679472ad2,269,,Cloud Anvil Engine,/home/azureuser/.openclaw/workspace/IROSCRIPT-CEO/social-media/youtube/Youtube Automation/PromptDatabase/output_packaged/1.269.Level_10_Cloud_Anvil_Engine/1.269.Level_10_Cloud_Anvil_Engine.mp4,1.269.Level_10_Cloud_Anvil_Engine.mp4,8.0,720,1280,24.0,10432135,mp4,h264,720x1280,/home/azureuser/.openclaw/workspace/IROSCRIPT-CEO/social-media/youtube/Youtube Automation/PromptDatabase/output_packaged/1.269.Level_10_Cloud_Anvil_Engine/thumbnail.png,,,,completed,2026-09-24T22:00:02.675047+00:00
268,c0502f74-c04d-491e-ab48-ca6ea1004d83,270,,Rainfall Vortex Forge,/home/azureuser/.openclaw/workspace/IROSCRIPT-CEO/social-media/youtube/Youtube Automation/PromptDatabase/output_packaged/1.270.Level_10_Rainfall_Vortex_Forge/1.270.Level_10_Rainfall_Vortex_Forge.mp4,1.270.Level_10_Rainfall_Vortex_Forge.mp4,8.0,720,1280,24.0,5453867,mp4,h264,720x1280,/home/azureuser/.openclaw/workspace/IROSCRIPT-CEO/social-media/youtube/Youtube Automation/PromptDatabase/output_packaged/1.270.Level_10_Rainfall_Vortex_Forge/thumbnail.png,,,,completed,2026-09-24T22:00:05.252088+00:00
269,2db5f58b-03ee-4fb6-b214-524499ae9b39,271,,Atmospheric Rain Plow,/home/azureuser/.openclaw/workspace/IROSCRIPT-CEO/social-media/youtube/Youtube Automation/PromptDatabase/output_packaged/1.271.Level_10_Atmospheric_Rain_Plow/1.271.Level_10_Atmospheric_Rain_Plow.mp4,1.271.Level_10_Atmospheric_Rain_Plow.mp4,8.0,720,1280,24.0,9082308,mp4,h264,720x1280,/home/azureuser/.openclaw/workspace/IROSCRIPT-CEO/social-media/youtube/Youtube Automation/PromptDatabase/output_packaged/1.271.Level_10_Atmospheric_Rain_Plow/thumbnail.png,,,,completed,2026-09-24T22:00:32.104080+00:00
270,d3c41d1c-b4fc-4813-a533-f7436d88aeb8,272,,Storm Pressure Pendulum,/home/azureuser/.openclaw/workspace/IROSCRIPT-CEO/social-media/youtube/Youtube Automation/PromptDatabase/output_packaged/1.272.Level_10_Storm_Pressure_Pendulum/1.272.Level_10_Storm_Pressure_Pendulum.mp4,1.272.Level_10_Storm_Pressure_Pendulum.mp4,8.0,720,1280,24.0,8676713,mp4,h264,720x1280,/home/azureuser/.openclaw/workspace/IROSCRIPT-CEO/social-media/youtube/Youtube Automation/PromptDatabase/output_packaged/1.272.Level_10_Storm_Pressure_Pendulum/thumbnail.png,,,,completed,2026-09-24T22:00:34.662024+00:00
271,5a89aa3b-8570-4e85-9641-351e7b358a14,298,,Lightning Vortex Forge,/home/azureuser/.openclaw/workspace/IROSCRIPT-CEO/social-media/youtube/Youtube Automation/PromptDatabase/output_packaged/1.298.Level_10_Lightning_Vortex_Forge/1.298.Level_10_Lightning_Vortex_Forge.mp4,1.298.Level_10_Lightning_Vortex_Forge.mp4,8.0,720,1280,24.0,8433536,mp4,h264,720x1280,/home/azureuser/.openclaw/workspace/IROSCRIPT-CEO/social-media/youtube/Youtube Automation/PromptDatabase/output_packaged/1.298.Level_10_Lightning_Vortex_Forge/thumbnail.png,,,,completed,2026-09-24T22:00:38.654796+00:00
272,48fd8449-1217-44c9-9d38-4ce7d3c2d8a5,273,,Rain Cascade Accelerator,/home/azureuser/.openclaw/workspace/IROSCRIPT-CEO/social-media/youtube/Youtube Automation/PromptDatabase/output_packaged/1.273.Level_10_Rain_Cascade_Accelerator/1.273.Level_10_Rain_Cascade_Accelerator.mp4,1.273.Level_10_Rain_Cascade_Accelerator.mp4,8.0,720,1280,24.0,6845980,mp4,h264,720x1280,/home/azureuser/.openclaw/workspace/IROSCRIPT-CEO/social-media/youtube/Youtube Automation/PromptDatabase/output_packaged/1.273.Level_10_Rain_Cascade_Accelerator/thumbnail.png,,,,completed,2026-09-24T22:00:45.405795+00:00
273,7ab23fe1-8a4a-4e4c-9f49-d04f50fe9c21,297,,Thunderbolt Tectonic Hammer,/home/azureuser/.openclaw/workspace/IROSCRIPT-CEO/social-media/youtube/Youtube Automation/PromptDatabase/output_packaged/1.297.Level_10_Thunderbolt_Tectonic_Hammer/1.297.Level_10_Thunderbolt_Tectonic_Hammer.mp4,1.297.Level_10_Thunderbolt_Tectonic_Hammer.mp4,8.0,720,1280,24.0,7111135,mp4,h264,720x1280,/home/azureuser/.openclaw/workspace/IROSCRIPT-CEO/social-media/youtube/Youtube Automation/PromptDatabase/output_packaged/1.297.Level_10_Thunderbolt_Tectonic_Hammer/thumbnail.png,,,,completed,2026-09-24T22:00:46.175948+00:00
274,24788d99-48db-4a7a-a9a3-906f2e26ff8f,300,,Lightning River Splitter,/home/azureuser/.openclaw/workspace/IROSCRIPT-CEO/social-media/youtube/Youtube Automation/PromptDatabase/output_packaged/1.300.Level_10_Lightning_River_Splitter/1.300.Level_10_Lightning_River_Splitter.mp4,1.300.Level_10_Lightning_River_Splitter.mp4,8.0,720,1280,24.0,8653170,mp4,h264,720x1280,/home/azureuser/.openclaw/workspace/IROSCRIPT-CEO/social-media/youtube/Youtube Automation/PromptDatabase/output_packaged/1.300.Level_10_Lightning_River_Splitter/thumbnail.png,,,,completed,2026-09-24T22:00:48.960966+00:00
275,45dd092d-be34-4b39-8c02-12a0dce19075,293,,Fen Gravity Reversal Engine,/home/azureuser/.openclaw/workspace/IROSCRIPT-CEO/social-media/youtube/Youtube Automation/PromptDatabase/output_packaged/1.293.Level_10_Fen_Gravity_Reversal_Engine/1.293.Level_10_Fen_Gravity_Reversal_Engine.mp4,1.293.Level_10_Fen_Gravity_Reversal_Engine.mp4,8.0,720,1280,24.0,10566317,mp4,h264,720x1280,/home/azureuser/.openclaw/workspace/IROSCRIPT-CEO/social-media/youtube/Youtube Automation/PromptDatabase/output_packaged/1.293.Level_10_Fen_Gravity_Reversal_Engine/thumbnail.png,,,,completed,2026-09-24T22:00:51.064087+00:00
276,2daa87e3-87ea-4f89-88c4-6e86d9b74ced,294,,Peatstorm Centrifuge,/home/azureuser/.openclaw/workspace/IROSCRIPT-CEO/social-media/youtube/Youtube Automation/PromptDatabase/output_packaged/1.294.Level_10_Peatstorm_Centrifuge/1.294.Level_10_Peatstorm_Centrifuge.mp4,1.294.Level_10_Peatstorm_Centrifuge.mp4,8.0,720,1280,24.0,8423078,mp4,h264,720x1280,/home/azureuser/.openclaw/workspace/IROSCRIPT-CEO/social-media/youtube/Youtube Automation/PromptDatabase/output_packaged/1.294.Level_10_Peatstorm_Centrifuge/thumbnail.png,,,,completed,2026-09-24T22:00:52.549335+00:00
277,7c4fd330-72ce-4688-990f-c0d5dea1e91f,296,,Stormheart Lightning Crucible,/home/azureuser/.openclaw/workspace/IROSCRIPT-CEO/social-media/youtube/Youtube Automation/PromptDatabase/output_packaged/1.296.Level_10_Stormheart_Lightning_Crucible/1.296.Level_10_Stormheart_Lightning_Crucible.mp4,1.296.Level_10_Stormheart_Lightning_Crucible.mp4,8.0,720,1280,24.0,8017027,mp4,h264,720x1280,/home/azureuser/.openclaw/workspace/IROSCRIPT-CEO/social-media/youtube/Youtube Automation/PromptDatabase/output_packaged/1.296.Level_10_Stormheart_Lightning_Crucible/thumbnail.png,,,,completed,2026-09-24T22:00:55.231288+00:00
278,a62c42c8-80db-42b6-b197-b1e5bf454157,292,,Blackwater Tectonic Loom,/home/azureuser/.openclaw/workspace/IROSCRIPT-CEO/social-media/youtube/Youtube Automation/PromptDatabase/output_packaged/1.292.Level_10_Blackwater_Tectonic_Loom/1.292.Level_10_Blackwater_Tectonic_Loom.mp4,1.292.Level_10_Blackwater_Tectonic_Loom.mp4,8.0,720,1280,24.0,9002867,mp4,h264,720x1280,/home/azureuser/.openclaw/workspace/IROSCRIPT-CEO/social-media/youtube/Youtube Automation/PromptDatabase/output_packaged/1.292.Level_10_Blackwater_Tectonic_Loom/thumbnail.png,,,,completed,2026-09-24T22:00:56.779180+00:00
279,594b9a74-36f5-4c16-bd0b-c1c551dfef2d,295,,Marsh Horizon Displacer,/home/azureuser/.openclaw/workspace/IROSCRIPT-CEO/social-media/youtube/Youtube Automation/PromptDatabase/output_packaged/1.295.Level_10_Marsh_Horizon_Displacer/1.295.Level_10_Marsh_Horizon_Displacer.mp4,1.295.Level_10_Marsh_Horizon_Displacer.mp4,8.0,720,1280,24.0,10231931,mp4,h264,720x1280,/home/azureuser/.openclaw/workspace/IROSCRIPT-CEO/social-media/youtube/Youtube Automation/PromptDatabase/output_packaged/1.295.Level_10_Marsh_Horizon_Displacer/thumbnail.png,,,,completed,2026-09-24T22:00:58.187735+00:00
280,df98ea1a-e723-4439-bf1b-6880f2d49688,299,,Skybolt Rail Catapult,/home/azureuser/.openclaw/workspace/IROSCRIPT-CEO/social-media/youtube/Youtube Automation/PromptDatabase/output_packaged/1.299.Level_10_Skybolt_Rail_Catapult/1.299.Level_10_Skybolt_Rail_Catapult.mp4,1.299.Level_10_Skybolt_Rail_Catapult.mp4,8.0,720,1280,24.0,6565996,mp4,h264,720x1280,/home/azureuser/.openclaw/workspace/IROSCRIPT-CEO/social-media/youtube/Youtube Automation/PromptDatabase/output_packaged/1.299.Level_10_Skybolt_Rail_Catapult/thumbnail.png,,,,completed,2026-09-24T22:00:59.524499+00:00
281,b928ca73-72f3-445b-b67c-de1eeb9f7111,274,,Rain Cloud Gearworks,/home/azureuser/.openclaw/workspace/IROSCRIPT-CEO/social-media/youtube/Youtube Automation/PromptDatabase/output_packaged/1.274.Level_10_Rain_Cloud_Gearworks/1.274.Level_10_Rain_Cloud_Gearworks.mp4,1.274.Level_10_Rain_Cloud_Gearworks.mp4,8.0,720,1280,24.0,7692250,mp4,h264,720x1280,/home/azureuser/.openclaw/workspace/IROSCRIPT-CEO/social-media/youtube/Youtube Automation/PromptDatabase/output_packaged/1.274.Level_10_Rain_Cloud_Gearworks/thumbnail.png,,,,completed,2026-09-24T22:01:01.478282+00:00
282,070fe3a0-f906-4853-93bf-f170348b0981,302,,Bolt-Fed Seismic Wheel,/home/azureuser/.openclaw/workspace/IROSCRIPT-CEO/social-media/youtube/Youtube Automation/PromptDatabase/output_packaged/1.302.Level_10_Bolt-Fed_Seismic_Wheel/1.302.Level_10_Bolt-Fed_Seismic_Wheel.mp4,1.302.Level_10_Bolt-Fed_Seismic_Wheel.mp4,8.0,720,1280,24.0,11453334,mp4,h264,720x1280,/home/azureuser/.openclaw/workspace/IROSCRIPT-CEO/social-media/youtube/Youtube Automation/PromptDatabase/output_packaged/1.302.Level_10_Bolt-Fed_Seismic_Wheel/thumbnail.png,,,,completed,2026-09-24T22:01:02.957577+00:00
283,7dd87dff-8ea9-4196-a25e-5dbdb6cc0627,303,,Aurora Lightning Loom,/home/azureuser/.openclaw/workspace/IROSCRIPT-CEO/social-media/youtube/Youtube Automation/PromptDatabase/output_packaged/1.303.Level_10_Aurora_Lightning_Loom/1.303.Level_10_Aurora_Lightning_Loom.mp4,1.303.Level_10_Aurora_Lightning_Loom.mp4,8.0,720,1280,24.0,12260514,mp4,h264,720x1280,/home/azureuser/.openclaw/workspace/IROSCRIPT-CEO/social-media/youtube/Youtube Automation/PromptDatabase/output_packaged/1.303.Level_10_Aurora_Lightning_Loom/thumbnail.png,,,,completed,2026-09-24T22:01:06.285456+00:00
284,dbbbbf63-2a26-432a-b344-c8e6ee493492,301,,Thunderhead Compression Engine,/home/azureuser/.openclaw/workspace/IROSCRIPT-CEO/social-media/youtube/Youtube Automation/PromptDatabase/output_packaged/1.301.Level_10_Thunderhead_Compression_Engine/1.301.Level_10_Thunderhead_Compression_Engine.mp4,1.301.Level_10_Thunderhead_Compression_Engine.mp4,8.0,720,1280,24.0,7961428,mp4,h264,720x1280,/home/azureuser/.openclaw/workspace/IROSCRIPT-CEO/social-media/youtube/Youtube Automation/PromptDatabase/output_packaged/1.301.Level_10_Thunderhead_Compression_Engine/thumbnail.png,,,,completed,2026-09-24T22:01:07.450492+00:00
285,a1f6c913-86b6-45b5-b18b-fc97a9eb1113,276,,Shell Tectonic Loom,/home/azureuser/.openclaw/workspace/IROSCRIPT-CEO/social-media/youtube/Youtube Automation/PromptDatabase/output_packaged/1.276.Level_10_Shell_Tectonic_Loom/1.276.Level_10_Shell_Tectonic_Loom.mp4,1.276.Level_10_Shell_Tectonic_Loom.mp4,8.0,720,1280,24.0,9850464,mp4,h264,720x1280,/home/azureuser/.openclaw/workspace/IROSCRIPT-CEO/social-media/youtube/Youtube Automation/PromptDatabase/output_packaged/1.276.Level_10_Shell_Tectonic_Loom/thumbnail.png,,,,completed,2026-09-24T22:01:08.366621+00:00
286,04bc3d47-28d4-4776-bdc8-043c1b427776,275,,Rainfall Tectonic Ram,/home/azureuser/.openclaw/workspace/IROSCRIPT-CEO/social-media/youtube/Youtube Automation/PromptDatabase/output_packaged/1.275.Level_10_Rainfall_Tectonic_Ram/1.275.Level_10_Rainfall_Tectonic_Ram.mp4,1.275.Level_10_Rainfall_Tectonic_Ram.mp4,8.0,720,1280,24.0,10226985,mp4,h264,720x1280,/home/azureuser/.openclaw/workspace/IROSCRIPT-CEO/social-media/youtube/Youtube Automation/PromptDatabase/output_packaged/1.275.Level_10_Rainfall_Tectonic_Ram/thumbnail.png,,,,completed,2026-09-24T22:01:20.657555+00:00
287,b2082d9a-810a-4dcb-b131-af2357819155,277,,Shell Spiral Bore,/home/azureuser/.openclaw/workspace/IROSCRIPT-CEO/social-media/youtube/Youtube Automation/PromptDatabase/output_packaged/1.277.Level_10_Shell_Spiral_Bore/1.277.Level_10_Shell_Spiral_Bore.mp4,1.277.Level_10_Shell_Spiral_Bore.mp4,8.0,720,1280,24.0,9993384,mp4,h264,720x1280,/home/azureuser/.openclaw/workspace/IROSCRIPT-CEO/social-media/youtube/Youtube Automation/PromptDatabase/output_packaged/1.277.Level_10_Shell_Spiral_Bore/thumbnail.png,,,,completed,2026-09-24T22:01:35.309671+00:00
288,5dfe9ce5-abd9-477c-ba58-a0e76f49dae7,278,,Shell Tide Ram,/home/azureuser/.openclaw/workspace/IROSCRIPT-CEO/social-media/youtube/Youtube Automation/PromptDatabase/output_packaged/1.278.Level_10_Shell_Tide_Ram/1.278.Level_10_Shell_Tide_Ram.mp4,1.278.Level_10_Shell_Tide_Ram.mp4,8.0,720,1280,24.0,6681278,mp4,h264,720x1280,/home/azureuser/.openclaw/workspace/IROSCRIPT-CEO/social-media/youtube/Youtube Automation/PromptDatabase/output_packaged/1.278.Level_10_Shell_Tide_Ram/thumbnail.png,,,,completed,2026-09-24T22:01:53.057144+00:00
289,c2ca7232-4c5c-40d0-ab39-5967feba37da,304,,Tempest Propulsion Spine,/home/azureuser/.openclaw/workspace/IROSCRIPT-CEO/social-media/youtube/Youtube Automation/PromptDatabase/output_packaged/1.304.Level_10_Tempest_Propulsion_Spine/1.304.Level_10_Tempest_Propulsion_Spine.mp4,1.304.Level_10_Tempest_Propulsion_Spine.mp4,8.0,720,1280,24.0,9570561,mp4,h264,720x1280,/home/azureuser/.openclaw/workspace/IROSCRIPT-CEO/social-media/youtube/Youtube Automation/PromptDatabase/output_packaged/1.304.Level_10_Tempest_Propulsion_Spine/thumbnail.png,,,,completed,2026-09-24T22:01:57.179927+00:00
290,dbe45d6e-2f4b-42d8-a82e-a032617d87af,279,,Shell Molt Harvester,/home/azureuser/.openclaw/workspace/IROSCRIPT-CEO/social-media/youtube/Youtube Automation/PromptDatabase/output_packaged/1.279.Level_10_Shell_Molt_Harvester/1.279.Level_10_Shell_Molt_Harvester.mp4,1.279.Level_10_Shell_Molt_Harvester.mp4,8.0,720,1280,24.0,8260770,mp4,h264,720x1280,/home/azureuser/.openclaw/workspace/IROSCRIPT-CEO/social-media/youtube/Youtube Automation/PromptDatabase/output_packaged/1.279.Level_10_Shell_Molt_Harvester/thumbnail.png,,,,completed,2026-09-24T22:02:03.769812+00:00
291,8122f6f3-b6c3-4b72-96c9-3adb8f612e80,305,,Lightning Skyhook Engine,/home/azureuser/.openclaw/workspace/IROSCRIPT-CEO/social-media/youtube/Youtube Automation/PromptDatabase/output_packaged/1.305.Level_10_Lightning_Skyhook_Engine/1.305.Level_10_Lightning_Skyhook_Engine.mp4,1.305.Level_10_Lightning_Skyhook_Engine.mp4,8.0,720,1280,24.0,6804766,mp4,h264,720x1280,/home/azureuser/.openclaw/workspace/IROSCRIPT-CEO/social-media/youtube/Youtube Automation/PromptDatabase/output_packaged/1.305.Level_10_Lightning_Skyhook_Engine/thumbnail.png,,,,completed,2026-09-24T22:02:04.516690+00:00
292,d17caf58-06c7-4ce3-9e56-2c7177e175e5,280,,Shell Lightning Capacitor,/home/azureuser/.openclaw/workspace/IROSCRIPT-CEO/social-media/youtube/Youtube Automation/PromptDatabase/output_packaged/1.280.Level_10_Shell_Lightning_Capacitor/1.280.Level_10_Shell_Lightning_Capacitor.mp4,1.280.Level_10_Shell_Lightning_Capacitor.mp4,8.0,720,1280,24.0,13027657,mp4,h264,720x1280,/home/azureuser/.openclaw/workspace/IROSCRIPT-CEO/social-media/youtube/Youtube Automation/PromptDatabase/output_packaged/1.280.Level_10_Shell_Lightning_Capacitor/thumbnail.png,,,,completed,2026-09-24T22:02:04.583387+00:00
293,a5306ab6-6f69-4fd5-b718-f5e6d8e7ed5d,313,,Feather Forest Seeder,/home/azureuser/.openclaw/workspace/IROSCRIPT-CEO/social-media/youtube/Youtube Automation/PromptDatabase/output_packaged/1.313.Level_10_Feather_Forest_Seeder/1.313.Level_10_Feather_Forest_Seeder.mp4,1.313.Level_10_Feather_Forest_Seeder.mp4,8.0,720,1280,24.0,12960269,mp4,h264,720x1280,/home/azureuser/.openclaw/workspace/IROSCRIPT-CEO/social-media/youtube/Youtube Automation/PromptDatabase/output_packaged/1.313.Level_10_Feather_Forest_Seeder/thumbnail.png,,,,completed,2026-09-24T22:02:06.174822+00:00
294,1fb908ea-0248-4787-9410-aefa37ce08d4,306,,Feather Tectonic Loom,/home/azureuser/.openclaw/workspace/IROSCRIPT-CEO/social-media/youtube/Youtube Automation/PromptDatabase/output_packaged/1.306.Level_10_Feather_Tectonic_Loom/1.306.Level_10_Feather_Tectonic_Loom.mp4,1.306.Level_10_Feather_Tectonic_Loom.mp4,8.0,720,1280,24.0,9538234,mp4,h264,720x1280,/home/azureuser/.openclaw/workspace/IROSCRIPT-CEO/social-media/youtube/Youtube Automation/PromptDatabase/output_packaged/1.306.Level_10_Feather_Tectonic_Loom/thumbnail.png,,,,completed,2026-09-24T22:02:07.248240+00:00
295,bc247584-5db3-4834-9511-f64d5db33a88,307,,Feather Storm Engine,/home/azureuser/.openclaw/workspace/IROSCRIPT-CEO/social-media/youtube/Youtube Automation/PromptDatabase/output_packaged/1.307.Level_10_Feather_Storm_Engine/1.307.Level_10_Feather_Storm_Engine.mp4,1.307.Level_10_Feather_Storm_Engine.mp4,8.0,720,1280,24.0,10005193,mp4,h264,720x1280,/home/azureuser/.openclaw/workspace/IROSCRIPT-CEO/social-media/youtube/Youtube Automation/PromptDatabase/output_packaged/1.307.Level_10_Feather_Storm_Engine/thumbnail.png,,,,completed,2026-09-24T22:02:09.641980+00:00
296,74319970-2e6a-4994-a513-27a5409ba06c,308,,Feather River Splitter,/home/azureuser/.openclaw/workspace/IROSCRIPT-CEO/social-media/youtube/Youtube Automation/PromptDatabase/output_packaged/1.308.Level_10_Feather_River_Splitter/1.308.Level_10_Feather_River_Splitter.mp4,1.308.Level_10_Feather_River_Splitter.mp4,8.0,720,1280,24.0,8286339,mp4,h264,720x1280,/home/azureuser/.openclaw/workspace/IROSCRIPT-CEO/social-media/youtube/Youtube Automation/PromptDatabase/output_packaged/1.308.Level_10_Feather_River_Splitter/thumbnail.png,,,,completed,2026-09-24T22:02:10.800065+00:00
297,fa830186-0563-42ef-a048-6ad57f96e933,309,,Feather Mountain Harvester,/home/azureuser/.openclaw/workspace/IROSCRIPT-CEO/social-media/youtube/Youtube Automation/PromptDatabase/output_packaged/1.309.Level_10_Feather_Mountain_Harvester/1.309.Level_10_Feather_Mountain_Harvester.mp4,1.309.Level_10_Feather_Mountain_Harvester.mp4,8.0,720,1280,24.0,8503820,mp4,h264,720x1280,/home/azureuser/.openclaw/workspace/IROSCRIPT-CEO/social-media/youtube/Youtube Automation/PromptDatabase/output_packaged/1.309.Level_10_Feather_Mountain_Harvester/thumbnail.png,,,,completed,2026-09-24T22:02:13.502264+00:00
298,f7e470c8-cb88-4f98-8841-43d6469757c2,310,,Feather Eclipse Rotor,/home/azureuser/.openclaw/workspace/IROSCRIPT-CEO/social-media/youtube/Youtube Automation/PromptDatabase/output_packaged/1.310.Level_10_Feather_Eclipse_Rotor/1.310.Level_10_Feather_Eclipse_Rotor.mp4,1.310.Level_10_Feather_Eclipse_Rotor.mp4,8.0,720,1280,24.0,9066913,mp4,h264,720x1280,/home/azureuser/.openclaw/workspace/IROSCRIPT-CEO/social-media/youtube/Youtube Automation/PromptDatabase/output_packaged/1.310.Level_10_Feather_Eclipse_Rotor/thumbnail.png,,,,completed,2026-09-24T22:02:15.364618+00:00
299,889f0c1c-94df-4b44-8a73-a097ffaaea3b,311,,Feather Ocean Propeller,/home/azureuser/.openclaw/workspace/IROSCRIPT-CEO/social-media/youtube/Youtube Automation/PromptDatabase/output_packaged/1.311.Level_10_Feather_Ocean_Propeller/1.311.Level_10_Feather_Ocean_Propeller.mp4,1.311.Level_10_Feather_Ocean_Propeller.mp4,8.0,720,1280,24.0,11132468,mp4,h264,720x1280,/home/azureuser/.openclaw/workspace/IROSCRIPT-CEO/social-media/youtube/Youtube Automation/PromptDatabase/output_packaged/1.311.Level_10_Feather_Ocean_Propeller/thumbnail.png,,,,completed,2026-09-24T22:02:16.816737+00:00
300,4a50bb92-6012-43fa-9539-9c251c28b0a7,312,,Feather Glacier Shaper,/home/azureuser/.openclaw/workspace/IROSCRIPT-CEO/social-media/youtube/Youtube Automation/PromptDatabase/output_packaged/1.312.Level_10_Feather_Glacier_Shaper/1.312.Level_10_Feather_Glacier_Shaper.mp4,1.312.Level_10_Feather_Glacier_Shaper.mp4,8.0,720,1280,24.0,11721474,mp4,h264,720x1280,/home/azureuser/.openclaw/workspace/IROSCRIPT-CEO/social-media/youtube/Youtube Automation/PromptDatabase/output_packaged/1.312.Level_10_Feather_Glacier_Shaper/thumbnail.png,,,,completed,2026-09-24T22:02:17.753088+00:00
301,f197d88f-0fc1-4fb5-82b3-7b9e224aa627,314,,Feather Gravity Loom,/home/azureuser/.openclaw/workspace/IROSCRIPT-CEO/social-media/youtube/Youtube Automation/PromptDatabase/output_packaged/1.314.Level_10_Feather_Gravity_Loom/1.314.Level_10_Feather_Gravity_Loom.mp4,1.314.Level_10_Feather_Gravity_Loom.mp4,8.0,720,1280,24.0,9986880,mp4,h264,720x1280,/home/azureuser/.openclaw/workspace/IROSCRIPT-CEO/social-media/youtube/Youtube Automation/PromptDatabase/output_packaged/1.314.Level_10_Feather_Gravity_Loom/thumbnail.png,,,,completed,2026-09-24T22:02:24.667910+00:00
302,6d5cdfd5-420c-40b1-90b8-38fb0ac1ec23,315,,Feather Planetary Pulse,/home/azureuser/.openclaw/workspace/IROSCRIPT-CEO/social-media/youtube/Youtube Automation/PromptDatabase/output_packaged/1.315.Level_10_Feather_Planetary_Pulse/1.315.Level_10_Feather_Planetary_Pulse.mp4,1.315.Level_10_Feather_Planetary_Pulse.mp4,8.0,720,1280,24.0,11254711,mp4,h264,720x1280,/home/azureuser/.openclaw/workspace/IROSCRIPT-CEO/social-media/youtube/Youtube Automation/PromptDatabase/output_packaged/1.315.Level_10_Feather_Planetary_Pulse/thumbnail.png,,,,completed,2026-09-24T22:02:26.152902+00:00
303,9176cca6-4265-4224-9c99-11c3afa77d40,316,,Lithic Tidewheel,/home/azureuser/.openclaw/workspace/IROSCRIPT-CEO/social-media/youtube/Youtube Automation/PromptDatabase/output_packaged/1.316.Level_10_Lithic_Tidewheel/1.316.Level_10_Lithic_Tidewheel.mp4,1.316.Level_10_Lithic_Tidewheel.mp4,8.0,720,1280,24.0,11786988,mp4,h264,720x1280,/home/azureuser/.openclaw/workspace/IROSCRIPT-CEO/social-media/youtube/Youtube Automation/PromptDatabase/output_packaged/1.316.Level_10_Lithic_Tidewheel/thumbnail.png,,,,completed,2026-09-24T22:03:00.240084+00:00
304,a3046377-ff8f-4f71-8ca7-6a43c5fbf92e,319,,Granite Wave Engine,/home/azureuser/.openclaw/workspace/IROSCRIPT-CEO/social-media/youtube/Youtube Automation/PromptDatabase/output_packaged/1.319.Level_10_Granite_Wave_Engine/1.319.Level_10_Granite_Wave_Engine.mp4,1.319.Level_10_Granite_Wave_Engine.mp4,8.0,720,1280,24.0,11302066,mp4,h264,720x1280,/home/azureuser/.openclaw/workspace/IROSCRIPT-CEO/social-media/youtube/Youtube Automation/PromptDatabase/output_packaged/1.319.Level_10_Granite_Wave_Engine/thumbnail.png,,,,completed,2026-09-24T22:03:10.840157+00:00
305,4853b093-97ab-4d73-b281-131036e7e9d7,325,,Obsidian Horizon Screw,/home/azureuser/.openclaw/workspace/IROSCRIPT-CEO/social-media/youtube/Youtube Automation/PromptDatabase/output_packaged/1.325.Level_10_Obsidian_Horizon_Screw/1.325.Level_10_Obsidian_Horizon_Screw.mp4,1.325.Level_10_Obsidian_Horizon_Screw.mp4,8.0,720,1280,24.0,9927085,mp4,h264,720x1280,/home/azureuser/.openclaw/workspace/IROSCRIPT-CEO/social-media/youtube/Youtube Automation/PromptDatabase/output_packaged/1.325.Level_10_Obsidian_Horizon_Screw/thumbnail.png,,,,completed,2026-09-24T22:03:21.322636+00:00
306,84d02432-ad53-4bc6-b5cc-cf635f5e2005,317,,Strata Harrow,/home/azureuser/.openclaw/workspace/IROSCRIPT-CEO/social-media/youtube/Youtube Automation/PromptDatabase/output_packaged/1.317.Level_10_Strata_Harrow/1.317.Level_10_Strata_Harrow.mp4,1.317.Level_10_Strata_Harrow.mp4,8.0,720,1280,24.0,8899374,mp4,h264,720x1280,/home/azureuser/.openclaw/workspace/IROSCRIPT-CEO/social-media/youtube/Youtube Automation/PromptDatabase/output_packaged/1.317.Level_10_Strata_Harrow/thumbnail.png,,,,completed,2026-09-24T22:03:22.889426+00:00
307,bc2a4bef-2f95-46c3-b608-b7a13102776f,318,,Boulder Gyroscope,/home/azureuser/.openclaw/workspace/IROSCRIPT-CEO/social-media/youtube/Youtube Automation/PromptDatabase/output_packaged/1.318.Level_10_Boulder_Gyroscope/1.318.Level_10_Boulder_Gyroscope.mp4,1.318.Level_10_Boulder_Gyroscope.mp4,8.0,720,1280,24.0,10121182,mp4,h264,720x1280,/home/azureuser/.openclaw/workspace/IROSCRIPT-CEO/social-media/youtube/Youtube Automation/PromptDatabase/output_packaged/1.318.Level_10_Boulder_Gyroscope/thumbnail.png,,,,completed,2026-09-24T22:03:24.582640+00:00
308,bb18f8cc-29b2-44c8-8679-7539b9dd2fff,320,,Crag Spiral Reformer,/home/azureuser/.openclaw/workspace/IROSCRIPT-CEO/social-media/youtube/Youtube Automation/PromptDatabase/output_packaged/1.320.Level_10_Crag_Spiral_Reformer/1.320.Level_10_Crag_Spiral_Reformer.mp4,1.320.Level_10_Crag_Spiral_Reformer.mp4,8.0,720,1280,24.0,11314988,mp4,h264,720x1280,/home/azureuser/.openclaw/workspace/IROSCRIPT-CEO/social-media/youtube/Youtube Automation/PromptDatabase/output_packaged/1.320.Level_10_Crag_Spiral_Reformer/thumbnail.png,,,,completed,2026-09-24T22:03:28.298994+00:00
309,4cb60e9d-8043-4910-b99b-807372dc2972,321,,Stonequake Ram,/home/azureuser/.openclaw/workspace/IROSCRIPT-CEO/social-media/youtube/Youtube Automation/PromptDatabase/output_packaged/1.321.Level_10_Stonequake_Ram/1.321.Level_10_Stonequake_Ram.mp4,1.321.Level_10_Stonequake_Ram.mp4,8.0,720,1280,24.0,10015277,mp4,h264,720x1280,/home/azureuser/.openclaw/workspace/IROSCRIPT-CEO/social-media/youtube/Youtube Automation/PromptDatabase/output_packaged/1.321.Level_10_Stonequake_Ram/thumbnail.png,,,,completed,2026-09-24T22:03:29.520178+00:00
310,5c766057-de49-4a8b-9f42-048d3abb4910,322,,Lithosphere Mill,/home/azureuser/.openclaw/workspace/IROSCRIPT-CEO/social-media/youtube/Youtube Automation/PromptDatabase/output_packaged/1.322.Level_10_Lithosphere_Mill/1.322.Level_10_Lithosphere_Mill.mp4,1.322.Level_10_Lithosphere_Mill.mp4,8.0,720,1280,24.0,11619132,mp4,h264,720x1280,/home/azureuser/.openclaw/workspace/IROSCRIPT-CEO/social-media/youtube/Youtube Automation/PromptDatabase/output_packaged/1.322.Level_10_Lithosphere_Mill/thumbnail.png,,,,completed,2026-09-24T22:03:31.909447+00:00
311,08170c52-7b98-4cc5-b3a3-712c4a852fd8,323,,Monolith Catapult Array,/home/azureuser/.openclaw/workspace/IROSCRIPT-CEO/social-media/youtube/Youtube Automation/PromptDatabase/output_packaged/1.323.Level_10_Monolith_Catapult_Array/1.323.Level_10_Monolith_Catapult_Array.mp4,1.323.Level_10_Monolith_Catapult_Array.mp4,8.0,720,1280,24.0,9341941,mp4,h264,720x1280,/home/azureuser/.openclaw/workspace/IROSCRIPT-CEO/social-media/youtube/Youtube Automation/PromptDatabase/output_packaged/1.323.Level_10_Monolith_Catapult_Array/thumbnail.png,,,,completed,2026-09-24T22:03:33.978408+00:00
312,50c631c0-7eaa-4435-8bda-304b0f21b885,324,,Rockfield Tectonic Loom,/home/azureuser/.openclaw/workspace/IROSCRIPT-CEO/social-media/youtube/Youtube Automation/PromptDatabase/output_packaged/1.324.Level_10_Rockfield_Tectonic_Loom/1.324.Level_10_Rockfield_Tectonic_Loom.mp4,1.324.Level_10_Rockfield_Tectonic_Loom.mp4,8.0,720,1280,24.0,10592930,mp4,h264,720x1280,/home/azureuser/.openclaw/workspace/IROSCRIPT-CEO/social-media/youtube/Youtube Automation/PromptDatabase/output_packaged/1.324.Level_10_Rockfield_Tectonic_Loom/thumbnail.png,,,,completed,2026-09-24T22:03:36.731045+00:00
313,107dd08b-eeea-47ba-909f-e6a7ae7dec76,326,,Inferno Tidal Hammer,/home/azureuser/.openclaw/workspace/IROSCRIPT-CEO/social-media/youtube/Youtube Automation/PromptDatabase/output_packaged/1.326.Level_10_Inferno_Tidal_Hammer/1.326.Level_10_Inferno_Tidal_Hammer.mp4,1.326.Level_10_Inferno_Tidal_Hammer.mp4,8.0,720,1280,24.0,8110858,mp4,h264,720x1280,/home/azureuser/.openclaw/workspace/IROSCRIPT-CEO/social-media/youtube/Youtube Automation/PromptDatabase/output_packaged/1.326.Level_10_Inferno_Tidal_Hammer/thumbnail.png,,,,completed,2026-09-24T22:03:43.059009+00:00
314,bc8bea26-4809-4c7d-a899-d97243fc2809,327,,Solar-Flare Crucible,/home/azureuser/.openclaw/workspace/IROSCRIPT-CEO/social-media/youtube/Youtube Automation/PromptDatabase/output_packaged/1.327.Level_10_Solar-Flare_Crucible/1.327.Level_10_Solar-Flare_Crucible.mp4,1.327.Level_10_Solar-Flare_Crucible.mp4,8.0,720,1280,24.0,7635931,mp4,h264,720x1280,/home/azureuser/.openclaw/workspace/IROSCRIPT-CEO/social-media/youtube/Youtube Automation/PromptDatabase/output_packaged/1.327.Level_10_Solar-Flare_Crucible/thumbnail.png,,,,completed,2026-09-24T22:03:44.685407+00:00
315,81087aa4-383d-4418-a18e-0c2528f92931,328,,Pyroclastic Gyro,/home/azureuser/.openclaw/workspace/IROSCRIPT-CEO/social-media/youtube/Youtube Automation/PromptDatabase/output_packaged/1.328.Level_10_Pyroclastic_Gyro/1.328.Level_10_Pyroclastic_Gyro.mp4,1.328.Level_10_Pyroclastic_Gyro.mp4,8.0,720,1280,24.0,9288708,mp4,h264,720x1280,/home/azureuser/.openclaw/workspace/IROSCRIPT-CEO/social-media/youtube/Youtube Automation/PromptDatabase/output_packaged/1.328.Level_10_Pyroclastic_Gyro/thumbnail.png,,,,completed,2026-09-24T22:04:05.127274+00:00
316,5d8fbb93-6bf3-488d-9866-2ea916875b8d,329,,Firestorm Bore,/home/azureuser/.openclaw/workspace/IROSCRIPT-CEO/social-media/youtube/Youtube Automation/PromptDatabase/output_packaged/1.329.Level_10_Firestorm_Bore/1.329.Level_10_Firestorm_Bore.mp4,1.329.Level_10_Firestorm_Bore.mp4,8.0,720,1280,24.0,9361695,mp4,h264,720x1280,/home/azureuser/.openclaw/workspace/IROSCRIPT-CEO/social-media/youtube/Youtube Automation/PromptDatabase/output_packaged/1.329.Level_10_Firestorm_Bore/thumbnail.png,,,,completed,2026-09-24T22:04:29.319203+00:00
317,1ad7bc0a-cb3c-413e-a08d-4d31bf3ec381,334,,Ash Vortex Engine,/home/azureuser/.openclaw/workspace/IROSCRIPT-CEO/social-media/youtube/Youtube Automation/PromptDatabase/output_packaged/1.334.Level_10_Ash_Vortex_Engine/1.334.Level_10_Ash_Vortex_Engine.mp4,1.334.Level_10_Ash_Vortex_Engine.mp4,8.0,720,1280,24.0,7072794,mp4,h264,720x1280,/home/azureuser/.openclaw/workspace/IROSCRIPT-CEO/social-media/youtube/Youtube Automation/PromptDatabase/output_packaged/1.334.Level_10_Ash_Vortex_Engine/thumbnail.png,,,,completed,2026-09-24T22:04:32.859018+00:00
318,5f7be75d-f6ef-4dd8-acc5-7feb4d8ea952,347,,Orographic Snake Flail,/home/azureuser/.openclaw/workspace/IROSCRIPT-CEO/social-media/youtube/Youtube Automation/PromptDatabase/output_packaged/1.347.Level_10_Orographic_Snake_Flail/1.347.Level_10_Orographic_Snake_Flail.mp4,1.347.Level_10_Orographic_Snake_Flail.mp4,8.0,720,1280,24.0,8706706,mp4,h264,720x1280,/home/azureuser/.openclaw/workspace/IROSCRIPT-CEO/social-media/youtube/Youtube Automation/PromptDatabase/output_packaged/1.347.Level_10_Orographic_Snake_Flail/thumbnail.png,,,,completed,2026-09-24T22:04:36.994848+00:00
319,ba33c56f-49b3-440b-862b-ce9388841d1b,330,,Blazing Mass Driver,/home/azureuser/.openclaw/workspace/IROSCRIPT-CEO/social-media/youtube/Youtube Automation/PromptDatabase/output_packaged/1.330.Level_10_Blazing_Mass_Driver/1.330.Level_10_Blazing_Mass_Driver.mp4,1.330.Level_10_Blazing_Mass_Driver.mp4,8.0,720,1280,24.0,8857729,mp4,h264,720x1280,/home/azureuser/.openclaw/workspace/IROSCRIPT-CEO/social-media/youtube/Youtube Automation/PromptDatabase/output_packaged/1.330.Level_10_Blazing_Mass_Driver/thumbnail.png,,,,completed,2026-09-24T22:04:39.652482+00:00
320,930b3c02-3201-4263-b6b4-70a543f4bd98,331,,Magma Reversal Engine,/home/azureuser/.openclaw/workspace/IROSCRIPT-CEO/social-media/youtube/Youtube Automation/PromptDatabase/output_packaged/1.331.Level_10_Magma_Reversal_Engine/1.331.Level_10_Magma_Reversal_Engine.mp4,1.331.Level_10_Magma_Reversal_Engine.mp4,8.0,720,1280,24.0,9136707,mp4,h264,720x1280,/home/azureuser/.openclaw/workspace/IROSCRIPT-CEO/social-media/youtube/Youtube Automation/PromptDatabase/output_packaged/1.331.Level_10_Magma_Reversal_Engine/thumbnail.png,,,,completed,2026-09-24T22:04:41.583826+00:00
321,e2c9ac08-320f-466c-96aa-7a9a7ee4c883,332,,Flame Cyclotron,/home/azureuser/.openclaw/workspace/IROSCRIPT-CEO/social-media/youtube/Youtube Automation/PromptDatabase/output_packaged/1.332.Level_10_Flame_Cyclotron/1.332.Level_10_Flame_Cyclotron.mp4,1.332.Level_10_Flame_Cyclotron.mp4,8.0,720,1280,24.0,9760533,mp4,h264,720x1280,/home/azureuser/.openclaw/workspace/IROSCRIPT-CEO/social-media/youtube/Youtube Automation/PromptDatabase/output_packaged/1.332.Level_10_Flame_Cyclotron/thumbnail.png,,,,completed,2026-09-24T22:04:42.610405+00:00
322,d5588962-8680-454a-84b8-053fa1db5e03,333,,Thermal Tectonic Jack,/home/azureuser/.openclaw/workspace/IROSCRIPT-CEO/social-media/youtube/Youtube Automation/PromptDatabase/output_packaged/1.333.Level_10_Thermal_Tectonic_Jack/1.333.Level_10_Thermal_Tectonic_Jack.mp4,1.333.Level_10_Thermal_Tectonic_Jack.mp4,8.0,720,1280,24.0,9784508,mp4,h264,720x1280,/home/azureuser/.openclaw/workspace/IROSCRIPT-CEO/social-media/youtube/Youtube Automation/PromptDatabase/output_packaged/1.333.Level_10_Thermal_Tectonic_Jack/thumbnail.png,,,,completed,2026-09-24T22:04:46.607477+00:00
323,b0fd8beb-95da-48c9-9338-cd1b6e390db9,335,,Phoenix Reentry Forge,/home/azureuser/.openclaw/workspace/IROSCRIPT-CEO/social-media/youtube/Youtube Automation/PromptDatabase/output_packaged/1.335.Level_10_Phoenix_Reentry_Forge/1.335.Level_10_Phoenix_Reentry_Forge.mp4,1.335.Level_10_Phoenix_Reentry_Forge.mp4,8.0,720,1280,24.0,8532697,mp4,h264,720x1280,/home/azureuser/.openclaw/workspace/IROSCRIPT-CEO/social-media/youtube/Youtube Automation/PromptDatabase/output_packaged/1.335.Level_10_Phoenix_Reentry_Forge/thumbnail.png,,,,completed,2026-09-24T22:04:50.588385+00:00
324,ce6b2024-69e3-443f-b725-25e87ef382cf,348,,Atmospheric Coil Launcher,/home/azureuser/.openclaw/workspace/IROSCRIPT-CEO/social-media/youtube/Youtube Automation/PromptDatabase/output_packaged/1.348.Level_10_Atmospheric_Coil_Launcher/1.348.Level_10_Atmospheric_Coil_Launcher.mp4,1.348.Level_10_Atmospheric_Coil_Launcher.mp4,8.0,720,1280,24.0,8797615,mp4,h264,720x1280,/home/azureuser/.openclaw/workspace/IROSCRIPT-CEO/social-media/youtube/Youtube Automation/PromptDatabase/output_packaged/1.348.Level_10_Atmospheric_Coil_Launcher/thumbnail.png,,,,completed,2026-09-24T22:04:54.880078+00:00
325,286cd3f7-a800-45ab-b757-1c2beeb32783,350,,Snake Hydrodynamic Ram,/home/azureuser/.openclaw/workspace/IROSCRIPT-CEO/social-media/youtube/Youtube Automation/PromptDatabase/output_packaged/1.350.Level_10_Snake_Hydrodynamic_Ram/1.350.Level_10_Snake_Hydrodynamic_Ram.mp4,1.350.Level_10_Snake_Hydrodynamic_Ram.mp4,8.0,720,1280,24.0,1277952,mp4,h264,720x1280,,,,,completed,2026-09-24T22:05:03.005873+00:00
326,2c0bc2fa-a893-4a22-922b-27cb6a7be57d,351,,Molten Serpent Forge,/home/azureuser/.openclaw/workspace/IROSCRIPT-CEO/social-media/youtube/Youtube Automation/PromptDatabase/output_packaged/1.351.Level_10_Molten_Serpent_Forge/1.351.Level_10_Molten_Serpent_Forge.mp4,1.351.Level_10_Molten_Serpent_Forge.mp4,8.0,720,1280,24.0,7994871,mp4,h264,720x1280,/home/azureuser/.openclaw/workspace/IROSCRIPT-CEO/social-media/youtube/Youtube Automation/PromptDatabase/output_packaged/1.351.Level_10_Molten_Serpent_Forge/thumbnail.png,,,,completed,2026-09-24T22:05:08.302373+00:00
327,e52f328a-71da-4706-b057-cb1e5530518d,349,,Continental Burrower,/home/azureuser/.openclaw/workspace/IROSCRIPT-CEO/social-media/youtube/Youtube Automation/PromptDatabase/output_packaged/1.349.Level_10_Continental_Burrower/1.349.Level_10_Continental_Burrower.mp4,1.349.Level_10_Continental_Burrower.mp4,8.0,720,1280,24.0,10145939,mp4,h264,720x1280,/home/azureuser/.openclaw/workspace/IROSCRIPT-CEO/social-media/youtube/Youtube Automation/PromptDatabase/output_packaged/1.349.Level_10_Continental_Burrower/thumbnail.png,,,,completed,2026-09-24T22:05:16.402288+00:00
