id,uuid,title,short_title,raw_idea,refined_idea,description,category,subcategory,topic,niche,content_type,format,target_audience,language,status,priority,source,source_reference,parent_idea_id,root_idea_id,version,idea_hash,created_at,updated_at,scheduled_for,generated_at,published_at,archived_at,is_deleted,category_id
1,3f1f4169-6d85-44d0-8ba2-ee7f22f2b814,Rice Titan Harvester,Rice Titan Harvester,"The Rice Titan Harvester is a skyscraper-sized agricultural walker, its primary chassis rising like a steel mountain above the flooded paddies. A triangulated exoskeleton of ceramic armor, carbon lattice beams, and superconducting tendons supports six colossal articulated legs, each ending in a broad pressure-distributing foot that can hover millimeters above the mud through quantum gravity manipulation. Rather than crushing the fields, the machine shifts its weight through localized magnetic suspension fields, allowing each foot to skim across embankments and designated load corridors. Along its flanks, dozens of telescoping harvesting arms descend into the crop canopy. Each arm terminates in a flexible comb, rotary sickle, and panicle-gripping manipulator that separates ripe rice heads from stalks while adaptive sensors continuously map plant density, water depth, and soil resistance.

Harvesting proceeds as a continuous industrial choreography. Forward arms gather mature panicles, while rear manipulators recover fallen grain and redirect loose material into pneumatic intake channels. Stalks and straw are diverted toward compression galleries for later conversion into biomass fuel, construction fiber, or field mulch. Inside the Titan's enormous belly, multiple factory decks form a vertical agricultural refinery. Upper galleries receive freshly harvested paddy; vibrating conveyors distribute it into cyclone separation cylinders that remove chaff and dust. Lower decks contain husk separators, polishing mills, moisture-control chambers, and immense drying tunnels where thermal gradients reduce grain moisture without cooking it. Autonomous storage vaults beneath the processing core hold millions of tonnes of stabilized rice, while loading ports periodically disgorge sealed grain containers into ground convoys.

Energy comes from fusion turbines buried inside the hip housings, feeding blue-white plasma conduits that run through the skeleton like artificial arteries. Magnetic suspension generators stabilize the machine against soft ground, while quantum-gravity projectors redistribute effective mass during each step. Waste heat rises through armored thermal exhaust towers, producing shimmering atmospheric columns above the machine.

From a village, the Titan resembles a moving skyscraper or walking mountain. Its legs disappear into monsoon mist, while harvesting arms sweep through fields like cranes over a green sea. Clouds form around its heated upper surfaces, rain cascades from armor plates, and distant thunder competes with the rhythmic mechanical pulse of a machine capable of harvesting an entire agricultural horizon in a single march.",,"The Rice Titan Harvester is a skyscraper-sized agricultural walker, its primary chassis rising like a steel mountain above the flooded paddies. A triangulated exoskeleton of ceramic armor, carbon lattice beams, and superconducting tendons supports six colossal articulated legs, each ending in a broad pressure-distributing foot that can hover millimeters above the mud through quantum gravity manipulation. Rather than crushing the fields, the machine shifts its weight through localized magnetic suspension fields, allowing each foot to skim across embankments and designated load corridors. Along its flanks, dozens of telescoping harvesting arms descend into the crop canopy. Each arm terminates in a flexible comb, rotary sickle, and panicle-gripping manipulator that separates ripe rice heads from stalks while adaptive sensors continuously map plant density, water depth, and soil resistance.

Harvesting proceeds as a continuous industrial choreography. Forward arms gather mature panicles, while rear manipulators recover fallen grain and redirect loose material into pneumatic intake channels. Stalks and straw are diverted toward compression galleries for later conversion into biomass fuel, construction fiber, or field mulch. Inside the Titan's enormous belly, multiple factory decks form a vertical agricultural refinery. Upper galleries receive freshly harvested paddy; vibrating conveyors distribute it into cyclone separation cylinders that remove chaff and dust. Lower decks contain husk separators, polishing mills, moisture-control chambers, and immense drying tunnels where thermal gradients reduce grain moisture without cooking it. Autonomous storage vaults beneath the processing core hold millions of tonnes of stabilized rice, while loading ports periodically disgorge sealed grain containers into ground convoys.

Energy comes from fusion turbines buried inside the hip housings, feeding blue-white plasma conduits that run through the skeleton like artificial arteries. Magnetic suspension generators stabilize the machine against soft ground, while quantum-gravity projectors redistribute effective mass during each step. Waste heat rises through armored thermal exhaust towers, producing shimmering atmospheric columns above the machine.

From a village, the Titan resembles a moving skyscraper or walking mountain. Its legs disappear into monsoon mist, while harvesting arms sweep through fields like cranes over a green sea. Clouds form around its heated upper surfaces, rain cascades from armor plates, and distant thunder competes with the rhythmic mechanical pulse of a machine capable of harvesting an entire agricultural horizon in a single march.",Impossible Giant Machine,,Paddy Harvesting,Titan Megastructures,,,,en,ready_for_upload,1,,,,,1,,2026-08-11 15:45:12.760052,2026-08-11 15:45:12.760052,,2026-08-18 07:33:42.701059,,,0,1
2,e9071084-3625-4483-94af-422835090a3a,The Paddy Ocean Vacuum,The Paddy Ocean Vacuum,"The Paddy Ocean Vacuum is a kilometer-long floating megamachine designed for harvesting without conventional contact with the soil. Its central chassis resembles an enormous aerodynamic bridge suspended several meters above flooded rice fields. A sequence of buoyant armored modules forms the spine, joined by flexible superconducting articulation rings that allow the machine to bend across irregular terrain. Beneath the hull, hundreds of stabilization nodes generate magnetic suspension fields, while quantum-gravity manipulators continuously adjust the machine's effective weight. The result is a hovering agricultural platform that can glide over embankments, irrigation channels, and flooded paddies without producing destructive ground pressure.

Along its underside hangs a forest of harvesting assemblies. Each unit contains optical scanners, lidar, moisture sensors, and a soft vacuum mouth surrounded by precision airflow vanes. The system first identifies mature panicles by color, spectral signature, and grain density. A controlled low-pressure field gently bends the rice heads toward the intake, while micro-vortexes detach ripe panicles without uprooting the plants. Unripe grain and living stalks remain below, allowing the machine to make repeated selective passes. Harvested material enters transparent reinforced tubes stretching along the machine's spine. Pulsed air and electromagnetic grain conveyors transport the paddy toward mobile silos trailing behind like a procession of enormous floating barges.

Inside the hull, the belly factory is organized as a kilometer-long processing artery. Intake galleries lead to cyclone separation cylinders where dust and straw fragments are removed. Secondary decks contain husking drums, magnetic impurity traps, polishing chambers, and controlled-atmosphere drying galleries. Waste husk is compacted into fuel pellets, while grain is cooled before entering vacuum-sealed storage vaults. Maintenance drones circulate through independent service corridors, repairing vacuum membranes and replacing harvesting heads without interrupting operations.

Fusion reactors supply energy to the plasma conduits running through the spine. Thermal exhaust is expelled through elevated radiators, creating shimmering columns that can distort distant horizons. The machine's transparent grain tubes glow amber at night, making the entire kilometer-long structure resemble a floating river of harvested sunlight.

During monsoon season, the Paddy Ocean Vacuum becomes an atmospheric landmark. Its hull glides above a vast reflective landscape while rain streams around its suspension field. From the ground it appears longer than a city district, its trailing silos forming a moving industrial archipelago across the rice-growing sea.",,"The Paddy Ocean Vacuum is a kilometer-long floating megamachine designed for harvesting without conventional contact with the soil. Its central chassis resembles an enormous aerodynamic bridge suspended several meters above flooded rice fields. A sequence of buoyant armored modules forms the spine, joined by flexible superconducting articulation rings that allow the machine to bend across irregular terrain. Beneath the hull, hundreds of stabilization nodes generate magnetic suspension fields, while quantum-gravity manipulators continuously adjust the machine's effective weight. The result is a hovering agricultural platform that can glide over embankments, irrigation channels, and flooded paddies without producing destructive ground pressure.

Along its underside hangs a forest of harvesting assemblies. Each unit contains optical scanners, lidar, moisture sensors, and a soft vacuum mouth surrounded by precision airflow vanes. The system first identifies mature panicles by color, spectral signature, and grain density. A controlled low-pressure field gently bends the rice heads toward the intake, while micro-vortexes detach ripe panicles without uprooting the plants. Unripe grain and living stalks remain below, allowing the machine to make repeated selective passes. Harvested material enters transparent reinforced tubes stretching along the machine's spine. Pulsed air and electromagnetic grain conveyors transport the paddy toward mobile silos trailing behind like a procession of enormous floating barges.

Inside the hull, the belly factory is organized as a kilometer-long processing artery. Intake galleries lead to cyclone separation cylinders where dust and straw fragments are removed. Secondary decks contain husking drums, magnetic impurity traps, polishing chambers, and controlled-atmosphere drying galleries. Waste husk is compacted into fuel pellets, while grain is cooled before entering vacuum-sealed storage vaults. Maintenance drones circulate through independent service corridors, repairing vacuum membranes and replacing harvesting heads without interrupting operations.

Fusion reactors supply energy to the plasma conduits running through the spine. Thermal exhaust is expelled through elevated radiators, creating shimmering columns that can distort distant horizons. The machine's transparent grain tubes glow amber at night, making the entire kilometer-long structure resemble a floating river of harvested sunlight.

During monsoon season, the Paddy Ocean Vacuum becomes an atmospheric landmark. Its hull glides above a vast reflective landscape while rain streams around its suspension field. From the ground it appears longer than a city district, its trailing silos forming a moving industrial archipelago across the rice-growing sea.",Impossible Giant Machine,,Paddy Harvesting,Titan Megastructures,,,,en,ready_for_upload,2,,,,,1,,2026-08-11 15:45:12.760052,2026-08-11 15:45:12.760052,,2026-08-18 07:34:19.206137,,,0,1
3,9b45ccbd-6e98-44f4-9dde-2972c7a1e5eb,Rice-Field Spider Colossus,Rice-Field Spider Colossus,"The Rice-Field Spider Colossus is an eight-legged agricultural titan engineered around one principle: never place destructive weight where rice is growing. Its central chassis is a colossal armored processing sphere, comparable in volume to a skyscraper, supported by eight articulated legs extending hundreds of meters in every direction. Each leg contains nested hydraulic-equivalent plasma actuators, superconducting tendons, and gravity-compensation joints. The enormous feet divide into multiple independently controlled pads, allowing the Colossus to step between paddy plots, irrigation channels, and field boundaries with astonishing precision. Quantum gravity manipulation reduces effective mass during foot placement, while magnetic suspension fields prevent mud from collapsing beneath the load.

Between the legs, dozens of harvesting limbs unfold like mechanical vines. Vision systems identify mature sections of rice, then flexible manipulators descend into individual plots. Rotary cutters sever panicles, comb assemblies gather loose grain, and articulated fingers remove tangled material without damaging young plants. The Colossus advances by alternating leg groups: four stabilize the central factory while four relocate, creating a slow but extraordinarily stable walking cycle. Harvested paddy travels upward through armored pneumatic tubes into the central body, where processing begins immediately.

The belly factory is arranged radially around a massive vertical milling core. Upper galleries receive wet grain and distribute it through cyclone separation cylinders, vibrating screens, and magnetic cleaning chambers. Deeper levels contain husking machines, aspiration towers, whitening drums, precision polishers, and optical grain graders. Drying chambers use controlled thermal airflow to bring grain to storage moisture, while waste husk and bran descend into separate recycling galleries. Finished rice moves toward enormous concentric storage vaults surrounding the reactor chamber. Loading elevators can transfer polished rice directly into ground silos or hovering cargo craft.

Power originates in multiple compact fusion reactors mounted near the body's center of mass. Plasma conduits illuminate the factory corridors with pulsating blue light, while superconducting rings distribute energy to every limb. Waste heat is carried upward through thermal exhaust chimneys that vent above the chassis like artificial volcanoes.

Viewed from a village, the Colossus resembles a walking mountain range with eight metallic horizons. Its legs disappear into rain clouds, while each carefully placed foot spans an entire field boundary. During storms, lightning crawls across its charged armor, monsoon rain pours from its joints, and its moving silhouette can dominate the skyline for kilometers.",,"The Rice-Field Spider Colossus is an eight-legged agricultural titan engineered around one principle: never place destructive weight where rice is growing. Its central chassis is a colossal armored processing sphere, comparable in volume to a skyscraper, supported by eight articulated legs extending hundreds of meters in every direction. Each leg contains nested hydraulic-equivalent plasma actuators, superconducting tendons, and gravity-compensation joints. The enormous feet divide into multiple independently controlled pads, allowing the Colossus to step between paddy plots, irrigation channels, and field boundaries with astonishing precision. Quantum gravity manipulation reduces effective mass during foot placement, while magnetic suspension fields prevent mud from collapsing beneath the load.

Between the legs, dozens of harvesting limbs unfold like mechanical vines. Vision systems identify mature sections of rice, then flexible manipulators descend into individual plots. Rotary cutters sever panicles, comb assemblies gather loose grain, and articulated fingers remove tangled material without damaging young plants. The Colossus advances by alternating leg groups: four stabilize the central factory while four relocate, creating a slow but extraordinarily stable walking cycle. Harvested paddy travels upward through armored pneumatic tubes into the central body, where processing begins immediately.

The belly factory is arranged radially around a massive vertical milling core. Upper galleries receive wet grain and distribute it through cyclone separation cylinders, vibrating screens, and magnetic cleaning chambers. Deeper levels contain husking machines, aspiration towers, whitening drums, precision polishers, and optical grain graders. Drying chambers use controlled thermal airflow to bring grain to storage moisture, while waste husk and bran descend into separate recycling galleries. Finished rice moves toward enormous concentric storage vaults surrounding the reactor chamber. Loading elevators can transfer polished rice directly into ground silos or hovering cargo craft.

Power originates in multiple compact fusion reactors mounted near the body's center of mass. Plasma conduits illuminate the factory corridors with pulsating blue light, while superconducting rings distribute energy to every limb. Waste heat is carried upward through thermal exhaust chimneys that vent above the chassis like artificial volcanoes.

Viewed from a village, the Colossus resembles a walking mountain range with eight metallic horizons. Its legs disappear into rain clouds, while each carefully placed foot spans an entire field boundary. During storms, lightning crawls across its charged armor, monsoon rain pours from its joints, and its moving silhouette can dominate the skyline for kilometers.",Impossible Giant Machine,,Paddy Harvesting,Titan Megastructures,,,,en,ready_for_upload,3,,,,,1,,2026-08-11 15:45:12.766570,2026-08-11 15:45:12.766721,,2026-08-18 07:34:48.053430,,,0,1
4,b95bfca3-02c9-4263-b189-314109da0ce7,The Monsoon Harvesting Ark,The Monsoon Harvesting Ark,"The Monsoon Harvesting Ark is a colossal amphibious agricultural vessel built for the season when conventional machines become prisoners of water and mud. Its primary hull is shaped like a futuristic ark, several hundred meters long and rising dozens of decks above the fields. A reinforced ceramic-metal keel contains retractable amphibious traction modules, while broad lateral flotation chambers distribute buoyancy across flooded paddies. When water levels rise, the Ark becomes a floating factory; when fields drain, quantum gravity projectors reduce hull pressure enough for articulated landing skids to glide across saturated soil without gouging deep tracks.

Its side-mounted harvesters form the machine's defining anatomy. Each flank carries enormous articulated booms terminating in rotating comb drums, flexible cutting arrays, and robotic gathering claws. As the Ark advances, sensor masts map crop height and water depth. Harvesting booms sweep through mature rice in synchronized waves, collecting panicles while adjustable shields protect standing plants. Water jets and airflow curtains prevent harvested grain from being contaminated by mud. Conveyor streams carry the material inward, while separate collectors capture straw and floating debris. The Ark can continuously alter its route, following harvest-ready zones while avoiding recently planted or submerged sections.

Inside the hull lies a multilevel factory arranged like an industrial cathedral. The upper agricultural decks receive raw paddy and feed it into cyclone separation cylinders, where high-velocity air strips away dust, leaves, and light chaff. Lower galleries contain husking drums, grain cleaners, drying chambers, milling lines, and optical grading tunnels. Straw travels through compression presses into biomass blocks, while rice husk feeds plasma-assisted thermal reactors. Finished grain enters climate-controlled storage vaults embedded deep within the hull, protected from monsoon humidity.

Fusion generators supply the Ark through glowing plasma conduits running beneath the factory floors. Magnetic suspension fields stabilize the vessel during transitions between water and land, while quantum gravity systems dynamically alter buoyancy and load distribution. Massive thermal exhaust towers release waste heat above the roof, their vapor plumes interacting dramatically with storm clouds.

During monsoon season, the Ark becomes a moving island. Villages see its upper decks above the rain like a city afloat, while harvesters sweep golden arcs through flooded paddies. Its passage creates controlled waves along irrigation channels, and warm exhaust vapor can form temporary fog banks around the vessel. At night, navigation lights reflect across kilometers of water, making the machine appear like a luminous ark sailing through an inland ocean of rice.",,"The Monsoon Harvesting Ark is a colossal amphibious agricultural vessel built for the season when conventional machines become prisoners of water and mud. Its primary hull is shaped like a futuristic ark, several hundred meters long and rising dozens of decks above the fields. A reinforced ceramic-metal keel contains retractable amphibious traction modules, while broad lateral flotation chambers distribute buoyancy across flooded paddies. When water levels rise, the Ark becomes a floating factory; when fields drain, quantum gravity projectors reduce hull pressure enough for articulated landing skids to glide across saturated soil without gouging deep tracks.

Its side-mounted harvesters form the machine's defining anatomy. Each flank carries enormous articulated booms terminating in rotating comb drums, flexible cutting arrays, and robotic gathering claws. As the Ark advances, sensor masts map crop height and water depth. Harvesting booms sweep through mature rice in synchronized waves, collecting panicles while adjustable shields protect standing plants. Water jets and airflow curtains prevent harvested grain from being contaminated by mud. Conveyor streams carry the material inward, while separate collectors capture straw and floating debris. The Ark can continuously alter its route, following harvest-ready zones while avoiding recently planted or submerged sections.

Inside the hull lies a multilevel factory arranged like an industrial cathedral. The upper agricultural decks receive raw paddy and feed it into cyclone separation cylinders, where high-velocity air strips away dust, leaves, and light chaff. Lower galleries contain husking drums, grain cleaners, drying chambers, milling lines, and optical grading tunnels. Straw travels through compression presses into biomass blocks, while rice husk feeds plasma-assisted thermal reactors. Finished grain enters climate-controlled storage vaults embedded deep within the hull, protected from monsoon humidity.

Fusion generators supply the Ark through glowing plasma conduits running beneath the factory floors. Magnetic suspension fields stabilize the vessel during transitions between water and land, while quantum gravity systems dynamically alter buoyancy and load distribution. Massive thermal exhaust towers release waste heat above the roof, their vapor plumes interacting dramatically with storm clouds.

During monsoon season, the Ark becomes a moving island. Villages see its upper decks above the rain like a city afloat, while harvesters sweep golden arcs through flooded paddies. Its passage creates controlled waves along irrigation channels, and warm exhaust vapor can form temporary fog banks around the vessel. At night, navigation lights reflect across kilometers of water, making the machine appear like a luminous ark sailing through an inland ocean of rice.",Impossible Giant Machine,,Paddy Harvesting,Titan Megastructures,,,,en,ready_for_upload,4,,,,,1,,2026-08-11 15:45:12.767276,2026-08-11 15:45:12.767276,,2026-08-18 07:35:04.919100,,,0,1
5,79ce8e55-cca1-4713-9cfb-59ba5b31dc13,Paddy Ring Megaharvester,Paddy Ring Megaharvester,"The Paddy Ring Megaharvester is less a vehicle than an artificial geographic structure: an immense circular machine several kilometers in diameter that encircles an entire rice-growing region. Its ring-shaped chassis consists of thousands of interlocking armored segments, each containing independent reactors, control systems, and articulated harvesting machinery. The structure rests on colossal distributed locomotion towers positioned along field boundaries, while quantum gravity manipulation allows the ring to redistribute its immense mass so that no single section overloads the landscape. Magnetic suspension fields keep the machine precisely aligned above roads, irrigation corridors, and embankments as the entire circumference slowly contracts inward.

Harvesting begins at the outer perimeter. Each ring segment deploys telescoping arms that reach into surrounding paddies, identifying mature rice through spectral imaging and moisture analysis. Robotic combs gather panicles, precision cutters remove stalk material, and pneumatic elevators carry the crop upward into the ring. As the ring contracts, synchronized harvesting fronts advance toward the center, creating a gigantic agricultural compression wave. Fields behind the harvesting line are cleared, straw is redistributed as mulch or biomass, and autonomous service machines repair irrigation channels and restore field boundaries.

The ring itself functions as a continuous belly factory. Raw paddy travels through kilometer-scale conveyor arteries toward processing nodes distributed around the circumference. Cyclone separation cylinders remove dust and chaff, followed by husking galleries, drying chambers, polishing mills, and optical grading systems. Processed grain moves inward through magnetic conveyor tubes to a gigantic central processing station, where millions of tonnes can be sorted into storage vaults, export containers, and emergency reserves. Bran, husk, and straw are routed into separate industrial loops for fertilizer, fuel, and construction material.

Energy comes from a distributed fusion network. Plasma conduits pulse around the ring like luminous veins, while superconducting power trunks synchronize every harvesting segment. Quantum gravity projectors coordinate contraction, preventing mechanical stress from propagating through the colossal structure. Thermal exhaust systems rise from processing nodes as tall cooling towers, releasing shimmering vapor into the atmosphere.

From above, the Megaharvester resembles an artificial moon orbiting a green landscape. From the ground, its curved superstructure may vanish beyond the horizon, giving the impression that the sky itself has acquired a metallic rim. Monsoon clouds gather against its heated upper surfaces, rain falls through its harvesting corridors, and lightning traces its plasma conduits. As the ring contracts day after day, an entire agricultural region seems to be slowly drawn toward a technological heart.",,"The Paddy Ring Megaharvester is less a vehicle than an artificial geographic structure: an immense circular machine several kilometers in diameter that encircles an entire rice-growing region. Its ring-shaped chassis consists of thousands of interlocking armored segments, each containing independent reactors, control systems, and articulated harvesting machinery. The structure rests on colossal distributed locomotion towers positioned along field boundaries, while quantum gravity manipulation allows the ring to redistribute its immense mass so that no single section overloads the landscape. Magnetic suspension fields keep the machine precisely aligned above roads, irrigation corridors, and embankments as the entire circumference slowly contracts inward.

Harvesting begins at the outer perimeter. Each ring segment deploys telescoping arms that reach into surrounding paddies, identifying mature rice through spectral imaging and moisture analysis. Robotic combs gather panicles, precision cutters remove stalk material, and pneumatic elevators carry the crop upward into the ring. As the ring contracts, synchronized harvesting fronts advance toward the center, creating a gigantic agricultural compression wave. Fields behind the harvesting line are cleared, straw is redistributed as mulch or biomass, and autonomous service machines repair irrigation channels and restore field boundaries.

The ring itself functions as a continuous belly factory. Raw paddy travels through kilometer-scale conveyor arteries toward processing nodes distributed around the circumference. Cyclone separation cylinders remove dust and chaff, followed by husking galleries, drying chambers, polishing mills, and optical grading systems. Processed grain moves inward through magnetic conveyor tubes to a gigantic central processing station, where millions of tonnes can be sorted into storage vaults, export containers, and emergency reserves. Bran, husk, and straw are routed into separate industrial loops for fertilizer, fuel, and construction material.

Energy comes from a distributed fusion network. Plasma conduits pulse around the ring like luminous veins, while superconducting power trunks synchronize every harvesting segment. Quantum gravity projectors coordinate contraction, preventing mechanical stress from propagating through the colossal structure. Thermal exhaust systems rise from processing nodes as tall cooling towers, releasing shimmering vapor into the atmosphere.

From above, the Megaharvester resembles an artificial moon orbiting a green landscape. From the ground, its curved superstructure may vanish beyond the horizon, giving the impression that the sky itself has acquired a metallic rim. Monsoon clouds gather against its heated upper surfaces, rain falls through its harvesting corridors, and lightning traces its plasma conduits. As the ring contracts day after day, an entire agricultural region seems to be slowly drawn toward a technological heart.",Impossible Giant Machine,,Paddy Harvesting,Titan Megastructures,,,,en,ready_for_upload,5,,,,,1,,2026-08-11 15:45:12.767276,2026-08-11 15:45:12.767276,,2026-08-18 07:55:47.679841,,,0,1
6,f6c04d90-87ea-41dd-8990-ef20f9e35081,Sky Reaper Rice Fortress,Sky Reaper Rice Fortress,"The Sky Reaper Rice Fortress is a levitating agricultural citadel whose primary chassis resembles a kilometer-long armored bridge suspended above an entire paddy district. Its structural spine is built from interlocking truss rings surrounding superconductive plasma conduits, while hundreds of articulated harvesting towers hang beneath it like colossal mechanical roots. Each tower terminates in a multi-bladed reaper head, adjustable crop combs, pneumatic rice-gripping fingers, and flexible intake throats. Stabilizer pylons continuously alter their geometry to compensate for wind, uneven crop density, and the shifting mass of harvested grain. The fortress never touches the ground; quantum-gravity engines generate a controlled inversion field that suspends millions of tonnes while magnetic counterfields prevent the structure from drifting across the landscape. During operation, navigation cores divide the paddy into harvesting corridors. Towers descend until their cutting heads hover a few centimeters above the soil, then synchronized blades shear mature panicles while rotating combs gather them into sealed conveyors. Material moves upward through vertical grain elevators, where vibrating screens remove straw and field debris before the grain enters the fortress belly. The internal factory is arranged as stacked processing galleries. Lower decks contain cyclone separation cylinders that spin air and grain through immense chambers, stripping chaff without crushing kernels. Intermediate galleries use infrared drying tunnels and superheated vapor exchangers to reduce moisture, while magnetic milling drums polish the rice. Upper vaults contain climate-controlled grain reservoirs and armored dispatch silos. Energy flows through blue-white plasma conduits along the spine, feeding gravity manipulators, cutting systems, pumps, elevators, and thermal processors. Waste heat is expelled through vast dorsal radiators and downward plasma exhaust stacks that shimmer like artificial suns. From the ground, the machine appears less like farm equipment than a floating mountain range. Its shadow can cover villages, irrigation canals, and fields simultaneously. Clouds split around its towers; monsoon winds curl beneath its chassis, and rain briefly flashes into vapor near thermal exhausts. At night, thousands of harvesting windows glow across its underside, making the Sky Reaper resemble a fortress-city suspended between heaven and earth.",,"The Sky Reaper Rice Fortress is a levitating agricultural citadel whose primary chassis resembles a kilometer-long armored bridge suspended above an entire paddy district. Its structural spine is built from interlocking truss rings surrounding superconductive plasma conduits, while hundreds of articulated harvesting towers hang beneath it like colossal mechanical roots. Each tower terminates in a multi-bladed reaper head, adjustable crop combs, pneumatic rice-gripping fingers, and flexible intake throats. Stabilizer pylons continuously alter their geometry to compensate for wind, uneven crop density, and the shifting mass of harvested grain. The fortress never touches the ground; quantum-gravity engines generate a controlled inversion field that suspends millions of tonnes while magnetic counterfields prevent the structure from drifting across the landscape. During operation, navigation cores divide the paddy into harvesting corridors. Towers descend until their cutting heads hover a few centimeters above the soil, then synchronized blades shear mature panicles while rotating combs gather them into sealed conveyors. Material moves upward through vertical grain elevators, where vibrating screens remove straw and field debris before the grain enters the fortress belly. The internal factory is arranged as stacked processing galleries. Lower decks contain cyclone separation cylinders that spin air and grain through immense chambers, stripping chaff without crushing kernels. Intermediate galleries use infrared drying tunnels and superheated vapor exchangers to reduce moisture, while magnetic milling drums polish the rice. Upper vaults contain climate-controlled grain reservoirs and armored dispatch silos. Energy flows through blue-white plasma conduits along the spine, feeding gravity manipulators, cutting systems, pumps, elevators, and thermal processors. Waste heat is expelled through vast dorsal radiators and downward plasma exhaust stacks that shimmer like artificial suns. From the ground, the machine appears less like farm equipment than a floating mountain range. Its shadow can cover villages, irrigation canals, and fields simultaneously. Clouds split around its towers; monsoon winds curl beneath its chassis, and rain briefly flashes into vapor near thermal exhausts. At night, thousands of harvesting windows glow across its underside, making the Sky Reaper resemble a fortress-city suspended between heaven and earth.",Impossible Giant Machine,,Paddy Harvesting,Titan Megastructures,,,,en,new,6,,,,,1,,2026-08-11 15:45:12.767276,2026-08-11 15:45:12.767276,,2026-08-15 18:14:15.925668,,,0,1
7,d656fdb0-5809-4fc5-a156-78cf1550cb4c,The Rice Comb Superstructure,The Rice Comb Superstructure,"The Rice Comb Superstructure is a continent-spanning agricultural engine designed around one absurd principle: harvest an entire rice-growing region as though the planet itself were being combed. Its main chassis is a segmented metallic backbone extending for hundreds of kilometers, supported by articulated locomotion towers that straddle irrigation networks and geological obstacles. From this backbone descend thousands of colossal harvesting teeth, each an independently articulated machine several hundred meters long. Their lower assemblies combine flexible crop guides, rotary cutters, optical maturity scanners, and miniature threshing systems. Hydraulic-like artificial muscles adjust each tooth to the terrain, allowing the superstructure to pass over flooded paddies without disturbing embankments. The machine advances according to a synchronized planetary-scale movement algorithm. First, sensor arrays map crop height, water depth, soil resistance, and grain maturity. Each harvesting tooth then lowers into its assigned parallel field. Curved guides funnel rice stalks toward cutting drums, which sever panicles while leaving roots and much of the straw behind. Immediately inside each tooth, vibrating threshers separate grain from stalks. Pneumatic channels propel kernels upward into longitudinal collection arteries running along the main chassis. The superstructure's internal belly factory resembles a linear industrial city. Successive galleries contain cyclone separators, centrifugal cleaning drums, moisture analyzers, drying chambers, milling stations, grading machines, and grain elevators. Because the machine operates continuously, processing zones overlap: raw grain enters at the front, progressively cleaner and drier material travels through the center, and finished rice emerges into enormous armored storage vaults toward the rear. Energy comes from superconductive plasma rails embedded in the backbone. Quantum inertial regulators synchronize thousands of harvesting teeth, preventing small timing errors from becoming catastrophic mechanical waves. Magnetic suspension fields lighten the machine's effective weight, while distributed fusion reactors provide power for cutting, threshing, locomotion, and thermal drying. Waste heat rises through kilometer-high exhaust chimneys and forms artificial cloud columns above the moving structure. Seen from the ground, the Rice Comb resembles a metallic horizon or a moving mountain range. Its teeth pass through paddies with mathematical precision, while birds scatter ahead of its shadow and monsoon clouds bend around its elevated frame. Entire regions would experience its harvest as a slow mechanical sunrise followed by an advancing wall of steel.",,"The Rice Comb Superstructure is a continent-spanning agricultural engine designed around one absurd principle: harvest an entire rice-growing region as though the planet itself were being combed. Its main chassis is a segmented metallic backbone extending for hundreds of kilometers, supported by articulated locomotion towers that straddle irrigation networks and geological obstacles. From this backbone descend thousands of colossal harvesting teeth, each an independently articulated machine several hundred meters long. Their lower assemblies combine flexible crop guides, rotary cutters, optical maturity scanners, and miniature threshing systems. Hydraulic-like artificial muscles adjust each tooth to the terrain, allowing the superstructure to pass over flooded paddies without disturbing embankments. The machine advances according to a synchronized planetary-scale movement algorithm. First, sensor arrays map crop height, water depth, soil resistance, and grain maturity. Each harvesting tooth then lowers into its assigned parallel field. Curved guides funnel rice stalks toward cutting drums, which sever panicles while leaving roots and much of the straw behind. Immediately inside each tooth, vibrating threshers separate grain from stalks. Pneumatic channels propel kernels upward into longitudinal collection arteries running along the main chassis. The superstructure's internal belly factory resembles a linear industrial city. Successive galleries contain cyclone separators, centrifugal cleaning drums, moisture analyzers, drying chambers, milling stations, grading machines, and grain elevators. Because the machine operates continuously, processing zones overlap: raw grain enters at the front, progressively cleaner and drier material travels through the center, and finished rice emerges into enormous armored storage vaults toward the rear. Energy comes from superconductive plasma rails embedded in the backbone. Quantum inertial regulators synchronize thousands of harvesting teeth, preventing small timing errors from becoming catastrophic mechanical waves. Magnetic suspension fields lighten the machine's effective weight, while distributed fusion reactors provide power for cutting, threshing, locomotion, and thermal drying. Waste heat rises through kilometer-high exhaust chimneys and forms artificial cloud columns above the moving structure. Seen from the ground, the Rice Comb resembles a metallic horizon or a moving mountain range. Its teeth pass through paddies with mathematical precision, while birds scatter ahead of its shadow and monsoon clouds bend around its elevated frame. Entire regions would experience its harvest as a slow mechanical sunrise followed by an advancing wall of steel.",Impossible Giant Machine,,Paddy Harvesting,Titan Megastructures,,,,en,new,7,,,,,1,,2026-08-11 15:45:12.767276,2026-08-11 15:45:12.767276,,2026-08-15 18:14:59.533045,,,0,1
8,5b926beb-d04a-42ce-8ac5-03093891d597,Paddy-Gulping Harvest Worm,Paddy-Gulping Harvest Worm,"The Paddy-Gulping Harvest Worm is a colossal segmented crawler engineered to consume the harvest of entire rice-field networks while remaining primarily on their boundaries. Its body consists of hundreds of armored cylindrical modules, each comparable in volume to a skyscraper. Between segments are enormous articulated joints containing superconductive bearings, flexible power trunks, and magnetic suspension rings that reduce ground pressure. Locomotive tracks run along the underside, but when terrain becomes unstable, retractable mechanical legs distribute the machine's mass across reinforced embankments. From each segment extend flexible harvesting trunks hundreds of meters into adjacent paddies. These trunks behave like metallic serpents, equipped with crop-sensing whiskers, rotary sickle mouths, grasping manipulators, and soft containment membranes that prevent rice from scattering into the flooded fields. The harvesting process begins with optical and microwave scanners identifying mature panicles. A trunk spreads through the crop, gently gathers stalk clusters, and guides them into a rotating cutting chamber. Separated panicles are then sucked through armored pneumatic ducts toward the worm's central intake galleries. Inside, each body segment functions as a specialized factory module. Upper decks contain cyclone separation cylinders that remove chaff and straw through controlled vortices. Lower galleries use vibrating screens, centrifugal cleaners, and moisture sensors. Thermal drying chambers exchange heat through ceramic walls, while milling galleries polish kernels before automated graders sort them by size and quality. Finished rice travels through sealed transfer arteries into individual armored storage compartments, allowing different fields or rice varieties to remain isolated. Energy is distributed through glowing plasma conduits that run the worm's entire length. Quantum gravity manipulators reduce the crawler's effective mass, while magnetic traction fields anchor it during acceleration. Compact fusion reactors feed cutting systems and thermal processors, and enormous dorsal radiators release waste heat as shimmering columns. The worm's movement creates a strange ecological boundary: irrigation water ripples from passing vibrations, birds lift from the fields, and mist spirals around its warm armor. During monsoon weather, rain strikes the segmented hull like a storm against a mountain. From distant villages, the Paddy-Gulping Harvest Worm appears as a moving industrial ridge, its harvesting trunks reaching across the landscape like enormous metallic vines while its glowing internal machinery steadily converts green fields into sealed reservoirs of grain.",,"The Paddy-Gulping Harvest Worm is a colossal segmented crawler engineered to consume the harvest of entire rice-field networks while remaining primarily on their boundaries. Its body consists of hundreds of armored cylindrical modules, each comparable in volume to a skyscraper. Between segments are enormous articulated joints containing superconductive bearings, flexible power trunks, and magnetic suspension rings that reduce ground pressure. Locomotive tracks run along the underside, but when terrain becomes unstable, retractable mechanical legs distribute the machine's mass across reinforced embankments. From each segment extend flexible harvesting trunks hundreds of meters into adjacent paddies. These trunks behave like metallic serpents, equipped with crop-sensing whiskers, rotary sickle mouths, grasping manipulators, and soft containment membranes that prevent rice from scattering into the flooded fields. The harvesting process begins with optical and microwave scanners identifying mature panicles. A trunk spreads through the crop, gently gathers stalk clusters, and guides them into a rotating cutting chamber. Separated panicles are then sucked through armored pneumatic ducts toward the worm's central intake galleries. Inside, each body segment functions as a specialized factory module. Upper decks contain cyclone separation cylinders that remove chaff and straw through controlled vortices. Lower galleries use vibrating screens, centrifugal cleaners, and moisture sensors. Thermal drying chambers exchange heat through ceramic walls, while milling galleries polish kernels before automated graders sort them by size and quality. Finished rice travels through sealed transfer arteries into individual armored storage compartments, allowing different fields or rice varieties to remain isolated. Energy is distributed through glowing plasma conduits that run the worm's entire length. Quantum gravity manipulators reduce the crawler's effective mass, while magnetic traction fields anchor it during acceleration. Compact fusion reactors feed cutting systems and thermal processors, and enormous dorsal radiators release waste heat as shimmering columns. The worm's movement creates a strange ecological boundary: irrigation water ripples from passing vibrations, birds lift from the fields, and mist spirals around its warm armor. During monsoon weather, rain strikes the segmented hull like a storm against a mountain. From distant villages, the Paddy-Gulping Harvest Worm appears as a moving industrial ridge, its harvesting trunks reaching across the landscape like enormous metallic vines while its glowing internal machinery steadily converts green fields into sealed reservoirs of grain.",Impossible Giant Machine,,Paddy Harvesting,Titan Megastructures,,,,en,new,8,,,,,1,,2026-08-11 15:45:12.767276,2026-08-11 15:45:12.767276,,2026-08-15 18:14:34.923922,,,0,1
9,a141dd6a-b91a-4989-9c19-ca0c99f627d9,Rice Moon Harvester,Rice Moon Harvester,"The Rice Moon Harvester is a gigantic circular agricultural platform suspended above a paddy region by a forest of impossible support towers. Its primary chassis is a rotating ring several kilometers across, constructed from nested structural arcs containing superconductive power lines, gravity-control chambers, and high-strength metamaterial trusses. The ring resembles an artificial moon hanging horizontally over the fields. Beneath it, hundreds of telescoping harvesting arms descend in synchronized formations. Each arm terminates in a precision harvesting cluster containing crop scanners, counter-rotating cutters, soft robotic fingers, and pneumatic intake funnels. Tower foundations stand outside the most sensitive cultivation zones, while magnetic suspension fields bridge the enormous distance between supports and platform. Before harvesting, the machine performs a complete aerial survey, mapping rice height, moisture, soil conditions, irrigation channels, and maturity. The circular platform then begins a controlled rotation. Arms telescope downward in timed sequences, entering the paddies like a vast mechanical rain. Each cutter slices mature panicles, manipulation fingers collect them, and sealed conveyors pull the material upward. The machine's defining feature is simultaneity: hundreds of thousands of harvesting heads can execute nearly identical movements within milliseconds, creating a single planetary-scale harvesting event. Inside the rotating chassis lies a multi-level belly factory arranged in concentric galleries. Incoming crop passes through cyclone separation cylinders, centrifugal threshers, vibrating screens, and optical sorting corridors. Drying chambers use controlled thermal radiation and recycled airflow to reduce moisture. Deeper galleries perform milling and polishing, while finished rice is directed into enormous annular storage vaults balanced around the machine's center of mass. Plasma conduits circulate through the rotating structure, transmitting power without conventional contact points. Quantum gravity manipulators cancel rotational stresses, while magnetic suspension fields keep the platform precisely aligned despite atmospheric turbulence. Waste heat is routed toward dorsal thermal radiators and downward exhaust nozzles that create luminous curtains in humid air. From below, the machine eclipses the sky like a second moon. Its shadow sweeps slowly across paddies, villages, canals, and tree lines. Clouds form around its cooler upper surfaces while warm exhaust creates rising vortices beneath the ring. At night, its rotating perimeter glows with thousands of harvesting lights, transforming the landscape into a surreal spectacle of orbital engineering performed only meters above the rice.",,"The Rice Moon Harvester is a gigantic circular agricultural platform suspended above a paddy region by a forest of impossible support towers. Its primary chassis is a rotating ring several kilometers across, constructed from nested structural arcs containing superconductive power lines, gravity-control chambers, and high-strength metamaterial trusses. The ring resembles an artificial moon hanging horizontally over the fields. Beneath it, hundreds of telescoping harvesting arms descend in synchronized formations. Each arm terminates in a precision harvesting cluster containing crop scanners, counter-rotating cutters, soft robotic fingers, and pneumatic intake funnels. Tower foundations stand outside the most sensitive cultivation zones, while magnetic suspension fields bridge the enormous distance between supports and platform. Before harvesting, the machine performs a complete aerial survey, mapping rice height, moisture, soil conditions, irrigation channels, and maturity. The circular platform then begins a controlled rotation. Arms telescope downward in timed sequences, entering the paddies like a vast mechanical rain. Each cutter slices mature panicles, manipulation fingers collect them, and sealed conveyors pull the material upward. The machine's defining feature is simultaneity: hundreds of thousands of harvesting heads can execute nearly identical movements within milliseconds, creating a single planetary-scale harvesting event. Inside the rotating chassis lies a multi-level belly factory arranged in concentric galleries. Incoming crop passes through cyclone separation cylinders, centrifugal threshers, vibrating screens, and optical sorting corridors. Drying chambers use controlled thermal radiation and recycled airflow to reduce moisture. Deeper galleries perform milling and polishing, while finished rice is directed into enormous annular storage vaults balanced around the machine's center of mass. Plasma conduits circulate through the rotating structure, transmitting power without conventional contact points. Quantum gravity manipulators cancel rotational stresses, while magnetic suspension fields keep the platform precisely aligned despite atmospheric turbulence. Waste heat is routed toward dorsal thermal radiators and downward exhaust nozzles that create luminous curtains in humid air. From below, the machine eclipses the sky like a second moon. Its shadow sweeps slowly across paddies, villages, canals, and tree lines. Clouds form around its cooler upper surfaces while warm exhaust creates rising vortices beneath the ring. At night, its rotating perimeter glows with thousands of harvesting lights, transforming the landscape into a surreal spectacle of orbital engineering performed only meters above the rice.",Impossible Giant Machine,,Paddy Harvesting,Titan Megastructures,,,,en,new,9,,,,,1,,2026-08-11 15:45:12.767276,2026-08-11 15:45:12.767276,,2026-08-15 18:14:52.677241,,,0,1
10,27e1f560-c489-4d07-a19f-d39e7e7d5f2c,The Infinite Rice Factory,The Infinite Rice Factory,"The Infinite Rice Factory is a city-sized autonomous megamachine designed to enter a paddy region, consume the agricultural output continuously, and depart without leaving a single unprocessed grain behind. Its chassis resembles a moving industrial metropolis, built around a reinforced central spine and dozens of independently articulated factory blocks. Locomotion is provided by kilometer-long modular tracks, magnetic traction arrays, and retractable mechanical legs capable of crossing embankments, canals, and shallow flooded fields. At the leading edge, harvesting arms unfold from armored bays. Rotary sickles, crop combs, robotic grippers, and flexible pneumatic trunks gather mature rice while autonomous ground skimmers collect fallen panicles. Optical sensors constantly distinguish grain from weeds, water, mud, and immature plants. The machine advances slowly, establishing a continuous material stream. Harvested rice enters intake elevators and immediately begins a sequential journey through the factory. First, mechanical threshers strip kernels from panicles. Cyclone separation cylinders then use controlled vortices to remove chaff and lightweight debris. Vibrating galleries perform secondary cleaning, while moisture analyzers route grain toward appropriate drying chambers. Multi-level thermal tunnels employ infrared emitters, microwave fields, and recycled hot air to reach precise storage moisture. After drying, milling galleries remove husks and polish kernels. Optical graders divide output by quality, color, size, and variety. Finished rice moves through automated packaging lines into sealed containers or immense internal silos. The belly architecture is essentially a vertical city: conveyors function like streets, elevators like transit shafts, maintenance drones move between galleries, and armored storage vaults occupy the deepest levels. Plasma conduits form the machine's energy circulatory system, linking fusion reactors to cutting systems, dryers, mills, pumps, locomotion arrays, and quantum gravity regulators. Magnetic suspension fields distribute the factory's enormous mass, while thermal exhaust towers reject waste heat high above the agricultural landscape. Its environmental footprint is paradoxical: the machine is colossal enough to alter local weather, yet its processing systems recycle water and crop residues into fuel, fertilizer, or construction feedstock. From a distance, the Infinite Rice Factory looks like a moving city beneath a permanent haze of steam and exhaust. Skyscraper-height intake structures rise above the paddies, while clouds form around its hot upper surfaces. Villages experience its passage as a slow mechanical horizon: fields disappear beneath its shadow and emerge behind it transformed into orderly channels, empty paddies, and perfectly packaged mountains of rice.",,"The Infinite Rice Factory is a city-sized autonomous megamachine designed to enter a paddy region, consume the agricultural output continuously, and depart without leaving a single unprocessed grain behind. Its chassis resembles a moving industrial metropolis, built around a reinforced central spine and dozens of independently articulated factory blocks. Locomotion is provided by kilometer-long modular tracks, magnetic traction arrays, and retractable mechanical legs capable of crossing embankments, canals, and shallow flooded fields. At the leading edge, harvesting arms unfold from armored bays. Rotary sickles, crop combs, robotic grippers, and flexible pneumatic trunks gather mature rice while autonomous ground skimmers collect fallen panicles. Optical sensors constantly distinguish grain from weeds, water, mud, and immature plants. The machine advances slowly, establishing a continuous material stream. Harvested rice enters intake elevators and immediately begins a sequential journey through the factory. First, mechanical threshers strip kernels from panicles. Cyclone separation cylinders then use controlled vortices to remove chaff and lightweight debris. Vibrating galleries perform secondary cleaning, while moisture analyzers route grain toward appropriate drying chambers. Multi-level thermal tunnels employ infrared emitters, microwave fields, and recycled hot air to reach precise storage moisture. After drying, milling galleries remove husks and polish kernels. Optical graders divide output by quality, color, size, and variety. Finished rice moves through automated packaging lines into sealed containers or immense internal silos. The belly architecture is essentially a vertical city: conveyors function like streets, elevators like transit shafts, maintenance drones move between galleries, and armored storage vaults occupy the deepest levels. Plasma conduits form the machine's energy circulatory system, linking fusion reactors to cutting systems, dryers, mills, pumps, locomotion arrays, and quantum gravity regulators. Magnetic suspension fields distribute the factory's enormous mass, while thermal exhaust towers reject waste heat high above the agricultural landscape. Its environmental footprint is paradoxical: the machine is colossal enough to alter local weather, yet its processing systems recycle water and crop residues into fuel, fertilizer, or construction feedstock. From a distance, the Infinite Rice Factory looks like a moving city beneath a permanent haze of steam and exhaust. Skyscraper-height intake structures rise above the paddies, while clouds form around its hot upper surfaces. Villages experience its passage as a slow mechanical horizon: fields disappear beneath its shadow and emerge behind it transformed into orderly channels, empty paddies, and perfectly packaged mountains of rice.",Impossible Giant Machine,,Paddy Harvesting,Titan Megastructures,,,,en,new,10,,,,,1,,2026-08-11 15:45:12.767276,2026-08-11 15:45:12.767276,,2026-08-15 18:14:58.805906,,,0,1
11,31d57b3a-463a-471c-943e-beca769fcca4,Colossal Wheat Combine Titan,Colossal Wheat Combine Titan,"Colossal Wheat Combine Titan
Strides across golden wheat fields harvesting 10,000 acres per hour with quantum threshing.",,"Strides across golden wheat fields harvesting 10,000 acres per hour with quantum threshing.",Impossible Giant Machine,,Wheat Field,Agriculture Titan Megastructures,,,,en,ready_for_upload,1,,,,,1,,2026-08-16 14:18:50.678582,2026-08-16 14:18:50.678582,,2026-08-16 14:57:10.922832,,,0,1
12,8d8503d9-304a-4b17-bccf-863643e04ccc,The Solar Wheat Sifter,The Solar Wheat Sifter,"The Solar Wheat Sifter
Hovering solar-powered harvester that extracts grain without touching the soil.",,Hovering solar-powered harvester that extracts grain without touching the soil.,Impossible Giant Machine,,Wheat Field,Agriculture Titan Megastructures,,,,en,ready_for_upload,2,,,,,1,,2026-08-16 14:18:50.713112,2026-08-16 14:18:50.713112,,2026-08-16 15:25:09.709266,,,0,1
13,07a528aa-3ae7-401b-91d5-67d144cc7f4e,The Wheat Ocean Harvester,The Wheat Ocean Harvester,"The Wheat Ocean Harvester
A colossal floating harvest platform spans the entire wheat field, supported by thousands of impossible telescoping legs. Its enormous underside combs, cuts, threshes, and sorts wheat simultaneously, turning the entire field into a moving sea of golden grain.",,"A colossal floating harvest platform spans the entire wheat field, supported by thousands of impossible telescoping legs. Its enormous underside combs, cuts, threshes, and sorts wheat simultaneously, turning the entire field into a moving sea of golden grain.",Impossible Giant Machine,,Wheat Field,Agriculture Titan Megastructures,,,,en,new,1,,,,,1,,2026-08-16 14:18:54.199623,2026-08-16 14:18:54.199623,,,,,0,1
14,bd7ebd05-4041-437f-84a8-04d524cd0a61,Titan Sunwheel Irrigator,Titan Sunwheel Irrigator,"Titan Sunwheel Irrigator
A wheel taller than skyscrapers rolls slowly across the wheat field while drawing water from an underground reservoir. Its gigantic rotating arms release perfectly measured curtains of water across miles of crops without disturbing the soil.",,A wheel taller than skyscrapers rolls slowly across the wheat field while drawing water from an underground reservoir. Its gigantic rotating arms release perfectly measured curtains of water across miles of crops without disturbing the soil.,Impossible Giant Machine,,Wheat Field,Agriculture Titan Megastructures,,,,en,new,2,,,,,1,,2026-08-16 14:18:54.252814,2026-08-16 14:18:54.252814,,,,,0,1
15,b1b53bab-cbbc-485f-909a-a0806ddf7618,Wheat Field Weather Engine,Wheat Field Weather Engine,"Wheat Field Weather Engine
This mountain-sized machine hovers above the field and controls a localized atmosphere using enormous energy rings. It can summon rain, redirect sunlight, generate cooling clouds, and eliminate damaging storms over the wheat.",,"This mountain-sized machine hovers above the field and controls a localized atmosphere using enormous energy rings. It can summon rain, redirect sunlight, generate cooling clouds, and eliminate damaging storms over the wheat.",Impossible Giant Machine,,Wheat Field,Agriculture Titan Megastructures,,,,en,new,3,,,,,1,,2026-08-16 14:18:54.274559,2026-08-16 14:18:54.274559,,,,,0,1
16,edec1ce8-7d54-447c-ad8a-aea3a5228dd1,The Infinite Furrow Walker,The Infinite Furrow Walker,"The Infinite Furrow Walker
A colossal mechanical walker crosses the wheat field on legs kilometers long, with each foot containing precision farming machinery. Every step simultaneously aerates soil, removes weeds, plants replacement seeds, and deposits nutrients in perfectly spaced patterns.",,"A colossal mechanical walker crosses the wheat field on legs kilometers long, with each foot containing precision farming machinery. Every step simultaneously aerates soil, removes weeds, plants replacement seeds, and deposits nutrients in perfectly spaced patterns.",Impossible Giant Machine,,Wheat Field,Agriculture Titan Megastructures,,,,en,new,4,,,,,1,,2026-08-16 14:18:54.297114,2026-08-16 14:18:54.297114,,,,,0,1
17,3c1484b5-6f5e-4283-82cd-7e2ca05328b8,Golden Grain Conveyor City,Golden Grain Conveyor City,"Golden Grain Conveyor City
A megastructure resembling a moving industrial city travels through the wheat field on gigantic continuous tracks. Conveyor belts beneath it harvest grain and transport it through towering internal silos, mills, dryers, and storage towers.",,"A megastructure resembling a moving industrial city travels through the wheat field on gigantic continuous tracks. Conveyor belts beneath it harvest grain and transport it through towering internal silos, mills, dryers, and storage towers.",Impossible Giant Machine,,Wheat Field,Agriculture Titan Megastructures,,,,en,new,5,,,,,1,,2026-08-16 14:18:54.319331,2026-08-16 14:18:54.319331,,,,,0,1
18,5023b729-bd34-42fe-921e-672d2feaf6d2,Wheatfield Solar Crown,Wheatfield Solar Crown,"Wheatfield Solar Crown
A colossal ring-shaped machine encircles the entire field high above the ground, covered in thousands of adjustable solar mirrors. It concentrates sunlight where needed for accelerated growth while harvesting excess solar energy to power the farm.",,"A colossal ring-shaped machine encircles the entire field high above the ground, covered in thousands of adjustable solar mirrors. It concentrates sunlight where needed for accelerated growth while harvesting excess solar energy to power the farm.",Impossible Giant Machine,,Wheat Field,Agriculture Titan Megastructures,,,,en,new,6,,,,,1,,2026-08-16 14:18:54.338332,2026-08-16 14:18:54.338332,,,,,0,1
19,e4d4328f-6493-4fb8-aee1-b2b998bbc7b4,The Root Network Excavator,The Root Network Excavator,"The Root Network Excavator
An enormous subterranean machine moves beneath the wheat field like an artificial underground continent. It maps every root, redistributes water and nutrients through microscopic tunnels, and repairs damaged soil from below without removing the crops.",,"An enormous subterranean machine moves beneath the wheat field like an artificial underground continent. It maps every root, redistributes water and nutrients through microscopic tunnels, and repairs damaged soil from below without removing the crops.",Impossible Giant Machine,,Wheat Field,Agriculture Titan Megastructures,,,,en,new,7,,,,,1,,2026-08-16 14:18:54.363015,2026-08-16 14:18:54.363015,,,,,0,1
20,62df3d0b-db61-415d-9057-5748b1d30bce,Wheat Sentinel Colossus,Wheat Sentinel Colossus,"Wheat Sentinel Colossus
A towering humanoid agricultural robot stands over the field with sensor arrays larger than houses. Its colossal hands can gently inspect entire sections of wheat while its body deploys swarms of tiny maintenance machines to fight pests and disease.",,A towering humanoid agricultural robot stands over the field with sensor arrays larger than houses. Its colossal hands can gently inspect entire sections of wheat while its body deploys swarms of tiny maintenance machines to fight pests and disease.,Impossible Giant Machine,,Wheat Field,Agriculture Titan Megastructures,,,,en,new,8,,,,,1,,2026-08-16 14:18:54.389481,2026-08-16 14:18:54.389481,,,,,0,1
21,7780658e-4fb7-4f28-98bd-fa0455bda14c,The Atmospheric Grain Elevator,The Atmospheric Grain Elevator,"The Atmospheric Grain Elevator
A vertical megastructure rises from the center of the wheat field into the clouds and connects to enormous vacuum tubes stretching across the farmland. Harvested wheat is lifted through these tubes directly from the field into high-altitude storage chambers.",,A vertical megastructure rises from the center of the wheat field into the clouds and connects to enormous vacuum tubes stretching across the farmland. Harvested wheat is lifted through these tubes directly from the field into high-altitude storage chambers.,Impossible Giant Machine,,Wheat Field,Agriculture Titan Megastructures,,,,en,new,9,,,,,1,,2026-08-16 14:18:54.405852,2026-08-16 14:18:54.405852,,,,,0,1
22,45cb2355-b13f-4ee0-9878-35122bcb523f,Chrono-Harvest Megamachine,Chrono-Harvest Megamachine,"Chrono-Harvest Megamachine
This impossible titan occupies the entire wheat field and manipulates localized time around different crop zones. It can accelerate growth, pause drought damage, and synchronize every stalk to mature simultaneously for one gigantic precision harvest.",,"This impossible titan occupies the entire wheat field and manipulates localized time around different crop zones. It can accelerate growth, pause drought damage, and synchronize every stalk to mature simultaneously for one gigantic precision harvest.",Impossible Giant Machine,,Wheat Field,Agriculture Titan Megastructures,,,,en,new,10,,,,,1,,2026-08-16 14:18:54.424361,2026-08-16 14:18:54.424361,,,,,0,1
23,99826569-a8a1-4690-9d42-2a1c128fe2ec,Colossal Corn Thresher Titan,Colossal Corn Thresher Titan,"The Colossal Corn Thresher Titan is a mountain-sized agricultural war-machine redesigned as a continuous-harvest combine, standing roughly 700 meters tall when its articulated harvesting crown is fully raised. Its primary chassis is a ribbed megaframe of ceramic-metal composites, reinforced by kilometer-scale tension spars and rotating gravity-stabilized bearings. Six locomotive legs terminate in enormous segmented traction drums, each capable of stepping over irrigation canals, farm roads, and entire clusters of conventional machinery. Along its forward torso are dozens of articulated harvesting arms, each ending in a rotating intake mouth that cuts, strips, and guides thousands of corn stalks into vacuum-assisted processing ducts. Secondary manipulation arms comb fallen material from the soil without disturbing the underlying agricultural strata. Operationally, the Titan advances in measured strides, projecting lidar-like crop maps across several square kilometers. Cutting heads sever mature stalks at optimized heights, while synchronized vacuum fields pull ears and loose grain into armored conduits. Inside the machine, stalks enter crushing galleries where mechanical rollers separate cobs, husks, leaves, and kernels. Cyclone separation cylinders use controlled vortex pressure to sort fractions, while magnetic dust screens remove metallic contamination. Kernels descend through multi-level drying chambers, where microwave-plasma heating reduces moisture with extraordinary precision. Finished grain moves into enormous pressure-sealed storage vaults embedded inside the abdomen and hips. The belly factory resembles a vertical industrial city, with maintenance gantries, robotic inspection corridors, grain elevators, thermal exchangers, and emergency bypass tunnels distributed across dozens of decks. Its energy system is built around plasma conduits carrying power from compact stellar-density reactors into superconducting distribution rings. Magnetic suspension fields partially unload the Titan's immense weight, while quantum gravity manipulators redistribute mechanical stress through the chassis. Thermal exhaust towers along its shoulders vent glowing vapor into the upper atmosphere, producing artificial cloud formations during sustained harvesting. From the ground, the Titan resembles a walking mountain range wrapped around a grain elevator city. Its passage creates localized windstorms as air rushes around its legs, and its exhaust can generate towering clouds visible hundreds of kilometers away. Entire valleys appear to become agricultural loading bays beneath its silhouette, while the rhythmic motion of its harvesting crown creates a mechanical sunrise-and-sunset cadence across the Corn Field.",,"The Colossal Corn Thresher Titan is a mountain-sized agricultural war-machine redesigned as a continuous-harvest combine, standing roughly 700 meters tall when its articulated harvesting crown is fully raised. Its primary chassis is a ribbed megaframe of ceramic-metal composites, reinforced by kilometer-scale tension spars and rotating gravity-stabilized bearings. Six locomotive legs terminate in enormous segmented traction drums, each capable of stepping over irrigation canals, farm roads, and entire clusters of conventional machinery. Along its forward torso are dozens of articulated harvesting arms, each ending in a rotating intake mouth that cuts, strips, and guides thousands of corn stalks into vacuum-assisted processing ducts. Secondary manipulation arms comb fallen material from the soil without disturbing the underlying agricultural strata. Operationally, the Titan advances in measured strides, projecting lidar-like crop maps across several square kilometers. Cutting heads sever mature stalks at optimized heights, while synchronized vacuum fields pull ears and loose grain into armored conduits. Inside the machine, stalks enter crushing galleries where mechanical rollers separate cobs, husks, leaves, and kernels. Cyclone separation cylinders use controlled vortex pressure to sort fractions, while magnetic dust screens remove metallic contamination. Kernels descend through multi-level drying chambers, where microwave-plasma heating reduces moisture with extraordinary precision. Finished grain moves into enormous pressure-sealed storage vaults embedded inside the abdomen and hips. The belly factory resembles a vertical industrial city, with maintenance gantries, robotic inspection corridors, grain elevators, thermal exchangers, and emergency bypass tunnels distributed across dozens of decks. Its energy system is built around plasma conduits carrying power from compact stellar-density reactors into superconducting distribution rings. Magnetic suspension fields partially unload the Titan's immense weight, while quantum gravity manipulators redistribute mechanical stress through the chassis. Thermal exhaust towers along its shoulders vent glowing vapor into the upper atmosphere, producing artificial cloud formations during sustained harvesting. From the ground, the Titan resembles a walking mountain range wrapped around a grain elevator city. Its passage creates localized windstorms as air rushes around its legs, and its exhaust can generate towering clouds visible hundreds of kilometers away. Entire valleys appear to become agricultural loading bays beneath its silhouette, while the rhythmic motion of its harvesting crown creates a mechanical sunrise-and-sunset cadence across the Corn Field.",Impossible Giant Machine,,Corn Field,Agriculture Titan Megastructures,,,,en,new,1,,,,,1,,2026-08-16 14:19:09.418329,2026-08-16 14:19:09.418329,,,,,0,1
24,cbd629db-0fe6-42a3-8592-023cb316997a,The Solar Corn Silo Walker,The Solar Corn Silo Walker,"The Solar Corn Silo Walker is a mobile agricultural megastructure conceived as a complete harvesting, refining, drying, and storage ecosystem that migrates across entire valleys. Its central chassis rises more than 500 meters above the terrain and incorporates a broad armored body shaped like a walking cluster of cylindrical silos. Four colossal articulated legs, each wider than a city boulevard, carry the structure across uneven ground. Hydraulic-gravity joints allow each foot to independently absorb mountains of soil pressure, while retractable traction claws anchor the Walker during storms. Along its flanks extend dozens of specialized harvesting arms. These telescoping limbs sweep across the Corn Field, cutting stalks, lifting ears, collecting fallen grain, and returning organic residue to designated soil-processing zones. The operational workflow begins with autonomous crop scanners mapping maturity, moisture, and disease levels. Harvesting arms then operate in parallel waves, feeding corn into pneumatic elevators that rise into the Walker's belly. There, husking drums strip the ears before threshing rotors separate kernels from cobs. Cyclone separation cylinders classify material by density, and robotic sorting galleries remove damaged grain. The kernels pass through stacked drying chambers heated by focused solar-thermal arrays and plasma induction coils. Moisture sensors continuously adjust airflow so grain reaches precise storage conditions without cooking or cracking. Below the processing decks are enormous storage vaults divided into independently pressurized silos, allowing multiple crop varieties to remain isolated for years. The internal architecture is effectively a vertical factory-city, with conveyors crossing between levels, robotic maintenance galleries, fermentation chambers, waste recycling systems, and emergency grain-transfer tunnels. Its primary energy source is an immense solar crown extending from its upper hull like metallic petals. Photonic collectors feed energy into superconducting plasma conduits, while magnetic suspension fields reduce the load carried by its legs. Quantum gravity manipulation enables the Walker to shift its effective mass during each step, making a structure heavier than a mountain surprisingly mobile. Thermal exhaust stacks release controlled heat high above the chassis, sometimes creating persistent artificial clouds. From a valley floor, the Solar Corn Silo Walker resembles a moving industrial mountain crowned by a second sun. Its shadow can cover entire farms, while its footsteps create seismic tremors and its solar collectors glitter like lakes of molten metal against the horizon.",,"The Solar Corn Silo Walker is a mobile agricultural megastructure conceived as a complete harvesting, refining, drying, and storage ecosystem that migrates across entire valleys. Its central chassis rises more than 500 meters above the terrain and incorporates a broad armored body shaped like a walking cluster of cylindrical silos. Four colossal articulated legs, each wider than a city boulevard, carry the structure across uneven ground. Hydraulic-gravity joints allow each foot to independently absorb mountains of soil pressure, while retractable traction claws anchor the Walker during storms. Along its flanks extend dozens of specialized harvesting arms. These telescoping limbs sweep across the Corn Field, cutting stalks, lifting ears, collecting fallen grain, and returning organic residue to designated soil-processing zones. The operational workflow begins with autonomous crop scanners mapping maturity, moisture, and disease levels. Harvesting arms then operate in parallel waves, feeding corn into pneumatic elevators that rise into the Walker's belly. There, husking drums strip the ears before threshing rotors separate kernels from cobs. Cyclone separation cylinders classify material by density, and robotic sorting galleries remove damaged grain. The kernels pass through stacked drying chambers heated by focused solar-thermal arrays and plasma induction coils. Moisture sensors continuously adjust airflow so grain reaches precise storage conditions without cooking or cracking. Below the processing decks are enormous storage vaults divided into independently pressurized silos, allowing multiple crop varieties to remain isolated for years. The internal architecture is effectively a vertical factory-city, with conveyors crossing between levels, robotic maintenance galleries, fermentation chambers, waste recycling systems, and emergency grain-transfer tunnels. Its primary energy source is an immense solar crown extending from its upper hull like metallic petals. Photonic collectors feed energy into superconducting plasma conduits, while magnetic suspension fields reduce the load carried by its legs. Quantum gravity manipulation enables the Walker to shift its effective mass during each step, making a structure heavier than a mountain surprisingly mobile. Thermal exhaust stacks release controlled heat high above the chassis, sometimes creating persistent artificial clouds. From a valley floor, the Solar Corn Silo Walker resembles a moving industrial mountain crowned by a second sun. Its shadow can cover entire farms, while its footsteps create seismic tremors and its solar collectors glitter like lakes of molten metal against the horizon.",Impossible Giant Machine,,Corn Field,Agriculture Titan Megastructures,,,,en,new,2,,,,,1,,2026-08-16 14:19:09.463348,2026-08-16 14:19:09.464343,,,,,0,1
33,499ee583-8f3d-4e48-9af1-eca684a43dcd,The Forest Titan Megastructure #1,The Forest Titan Megastructure #1,"The Forest Titan Megastructure #1 is conceived as a walking industrial continent whose chassis rises from the forest canopy like a man-made mountain. Its primary frame is a ribbed composite skeleton of carbon-ceramic girders, living-wood interfaces, and superconductive metal tendons. Twelve articulated locomotive legs terminate in broad magnetic traction feet, allowing the titan to distribute its immense mass across enormous areas rather than crushing a single point of ground. Each leg contains nested shock absorbers and gravity-compensation chambers. Along the forward hull are six telescoping harvesting arms, each longer than a skyscraper, equipped with rotary cutters, molecular bark peelers, root excavators, branch manipulators, and precision graspers capable of selectively dismantling entire trees. Smaller maintenance limbs swarm around them like mechanical insects. The operational workflow begins with atmospheric and biological scanners mapping the forest into harvestable strata. The titan then anchors its feet, lowers stabilization pylons, and sends cutting arms into predetermined corridors. Biomass, mineral-rich soil, resin, fibers, and buried geological material are separated at the point of extraction. Conveyors and pneumatic mass drivers carry the harvested material into the machine's abdominal processing complex, while autonomous replanting drones redistribute viable seeds and nutrient concentrates behind the machine. Inside the belly, fourteen processing galleries form a descending industrial labyrinth. Upper galleries shred and size biological material; cyclone separation cylinders remove dust, spores, and light fibers; drying chambers use controlled thermal fields to reduce moisture; and deeper galleries compress, refine, ferment, carbonize, or chemically separate material according to production requirements. Sealed storage vaults occupy the lowest levels, protected by magnetic doors and pressure-balanced chambers. Energy arrives through quantum planetary conduits that tap minute fluctuations in the world's gravitational and electromagnetic fields. Plasma conduits distribute this energy through superconductive arteries, while magnetic suspension fields prevent internal machinery from being crushed by its own mass. Quantum gravity manipulation reduces effective weight during locomotion and increases downward force during harvesting. Waste heat rises through kilometer-long thermal exhaust towers, where glowing vapor condenses into artificial cloud formations. From the ground, the titan resembles a moving mountain range. Its upper structures disappear into weather systems, catching lightning along conductive spines and generating localized winds around its shoulders. Forest mist streams through its joints, birds circle its towers, and its passage can alter cloud formation across an entire region.",,"The Forest Titan Megastructure #1 is conceived as a walking industrial continent whose chassis rises from the forest canopy like a man-made mountain. Its primary frame is a ribbed composite skeleton of carbon-ceramic girders, living-wood interfaces, and superconductive metal tendons. Twelve articulated locomotive legs terminate in broad magnetic traction feet, allowing the titan to distribute its immense mass across enormous areas rather than crushing a single point of ground. Each leg contains nested shock absorbers and gravity-compensation chambers. Along the forward hull are six telescoping harvesting arms, each longer than a skyscraper, equipped with rotary cutters, molecular bark peelers, root excavators, branch manipulators, and precision graspers capable of selectively dismantling entire trees. Smaller maintenance limbs swarm around them like mechanical insects. The operational workflow begins with atmospheric and biological scanners mapping the forest into harvestable strata. The titan then anchors its feet, lowers stabilization pylons, and sends cutting arms into predetermined corridors. Biomass, mineral-rich soil, resin, fibers, and buried geological material are separated at the point of extraction. Conveyors and pneumatic mass drivers carry the harvested material into the machine's abdominal processing complex, while autonomous replanting drones redistribute viable seeds and nutrient concentrates behind the machine. Inside the belly, fourteen processing galleries form a descending industrial labyrinth. Upper galleries shred and size biological material; cyclone separation cylinders remove dust, spores, and light fibers; drying chambers use controlled thermal fields to reduce moisture; and deeper galleries compress, refine, ferment, carbonize, or chemically separate material according to production requirements. Sealed storage vaults occupy the lowest levels, protected by magnetic doors and pressure-balanced chambers. Energy arrives through quantum planetary conduits that tap minute fluctuations in the world's gravitational and electromagnetic fields. Plasma conduits distribute this energy through superconductive arteries, while magnetic suspension fields prevent internal machinery from being crushed by its own mass. Quantum gravity manipulation reduces effective weight during locomotion and increases downward force during harvesting. Waste heat rises through kilometer-long thermal exhaust towers, where glowing vapor condenses into artificial cloud formations. From the ground, the titan resembles a moving mountain range. Its upper structures disappear into weather systems, catching lightning along conductive spines and generating localized winds around its shoulders. Forest mist streams through its joints, birds circle its towers, and its passage can alter cloud formation across an entire region.",Impossible Giant Machine,,Forest,Nature Titan Megastructures,,,,en,new,1,,,,,1,,2026-08-16 19:30:13.980011,2026-08-16 19:30:13.980011,,,,,0,1
34,59e45c67-93f6-4860-b07d-7b27f7435056,The Forest Titan Megastructure #2,The Forest Titan Megastructure #2,"The Forest Titan Megastructure #2 is a colossal quadrupedal harvesting fortress engineered for continuous movement through forests without requiring roads, clear-cut corridors, or conventional logistical infrastructure. Its chassis resembles a gigantic armored arthropod, with a central cylindrical reactor body surrounded by layered structural shells. Four primary locomotive legs, each composed of dozens of independently articulated segments, provide locomotion through adaptive stepping patterns. Secondary crawler tracks unfold from the feet when traversing relatively stable terrain. The outer armor is covered in retractable observation masts, environmental sensors, repair drones, and enormous intake grilles. Its principal manipulation system consists of eight articulated extraction arms. Two operate as precision forestry cranes, two function as rotary cutting towers, two excavate roots and geological deposits, and two specialize in sorting and transporting material. The machine begins every harvesting cycle by projecting a volumetric map of the surrounding forest. Artificial intelligence identifies mature biomass, fallen material, mineral deposits, moisture gradients, animal movement, and structural hazards. Stabilization anchors descend first. Cutting arms then remove selected trunks and branches, while excavation limbs retrieve roots, soil minerals, and buried resources. Material is fed into armored transfer ducts where magnetic conveyors accelerate the mass toward the central belly factory. The internal factory is arranged vertically around a rotating processing spine. Upper galleries contain impact mills and fiber separators. Middle decks contain enormous cyclone separation cylinders that use controlled vortices to divide wood fibers, dust, spores, and particulate matter. Below them are drying chambers with radiant thermal panels, followed by biochemical reactors and compression galleries. Finished materials descend into segmented storage vaults capable of isolating different substances against contamination. Energy is generated by quantum planetary conduits embedded beneath the chassis. These conduits draw power from microscopic disturbances in planetary gravitational fields and convert them into usable electrical and plasma energy. Magnetic suspension fields support the heaviest processing equipment, allowing machinery weighing thousands of tons to float inside its housings. Quantum gravity manipulation temporarily reduces the titan's effective mass while walking, then restores full gravitational loading when its feet require traction. Plasma conduits glow beneath translucent armored panels, creating rivers of blue-white light across the hull. Thermal exhaust is expelled through dorsal chimneys that function as artificial weather towers. Their heat generates rising columns of air, sometimes creating clouds above the machine. From afar, the titan looks like a moving fortress several kilometers wide, its legs striding above the treeline while storms gather around its superheated exhaust plumes.",,"The Forest Titan Megastructure #2 is a colossal quadrupedal harvesting fortress engineered for continuous movement through forests without requiring roads, clear-cut corridors, or conventional logistical infrastructure. Its chassis resembles a gigantic armored arthropod, with a central cylindrical reactor body surrounded by layered structural shells. Four primary locomotive legs, each composed of dozens of independently articulated segments, provide locomotion through adaptive stepping patterns. Secondary crawler tracks unfold from the feet when traversing relatively stable terrain. The outer armor is covered in retractable observation masts, environmental sensors, repair drones, and enormous intake grilles. Its principal manipulation system consists of eight articulated extraction arms. Two operate as precision forestry cranes, two function as rotary cutting towers, two excavate roots and geological deposits, and two specialize in sorting and transporting material. The machine begins every harvesting cycle by projecting a volumetric map of the surrounding forest. Artificial intelligence identifies mature biomass, fallen material, mineral deposits, moisture gradients, animal movement, and structural hazards. Stabilization anchors descend first. Cutting arms then remove selected trunks and branches, while excavation limbs retrieve roots, soil minerals, and buried resources. Material is fed into armored transfer ducts where magnetic conveyors accelerate the mass toward the central belly factory. The internal factory is arranged vertically around a rotating processing spine. Upper galleries contain impact mills and fiber separators. Middle decks contain enormous cyclone separation cylinders that use controlled vortices to divide wood fibers, dust, spores, and particulate matter. Below them are drying chambers with radiant thermal panels, followed by biochemical reactors and compression galleries. Finished materials descend into segmented storage vaults capable of isolating different substances against contamination. Energy is generated by quantum planetary conduits embedded beneath the chassis. These conduits draw power from microscopic disturbances in planetary gravitational fields and convert them into usable electrical and plasma energy. Magnetic suspension fields support the heaviest processing equipment, allowing machinery weighing thousands of tons to float inside its housings. Quantum gravity manipulation temporarily reduces the titan's effective mass while walking, then restores full gravitational loading when its feet require traction. Plasma conduits glow beneath translucent armored panels, creating rivers of blue-white light across the hull. Thermal exhaust is expelled through dorsal chimneys that function as artificial weather towers. Their heat generates rising columns of air, sometimes creating clouds above the machine. From afar, the titan looks like a moving fortress several kilometers wide, its legs striding above the treeline while storms gather around its superheated exhaust plumes.",Impossible Giant Machine,,Forest,Nature Titan Megastructures,,,,en,new,2,,,,,1,,2026-08-16 19:30:14.020613,2026-08-16 19:30:14.020613,,,,,0,1
35,c2d63a0a-b36e-42f1-aefe-8d2616b0bce2,The Forest Titan Megastructure #3,The Forest Titan Megastructure #3,"The Forest Titan Megastructure #3 is designed as a mobile vertical refinery, combining the physical silhouette of a humanoid titan with the internal architecture of a planetary-scale processing plant. Its torso is a kilometer-scale pressure vessel surrounded by concentric structural rings, while its head contains navigation arrays, atmospheric scanners, and long-range quantum sensors rather than a conventional cockpit. Six enormous legs provide locomotion, each terminating in a circular multi-layer traction platform capable of locking onto bedrock, roots, or artificial anchor fields. The shoulders carry twelve harvesting arms of radically different designs: shearing booms cut mature timber, articulated claws gather fallen biomass, flexible drilling tendrils extract roots and minerals, and broad manipulation paddles compress vegetation into transportable bundles. Before physical harvesting begins, the titan releases thousands of autonomous survey drones. They map forest density, identify usable biomass, calculate terrain stress, and construct an optimized extraction sequence. The machine advances slowly, processing the forest continuously rather than stopping at centralized collection sites. Arms harvest material, local crushers reduce it to standardized feedstock, and electromagnetic launch tubes propel the material into the abdomen. Within the belly factory, forty processing decks are arranged around a central gravity shaft. The highest galleries receive raw biomass and geological material. Cyclone separation cylinders divide particles by density and aerodynamic behavior. Drying chambers use infrared radiation, microwave fields, and controlled vacuum zones to extract moisture without excessive thermal damage. Lower galleries contain chemical conversion chambers, fiber alignment systems, carbon-processing furnaces, and precision fabrication cells. Finished products enter enormous storage vaults suspended inside magnetic cages. The titan's energy architecture is built around quantum planetary conduits extending through its legs and into the ground. These conduits manipulate gravitational gradients and electromagnetic resonance, feeding colossal plasma conduits that circulate energy throughout the chassis. Magnetic suspension fields isolate factory decks from vibration and permit internal reactors to operate independently of the titan's motion. Quantum gravity manipulation lightens the entire structure during each stride, while localized gravity wells stabilize harvesting arms during heavy lifts. Thermal exhaust is routed upward through the neck and dorsal towers, producing towering columns of shimmering air. At full operation, the machine becomes a landmark visible from beyond the horizon. Its head rises above cloud layers, its shoulders intercept jet streams, and condensation forms around its superstructure. Rain can fall from its exhaust-generated clouds while forests below are illuminated by blue plasma reflections. Lightning frequently crawls across its conductive exterior, making the titan resemble a walking storm-wrapped mountain.",,"The Forest Titan Megastructure #3 is designed as a mobile vertical refinery, combining the physical silhouette of a humanoid titan with the internal architecture of a planetary-scale processing plant. Its torso is a kilometer-scale pressure vessel surrounded by concentric structural rings, while its head contains navigation arrays, atmospheric scanners, and long-range quantum sensors rather than a conventional cockpit. Six enormous legs provide locomotion, each terminating in a circular multi-layer traction platform capable of locking onto bedrock, roots, or artificial anchor fields. The shoulders carry twelve harvesting arms of radically different designs: shearing booms cut mature timber, articulated claws gather fallen biomass, flexible drilling tendrils extract roots and minerals, and broad manipulation paddles compress vegetation into transportable bundles. Before physical harvesting begins, the titan releases thousands of autonomous survey drones. They map forest density, identify usable biomass, calculate terrain stress, and construct an optimized extraction sequence. The machine advances slowly, processing the forest continuously rather than stopping at centralized collection sites. Arms harvest material, local crushers reduce it to standardized feedstock, and electromagnetic launch tubes propel the material into the abdomen. Within the belly factory, forty processing decks are arranged around a central gravity shaft. The highest galleries receive raw biomass and geological material. Cyclone separation cylinders divide particles by density and aerodynamic behavior. Drying chambers use infrared radiation, microwave fields, and controlled vacuum zones to extract moisture without excessive thermal damage. Lower galleries contain chemical conversion chambers, fiber alignment systems, carbon-processing furnaces, and precision fabrication cells. Finished products enter enormous storage vaults suspended inside magnetic cages. The titan's energy architecture is built around quantum planetary conduits extending through its legs and into the ground. These conduits manipulate gravitational gradients and electromagnetic resonance, feeding colossal plasma conduits that circulate energy throughout the chassis. Magnetic suspension fields isolate factory decks from vibration and permit internal reactors to operate independently of the titan's motion. Quantum gravity manipulation lightens the entire structure during each stride, while localized gravity wells stabilize harvesting arms during heavy lifts. Thermal exhaust is routed upward through the neck and dorsal towers, producing towering columns of shimmering air. At full operation, the machine becomes a landmark visible from beyond the horizon. Its head rises above cloud layers, its shoulders intercept jet streams, and condensation forms around its superstructure. Rain can fall from its exhaust-generated clouds while forests below are illuminated by blue plasma reflections. Lightning frequently crawls across its conductive exterior, making the titan resemble a walking storm-wrapped mountain.",Impossible Giant Machine,,Forest,Nature Titan Megastructures,,,,en,new,3,,,,,1,,2026-08-16 19:30:14.041844,2026-08-16 19:30:14.041844,,,,,0,1
36,9f4998a9-fc56-4122-9dc3-198b95d330fe,The Forest Titan Megastructure #4,The Forest Titan Megastructure #4,"The Forest Titan Megastructure #4 is a six-legged industrial colossus optimized for harvesting, transformation, and ecological manipulation at continental scales. Its chassis is built as a flexible skeletal lattice rather than a rigid monolith, allowing the machine to bend slightly as its enormous mass crosses valleys, hills, and unstable forest floors. Each leg is divided into armored mechanical vertebrae connected by hydraulic-metallic tendons and quantum-stabilized joints. The feet contain retractable tracks, anchoring claws, and magnetic plates that can grip exposed rock. Around the central body are sixteen specialized arms. Massive circular cutters operate like mechanical sawmills, while articulated harvesting claws collect branches and fallen trees. Smaller precision arms strip bark, retrieve seeds, clear waterways, and manipulate individual objects with surprising delicacy. The titan's workflow begins with a panoramic scan extending hundreds of kilometers. Its computational core divides the forest into biological, geological, and atmospheric zones. The machine then selects an extraction pattern designed to maintain continuous production. One arm cuts material, another sorts it, another feeds it into compactors, and ground drones repair disturbed terrain. Material travels through flexible armored conduits toward the internal belly factory. The belly is divided into eight enormous vertical processing districts connected by freight elevators and magnetic conveyors. Raw feed enters upper receiving galleries, where rotating mills break it into controlled particle sizes. Cyclone separation cylinders then exploit centrifugal forces to separate fibers, dust, resin, minerals, and other fractions. Drying chambers occupy an entire internal level, using circulating superheated air and electromagnetic heating. Deeper galleries perform chemical separation, high-pressure synthesis, carbonization, and material forming. Finished products are isolated within vacuum-sealed storage vaults embedded near the machine's center of mass. Its energy system uses quantum planetary conduits driven deep into the crust whenever the titan pauses. Plasma conduits carry the resulting energy through every limb, while magnetic suspension fields float reactor modules and factory equipment against vibration. Quantum gravity manipulation allows the titan to redistribute its effective weight from one foot to another, preventing catastrophic ground failure. Excess heat travels through armored exhaust trunks and emerges from chimney arrays along the back. These thermal towers create immense convection columns, frequently producing fog banks and towering clouds. Seen from a distant mountain, the titan appears comparable to a skyscraper city standing on six moving mountains. Its legs disappear into the forest canopy, its upper decks pierce clouds, and its exhaust interacts with regional weather. Sunlight glints from its armor while rain, mist, birds, and entire airborne ecosystems circulate around its immense frame.",,"The Forest Titan Megastructure #4 is a six-legged industrial colossus optimized for harvesting, transformation, and ecological manipulation at continental scales. Its chassis is built as a flexible skeletal lattice rather than a rigid monolith, allowing the machine to bend slightly as its enormous mass crosses valleys, hills, and unstable forest floors. Each leg is divided into armored mechanical vertebrae connected by hydraulic-metallic tendons and quantum-stabilized joints. The feet contain retractable tracks, anchoring claws, and magnetic plates that can grip exposed rock. Around the central body are sixteen specialized arms. Massive circular cutters operate like mechanical sawmills, while articulated harvesting claws collect branches and fallen trees. Smaller precision arms strip bark, retrieve seeds, clear waterways, and manipulate individual objects with surprising delicacy. The titan's workflow begins with a panoramic scan extending hundreds of kilometers. Its computational core divides the forest into biological, geological, and atmospheric zones. The machine then selects an extraction pattern designed to maintain continuous production. One arm cuts material, another sorts it, another feeds it into compactors, and ground drones repair disturbed terrain. Material travels through flexible armored conduits toward the internal belly factory. The belly is divided into eight enormous vertical processing districts connected by freight elevators and magnetic conveyors. Raw feed enters upper receiving galleries, where rotating mills break it into controlled particle sizes. Cyclone separation cylinders then exploit centrifugal forces to separate fibers, dust, resin, minerals, and other fractions. Drying chambers occupy an entire internal level, using circulating superheated air and electromagnetic heating. Deeper galleries perform chemical separation, high-pressure synthesis, carbonization, and material forming. Finished products are isolated within vacuum-sealed storage vaults embedded near the machine's center of mass. Its energy system uses quantum planetary conduits driven deep into the crust whenever the titan pauses. Plasma conduits carry the resulting energy through every limb, while magnetic suspension fields float reactor modules and factory equipment against vibration. Quantum gravity manipulation allows the titan to redistribute its effective weight from one foot to another, preventing catastrophic ground failure. Excess heat travels through armored exhaust trunks and emerges from chimney arrays along the back. These thermal towers create immense convection columns, frequently producing fog banks and towering clouds. Seen from a distant mountain, the titan appears comparable to a skyscraper city standing on six moving mountains. Its legs disappear into the forest canopy, its upper decks pierce clouds, and its exhaust interacts with regional weather. Sunlight glints from its armor while rain, mist, birds, and entire airborne ecosystems circulate around its immense frame.",Impossible Giant Machine,,Forest,Nature Titan Megastructures,,,,en,new,4,,,,,1,,2026-08-16 19:30:14.070661,2026-08-16 19:30:14.070661,,,,,0,1
37,860c26b2-8d43-41ee-9ab1-63a453f925b9,The Forest Titan Megastructure #5,The Forest Titan Megastructure #5,"The Forest Titan Megastructure #5 is the most extreme expression of forest-based megamachine engineering: a roaming artificial mountain designed to function simultaneously as harvester, refinery, power station, ecological processor, and atmospheric engine. Its primary chassis is a cathedral-like framework of interlocking alloy arches surrounding a cylindrical industrial core. Eight colossal locomotive legs support the structure, each capable of telescoping vertically to cross ravines and uneven terrain. Their joints contain nested quantum gravity manipulators that continuously alter local inertia. Each foot can unfold into hundreds of meters of magnetic track, allowing the titan to transition from walking to slow rolling motion. Its twelve principal extraction arms extend from the shoulders and lower flanks. Some carry tree-scale cutting wheels, others use articulated claws for biomass collection, while specialized arms drill into soil, extract minerals, manipulate waterways, and recover valuable organic compounds. The operational cycle begins with atmospheric sampling and forest tomography. The titan creates a three-dimensional model of trunks, roots, soil layers, moisture, mineral concentration, wildlife corridors, and weather conditions. It then establishes a moving industrial zone. Harvesters cut and collect material, feeder machines reduce it into standardized pieces, and magnetic transfer systems launch the material into the abdomen. Inside, the belly factory resembles a stacked underground city. Receiving galleries occupy the upper levels, followed by crushing halls, cyclone separation cylinders, fiber classification decks, and enormous drying chambers. Further below are biochemical reactors, thermal conversion furnaces, material synthesizers, and quality-control chambers. Storage vaults occupy the lowest protected levels, arranged around the central gravity spine and sealed against heat, pressure, and contamination. The power architecture is equally colossal. Quantum planetary conduits extend through the legs into the crust, drawing usable energy from gravitational fluctuations and planetary electromagnetic currents. Plasma conduits distribute this energy as incandescent streams through the chassis. Magnetic suspension fields keep the internal factories almost weightless, while quantum gravity manipulation handles the titan's effective mass during locomotion and heavy extraction. Waste heat is concentrated into dorsal thermal exhaust systems, which release energy as enormous upward plumes. The result is a permanent atmospheric landmark. The titan can rise several kilometers above the forest, exceeding many skyscrapers and rivaling mountains. Clouds form around its shoulders, jet streams bend around its towers, and condensation cascades down its exterior as artificial rain. At night, plasma conduits illuminate the machine like a blue-white mountain city, while thermal exhaust glows red through the clouds. Its passage does not merely cross the forest; it creates a moving climate system, transforming the landscape into a temporary industrial world beneath the shadow of an impossible machine.",,"The Forest Titan Megastructure #5 is the most extreme expression of forest-based megamachine engineering: a roaming artificial mountain designed to function simultaneously as harvester, refinery, power station, ecological processor, and atmospheric engine. Its primary chassis is a cathedral-like framework of interlocking alloy arches surrounding a cylindrical industrial core. Eight colossal locomotive legs support the structure, each capable of telescoping vertically to cross ravines and uneven terrain. Their joints contain nested quantum gravity manipulators that continuously alter local inertia. Each foot can unfold into hundreds of meters of magnetic track, allowing the titan to transition from walking to slow rolling motion. Its twelve principal extraction arms extend from the shoulders and lower flanks. Some carry tree-scale cutting wheels, others use articulated claws for biomass collection, while specialized arms drill into soil, extract minerals, manipulate waterways, and recover valuable organic compounds. The operational cycle begins with atmospheric sampling and forest tomography. The titan creates a three-dimensional model of trunks, roots, soil layers, moisture, mineral concentration, wildlife corridors, and weather conditions. It then establishes a moving industrial zone. Harvesters cut and collect material, feeder machines reduce it into standardized pieces, and magnetic transfer systems launch the material into the abdomen. Inside, the belly factory resembles a stacked underground city. Receiving galleries occupy the upper levels, followed by crushing halls, cyclone separation cylinders, fiber classification decks, and enormous drying chambers. Further below are biochemical reactors, thermal conversion furnaces, material synthesizers, and quality-control chambers. Storage vaults occupy the lowest protected levels, arranged around the central gravity spine and sealed against heat, pressure, and contamination. The power architecture is equally colossal. Quantum planetary conduits extend through the legs into the crust, drawing usable energy from gravitational fluctuations and planetary electromagnetic currents. Plasma conduits distribute this energy as incandescent streams through the chassis. Magnetic suspension fields keep the internal factories almost weightless, while quantum gravity manipulation handles the titan's effective mass during locomotion and heavy extraction. Waste heat is concentrated into dorsal thermal exhaust systems, which release energy as enormous upward plumes. The result is a permanent atmospheric landmark. The titan can rise several kilometers above the forest, exceeding many skyscrapers and rivaling mountains. Clouds form around its shoulders, jet streams bend around its towers, and condensation cascades down its exterior as artificial rain. At night, plasma conduits illuminate the machine like a blue-white mountain city, while thermal exhaust glows red through the clouds. Its passage does not merely cross the forest; it creates a moving climate system, transforming the landscape into a temporary industrial world beneath the shadow of an impossible machine.",Impossible Giant Machine,,Forest,Nature Titan Megastructures,,,,en,new,5,,,,,1,,2026-08-16 19:30:14.100929,2026-08-16 19:30:14.100929,,,,,0,1
38,5c4aa008-c56b-4ad8-971a-c73ae142700f,The Forest Titan Megastructure #6,The Forest Titan Megastructure #6,"Forest Titan Megastructure #6 rises like a moving mountain, its primary chassis formed from nested rings of black composite armor surrounding a kilometer-scale structural spine. Twelve articulated locomotive legs support the machine, each leg terminating in broad pressure feet that distribute its weight across enormous areas of soil and root networks. Auxiliary crawler tracks unfold from the ankles when traversing unstable terrain. Along its torso are dozens of telescoping harvesting arms, each equipped with interchangeable cutting wheels, sonic bark separators, root manipulators, and molecular sorting claws. The machine does not simply clear a forest; it continuously negotiates with the ecosystem, identifying mature timber, mineral-bearing roots, resin reservoirs, fungal masses, and other useful biological resources before harvesting them with controlled precision. Its operational workflow begins with orbital-scale lidar and quantum bioscanners mapping vegetation density and subterranean structures. Leg-mounted probes then analyze soil stability. Harvesting arms descend, isolate selected biomass, cut it into standardized feedstock, and transport the material through armored conveyor throats into the belly. There, the Internal Belly Factory extends through nine vertical processing galleries. Cyclone separation cylinders strip leaves, fibers, dust, and particulate matter from bulk material. Heated drying chambers reduce moisture using captured geothermal and plasma waste heat, while molecular mills break selected biomass into cellulose feedstock, carbon slurry, structural fibers, and biochemical precursors. Deeper galleries contain pressure vats and fabrication furnaces, followed by enormous storage vaults whose doors resemble canyon walls. Energy arrives through quantum planetary conduits anchored deep beneath the chassis. Plasma streams circulate through magnetic suspension channels, allowing major components to float within the frame and reducing mechanical stress. Quantum gravity manipulators subtly redistribute apparent mass during each step, enabling the titan to lift loads that would otherwise collapse its own limbs. Waste heat exits through kilometer-long thermal exhaust fins, creating shimmering atmospheric columns. From the ground, the machine resembles a range of mountains walking across the horizon. Its upper decks pierce cloud layers, attracting condensation and producing localized rain. Thunderheads form around its plasma exhaust, while forests bend beneath pressure waves generated by each footfall. At night, its conduit network glows through the mist like artificial rivers of blue-white lightning.",,"Forest Titan Megastructure #6 rises like a moving mountain, its primary chassis formed from nested rings of black composite armor surrounding a kilometer-scale structural spine. Twelve articulated locomotive legs support the machine, each leg terminating in broad pressure feet that distribute its weight across enormous areas of soil and root networks. Auxiliary crawler tracks unfold from the ankles when traversing unstable terrain. Along its torso are dozens of telescoping harvesting arms, each equipped with interchangeable cutting wheels, sonic bark separators, root manipulators, and molecular sorting claws. The machine does not simply clear a forest; it continuously negotiates with the ecosystem, identifying mature timber, mineral-bearing roots, resin reservoirs, fungal masses, and other useful biological resources before harvesting them with controlled precision. Its operational workflow begins with orbital-scale lidar and quantum bioscanners mapping vegetation density and subterranean structures. Leg-mounted probes then analyze soil stability. Harvesting arms descend, isolate selected biomass, cut it into standardized feedstock, and transport the material through armored conveyor throats into the belly. There, the Internal Belly Factory extends through nine vertical processing galleries. Cyclone separation cylinders strip leaves, fibers, dust, and particulate matter from bulk material. Heated drying chambers reduce moisture using captured geothermal and plasma waste heat, while molecular mills break selected biomass into cellulose feedstock, carbon slurry, structural fibers, and biochemical precursors. Deeper galleries contain pressure vats and fabrication furnaces, followed by enormous storage vaults whose doors resemble canyon walls. Energy arrives through quantum planetary conduits anchored deep beneath the chassis. Plasma streams circulate through magnetic suspension channels, allowing major components to float within the frame and reducing mechanical stress. Quantum gravity manipulators subtly redistribute apparent mass during each step, enabling the titan to lift loads that would otherwise collapse its own limbs. Waste heat exits through kilometer-long thermal exhaust fins, creating shimmering atmospheric columns. From the ground, the machine resembles a range of mountains walking across the horizon. Its upper decks pierce cloud layers, attracting condensation and producing localized rain. Thunderheads form around its plasma exhaust, while forests bend beneath pressure waves generated by each footfall. At night, its conduit network glows through the mist like artificial rivers of blue-white lightning.",Impossible Giant Machine,,Forest,Nature Titan Megastructures,,,,en,new,6,,,,,1,,2026-08-16 19:30:14.130263,2026-08-16 19:30:14.130263,,,,,0,1
39,c419d559-cd2d-402a-bea8-3bceec1604e0,The Forest Titan Megastructure #7,The Forest Titan Megastructure #7,"Forest Titan Megastructure #7 is engineered as a colossal mobile harvesting cathedral, combining a fortress-like central chassis with six segmented legs that can operate independently across broken forest terrain. The main body is divided into armored mechanical ribs, each rib housing shock absorbers, superconducting power trunks, maintenance drones, and retractable manipulation equipment. Its legs contain nested pistons and magnetic joints capable of rotating through impossible angles, allowing the titan to step over valleys, fallen giants, and entire ridgelines. Four primary harvesting arms project from the shoulders, while dozens of smaller articulated appendages emerge from the abdomen and hips. Their tools range from diamond-edged forest cutters to electromagnetic seed collectors and molecular fiber peelers. The machine begins each harvesting cycle by generating a three-dimensional ecological map. Quantum sensors distinguish living trunks from deadwood, detect underground water channels, and identify regions where extraction would destabilize the surrounding forest. Selected material is cut, lifted, mechanically debarked, compressed, and transferred into pneumatic cargo arteries. Biomass moves downward through the torso while mineral particulates and concentrated sap streams travel through separate magnetic pipelines. Inside the belly lies a twelve-level factory arranged around a gigantic vertical processing shaft. Cyclone separation cylinders spin harvested material at hypersonic speed, separating fibers by density. Drying chambers use controlled microwave fields and recycled thermal energy to evaporate moisture without burning organic compounds. Compression galleries transform dried matter into structural panels, carbon-rich bricks, biological feedstock, and long-chain fibers. Finished products descend into cathedral-sized storage vaults protected by pressure doors and autonomous inventory machines. The energy system is built around plasma conduits running along the titan's spine. Magnetic suspension fields levitate the heaviest factory modules, preventing their inertia from destroying the chassis during locomotion. Quantum gravity manipulators temporarily reduce effective mass during lifting operations and restore normal gravitational coupling when loads are anchored. Reactor heat is carried through liquid-metal loops toward enormous thermal exhaust towers, which radiate excess energy into the upper atmosphere. From a distance, #7 resembles a moving mountain range crowned with industrial towers. Its shoulders can rise above skyscraper height, while its legs disappear into forest haze. Each step compresses the ground like a controlled earthquake. Warm exhaust creates rising air columns, drawing clouds toward the machine and sometimes generating artificial storms around its silhouette.",,"Forest Titan Megastructure #7 is engineered as a colossal mobile harvesting cathedral, combining a fortress-like central chassis with six segmented legs that can operate independently across broken forest terrain. The main body is divided into armored mechanical ribs, each rib housing shock absorbers, superconducting power trunks, maintenance drones, and retractable manipulation equipment. Its legs contain nested pistons and magnetic joints capable of rotating through impossible angles, allowing the titan to step over valleys, fallen giants, and entire ridgelines. Four primary harvesting arms project from the shoulders, while dozens of smaller articulated appendages emerge from the abdomen and hips. Their tools range from diamond-edged forest cutters to electromagnetic seed collectors and molecular fiber peelers. The machine begins each harvesting cycle by generating a three-dimensional ecological map. Quantum sensors distinguish living trunks from deadwood, detect underground water channels, and identify regions where extraction would destabilize the surrounding forest. Selected material is cut, lifted, mechanically debarked, compressed, and transferred into pneumatic cargo arteries. Biomass moves downward through the torso while mineral particulates and concentrated sap streams travel through separate magnetic pipelines. Inside the belly lies a twelve-level factory arranged around a gigantic vertical processing shaft. Cyclone separation cylinders spin harvested material at hypersonic speed, separating fibers by density. Drying chambers use controlled microwave fields and recycled thermal energy to evaporate moisture without burning organic compounds. Compression galleries transform dried matter into structural panels, carbon-rich bricks, biological feedstock, and long-chain fibers. Finished products descend into cathedral-sized storage vaults protected by pressure doors and autonomous inventory machines. The energy system is built around plasma conduits running along the titan's spine. Magnetic suspension fields levitate the heaviest factory modules, preventing their inertia from destroying the chassis during locomotion. Quantum gravity manipulators temporarily reduce effective mass during lifting operations and restore normal gravitational coupling when loads are anchored. Reactor heat is carried through liquid-metal loops toward enormous thermal exhaust towers, which radiate excess energy into the upper atmosphere. From a distance, #7 resembles a moving mountain range crowned with industrial towers. Its shoulders can rise above skyscraper height, while its legs disappear into forest haze. Each step compresses the ground like a controlled earthquake. Warm exhaust creates rising air columns, drawing clouds toward the machine and sometimes generating artificial storms around its silhouette.",Impossible Giant Machine,,Forest,Nature Titan Megastructures,,,,en,new,7,,,,,1,,2026-08-16 19:30:14.155159,2026-08-16 19:30:14.155159,,,,,0,1
40,24849a2a-8946-460f-9984-56d58e3f0229,The Forest Titan Megastructure #8,The Forest Titan Megastructure #8,"Forest Titan Megastructure #8 is conceived as a forest-processing colossus whose chassis resembles an immense armored organism rather than a conventional vehicle. A cylindrical central reactor spine runs from the machine's lower anchor assembly to a command crown thousands of meters above ground. Around this spine are concentric structural shells linked by articulated joints, allowing the titan to flex rather than resist terrain. Eight locomotive legs carry the main mass, each composed of overlapping armored segments and equipped with independent suspension fields. Wide traction pads and retractable ground anchors prevent the machine from sliding on wet forest floors. Its harvesting system is exceptionally elaborate: six shoulder-mounted cutter arms perform high-volume extraction, while twenty-four auxiliary manipulators sort branches, roots, fungi, resin, and other biological materials before they reach the factory. The operational cycle starts with atmospheric scanning and subterranean tomography. The machine selects extraction zones according to biomass density and geological stability, then creates temporary corridors using precision cutting rather than indiscriminate clearing. Automated arms harvest material in measured bundles, strip contaminants, reduce the bundles to uniform feedstock, and feed them into sealed transfer ducts. The belly factory occupies almost the entire central torso. Seven processing galleries surround a rotating core, with cyclone separation cylinders positioned like gigantic turbines. Their centrifugal fields separate wood fibers, mineral dust, spores, and liquid compounds. Adjacent drying chambers use infrared radiation, low-pressure atmospheres, and recovered reactor heat to remove moisture. Further levels contain chemical conversion plants, fiber weaving machinery, carbon furnaces, and refrigerated biological vaults. Storage galleries extend into the legs themselves, providing distributed reserves so the titan can operate for months without external logistics. Its power architecture combines plasma conduits with quantum planetary energy taps embedded beneath the feet. Magnetic suspension fields isolate the factory from the violent acceleration of locomotion. Quantum gravity manipulation permits the titan to redistribute structural loads through the surrounding gravitational field, making its immense frame behave as though it were dramatically lighter. Thermal exhaust is expelled through dorsal radiators and high-altitude vent stacks. Seen from below, #8 blocks the sky like a mobile mountain. Its upper structures disappear into clouds, and condensation gathers along hot exhaust towers before falling as artificial rain. Birds alter migration paths around it, winds bend around its torso, and distant observers may mistake its illuminated crown for a new celestial object.",,"Forest Titan Megastructure #8 is conceived as a forest-processing colossus whose chassis resembles an immense armored organism rather than a conventional vehicle. A cylindrical central reactor spine runs from the machine's lower anchor assembly to a command crown thousands of meters above ground. Around this spine are concentric structural shells linked by articulated joints, allowing the titan to flex rather than resist terrain. Eight locomotive legs carry the main mass, each composed of overlapping armored segments and equipped with independent suspension fields. Wide traction pads and retractable ground anchors prevent the machine from sliding on wet forest floors. Its harvesting system is exceptionally elaborate: six shoulder-mounted cutter arms perform high-volume extraction, while twenty-four auxiliary manipulators sort branches, roots, fungi, resin, and other biological materials before they reach the factory. The operational cycle starts with atmospheric scanning and subterranean tomography. The machine selects extraction zones according to biomass density and geological stability, then creates temporary corridors using precision cutting rather than indiscriminate clearing. Automated arms harvest material in measured bundles, strip contaminants, reduce the bundles to uniform feedstock, and feed them into sealed transfer ducts. The belly factory occupies almost the entire central torso. Seven processing galleries surround a rotating core, with cyclone separation cylinders positioned like gigantic turbines. Their centrifugal fields separate wood fibers, mineral dust, spores, and liquid compounds. Adjacent drying chambers use infrared radiation, low-pressure atmospheres, and recovered reactor heat to remove moisture. Further levels contain chemical conversion plants, fiber weaving machinery, carbon furnaces, and refrigerated biological vaults. Storage galleries extend into the legs themselves, providing distributed reserves so the titan can operate for months without external logistics. Its power architecture combines plasma conduits with quantum planetary energy taps embedded beneath the feet. Magnetic suspension fields isolate the factory from the violent acceleration of locomotion. Quantum gravity manipulation permits the titan to redistribute structural loads through the surrounding gravitational field, making its immense frame behave as though it were dramatically lighter. Thermal exhaust is expelled through dorsal radiators and high-altitude vent stacks. Seen from below, #8 blocks the sky like a mobile mountain. Its upper structures disappear into clouds, and condensation gathers along hot exhaust towers before falling as artificial rain. Birds alter migration paths around it, winds bend around its torso, and distant observers may mistake its illuminated crown for a new celestial object.",Impossible Giant Machine,,Forest,Nature Titan Megastructures,,,,en,new,8,,,,,1,,2026-08-16 19:30:14.176326,2026-08-16 19:30:14.177314,,,,,0,1
41,114aa6da-1af0-4496-8a44-7986ba6912db,The Forest Titan Megastructure #9,The Forest Titan Megastructure #9,"Forest Titan Megastructure #9 is a walking industrial ecosystem designed around the principle that the machine itself should become part of the forest's physical geography. Its chassis is an elongated fortress nearly several kilometers long, supported by ten articulated legs arranged in two staggered rows. Each leg can lock into the ground, crawl independently, or fold sideways to negotiate ravines. Internal counterweights move continuously through the frame, balancing the titan as it climbs. The outer hull carries layered armor, root-safe pressure shields, maintenance galleries, and hundreds of docking ports for autonomous harvesting drones. Its largest extraction arms are mounted beneath the forward shoulders, where they can reach downward like mechanical cranes. Rotary cutters, plasma saws, grasping manipulators, and molecular stripping heads allow the titan to process entire tree clusters while minimizing unnecessary disturbance. Operationally, #9 first establishes a sensor perimeter. Ground probes measure soil compression, while airborne drones map canopy structure and weather conditions. The titan then identifies biomass corridors and physically processes them from crown to root, transporting harvested material through enclosed conveyor arteries. Raw matter enters the belly through multiple intake locks before descending through a sequence of processing galleries. The factory's upper levels contain shredders and cyclone separation cylinders that classify material according to mass, moisture, and fiber length. Lower levels contain enormous drying chambers, where controlled vacuum and thermal fields extract water. Chemical galleries convert biomass into carbon composites, cellulose feedstock, synthetic fuels, and construction fibers. Finished materials are sealed inside storage vaults carved into the machine's armored lower hull. Its energy system is based on a distributed network of plasma conduits connecting a central quantum reactor to every limb. Magnetic suspension fields allow factories, generators, and cargo containers to float independently inside the chassis, preventing structural shock from locomotion. Quantum gravity manipulators modify local gravitational gradients, letting the titan stabilize itself while lifting immense biological loads. Excess heat travels through liquid-metal circulation loops and emerges from finned thermal exhaust structures along the back. The result is a machine whose silhouette rivals a mountain chain. Its legs can disappear below treetops while its torso rises above cloud level. Footfalls generate rolling pressure waves and ground tremors. Exhaust plumes seed clouds with heat and moisture, producing curtains of rain around the titan. During storms, lightning frequently strikes its elevated plasma conduits, turning the machine into a temporary artificial thunderhead visible hundreds of kilometers away.",,"Forest Titan Megastructure #9 is a walking industrial ecosystem designed around the principle that the machine itself should become part of the forest's physical geography. Its chassis is an elongated fortress nearly several kilometers long, supported by ten articulated legs arranged in two staggered rows. Each leg can lock into the ground, crawl independently, or fold sideways to negotiate ravines. Internal counterweights move continuously through the frame, balancing the titan as it climbs. The outer hull carries layered armor, root-safe pressure shields, maintenance galleries, and hundreds of docking ports for autonomous harvesting drones. Its largest extraction arms are mounted beneath the forward shoulders, where they can reach downward like mechanical cranes. Rotary cutters, plasma saws, grasping manipulators, and molecular stripping heads allow the titan to process entire tree clusters while minimizing unnecessary disturbance. Operationally, #9 first establishes a sensor perimeter. Ground probes measure soil compression, while airborne drones map canopy structure and weather conditions. The titan then identifies biomass corridors and physically processes them from crown to root, transporting harvested material through enclosed conveyor arteries. Raw matter enters the belly through multiple intake locks before descending through a sequence of processing galleries. The factory's upper levels contain shredders and cyclone separation cylinders that classify material according to mass, moisture, and fiber length. Lower levels contain enormous drying chambers, where controlled vacuum and thermal fields extract water. Chemical galleries convert biomass into carbon composites, cellulose feedstock, synthetic fuels, and construction fibers. Finished materials are sealed inside storage vaults carved into the machine's armored lower hull. Its energy system is based on a distributed network of plasma conduits connecting a central quantum reactor to every limb. Magnetic suspension fields allow factories, generators, and cargo containers to float independently inside the chassis, preventing structural shock from locomotion. Quantum gravity manipulators modify local gravitational gradients, letting the titan stabilize itself while lifting immense biological loads. Excess heat travels through liquid-metal circulation loops and emerges from finned thermal exhaust structures along the back. The result is a machine whose silhouette rivals a mountain chain. Its legs can disappear below treetops while its torso rises above cloud level. Footfalls generate rolling pressure waves and ground tremors. Exhaust plumes seed clouds with heat and moisture, producing curtains of rain around the titan. During storms, lightning frequently strikes its elevated plasma conduits, turning the machine into a temporary artificial thunderhead visible hundreds of kilometers away.",Impossible Giant Machine,,Forest,Nature Titan Megastructures,,,,en,new,9,,,,,1,,2026-08-16 19:30:14.198825,2026-08-16 19:30:14.198825,,,,,0,1
42,867b62d3-45dd-4792-9e7b-c77c20277f67,The Forest Titan Megastructure #10,The Forest Titan Megastructure #10,"Forest Titan Megastructure #10 is the most extreme expression of the Forest Titan architecture: a continent-roaming machine whose chassis is designed to harvest, process, store, and transport forest-derived matter without stopping. Its primary frame consists of a colossal armored spinal beam surrounded by concentric rotating trusses. Fourteen articulated locomotive legs connect to the trusses through enormous spherical joints, each joint containing superconducting bearings and gravitational stabilizers. The legs can walk individually, form temporary bridges, or anchor the machine against hurricane-force winds. Along the forward hull are enormous harvesting arms resembling mechanical tree limbs, each capable of extending several kilometers. Their tools include molecular cutters, ultrasonic bark splitters, root extraction claws, fiber combs, and precision seed collectors. The workflow begins with a planetary ecological scan. Quantum sensors map forests, groundwater, soil density, atmospheric conditions, and underground biomass. The titan selects harvesting zones, establishes a controlled perimeter, and deploys autonomous manipulators. Trees and other usable biomass are segmented, lifted, cleaned, shredded, dried, and transported through pressurized conduits. Nothing moves randomly: material streams are classified at every stage so that fibers, carbon, minerals, liquids, and biological compounds reach separate processing systems. The Internal Belly Factory is effectively a vertical industrial city. Twenty processing decks surround a central gravity-neutral shaft. Cyclone separation cylinders operate continuously, sorting particulate matter at enormous throughput. Vast drying chambers use vacuum fields and captured reactor heat, while catalytic galleries convert biological material into engineered carbon, structural polymers, energy substrates, and advanced composite fibers. Finished products descend into storage vaults larger than conventional skyscraper districts, with autonomous cranes arranging millions of tons of material. Plasma conduits form the titan's circulatory system, carrying energy between quantum reactors and remote limbs. Magnetic suspension fields isolate the factory decks from vibration. Quantum gravity manipulators counteract the immense mass of the chassis, allowing the machine to cross terrain that should be physically impossible for any terrestrial structure. Thermal exhaust towers release waste heat high above the canopy through controlled plumes. From the surface, #10 appears less like a machine than a moving mountain range. Its upper hull can pierce the stratospheric cloud deck, while its feet occupy areas comparable to city blocks. Atmospheric currents wrap around its frame, producing permanent wind corridors. Warm exhaust creates towering clouds, rain shadows, and localized storms, while the glow of its plasma conduits illuminates forests beneath it like blue artificial dawn.",,"Forest Titan Megastructure #10 is the most extreme expression of the Forest Titan architecture: a continent-roaming machine whose chassis is designed to harvest, process, store, and transport forest-derived matter without stopping. Its primary frame consists of a colossal armored spinal beam surrounded by concentric rotating trusses. Fourteen articulated locomotive legs connect to the trusses through enormous spherical joints, each joint containing superconducting bearings and gravitational stabilizers. The legs can walk individually, form temporary bridges, or anchor the machine against hurricane-force winds. Along the forward hull are enormous harvesting arms resembling mechanical tree limbs, each capable of extending several kilometers. Their tools include molecular cutters, ultrasonic bark splitters, root extraction claws, fiber combs, and precision seed collectors. The workflow begins with a planetary ecological scan. Quantum sensors map forests, groundwater, soil density, atmospheric conditions, and underground biomass. The titan selects harvesting zones, establishes a controlled perimeter, and deploys autonomous manipulators. Trees and other usable biomass are segmented, lifted, cleaned, shredded, dried, and transported through pressurized conduits. Nothing moves randomly: material streams are classified at every stage so that fibers, carbon, minerals, liquids, and biological compounds reach separate processing systems. The Internal Belly Factory is effectively a vertical industrial city. Twenty processing decks surround a central gravity-neutral shaft. Cyclone separation cylinders operate continuously, sorting particulate matter at enormous throughput. Vast drying chambers use vacuum fields and captured reactor heat, while catalytic galleries convert biological material into engineered carbon, structural polymers, energy substrates, and advanced composite fibers. Finished products descend into storage vaults larger than conventional skyscraper districts, with autonomous cranes arranging millions of tons of material. Plasma conduits form the titan's circulatory system, carrying energy between quantum reactors and remote limbs. Magnetic suspension fields isolate the factory decks from vibration. Quantum gravity manipulators counteract the immense mass of the chassis, allowing the machine to cross terrain that should be physically impossible for any terrestrial structure. Thermal exhaust towers release waste heat high above the canopy through controlled plumes. From the surface, #10 appears less like a machine than a moving mountain range. Its upper hull can pierce the stratospheric cloud deck, while its feet occupy areas comparable to city blocks. Atmospheric currents wrap around its frame, producing permanent wind corridors. Warm exhaust creates towering clouds, rain shadows, and localized storms, while the glow of its plasma conduits illuminates forests beneath it like blue artificial dawn.",Impossible Giant Machine,,Forest,Nature Titan Megastructures,,,,en,new,10,,,,,1,,2026-08-16 19:30:14.229830,2026-08-16 19:30:14.229830,,,,,0,1
43,7bad6699-bcca-4bd8-83c4-06b13670d8eb,Canopy Orbit Engine,Canopy Orbit Engine,"The Canopy Orbit Engine is a mountain-scale annular chassis suspended around the Giant Tree's upper crown, a rotating megastructure whose inner diameter is measured in kilometers. Its primary frame is assembled from concentric trusses, articulated gravity joints, locomotive maintenance crawlers, and hundreds of manipulation arms ending in soft-field botanical clamps. Rather than cutting branches, the machine grips entire limbs through magnetic suspension collars and uses quantum gravity manipulation to alter their apparent weight and trajectory. The operating cycle begins with orbital scanners mapping every branch, leaf cluster, fungal colony, nesting zone, and photosynthetic shadow. Gravitational turbines then generate localized directional fields, gently lifting selected limbs while neighboring articulated arms guide them into new positions. The ring advances continuously, correcting canopy density until sunlight, airflow, humidity, and biological habitat become mathematically balanced. Inside the ring's enormous belly are stacked processing galleries containing gravity-control chambers, sensor archives, actuator foundries, and cyclone separation cylinders that remove dust and organic debris from intake air. Lower decks contain drying chambers for pruned deadwood, nutrient storage vaults, replacement actuator magazines, and living-root interface laboratories. Plasma conduits circulate immense electrical currents between superconducting generators, while magnetic suspension fields keep the rotating ring from transmitting destructive vibration into the tree. Waste heat is expelled through kilometer-long thermal exhaust fins that glow like artificial dawn during peak operation. The engine's most impossible component is its gravitational turbine array: rotating singularity-like field cores create controllable gradients without producing lethal tidal forces. From the ground, the machine resembles a colossal orbital halo caught between mountains and the sky, with sections rising higher than skyscraper clusters. Its slow rotation alters local wind patterns, creating concentric cloud streams around the crown. Birds, insects, spores, and airborne seeds ride these engineered currents, while the perfected canopy becomes a continuously maintained living architecture. At night, maintenance lights trace the ring like a second constellation, while its gravitational fields subtly stabilize storms passing around the Giant Tree.",,"The Canopy Orbit Engine is a mountain-scale annular chassis suspended around the Giant Tree's upper crown, a rotating megastructure whose inner diameter is measured in kilometers. Its primary frame is assembled from concentric trusses, articulated gravity joints, locomotive maintenance crawlers, and hundreds of manipulation arms ending in soft-field botanical clamps. Rather than cutting branches, the machine grips entire limbs through magnetic suspension collars and uses quantum gravity manipulation to alter their apparent weight and trajectory. The operating cycle begins with orbital scanners mapping every branch, leaf cluster, fungal colony, nesting zone, and photosynthetic shadow. Gravitational turbines then generate localized directional fields, gently lifting selected limbs while neighboring articulated arms guide them into new positions. The ring advances continuously, correcting canopy density until sunlight, airflow, humidity, and biological habitat become mathematically balanced. Inside the ring's enormous belly are stacked processing galleries containing gravity-control chambers, sensor archives, actuator foundries, and cyclone separation cylinders that remove dust and organic debris from intake air. Lower decks contain drying chambers for pruned deadwood, nutrient storage vaults, replacement actuator magazines, and living-root interface laboratories. Plasma conduits circulate immense electrical currents between superconducting generators, while magnetic suspension fields keep the rotating ring from transmitting destructive vibration into the tree. Waste heat is expelled through kilometer-long thermal exhaust fins that glow like artificial dawn during peak operation. The engine's most impossible component is its gravitational turbine array: rotating singularity-like field cores create controllable gradients without producing lethal tidal forces. From the ground, the machine resembles a colossal orbital halo caught between mountains and the sky, with sections rising higher than skyscraper clusters. Its slow rotation alters local wind patterns, creating concentric cloud streams around the crown. Birds, insects, spores, and airborne seeds ride these engineered currents, while the perfected canopy becomes a continuously maintained living architecture. At night, maintenance lights trace the ring like a second constellation, while its gravitational fields subtly stabilize storms passing around the Giant Tree.",Impossible Giant Machine,,Giant Tree,Nature Titan Megastructures,,,,en,new,1,,,,,1,,2026-08-16 19:40:58.239592,2026-08-16 19:40:58.239592,,,,,0,1
44,f9b06354-3202-4fab-895b-950997934430,Rootway Titan,Rootway Titan,"The Rootway Titan is a continent-sized subterranean drilling machine designed to descend beneath the Giant Tree without severing a single living root. Its chassis resembles a buried industrial city, built around a flexible armored spine with articulated locomotive legs, magnetic crawler tracks, and hundreds of adaptive excavation limbs. Each cutting arm carries field-generated boring heads that part soil and stone molecularly instead of mechanically crushing them, allowing the Titan to thread itself through dense geological layers while preserving fragile root structures. The workflow begins with seismic and quantum tomography, producing a three-dimensional map of roots, aquifers, mineral seams, magma pockets, and subterranean caverns. Autonomous drilling limbs then excavate parallel service corridors around the roots. Specialized harvesting arms collect groundwater, dissolved minerals, geothermal brines, and controlled thermal energy. These materials enter colossal artificial root conduits, where pressure regulators and bio-compatible reactors condition them before pumping them upward into the Giant Tree. Within the Titan is a multi-level belly factory stretching for kilometers. Upper galleries contain cyclone separation cylinders that remove sediment from extracted water; deeper decks contain mineral refinement galleries, drying chambers, geothermal exchange towers, and enormous storage vaults for salts, nutrients, crystalline catalysts, and emergency water reserves. Plasma conduits transfer geothermal energy through superconducting channels, while magnetic suspension fields isolate the factory from tectonic vibration. Quantum gravity manipulators can locally reduce the apparent mass of excavated material, allowing immense geological loads to be transported with astonishingly little mechanical force. Thermal exhaust systems distribute surplus heat through deep rock radiators and artificial geothermal vents. At planetary scale, the Titan's underground movement becomes a geological event. Mountain ridges subtly tremble as its drilling engines pass beneath them, while artificial vents release warm mineral-rich vapor into the atmosphere. Rivers may mysteriously weaken or strengthen as the machine reroutes aquifers, and distant valleys can acquire new geothermal springs. From above, only enormous access pylons and ventilation towers reveal its presence. Beneath the Giant Tree, however, the Rootway Titan forms an invisible second trunk: a manufactured subterranean circulatory system feeding the world's largest organism from the planet itself.",,"The Rootway Titan is a continent-sized subterranean drilling machine designed to descend beneath the Giant Tree without severing a single living root. Its chassis resembles a buried industrial city, built around a flexible armored spine with articulated locomotive legs, magnetic crawler tracks, and hundreds of adaptive excavation limbs. Each cutting arm carries field-generated boring heads that part soil and stone molecularly instead of mechanically crushing them, allowing the Titan to thread itself through dense geological layers while preserving fragile root structures. The workflow begins with seismic and quantum tomography, producing a three-dimensional map of roots, aquifers, mineral seams, magma pockets, and subterranean caverns. Autonomous drilling limbs then excavate parallel service corridors around the roots. Specialized harvesting arms collect groundwater, dissolved minerals, geothermal brines, and controlled thermal energy. These materials enter colossal artificial root conduits, where pressure regulators and bio-compatible reactors condition them before pumping them upward into the Giant Tree. Within the Titan is a multi-level belly factory stretching for kilometers. Upper galleries contain cyclone separation cylinders that remove sediment from extracted water; deeper decks contain mineral refinement galleries, drying chambers, geothermal exchange towers, and enormous storage vaults for salts, nutrients, crystalline catalysts, and emergency water reserves. Plasma conduits transfer geothermal energy through superconducting channels, while magnetic suspension fields isolate the factory from tectonic vibration. Quantum gravity manipulators can locally reduce the apparent mass of excavated material, allowing immense geological loads to be transported with astonishingly little mechanical force. Thermal exhaust systems distribute surplus heat through deep rock radiators and artificial geothermal vents. At planetary scale, the Titan's underground movement becomes a geological event. Mountain ridges subtly tremble as its drilling engines pass beneath them, while artificial vents release warm mineral-rich vapor into the atmosphere. Rivers may mysteriously weaken or strengthen as the machine reroutes aquifers, and distant valleys can acquire new geothermal springs. From above, only enormous access pylons and ventilation towers reveal its presence. Beneath the Giant Tree, however, the Rootway Titan forms an invisible second trunk: a manufactured subterranean circulatory system feeding the world's largest organism from the planet itself.",Impossible Giant Machine,,Giant Tree,Nature Titan Megastructures,,,,en,new,2,,,,,1,,2026-08-16 19:40:58.299017,2026-08-16 19:40:58.299017,,,,,0,1
45,cefb6e33-759f-4089-87c0-398ef429da32,Sun Harvester Colossus,Sun Harvester Colossus,"The Sun Harvester Colossus is a planetary-scale solar engineering complex composed of mountain-sized mirrors arranged in a vast ring around the Giant Tree. Each mirror is mounted on an articulated skeletal tower with locomotive foundation tracks, counterweighted joints, and precision manipulation arms capable of adjusting panels thousands of meters across. The mirrors do not burn the canopy; instead, quantum optical regulators divide sunlight into countless harmless streams and distribute them across selected leaves. The operating workflow begins with atmospheric observation towers measuring solar angle, cloud thickness, leaf temperature, and photosynthetic demand. Mirror towers rotate in synchronized sequences, reflecting sunlight toward elevated relay lenses. These lenses filter infrared and ultraviolet wavelengths, then redirect tuned visible-light spectra through airborne light guides toward target branches. Fine steering arms continuously compensate for wind, atmospheric turbulence, and the Giant Tree's own growth. The machine's internal belly factory occupies the foundations of each mirror tower. Multi-level galleries house optical polishing chambers, cyclone separation cylinders for cleaning dust from intake systems, drying chambers for moisture-sensitive components, and immense storage vaults containing reflective membranes, crystalline lenses, superconducting cables, and replacement mirror segments. Plasma conduits power the optical regulators, while magnetic suspension fields allow enormous mirrors to pivot with negligible friction. Quantum gravity manipulation stabilizes their gigantic structures against their own weight, making mountain-scale tracking assemblies mechanically possible. Thermal exhaust systems reject absorbed solar energy through glowing radiator towers that shimmer above the horizon. During operation, the Colossus transforms the landscape into a moving astronomical instrument. Its mirrors rise like artificial mountain ranges, while their polished surfaces flash from dawn to dusk as they chase the sun. Focused light appears as pale rivers descending through the atmosphere, never scorching the leaves but delivering precisely controlled illumination to otherwise shaded regions. The altered radiation balance creates warm columns of rising air, generating predictable clouds around the Giant Tree. At sunset, the mirrors continue tracking the final photons until their surfaces fold into enormous reflective petals. Seen from orbit, the entire complex resembles a luminous mechanical flower surrounding the world's greatest tree, converting an ordinary day into an engineered photosynthetic harvest.",,"The Sun Harvester Colossus is a planetary-scale solar engineering complex composed of mountain-sized mirrors arranged in a vast ring around the Giant Tree. Each mirror is mounted on an articulated skeletal tower with locomotive foundation tracks, counterweighted joints, and precision manipulation arms capable of adjusting panels thousands of meters across. The mirrors do not burn the canopy; instead, quantum optical regulators divide sunlight into countless harmless streams and distribute them across selected leaves. The operating workflow begins with atmospheric observation towers measuring solar angle, cloud thickness, leaf temperature, and photosynthetic demand. Mirror towers rotate in synchronized sequences, reflecting sunlight toward elevated relay lenses. These lenses filter infrared and ultraviolet wavelengths, then redirect tuned visible-light spectra through airborne light guides toward target branches. Fine steering arms continuously compensate for wind, atmospheric turbulence, and the Giant Tree's own growth. The machine's internal belly factory occupies the foundations of each mirror tower. Multi-level galleries house optical polishing chambers, cyclone separation cylinders for cleaning dust from intake systems, drying chambers for moisture-sensitive components, and immense storage vaults containing reflective membranes, crystalline lenses, superconducting cables, and replacement mirror segments. Plasma conduits power the optical regulators, while magnetic suspension fields allow enormous mirrors to pivot with negligible friction. Quantum gravity manipulation stabilizes their gigantic structures against their own weight, making mountain-scale tracking assemblies mechanically possible. Thermal exhaust systems reject absorbed solar energy through glowing radiator towers that shimmer above the horizon. During operation, the Colossus transforms the landscape into a moving astronomical instrument. Its mirrors rise like artificial mountain ranges, while their polished surfaces flash from dawn to dusk as they chase the sun. Focused light appears as pale rivers descending through the atmosphere, never scorching the leaves but delivering precisely controlled illumination to otherwise shaded regions. The altered radiation balance creates warm columns of rising air, generating predictable clouds around the Giant Tree. At sunset, the mirrors continue tracking the final photons until their surfaces fold into enormous reflective petals. Seen from orbit, the entire complex resembles a luminous mechanical flower surrounding the world's greatest tree, converting an ordinary day into an engineered photosynthetic harvest.",Impossible Giant Machine,,Giant Tree,Nature Titan Megastructures,,,,en,new,3,,,,,1,,2026-08-16 19:40:58.324956,2026-08-16 19:40:58.324956,,,,,0,1
46,58035ffa-5eeb-4d27-8c88-577526db8321,Cloud Rooter,Cloud Rooter,"The Cloud Rooter is an immense atmospheric harvesting lattice suspended above the Giant Tree, supported by kilometer-high mechanical towers and articulated arms that reach directly into cloud systems. Its chassis combines floating truss platforms, locomotive anchor crawlers, telescoping manipulation arms, and flexible weather-resistant membranes. Each arm terminates in atmospheric collector heads that can enter clouds, separate microscopic water droplets from air, and guide the captured moisture through pressurized conduits. The workflow begins with weather satellites and mast-mounted sensors mapping humidity gradients, cloud density, wind vectors, and the Giant Tree's hydration requirements. Collector arms then reposition themselves through magnetic suspension fields, entering suitable clouds without dispersing them. Cyclonic intake chambers draw moist air inward, while quantum condensation arrays force atmospheric vapor to precipitate without conventional cooling. The resulting water flows through enormous artificial rain conduits and emerges as controlled precipitation across selected canopy zones or deep root basins. The belly factory occupies multiple suspended and ground-level galleries. Cyclone separation cylinders remove dust, pollen, and microscopic impurities; drying chambers process harvested atmospheric particulates for industrial reuse; purification galleries condition the water; and sealed storage vaults hold emergency reserves capable of sustaining the ecosystem through prolonged drought. Plasma conduits supply power to condensation arrays, while thermal exhaust systems release excess heat high above the cloud deck, where it becomes additional convective energy. Quantum gravity manipulation stabilizes the enormous lattice against wind shear and allows individual collector arms to become nearly weightless during repositioning. At full operation, the Cloud Rooter becomes a second artificial sky. Its mechanical lattice can span distances comparable to mountain ranges, with arms disappearing into clouds and descending again like the roots of an upside-down metallic tree. The structure actively interacts with weather, gathering moisture from passing storm systems and redistributing it around the Giant Tree without creating destructive downpours. Controlled rain curtains can sweep across the canopy while neighboring regions remain dry. Thunderstorms may form around its heated exhaust plumes, and rainbow bands frequently appear beneath its collector arrays. From distant continents, observers see a permanent web of machinery suspended above the Giant Tree, apparently holding the clouds in place. During nighttime operation, condensation chambers glow blue-white, making the entire structure resemble a luminous artificial constellation anchored to the atmosphere.",,"The Cloud Rooter is an immense atmospheric harvesting lattice suspended above the Giant Tree, supported by kilometer-high mechanical towers and articulated arms that reach directly into cloud systems. Its chassis combines floating truss platforms, locomotive anchor crawlers, telescoping manipulation arms, and flexible weather-resistant membranes. Each arm terminates in atmospheric collector heads that can enter clouds, separate microscopic water droplets from air, and guide the captured moisture through pressurized conduits. The workflow begins with weather satellites and mast-mounted sensors mapping humidity gradients, cloud density, wind vectors, and the Giant Tree's hydration requirements. Collector arms then reposition themselves through magnetic suspension fields, entering suitable clouds without dispersing them. Cyclonic intake chambers draw moist air inward, while quantum condensation arrays force atmospheric vapor to precipitate without conventional cooling. The resulting water flows through enormous artificial rain conduits and emerges as controlled precipitation across selected canopy zones or deep root basins. The belly factory occupies multiple suspended and ground-level galleries. Cyclone separation cylinders remove dust, pollen, and microscopic impurities; drying chambers process harvested atmospheric particulates for industrial reuse; purification galleries condition the water; and sealed storage vaults hold emergency reserves capable of sustaining the ecosystem through prolonged drought. Plasma conduits supply power to condensation arrays, while thermal exhaust systems release excess heat high above the cloud deck, where it becomes additional convective energy. Quantum gravity manipulation stabilizes the enormous lattice against wind shear and allows individual collector arms to become nearly weightless during repositioning. At full operation, the Cloud Rooter becomes a second artificial sky. Its mechanical lattice can span distances comparable to mountain ranges, with arms disappearing into clouds and descending again like the roots of an upside-down metallic tree. The structure actively interacts with weather, gathering moisture from passing storm systems and redistributing it around the Giant Tree without creating destructive downpours. Controlled rain curtains can sweep across the canopy while neighboring regions remain dry. Thunderstorms may form around its heated exhaust plumes, and rainbow bands frequently appear beneath its collector arrays. From distant continents, observers see a permanent web of machinery suspended above the Giant Tree, apparently holding the clouds in place. During nighttime operation, condensation chambers glow blue-white, making the entire structure resemble a luminous artificial constellation anchored to the atmosphere.",Impossible Giant Machine,,Giant Tree,Nature Titan Megastructures,,,,en,new,4,,,,,1,,2026-08-16 19:40:58.347264,2026-08-16 19:40:58.347264,,,,,0,1
47,c3677ff0-7ad3-42cb-94ad-b597d100865d,Bark Foundry,Bark Foundry,"The Bark Foundry is a titan-scale industrial ring wrapped around the Giant Tree's trunk, continuously repairing wounds, reinforcing weakened regions, and reconstructing damaged bark as living tissue. Its chassis consists of concentric armored galleries, articulated climbing joints, magnetic crawler tracks, and hundreds of flexible manipulation arms. Soft-field gripping assemblies cling to the trunk without crushing its vascular layers, while precision weaving arms can work across surfaces larger than city blocks. The workflow begins with scanners examining bark density, moisture, fungal activity, vascular pressure, and microscopic damage. Harvesting arms collect fallen leaves, dead bark, mineral-rich soil, and naturally shed organic matter from the surrounding ecosystem. These materials descend into the machine's belly factory, where molecular separators isolate cellulose, lignin, minerals, pigments, and biological catalysts. Multi-level processing galleries feed the material through cyclone separation cylinders, fermentation chambers, drying chambers, and biochemical synthesis decks. Refined compounds accumulate in enormous storage vaults before entering living-material furnaces, where programmable matter is woven into flexible bark lattices. Robotic forge towers then press these lattices against damaged trunk sections while microscopic repair machines encourage seamless biological integration. Plasma conduits energize molecular fabrication systems, and magnetic suspension fields keep heavy forge assemblies floating against the trunk rather than transferring their weight into living tissue. Quantum gravity manipulation allows sections of newly manufactured bark to be maneuvered like sheets of fabric despite weighing thousands of tons. Thermal exhaust systems vent waste heat through chimney structures rising above the canopy. From the surrounding landscape, the Foundry resembles a mechanical mountain wrapped around the tree's lower trunk, with forge towers reaching as high as skyscrapers. Its moving arms create the impression of metallic roots climbing upward. Warm exhaust generates localized clouds, while bark dust and leaf-derived feedstock circulate through controlled air currents. At night, plasma conduits illuminate the ring in deep amber and violet, revealing hundreds of robotic arms weaving fresh tissue around the trunk. The repaired bark gradually becomes indistinguishable from natural growth, transforming the machine from an external factory into a permanent artificial organ of the Giant Tree.",,"The Bark Foundry is a titan-scale industrial ring wrapped around the Giant Tree's trunk, continuously repairing wounds, reinforcing weakened regions, and reconstructing damaged bark as living tissue. Its chassis consists of concentric armored galleries, articulated climbing joints, magnetic crawler tracks, and hundreds of flexible manipulation arms. Soft-field gripping assemblies cling to the trunk without crushing its vascular layers, while precision weaving arms can work across surfaces larger than city blocks. The workflow begins with scanners examining bark density, moisture, fungal activity, vascular pressure, and microscopic damage. Harvesting arms collect fallen leaves, dead bark, mineral-rich soil, and naturally shed organic matter from the surrounding ecosystem. These materials descend into the machine's belly factory, where molecular separators isolate cellulose, lignin, minerals, pigments, and biological catalysts. Multi-level processing galleries feed the material through cyclone separation cylinders, fermentation chambers, drying chambers, and biochemical synthesis decks. Refined compounds accumulate in enormous storage vaults before entering living-material furnaces, where programmable matter is woven into flexible bark lattices. Robotic forge towers then press these lattices against damaged trunk sections while microscopic repair machines encourage seamless biological integration. Plasma conduits energize molecular fabrication systems, and magnetic suspension fields keep heavy forge assemblies floating against the trunk rather than transferring their weight into living tissue. Quantum gravity manipulation allows sections of newly manufactured bark to be maneuvered like sheets of fabric despite weighing thousands of tons. Thermal exhaust systems vent waste heat through chimney structures rising above the canopy. From the surrounding landscape, the Foundry resembles a mechanical mountain wrapped around the tree's lower trunk, with forge towers reaching as high as skyscrapers. Its moving arms create the impression of metallic roots climbing upward. Warm exhaust generates localized clouds, while bark dust and leaf-derived feedstock circulate through controlled air currents. At night, plasma conduits illuminate the ring in deep amber and violet, revealing hundreds of robotic arms weaving fresh tissue around the trunk. The repaired bark gradually becomes indistinguishable from natural growth, transforming the machine from an external factory into a permanent artificial organ of the Giant Tree.",Impossible Giant Machine,,Giant Tree,Nature Titan Megastructures,,,,en,new,5,,,,,1,,2026-08-16 19:40:58.378255,2026-08-16 19:40:58.378255,,,,,0,1
48,d9a1de80-0eba-4719-b78c-4a7cd2e935b0,Season Engine,Season Engine,"The Season Engine is a mountain-sized climate machine encircling the Giant Tree in a tilted mechanical halo nearly twelve kilometers across. Its primary chassis consists of concentric armored rings, articulated truss segments, locomotive legs, and counter-rotating weather vanes anchored into the surrounding terrain. Hundreds of manipulation arms reach inward between branches, carrying thermal exchangers, mist injectors, ice-forming nozzles, leaf shelters, and harvesting claws. Each arm can physically open or close canopy corridors, redirecting wind and sunlight while making delicate contact with living bark. Operationally, the machine first samples temperature, humidity, sap pressure, soil moisture, and solar exposure through distributed sensor roots. It then divides the tree into climate sectors. Rotary chambers process atmospheric water, airborne minerals, and captured heat, separating them through cyclone cylinders before feeding purified vapor into pressure galleries. Drying chambers prepare condensed ice and organic debris for controlled seasonal release, while immense storage vaults hold water, frost, nutrient dust, and harvested leaf matter. Multi-level internal galleries function as a continuous climate factory: lower decks desalinate and mineralize water, middle decks manufacture clouds and aerosols, and upper decks compress thermal gases before injection. Plasma conduits provide the enormous energy required to heat and ionize atmospheric streams. Magnetic suspension fields isolate the rotating climate chambers from structural vibration, while quantum gravity manipulation subtly alters local air density and convective flow. Thermal exhaust towers vent waste energy as luminous columns that resemble artificial auroras. During operation, one side of the halo may generate summer convection while another creates winter precipitation, producing visible weather boundaries across the canopy. From the ground, the rotating structure resembles a metallic mountain range suspended around the tree; from high altitude, its cloud-making rings become a planetary-scale artificial weather system. Cyclones curve around its pylons, snow forms on selected branches, and artificial spring rain can fall beneath a neighboring sector experiencing autumn. The Season Engine therefore does not merely simulate seasons: it engineers a permanent, geographically programmable year around a single living organism.",,"The Season Engine is a mountain-sized climate machine encircling the Giant Tree in a tilted mechanical halo nearly twelve kilometers across. Its primary chassis consists of concentric armored rings, articulated truss segments, locomotive legs, and counter-rotating weather vanes anchored into the surrounding terrain. Hundreds of manipulation arms reach inward between branches, carrying thermal exchangers, mist injectors, ice-forming nozzles, leaf shelters, and harvesting claws. Each arm can physically open or close canopy corridors, redirecting wind and sunlight while making delicate contact with living bark. Operationally, the machine first samples temperature, humidity, sap pressure, soil moisture, and solar exposure through distributed sensor roots. It then divides the tree into climate sectors. Rotary chambers process atmospheric water, airborne minerals, and captured heat, separating them through cyclone cylinders before feeding purified vapor into pressure galleries. Drying chambers prepare condensed ice and organic debris for controlled seasonal release, while immense storage vaults hold water, frost, nutrient dust, and harvested leaf matter. Multi-level internal galleries function as a continuous climate factory: lower decks desalinate and mineralize water, middle decks manufacture clouds and aerosols, and upper decks compress thermal gases before injection. Plasma conduits provide the enormous energy required to heat and ionize atmospheric streams. Magnetic suspension fields isolate the rotating climate chambers from structural vibration, while quantum gravity manipulation subtly alters local air density and convective flow. Thermal exhaust towers vent waste energy as luminous columns that resemble artificial auroras. During operation, one side of the halo may generate summer convection while another creates winter precipitation, producing visible weather boundaries across the canopy. From the ground, the rotating structure resembles a metallic mountain range suspended around the tree; from high altitude, its cloud-making rings become a planetary-scale artificial weather system. Cyclones curve around its pylons, snow forms on selected branches, and artificial spring rain can fall beneath a neighboring sector experiencing autumn. The Season Engine therefore does not merely simulate seasons: it engineers a permanent, geographically programmable year around a single living organism.",Impossible Giant Machine,,Giant Tree,Nature Titan Megastructures,,,,en,new,6,,,,,1,,2026-08-16 19:40:58.406315,2026-08-16 19:40:58.406315,,,,,0,1
49,9358a97e-c6d4-4fd7-b141-fcbf9fd954d5,Branch Bridge Machine,Branch Bridge Machine,"The Branch Bridge Machine is a colossal structural manipulator positioned around the Giant Tree like a mobile construction city. Its central chassis consists of a rotating toroidal command core surrounded by thousands of articulated support pylons, each taller than a skyscraper and capable of walking on locomotive feet or sliding along magnetic tracks. Every pylon terminates in specialized manipulation arms equipped with bark-softening clamps, tensile braces, living-tissue cutters, grafting heads, and flexible suspension cables. The machine never treats the tree as inert construction material; its sensors measure sap flow, cambium stress, branch elasticity, root loading, and microscopic growth patterns before any movement begins. Operationally, a selected branch is first isolated by stabilizing arms. Hydraulic-magnetic joints distribute its weight across neighboring supports, while micro-cutting tools remove deadwood and reshape only damaged growth. Grafting manipulators then join compatible living limbs, allowing the machine to create self-healing arches and bridges. As thousands of supports work simultaneously, the canopy becomes a constantly changing network of elevated pathways, ramps, vaults, and natural bridges. Inside the central chassis, a multi-level belly factory contains processing galleries where removed wood is sorted by density and biological condition. Cyclone separation cylinders recover bark fibers, pollen, spores, and wood dust from airflow. Drying chambers cure harvested deadwood into structural laminates, while immense storage vaults hold biological scaffolding, grafting cultures, resin, and replacement components. Plasma conduits power superconducting joints and cutting systems. Magnetic suspension fields allow individual support assemblies to hover for precision repositioning, preventing shock loads from entering the living branches. Quantum gravity manipulation provides momentary reductions in effective branch weight, allowing the machine to move limbs that would otherwise require thousands of conventional cranes. Thermal exhaust systems discharge waste heat through vertical vents disguised as hollow metallic trunks. At planetary scale, the operation resembles a mechanical civilization slowly rearranging a forested mountain. Bridges can span valleys, arches can rise above clouds, and new pathways can connect distant canopy districts. From afar, articulated legs crawl across the landscape like a congregation of enormous insects, while the tree itself appears to be growing architecture in real time. The final machine is therefore part crane, part botanical surgeon, and part living megastructure architect.",,"The Branch Bridge Machine is a colossal structural manipulator positioned around the Giant Tree like a mobile construction city. Its central chassis consists of a rotating toroidal command core surrounded by thousands of articulated support pylons, each taller than a skyscraper and capable of walking on locomotive feet or sliding along magnetic tracks. Every pylon terminates in specialized manipulation arms equipped with bark-softening clamps, tensile braces, living-tissue cutters, grafting heads, and flexible suspension cables. The machine never treats the tree as inert construction material; its sensors measure sap flow, cambium stress, branch elasticity, root loading, and microscopic growth patterns before any movement begins. Operationally, a selected branch is first isolated by stabilizing arms. Hydraulic-magnetic joints distribute its weight across neighboring supports, while micro-cutting tools remove deadwood and reshape only damaged growth. Grafting manipulators then join compatible living limbs, allowing the machine to create self-healing arches and bridges. As thousands of supports work simultaneously, the canopy becomes a constantly changing network of elevated pathways, ramps, vaults, and natural bridges. Inside the central chassis, a multi-level belly factory contains processing galleries where removed wood is sorted by density and biological condition. Cyclone separation cylinders recover bark fibers, pollen, spores, and wood dust from airflow. Drying chambers cure harvested deadwood into structural laminates, while immense storage vaults hold biological scaffolding, grafting cultures, resin, and replacement components. Plasma conduits power superconducting joints and cutting systems. Magnetic suspension fields allow individual support assemblies to hover for precision repositioning, preventing shock loads from entering the living branches. Quantum gravity manipulation provides momentary reductions in effective branch weight, allowing the machine to move limbs that would otherwise require thousands of conventional cranes. Thermal exhaust systems discharge waste heat through vertical vents disguised as hollow metallic trunks. At planetary scale, the operation resembles a mechanical civilization slowly rearranging a forested mountain. Bridges can span valleys, arches can rise above clouds, and new pathways can connect distant canopy districts. From afar, articulated legs crawl across the landscape like a congregation of enormous insects, while the tree itself appears to be growing architecture in real time. The final machine is therefore part crane, part botanical surgeon, and part living megastructure architect.",Impossible Giant Machine,,Giant Tree,Nature Titan Megastructures,,,,en,new,7,,,,,1,,2026-08-16 19:40:58.433595,2026-08-16 19:40:58.433595,,,,,0,1
50,f8f662b3-8013-4946-8f75-2eeeb062263b,Pollinator Cathedral,Pollinator Cathedral,"The Pollinator Cathedral is a skyscraper-scale biological manufacturing complex embedded vertically through the Giant Tree's canopy. Its outer chassis resembles a gothic industrial spire, with enormous ribbed towers, articulated docking arms, locomotive maintenance platforms, and thousands of slender deployment booms extending between branches. At its summit, rotating antennae map flowering conditions across the entire tree. Specialized manipulation arms collect nectar, pollen, spores, and genetic samples without damaging blossoms, while smaller robotic appendages maintain flower clusters, redirect pollinator swarms, and perform emergency grafting. The machine's workflow begins by scanning millions of blossoms for maturity, genetic compatibility, and nectar production. Harvesting arms collect microscopic biological material into sealed conduits. Within the cathedral's belly factory, multiple processing galleries descend through the tower like industrial nave levels. Cyclone separation cylinders classify pollen by size, density, and genetic signature. Sterile drying chambers stabilize selected pollen for long-term storage, while humid incubation galleries activate biological cultures before release. Vaults several hundred meters deep contain seed archives, nectar concentrates, artificial pheromones, replacement pollinator organisms, and pollen reserves representing centuries of botanical diversity. At the heart of the structure, immense synthesis chambers manufacture artificial pollen carriers and microscopic airborne delivery particles. Plasma conduits energize sterilization systems and high-output fabrication equipment. Magnetic suspension fields keep delicate biological chambers isolated from vibration as cathedral-scale rotors turn overhead. Quantum gravity manipulation creates controlled vertical air currents, allowing the machine to lift clouds of artificial pollinators through kilometers of canopy without conventional fans. Thermal exhaust systems release excess heat through illuminated spires that glow like sunset-colored chimneys. During peak operation, the Pollinator Cathedral opens thousands of apertures and releases synchronized clouds of engineered insects, microdrones, pollen particles, and scent markers. The resulting swarms move through the canopy in geometric patterns, following electromagnetic and pheromonal guidance. From the ground, the cathedral resembles a futuristic skyscraper growing from the tree itself; from above, its flowering zones appear as coordinated constellations of color. Artificial pollen clouds can drift across entire valleys, while the machine's atmospheric towers generate localized turbulence to distribute biological material. It transforms pollination from a seasonal biological event into a continent-scale engineered process, turning the Giant Tree into a living agricultural and ecological metropolis.",,"The Pollinator Cathedral is a skyscraper-scale biological manufacturing complex embedded vertically through the Giant Tree's canopy. Its outer chassis resembles a gothic industrial spire, with enormous ribbed towers, articulated docking arms, locomotive maintenance platforms, and thousands of slender deployment booms extending between branches. At its summit, rotating antennae map flowering conditions across the entire tree. Specialized manipulation arms collect nectar, pollen, spores, and genetic samples without damaging blossoms, while smaller robotic appendages maintain flower clusters, redirect pollinator swarms, and perform emergency grafting. The machine's workflow begins by scanning millions of blossoms for maturity, genetic compatibility, and nectar production. Harvesting arms collect microscopic biological material into sealed conduits. Within the cathedral's belly factory, multiple processing galleries descend through the tower like industrial nave levels. Cyclone separation cylinders classify pollen by size, density, and genetic signature. Sterile drying chambers stabilize selected pollen for long-term storage, while humid incubation galleries activate biological cultures before release. Vaults several hundred meters deep contain seed archives, nectar concentrates, artificial pheromones, replacement pollinator organisms, and pollen reserves representing centuries of botanical diversity. At the heart of the structure, immense synthesis chambers manufacture artificial pollen carriers and microscopic airborne delivery particles. Plasma conduits energize sterilization systems and high-output fabrication equipment. Magnetic suspension fields keep delicate biological chambers isolated from vibration as cathedral-scale rotors turn overhead. Quantum gravity manipulation creates controlled vertical air currents, allowing the machine to lift clouds of artificial pollinators through kilometers of canopy without conventional fans. Thermal exhaust systems release excess heat through illuminated spires that glow like sunset-colored chimneys. During peak operation, the Pollinator Cathedral opens thousands of apertures and releases synchronized clouds of engineered insects, microdrones, pollen particles, and scent markers. The resulting swarms move through the canopy in geometric patterns, following electromagnetic and pheromonal guidance. From the ground, the cathedral resembles a futuristic skyscraper growing from the tree itself; from above, its flowering zones appear as coordinated constellations of color. Artificial pollen clouds can drift across entire valleys, while the machine's atmospheric towers generate localized turbulence to distribute biological material. It transforms pollination from a seasonal biological event into a continent-scale engineered process, turning the Giant Tree into a living agricultural and ecological metropolis.",Impossible Giant Machine,,Giant Tree,Nature Titan Megastructures,,,,en,new,8,,,,,1,,2026-08-16 19:40:58.462118,2026-08-16 19:40:58.462118,,,,,0,1
51,09f514d2-26d0-4937-8de7-c8b897b954df,Root Memory Engine,Root Memory Engine,"The Root Memory Engine is an underground computational megastructure extending beneath the Giant Tree for dozens of kilometers, its machinery woven physically through the root network like an artificial nervous system. Its primary chassis consists of armored subterranean galleries, articulated tunneling legs, magnetic rail crawlers, and flexible mechanical tendrils that follow natural roots without severing them. Specialized manipulation arms expose selected root surfaces, install conductive interfaces, remove diseased material, and construct artificial root channels around sensitive biological tissue. Operational engineering begins with continuous sampling. Microscopic probes measure soil chemistry, groundwater movement, fungal activity, root pressure, electrical potentials, and changes in atmospheric conditions transmitted through the tree. Data-bearing sap interfaces transfer biological signals into superconducting computational nodes. When a root requires assistance, robotic arms reinforce its channel, redistribute soil, or inject water and minerals. The machine's belly factory is arranged as a subterranean vertical city. Upper galleries process excavated soil and organic debris; cyclone separation cylinders divide dust, spores, mineral particles, and root fibers; drying chambers stabilize biological samples; and immense storage vaults preserve seeds, soil cultures, genetic records, and replacement conductive materials. Deeper levels contain quantum memory chambers and signal-routing caverns. Plasma conduits supply high-density power to computational cores, while magnetic suspension fields isolate sensitive processors from seismic vibration. Quantum gravity manipulation permits information carriers to traverse artificial root channels with negligible latency, creating a communication network that behaves almost like instantaneous reflex. Thermal exhaust is conducted through deep geothermal shafts and converted into steam plumes that occasionally rise through distant fissures. The engine continuously compares present conditions with centuries of stored environmental history. When drought begins, it can coordinate root expansion before water becomes scarce; when storms approach, it can signal branches to alter growth tension; when disease appears, it can isolate affected zones and redirect nutrients. Above ground, its presence is almost invisible except for enormous vent towers, glowing maintenance shafts, and occasional tremors caused by subterranean machinery. Beneath the Giant Tree, however, an artificial world stretches through the roots like a buried planetary computer. The Root Memory Engine transforms biological adaptation into deliberate real-time computation, allowing the tree to remember its environment and respond to threats with machine-like anticipation.",,"The Root Memory Engine is an underground computational megastructure extending beneath the Giant Tree for dozens of kilometers, its machinery woven physically through the root network like an artificial nervous system. Its primary chassis consists of armored subterranean galleries, articulated tunneling legs, magnetic rail crawlers, and flexible mechanical tendrils that follow natural roots without severing them. Specialized manipulation arms expose selected root surfaces, install conductive interfaces, remove diseased material, and construct artificial root channels around sensitive biological tissue. Operational engineering begins with continuous sampling. Microscopic probes measure soil chemistry, groundwater movement, fungal activity, root pressure, electrical potentials, and changes in atmospheric conditions transmitted through the tree. Data-bearing sap interfaces transfer biological signals into superconducting computational nodes. When a root requires assistance, robotic arms reinforce its channel, redistribute soil, or inject water and minerals. The machine's belly factory is arranged as a subterranean vertical city. Upper galleries process excavated soil and organic debris; cyclone separation cylinders divide dust, spores, mineral particles, and root fibers; drying chambers stabilize biological samples; and immense storage vaults preserve seeds, soil cultures, genetic records, and replacement conductive materials. Deeper levels contain quantum memory chambers and signal-routing caverns. Plasma conduits supply high-density power to computational cores, while magnetic suspension fields isolate sensitive processors from seismic vibration. Quantum gravity manipulation permits information carriers to traverse artificial root channels with negligible latency, creating a communication network that behaves almost like instantaneous reflex. Thermal exhaust is conducted through deep geothermal shafts and converted into steam plumes that occasionally rise through distant fissures. The engine continuously compares present conditions with centuries of stored environmental history. When drought begins, it can coordinate root expansion before water becomes scarce; when storms approach, it can signal branches to alter growth tension; when disease appears, it can isolate affected zones and redirect nutrients. Above ground, its presence is almost invisible except for enormous vent towers, glowing maintenance shafts, and occasional tremors caused by subterranean machinery. Beneath the Giant Tree, however, an artificial world stretches through the roots like a buried planetary computer. The Root Memory Engine transforms biological adaptation into deliberate real-time computation, allowing the tree to remember its environment and respond to threats with machine-like anticipation.",Impossible Giant Machine,,Giant Tree,Nature Titan Megastructures,,,,en,new,9,,,,,1,,2026-08-16 19:40:58.493451,2026-08-16 19:40:58.493451,,,,,0,1
52,7f72371a-596b-4013-bc95-502245feced7,Worldtree Stabilizer,Worldtree Stabilizer,"The Worldtree Stabilizer is an impossibly vast structural and gravitational machine surrounding the entire Giant Tree, with pylons extending from deep geological foundations to altitudes above the cloud layer. Its chassis resembles a planetary construction skeleton: colossal armored towers, articulated truss joints, magnetic rail systems, and locomotive foundation crawlers continuously repositioning support structures as the tree grows. Specialized manipulation arms reach around the trunk and major roots, carrying tension cables, bark-safe clamps, seismic anchors, and structural reinforcement assemblies. The engineering workflow begins underground, where drilling legs excavate immense stabilization chambers and extract stone, metal-bearing minerals, and geothermal fluids. Processing galleries inside the pylons sort this material through cyclone separation cylinders, crushing halls, drying chambers, and high-temperature refining furnaces. Refined materials become counterweights, superconducting coils, reinforcement ribs, and replacement anchor components. Storage vaults hold millions of tons of processed material beneath each foundation. Above ground, articulated arms attach distributed support networks to predetermined load zones. The system continuously measures trunk compression, root displacement, atmospheric loading, tectonic motion, and gravitational stress. Plasma conduits provide power to gravitational generators, while magnetic suspension fields allow sections of the framework to float around the tree without transferring destructive vibration. At the machine's core, quantum gravity manipulation creates controlled counterforces that partially cancel the effective weight of the Giant Tree and any structure attached to it. Rather than simply holding the tree upright, the stabilizer redistributes its immense mass through a planetary-scale network of artificial gravitational vectors. Thermal exhaust systems vent waste heat through towers above the clouds, producing persistent luminous plumes and artificial thunderheads. When storms strike, the pylons absorb wind loads and convert atmospheric pressure into electrical energy. During earthquakes, counter-gravity fields dynamically shift the machine's load distribution milliseconds before destructive oscillations reach the trunk. From the horizon, the stabilizer resembles an industrial mountain range surrounding a living mountain, with towers piercing clouds and illuminated cables spanning valleys. Its highest structures can disappear into the upper atmosphere, while its lowest chambers penetrate deep geological strata. Weather systems bend around the framework, clouds accumulate along heated pylons, and lightning frequently travels through its conductive lattice. The Worldtree Stabilizer is ultimately less a support machine than an artificial planetary skeleton, enabling a living tree to carry an architectural mass greater than mountains without collapsing under its own impossible weight.",,"The Worldtree Stabilizer is an impossibly vast structural and gravitational machine surrounding the entire Giant Tree, with pylons extending from deep geological foundations to altitudes above the cloud layer. Its chassis resembles a planetary construction skeleton: colossal armored towers, articulated truss joints, magnetic rail systems, and locomotive foundation crawlers continuously repositioning support structures as the tree grows. Specialized manipulation arms reach around the trunk and major roots, carrying tension cables, bark-safe clamps, seismic anchors, and structural reinforcement assemblies. The engineering workflow begins underground, where drilling legs excavate immense stabilization chambers and extract stone, metal-bearing minerals, and geothermal fluids. Processing galleries inside the pylons sort this material through cyclone separation cylinders, crushing halls, drying chambers, and high-temperature refining furnaces. Refined materials become counterweights, superconducting coils, reinforcement ribs, and replacement anchor components. Storage vaults hold millions of tons of processed material beneath each foundation. Above ground, articulated arms attach distributed support networks to predetermined load zones. The system continuously measures trunk compression, root displacement, atmospheric loading, tectonic motion, and gravitational stress. Plasma conduits provide power to gravitational generators, while magnetic suspension fields allow sections of the framework to float around the tree without transferring destructive vibration. At the machine's core, quantum gravity manipulation creates controlled counterforces that partially cancel the effective weight of the Giant Tree and any structure attached to it. Rather than simply holding the tree upright, the stabilizer redistributes its immense mass through a planetary-scale network of artificial gravitational vectors. Thermal exhaust systems vent waste heat through towers above the clouds, producing persistent luminous plumes and artificial thunderheads. When storms strike, the pylons absorb wind loads and convert atmospheric pressure into electrical energy. During earthquakes, counter-gravity fields dynamically shift the machine's load distribution milliseconds before destructive oscillations reach the trunk. From the horizon, the stabilizer resembles an industrial mountain range surrounding a living mountain, with towers piercing clouds and illuminated cables spanning valleys. Its highest structures can disappear into the upper atmosphere, while its lowest chambers penetrate deep geological strata. Weather systems bend around the framework, clouds accumulate along heated pylons, and lightning frequently travels through its conductive lattice. The Worldtree Stabilizer is ultimately less a support machine than an artificial planetary skeleton, enabling a living tree to carry an architectural mass greater than mountains without collapsing under its own impossible weight.",Impossible Giant Machine,,Giant Tree,Nature Titan Megastructures,,,,en,new,10,,,,,1,,2026-08-16 19:40:58.526019,2026-08-16 19:40:58.526019,,,,,0,1
53,b05e9dd0-bd0f-4e99-927c-9f6070cfc0be,Palm Titan Water Crown,Palm Titan Water Crown,"The Palm Titan Water Crown is a continent-scale hydraulic organism built around a single engineered palm whose trunk rises like a living tower through the center of the machine. Its primary chassis is a circular armored ring several kilometers in diameter, supported by articulated crawler pylons that can slowly reposition the structure as the palm grows. Radial manipulation arms clamp around the trunk without crushing it, while telescoping maintenance limbs service bark, roots, condensers, and transparent pressure conduits. Beneath the ring, intake towers descend into the ocean, using magnetic suspension pumps to lift seawater through kilometer-long glassy pipes toward the crown. Operation begins with autonomous seabed anchors stabilizing the intake network. Desalination galleries strip salts and biological contaminants, then pressure accelerators drive purified water upward. The flow enters vertical plasma-heated conduits where quantum-gravity manipulation reduces its effective weight, allowing billions of tonnes of water to reach impossible elevations. At the crown, atmospheric condenser petals atomize the water into electrically charged microdroplets. Superconducting field generators suspend and circulate those droplets, forming a permanent artificial storm cloud directly above the palm. The machine's internal belly factory occupies multiple subterranean levels beneath the ring. Cyclone separation cylinders remove mineral residues, drying chambers process extracted salts and biomass, and immense storage vaults hold spare membranes, condenser components, and crystallized waste. Thermal exhaust galleries vent superheated vapor through mountain-sized chimneys, creating secondary clouds around the machine. Plasma conduits supply the high-energy pumping cycles, while magnetic bearings eliminate friction in the largest turbines. The completed megastructure interacts with its environment like an artificial weather system. From the horizon, its ring resembles a metallic atoll surrounding a skyscraper-sized tree. The transparent water arteries gleam like elevated rivers, and the permanent cloud can tower above ordinary storm systems. Rain falls continuously around the palm, feeding an expanding artificial oasis. Lightning collectors harvest atmospheric charge and redirect it into the power grid, while overflow channels create new rivers across the surrounding terrain. The Palm Titan therefore becomes both irrigation engine and climate monument: a machine whose mechanical crown manufactures a private tropical sky.",,"The Palm Titan Water Crown is a continent-scale hydraulic organism built around a single engineered palm whose trunk rises like a living tower through the center of the machine. Its primary chassis is a circular armored ring several kilometers in diameter, supported by articulated crawler pylons that can slowly reposition the structure as the palm grows. Radial manipulation arms clamp around the trunk without crushing it, while telescoping maintenance limbs service bark, roots, condensers, and transparent pressure conduits. Beneath the ring, intake towers descend into the ocean, using magnetic suspension pumps to lift seawater through kilometer-long glassy pipes toward the crown. Operation begins with autonomous seabed anchors stabilizing the intake network. Desalination galleries strip salts and biological contaminants, then pressure accelerators drive purified water upward. The flow enters vertical plasma-heated conduits where quantum-gravity manipulation reduces its effective weight, allowing billions of tonnes of water to reach impossible elevations. At the crown, atmospheric condenser petals atomize the water into electrically charged microdroplets. Superconducting field generators suspend and circulate those droplets, forming a permanent artificial storm cloud directly above the palm. The machine's internal belly factory occupies multiple subterranean levels beneath the ring. Cyclone separation cylinders remove mineral residues, drying chambers process extracted salts and biomass, and immense storage vaults hold spare membranes, condenser components, and crystallized waste. Thermal exhaust galleries vent superheated vapor through mountain-sized chimneys, creating secondary clouds around the machine. Plasma conduits supply the high-energy pumping cycles, while magnetic bearings eliminate friction in the largest turbines. The completed megastructure interacts with its environment like an artificial weather system. From the horizon, its ring resembles a metallic atoll surrounding a skyscraper-sized tree. The transparent water arteries gleam like elevated rivers, and the permanent cloud can tower above ordinary storm systems. Rain falls continuously around the palm, feeding an expanding artificial oasis. Lightning collectors harvest atmospheric charge and redirect it into the power grid, while overflow channels create new rivers across the surrounding terrain. The Palm Titan therefore becomes both irrigation engine and climate monument: a machine whose mechanical crown manufactures a private tropical sky.",Impossible Giant Machine,,Palm Tree,Nature Titan Megastructures,,,,en,new,1,,,,,1,,2026-08-16 19:49:17.148286,2026-08-16 19:49:17.148286,,,,,0,1
54,40f90382-e821-41ba-b908-6c77c5747999,Sun Harvesting Palm Engine,Sun Harvesting Palm Engine,"The Sun Harvesting Palm Engine is a vertical solar megastructure constructed beside a colossal palm, with its mechanical height deliberately matching the tree's impossible growth potential. Its chassis consists of skyscraper-scale trusses, articulated gimbal joints, magnetic counterweights, and hundreds of locomotive foundation tracks that allow the entire framework to rotate slowly with the sun. Enormous mirrored petals unfold from the structure like the leaves of a metallic flower. Each petal carries adaptive reflector panels, heat-resistant actuators, and optical steering systems capable of focusing sunlight onto selected regions of the palm's trunk, crown, and root zone. During operation, astronomical sensors calculate solar position and atmospheric refraction. The petals then tilt in coordinated sequences, concentrating sunlight into narrow energy columns. Instead of simply burning the trunk, the machine feeds those columns into quantum-photonic converters that transform solar radiation into controlled biological stimulation pulses. Plasma conduits distribute the harvested energy through superconducting loops, while magnetic suspension fields stabilize the concentrating optics against wind and seismic motion. The palm itself becomes part of the circuit. Contactless energy collars surrounding the trunk deliver pulses that fictionalize photosynthetic efficiency, accelerate nutrient transport, and trigger rapid tissue formation. Inside the engine's enormous belly factory, multi-level galleries convert captured sunlight into usable energy. Cyclone separation cylinders process airborne dust collected from the optical surfaces, drying chambers remove moisture from maintenance materials, and shielded storage vaults contain replacement mirrors, crystalline conductors, and thermal ceramics. Quantum gravity manipulators counteract structural loads when the mirrored petals swing into extreme positions. Thermal exhaust towers rise like industrial mountains, radiating excess heat through glowing fins and releasing shimmering columns into the atmosphere. At planetary scale, the machine resembles a metallic solar flower standing beside a living skyscraper. Its reflected beams can be visible from hundreds of kilometers away, appearing as brilliant pillars piercing the sky. Migrating clouds are illuminated from beneath, and local temperatures rise around the focusing zone. As the palm accelerates its growth, the machine continually expands its framework, adding new mirror petals and higher truss sections. Eventually the tree and engine form a hybrid monument: half forest giant, half artificial sun, harvesting daylight and converting it into impossible biological time.",,"The Sun Harvesting Palm Engine is a vertical solar megastructure constructed beside a colossal palm, with its mechanical height deliberately matching the tree's impossible growth potential. Its chassis consists of skyscraper-scale trusses, articulated gimbal joints, magnetic counterweights, and hundreds of locomotive foundation tracks that allow the entire framework to rotate slowly with the sun. Enormous mirrored petals unfold from the structure like the leaves of a metallic flower. Each petal carries adaptive reflector panels, heat-resistant actuators, and optical steering systems capable of focusing sunlight onto selected regions of the palm's trunk, crown, and root zone. During operation, astronomical sensors calculate solar position and atmospheric refraction. The petals then tilt in coordinated sequences, concentrating sunlight into narrow energy columns. Instead of simply burning the trunk, the machine feeds those columns into quantum-photonic converters that transform solar radiation into controlled biological stimulation pulses. Plasma conduits distribute the harvested energy through superconducting loops, while magnetic suspension fields stabilize the concentrating optics against wind and seismic motion. The palm itself becomes part of the circuit. Contactless energy collars surrounding the trunk deliver pulses that fictionalize photosynthetic efficiency, accelerate nutrient transport, and trigger rapid tissue formation. Inside the engine's enormous belly factory, multi-level galleries convert captured sunlight into usable energy. Cyclone separation cylinders process airborne dust collected from the optical surfaces, drying chambers remove moisture from maintenance materials, and shielded storage vaults contain replacement mirrors, crystalline conductors, and thermal ceramics. Quantum gravity manipulators counteract structural loads when the mirrored petals swing into extreme positions. Thermal exhaust towers rise like industrial mountains, radiating excess heat through glowing fins and releasing shimmering columns into the atmosphere. At planetary scale, the machine resembles a metallic solar flower standing beside a living skyscraper. Its reflected beams can be visible from hundreds of kilometers away, appearing as brilliant pillars piercing the sky. Migrating clouds are illuminated from beneath, and local temperatures rise around the focusing zone. As the palm accelerates its growth, the machine continually expands its framework, adding new mirror petals and higher truss sections. Eventually the tree and engine form a hybrid monument: half forest giant, half artificial sun, harvesting daylight and converting it into impossible biological time.",Impossible Giant Machine,,Palm Tree,Nature Titan Megastructures,,,,en,new,2,,,,,1,,2026-08-16 19:49:17.179409,2026-08-16 19:49:17.179981,,,,,0,1
55,fff7168d-9d11-4ad1-a2e0-bbf74832425b,Palm Root Earth Mover,Palm Root Earth Mover,"The Palm Root Earth Mover is a subterranean titan designed around the principle that a palm's root system can be treated as an enormous underground transportation network. Its main chassis is a circular armored crawler surrounding the root zone several hundred meters below the surface. Articulated mechanical legs anchor against bedrock while flexible locomotive tracks allow the machine to migrate outward as the roots expand. Dozens of excavating arms branch from the chassis like a mechanical spider, each carrying rotating cutters, mineral augers, hydraulic claws, and soil-displacement scoops. Operationally, the machine first maps the entire root network using gravimetric scanners and quantum-penetrating radar. Cutting arms then open controlled tunnels without severing critical roots. Excavated soil enters conveyor throats, where magnetic separators remove metallic minerals and cyclone cylinders classify particles by density and size. Water-extraction arms tap underground aquifers, lifting moisture into pressure reservoirs before distributing it through porous feeder pipes around the roots. Mineral-rich soil is then delivered through pneumatic galleries directly into root-adjacent chambers, creating artificial nutrient gradients. The internal belly factory extends through multiple underground decks. Upper galleries handle excavation and crushing; intermediate levels contain cyclone separation cylinders, filtration plants, drying chambers, and nutrient-mixing vats; the deepest vaults store rock, clay, mineral concentrates, and emergency water reserves. Specialized manipulation arms can even reposition individual root masses, constructing subterranean corridors that encourage growth in desired directions. Plasma conduits power the largest excavation drives, while magnetic suspension fields allow massive machinery to float above delicate root structures. Quantum gravity manipulation periodically lightens excavated loads so enormous volumes can be transported through narrow shafts. Thermal exhaust is routed into geothermal vents, creating artificial warm springs at the surface. From above, the machine is mostly invisible, but its influence reshapes an entire landscape. Hills gradually flatten as soil is redistributed, dry ground becomes fertile, and underground water migrates toward the palm like tributaries flowing toward a hidden mountain. Tremors announce the movement of its excavation arms, while enormous ventilation towers emerge across the terrain like artificial termite mounds. The palm becomes the visible crown of a planetary gardening machine whose true body lies beneath the earth.",,"The Palm Root Earth Mover is a subterranean titan designed around the principle that a palm's root system can be treated as an enormous underground transportation network. Its main chassis is a circular armored crawler surrounding the root zone several hundred meters below the surface. Articulated mechanical legs anchor against bedrock while flexible locomotive tracks allow the machine to migrate outward as the roots expand. Dozens of excavating arms branch from the chassis like a mechanical spider, each carrying rotating cutters, mineral augers, hydraulic claws, and soil-displacement scoops. Operationally, the machine first maps the entire root network using gravimetric scanners and quantum-penetrating radar. Cutting arms then open controlled tunnels without severing critical roots. Excavated soil enters conveyor throats, where magnetic separators remove metallic minerals and cyclone cylinders classify particles by density and size. Water-extraction arms tap underground aquifers, lifting moisture into pressure reservoirs before distributing it through porous feeder pipes around the roots. Mineral-rich soil is then delivered through pneumatic galleries directly into root-adjacent chambers, creating artificial nutrient gradients. The internal belly factory extends through multiple underground decks. Upper galleries handle excavation and crushing; intermediate levels contain cyclone separation cylinders, filtration plants, drying chambers, and nutrient-mixing vats; the deepest vaults store rock, clay, mineral concentrates, and emergency water reserves. Specialized manipulation arms can even reposition individual root masses, constructing subterranean corridors that encourage growth in desired directions. Plasma conduits power the largest excavation drives, while magnetic suspension fields allow massive machinery to float above delicate root structures. Quantum gravity manipulation periodically lightens excavated loads so enormous volumes can be transported through narrow shafts. Thermal exhaust is routed into geothermal vents, creating artificial warm springs at the surface. From above, the machine is mostly invisible, but its influence reshapes an entire landscape. Hills gradually flatten as soil is redistributed, dry ground becomes fertile, and underground water migrates toward the palm like tributaries flowing toward a hidden mountain. Tremors announce the movement of its excavation arms, while enormous ventilation towers emerge across the terrain like artificial termite mounds. The palm becomes the visible crown of a planetary gardening machine whose true body lies beneath the earth.",Impossible Giant Machine,,Palm Tree,Nature Titan Megastructures,,,,en,new,3,,,,,1,,2026-08-16 19:49:17.207658,2026-08-16 19:49:17.207658,,,,,0,1
56,04652450-9cbb-45d7-85a1-adb08b05b653,Chrono-Palm Growth Engine,Chrono-Palm Growth Engine,"The Chrono-Palm Growth Engine is a colossal temporal machine built as a circular clockwork citadel around a palm whose biological development is intentionally separated from ordinary time. Its outer chassis resembles a ring-shaped fortress several kilometers across, supported by articulated legs, magnetic suspension pylons, and slow-moving crawler tracks that continually reposition the structure as the palm expands. Towering clockwork columns surround the trunk, each containing rotating temporal regulators, phase-locking gyroscopes, and crystalline gravity lenses. Manipulation arms equipped with noncontact biological scanners monitor every millisecond of accelerated growth, while flexible mechanical braces guide the expanding trunk without constraining it. The operational sequence begins with a synchronized temporal pulse generated by hundreds of resonant clock towers. Quantum gravity manipulators then bend the fictional local flow of time into a contained field. Within that envelope, centuries of cellular growth are compressed into minutes, while external matter experiences normal chronology. The palm's internal water, nutrients, and structural fibers are continuously monitored and replenished by robotic injectors so its accelerated biology does not outpace its material resources. The machine's belly factory occupies vast underground galleries. Multi-level processing decks manufacture nutrient compounds, fabricate replacement vascular scaffolds, and recycle biological waste. Cyclone separation cylinders sort mineral particles, drying chambers stabilize organic materials, and sealed storage vaults contain decades of simulated supplies. Plasma conduits power temporal resonators, while magnetic suspension fields isolate the central apparatus from seismic vibrations. Thermal exhaust systems dump paradoxical heat through enormous finned towers that glow at night. As the field intensifies, the palm can visibly pass through stages that would normally require generations: seedling, sapling, mature tree, ancient giant. The surrounding world remains unchanged, creating a surreal contrast between one rapidly transforming organism and an ordinary landscape. From afar, the engine resembles a ring of skyscraper clock towers enclosing a living mountain. Clouds drift normally across its exterior while inside the temporal boundary the palm's fronds blur through decades of movement. The machine's greatest engineering challenge is not growth but containment: every temporal pulse threatens to leak into the environment. Consequently, the Chrono-Palm becomes a planetary-scale monument to controlled impossibility, manufacturing centuries of botanical history inside a few minutes.",,"The Chrono-Palm Growth Engine is a colossal temporal machine built as a circular clockwork citadel around a palm whose biological development is intentionally separated from ordinary time. Its outer chassis resembles a ring-shaped fortress several kilometers across, supported by articulated legs, magnetic suspension pylons, and slow-moving crawler tracks that continually reposition the structure as the palm expands. Towering clockwork columns surround the trunk, each containing rotating temporal regulators, phase-locking gyroscopes, and crystalline gravity lenses. Manipulation arms equipped with noncontact biological scanners monitor every millisecond of accelerated growth, while flexible mechanical braces guide the expanding trunk without constraining it. The operational sequence begins with a synchronized temporal pulse generated by hundreds of resonant clock towers. Quantum gravity manipulators then bend the fictional local flow of time into a contained field. Within that envelope, centuries of cellular growth are compressed into minutes, while external matter experiences normal chronology. The palm's internal water, nutrients, and structural fibers are continuously monitored and replenished by robotic injectors so its accelerated biology does not outpace its material resources. The machine's belly factory occupies vast underground galleries. Multi-level processing decks manufacture nutrient compounds, fabricate replacement vascular scaffolds, and recycle biological waste. Cyclone separation cylinders sort mineral particles, drying chambers stabilize organic materials, and sealed storage vaults contain decades of simulated supplies. Plasma conduits power temporal resonators, while magnetic suspension fields isolate the central apparatus from seismic vibrations. Thermal exhaust systems dump paradoxical heat through enormous finned towers that glow at night. As the field intensifies, the palm can visibly pass through stages that would normally require generations: seedling, sapling, mature tree, ancient giant. The surrounding world remains unchanged, creating a surreal contrast between one rapidly transforming organism and an ordinary landscape. From afar, the engine resembles a ring of skyscraper clock towers enclosing a living mountain. Clouds drift normally across its exterior while inside the temporal boundary the palm's fronds blur through decades of movement. The machine's greatest engineering challenge is not growth but containment: every temporal pulse threatens to leak into the environment. Consequently, the Chrono-Palm becomes a planetary-scale monument to controlled impossibility, manufacturing centuries of botanical history inside a few minutes.",Impossible Giant Machine,,Palm Tree,Nature Titan Megastructures,,,,en,new,4,,,,,1,,2026-08-16 19:49:17.234654,2026-08-16 19:49:17.235653,,,,,0,1
57,e4c57bcd-e64d-4022-8824-2f14cb6c78fe,Palm Wind Orchestra,Palm Wind Orchestra,"The Palm Wind Orchestra is a circular atmospheric megastructure engineered to turn natural wind into a precisely controlled mechanical symphony around a colossal palm. Its chassis consists of hundreds of turbine towers arranged in concentric rings, each mounted on articulated joints and heavy locomotive foundations capable of rotating toward changing wind directions. Flexible manipulation arms extend between the towers, adjusting enormous aerodynamic vanes and redirecting air toward the palm's crown. Each turbine contains multi-stage blades, magnetic bearings, plasma-assisted generators, and superconducting airflow regulators. The operational workflow begins when distributed atmospheric sensors map wind velocity, temperature, pressure, and turbulence across hundreds of kilometers. Turbine petals then capture the strongest currents and funnel them into giant compression galleries. Air passes through cyclone separation cylinders that remove dust, salt, and pollen before entering resonant chambers. There, adjustable acoustic vanes divide the airflow into controlled streams. Some streams are accelerated through narrow nozzles to produce tropical breezes; others are slowed inside expansion chambers to create gentle eddies. Robotic arms continuously modify the flow so every palm frond receives a synchronized pulse. The internal belly factory occupies the bases of the largest turbine towers. Multiple processing levels house generator galleries, air-filtration decks, drying chambers for collected moisture, and storage vaults containing replacement blades, bearings, cables, and structural components. Captured airborne particles are separated and cataloged rather than discarded, while condensation systems recover atmospheric water. Plasma conduits energize airflow-control fields, magnetic suspension reduces friction in kilometer-scale turbine rotors, and quantum gravity manipulation subtly alters effective air density inside experimental chambers. Thermal exhaust from the power systems is dispersed through elevated radiator fins. At planetary scale, the Orchestra resembles a circular city of metallic mountains surrounding a living skyscraper. Its towers can rise higher than conventional buildings, their rotating blades visible from distant horizons. When synchronized, the entire installation produces a deep harmonic vibration carried through the atmosphere. Clouds bend around the turbine ring, dust storms are weakened or redirected, and local humidity can be redistributed. At the center, the palm's crown becomes the conductor's baton: thousands of fronds rise, fall, twist, and ripple in perfect synchronization as artificial breezes sweep through them. The result is simultaneously weather machine, power plant, and colossal musical instrument.",,"The Palm Wind Orchestra is a circular atmospheric megastructure engineered to turn natural wind into a precisely controlled mechanical symphony around a colossal palm. Its chassis consists of hundreds of turbine towers arranged in concentric rings, each mounted on articulated joints and heavy locomotive foundations capable of rotating toward changing wind directions. Flexible manipulation arms extend between the towers, adjusting enormous aerodynamic vanes and redirecting air toward the palm's crown. Each turbine contains multi-stage blades, magnetic bearings, plasma-assisted generators, and superconducting airflow regulators. The operational workflow begins when distributed atmospheric sensors map wind velocity, temperature, pressure, and turbulence across hundreds of kilometers. Turbine petals then capture the strongest currents and funnel them into giant compression galleries. Air passes through cyclone separation cylinders that remove dust, salt, and pollen before entering resonant chambers. There, adjustable acoustic vanes divide the airflow into controlled streams. Some streams are accelerated through narrow nozzles to produce tropical breezes; others are slowed inside expansion chambers to create gentle eddies. Robotic arms continuously modify the flow so every palm frond receives a synchronized pulse. The internal belly factory occupies the bases of the largest turbine towers. Multiple processing levels house generator galleries, air-filtration decks, drying chambers for collected moisture, and storage vaults containing replacement blades, bearings, cables, and structural components. Captured airborne particles are separated and cataloged rather than discarded, while condensation systems recover atmospheric water. Plasma conduits energize airflow-control fields, magnetic suspension reduces friction in kilometer-scale turbine rotors, and quantum gravity manipulation subtly alters effective air density inside experimental chambers. Thermal exhaust from the power systems is dispersed through elevated radiator fins. At planetary scale, the Orchestra resembles a circular city of metallic mountains surrounding a living skyscraper. Its towers can rise higher than conventional buildings, their rotating blades visible from distant horizons. When synchronized, the entire installation produces a deep harmonic vibration carried through the atmosphere. Clouds bend around the turbine ring, dust storms are weakened or redirected, and local humidity can be redistributed. At the center, the palm's crown becomes the conductor's baton: thousands of fronds rise, fall, twist, and ripple in perfect synchronization as artificial breezes sweep through them. The result is simultaneously weather machine, power plant, and colossal musical instrument.",Impossible Giant Machine,,Palm Tree,Nature Titan Megastructures,,,,en,new,5,,,,,1,,2026-08-16 19:49:17.266125,2026-08-16 19:49:17.266125,,,,,0,1
58,72f099b7-c383-48e0-886e-e65700b9502a,Celestial Coconut Launcher,Celestial Coconut Launcher,"The Celestial Coconut Launcher is a mountain-scale electromagnetic accelerator grown around the lower trunk of a colossal palm, its chassis forming a circular fortress of superconducting rails, armored trusses, and articulated support pylons. Sixteen locomotive legs, each taller than a skyscraper, continuously reposition the machine as the tree expands. Robotic harvesting arms reach into the crown, gently detaching mature coconuts and transferring them through magnetically suspended feed tubes without damaging the fruiting tissues. The launcher interfaces directly with the palm's vascular rhythms, using sensors to predict which coconuts can be harvested without disrupting growth.

Inside the immense belly of the machine, the coconuts descend through vertically stacked processing galleries. Cyclone separation cylinders strip away fibers, drying chambers stabilize moisture content, and gyroscopic calibration vaults measure mass, density, and rotational balance. Fruits are stored in armored orbital magazines before entering individual acceleration capsules. Plasma conduits supply superconducting rings with enormous electrical currents, while magnetic suspension fields isolate the accelerator from the ground. Quantum gravity manipulators subtly bend local trajectories, allowing the machine to impart impossible velocities without instantly destroying its biological payload.

Operationally, each launch begins with robotic selection, fiber cleaning, atmospheric conditioning, and precision balancing. A coconut is placed inside a containment cradle, accelerated through successive magnetic stages, and released along a calculated orbital vector. Instead of becoming debris, it enters a planetary magnetic net composed of artificial field lines extending thousands of kilometers into space. The net decelerates each coconut, redirects it toward the palm, and guides it into a vast reentry funnel where thermal shielding and controlled gravity return it gently to collection chambers.

The launcher dominates the horizon like a mountain range wrapped around a living monument. Its acceleration rings glow blue-white beneath the palm, while thermal exhaust towers produce vertical auroras of superheated plasma. Every launch creates pressure waves that ripple through clouds and ocean weather systems. At night, orbital coconuts appear as brief artificial moons, tracing luminous arcs across the sky before descending toward the impossible tree that continuously feeds the machine.",,"The Celestial Coconut Launcher is a mountain-scale electromagnetic accelerator grown around the lower trunk of a colossal palm, its chassis forming a circular fortress of superconducting rails, armored trusses, and articulated support pylons. Sixteen locomotive legs, each taller than a skyscraper, continuously reposition the machine as the tree expands. Robotic harvesting arms reach into the crown, gently detaching mature coconuts and transferring them through magnetically suspended feed tubes without damaging the fruiting tissues. The launcher interfaces directly with the palm's vascular rhythms, using sensors to predict which coconuts can be harvested without disrupting growth.

Inside the immense belly of the machine, the coconuts descend through vertically stacked processing galleries. Cyclone separation cylinders strip away fibers, drying chambers stabilize moisture content, and gyroscopic calibration vaults measure mass, density, and rotational balance. Fruits are stored in armored orbital magazines before entering individual acceleration capsules. Plasma conduits supply superconducting rings with enormous electrical currents, while magnetic suspension fields isolate the accelerator from the ground. Quantum gravity manipulators subtly bend local trajectories, allowing the machine to impart impossible velocities without instantly destroying its biological payload.

Operationally, each launch begins with robotic selection, fiber cleaning, atmospheric conditioning, and precision balancing. A coconut is placed inside a containment cradle, accelerated through successive magnetic stages, and released along a calculated orbital vector. Instead of becoming debris, it enters a planetary magnetic net composed of artificial field lines extending thousands of kilometers into space. The net decelerates each coconut, redirects it toward the palm, and guides it into a vast reentry funnel where thermal shielding and controlled gravity return it gently to collection chambers.

The launcher dominates the horizon like a mountain range wrapped around a living monument. Its acceleration rings glow blue-white beneath the palm, while thermal exhaust towers produce vertical auroras of superheated plasma. Every launch creates pressure waves that ripple through clouds and ocean weather systems. At night, orbital coconuts appear as brief artificial moons, tracing luminous arcs across the sky before descending toward the impossible tree that continuously feeds the machine.",Impossible Giant Machine,,Palm Tree,Nature Titan Megastructures,,,,en,new,6,,,,,1,,2026-08-16 19:49:17.294659,2026-08-16 19:49:17.294659,,,,,0,1
59,cc17e549-a810-43e2-8331-aaf7f0d2aafd,Palm Cloud Factory,Palm Cloud Factory,"The Palm Cloud Factory is a hovering atmospheric refinery suspended above a gigantic palm by concentric magnetic-gravity stabilizers. Its primary chassis resembles a mechanical continent: a vast circular canopy supported by articulated struts, rotating intake turbines, and mobile maintenance platforms. Dozens of locomotive sky-legs can extend downward during storms, anchoring the factory temporarily to reinforced ground pylons. Specialized manipulation arms descend among the palm fronds, measuring leaf temperature, transpiration, and moisture output while avoiding physical contact with the living tissues.

Atmospheric processing begins when perimeter collectors draw humid air through enormous intake mouths. Inside the belly factory, the air enters cyclone separation cylinders that remove dust, salt, pollen, and microscopic particles. Multi-level galleries contain condensation towers, membrane filters, drying chambers, mineral scrubbers, and pressurized water vaults. Moisture is separated into programmable reservoirs, where different atmospheric compositions can be blended to create mist, rain, fog, or high-altitude ice crystals. The palm itself becomes an active biological component, supplying transpired water vapor to the factory's recycling network.

During daylight, the factory manufactures a controlled cloud canopy. Plasma conduits energize atmospheric particles, while magnetic suspension fields arrange condensation nuclei into enormous artificial formations. Quantum gravity manipulation creates gentle vertical circulation zones, allowing clouds to hover above the palm rather than dispersing. Thermal exhaust systems counteract excess heat by venting radiant energy upward, sometimes producing glowing halos around the machinery. At night, stored moisture is released through kilometer-wide rain nozzles and atmospheric launch tubes, generating precisely timed precipitation.

The resulting weather system is both protective and spectacular. From the ground, the canopy resembles a floating mountain range, its underside illuminated by thousands of maintenance lights. During the day, it casts a moving shadow across an area larger than a major city. At night, controlled rain falls in perfectly measured curtains while distant lightning crawls along the factory's charged cloud banks. The machine continually exchanges energy and moisture with the surrounding atmosphere, potentially altering regional wind patterns. Hurricanes may bend around its pressure field, dry air masses can be humidified, and neighboring clouds may be harvested and incorporated into the factory's artificial weather cycle.",,"The Palm Cloud Factory is a hovering atmospheric refinery suspended above a gigantic palm by concentric magnetic-gravity stabilizers. Its primary chassis resembles a mechanical continent: a vast circular canopy supported by articulated struts, rotating intake turbines, and mobile maintenance platforms. Dozens of locomotive sky-legs can extend downward during storms, anchoring the factory temporarily to reinforced ground pylons. Specialized manipulation arms descend among the palm fronds, measuring leaf temperature, transpiration, and moisture output while avoiding physical contact with the living tissues.

Atmospheric processing begins when perimeter collectors draw humid air through enormous intake mouths. Inside the belly factory, the air enters cyclone separation cylinders that remove dust, salt, pollen, and microscopic particles. Multi-level galleries contain condensation towers, membrane filters, drying chambers, mineral scrubbers, and pressurized water vaults. Moisture is separated into programmable reservoirs, where different atmospheric compositions can be blended to create mist, rain, fog, or high-altitude ice crystals. The palm itself becomes an active biological component, supplying transpired water vapor to the factory's recycling network.

During daylight, the factory manufactures a controlled cloud canopy. Plasma conduits energize atmospheric particles, while magnetic suspension fields arrange condensation nuclei into enormous artificial formations. Quantum gravity manipulation creates gentle vertical circulation zones, allowing clouds to hover above the palm rather than dispersing. Thermal exhaust systems counteract excess heat by venting radiant energy upward, sometimes producing glowing halos around the machinery. At night, stored moisture is released through kilometer-wide rain nozzles and atmospheric launch tubes, generating precisely timed precipitation.

The resulting weather system is both protective and spectacular. From the ground, the canopy resembles a floating mountain range, its underside illuminated by thousands of maintenance lights. During the day, it casts a moving shadow across an area larger than a major city. At night, controlled rain falls in perfectly measured curtains while distant lightning crawls along the factory's charged cloud banks. The machine continually exchanges energy and moisture with the surrounding atmosphere, potentially altering regional wind patterns. Hurricanes may bend around its pressure field, dry air masses can be humidified, and neighboring clouds may be harvested and incorporated into the factory's artificial weather cycle.",Impossible Giant Machine,,Palm Tree,Nature Titan Megastructures,,,,en,new,7,,,,,1,,2026-08-16 19:49:17.314802,2026-08-16 19:49:17.314802,,,,,0,1
60,fd7c92a7-c71b-4d8c-8af3-09e353aa6151,Frond Solar Sail Array,Frond Solar Sail Array,"The Frond Solar Sail Array transforms a colossal palm into the anchor point of a planetary-scale photonic lifting engine. Its chassis consists of gigantic articulated frames clamped around the structural bases of every major frond, with telescoping spars extending outward for hundreds of kilometers. Each frame contains rotating joints, superconducting hinges, and autonomous maintenance crawlers. Ground locomotion is provided by immense counterweight carriers that travel on circular tracks around the palm, continually redistributing mass to keep the root system impossibly anchored while the sails pull upward.

The operational workflow begins with mechanical frond mapping. Sensor arms scan each leaf's veins, stiffness, moisture, and growth direction before deploying flexible reinforcement ribs. Robotic manipulators expand the natural fronds into enormous reflective membranes composed of layered metamaterials. Internal galleries within the chassis manufacture replacement sail segments, polish reflective surfaces, dry harvested plant fibers, and store structural composites. Cyclone separation cylinders process dust and atmospheric particles collected from the sails, while thermal chambers recover heat generated by sunlight concentration.

Once deployed, the array functions as a gigantic solar-pressure engine. Sunlight strikes the reflective surfaces and transfers momentum to the sail network. Plasma conduits circulate energy through the frames, while magnetic suspension fields reduce mechanical friction at the articulated joints. Quantum gravity manipulators amplify the tiny photonic force into a continuous upward acceleration. The palm's roots are simultaneously held by subterranean counterweight machines and gravity-locking anchors extending deep into the planetary crust. Thermal exhaust systems radiate accumulated heat into controlled infrared beams.

From orbit, the structure resembles a metallic flower larger than continents. Its reflective fronds produce moving bands of brilliance visible from space, while their shadows sweep across oceans and deserts. As the sun changes position, millions of articulated joints slowly rotate the sails to maintain optimal photon incidence. The resulting force attempts to lift the entire palm, surrounding soil, and anchoring infrastructure toward the sky. Counterweights migrate around their planetary tracks like artificial moons, balancing the tree's ascent. At maximum deployment, the palm becomes a living launch platform, its leaves converted into a continent-spanning solar sail capable of subtly changing the tree's altitude, orientation, and even local atmospheric circulation.",,"The Frond Solar Sail Array transforms a colossal palm into the anchor point of a planetary-scale photonic lifting engine. Its chassis consists of gigantic articulated frames clamped around the structural bases of every major frond, with telescoping spars extending outward for hundreds of kilometers. Each frame contains rotating joints, superconducting hinges, and autonomous maintenance crawlers. Ground locomotion is provided by immense counterweight carriers that travel on circular tracks around the palm, continually redistributing mass to keep the root system impossibly anchored while the sails pull upward.

The operational workflow begins with mechanical frond mapping. Sensor arms scan each leaf's veins, stiffness, moisture, and growth direction before deploying flexible reinforcement ribs. Robotic manipulators expand the natural fronds into enormous reflective membranes composed of layered metamaterials. Internal galleries within the chassis manufacture replacement sail segments, polish reflective surfaces, dry harvested plant fibers, and store structural composites. Cyclone separation cylinders process dust and atmospheric particles collected from the sails, while thermal chambers recover heat generated by sunlight concentration.

Once deployed, the array functions as a gigantic solar-pressure engine. Sunlight strikes the reflective surfaces and transfers momentum to the sail network. Plasma conduits circulate energy through the frames, while magnetic suspension fields reduce mechanical friction at the articulated joints. Quantum gravity manipulators amplify the tiny photonic force into a continuous upward acceleration. The palm's roots are simultaneously held by subterranean counterweight machines and gravity-locking anchors extending deep into the planetary crust. Thermal exhaust systems radiate accumulated heat into controlled infrared beams.

From orbit, the structure resembles a metallic flower larger than continents. Its reflective fronds produce moving bands of brilliance visible from space, while their shadows sweep across oceans and deserts. As the sun changes position, millions of articulated joints slowly rotate the sails to maintain optimal photon incidence. The resulting force attempts to lift the entire palm, surrounding soil, and anchoring infrastructure toward the sky. Counterweights migrate around their planetary tracks like artificial moons, balancing the tree's ascent. At maximum deployment, the palm becomes a living launch platform, its leaves converted into a continent-spanning solar sail capable of subtly changing the tree's altitude, orientation, and even local atmospheric circulation.",Impossible Giant Machine,,Palm Tree,Nature Titan Megastructures,,,,en,new,8,,,,,1,,2026-08-16 19:49:17.334243,2026-08-16 19:49:17.334243,,,,,0,1
61,37391dec-7dc1-47ab-b9d6-99f1ad7babfd,Palm Tree Climate Reactor,Palm Tree Climate Reactor,"The Palm Tree Climate Reactor is a cylindrical megastructure surrounding a gigantic palm while maintaining a precise air gap between machinery and living tissue. Its armored chassis rises like a vertical city, composed of concentric pressure shells, articulated climate-control towers, and kilometer-long maintenance gantries. Mobile legs and magnetic tracks allow the reactor to reposition around the tree as its root system expands. Specialized robotic arms harvest fallen material, inspect bark and fronds, and manipulate curtains of vapor, wind, and precipitation without touching the palm.

Air enters through enormous intake gates arranged around the lower circumference. Within the internal belly factory, multi-level galleries divide the atmosphere into controllable streams. Cyclone separation cylinders remove dust and biological particles; drying chambers regulate humidity; heat exchangers alter temperature; and atmospheric storage vaults contain compressed air, water vapor, nitrogen, and engineered cloud nuclei. Other galleries recycle fallen leaves into thermal energy and mineral feedstock. The reactor continuously measures the palm's transpiration, photosynthesis, root temperature, and surrounding soil conditions, turning biological activity into real-time climate-control data.

The core engineering system combines plasma conduits, superconducting circulation loops, magnetic suspension fields, and quantum gravity manipulation. Plasma heaters create controlled thermal gradients, while cryogenic radiators remove excess energy. Pressure engines generate localized wind systems, and gravitational lenses create artificial convection columns that can rise thousands of meters before dispersing. Programmable condensation arrays manufacture clouds, fog, rain, and even small controlled thunderstorms. Thermal exhaust systems vent surplus heat high above the canopy, preventing the enclosed ecosystem from overheating.

The machine's weather envelope can extend for hundreds of kilometers, making the palm appear to possess its own atmosphere. From the ground, towering intake stacks resemble skyscrapers; from high altitude, the entire reactor resembles a metallic cyclone wrapped around a green mountain. Sunlight filtered through artificial clouds creates permanent twilight zones, while controlled night rainfall nourishes surrounding vegetation. Wind streams may circulate continuously around the trunk, producing miniature jet currents and pressure fronts. Beyond its boundary, the reactor subtly interacts with regional weather, potentially attracting moisture, diverting storms, and creating persistent atmospheric disturbances. The palm is no longer merely living inside a climate; it has become the biological heart of a manufactured planetary weather engine.",,"The Palm Tree Climate Reactor is a cylindrical megastructure surrounding a gigantic palm while maintaining a precise air gap between machinery and living tissue. Its armored chassis rises like a vertical city, composed of concentric pressure shells, articulated climate-control towers, and kilometer-long maintenance gantries. Mobile legs and magnetic tracks allow the reactor to reposition around the tree as its root system expands. Specialized robotic arms harvest fallen material, inspect bark and fronds, and manipulate curtains of vapor, wind, and precipitation without touching the palm.

Air enters through enormous intake gates arranged around the lower circumference. Within the internal belly factory, multi-level galleries divide the atmosphere into controllable streams. Cyclone separation cylinders remove dust and biological particles; drying chambers regulate humidity; heat exchangers alter temperature; and atmospheric storage vaults contain compressed air, water vapor, nitrogen, and engineered cloud nuclei. Other galleries recycle fallen leaves into thermal energy and mineral feedstock. The reactor continuously measures the palm's transpiration, photosynthesis, root temperature, and surrounding soil conditions, turning biological activity into real-time climate-control data.

The core engineering system combines plasma conduits, superconducting circulation loops, magnetic suspension fields, and quantum gravity manipulation. Plasma heaters create controlled thermal gradients, while cryogenic radiators remove excess energy. Pressure engines generate localized wind systems, and gravitational lenses create artificial convection columns that can rise thousands of meters before dispersing. Programmable condensation arrays manufacture clouds, fog, rain, and even small controlled thunderstorms. Thermal exhaust systems vent surplus heat high above the canopy, preventing the enclosed ecosystem from overheating.

The machine's weather envelope can extend for hundreds of kilometers, making the palm appear to possess its own atmosphere. From the ground, towering intake stacks resemble skyscrapers; from high altitude, the entire reactor resembles a metallic cyclone wrapped around a green mountain. Sunlight filtered through artificial clouds creates permanent twilight zones, while controlled night rainfall nourishes surrounding vegetation. Wind streams may circulate continuously around the trunk, producing miniature jet currents and pressure fronts. Beyond its boundary, the reactor subtly interacts with regional weather, potentially attracting moisture, diverting storms, and creating persistent atmospheric disturbances. The palm is no longer merely living inside a climate; it has become the biological heart of a manufactured planetary weather engine.",Impossible Giant Machine,,Palm Tree,Nature Titan Megastructures,,,,en,new,9,,,,,1,,2026-08-16 19:49:17.363038,2026-08-16 19:49:17.363038,,,,,0,1
62,bd0889fa-29b5-40ab-8acc-28e407a9edc5,Infinite Palm Forest Seeder,Infinite Palm Forest Seeder,"The Infinite Palm Forest Seeder is a colossal propagation engine crowned above a gigantic palm by a mechanical halo wider than a metropolitan skyline. Its chassis consists of concentric rings, articulated antenna arms, launch rails, and autonomous crawler platforms that climb the trunk and spread across the canopy. Ground locomotion comes from enormous telescoping legs and tracked counterweight vehicles, allowing the machine to stabilize itself as the palm grows. Specialized harvesting manipulators sample fronds, flowers, roots, pollen, and developing fruit, constructing a continuously updated genetic model of the tree.

Inside the machine's belly, the biological material passes through tiered processing galleries. Cyclone separation cylinders sort fibers, pollen, minerals, and microscopic particles by mass. Sterile drying chambers preserve genetic material, while molecular fabrication galleries reconstruct viable seed architectures from the tree's biological patterns. Deep storage vaults contain millions of encoded growth templates, each tagged with environmental requirements. The system does not simply manufacture conventional seeds; it converts genetic information into luminous programmable particles capable of assembling biological structures when they encounter suitable ground.

The crown's primary energy system combines plasma conduits, quantum information processors, magnetic suspension fields, and quantum gravity manipulation. Genetic templates are encoded into coherent particle streams and accelerated through electromagnetic launch channels. Gravity lenses bend those streams across impossible distances, allowing a single pulse to cross oceans, continents, or even planetary curvature. At the destination, a beam intersects soil and establishes a temporary matter-assembly field. Minerals, water, carbon, and atmospheric gases are rearranged into a fully formed palm embryo, which rapidly matures through accelerated biological time.

The atmospheric presence of the Seeder is overwhelming. Its crown resembles a second horizon above the original palm, with luminous beams extending toward distant continents. Each successful seeding event can produce a new palm almost instantly, creating forests in places that were previously barren. Thermal exhaust systems discharge glowing plumes into the upper atmosphere, while launch pulses generate concentric cloud disturbances visible for hundreds of kilometers. Over decades, the machine could transform coastlines, deserts, and islands into synchronized palm ecosystems. From orbit, newly generated forests would appear as spreading green constellations, revealing that the original palm has become the source node of a planetary-scale artificial biosphere.",,"The Infinite Palm Forest Seeder is a colossal propagation engine crowned above a gigantic palm by a mechanical halo wider than a metropolitan skyline. Its chassis consists of concentric rings, articulated antenna arms, launch rails, and autonomous crawler platforms that climb the trunk and spread across the canopy. Ground locomotion comes from enormous telescoping legs and tracked counterweight vehicles, allowing the machine to stabilize itself as the palm grows. Specialized harvesting manipulators sample fronds, flowers, roots, pollen, and developing fruit, constructing a continuously updated genetic model of the tree.

Inside the machine's belly, the biological material passes through tiered processing galleries. Cyclone separation cylinders sort fibers, pollen, minerals, and microscopic particles by mass. Sterile drying chambers preserve genetic material, while molecular fabrication galleries reconstruct viable seed architectures from the tree's biological patterns. Deep storage vaults contain millions of encoded growth templates, each tagged with environmental requirements. The system does not simply manufacture conventional seeds; it converts genetic information into luminous programmable particles capable of assembling biological structures when they encounter suitable ground.

The crown's primary energy system combines plasma conduits, quantum information processors, magnetic suspension fields, and quantum gravity manipulation. Genetic templates are encoded into coherent particle streams and accelerated through electromagnetic launch channels. Gravity lenses bend those streams across impossible distances, allowing a single pulse to cross oceans, continents, or even planetary curvature. At the destination, a beam intersects soil and establishes a temporary matter-assembly field. Minerals, water, carbon, and atmospheric gases are rearranged into a fully formed palm embryo, which rapidly matures through accelerated biological time.

The atmospheric presence of the Seeder is overwhelming. Its crown resembles a second horizon above the original palm, with luminous beams extending toward distant continents. Each successful seeding event can produce a new palm almost instantly, creating forests in places that were previously barren. Thermal exhaust systems discharge glowing plumes into the upper atmosphere, while launch pulses generate concentric cloud disturbances visible for hundreds of kilometers. Over decades, the machine could transform coastlines, deserts, and islands into synchronized palm ecosystems. From orbit, newly generated forests would appear as spreading green constellations, revealing that the original palm has become the source node of a planetary-scale artificial biosphere.",Impossible Giant Machine,,Palm Tree,Nature Titan Megastructures,,,,en,new,10,,,,,1,,2026-08-16 19:49:17.392992,2026-08-16 19:49:17.392992,,,,,0,1
63,5c4a5e24-6aff-4a15-8f54-1675731219fd,The Bamboo Forest Titan Megastructure #1,The Bamboo Forest Titan Megastructure #1,"The Bamboo Forest Titan Megastructure #1 rises above the bamboo canopy as a walking industrial continent, its primary chassis a ribbed composite skeleton nearly mountain-scale. Six articulated locomotive legs terminate in magnetic traction pads that distribute immense loads across thousands of square meters, while secondary stabilizer pylons continuously probe the ground for geological weaknesses. Its shoulders carry telescoping harvesting arms equipped with diamond-edged circular cutters, adaptive gripping claws, and segmented conveyor fingers. Smaller manipulation drones swarm around the limbs, selectively separating mature bamboo from living shoots and preserving designated growth corridors. Operations begin when the titan maps the forest through lidar, seismic pulses, and spectral scans. Harvesting arms descend through the canopy, clamp selected stalks, and cut them at algorithmically determined heights. Pneumatic manipulators strip branches and leaves before feeding the trunks into armored transfer channels. Within the machine, gravity-fed elevators deliver the material to the internal belly factory, where six processing galleries operate simultaneously. Cyclone separation cylinders remove dust, fibers, and airborne fragments; rotary mills divide bamboo into structural billets, fibers, carbon-rich compounds, and cellulose feedstock. Moisture-rich material enters kilometer-long drying chambers heated by recovered reactor waste, while finished products travel into pressure-sealed storage vaults embedded deep within the torso. The energy system relies on luminous plasma conduits running along the spine and limbs. Magnetic suspension fields isolate vibrating factory decks from the walking chassis, preventing destructive resonance. Quantum gravity manipulators periodically reduce the titan's effective mass during major locomotion cycles, allowing its legs to cross terrain that would otherwise collapse beneath them. Superconducting planetary conduits draw energy from deep crustal gradients, while thermal exhaust towers release controlled streams of superheated vapor high above the canopy. Atmospheric interaction is unavoidable: each footfall creates pressure waves that bend bamboo groves outward like grass before a storm. Condensation clouds gather around the titan's shoulders, and its exhaust plumes can seed temporary fog banks. From distant ridges, its silhouette resembles a moving mountain threaded with orange plasma veins. Skyscraper-sized sensor masts project beyond the forest canopy, while the titan's walking route becomes a temporary mechanical valley. It is simultaneously harvester, refinery, power station, and autonomous guardian of an ecosystem it is designed never to exhaust.",,"The Bamboo Forest Titan Megastructure #1 rises above the bamboo canopy as a walking industrial continent, its primary chassis a ribbed composite skeleton nearly mountain-scale. Six articulated locomotive legs terminate in magnetic traction pads that distribute immense loads across thousands of square meters, while secondary stabilizer pylons continuously probe the ground for geological weaknesses. Its shoulders carry telescoping harvesting arms equipped with diamond-edged circular cutters, adaptive gripping claws, and segmented conveyor fingers. Smaller manipulation drones swarm around the limbs, selectively separating mature bamboo from living shoots and preserving designated growth corridors. Operations begin when the titan maps the forest through lidar, seismic pulses, and spectral scans. Harvesting arms descend through the canopy, clamp selected stalks, and cut them at algorithmically determined heights. Pneumatic manipulators strip branches and leaves before feeding the trunks into armored transfer channels. Within the machine, gravity-fed elevators deliver the material to the internal belly factory, where six processing galleries operate simultaneously. Cyclone separation cylinders remove dust, fibers, and airborne fragments; rotary mills divide bamboo into structural billets, fibers, carbon-rich compounds, and cellulose feedstock. Moisture-rich material enters kilometer-long drying chambers heated by recovered reactor waste, while finished products travel into pressure-sealed storage vaults embedded deep within the torso. The energy system relies on luminous plasma conduits running along the spine and limbs. Magnetic suspension fields isolate vibrating factory decks from the walking chassis, preventing destructive resonance. Quantum gravity manipulators periodically reduce the titan's effective mass during major locomotion cycles, allowing its legs to cross terrain that would otherwise collapse beneath them. Superconducting planetary conduits draw energy from deep crustal gradients, while thermal exhaust towers release controlled streams of superheated vapor high above the canopy. Atmospheric interaction is unavoidable: each footfall creates pressure waves that bend bamboo groves outward like grass before a storm. Condensation clouds gather around the titan's shoulders, and its exhaust plumes can seed temporary fog banks. From distant ridges, its silhouette resembles a moving mountain threaded with orange plasma veins. Skyscraper-sized sensor masts project beyond the forest canopy, while the titan's walking route becomes a temporary mechanical valley. It is simultaneously harvester, refinery, power station, and autonomous guardian of an ecosystem it is designed never to exhaust.",Impossible Giant Machine,,Bamboo Forest,Nature Titan Megastructures,,,,en,new,1,,,,,1,,2026-08-16 19:57:16.333590,2026-08-16 19:57:16.333590,,,,,0,1
64,11dfb847-cc1d-4f81-9d56-779ffee7312d,The Bamboo Forest Titan Megastructure #2,The Bamboo Forest Titan Megastructure #2,"The Bamboo Forest Titan Megastructure #2 is conceived as a colossal quadrupedal processing fortress whose chassis resembles a fusion of an armored mountain and an industrial cathedral. Four primary locomotive legs use nested hydraulic bones, superconducting tendons, and articulated ankle assemblies to absorb terrain deformation. Each foot contains hundreds of independently controlled contact plates, allowing the machine to walk through dense bamboo without crushing entire regions beneath a single rigid sole. Along its flanks are eight harvesting arms, each capable of extending several hundred meters. Their cutting heads combine rotating plasma saws with precision mechanical shears, enabling the titan to fell bamboo cleanly while avoiding younger shoots. The operational cycle begins with autonomous survey balloons mapping stalk density, soil moisture, and growth age. Data flows into the titan's central ecological processor, which assigns harvesting corridors. Arms then enter the forest in sequence, cutting, trimming, bundling, and transferring bamboo through flexible armored conduits. Magnetic conveyors carry the bundles upward into the torso, where the belly factory unfolds across multiple vertical levels. The upper galleries perform debarking and dimensional cutting. Middle galleries contain cyclone separation cylinders that classify fibers according to density and particle size. Lower galleries house high-pressure pulping chambers, vacuum drying tunnels, chemical-neutralization systems, and immense storage vaults for finished material. Waste gases pass through catalytic scrubbers before being recycled as process feedstock. The titan's power architecture is dominated by plasma conduits braided around a central superconducting spine. Magnetic suspension fields allow entire factory floors to float inside the chassis, isolating them from locomotion shocks. Quantum gravity manipulation modules create localized reductions in gravitational load whenever the machine lifts a leg, while planetary energy conduits tap electromagnetic and geothermal potential from deep beneath the forest. Excess heat is transferred into phase-change reservoirs before being expelled through dorsal thermal exhaust towers as luminous vapor columns. At full operation, the machine transforms the surrounding atmosphere. Warm exhaust creates towering convection cells, clouds form around its upper hull, and rainfall may briefly intensify along its route. Its four feet appear like moving plazas when viewed from ground level, while its shoulder structures rival skyscrapers. From the horizon, the titan resembles a slow-moving mesa with glowing arteries, endlessly harvesting, refining, storing, and redistributing the physical wealth of the Bamboo Forest.",,"The Bamboo Forest Titan Megastructure #2 is conceived as a colossal quadrupedal processing fortress whose chassis resembles a fusion of an armored mountain and an industrial cathedral. Four primary locomotive legs use nested hydraulic bones, superconducting tendons, and articulated ankle assemblies to absorb terrain deformation. Each foot contains hundreds of independently controlled contact plates, allowing the machine to walk through dense bamboo without crushing entire regions beneath a single rigid sole. Along its flanks are eight harvesting arms, each capable of extending several hundred meters. Their cutting heads combine rotating plasma saws with precision mechanical shears, enabling the titan to fell bamboo cleanly while avoiding younger shoots. The operational cycle begins with autonomous survey balloons mapping stalk density, soil moisture, and growth age. Data flows into the titan's central ecological processor, which assigns harvesting corridors. Arms then enter the forest in sequence, cutting, trimming, bundling, and transferring bamboo through flexible armored conduits. Magnetic conveyors carry the bundles upward into the torso, where the belly factory unfolds across multiple vertical levels. The upper galleries perform debarking and dimensional cutting. Middle galleries contain cyclone separation cylinders that classify fibers according to density and particle size. Lower galleries house high-pressure pulping chambers, vacuum drying tunnels, chemical-neutralization systems, and immense storage vaults for finished material. Waste gases pass through catalytic scrubbers before being recycled as process feedstock. The titan's power architecture is dominated by plasma conduits braided around a central superconducting spine. Magnetic suspension fields allow entire factory floors to float inside the chassis, isolating them from locomotion shocks. Quantum gravity manipulation modules create localized reductions in gravitational load whenever the machine lifts a leg, while planetary energy conduits tap electromagnetic and geothermal potential from deep beneath the forest. Excess heat is transferred into phase-change reservoirs before being expelled through dorsal thermal exhaust towers as luminous vapor columns. At full operation, the machine transforms the surrounding atmosphere. Warm exhaust creates towering convection cells, clouds form around its upper hull, and rainfall may briefly intensify along its route. Its four feet appear like moving plazas when viewed from ground level, while its shoulder structures rival skyscrapers. From the horizon, the titan resembles a slow-moving mesa with glowing arteries, endlessly harvesting, refining, storing, and redistributing the physical wealth of the Bamboo Forest.",Impossible Giant Machine,,Bamboo Forest,Nature Titan Megastructures,,,,en,new,2,,,,,1,,2026-08-16 19:57:16.367994,2026-08-16 19:57:16.367994,,,,,0,1
65,45dd27bc-6782-493a-b386-567d127b1f2e,The Bamboo Forest Titan Megastructure #3,The Bamboo Forest Titan Megastructure #3,"The Bamboo Forest Titan Megastructure #3 is built around a radically different architecture: a towering bipedal titan whose enormous torso functions as a vertical refinery and whose legs act as mobile geological anchors. The chassis consists of concentric armored rings surrounding a pressurized industrial core. Each knee and hip contains enormous articulated bearings suspended within magnetic fields, while gravity-compensating joints prevent the machine from toppling under its own mass. Two primary harvesting arms hang from its shoulders like mechanical branches, supplemented by dozens of cable-driven microarms mounted along the forearms. Their tools include rotating bamboo saws, ultrasonic splitters, bark peelers, gripping clamps, and precision cutters capable of extracting individual stalks from tightly packed groves. Before physical harvesting begins, the titan releases a cloud of autonomous survey machines. These units identify mature bamboo, measure underground rhizome networks, and establish extraction lanes that minimize ecological disruption. The large arms then cut selected stalks, bundle them magnetically, and place them into vertical intake wells in the titan's hips. Internal elevators carry raw material upward into the belly factory, where processing occurs continuously while the machine walks. The lowest galleries contain reception crushers and cyclone separation cylinders. Above them, vibrating screens sort fibers, while heated drying chambers remove moisture using recovered reactor heat. Higher galleries contain compression presses, resin synthesis systems, fiber alignment machines, and sealed storage vaults capable of holding years of production. A central waste-recovery gallery converts fragments and organic residues into combustible gases and structural carbon compounds. Plasma conduits form a luminous network through the chassis, carrying energy between the reactor, limbs, and processing decks. Magnetic suspension fields keep the refinery galleries nearly weightless relative to the walking frame. Quantum gravity manipulators briefly reshape local gravitational gradients, allowing the titan to shift its enormous center of mass without destabilizing the forest floor. Planetary energy conduits penetrate deep into the crust and feed power into superconducting accumulators. Thermal exhaust emerges through crown-like towers surrounding the head, producing glowing vapor halos at night. The titan is so large that clouds frequently collide with its upper body, while rainwater cascades from armor terraces like artificial waterfalls. Bamboo groves bend in synchronized waves as its legs pass. Seen from distant mountains, it resembles a walking skyscraper complex, its illuminated factory windows revealing a civilization-sized machine operating silently inside a living forest.",,"The Bamboo Forest Titan Megastructure #3 is built around a radically different architecture: a towering bipedal titan whose enormous torso functions as a vertical refinery and whose legs act as mobile geological anchors. The chassis consists of concentric armored rings surrounding a pressurized industrial core. Each knee and hip contains enormous articulated bearings suspended within magnetic fields, while gravity-compensating joints prevent the machine from toppling under its own mass. Two primary harvesting arms hang from its shoulders like mechanical branches, supplemented by dozens of cable-driven microarms mounted along the forearms. Their tools include rotating bamboo saws, ultrasonic splitters, bark peelers, gripping clamps, and precision cutters capable of extracting individual stalks from tightly packed groves. Before physical harvesting begins, the titan releases a cloud of autonomous survey machines. These units identify mature bamboo, measure underground rhizome networks, and establish extraction lanes that minimize ecological disruption. The large arms then cut selected stalks, bundle them magnetically, and place them into vertical intake wells in the titan's hips. Internal elevators carry raw material upward into the belly factory, where processing occurs continuously while the machine walks. The lowest galleries contain reception crushers and cyclone separation cylinders. Above them, vibrating screens sort fibers, while heated drying chambers remove moisture using recovered reactor heat. Higher galleries contain compression presses, resin synthesis systems, fiber alignment machines, and sealed storage vaults capable of holding years of production. A central waste-recovery gallery converts fragments and organic residues into combustible gases and structural carbon compounds. Plasma conduits form a luminous network through the chassis, carrying energy between the reactor, limbs, and processing decks. Magnetic suspension fields keep the refinery galleries nearly weightless relative to the walking frame. Quantum gravity manipulators briefly reshape local gravitational gradients, allowing the titan to shift its enormous center of mass without destabilizing the forest floor. Planetary energy conduits penetrate deep into the crust and feed power into superconducting accumulators. Thermal exhaust emerges through crown-like towers surrounding the head, producing glowing vapor halos at night. The titan is so large that clouds frequently collide with its upper body, while rainwater cascades from armor terraces like artificial waterfalls. Bamboo groves bend in synchronized waves as its legs pass. Seen from distant mountains, it resembles a walking skyscraper complex, its illuminated factory windows revealing a civilization-sized machine operating silently inside a living forest.",Impossible Giant Machine,,Bamboo Forest,Nature Titan Megastructures,,,,en,new,3,,,,,1,,2026-08-16 19:57:16.399341,2026-08-16 19:57:16.399341,,,,,0,1
66,551be7a4-e712-46ae-9026-1a2255424536,The Bamboo Forest Titan Megastructure #4,The Bamboo Forest Titan Megastructure #4,"The Bamboo Forest Titan Megastructure #4 is a six-legged crawler engineered as a mobile extraction citadel, with a chassis so broad that its central body creates its own artificial clearing beneath the canopy. Its armor is composed of layered ceramic-metal composites supported by immense internal trusses. Six articulated locomotive legs move in alternating sequences, each leg containing hydraulic muscle cylinders, magnetic bearings, and shock-absorbing foot assemblies. The feet are not simple supports; they contain adjustable terrain plates that spread loads across the ground and retract around sensitive vegetation. Four harvesting arms extend from the machine's lateral shoulders, while two specialized manipulator towers operate from the rear. Cutting heads use counter-rotating blades, thermal cutters, and ultrasonic splitting elements. The workflow begins with orbital and aerial ecological mapping, followed by ground-level sensor probes that identify harvestable bamboo and underground root structures. The arms then establish a controlled extraction corridor. Stalks are cut, lifted, stripped, measured, and passed into flexible conveyor tubes. Leaves and branches are separated immediately, while mature stalks enter the main processing system. Inside the belly factory, raw material descends through stacked processing galleries arranged like levels of an underground city turned vertical. Cyclone separation cylinders isolate dust and lightweight fibers. Hammer mills reduce selected material to chips, pressure rollers flatten structural strips, and vacuum drying chambers remove moisture with minimal thermal degradation. Specialized galleries manufacture composite boards, woven fibers, bio-carbon, and resin-infused structural components. Deep storage vaults hold finished products in modular pressure cells, while autonomous forklifts continuously rearrange inventory. The energy architecture combines plasma conduits with superconducting power trunks. Magnetic suspension fields float critical factory modules inside the chassis, preventing mechanical vibration from damaging precision equipment. Quantum gravity manipulators create temporary low-gravity corridors for moving enormous loads internally and reducing the energy required for locomotion. Planetary conduits harvest electrical potential from deep geological layers, while thermal exhaust systems channel waste heat through dorsal towers equipped with radiative fins. The machine's presence reshapes local weather. Its enormous body redirects wind, its exhaust creates vertical convection columns, and water vapor condenses around its upper armor into persistent cloud rings. During operation, bamboo canopies ripple outward from each passing leg like waves across an ocean. From ground level, its feet resemble moving buildings; from the horizon, the entire crawler resembles a dark plateau drifting through the forest, glowing with plasma veins and surrounded by weather of its own making.",,"The Bamboo Forest Titan Megastructure #4 is a six-legged crawler engineered as a mobile extraction citadel, with a chassis so broad that its central body creates its own artificial clearing beneath the canopy. Its armor is composed of layered ceramic-metal composites supported by immense internal trusses. Six articulated locomotive legs move in alternating sequences, each leg containing hydraulic muscle cylinders, magnetic bearings, and shock-absorbing foot assemblies. The feet are not simple supports; they contain adjustable terrain plates that spread loads across the ground and retract around sensitive vegetation. Four harvesting arms extend from the machine's lateral shoulders, while two specialized manipulator towers operate from the rear. Cutting heads use counter-rotating blades, thermal cutters, and ultrasonic splitting elements. The workflow begins with orbital and aerial ecological mapping, followed by ground-level sensor probes that identify harvestable bamboo and underground root structures. The arms then establish a controlled extraction corridor. Stalks are cut, lifted, stripped, measured, and passed into flexible conveyor tubes. Leaves and branches are separated immediately, while mature stalks enter the main processing system. Inside the belly factory, raw material descends through stacked processing galleries arranged like levels of an underground city turned vertical. Cyclone separation cylinders isolate dust and lightweight fibers. Hammer mills reduce selected material to chips, pressure rollers flatten structural strips, and vacuum drying chambers remove moisture with minimal thermal degradation. Specialized galleries manufacture composite boards, woven fibers, bio-carbon, and resin-infused structural components. Deep storage vaults hold finished products in modular pressure cells, while autonomous forklifts continuously rearrange inventory. The energy architecture combines plasma conduits with superconducting power trunks. Magnetic suspension fields float critical factory modules inside the chassis, preventing mechanical vibration from damaging precision equipment. Quantum gravity manipulators create temporary low-gravity corridors for moving enormous loads internally and reducing the energy required for locomotion. Planetary conduits harvest electrical potential from deep geological layers, while thermal exhaust systems channel waste heat through dorsal towers equipped with radiative fins. The machine's presence reshapes local weather. Its enormous body redirects wind, its exhaust creates vertical convection columns, and water vapor condenses around its upper armor into persistent cloud rings. During operation, bamboo canopies ripple outward from each passing leg like waves across an ocean. From ground level, its feet resemble moving buildings; from the horizon, the entire crawler resembles a dark plateau drifting through the forest, glowing with plasma veins and surrounded by weather of its own making.",Impossible Giant Machine,,Bamboo Forest,Nature Titan Megastructures,,,,en,new,4,,,,,1,,2026-08-16 19:57:16.421279,2026-08-16 19:57:16.422282,,,,,0,1
67,d3c87aa4-7668-468d-81dc-93300e76a3d5,The Bamboo Forest Titan Megastructure #5,The Bamboo Forest Titan Megastructure #5,"The Bamboo Forest Titan Megastructure #5 is the most extreme member of the series: a colossal mobile arcology whose chassis combines a walking frame, harvesting refinery, energy nexus, and atmospheric machine. Its central body rises several kilometers above the bamboo canopy, supported by eight articulated locomotive legs arranged around a circular industrial core. Each leg contains nested structural spars, superconducting tendons, and independently tilting joints that allow the titan to negotiate valleys and steep terrain. Around the torso are twelve specialized arms. Some carry plasma-edged cutters for rapid harvesting; others use delicate robotic claws to manipulate individual stalks, transplant young shoots, and clear damaged vegetation. A continuous survey network first divides the forest into ecological zones. The titan then performs selective extraction, cutting mature bamboo according to growth models while leaving designated regeneration areas untouched. Harvested stalks are lifted into intake elevators and carried through armored arteries into the belly factory. There, a sequence of multi-level galleries performs reception, stripping, cutting, pulping, fiber separation, drying, synthesis, and storage. Cyclone separation cylinders operate like industrial lungs, pulling fine particles from process streams. Vast drying chambers use vacuum, microwave heating, and recovered thermal energy to stabilize bamboo before fabrication. Lower galleries manufacture beams, flexible fibers, carbon composites, and bio-derived construction materials. Deeper storage vaults contain finished products in enormous rotating racks protected from moisture and atmospheric contamination. At the heart of the titan lies a quantum power core surrounded by magnetic suspension fields. Plasma conduits branch from it like artificial arteries, feeding every limb and processing gallery. Quantum gravity manipulators create controlled gravitational wells that stabilize the titan while walking and allow sections of the belly factory to operate in near-zero gravity. Planetary energy conduits reach into the crust, drawing energy from geothermal gradients, electromagnetic fields, and fictional quantum vacuum interfaces. Waste heat is distributed through miles of thermal plumbing before emerging from crown-like exhaust structures as radiant columns of vapor. The titan's atmospheric influence is immense. Its upper decks pierce clouds, forcing winds around its body and generating turbulent weather corridors. Exhaust plumes can form temporary thunderclouds, while condensation gathers along its armor like snow on a mountain. At night, its plasma veins illuminate the bamboo forest beneath it with blue-white light. From hundreds of kilometers away, observers see what appears to be a mountain walking across the landscape. Yet inside that mountain, thousands of automated systems continuously harvest, process, store, recycle, and regenerate the forest's material resources.",,"The Bamboo Forest Titan Megastructure #5 is the most extreme member of the series: a colossal mobile arcology whose chassis combines a walking frame, harvesting refinery, energy nexus, and atmospheric machine. Its central body rises several kilometers above the bamboo canopy, supported by eight articulated locomotive legs arranged around a circular industrial core. Each leg contains nested structural spars, superconducting tendons, and independently tilting joints that allow the titan to negotiate valleys and steep terrain. Around the torso are twelve specialized arms. Some carry plasma-edged cutters for rapid harvesting; others use delicate robotic claws to manipulate individual stalks, transplant young shoots, and clear damaged vegetation. A continuous survey network first divides the forest into ecological zones. The titan then performs selective extraction, cutting mature bamboo according to growth models while leaving designated regeneration areas untouched. Harvested stalks are lifted into intake elevators and carried through armored arteries into the belly factory. There, a sequence of multi-level galleries performs reception, stripping, cutting, pulping, fiber separation, drying, synthesis, and storage. Cyclone separation cylinders operate like industrial lungs, pulling fine particles from process streams. Vast drying chambers use vacuum, microwave heating, and recovered thermal energy to stabilize bamboo before fabrication. Lower galleries manufacture beams, flexible fibers, carbon composites, and bio-derived construction materials. Deeper storage vaults contain finished products in enormous rotating racks protected from moisture and atmospheric contamination. At the heart of the titan lies a quantum power core surrounded by magnetic suspension fields. Plasma conduits branch from it like artificial arteries, feeding every limb and processing gallery. Quantum gravity manipulators create controlled gravitational wells that stabilize the titan while walking and allow sections of the belly factory to operate in near-zero gravity. Planetary energy conduits reach into the crust, drawing energy from geothermal gradients, electromagnetic fields, and fictional quantum vacuum interfaces. Waste heat is distributed through miles of thermal plumbing before emerging from crown-like exhaust structures as radiant columns of vapor. The titan's atmospheric influence is immense. Its upper decks pierce clouds, forcing winds around its body and generating turbulent weather corridors. Exhaust plumes can form temporary thunderclouds, while condensation gathers along its armor like snow on a mountain. At night, its plasma veins illuminate the bamboo forest beneath it with blue-white light. From hundreds of kilometers away, observers see what appears to be a mountain walking across the landscape. Yet inside that mountain, thousands of automated systems continuously harvest, process, store, recycle, and regenerate the forest's material resources.",Impossible Giant Machine,,Bamboo Forest,Nature Titan Megastructures,,,,en,new,5,,,,,1,,2026-08-16 19:57:16.442392,2026-08-16 19:57:16.442392,,,,,0,1
68,eb1dd7d4-a6e7-4d5d-aae6-a9ba6219b552,The Bamboo Forest Titan Megastructure #6,The Bamboo Forest Titan Megastructure #6,"The Bamboo Forest Titan Megastructure #6 is a walking industrial continent disguised as a machine, its primary chassis rising higher than the surrounding mountain ridges. A ribbed, armor-plated torso supports six articulated locomotive legs, each wider than a city boulevard and terminating in adaptive traction pads that distribute pressure across thousands of micro-anchors. The knees and hips contain counter-rotating gyroscopic masses, allowing the titan to lean through dense bamboo without collapsing the terrain. Along its flanks extend harvesting arms equipped with telescoping cutters, grasping claws, sonic splitters, and flexible manipulation tendrils. Each arm can isolate individual bamboo clusters, lift entire root-connected sections, or prune selected culms while leaving designated ecological zones untouched. Its operational workflow begins with ground-scanning arrays mapping bamboo density, moisture, age, and subterranean root networks. Precision arms then cut selected growth at synchronized intervals. Conveyor tendrils draw the harvested material into armored intake throats, where rotary debarkers and pressure rollers strip exterior layers. The material descends into the titan's belly factory, a vertical industrial labyrinth containing twelve processing galleries. Cyclone separation cylinders divide fibers, dust, resin, and heavier fragments through controlled rotational airflow. Heated drying chambers reduce moisture using recovered reactor heat, while compression galleries transform mature fibers into structural laminates, cables, bio-carbon feedstock, and ultra-dense composite billets. Finished materials are stored inside shielded vaults suspended on magnetic cradles. Energy arrives through quantum planetary energy conduits buried beneath the forest. These conduits draw minute fluctuations from planetary gravitational and electromagnetic fields and elevate them into usable power. Plasma conduits distribute that energy through the skeleton, while magnetic suspension fields isolate critical machinery from vibration. Local quantum-gravity manipulation partially cancels the titan's effective mass during difficult maneuvers. Thermal exhaust towers along the spine release heat through glowing ionized columns that bend clouds around them. From the forest floor, the machine appears like a moving mountain range. Its shoulders pierce low cloud layers, its steps generate rolling ground tremors, and its exhaust creates localized convection. Rain clouds split against its upper armor before recombining downstream, while mist collects around its legs like permanent valley fog. At night, plasma veins illuminate the bamboo canopy, transforming the entire forest into the shadow of a colossal artificial organism.",,"The Bamboo Forest Titan Megastructure #6 is a walking industrial continent disguised as a machine, its primary chassis rising higher than the surrounding mountain ridges. A ribbed, armor-plated torso supports six articulated locomotive legs, each wider than a city boulevard and terminating in adaptive traction pads that distribute pressure across thousands of micro-anchors. The knees and hips contain counter-rotating gyroscopic masses, allowing the titan to lean through dense bamboo without collapsing the terrain. Along its flanks extend harvesting arms equipped with telescoping cutters, grasping claws, sonic splitters, and flexible manipulation tendrils. Each arm can isolate individual bamboo clusters, lift entire root-connected sections, or prune selected culms while leaving designated ecological zones untouched. Its operational workflow begins with ground-scanning arrays mapping bamboo density, moisture, age, and subterranean root networks. Precision arms then cut selected growth at synchronized intervals. Conveyor tendrils draw the harvested material into armored intake throats, where rotary debarkers and pressure rollers strip exterior layers. The material descends into the titan's belly factory, a vertical industrial labyrinth containing twelve processing galleries. Cyclone separation cylinders divide fibers, dust, resin, and heavier fragments through controlled rotational airflow. Heated drying chambers reduce moisture using recovered reactor heat, while compression galleries transform mature fibers into structural laminates, cables, bio-carbon feedstock, and ultra-dense composite billets. Finished materials are stored inside shielded vaults suspended on magnetic cradles. Energy arrives through quantum planetary energy conduits buried beneath the forest. These conduits draw minute fluctuations from planetary gravitational and electromagnetic fields and elevate them into usable power. Plasma conduits distribute that energy through the skeleton, while magnetic suspension fields isolate critical machinery from vibration. Local quantum-gravity manipulation partially cancels the titan's effective mass during difficult maneuvers. Thermal exhaust towers along the spine release heat through glowing ionized columns that bend clouds around them. From the forest floor, the machine appears like a moving mountain range. Its shoulders pierce low cloud layers, its steps generate rolling ground tremors, and its exhaust creates localized convection. Rain clouds split against its upper armor before recombining downstream, while mist collects around its legs like permanent valley fog. At night, plasma veins illuminate the bamboo canopy, transforming the entire forest into the shadow of a colossal artificial organism.",Impossible Giant Machine,,Bamboo Forest,Nature Titan Megastructures,,,,en,new,6,,,,,1,,2026-08-16 19:57:16.465206,2026-08-16 19:57:16.465206,,,,,0,1
69,2c5223c1-8a68-4309-bfa6-e55a8c4f4d21,The Bamboo Forest Titan Megastructure #7,The Bamboo Forest Titan Megastructure #7,"The Bamboo Forest Titan Megastructure #7 is engineered as a mobile harvesting cathedral whose enormous chassis combines the geometry of a mountain fortress with the articulated anatomy of an insect. Its central frame is built around concentric titanium-ceramic trusses, reinforced by flexible metamaterial ribs that deform rather than fracture when the titan crosses uneven ground. Eight locomotive legs carry the structure, each leg divided into independently controlled segments with hydraulic-muscular actuators, magnetic bearings, and broad root-friendly feet. Between the legs, articulated harvesting arms sweep through the bamboo canopy. Their tools include diamond-edged rotary shears, thermal cutting loops, vacuum grippers, and branching collector fingers capable of separating tangled culms without damaging neighboring growth. Operations begin with orbital and internal sensors generating a constantly updated three-dimensional map of the forest. The titan selects harvest corridors, positions its feet over low-impact zones, and extends multiple arms simultaneously. Cut bamboo is immediately lifted into floating intake cradles, which use magnetic suspension to reduce mechanical strain. Feeding shafts transfer the material into the belly factory, where processing occurs continuously while the titan walks. The factory contains stacked galleries connected by vertical elevators and pneumatic transfer tunnels. First, rotating cyclone cylinders remove leaves, dust, and lightweight fibers. Secondary mills split culms into standardized strands, while pressure chambers flatten selected sections into flexible sheets. Deep drying chambers use microwave fields and recovered plasma heat to drive moisture outward without burning the organic structure. Lower vaults store separated fibers, liquids, compressed biomass, and finished construction modules in independent environmental compartments. The machine's power system is built around blue-white plasma conduits running through its skeletal spine. Planetary quantum conduits couple these reactors to deep gravitational fluctuations, while magnetic suspension fields support the heaviest factory modules inside the torso. Quantum gravity manipulators continuously adjust apparent mass, allowing the titan to step over ravines that would otherwise destabilize it. Thermal exhaust is routed through dorsal chimneys, where expanding ionized gases generate shimmering atmospheric columns. Its presence changes local weather. The upper chassis reaches into the cloud deck like a skyscraper turned horizontal, causing winds to divide around its shoulders and form turbulent wakes behind it. Thunderstorms sometimes develop along its heated exhaust trails. From distant ridgelines, the titan resembles a moving industrial mountain, with harvesting arms sweeping through the bamboo like mechanical cranes and illuminated processing galleries glowing beneath its armored belly.",,"The Bamboo Forest Titan Megastructure #7 is engineered as a mobile harvesting cathedral whose enormous chassis combines the geometry of a mountain fortress with the articulated anatomy of an insect. Its central frame is built around concentric titanium-ceramic trusses, reinforced by flexible metamaterial ribs that deform rather than fracture when the titan crosses uneven ground. Eight locomotive legs carry the structure, each leg divided into independently controlled segments with hydraulic-muscular actuators, magnetic bearings, and broad root-friendly feet. Between the legs, articulated harvesting arms sweep through the bamboo canopy. Their tools include diamond-edged rotary shears, thermal cutting loops, vacuum grippers, and branching collector fingers capable of separating tangled culms without damaging neighboring growth. Operations begin with orbital and internal sensors generating a constantly updated three-dimensional map of the forest. The titan selects harvest corridors, positions its feet over low-impact zones, and extends multiple arms simultaneously. Cut bamboo is immediately lifted into floating intake cradles, which use magnetic suspension to reduce mechanical strain. Feeding shafts transfer the material into the belly factory, where processing occurs continuously while the titan walks. The factory contains stacked galleries connected by vertical elevators and pneumatic transfer tunnels. First, rotating cyclone cylinders remove leaves, dust, and lightweight fibers. Secondary mills split culms into standardized strands, while pressure chambers flatten selected sections into flexible sheets. Deep drying chambers use microwave fields and recovered plasma heat to drive moisture outward without burning the organic structure. Lower vaults store separated fibers, liquids, compressed biomass, and finished construction modules in independent environmental compartments. The machine's power system is built around blue-white plasma conduits running through its skeletal spine. Planetary quantum conduits couple these reactors to deep gravitational fluctuations, while magnetic suspension fields support the heaviest factory modules inside the torso. Quantum gravity manipulators continuously adjust apparent mass, allowing the titan to step over ravines that would otherwise destabilize it. Thermal exhaust is routed through dorsal chimneys, where expanding ionized gases generate shimmering atmospheric columns. Its presence changes local weather. The upper chassis reaches into the cloud deck like a skyscraper turned horizontal, causing winds to divide around its shoulders and form turbulent wakes behind it. Thunderstorms sometimes develop along its heated exhaust trails. From distant ridgelines, the titan resembles a moving industrial mountain, with harvesting arms sweeping through the bamboo like mechanical cranes and illuminated processing galleries glowing beneath its armored belly.",Impossible Giant Machine,,Bamboo Forest,Nature Titan Megastructures,,,,en,new,7,,,,,1,,2026-08-16 19:57:16.495957,2026-08-16 19:57:16.495957,,,,,0,1
70,8780c657-b738-4c81-9dda-a66ab2a12e46,The Bamboo Forest Titan Megastructure #8,The Bamboo Forest Titan Megastructure #8,"The Bamboo Forest Titan Megastructure #8 is conceived as a self-balancing forest colossus, optimized for continuous operation across terrain too dense, wet, or unstable for conventional industrial machinery. Its chassis forms a towering hexagonal torso surrounded by layered armor petals that open to expose machinery and close during storms. Ten articulated legs radiate from the lower frame, each containing nested pistons, superconducting actuators, shock-absorbing metamaterial joints, and telescoping sections capable of stepping across ravines. At the front, four primary harvesting arms carry modular tool heads: vibrating cutters for thin bamboo, plasma-edged saws for mature culms, root-safe extraction claws, and wide manipulation baskets for transporting entire bundles. The operational cycle begins when terrain scanners identify harvestable bamboo according to age, density, structural quality, and regrowth projections. Micro-drones descend into the undergrowth to mark individual stems. The titan then anchors itself, extends its arms, cuts selected culms in synchronized waves, and transfers them to intake conveyors. Internal rollers straighten the material before feeding it downward through the factory. The belly is organized like a vertical refinery. Upper galleries contain inspection drums and cyclone separation cylinders that classify fragments by size and density. Middle galleries contain fiber mills, resin recovery chambers, compression presses, and controlled-atmosphere drying vaults. Lower decks transform processed material into beams, sheets, carbonized feedstock, and high-strength braided fibers. Autonomous storage vaults rotate finished products toward whichever construction or maintenance subsystem requires them. The power architecture uses immense plasma conduits embedded in the chassis ribs. Quantum planetary conduits tap tiny, carefully regulated energy gradients associated with planetary rotation, magnetic flux, and gravitational tides. Magnetic suspension fields keep processing galleries floating within the torso, preventing walking shocks from damaging precision equipment. Quantum gravity manipulators alter local inertia during each step, making the colossal structure behave as though it were vastly lighter. Heat is concentrated into thermal exhaust cores and expelled through retractable dorsal vents, which glow like artificial suns. The machine's interaction with the atmosphere is unavoidable. Its torso rises beyond ordinary skyscraper scale, while its upper armor can disappear into cloud layers. Wind accelerates around its legs, producing enormous vortices through the bamboo. Exhaust heat creates rising columns that punch temporary holes through fog and low clouds. At dawn, condensation freezes along its upper surfaces and falls as artificial metallic snow. From the forest, #8 appears less like a vehicle than a migrating mountain, harvesting an entire ecosystem while continuously rebuilding itself from the materials beneath its feet.",,"The Bamboo Forest Titan Megastructure #8 is conceived as a self-balancing forest colossus, optimized for continuous operation across terrain too dense, wet, or unstable for conventional industrial machinery. Its chassis forms a towering hexagonal torso surrounded by layered armor petals that open to expose machinery and close during storms. Ten articulated legs radiate from the lower frame, each containing nested pistons, superconducting actuators, shock-absorbing metamaterial joints, and telescoping sections capable of stepping across ravines. At the front, four primary harvesting arms carry modular tool heads: vibrating cutters for thin bamboo, plasma-edged saws for mature culms, root-safe extraction claws, and wide manipulation baskets for transporting entire bundles. The operational cycle begins when terrain scanners identify harvestable bamboo according to age, density, structural quality, and regrowth projections. Micro-drones descend into the undergrowth to mark individual stems. The titan then anchors itself, extends its arms, cuts selected culms in synchronized waves, and transfers them to intake conveyors. Internal rollers straighten the material before feeding it downward through the factory. The belly is organized like a vertical refinery. Upper galleries contain inspection drums and cyclone separation cylinders that classify fragments by size and density. Middle galleries contain fiber mills, resin recovery chambers, compression presses, and controlled-atmosphere drying vaults. Lower decks transform processed material into beams, sheets, carbonized feedstock, and high-strength braided fibers. Autonomous storage vaults rotate finished products toward whichever construction or maintenance subsystem requires them. The power architecture uses immense plasma conduits embedded in the chassis ribs. Quantum planetary conduits tap tiny, carefully regulated energy gradients associated with planetary rotation, magnetic flux, and gravitational tides. Magnetic suspension fields keep processing galleries floating within the torso, preventing walking shocks from damaging precision equipment. Quantum gravity manipulators alter local inertia during each step, making the colossal structure behave as though it were vastly lighter. Heat is concentrated into thermal exhaust cores and expelled through retractable dorsal vents, which glow like artificial suns. The machine's interaction with the atmosphere is unavoidable. Its torso rises beyond ordinary skyscraper scale, while its upper armor can disappear into cloud layers. Wind accelerates around its legs, producing enormous vortices through the bamboo. Exhaust heat creates rising columns that punch temporary holes through fog and low clouds. At dawn, condensation freezes along its upper surfaces and falls as artificial metallic snow. From the forest, #8 appears less like a vehicle than a migrating mountain, harvesting an entire ecosystem while continuously rebuilding itself from the materials beneath its feet.",Impossible Giant Machine,,Bamboo Forest,Nature Titan Megastructures,,,,en,new,8,,,,,1,,2026-08-16 19:57:16.526413,2026-08-16 19:57:16.526413,,,,,0,1
71,49181277-c314-4af3-920d-96a2f8886d59,The Bamboo Forest Titan Megastructure #9,The Bamboo Forest Titan Megastructure #9,"The Bamboo Forest Titan Megastructure #9 is a fortress-grade ecological harvester built around a segmented chassis that resembles a colossal mechanical spine. Its central body is divided into armored modules connected by enormous articulated joints, allowing each section to rotate independently as the machine threads through valleys and bamboo corridors. Twelve locomotive legs provide redundancy; even with several legs offline, the remaining limbs can redistribute load through active gravity compensation. Each foot contains thousands of pressure-sensitive contact elements that seek stable soil pockets rather than crushing the surrounding root network. Eight primary extraction arms unfold from the shoulders and hips, carrying precision shears, thermal blades, gripping claws, flexible conveyor trunks, and ultrasonic splitting heads. The harvesting workflow is deliberately recursive. Sensors first survey the forest and calculate a sustainable extraction pattern. Small autonomous scouts then identify individual culms. Cutting arms sever the selected bamboo, manipulation claws strip branches, and articulated transfer arms feed the stems into mobile intake mouths. Nothing remains idle: waste leaves become fuel precursors, fibers become composites, and silica-rich residue becomes reinforcement material. Inside the belly factory, material descends through seven enormous processing galleries. Cyclone separation cylinders spin at variable speeds to separate dust, fiber, chips, and heavier particles. Sequential milling chambers reduce bamboo to controlled fiber lengths, while vacuum drying chambers remove moisture under reduced pressure. Chemical-free thermal reactors stabilize the organic compounds, and hydraulic presses form finished products. Vast storage vaults occupy the lowest decks, suspended on magnetic platforms so inventory remains stable while the titan walks. Energy flows through redundant plasma conduits running along the spinal chassis. Quantum planetary energy conduits connect the machine to carefully modulated planetary field gradients. Magnetic suspension fields isolate factory decks from the violent forces generated by movement, while quantum gravity manipulators reshape local gravitational vectors during acceleration and turning. Excess energy becomes heat, which travels through superconducting thermal trunks to armored exhaust towers. These towers vent ionized gas high above the canopy. Atmospheric interaction makes #9 visible for hundreds of kilometers. Its head rises above nearby mountains, while its shoulders resemble a line of skyscrapers fused into one organism. Clouds strike the upper armor and split into turbulent streams. Rainwater cascades down its sides in temporary waterfalls, while exhaust columns create towering convection plumes. Lightning can be attracted to its elevated conductive spine and safely redirected into its energy network. At night, the titan's blue plasma veins glow through the bamboo mist, making the forest appear to surround a walking artificial volcano.",,"The Bamboo Forest Titan Megastructure #9 is a fortress-grade ecological harvester built around a segmented chassis that resembles a colossal mechanical spine. Its central body is divided into armored modules connected by enormous articulated joints, allowing each section to rotate independently as the machine threads through valleys and bamboo corridors. Twelve locomotive legs provide redundancy; even with several legs offline, the remaining limbs can redistribute load through active gravity compensation. Each foot contains thousands of pressure-sensitive contact elements that seek stable soil pockets rather than crushing the surrounding root network. Eight primary extraction arms unfold from the shoulders and hips, carrying precision shears, thermal blades, gripping claws, flexible conveyor trunks, and ultrasonic splitting heads. The harvesting workflow is deliberately recursive. Sensors first survey the forest and calculate a sustainable extraction pattern. Small autonomous scouts then identify individual culms. Cutting arms sever the selected bamboo, manipulation claws strip branches, and articulated transfer arms feed the stems into mobile intake mouths. Nothing remains idle: waste leaves become fuel precursors, fibers become composites, and silica-rich residue becomes reinforcement material. Inside the belly factory, material descends through seven enormous processing galleries. Cyclone separation cylinders spin at variable speeds to separate dust, fiber, chips, and heavier particles. Sequential milling chambers reduce bamboo to controlled fiber lengths, while vacuum drying chambers remove moisture under reduced pressure. Chemical-free thermal reactors stabilize the organic compounds, and hydraulic presses form finished products. Vast storage vaults occupy the lowest decks, suspended on magnetic platforms so inventory remains stable while the titan walks. Energy flows through redundant plasma conduits running along the spinal chassis. Quantum planetary energy conduits connect the machine to carefully modulated planetary field gradients. Magnetic suspension fields isolate factory decks from the violent forces generated by movement, while quantum gravity manipulators reshape local gravitational vectors during acceleration and turning. Excess energy becomes heat, which travels through superconducting thermal trunks to armored exhaust towers. These towers vent ionized gas high above the canopy. Atmospheric interaction makes #9 visible for hundreds of kilometers. Its head rises above nearby mountains, while its shoulders resemble a line of skyscrapers fused into one organism. Clouds strike the upper armor and split into turbulent streams. Rainwater cascades down its sides in temporary waterfalls, while exhaust columns create towering convection plumes. Lightning can be attracted to its elevated conductive spine and safely redirected into its energy network. At night, the titan's blue plasma veins glow through the bamboo mist, making the forest appear to surround a walking artificial volcano.",Impossible Giant Machine,,Bamboo Forest,Nature Titan Megastructures,,,,en,new,9,,,,,1,,2026-08-16 19:57:16.551539,2026-08-16 19:57:16.551539,,,,,0,1
72,576bae84-35fb-49cf-8a46-be7fcda005eb,The Bamboo Forest Titan Megastructure #10,The Bamboo Forest Titan Megastructure #10,"The Bamboo Forest Titan Megastructure #10 is the most extreme member of the series: a mobile megafactory designed to treat an entire bamboo forest as a dynamically managed industrial landscape. Its colossal chassis is built around a spherical central reactor cage enclosed by a cathedral-like lattice of armored beams. Sixteen articulated locomotive legs surround the lower hull, each taller than a conventional skyscraper and equipped with variable-geometry joints. Their feet deploy broad adaptive plates that spread the titan's weight across enormous areas, while internal gravitic compensators further reduce ground loading. The machine carries twelve harvesting arms of radically different scales. Some are slender precision manipulators that select individual culms; others extend hundreds of meters and terminate in comb-like harvesting assemblies capable of gathering entire bamboo stands. The operating cycle begins with continuous forest tomography. Quantum sensors map roots, moisture, structural maturity, wildlife movement, and regrowth rates. The titan establishes a moving harvest perimeter, anchors its legs, and sends precision arms into the canopy. Bamboo is cut, bundled, stripped, sorted, and transferred through flexible armored conduits without interrupting the machine's locomotion. Inside the belly factory, the raw material enters a sequence of immense processing galleries arranged vertically around the reactor cage. Cyclone separation cylinders remove light contaminants, while magnetic separators isolate mineral fragments. Drying chambers use controlled infrared radiation, vacuum pressure, and recycled reactor heat to stabilize fibers. Compression galleries produce structural panels, braided tendons, hollow beams, and carbon-rich materials. Deep storage vaults contain millions of cubic meters of processed inventory, organized by autonomous robotic cranes. Plasma conduits form a luminous circulatory network throughout the megastructure. Quantum planetary energy conduits draw controlled power from interactions between the planet's gravitational field, magnetic field, and rotational energy. Magnetic suspension fields allow entire factory decks to float independently of the walking chassis. Quantum gravity manipulation continuously adjusts effective inertia, preventing catastrophic forces when the titan changes direction. Thermal exhaust systems route waste heat through colossal finned towers and ionized atmospheric vents. The machine dominates the horizon at mountain scale. Its highest antennae pierce cloud layers, and its legs vanish into bamboo valleys like artificial cliffs. Storm fronts deform around its body, while exhaust-driven convection generates persistent clouds overhead. Rain can fall from condensation gathered on its armor, creating localized artificial weather. Lightning crawls along its plasma conduits before being redirected into storage. Seen from orbit, #10 appears as a moving geometric anomaly amid the green forest, a continent-sized machine whose illuminated belly resembles a second sunrise beneath the canopy.",,"The Bamboo Forest Titan Megastructure #10 is the most extreme member of the series: a mobile megafactory designed to treat an entire bamboo forest as a dynamically managed industrial landscape. Its colossal chassis is built around a spherical central reactor cage enclosed by a cathedral-like lattice of armored beams. Sixteen articulated locomotive legs surround the lower hull, each taller than a conventional skyscraper and equipped with variable-geometry joints. Their feet deploy broad adaptive plates that spread the titan's weight across enormous areas, while internal gravitic compensators further reduce ground loading. The machine carries twelve harvesting arms of radically different scales. Some are slender precision manipulators that select individual culms; others extend hundreds of meters and terminate in comb-like harvesting assemblies capable of gathering entire bamboo stands. The operating cycle begins with continuous forest tomography. Quantum sensors map roots, moisture, structural maturity, wildlife movement, and regrowth rates. The titan establishes a moving harvest perimeter, anchors its legs, and sends precision arms into the canopy. Bamboo is cut, bundled, stripped, sorted, and transferred through flexible armored conduits without interrupting the machine's locomotion. Inside the belly factory, the raw material enters a sequence of immense processing galleries arranged vertically around the reactor cage. Cyclone separation cylinders remove light contaminants, while magnetic separators isolate mineral fragments. Drying chambers use controlled infrared radiation, vacuum pressure, and recycled reactor heat to stabilize fibers. Compression galleries produce structural panels, braided tendons, hollow beams, and carbon-rich materials. Deep storage vaults contain millions of cubic meters of processed inventory, organized by autonomous robotic cranes. Plasma conduits form a luminous circulatory network throughout the megastructure. Quantum planetary energy conduits draw controlled power from interactions between the planet's gravitational field, magnetic field, and rotational energy. Magnetic suspension fields allow entire factory decks to float independently of the walking chassis. Quantum gravity manipulation continuously adjusts effective inertia, preventing catastrophic forces when the titan changes direction. Thermal exhaust systems route waste heat through colossal finned towers and ionized atmospheric vents. The machine dominates the horizon at mountain scale. Its highest antennae pierce cloud layers, and its legs vanish into bamboo valleys like artificial cliffs. Storm fronts deform around its body, while exhaust-driven convection generates persistent clouds overhead. Rain can fall from condensation gathered on its armor, creating localized artificial weather. Lightning crawls along its plasma conduits before being redirected into storage. Seen from orbit, #10 appears as a moving geometric anomaly amid the green forest, a continent-sized machine whose illuminated belly resembles a second sunrise beneath the canopy.",Impossible Giant Machine,,Bamboo Forest,Nature Titan Megastructures,,,,en,new,10,,,,,1,,2026-08-16 19:57:16.573075,2026-08-16 19:57:16.573075,,,,,0,1
73,f644f844-13c8-4b75-bfcd-bacd1aabef53,Titanic Tea Plucking Colossus,Titanic Tea Plucking Colossus,"Titanic Tea Plucking Colossus
A mountain-sized mechanical harvester strides across entire tea gardens on colossal articulated legs, using thousands of gentle robotic fingers to pluck perfect leaves simultaneously. Its central towers sort, weigh, and transport the harvest through internal conveyor rivers.",,"A mountain-sized mechanical harvester strides across entire tea gardens on colossal articulated legs, using thousands of gentle robotic fingers to pluck perfect leaves simultaneously. Its central towers sort, weigh, and transport the harvest through internal conveyor rivers.",Impossible Giant Machine,,Tea Garden,Agriculture Titan Megastructures,,,,en,new,1,,,,,1,,2026-08-16 20:18:30.134187,2026-08-16 20:18:30.134187,,,,,0,1
74,3e12ad99-0e75-474c-99c7-85d98a6947fd,Skyloom Tea Pruning Ring,Skyloom Tea Pruning Ring,"Skyloom Tea Pruning Ring
A gigantic circular machine encircles an entire tea-growing valley, suspended on impossible towers above the plantations. A rotating ring of precision cutters continuously shapes every tea bush to an identical height while collecting the trimmings for compost.",,"A gigantic circular machine encircles an entire tea-growing valley, suspended on impossible towers above the plantations. A rotating ring of precision cutters continuously shapes every tea bush to an identical height while collecting the trimmings for compost.",Impossible Giant Machine,,Tea Garden,Agriculture Titan Megastructures,,,,en,new,2,,,,,1,,2026-08-16 20:18:30.156322,2026-08-16 20:18:30.156322,,,,,0,1
75,cd956e3e-f16e-41ba-a0d0-1123e55fad4c,Monsoon Shield Megadome,Monsoon Shield Megadome,"Monsoon Shield Megadome
A colossal retractable dome stretches over an entire tea estate and opens or closes in response to weather conditions. Its enormous membrane redirects excessive rain, filters sunlight, and releases controlled mist to create ideal growing conditions beneath it.",,"A colossal retractable dome stretches over an entire tea estate and opens or closes in response to weather conditions. Its enormous membrane redirects excessive rain, filters sunlight, and releases controlled mist to create ideal growing conditions beneath it.",Impossible Giant Machine,,Tea Garden,Agriculture Titan Megastructures,,,,en,new,3,,,,,1,,2026-08-16 20:18:30.182010,2026-08-16 20:18:30.182010,,,,,0,1
76,3d791972-aade-4b9e-9f54-b889e4bac621,Rootwater Planetary Drill,Rootwater Planetary Drill,"Rootwater Planetary Drill
This titan-scale machine burrows beneath a tea garden like a mechanical mountain, extending gigantic branching drills deep into the earth. It extracts underground water and distributes it through kilometer-long subterranean pipes directly beneath individual tea bushes.",,"This titan-scale machine burrows beneath a tea garden like a mechanical mountain, extending gigantic branching drills deep into the earth. It extracts underground water and distributes it through kilometer-long subterranean pipes directly beneath individual tea bushes.",Impossible Giant Machine,,Tea Garden,Agriculture Titan Megastructures,,,,en,new,4,,,,,1,,2026-08-16 20:18:30.211395,2026-08-16 20:18:30.211395,,,,,0,1
77,911bd414-9bec-4dc9-b086-145f93e359cf,Tea Garden Climate Engine,Tea Garden Climate Engine,"Tea Garden Climate Engine
A skyscraper-sized atmospheric engine stands at the center of a plantation and manipulates an entire local microclimate. Vast rotating turbines move clouds, temperature-controlled air, and humidity across the tea fields in carefully programmed agricultural patterns.",,"A skyscraper-sized atmospheric engine stands at the center of a plantation and manipulates an entire local microclimate. Vast rotating turbines move clouds, temperature-controlled air, and humidity across the tea fields in carefully programmed agricultural patterns.",Impossible Giant Machine,,Tea Garden,Agriculture Titan Megastructures,,,,en,new,5,,,,,1,,2026-08-16 20:18:30.244206,2026-08-16 20:18:30.244206,,,,,0,1
78,83d52570-b94d-41e5-94cf-cb1744c2804e,Colossus Leaf Sorting Wheel,Colossus Leaf Sorting Wheel,"Colossus Leaf Sorting Wheel
A gigantic vertical wheel several hundred meters tall continuously receives freshly harvested tea leaves from the garden. Thousands of rotating inspection chambers use impossible optical and mechanical systems to classify leaves by size, color, age, and quality before sending them along separate conveyor routes.",,"A gigantic vertical wheel several hundred meters tall continuously receives freshly harvested tea leaves from the garden. Thousands of rotating inspection chambers use impossible optical and mechanical systems to classify leaves by size, color, age, and quality before sending them along separate conveyor routes.",Impossible Giant Machine,,Tea Garden,Agriculture Titan Megastructures,,,,en,new,6,,,,,1,,2026-08-16 20:18:30.277019,2026-08-16 20:18:30.277019,,,,,0,1
79,b89db03a-1271-4491-94cb-d2046cff1798,Mountain Compost Walker,Mountain Compost Walker,"Mountain Compost Walker
A colossal six-legged machine roams between tea terraces, consuming fallen leaves, weeds, and agricultural waste through enormous intake chambers. It processes the material inside its body and deposits perfectly measured bands of nutrient-rich compost across the plantation as it walks.",,"A colossal six-legged machine roams between tea terraces, consuming fallen leaves, weeds, and agricultural waste through enormous intake chambers. It processes the material inside its body and deposits perfectly measured bands of nutrient-rich compost across the plantation as it walks.",Impossible Giant Machine,,Tea Garden,Agriculture Titan Megastructures,,,,en,new,7,,,,,1,,2026-08-16 20:18:30.303313,2026-08-16 20:18:30.303313,,,,,0,1
80,0b49e861-1279-413b-8deb-baaa89d2f182,Terrace-Shaping Earth Titan,Terrace-Shaping Earth Titan,"Terrace-Shaping Earth Titan
This impossible earthmoving machine is taller than the surrounding hills and uses gigantic articulated arms to sculpt entire mountainsides into optimized tea-growing terraces. Its limbs simultaneously stabilize slopes, carve drainage channels, and reposition soil around thousands of tea bushes.",,"This impossible earthmoving machine is taller than the surrounding hills and uses gigantic articulated arms to sculpt entire mountainsides into optimized tea-growing terraces. Its limbs simultaneously stabilize slopes, carve drainage channels, and reposition soil around thousands of tea bushes.",Impossible Giant Machine,,Tea Garden,Agriculture Titan Megastructures,,,,en,new,8,,,,,1,,2026-08-16 20:18:30.321848,2026-08-16 20:18:30.321848,,,,,0,1
81,ea86be2e-376e-4d33-a858-0ce56513078c,Solar Tea Harvesting Cathedral,Solar Tea Harvesting Cathedral,"Solar Tea Harvesting Cathedral
A colossal moving structure resembling a mechanical cathedral travels above the tea garden on enormous rails spanning the valley. Its roof-sized solar collectors power vast automated harvesting arms beneath it, allowing the machine to pick, process, and dry tea leaves while moving continuously.",,"A colossal moving structure resembling a mechanical cathedral travels above the tea garden on enormous rails spanning the valley. Its roof-sized solar collectors power vast automated harvesting arms beneath it, allowing the machine to pick, process, and dry tea leaves while moving continuously.",Impossible Giant Machine,,Tea Garden,Agriculture Titan Megastructures,,,,en,new,9,,,,,1,,2026-08-16 20:18:30.339840,2026-08-16 20:18:30.339840,,,,,0,1
82,d07ea773-0637-4565-b9f3-bf8bc12adfa2,Orbital Tea Garden Caretaker,Orbital Tea Garden Caretaker,"Orbital Tea Garden Caretaker
A fantastical titan-scale machine rises from the plantation into the sky, combining ground-based towers with enormous floating agricultural platforms. Its synchronized arms monitor and tend the entire tea garden at once, adjusting irrigation, shade, pruning, pest control, and harvesting according to constantly changing plant conditions.",,"A fantastical titan-scale machine rises from the plantation into the sky, combining ground-based towers with enormous floating agricultural platforms. Its synchronized arms monitor and tend the entire tea garden at once, adjusting irrigation, shade, pruning, pest control, and harvesting according to constantly changing plant conditions.",Impossible Giant Machine,,Tea Garden,Agriculture Titan Megastructures,,,,en,new,10,,,,,1,,2026-08-16 20:18:30.371743,2026-08-16 20:18:30.371743,,,,,0,1
83,6105c036-f159-4366-89b7-c7c22b975899,The Banana Plantation Titan Megastructure #1,The Banana Plantation Titan Megastructure #1,"The Banana Plantation Titan Megastructure #1
A colossal titan-scale machine operating on Banana Plantation using automated extraction arms and quantum planetary energy conduits.",,A colossal titan-scale machine operating on Banana Plantation using automated extraction arms and quantum planetary energy conduits.,Impossible Giant Machine,,Banana Plantation,Agriculture Titan Megastructures,,,,en,new,1,,,,,1,,2026-08-16 20:26:01.867716,2026-08-16 20:26:01.867716,,,,,0,1
84,0c35d97a-b2f9-4918-8c65-aadc588851be,The Banana Plantation Titan Megastructure #2,The Banana Plantation Titan Megastructure #2,"The Banana Plantation Titan Megastructure #2
A colossal titan-scale machine operating on Banana Plantation using automated extraction arms and quantum planetary energy conduits.",,A colossal titan-scale machine operating on Banana Plantation using automated extraction arms and quantum planetary energy conduits.,Impossible Giant Machine,,Banana Plantation,Agriculture Titan Megastructures,,,,en,new,2,,,,,1,,2026-08-16 20:26:01.891475,2026-08-16 20:26:01.891475,,,,,0,1
85,5f2b8cf8-ace4-4cf4-98fc-fea77ae8e827,The Banana Plantation Titan Megastructure #3,The Banana Plantation Titan Megastructure #3,"The Banana Plantation Titan Megastructure #3
A colossal titan-scale machine operating on Banana Plantation using automated extraction arms and quantum planetary energy conduits.",,A colossal titan-scale machine operating on Banana Plantation using automated extraction arms and quantum planetary energy conduits.,Impossible Giant Machine,,Banana Plantation,Agriculture Titan Megastructures,,,,en,new,3,,,,,1,,2026-08-16 20:26:01.914910,2026-08-16 20:26:01.915927,,,,,0,1
86,307509c9-66d4-484b-96d9-fdb15cdb08ba,The Banana Plantation Titan Megastructure #4,The Banana Plantation Titan Megastructure #4,"The Banana Plantation Titan Megastructure #4
A colossal titan-scale machine operating on Banana Plantation using automated extraction arms and quantum planetary energy conduits.",,A colossal titan-scale machine operating on Banana Plantation using automated extraction arms and quantum planetary energy conduits.,Impossible Giant Machine,,Banana Plantation,Agriculture Titan Megastructures,,,,en,new,4,,,,,1,,2026-08-16 20:26:01.940898,2026-08-16 20:26:01.940898,,,,,0,1
87,91a33f97-bb47-424e-ae08-920f74562ce5,The Banana Plantation Titan Megastructure #5,The Banana Plantation Titan Megastructure #5,"The Banana Plantation Titan Megastructure #5
A colossal titan-scale machine operating on Banana Plantation using automated extraction arms and quantum planetary energy conduits.",,A colossal titan-scale machine operating on Banana Plantation using automated extraction arms and quantum planetary energy conduits.,Impossible Giant Machine,,Banana Plantation,Agriculture Titan Megastructures,,,,en,new,5,,,,,1,,2026-08-16 20:26:01.969241,2026-08-16 20:26:01.969241,,,,,0,1
88,69a765e4-c54a-468c-8488-544fe30addb1,The Banana Plantation Titan Megastructure #6,The Banana Plantation Titan Megastructure #6,"The Banana Plantation Titan Megastructure #6
A colossal titan-scale machine operating on Banana Plantation using automated extraction arms and quantum planetary energy conduits.",,A colossal titan-scale machine operating on Banana Plantation using automated extraction arms and quantum planetary energy conduits.,Impossible Giant Machine,,Banana Plantation,Agriculture Titan Megastructures,,,,en,new,6,,,,,1,,2026-08-16 20:26:01.996769,2026-08-16 20:26:01.996769,,,,,0,1
89,ae989f26-fde2-45fd-8fbc-6a56043628d3,The Banana Plantation Titan Megastructure #7,The Banana Plantation Titan Megastructure #7,"The Banana Plantation Titan Megastructure #7
A colossal titan-scale machine operating on Banana Plantation using automated extraction arms and quantum planetary energy conduits.",,A colossal titan-scale machine operating on Banana Plantation using automated extraction arms and quantum planetary energy conduits.,Impossible Giant Machine,,Banana Plantation,Agriculture Titan Megastructures,,,,en,new,7,,,,,1,,2026-08-16 20:26:02.022116,2026-08-16 20:26:02.022116,,,,,0,1
90,a22d16b2-bd54-4ead-8e5e-40d905a223f1,The Banana Plantation Titan Megastructure #8,The Banana Plantation Titan Megastructure #8,"The Banana Plantation Titan Megastructure #8
A colossal titan-scale machine operating on Banana Plantation using automated extraction arms and quantum planetary energy conduits.",,A colossal titan-scale machine operating on Banana Plantation using automated extraction arms and quantum planetary energy conduits.,Impossible Giant Machine,,Banana Plantation,Agriculture Titan Megastructures,,,,en,new,8,,,,,1,,2026-08-16 20:26:02.039812,2026-08-16 20:26:02.039812,,,,,0,1
91,91de4bfe-add4-412a-be9e-c3681503b3ce,The Banana Plantation Titan Megastructure #9,The Banana Plantation Titan Megastructure #9,"The Banana Plantation Titan Megastructure #9
A colossal titan-scale machine operating on Banana Plantation using automated extraction arms and quantum planetary energy conduits.",,A colossal titan-scale machine operating on Banana Plantation using automated extraction arms and quantum planetary energy conduits.,Impossible Giant Machine,,Banana Plantation,Agriculture Titan Megastructures,,,,en,new,9,,,,,1,,2026-08-16 20:26:02.061342,2026-08-16 20:26:02.061342,,,,,0,1
92,a5cb62d5-f1d7-405b-9203-f9f215165875,The Banana Plantation Titan Megastructure #10,The Banana Plantation Titan Megastructure #10,"The Banana Plantation Titan Megastructure #10
A colossal titan-scale machine operating on Banana Plantation using automated extraction arms and quantum planetary energy conduits.",,A colossal titan-scale machine operating on Banana Plantation using automated extraction arms and quantum planetary energy conduits.,Impossible Giant Machine,,Banana Plantation,Agriculture Titan Megastructures,,,,en,new,10,,,,,1,,2026-08-16 20:26:02.089340,2026-08-16 20:26:02.089340,,,,,0,1
93,7e278471-87e1-4e22-adb3-8a3579c932c9,Orchard Moon Harvester,Orchard Moon Harvester,"Orchard Moon Harvester
A colossal orbital ring circles an entire apple orchard, using synchronized gravitational fields to gently pull ripe apples from millions of branches at once. The fruit rises into enormous suspended collection chambers before being lowered into ground-level sorting silos.",,"A colossal orbital ring circles an entire apple orchard, using synchronized gravitational fields to gently pull ripe apples from millions of branches at once. The fruit rises into enormous suspended collection chambers before being lowered into ground-level sorting silos.",Impossible Giant Machine,,Apple Orchard,Agriculture Titan Megastructures,,,,en,new,1,,,,,1,,2026-08-16 20:32:46.265930,2026-08-16 20:32:46.265930,,,,,0,1
94,8abc16e0-412e-499a-8c06-1f8181cfa922,Titan Root Sculptor,Titan Root Sculptor,"Titan Root Sculptor
A skyscraper-sized subterranean machine tunnels beneath the orchard, mapping and reshaping the entire root network with continent-scale robotic tendrils. It continuously redistributes water, nutrients, and soil while somehow avoiding every living root.",,"A skyscraper-sized subterranean machine tunnels beneath the orchard, mapping and reshaping the entire root network with continent-scale robotic tendrils. It continuously redistributes water, nutrients, and soil while somehow avoiding every living root.",Impossible Giant Machine,,Apple Orchard,Agriculture Titan Megastructures,,,,en,new,2,,,,,1,,2026-08-16 20:32:46.301456,2026-08-16 20:32:46.302457,,,,,0,1
95,30d6b569-354e-4b25-a595-61003a3efd30,Sky Orchard Shepherd,Sky Orchard Shepherd,"Sky Orchard Shepherd
A gigantic floating megastructure hovers above the orchard and controls weather directly, producing precisely timed clouds, sunlight, winds, and gentle rain. Its enormous atmospheric turbines create a perfectly optimized microclimate over thousands of trees.",,"A gigantic floating megastructure hovers above the orchard and controls weather directly, producing precisely timed clouds, sunlight, winds, and gentle rain. Its enormous atmospheric turbines create a perfectly optimized microclimate over thousands of trees.",Impossible Giant Machine,,Apple Orchard,Agriculture Titan Megastructures,,,,en,new,3,,,,,1,,2026-08-16 20:32:46.336338,2026-08-16 20:32:46.336338,,,,,0,1
96,f79dbaae-3379-4e90-9edc-e937182ae8c9,Apple Gravity Elevator,Apple Gravity Elevator,"Apple Gravity Elevator
A tower taller than mountains rises through the center of the orchard and generates adjustable gravity fields across the entire landscape. Apples are lifted from branches along invisible vertical paths and transported upward into orbital-scale storage vaults without being touched.",,A tower taller than mountains rises through the center of the orchard and generates adjustable gravity fields across the entire landscape. Apples are lifted from branches along invisible vertical paths and transported upward into orbital-scale storage vaults without being touched.,Impossible Giant Machine,,Apple Orchard,Agriculture Titan Megastructures,,,,en,new,4,,,,,1,,2026-08-16 20:32:46.360386,2026-08-16 20:32:46.360386,,,,,0,1
97,5988f46e-9e48-458f-bed3-02228dbdac06,Colossus Pollination Wheel,Colossus Pollination Wheel,"Colossus Pollination Wheel
A planetary-scale rotating wheel spans the orchard, carrying billions of autonomous pollination drones through synchronized paths between blossoms. The machine creates artificial currents that distribute pollen with impossible precision across every tree simultaneously.",,"A planetary-scale rotating wheel spans the orchard, carrying billions of autonomous pollination drones through synchronized paths between blossoms. The machine creates artificial currents that distribute pollen with impossible precision across every tree simultaneously.",Impossible Giant Machine,,Apple Orchard,Agriculture Titan Megastructures,,,,en,new,5,,,,,1,,2026-08-16 20:32:46.381391,2026-08-16 20:32:46.381391,,,,,0,1
98,a99453f5-dd1c-492b-922c-8ec70bbfed34,Orchard Time Engine,Orchard Time Engine,"Orchard Time Engine
This impossible megastructure surrounds the orchard with a colossal temporal field that accelerates or slows biological time in different sections. One region can produce blossoms while another matures apples, allowing an entire harvest cycle to occur within minutes.",,"This impossible megastructure surrounds the orchard with a colossal temporal field that accelerates or slows biological time in different sections. One region can produce blossoms while another matures apples, allowing an entire harvest cycle to occur within minutes.",Impossible Giant Machine,,Apple Orchard,Agriculture Titan Megastructures,,,,en,new,6,,,,,1,,2026-08-16 20:32:46.405780,2026-08-16 20:32:46.405780,,,,,0,1
99,119372ac-c13e-44e6-814a-e75e5685da52,Titanic Apple Sorter,Titanic Apple Sorter,"Titanic Apple Sorter
A machine the size of a city stretches across the orchard, receiving harvested apples through thousands of conveyor highways. Giant magnetic, optical, and gravitational sorting systems classify every apple by color, size, ripeness, flavor potential, and microscopic defects before routing them to different warehouses.",,"A machine the size of a city stretches across the orchard, receiving harvested apples through thousands of conveyor highways. Giant magnetic, optical, and gravitational sorting systems classify every apple by color, size, ripeness, flavor potential, and microscopic defects before routing them to different warehouses.",Impossible Giant Machine,,Apple Orchard,Agriculture Titan Megastructures,,,,en,new,7,,,,,1,,2026-08-16 20:32:46.437664,2026-08-16 20:32:46.437664,,,,,0,1
100,f33f7756-a050-4b4d-9f10-8876bee19b8d,Solar Orchard Furnace,Solar Orchard Furnace,"Solar Orchard Furnace
A colossal network of mirrors rises around the orchard like a mechanical mountain range, capturing sunlight and redirecting it through adjustable beams. The system converts excess solar energy into heat, electricity, and artificial sunlight while carefully maintaining ideal conditions for the trees.",,"A colossal network of mirrors rises around the orchard like a mechanical mountain range, capturing sunlight and redirecting it through adjustable beams. The system converts excess solar energy into heat, electricity, and artificial sunlight while carefully maintaining ideal conditions for the trees.",Impossible Giant Machine,,Apple Orchard,Agriculture Titan Megastructures,,,,en,new,8,,,,,1,,2026-08-16 20:32:46.478805,2026-08-16 20:32:46.478805,,,,,0,1
101,3b377244-2eb8-4d28-9b0b-5e98e2314322,Planetary Pruning Spider,Planetary Pruning Spider,"Planetary Pruning Spider
An enormous multi-legged robot walks between orchard rows, with each leg spanning dozens of trees and carrying swarms of microscopic pruning machines. Its central intelligence predicts future branch growth and trims the entire orchard in synchronized patterns without damaging a single blossom.",,"An enormous multi-legged robot walks between orchard rows, with each leg spanning dozens of trees and carrying swarms of microscopic pruning machines. Its central intelligence predicts future branch growth and trims the entire orchard in synchronized patterns without damaging a single blossom.",Impossible Giant Machine,,Apple Orchard,Agriculture Titan Megastructures,,,,en,new,9,,,,,1,,2026-08-16 20:32:46.520899,2026-08-16 20:32:46.520899,,,,,0,1
102,de1d1902-6db0-4282-b1ca-99b00bb98ccb,Infinite Orchard Conveyor,Infinite Orchard Conveyor,"Infinite Orchard Conveyor
A colossal circular conveyor system surrounds the entire orchard and somehow moves the landscape itself through successive agricultural stations. Trees pass through gigantic automated zones for pruning, pollination, irrigation, harvesting, inspection, and regeneration before returning to their original positions.",,"A colossal circular conveyor system surrounds the entire orchard and somehow moves the landscape itself through successive agricultural stations. Trees pass through gigantic automated zones for pruning, pollination, irrigation, harvesting, inspection, and regeneration before returning to their original positions.",Impossible Giant Machine,,Apple Orchard,Agriculture Titan Megastructures,,,,en,new,10,,,,,1,,2026-08-16 20:32:46.549029,2026-08-16 20:32:46.549029,,,,,0,1
103,4cea1d24-b413-4b37-9395-df3d49ad60a9,Solar Titan Harvester,Solar Titan Harvester,"Solar Titan Harvester
A colossal humanoid machine strides through the sunflower field, harvesting entire rows with rotating arm-mounted cutters and conveyor belts. Its enormous torso transforms the collected sunflower heads into seeds, oil, and biofuel while leaving the stalks neatly stacked behind it.",,"A colossal humanoid machine strides through the sunflower field, harvesting entire rows with rotating arm-mounted cutters and conveyor belts. Its enormous torso transforms the collected sunflower heads into seeds, oil, and biofuel while leaving the stalks neatly stacked behind it.",Impossible Giant Machine,,Sunflower Field,Agriculture Titan Megastructures,,,,en,new,1,,,,,1,,2026-08-16 20:40:24.192100,2026-08-16 20:40:24.192652,,,,,0,1
104,7f1f7319-78fa-4de8-ba03-158d0de2a7c9,Sunflower Skywheel,Sunflower Skywheel,"Sunflower Skywheel
A gigantic ring-shaped megastructure rolls slowly across the field, with thousands of articulated harvesting arms extending from its circumference. As it turns, the machine simultaneously pollinates, waters, fertilizes, and harvests an entire circular zone of sunflowers.",,"A gigantic ring-shaped megastructure rolls slowly across the field, with thousands of articulated harvesting arms extending from its circumference. As it turns, the machine simultaneously pollinates, waters, fertilizes, and harvests an entire circular zone of sunflowers.",Impossible Giant Machine,,Sunflower Field,Agriculture Titan Megastructures,,,,en,new,2,,,,,1,,2026-08-16 20:40:24.220360,2026-08-16 20:40:24.220360,,,,,0,1
105,13ddf69e-db58-4ef5-b4b8-d959606b4245,Helios Field Cathedral,Helios Field Cathedral,"Helios Field Cathedral
This city-sized agricultural cathedral stands over the sunflower field on colossal mechanical legs. Its enormous glass canopy tracks the sun while internal drones descend like stained-glass angels to inspect, prune, and harvest individual plants.",,"This city-sized agricultural cathedral stands over the sunflower field on colossal mechanical legs. Its enormous glass canopy tracks the sun while internal drones descend like stained-glass angels to inspect, prune, and harvest individual plants.",Impossible Giant Machine,,Sunflower Field,Agriculture Titan Megastructures,,,,en,new,3,,,,,1,,2026-08-16 20:40:24.239508,2026-08-16 20:40:24.239508,,,,,0,1
106,3bc37532-a078-4cab-9d58-c4f9e8279bf4,Titanic Sun Tracker,Titanic Sun Tracker,"Titanic Sun Tracker
A mountain-scale mobile solar array follows the sun across the horizon while hovering directly above the sunflower field. Its vast reflective panels redirect concentrated sunlight onto selected crops, creating impossible zones of accelerated growth and synchronized flowering.",,"A mountain-scale mobile solar array follows the sun across the horizon while hovering directly above the sunflower field. Its vast reflective panels redirect concentrated sunlight onto selected crops, creating impossible zones of accelerated growth and synchronized flowering.",Impossible Giant Machine,,Sunflower Field,Agriculture Titan Megastructures,,,,en,new,4,,,,,1,,2026-08-16 20:40:24.261389,2026-08-16 20:40:24.261389,,,,,0,1
107,9b72183f-8f31-4677-8c87-7e5f5df12922,The Golden Root Engine,The Golden Root Engine,"The Golden Root Engine
A gigantic subterranean machine crawls beneath the field, using colossal drills to map and reshape the soil around every sunflower root system. It injects precisely balanced water and nutrients through an underground network, making the entire field behave like one enormous engineered organism.",,"A gigantic subterranean machine crawls beneath the field, using colossal drills to map and reshape the soil around every sunflower root system. It injects precisely balanced water and nutrients through an underground network, making the entire field behave like one enormous engineered organism.",Impossible Giant Machine,,Sunflower Field,Agriculture Titan Megastructures,,,,en,new,5,,,,,1,,2026-08-16 20:40:24.296158,2026-08-16 20:40:24.296158,,,,,0,1
108,6cac7ce3-f04f-4efe-bc7c-a95ec8406257,Sunflower Leviathan,Sunflower Leviathan,"Sunflower Leviathan
An immense serpentine machine longer than the entire field winds between the sunflower rows on hundreds of articulated segments. Each segment carries harvesting jaws, irrigation turbines, pollination towers, and seed-processing chambers that operate simultaneously as the machine advances.",,"An immense serpentine machine longer than the entire field winds between the sunflower rows on hundreds of articulated segments. Each segment carries harvesting jaws, irrigation turbines, pollination towers, and seed-processing chambers that operate simultaneously as the machine advances.",Impossible Giant Machine,,Sunflower Field,Agriculture Titan Megastructures,,,,en,new,6,,,,,1,,2026-08-16 20:40:24.324161,2026-08-16 20:40:24.324161,,,,,0,1
109,911f6d74-9ab6-449c-b9a7-b63a36ca05bb,Petal Storm Generator,Petal Storm Generator,"Petal Storm Generator
A colossal weather-control tower rises above the sunflower field and generates artificial clouds using enormous rotating atmospheric turbines. It releases precisely timed rain, mist, warmth, and harmless electrical charges to create an impossible microclimate optimized for sunflower growth.",,"A colossal weather-control tower rises above the sunflower field and generates artificial clouds using enormous rotating atmospheric turbines. It releases precisely timed rain, mist, warmth, and harmless electrical charges to create an impossible microclimate optimized for sunflower growth.",Impossible Giant Machine,,Sunflower Field,Agriculture Titan Megastructures,,,,en,new,7,,,,,1,,2026-08-16 20:40:24.347358,2026-08-16 20:40:24.347358,,,,,0,1
110,84e2bc26-841c-46c9-bad8-2069cd563b32,The Million-Arm Pollinator,The Million-Arm Pollinator,"The Million-Arm Pollinator
A towering mechanical lattice spans the entire sunflower field, supporting millions of tiny articulated arms. The arms move from flower to flower in synchronized waves, transferring pollen with such precision that the entire field can be pollinated in minutes.",,"A towering mechanical lattice spans the entire sunflower field, supporting millions of tiny articulated arms. The arms move from flower to flower in synchronized waves, transferring pollen with such precision that the entire field can be pollinated in minutes.",Impossible Giant Machine,,Sunflower Field,Agriculture Titan Megastructures,,,,en,new,8,,,,,1,,2026-08-16 20:40:24.369377,2026-08-16 20:40:24.369377,,,,,0,1
111,6770f833-0445-4b48-ba63-160e0bb70dcc,Colossus Seed Forge,Colossus Seed Forge,"Colossus Seed Forge
A gigantic factory on crawler tracks rolls along the edge of the sunflower field, swallowing harvested plants through enormous intake portals. Inside, impossible mechanical furnaces separate seeds, oil, fiber, and biomass before launching the finished agricultural products through towering pneumatic silos.",,"A gigantic factory on crawler tracks rolls along the edge of the sunflower field, swallowing harvested plants through enormous intake portals. Inside, impossible mechanical furnaces separate seeds, oil, fiber, and biomass before launching the finished agricultural products through towering pneumatic silos.",Impossible Giant Machine,,Sunflower Field,Agriculture Titan Megastructures,,,,en,new,9,,,,,1,,2026-08-16 20:40:24.390701,2026-08-16 20:40:24.390701,,,,,0,1
112,e3a26b62-12b8-40ba-814c-99b88193d5ad,Solar Bloom Clock,Solar Bloom Clock,"Solar Bloom Clock
A colossal clock-like machine stands at the center of the sunflower field, with enormous mechanical hands sweeping across the sky. Its movements coordinate giant irrigation cannons, artificial sunlight mirrors, pollination drones, and harvest platforms so every sunflower blooms and ripens at exactly the same moment.",,"A colossal clock-like machine stands at the center of the sunflower field, with enormous mechanical hands sweeping across the sky. Its movements coordinate giant irrigation cannons, artificial sunlight mirrors, pollination drones, and harvest platforms so every sunflower blooms and ripens at exactly the same moment.",Impossible Giant Machine,,Sunflower Field,Agriculture Titan Megastructures,,,,en,new,10,,,,,1,,2026-08-16 20:40:24.418829,2026-08-16 20:40:24.418829,,,,,0,1
113,e377f9dd-5ebd-4097-96b7-1782f1f4c37d,The Grassland Tide Engine,The Grassland Tide Engine,"The Grassland Tide Engine
A colossal circular machine buried beneath the prairie slowly rolls entire waves of grass across the landscape, replacing mature vegetation with freshly grown layers. Its planetary-scale gears harvest sunlight, soil moisture, and wind to make the grassland appear to flow like an ocean.",,"A colossal circular machine buried beneath the prairie slowly rolls entire waves of grass across the landscape, replacing mature vegetation with freshly grown layers. Its planetary-scale gears harvest sunlight, soil moisture, and wind to make the grassland appear to flow like an ocean.",Impossible Giant Machine,,Grassland,Nature Titan Megastructures,,,,en,new,1,,,,,1,,2026-08-18 07:23:56.043546,2026-08-18 07:23:56.043546,,,,,0,1
114,4078eeed-426d-47f5-b3f6-8bd40208c650,Skyroot Rain Harvester,Skyroot Rain Harvester,"Skyroot Rain Harvester
A titan-sized forest of mechanical towers rises above the grassland, each tower stretching higher than mountains and opening enormous petals into the clouds. The machine captures atmospheric moisture and releases precisely timed artificial rain over distant sections of prairie.",,"A titan-sized forest of mechanical towers rises above the grassland, each tower stretching higher than mountains and opening enormous petals into the clouds. The machine captures atmospheric moisture and releases precisely timed artificial rain over distant sections of prairie.",Impossible Giant Machine,,Grassland,Nature Titan Megastructures,,,,en,new,2,,,,,1,,2026-08-18 07:23:56.083905,2026-08-18 07:23:56.083905,,,,,0,1
115,a2353255-9aab-421b-b9fe-1b7074e77025,Prairie Wind Shepherd,Prairie Wind Shepherd,"Prairie Wind Shepherd
Thousands of gigantic rotating sails march across the grassland like a mechanical herd, redirecting planetary-scale winds. By subtly changing air currents, the machine guides seeds, pollen, clouds, and even migrating insects toward selected regions.",,"Thousands of gigantic rotating sails march across the grassland like a mechanical herd, redirecting planetary-scale winds. By subtly changing air currents, the machine guides seeds, pollen, clouds, and even migrating insects toward selected regions.",Impossible Giant Machine,,Grassland,Nature Titan Megastructures,,,,en,new,3,,,,,1,,2026-08-18 07:23:56.111902,2026-08-18 07:23:56.111902,,,,,0,1
116,f4a2b6c9-9352-476f-9599-9c5e39d5966b,The Buried Sunwheel,The Buried Sunwheel,"The Buried Sunwheel
An immense ring-shaped machine encircles an entire grassland basin beneath the soil, with only its colossal rim visible aboveground. It slowly tilts sections of the terrain toward the Sun, creating impossible localized seasons that cause different parts of the prairie to experience spring, summer, autumn, and winter simultaneously.",,"An immense ring-shaped machine encircles an entire grassland basin beneath the soil, with only its colossal rim visible aboveground. It slowly tilts sections of the terrain toward the Sun, creating impossible localized seasons that cause different parts of the prairie to experience spring, summer, autumn, and winter simultaneously.",Impossible Giant Machine,,Grassland,Nature Titan Megastructures,,,,en,new,4,,,,,1,,2026-08-18 07:23:56.131426,2026-08-18 07:23:56.131426,,,,,0,1
117,28d0acb9-2987-4d38-b54d-f046848ec0fd,Thunderhoof Generator,Thunderhoof Generator,"Thunderhoof Generator
This continent-scale machine imitates the movement of an enormous herd of invisible mechanical animals, driving gigantic pistons beneath the prairie with each artificial step. The resulting vibrations aerate the soil, fracture compacted earth, and trigger synchronized blooms across the grassland.",,"This continent-scale machine imitates the movement of an enormous herd of invisible mechanical animals, driving gigantic pistons beneath the prairie with each artificial step. The resulting vibrations aerate the soil, fracture compacted earth, and trigger synchronized blooms across the grassland.",Impossible Giant Machine,,Grassland,Nature Titan Megastructures,,,,en,new,5,,,,,1,,2026-08-18 07:23:56.149842,2026-08-18 07:23:56.149842,,,,,0,1
118,c291b82c-c454-4027-b63c-a98c3bbeb1a7,Prairie Memory Engine,Prairie Memory Engine,"Prairie Memory Engine
A colossal network of towers and underground chambers records the biological history of the grassland and then physically reconstructs extinct plants from stored genetic patterns. Entire ancient ecosystems can emerge overnight, making prehistoric prairie return beneath the machine's enormous shadow.",,"A colossal network of towers and underground chambers records the biological history of the grassland and then physically reconstructs extinct plants from stored genetic patterns. Entire ancient ecosystems can emerge overnight, making prehistoric prairie return beneath the machine's enormous shadow.",Impossible Giant Machine,,Grassland,Nature Titan Megastructures,,,,en,new,6,,,,,1,,2026-08-18 07:23:56.176846,2026-08-18 07:23:56.176846,,,,,0,1
119,34949b23-1ca6-4dc3-ab8b-91ce5a2f17cd,Horizon Grass Loom,Horizon Grass Loom,"Horizon Grass Loom
Stretching from horizon to horizon, a gigantic framework pulls living blades of grass through impossible mechanical needles and weaves them into vast floating carpets. The woven vegetation forms elevated habitats, bridges, windbreaks, and new layers of grassland suspended above the original terrain.",,"Stretching from horizon to horizon, a gigantic framework pulls living blades of grass through impossible mechanical needles and weaves them into vast floating carpets. The woven vegetation forms elevated habitats, bridges, windbreaks, and new layers of grassland suspended above the original terrain.",Impossible Giant Machine,,Grassland,Nature Titan Megastructures,,,,en,new,7,,,,,1,,2026-08-18 07:23:56.206720,2026-08-18 07:23:56.206720,,,,,0,1
120,933610f6-d902-42e2-9e8b-2db21875ad44,Cloudshadow Irrigator,Cloudshadow Irrigator,"Cloudshadow Irrigator
A megastructure spanning dozens of kilometers moves an artificial shadow across the prairie while enormous underground pumps circulate water beneath it. Wherever the shadow passes, evaporation stops and hidden irrigation channels awaken, allowing the machine to sculpt the grassland's moisture patterns like a moving climate system.",,"A megastructure spanning dozens of kilometers moves an artificial shadow across the prairie while enormous underground pumps circulate water beneath it. Wherever the shadow passes, evaporation stops and hidden irrigation channels awaken, allowing the machine to sculpt the grassland's moisture patterns like a moving climate system.",Impossible Giant Machine,,Grassland,Nature Titan Megastructures,,,,en,new,8,,,,,1,,2026-08-18 07:23:56.233060,2026-08-18 07:23:56.233060,,,,,0,1
121,aff890ac-b1cd-44d7-8b88-aea23b20e951,The Seed Moon,The Seed Moon,"The Seed Moon
A colossal spherical machine hovers above the grassland, rotating slowly like a second moon and continuously manufacturing and launching seeds. Its gravity-defying launch mechanisms distribute different plant species in carefully calculated patterns, creating enormous living mosaics visible from space.",,"A colossal spherical machine hovers above the grassland, rotating slowly like a second moon and continuously manufacturing and launching seeds. Its gravity-defying launch mechanisms distribute different plant species in carefully calculated patterns, creating enormous living mosaics visible from space.",Impossible Giant Machine,,Grassland,Nature Titan Megastructures,,,,en,new,9,,,,,1,,2026-08-18 07:23:56.251039,2026-08-18 07:23:56.251039,,,,,0,1
122,1d461a1b-04a6-4cda-9fe3-2f8983b2227b,Prairie Planet Engine,Prairie Planet Engine,"Prairie Planet Engine
An impossible titan-scale machine is anchored beneath an entire grassland and slowly rotates huge sections of the Earth's surface by microscopic amounts. The machine manipulates terrain, groundwater, sunlight exposure, and atmospheric circulation to maintain a perfectly balanced artificial ecosystem across thousands of square kilometers.",,"An impossible titan-scale machine is anchored beneath an entire grassland and slowly rotates huge sections of the Earth's surface by microscopic amounts. The machine manipulates terrain, groundwater, sunlight exposure, and atmospheric circulation to maintain a perfectly balanced artificial ecosystem across thousands of square kilometers.",Impossible Giant Machine,,Grassland,Nature Titan Megastructures,,,,en,new,10,,,,,1,,2026-08-18 07:23:56.270050,2026-08-18 07:23:56.270050,,,,,0,1
123,b56e6991-f801-4ff7-ad62-b554020e4c16,The Desert Titan Megastructure #1,The Desert Titan Megastructure #1,"The Desert Titan Megastructure #1
A colossal titan-scale machine operating on Desert using automated extraction arms and quantum planetary energy conduits.",,A colossal titan-scale machine operating on Desert using automated extraction arms and quantum planetary energy conduits.,Impossible Giant Machine,,Desert,Environment Titan Megastructures,,,,en,new,1,,,,,1,,2026-08-18 15:43:28.806740,2026-08-18 15:43:28.806740,,,,,0,1
124,8f2679d6-de28-41c2-b374-a4c9bdef0933,The Desert Titan Megastructure #2,The Desert Titan Megastructure #2,"The Desert Titan Megastructure #2
A colossal titan-scale machine operating on Desert using automated extraction arms and quantum planetary energy conduits.",,A colossal titan-scale machine operating on Desert using automated extraction arms and quantum planetary energy conduits.,Impossible Giant Machine,,Desert,Environment Titan Megastructures,,,,en,new,2,,,,,1,,2026-08-18 15:43:28.839481,2026-08-18 15:43:28.839481,,,,,0,1
125,08447db2-a667-4d4d-ae40-24f6dda77939,The Desert Titan Megastructure #3,The Desert Titan Megastructure #3,"The Desert Titan Megastructure #3
A colossal titan-scale machine operating on Desert using automated extraction arms and quantum planetary energy conduits.",,A colossal titan-scale machine operating on Desert using automated extraction arms and quantum planetary energy conduits.,Impossible Giant Machine,,Desert,Environment Titan Megastructures,,,,en,new,3,,,,,1,,2026-08-18 15:43:28.867481,2026-08-18 15:43:28.867481,,,,,0,1
126,9d3a8251-6cd2-4d06-bbe0-68bf687fbbc8,The Desert Titan Megastructure #4,The Desert Titan Megastructure #4,"The Desert Titan Megastructure #4
A colossal titan-scale machine operating on Desert using automated extraction arms and quantum planetary energy conduits.",,A colossal titan-scale machine operating on Desert using automated extraction arms and quantum planetary energy conduits.,Impossible Giant Machine,,Desert,Environment Titan Megastructures,,,,en,new,4,,,,,1,,2026-08-18 15:43:28.894019,2026-08-18 15:43:28.894019,,,,,0,1
127,0753c300-f954-4c6d-90db-290025c54620,The Desert Titan Megastructure #5,The Desert Titan Megastructure #5,"The Desert Titan Megastructure #5
A colossal titan-scale machine operating on Desert using automated extraction arms and quantum planetary energy conduits.",,A colossal titan-scale machine operating on Desert using automated extraction arms and quantum planetary energy conduits.,Impossible Giant Machine,,Desert,Environment Titan Megastructures,,,,en,new,5,,,,,1,,2026-08-18 15:43:28.915582,2026-08-18 15:43:28.915582,,,,,0,1
128,71d975c0-e874-47a0-97e8-13ed2d64bfd8,The Desert Titan Megastructure #6,The Desert Titan Megastructure #6,"The Desert Titan Megastructure #6
A colossal titan-scale machine operating on Desert using automated extraction arms and quantum planetary energy conduits.",,A colossal titan-scale machine operating on Desert using automated extraction arms and quantum planetary energy conduits.,Impossible Giant Machine,,Desert,Environment Titan Megastructures,,,,en,new,6,,,,,1,,2026-08-18 15:43:28.930581,2026-08-18 15:43:28.930581,,,,,0,1
129,760b8f06-e78e-4f46-b601-373fda8b66a3,The Desert Titan Megastructure #7,The Desert Titan Megastructure #7,"The Desert Titan Megastructure #7
A colossal titan-scale machine operating on Desert using automated extraction arms and quantum planetary energy conduits.",,A colossal titan-scale machine operating on Desert using automated extraction arms and quantum planetary energy conduits.,Impossible Giant Machine,,Desert,Environment Titan Megastructures,,,,en,new,7,,,,,1,,2026-08-18 15:43:28.946581,2026-08-18 15:43:28.946581,,,,,0,1
130,3652c025-23d3-494f-8847-0c6ea7c61403,The Desert Titan Megastructure #8,The Desert Titan Megastructure #8,"The Desert Titan Megastructure #8
A colossal titan-scale machine operating on Desert using automated extraction arms and quantum planetary energy conduits.",,A colossal titan-scale machine operating on Desert using automated extraction arms and quantum planetary energy conduits.,Impossible Giant Machine,,Desert,Environment Titan Megastructures,,,,en,new,8,,,,,1,,2026-08-18 15:43:28.974406,2026-08-18 15:43:28.974406,,,,,0,1
131,7af17ce8-a799-45fa-b812-ad1ff836480b,The Desert Titan Megastructure #9,The Desert Titan Megastructure #9,"The Desert Titan Megastructure #9
A colossal titan-scale machine operating on Desert using automated extraction arms and quantum planetary energy conduits.",,A colossal titan-scale machine operating on Desert using automated extraction arms and quantum planetary energy conduits.,Impossible Giant Machine,,Desert,Environment Titan Megastructures,,,,en,new,9,,,,,1,,2026-08-18 15:43:29.001969,2026-08-18 15:43:29.001969,,,,,0,1
132,4b907173-a508-4281-b132-1b02750c2da7,The Desert Titan Megastructure #10,The Desert Titan Megastructure #10,"The Desert Titan Megastructure #10
A colossal titan-scale machine operating on Desert using automated extraction arms and quantum planetary energy conduits.",,A colossal titan-scale machine operating on Desert using automated extraction arms and quantum planetary energy conduits.,Impossible Giant Machine,,Desert,Environment Titan Megastructures,,,,en,new,10,,,,,1,,2026-08-18 15:43:29.023968,2026-08-18 15:43:29.024970,,,,,0,1
133,b8573176-57fb-45fd-97b3-6b2392c39815,The Corn Field Titan Megastructure #3,The Corn Field Titan Megastructure #3,"Corn Field Titan Megastructure #3 is a colossal agricultural extraction platform built around the principle that an entire crop landscape can be processed as a single continuous industrial system. Its central titan chassis rises nearly 900 meters, supported by eight articulated locomotive legs whose armored feet span hundreds of meters. Each leg contains nested shock absorbers, magnetic bearings, and quantum-gravity compensators that distribute the machine's impossible mass across a broad footprint. The torso carries hundreds of automated extraction arms, ranging from delicate stalk manipulators to gigantic harvesting claws capable of sweeping hectares at once. Its workflow begins with atmospheric crop tomography, which maps every plant in three dimensions. The Titan then advances through the Corn Field while synchronized arms cut stalks, separate ears, collect fallen material, and redirect residual biomass into soil-replenishment streams. Harvested corn enters distributed intake ports along the abdomen and is accelerated through vacuum conduits toward the internal factory. The belly is organized as a descending sequence of industrial levels: primary husking galleries, high-speed threshing chambers, cyclone separation cylinders, optical sorting floors, drying chambers, grain-conditioning decks, and finally deep storage vaults. Giant transparent inspection tubes allow robotic swarms to monitor the movement of grain throughout the structure. Cobs and husks are processed into fuel pellets and agricultural carbon, while damaged kernels are diverted into biochemical reactors. The machine's energy architecture is dominated by luminous plasma conduits running through its skeleton like artificial arteries. Magnetic suspension fields isolate major processing modules from vibration, allowing delicate machinery to operate while the Titan walks. Quantum planetary energy conduits tap minute fluctuations in the planet's gravitational and electromagnetic fields, converting them into usable power. Thermal exhaust systems mounted along the spine vent excess energy as radiant columns that shimmer above the atmosphere. The Titan's movement profoundly alters local weather. Its legs generate pressure waves, its exhaust creates rising thermal columns, and its immense body can intercept sunlight over several square kilometers. From distant settlements, the machine appears less like a vehicle than a migrating mountain range. Corn fields vanish beneath its harvesting arms in geometric waves, while its illuminated processing decks glow through nighttime cloud layers like an artificial city suspended inside a walking giant.",,"Corn Field Titan Megastructure #3 is a colossal agricultural extraction platform built around the principle that an entire crop landscape can be processed as a single continuous industrial system. Its central titan chassis rises nearly 900 meters, supported by eight articulated locomotive legs whose armored feet span hundreds of meters. Each leg contains nested shock absorbers, magnetic bearings, and quantum-gravity compensators that distribute the machine's impossible mass across a broad footprint. The torso carries hundreds of automated extraction arms, ranging from delicate stalk manipulators to gigantic harvesting claws capable of sweeping hectares at once. Its workflow begins with atmospheric crop tomography, which maps every plant in three dimensions. The Titan then advances through the Corn Field while synchronized arms cut stalks, separate ears, collect fallen material, and redirect residual biomass into soil-replenishment streams. Harvested corn enters distributed intake ports along the abdomen and is accelerated through vacuum conduits toward the internal factory. The belly is organized as a descending sequence of industrial levels: primary husking galleries, high-speed threshing chambers, cyclone separation cylinders, optical sorting floors, drying chambers, grain-conditioning decks, and finally deep storage vaults. Giant transparent inspection tubes allow robotic swarms to monitor the movement of grain throughout the structure. Cobs and husks are processed into fuel pellets and agricultural carbon, while damaged kernels are diverted into biochemical reactors. The machine's energy architecture is dominated by luminous plasma conduits running through its skeleton like artificial arteries. Magnetic suspension fields isolate major processing modules from vibration, allowing delicate machinery to operate while the Titan walks. Quantum planetary energy conduits tap minute fluctuations in the planet's gravitational and electromagnetic fields, converting them into usable power. Thermal exhaust systems mounted along the spine vent excess energy as radiant columns that shimmer above the atmosphere. The Titan's movement profoundly alters local weather. Its legs generate pressure waves, its exhaust creates rising thermal columns, and its immense body can intercept sunlight over several square kilometers. From distant settlements, the machine appears less like a vehicle than a migrating mountain range. Corn fields vanish beneath its harvesting arms in geometric waves, while its illuminated processing decks glow through nighttime cloud layers like an artificial city suspended inside a walking giant.",Impossible Giant Machine,,Corn Field,Agriculture Titan Megastructures,,,,en,new,3,,,,,1,,2026-08-22 08:42:29.667313,2026-08-22 08:42:29.668314,,,,,0,1
134,d025079b-bfaf-4aff-918a-04b6ebde68e2,The Corn Field Titan Megastructure #4,The Corn Field Titan Megastructure #4,"Corn Field Titan Megastructure #4 is designed as a precision-harvesting colossus whose primary purpose is to extract maximum agricultural value while maintaining continuous contact with the living Corn Field beneath it. Its hexagonal central chassis stands approximately 1.1 kilometers high, with a broad lower platform suspended between twelve articulated locomotive legs. Each leg operates as an independent mechanical ecosystem, containing power relays, structural elevators, traction systems, and gravity-field projectors. Hundreds of automated extraction arms unfold from the machine's waist and lower hull like the limbs of a metallic forest. Some arms gently pluck individual ears, while others cut entire rows, gather residue, or reshape soil channels. The operational cycle begins with orbital-quality crop mapping generated by quantum sensors embedded throughout the chassis. The Titan identifies ripe plants, routes harvesting arms toward them, and continuously adjusts its stride so no mature crop is crushed unnecessarily. Corn enters flexible armored intake throats, where counter-rotating rollers remove husks and specialized threshing chambers separate kernels from cobs. Cyclone cylinders then perform high-speed density separation, followed by optical grading tunnels and sterile drying galleries. Inside the belly factory, dozens of processing levels are connected by vertical grain elevators and autonomous freight lifts. Drying chambers use directional thermal radiation rather than conventional combustion, while storage vaults employ low-temperature magnetic suspension to prevent compaction. Waste biomass is chemically decomposed into industrial feedstocks and returned to the soil through rear discharge ports. Energy flows through brilliant plasma conduits embedded in the Titan's structural ribs. Superconducting loops generate magnetic suspension fields that isolate the factory decks from the enormous forces of walking. Quantum gravity manipulators temporarily alter local inertia, allowing the machine to lift its legs without requiring impossible conventional engines. Excess thermal energy travels upward into cathedral-sized exhaust towers, where it is converted into controlled infrared radiation and high-altitude vapor. The machine's atmospheric influence is unmistakable. Its upper decks rise above ordinary storm systems, while its exhaust can produce elongated clouds trailing for kilometers. Sunlight flashes across its armor like dawn moving over a mountain. From the surrounding plains, #4 resembles a walking megacity whose harvesting arms sweep across the Corn Field like a synchronized metallic tide, transforming agriculture into a planetary-scale industrial choreography.",,"Corn Field Titan Megastructure #4 is designed as a precision-harvesting colossus whose primary purpose is to extract maximum agricultural value while maintaining continuous contact with the living Corn Field beneath it. Its hexagonal central chassis stands approximately 1.1 kilometers high, with a broad lower platform suspended between twelve articulated locomotive legs. Each leg operates as an independent mechanical ecosystem, containing power relays, structural elevators, traction systems, and gravity-field projectors. Hundreds of automated extraction arms unfold from the machine's waist and lower hull like the limbs of a metallic forest. Some arms gently pluck individual ears, while others cut entire rows, gather residue, or reshape soil channels. The operational cycle begins with orbital-quality crop mapping generated by quantum sensors embedded throughout the chassis. The Titan identifies ripe plants, routes harvesting arms toward them, and continuously adjusts its stride so no mature crop is crushed unnecessarily. Corn enters flexible armored intake throats, where counter-rotating rollers remove husks and specialized threshing chambers separate kernels from cobs. Cyclone cylinders then perform high-speed density separation, followed by optical grading tunnels and sterile drying galleries. Inside the belly factory, dozens of processing levels are connected by vertical grain elevators and autonomous freight lifts. Drying chambers use directional thermal radiation rather than conventional combustion, while storage vaults employ low-temperature magnetic suspension to prevent compaction. Waste biomass is chemically decomposed into industrial feedstocks and returned to the soil through rear discharge ports. Energy flows through brilliant plasma conduits embedded in the Titan's structural ribs. Superconducting loops generate magnetic suspension fields that isolate the factory decks from the enormous forces of walking. Quantum gravity manipulators temporarily alter local inertia, allowing the machine to lift its legs without requiring impossible conventional engines. Excess thermal energy travels upward into cathedral-sized exhaust towers, where it is converted into controlled infrared radiation and high-altitude vapor. The machine's atmospheric influence is unmistakable. Its upper decks rise above ordinary storm systems, while its exhaust can produce elongated clouds trailing for kilometers. Sunlight flashes across its armor like dawn moving over a mountain. From the surrounding plains, #4 resembles a walking megacity whose harvesting arms sweep across the Corn Field like a synchronized metallic tide, transforming agriculture into a planetary-scale industrial choreography.",Impossible Giant Machine,,Corn Field,Agriculture Titan Megastructures,,,,en,new,4,,,,,1,,2026-08-22 08:42:29.709893,2026-08-22 08:42:29.709893,,,,,0,1
135,67c8807d-f47e-417e-9581-ae5f8022f680,The Corn Field Titan Megastructure #5,The Corn Field Titan Megastructure #5,"Corn Field Titan Megastructure #5 is the most extreme member of the Titan agricultural series: a mobile planetary-processing cathedral intended to harvest, refine, preserve, and redistribute the output of entire Corn Field regions. Its primary chassis forms a colossal vertical fortress almost 1.3 kilometers tall, reinforced by concentric structural rings and enormous articulated shoulders. Ten locomotive legs connect the body to the ground, each containing multiple jointed sections that can bend around hills, riverbeds, and infrastructure. The feet deploy magnetic traction plates and quantum-pressure anchors when the machine must remain stationary. From the lower torso extend hundreds of specialized manipulation arms, including cutting scythes, vacuum harvesters, soil combs, precision ear collectors, and kilometer-long biomass transfer booms. The workflow operates continuously. Crop sensors first establish a maturity map, then harvesting arms enter the field in coordinated formations. Stalks are severed, ears are stripped, and kernels are transferred through pressurized conduits into the Titan's internal processing spine. There, the belly factory expands into a labyrinth of multi-level galleries. Primary threshers break down the harvested material, cyclone separation cylinders divide kernels from husks and cobs, and automated optical systems classify every grain. Drying chambers circulate precisely heated plasma-conditioned air, while stabilization decks prepare grain for long-term preservation. Deep storage vaults occupy the machine's lower torso and leg roots, each capable of holding enormous reserves under controlled temperature, pressure, and humidity. Biomass by-products are transformed into fertilizer precursors, synthetic fuels, construction fibers, and emergency food substrates. The Titan is powered by a network of plasma conduits energized through quantum planetary energy collectors. These conduits feed magnetic suspension fields around the processing decks and structural joints. Quantum gravity manipulation reduces effective inertia during locomotion and redistributes gravitational loads through the chassis, preventing the ground from collapsing beneath it. Thermal exhaust systems rise above the shoulders as glowing towers, releasing excess heat and vapor into the stratosphere. The atmospheric consequences are immense: passing storms split around its upper structure, sunlight disappears beneath its shadow, and condensation forms clouds along its heated exhaust plumes. From hundreds of kilometers away, #5 resembles a mountain range that has learned to walk. At night, its internal factories illuminate the hull in vertical bands, making the Titan appear like a colossal artificial city advancing slowly through the Corn Field.",,"Corn Field Titan Megastructure #5 is the most extreme member of the Titan agricultural series: a mobile planetary-processing cathedral intended to harvest, refine, preserve, and redistribute the output of entire Corn Field regions. Its primary chassis forms a colossal vertical fortress almost 1.3 kilometers tall, reinforced by concentric structural rings and enormous articulated shoulders. Ten locomotive legs connect the body to the ground, each containing multiple jointed sections that can bend around hills, riverbeds, and infrastructure. The feet deploy magnetic traction plates and quantum-pressure anchors when the machine must remain stationary. From the lower torso extend hundreds of specialized manipulation arms, including cutting scythes, vacuum harvesters, soil combs, precision ear collectors, and kilometer-long biomass transfer booms. The workflow operates continuously. Crop sensors first establish a maturity map, then harvesting arms enter the field in coordinated formations. Stalks are severed, ears are stripped, and kernels are transferred through pressurized conduits into the Titan's internal processing spine. There, the belly factory expands into a labyrinth of multi-level galleries. Primary threshers break down the harvested material, cyclone separation cylinders divide kernels from husks and cobs, and automated optical systems classify every grain. Drying chambers circulate precisely heated plasma-conditioned air, while stabilization decks prepare grain for long-term preservation. Deep storage vaults occupy the machine's lower torso and leg roots, each capable of holding enormous reserves under controlled temperature, pressure, and humidity. Biomass by-products are transformed into fertilizer precursors, synthetic fuels, construction fibers, and emergency food substrates. The Titan is powered by a network of plasma conduits energized through quantum planetary energy collectors. These conduits feed magnetic suspension fields around the processing decks and structural joints. Quantum gravity manipulation reduces effective inertia during locomotion and redistributes gravitational loads through the chassis, preventing the ground from collapsing beneath it. Thermal exhaust systems rise above the shoulders as glowing towers, releasing excess heat and vapor into the stratosphere. The atmospheric consequences are immense: passing storms split around its upper structure, sunlight disappears beneath its shadow, and condensation forms clouds along its heated exhaust plumes. From hundreds of kilometers away, #5 resembles a mountain range that has learned to walk. At night, its internal factories illuminate the hull in vertical bands, making the Titan appear like a colossal artificial city advancing slowly through the Corn Field.",Impossible Giant Machine,,Corn Field,Agriculture Titan Megastructures,,,,en,new,5,,,,,1,,2026-08-22 08:42:29.737418,2026-08-22 08:42:29.737418,,,,,0,1
136,6d5a5a9b-9aee-49cf-9add-0703e7718590,The Corn Field Titan Megastructure #6,The Corn Field Titan Megastructure #6,"The Corn Field Titan Megastructure #6 is an agricultural colossus whose chassis rises above the corn canopy like a moving mountain, supported by six articulated locomotive legs that distribute its immense mass across thousands of square meters. Each leg terminates in magnetic traction pads and adaptive soil-pressure feet, allowing the machine to cross saturated ground without collapsing the field. Its torso is a layered armored processing cathedral, while four primary harvesting arms extend hundreds of meters outward. Rotary sickle heads sever mature stalks, articulated grippers gather selected plants, and secondary manipulation arms strip husks, separate ears, and recover biomass with surgical precision. The machine advances in synchronized strides, continuously mapping crop density, soil moisture, plant maturity, and subsurface mineral conditions. Its workflow begins with quantum-assisted scanning, followed by precision cutting. Harvesting arms funnel corn into armored intake chutes, where mechanical rollers remove stalks and ears are divided into food grain, seed stock, fiber, oil-bearing material, and organic waste. Rejected material is compressed into nutrient pellets and redistributed through rear-mounted soil injectors, creating a closed agricultural cycle. Inside the belly is a multi-level factory spanning the entire torso. Upper galleries contain sorting drums and cyclone separation cylinders that exploit controlled airflow to divide husks, dust, kernels, and fibers. Middle decks house drying chambers heated by captured reactor waste, while lower vaults contain sealed grain reservoirs, seed banks, fermentation tanks, and compressed biomass stores. Vertical conveyor trunks connect every level through magnetic elevators. Energy originates in quantum planetary energy conduits driven deep into the ground. Plasma travels through shielded superconducting channels, powering actuators and industrial machinery. Magnetic suspension fields partially decouple the chassis from local gravity, reducing structural loads, while quantum gravity manipulation stabilizes each enormous step. Excess heat passes through dorsal thermal exhaust towers that glow like artificial sunsets. At full scale, the Titan can appear taller than skyscrapers, with its head projecting above storm clouds. Its passage bends cornfields into geometric waves, while atmospheric intake systems draw mist around its shoulders. Thunderstorms illuminate its plasma conduits, and condensation forms miniature clouds along its armored flanks, making the machine resemble a mechanical mountain harvesting an entire agricultural horizon.",,"The Corn Field Titan Megastructure #6 is an agricultural colossus whose chassis rises above the corn canopy like a moving mountain, supported by six articulated locomotive legs that distribute its immense mass across thousands of square meters. Each leg terminates in magnetic traction pads and adaptive soil-pressure feet, allowing the machine to cross saturated ground without collapsing the field. Its torso is a layered armored processing cathedral, while four primary harvesting arms extend hundreds of meters outward. Rotary sickle heads sever mature stalks, articulated grippers gather selected plants, and secondary manipulation arms strip husks, separate ears, and recover biomass with surgical precision. The machine advances in synchronized strides, continuously mapping crop density, soil moisture, plant maturity, and subsurface mineral conditions. Its workflow begins with quantum-assisted scanning, followed by precision cutting. Harvesting arms funnel corn into armored intake chutes, where mechanical rollers remove stalks and ears are divided into food grain, seed stock, fiber, oil-bearing material, and organic waste. Rejected material is compressed into nutrient pellets and redistributed through rear-mounted soil injectors, creating a closed agricultural cycle. Inside the belly is a multi-level factory spanning the entire torso. Upper galleries contain sorting drums and cyclone separation cylinders that exploit controlled airflow to divide husks, dust, kernels, and fibers. Middle decks house drying chambers heated by captured reactor waste, while lower vaults contain sealed grain reservoirs, seed banks, fermentation tanks, and compressed biomass stores. Vertical conveyor trunks connect every level through magnetic elevators. Energy originates in quantum planetary energy conduits driven deep into the ground. Plasma travels through shielded superconducting channels, powering actuators and industrial machinery. Magnetic suspension fields partially decouple the chassis from local gravity, reducing structural loads, while quantum gravity manipulation stabilizes each enormous step. Excess heat passes through dorsal thermal exhaust towers that glow like artificial sunsets. At full scale, the Titan can appear taller than skyscrapers, with its head projecting above storm clouds. Its passage bends cornfields into geometric waves, while atmospheric intake systems draw mist around its shoulders. Thunderstorms illuminate its plasma conduits, and condensation forms miniature clouds along its armored flanks, making the machine resemble a mechanical mountain harvesting an entire agricultural horizon.",Impossible Giant Machine,,Corn Field,Agriculture Titan Megastructures,,,,en,new,6,,,,,1,,2026-08-22 08:42:29.757665,2026-08-22 08:42:29.757665,,,,,0,1
137,bb2d85af-36bb-415f-a0f5-a0ce525029e6,The Corn Field Titan Megastructure #7,The Corn Field Titan Megastructure #7,"The Corn Field Titan Megastructure #7 is engineered as a mobile agricultural refinery whose enormous body combines the proportions of a humanoid titan with the structural logic of a planetary mining crawler. Its central chassis is built from concentric truss rings, each reinforced by self-healing metamaterial ribs. Eight articulated legs move in staggered sequences, using telescoping joints, magnetic suspension bearings, and broad traction tracks embedded within each foot. Rather than merely collecting crops, its harvesting limbs behave like precision industrial cranes. Long cutting arms sweep through enormous sections of corn, while fingertip-sized autonomous tools detach ears, inspect kernels, and route individual plants according to their biological value. Operations begin with a hemispherical sensor field that analyzes the crop several kilometers ahead. The Titan then calculates an optimal harvesting corridor, minimizing soil disturbance while maximizing mature yield. Cutting heads descend first, followed by collector fingers that gather severed plants into pneumatic elevators. Inside the arms, preliminary threshing removes leaves and stalk fragments before the material enters the torso factory. The belly factory is arranged vertically around a central gravity-neutral processing shaft. The highest galleries contain cyclone separation cylinders, where rotational airflow removes dust and lightweight chaff. Below them are vibration decks that classify kernels by size and density. Enclosed drying chambers use controlled microwave fields, low-temperature plasma, and recovered reactor heat to reduce moisture without damaging seed viability. Deep storage vaults are protected by pressure doors and inert-gas atmospheres, allowing grain to remain stable for decades. Separate vaults preserve genetic seed reserves, while biomass silos feed an internal bio-reactor network. The Titan's energy architecture draws power from quantum planetary conduits penetrating deep geological layers. Plasma conduits distribute energy through the frame, while magnetic suspension fields counteract portions of its gravitational burden. Quantum gravity manipulation allows its legs to transfer immense loads without crushing the field beneath them. Thermal exhaust is expelled through towering dorsal stacks, whose heat shimmer can distort distant scenery. From the ground, #7 resembles a moving skyscraper range. Its shoulders can disappear into clouds, and its upper machinery may intercept high winds. Jet streams bend around its silhouette, rain evaporates against hot exhaust structures, and lightning crawls across its magnetic shielding, transforming an ordinary cornfield into the operating floor of a machine visible from the horizon.",,"The Corn Field Titan Megastructure #7 is engineered as a mobile agricultural refinery whose enormous body combines the proportions of a humanoid titan with the structural logic of a planetary mining crawler. Its central chassis is built from concentric truss rings, each reinforced by self-healing metamaterial ribs. Eight articulated legs move in staggered sequences, using telescoping joints, magnetic suspension bearings, and broad traction tracks embedded within each foot. Rather than merely collecting crops, its harvesting limbs behave like precision industrial cranes. Long cutting arms sweep through enormous sections of corn, while fingertip-sized autonomous tools detach ears, inspect kernels, and route individual plants according to their biological value. Operations begin with a hemispherical sensor field that analyzes the crop several kilometers ahead. The Titan then calculates an optimal harvesting corridor, minimizing soil disturbance while maximizing mature yield. Cutting heads descend first, followed by collector fingers that gather severed plants into pneumatic elevators. Inside the arms, preliminary threshing removes leaves and stalk fragments before the material enters the torso factory. The belly factory is arranged vertically around a central gravity-neutral processing shaft. The highest galleries contain cyclone separation cylinders, where rotational airflow removes dust and lightweight chaff. Below them are vibration decks that classify kernels by size and density. Enclosed drying chambers use controlled microwave fields, low-temperature plasma, and recovered reactor heat to reduce moisture without damaging seed viability. Deep storage vaults are protected by pressure doors and inert-gas atmospheres, allowing grain to remain stable for decades. Separate vaults preserve genetic seed reserves, while biomass silos feed an internal bio-reactor network. The Titan's energy architecture draws power from quantum planetary conduits penetrating deep geological layers. Plasma conduits distribute energy through the frame, while magnetic suspension fields counteract portions of its gravitational burden. Quantum gravity manipulation allows its legs to transfer immense loads without crushing the field beneath them. Thermal exhaust is expelled through towering dorsal stacks, whose heat shimmer can distort distant scenery. From the ground, #7 resembles a moving skyscraper range. Its shoulders can disappear into clouds, and its upper machinery may intercept high winds. Jet streams bend around its silhouette, rain evaporates against hot exhaust structures, and lightning crawls across its magnetic shielding, transforming an ordinary cornfield into the operating floor of a machine visible from the horizon.",Impossible Giant Machine,,Corn Field,Agriculture Titan Megastructures,,,,en,new,7,,,,,1,,2026-08-22 08:42:29.776663,2026-08-22 08:42:29.776663,,,,,0,1
138,393e0305-1ca4-4886-b66a-ac36926f726f,The Corn Field Titan Megastructure #8,The Corn Field Titan Megastructure #8,"The Corn Field Titan Megastructure #8 is a colossal harvesting organism disguised as machinery, built around a reinforced vertical chassis whose internal volumes are dedicated almost entirely to agricultural transformation. Its four primary locomotive legs contain nested hydraulic columns, superconducting actuators, and articulated ankle assemblies capable of adapting to furrows, irrigation channels, and uneven terrain. Auxiliary crawler tracks unfold from the lower frame when the machine enters unstable ground. Two enormous harvesting arms extend from the shoulders, each composed of dozens of independently controlled segments. Their outermost tools can function as cutting blades, grasping claws, husking combs, or delicate seed manipulators. A continuous sensor network determines exactly which tool configuration is required. The Titan first projects a scanning lattice across the cornfield, identifying mature plants and calculating the direction of crop flow. Its cutters then sweep through selected rows. Pneumatic collector systems lift the severed stalks into the forearms, where rotating separation drums remove ears from stems. Kernels are mechanically extracted, inspected by optical and molecular sensors, and routed according to quality. Valuable seed material bypasses aggressive processing and travels through sterile conduits toward protected vaults. The immense belly factory consists of seven processing levels wrapped around a central industrial spine. Upper galleries receive raw harvests, while cyclone separation cylinders strip lightweight debris using controlled vortices. Deeper chambers contain centrifugal separators, precision milling equipment, and drying chambers that regulate humidity through plasma-heated airflow. Lower decks house fermentation reactors and immense storage vaults divided into grain, seed, fiber, and biomass sectors. Waste is not discarded; it is compacted and returned to the soil through nutrient-distribution ports. The machine's power system uses quantum planetary energy conduits anchored beneath the field. Plasma conduits carry nearly lossless energy through insulated channels, and magnetic suspension fields stabilize heavy internal equipment. Quantum gravity manipulation permits the Titan to momentarily reduce effective weight during locomotion. Thermal exhaust is routed upward through armored towers, preventing crop damage near ground level. At atmospheric scale, #8 resembles a mechanical plateau walking across farmland. Its upper superstructure can rise above low cloud layers, while its movement generates pressure waves that ripple through the corn. Fog gathers around its legs, rain curtains split around its torso, and heated exhaust creates towering convection plumes. Seen at night, its plasma channels glow through the clouds like a second horizon.",,"The Corn Field Titan Megastructure #8 is a colossal harvesting organism disguised as machinery, built around a reinforced vertical chassis whose internal volumes are dedicated almost entirely to agricultural transformation. Its four primary locomotive legs contain nested hydraulic columns, superconducting actuators, and articulated ankle assemblies capable of adapting to furrows, irrigation channels, and uneven terrain. Auxiliary crawler tracks unfold from the lower frame when the machine enters unstable ground. Two enormous harvesting arms extend from the shoulders, each composed of dozens of independently controlled segments. Their outermost tools can function as cutting blades, grasping claws, husking combs, or delicate seed manipulators. A continuous sensor network determines exactly which tool configuration is required. The Titan first projects a scanning lattice across the cornfield, identifying mature plants and calculating the direction of crop flow. Its cutters then sweep through selected rows. Pneumatic collector systems lift the severed stalks into the forearms, where rotating separation drums remove ears from stems. Kernels are mechanically extracted, inspected by optical and molecular sensors, and routed according to quality. Valuable seed material bypasses aggressive processing and travels through sterile conduits toward protected vaults. The immense belly factory consists of seven processing levels wrapped around a central industrial spine. Upper galleries receive raw harvests, while cyclone separation cylinders strip lightweight debris using controlled vortices. Deeper chambers contain centrifugal separators, precision milling equipment, and drying chambers that regulate humidity through plasma-heated airflow. Lower decks house fermentation reactors and immense storage vaults divided into grain, seed, fiber, and biomass sectors. Waste is not discarded; it is compacted and returned to the soil through nutrient-distribution ports. The machine's power system uses quantum planetary energy conduits anchored beneath the field. Plasma conduits carry nearly lossless energy through insulated channels, and magnetic suspension fields stabilize heavy internal equipment. Quantum gravity manipulation permits the Titan to momentarily reduce effective weight during locomotion. Thermal exhaust is routed upward through armored towers, preventing crop damage near ground level. At atmospheric scale, #8 resembles a mechanical plateau walking across farmland. Its upper superstructure can rise above low cloud layers, while its movement generates pressure waves that ripple through the corn. Fog gathers around its legs, rain curtains split around its torso, and heated exhaust creates towering convection plumes. Seen at night, its plasma channels glow through the clouds like a second horizon.",Impossible Giant Machine,,Corn Field,Agriculture Titan Megastructures,,,,en,new,8,,,,,1,,2026-08-22 08:42:29.803882,2026-08-22 08:42:29.803882,,,,,0,1
139,583c2581-a149-4652-a578-aa4a54f5ee37,The Corn Field Titan Megastructure #9,The Corn Field Titan Megastructure #9,"The Corn Field Titan Megastructure #9 is designed as a mobile corn-processing fortress capable of converting an entire agricultural landscape into a synchronized industrial ecosystem. Its chassis is a kilometer-class composite frame built around a heavily armored central reactor spine. Six articulated legs provide primary locomotion, each leg containing multiple independent joints that allow the Titan to crouch, step over irrigation infrastructure, or distribute pressure across wide sections of ground. Deployable magnetic tracks emerge from its knees and feet when rapid horizontal movement is required. The shoulder assemblies carry specialized extraction arms with interchangeable tool heads. Some terminate in enormous rotary harvesters, others in precision grippers, while smaller auxiliary arms perform husking, inspection, repair, and crop-residue manipulation. Its operational cycle begins with atmospheric and ground scanning. Once a field is mapped, the Titan establishes processing zones and moves along a mathematically optimized route. Cutting assemblies harvest mature plants, feeder arms collect them, and internal conveyors separate stalks from ears. Mechanical threshers then release kernels, while optical and quantum sensors identify contamination, moisture, structural damage, and genetic characteristics. Approved material enters dedicated production streams; biomass is compressed or returned to the field as soil amendment. The belly factory is effectively a vertical industrial city. Multiple processing galleries surround a central conveyor cathedral, with cyclone separation cylinders operating continuously in parallel banks. Drying chambers use controlled electromagnetic heating and recycled thermal energy. Below these levels are milling floors, oil-extraction systems, fermentation chambers, and enormous storage vaults protected by vacuum doors and inert atmospheres. Automated maintenance drones travel through service tunnels, repairing machinery while production continues. Energy is supplied by quantum planetary energy conduits that tap gravitational and thermal differentials deep below the agricultural crust. Superconducting plasma conduits distribute power, magnetic suspension fields support massive machinery, and quantum gravity manipulation reduces the effective inertia of moving components. Thermal exhaust systems vent through high dorsal chimneys equipped with heat-recovery turbines. In the landscape, #9 appears comparable to a mountain range mounted on legs. Its upper platforms may rise beyond conventional cloud bases, and its silhouette can alter local wind patterns. Corn bends in concentric waves as it passes. Moisture condenses along cold armor surfaces, while hot exhaust creates vertical clouds above the machine. During storms, lightning is attracted toward its charged atmospheric shielding, outlining the Titan against the sky as though an artificial mountain has awakened and begun harvesting the planet.",,"The Corn Field Titan Megastructure #9 is designed as a mobile corn-processing fortress capable of converting an entire agricultural landscape into a synchronized industrial ecosystem. Its chassis is a kilometer-class composite frame built around a heavily armored central reactor spine. Six articulated legs provide primary locomotion, each leg containing multiple independent joints that allow the Titan to crouch, step over irrigation infrastructure, or distribute pressure across wide sections of ground. Deployable magnetic tracks emerge from its knees and feet when rapid horizontal movement is required. The shoulder assemblies carry specialized extraction arms with interchangeable tool heads. Some terminate in enormous rotary harvesters, others in precision grippers, while smaller auxiliary arms perform husking, inspection, repair, and crop-residue manipulation. Its operational cycle begins with atmospheric and ground scanning. Once a field is mapped, the Titan establishes processing zones and moves along a mathematically optimized route. Cutting assemblies harvest mature plants, feeder arms collect them, and internal conveyors separate stalks from ears. Mechanical threshers then release kernels, while optical and quantum sensors identify contamination, moisture, structural damage, and genetic characteristics. Approved material enters dedicated production streams; biomass is compressed or returned to the field as soil amendment. The belly factory is effectively a vertical industrial city. Multiple processing galleries surround a central conveyor cathedral, with cyclone separation cylinders operating continuously in parallel banks. Drying chambers use controlled electromagnetic heating and recycled thermal energy. Below these levels are milling floors, oil-extraction systems, fermentation chambers, and enormous storage vaults protected by vacuum doors and inert atmospheres. Automated maintenance drones travel through service tunnels, repairing machinery while production continues. Energy is supplied by quantum planetary energy conduits that tap gravitational and thermal differentials deep below the agricultural crust. Superconducting plasma conduits distribute power, magnetic suspension fields support massive machinery, and quantum gravity manipulation reduces the effective inertia of moving components. Thermal exhaust systems vent through high dorsal chimneys equipped with heat-recovery turbines. In the landscape, #9 appears comparable to a mountain range mounted on legs. Its upper platforms may rise beyond conventional cloud bases, and its silhouette can alter local wind patterns. Corn bends in concentric waves as it passes. Moisture condenses along cold armor surfaces, while hot exhaust creates vertical clouds above the machine. During storms, lightning is attracted toward its charged atmospheric shielding, outlining the Titan against the sky as though an artificial mountain has awakened and begun harvesting the planet.",Impossible Giant Machine,,Corn Field,Agriculture Titan Megastructures,,,,en,new,9,,,,,1,,2026-08-22 08:42:29.836403,2026-08-22 08:42:29.836403,,,,,0,1
140,b3d39ef2-2afa-4ca3-8692-ce335200509d,The Corn Field Titan Megastructure #10,The Corn Field Titan Megastructure #10,"The Corn Field Titan Megastructure #10 is the culmination of the Titan agricultural series: a colossal autonomous machine intended not simply to harvest corn but to manage an entire crop ecosystem as a self-contained planetary factory. Its chassis resembles a vertical city enclosed in armored metamaterial, supported by ten articulated locomotive legs arranged around a broad gravitational stabilization ring. Each leg contains telescoping load columns, superconducting joints, magnetic bearings, and retractable crawler assemblies. The primary harvesting arms are cathedral-scale structures capable of reaching far across the field. Multi-stage cutting blades first separate mature stalks, while articulated collector claws gather plant material into pressurized intake funnels. Smaller manipulation arms then perform husking, ear separation, seed selection, and residue placement with extraordinary precision. The Titan continuously advances through the field according to predictive agricultural models. Ground sensors measure soil chemistry and moisture, aerial drones inspect plant health, and quantum processors forecast crop maturity. Harvested material enters the arms, passes through mechanical shredders and threshers, and is divided into grain, seed, oil-bearing components, fiber, and biomass. The internal belly factory occupies dozens of interconnected decks. Upper processing galleries receive raw crops through massive pneumatic trunks. Cyclone separation cylinders remove chaff and dust, while centrifugal classifiers grade kernels. Specialized drying chambers maintain exact humidity using plasma-heated air and recovered reactor heat. Lower galleries contain milling complexes, fermentation reactors, nutrient synthesizers, and sealed storage vaults large enough to hold the harvest of entire regions. The deepest vaults preserve genetically valuable seed under cryogenic and inert-gas conditions. Power flows upward from quantum planetary energy conduits drilled into deep geological strata. Plasma conduits distribute energy through the chassis, magnetic suspension fields counteract structural weight, and quantum gravity manipulation reduces the force required to move each leg. Thermal exhaust systems release waste heat through enormous dorsal towers, where heat exchangers recover usable energy before final discharge. At full operation, #10 dominates the horizon like a walking mountain range. Its upper decks can rise above ordinary storm clouds, while its feet span areas comparable to city blocks. Atmospheric pressure waves ripple through cornfields long before the machine arrives. Clouds accumulate around its upper frame, rain breaks against its shoulders, and exhaust-driven convection can generate towering localized cloud columns. At night, plasma conduits illuminate the armor in branching blue-white patterns, making the Titan appear less like an agricultural machine and more like a mechanical continent temporarily standing upright.",,"The Corn Field Titan Megastructure #10 is the culmination of the Titan agricultural series: a colossal autonomous machine intended not simply to harvest corn but to manage an entire crop ecosystem as a self-contained planetary factory. Its chassis resembles a vertical city enclosed in armored metamaterial, supported by ten articulated locomotive legs arranged around a broad gravitational stabilization ring. Each leg contains telescoping load columns, superconducting joints, magnetic bearings, and retractable crawler assemblies. The primary harvesting arms are cathedral-scale structures capable of reaching far across the field. Multi-stage cutting blades first separate mature stalks, while articulated collector claws gather plant material into pressurized intake funnels. Smaller manipulation arms then perform husking, ear separation, seed selection, and residue placement with extraordinary precision. The Titan continuously advances through the field according to predictive agricultural models. Ground sensors measure soil chemistry and moisture, aerial drones inspect plant health, and quantum processors forecast crop maturity. Harvested material enters the arms, passes through mechanical shredders and threshers, and is divided into grain, seed, oil-bearing components, fiber, and biomass. The internal belly factory occupies dozens of interconnected decks. Upper processing galleries receive raw crops through massive pneumatic trunks. Cyclone separation cylinders remove chaff and dust, while centrifugal classifiers grade kernels. Specialized drying chambers maintain exact humidity using plasma-heated air and recovered reactor heat. Lower galleries contain milling complexes, fermentation reactors, nutrient synthesizers, and sealed storage vaults large enough to hold the harvest of entire regions. The deepest vaults preserve genetically valuable seed under cryogenic and inert-gas conditions. Power flows upward from quantum planetary energy conduits drilled into deep geological strata. Plasma conduits distribute energy through the chassis, magnetic suspension fields counteract structural weight, and quantum gravity manipulation reduces the force required to move each leg. Thermal exhaust systems release waste heat through enormous dorsal towers, where heat exchangers recover usable energy before final discharge. At full operation, #10 dominates the horizon like a walking mountain range. Its upper decks can rise above ordinary storm clouds, while its feet span areas comparable to city blocks. Atmospheric pressure waves ripple through cornfields long before the machine arrives. Clouds accumulate around its upper frame, rain breaks against its shoulders, and exhaust-driven convection can generate towering localized cloud columns. At night, plasma conduits illuminate the armor in branching blue-white patterns, making the Titan appear less like an agricultural machine and more like a mechanical continent temporarily standing upright.",Impossible Giant Machine,,Corn Field,Agriculture Titan Megastructures,,,,en,new,10,,,,,1,,2026-08-22 08:42:29.861651,2026-08-22 08:42:29.861651,,,,,0,1
