id,idea_id,seo_run_id,keyword,relevance,word_count,long_tail,score,source,created_at
1801,1,31,rice paddy harvesting machine,0.5,4,1,61.0,youtube_suggest,2026-09-04 12:07:17.092820
1802,1,31,paddy harvesting in china,0.3333,4,1,49.33,youtube_suggest,2026-09-04 12:07:17.092820
1803,1,31,paddy harvesting in japan,0.3333,4,1,49.33,youtube_suggest,2026-09-04 12:07:17.092820
1804,1,31,rice harvesting and processing,0.3333,4,1,49.33,youtube_suggest,2026-09-04 12:07:17.092820
1805,1,31,harvesting rice at home,0.3333,4,1,49.33,youtube_suggest,2026-09-04 12:07:17.092820
1806,1,31,paddy harvester in assam,0.3333,4,1,49.33,youtube_suggest,2026-09-04 12:07:17.092820
1807,1,31,paddy harvesting by hand,0.3333,4,1,49.33,youtube_suggest,2026-09-04 12:07:17.092820
1808,1,31,rice harvesting by hand,0.3333,4,1,49.33,youtube_suggest,2026-09-04 12:07:17.092820
1809,1,31,paddy harvesting machines in agriculture,0.2857,5,1,48.0,youtube_suggest,2026-09-04 12:07:17.092820
1810,1,31,paddy harvesting machine in japan,0.2857,5,1,48.0,youtube_suggest,2026-09-04 12:07:17.092820
1811,1,31,paddy harvester in andhra pradesh,0.2857,5,1,48.0,youtube_suggest,2026-09-04 12:07:17.092820
1812,1,31,paddy harvesting by brush cutter,0.2857,5,1,48.0,youtube_suggest,2026-09-04 12:07:17.092820
1813,1,31,paddy harvesting in west bengal,0.2857,5,1,48.0,youtube_suggest,2026-09-04 12:07:17.092820
1814,1,31,paddy harvesting machine in india,0.2857,5,1,48.0,youtube_suggest,2026-09-04 12:07:17.092820
1815,1,31,paddy harvesting machine in manipur,0.2857,5,1,48.0,youtube_suggest,2026-09-04 12:07:17.092820
1816,1,31,paddy harvesting machine in odisha,0.2857,5,1,48.0,youtube_suggest,2026-09-04 12:07:17.092820
1817,1,31,paddy harvesting machine in assam,0.2857,5,1,48.0,youtube_suggest,2026-09-04 12:07:17.092820
1818,1,31,paddy cutting and harvesting machine,0.2857,5,1,48.0,youtube_suggest,2026-09-04 12:07:17.092820
1819,1,31,paddy harvesting machine in tamil,0.2857,5,1,48.0,youtube_suggest,2026-09-04 12:07:17.092820
1820,1,31,paddy harvesting machine in karnataka,0.2857,5,1,48.0,youtube_suggest,2026-09-04 12:07:17.092820
1821,1,31,paddy harvesting machine in water,0.2857,5,1,48.0,youtube_suggest,2026-09-04 12:07:17.092820
1822,1,31,rice harvesting machine in maharashtra,0.2857,5,1,48.0,youtube_suggest,2026-09-04 12:07:17.103223
1823,1,31,rice harvesting machine in nepal,0.2857,5,1,48.0,youtube_suggest,2026-09-04 12:07:17.103223
1824,1,31,rice harvesting machine in tamilnadu,0.2857,5,1,48.0,youtube_suggest,2026-09-04 12:07:17.103223
1825,1,31,rice harvesting machine in telugu,0.2857,5,1,48.0,youtube_suggest,2026-09-04 12:07:17.103223
1826,1,31,wheat and paddy harvesting machine,0.2857,5,1,48.0,youtube_suggest,2026-09-04 12:07:17.105353
1827,1,31,best paddy harvesting machine in india,0.25,6,1,47.5,youtube_suggest,2026-09-04 12:07:17.105869
1828,1,31,paddy harvesting machine in west bengal,0.25,6,1,47.5,youtube_suggest,2026-09-04 12:07:17.105869
1829,1,31,paddy harvesting machine in india price,0.25,6,1,47.5,youtube_suggest,2026-09-04 12:07:17.105869
1830,1,31,paddy harvesting machine in sri lanka,0.25,6,1,47.5,youtube_suggest,2026-09-04 12:07:17.105869
1831,1,31,paddy harvesting machine price in india,0.25,6,1,47.5,youtube_suggest,2026-09-04 12:07:17.105869
1832,1,31,rice harvesting machine price in india,0.25,6,1,47.5,youtube_suggest,2026-09-04 12:07:17.105869
1833,1,31,rice harvesting machine price in bangladesh,0.25,6,1,47.5,youtube_suggest,2026-09-04 12:07:17.105869
1834,1,31,rice harvesting machine price in nepal,0.25,6,1,47.5,youtube_suggest,2026-09-04 12:07:17.105869
1835,1,31,paddy harvesting drawing,0.3333,3,1,47.33,youtube_suggest,2026-09-04 12:07:17.105869
1836,1,31,paddy harvesting time,0.3333,3,1,47.33,youtube_suggest,2026-09-04 12:07:17.105869
1837,1,31,paddy harvesting videos,0.3333,3,1,47.33,youtube_suggest,2026-09-04 12:07:17.105869
1838,1,31,paddy harvesting tractor,0.3333,3,1,47.33,youtube_suggest,2026-09-04 12:07:17.105869
1839,1,31,rice harvesting australia,0.3333,3,1,47.33,youtube_suggest,2026-09-04 12:07:17.105869
1840,1,31,rice harvesting asia,0.3333,3,1,47.33,youtube_suggest,2026-09-04 12:07:17.105869
1841,1,31,after paddy harvesting,0.3333,3,1,47.33,youtube_suggest,2026-09-04 12:07:17.105869
1842,1,31,rice harvesting china,0.3333,3,1,47.33,youtube_suggest,2026-09-04 12:07:17.105869
1843,1,31,paddy combine harvester,0.3333,3,1,47.33,youtube_suggest,2026-09-04 12:07:17.105869
1844,1,31,paddy crop harvesting,0.3333,3,1,47.33,youtube_suggest,2026-09-04 12:07:17.105869
1845,1,31,rice harvesting combine,0.3333,3,1,47.33,youtube_suggest,2026-09-04 12:07:17.105869
1846,1,31,paddy harvesting drone,0.3333,3,1,47.33,youtube_suggest,2026-09-04 12:07:17.105869
1847,1,31,rice harvesting drawing,0.3333,3,1,47.33,youtube_suggest,2026-09-04 12:07:17.105869
1848,1,31,harvesting paddy fields,0.3333,3,1,47.33,youtube_suggest,2026-09-04 12:07:17.105869
1849,1,31,rice harvesting fs25,0.3333,3,1,47.33,youtube_suggest,2026-09-04 12:07:17.105869
1850,1,31,rice farming harvesting,0.3333,3,1,47.33,youtube_suggest,2026-09-04 12:07:17.105869
1851,1,31,paddy harvesting machine,0.3333,3,1,47.33,youtube_suggest,2026-09-04 12:07:17.105869
1852,1,31,paddy harvesting hand machine,0.2857,4,1,46.0,youtube_suggest,2026-09-04 12:07:17.105869
1853,1,31,rice harvesting brush cutter,0.2857,4,1,46.0,youtube_suggest,2026-09-04 12:07:17.105869
1854,1,31,best paddy harvesting machine,0.2857,4,1,46.0,youtube_suggest,2026-09-04 12:07:17.105869
1855,1,31,paddy harvesting chain machine,0.2857,4,1,46.0,youtube_suggest,2026-09-04 12:07:17.105869
1856,1,31,paddy harvester chain wala,0.2857,4,1,46.0,youtube_suggest,2026-09-04 12:07:17.105869
1857,1,31,harvesting paddy drawing easy,0.2857,4,1,46.0,youtube_suggest,2026-09-04 12:07:17.105869
1858,1,31,drone paddy harvesting machine,0.2857,4,1,46.0,youtube_suggest,2026-09-04 12:07:17.105869
1859,1,31,paddy harvester kya hai,0.2857,4,1,46.0,youtube_suggest,2026-09-04 12:07:17.105869
1860,1,31,paddy harvesting machine working,0.2857,4,1,46.0,youtube_suggest,2026-09-04 12:07:17.105869
1861,2,32,paddy harvesting in china,0.4,4,1,54.0,youtube_suggest,2026-09-05 04:41:00.235200
1862,2,32,paddy harvesting in japan,0.4,4,1,54.0,youtube_suggest,2026-09-05 04:41:00.235200
1863,2,32,paddy harvesting by hand,0.4,4,1,54.0,youtube_suggest,2026-09-05 04:41:00.235200
1864,2,32,paddy harvesting drawing,0.4,3,1,52.0,youtube_suggest,2026-09-05 04:41:00.236349
1865,2,32,paddy harvesting time,0.4,3,1,52.0,youtube_suggest,2026-09-05 04:41:00.236879
1866,2,32,paddy harvesting videos,0.4,3,1,52.0,youtube_suggest,2026-09-05 04:41:00.236879
1867,2,32,paddy harvesting tractor,0.4,3,1,52.0,youtube_suggest,2026-09-05 04:41:00.236879
1868,2,32,after paddy harvesting,0.4,3,1,52.0,youtube_suggest,2026-09-05 04:41:00.236879
1869,2,32,paddy crop harvesting,0.4,3,1,52.0,youtube_suggest,2026-09-05 04:41:00.237879
1870,2,32,paddy harvesting drone,0.4,3,1,52.0,youtube_suggest,2026-09-05 04:41:00.237879
1871,2,32,harvesting paddy fields,0.4,3,1,52.0,youtube_suggest,2026-09-05 04:41:00.237879
1872,2,32,paddy harvesting machine,0.4,3,1,52.0,youtube_suggest,2026-09-05 04:41:00.238878
1873,2,32,paddy harvesting machines in agriculture,0.3333,5,1,51.33,youtube_suggest,2026-09-05 04:41:00.238878
1874,2,32,paddy harvesting machine in japan,0.3333,5,1,51.33,youtube_suggest,2026-09-05 04:41:00.238878
1875,2,32,paddy harvesting by brush cutter,0.3333,5,1,51.33,youtube_suggest,2026-09-05 04:41:00.238878
1876,2,32,paddy harvesting in west bengal,0.3333,5,1,51.33,youtube_suggest,2026-09-05 04:41:00.239877
1877,2,32,paddy harvesting machine in india,0.3333,5,1,51.33,youtube_suggest,2026-09-05 04:41:00.239877
1878,2,32,paddy harvesting machine in manipur,0.3333,5,1,51.33,youtube_suggest,2026-09-05 04:41:00.239877
1879,2,32,paddy harvesting machine in odisha,0.3333,5,1,51.33,youtube_suggest,2026-09-05 04:41:00.239877
1880,2,32,paddy harvesting machine in assam,0.3333,5,1,51.33,youtube_suggest,2026-09-05 04:41:00.240876
1881,2,32,paddy cutting and harvesting machine,0.3333,5,1,51.33,youtube_suggest,2026-09-05 04:41:00.240876
1882,2,32,paddy harvesting machine in tamil,0.3333,5,1,51.33,youtube_suggest,2026-09-05 04:41:00.240876
1883,2,32,paddy harvesting machine in karnataka,0.3333,5,1,51.33,youtube_suggest,2026-09-05 04:41:00.241879
1884,2,32,paddy harvesting machine in water,0.3333,5,1,51.33,youtube_suggest,2026-09-05 04:41:00.241879
1885,2,32,wheat and paddy harvesting machine,0.3333,5,1,51.33,youtube_suggest,2026-09-05 04:41:00.241879
1886,2,32,best paddy harvesting machine in india,0.2857,6,1,50.0,youtube_suggest,2026-09-05 04:41:00.241879
1887,2,32,paddy harvesting machine in west bengal,0.2857,6,1,50.0,youtube_suggest,2026-09-05 04:41:00.242879
1888,2,32,paddy harvesting machine in india price,0.2857,6,1,50.0,youtube_suggest,2026-09-05 04:41:00.242879
1889,2,32,paddy harvesting machine in sri lanka,0.2857,6,1,50.0,youtube_suggest,2026-09-05 04:41:00.242879
1890,2,32,paddy harvesting machine price in india,0.2857,6,1,50.0,youtube_suggest,2026-09-05 04:41:00.242879
1891,2,32,paddy harvesting hand machine,0.3333,4,1,49.33,youtube_suggest,2026-09-05 04:41:00.243880
1892,2,32,best paddy harvesting machine,0.3333,4,1,49.33,youtube_suggest,2026-09-05 04:41:00.243880
1893,2,32,paddy harvesting chain machine,0.3333,4,1,49.33,youtube_suggest,2026-09-05 04:41:00.243880
1894,2,32,harvesting paddy drawing easy,0.3333,4,1,49.33,youtube_suggest,2026-09-05 04:41:00.243880
1895,2,32,drone paddy harvesting machine,0.3333,4,1,49.33,youtube_suggest,2026-09-05 04:41:00.244880
1896,2,32,paddy harvesting machine working,0.3333,4,1,49.33,youtube_suggest,2026-09-05 04:41:00.244880
1897,2,32,paddy harvesting machine subsidy,0.3333,4,1,49.33,youtube_suggest,2026-09-05 04:41:00.244880
1898,2,32,paddy harvesting machine price,0.3333,4,1,49.33,youtube_suggest,2026-09-05 04:41:00.244880
1899,2,32,paddy field harvesting machine,0.3333,4,1,49.33,youtube_suggest,2026-09-05 04:41:00.245882
1900,2,32,kubota paddy harvesting machine,0.3333,4,1,49.33,youtube_suggest,2026-09-05 04:41:00.246208
1901,2,32,paddy harvesting machine mini,0.3333,4,1,49.33,youtube_suggest,2026-09-05 04:41:00.246208
1902,2,32,paddy harvesting new machine,0.3333,4,1,49.33,youtube_suggest,2026-09-05 04:41:00.246750
1903,2,32,paddy harvesting machine odisha,0.3333,4,1,49.33,youtube_suggest,2026-09-05 04:41:00.246963
1904,2,32,rice paddy harvesting machine,0.3333,4,1,49.33,youtube_suggest,2026-09-05 04:41:00.246963
1905,2,32,paddy harvesting machine small,0.3333,4,1,49.33,youtube_suggest,2026-09-05 04:41:00.247503
1906,2,32,paddy harvesting,0.5,2,0,45.0,youtube_suggest,2026-09-05 04:41:00.247503
1907,2,32,rice harvesting machine price in india,0.125,6,1,38.75,youtube_suggest,2026-09-05 04:41:00.247503
1908,2,32,rice harvesting machine price in bangladesh,0.125,6,1,38.75,youtube_suggest,2026-09-05 04:41:00.247503
1909,2,32,rice harvesting machine price in nepal,0.125,6,1,38.75,youtube_suggest,2026-09-05 04:41:00.248506
1910,2,32,paddy harvester in andhra pradesh,0.1429,5,1,38.0,youtube_suggest,2026-09-05 04:41:00.248506
1911,2,32,paddy crop disease and control,0.1429,5,1,38.0,youtube_suggest,2026-09-05 04:41:00.248506
1912,2,32,paddy crop diseases in telugu,0.1429,5,1,38.0,youtube_suggest,2026-09-05 04:41:00.248506
1913,2,32,rice harvesting machine in maharashtra,0.1429,5,1,38.0,youtube_suggest,2026-09-05 04:41:00.249507
1914,2,32,rice harvesting machine in nepal,0.1429,5,1,38.0,youtube_suggest,2026-09-05 04:41:00.249507
1915,2,32,paddy cultivation machine in telugu,0.1429,5,1,38.0,youtube_suggest,2026-09-05 04:41:00.249507
1916,2,32,rice harvesting machine in tamilnadu,0.1429,5,1,38.0,youtube_suggest,2026-09-05 04:41:00.250508
1917,2,32,paddy cultivation machine in tamil,0.1429,5,1,38.0,youtube_suggest,2026-09-05 04:41:00.250508
1918,2,32,rice harvesting machine in telugu,0.1429,5,1,38.0,youtube_suggest,2026-09-05 04:41:00.250508
1919,2,32,harvesting rice and picking fruit(rambutan) farming,0.1111,6,1,37.78,youtube_suggest,2026-09-05 04:41:00.250508
1920,2,32,mini paddy harvester machine price in india,0.1111,7,1,37.78,youtube_suggest,2026-09-05 04:41:00.251507
1921,2,33,paddy harvesting in china,0.4,4,1,54.0,youtube_suggest,2026-09-05 05:31:27.418492
1922,2,33,paddy harvesting in japan,0.4,4,1,54.0,youtube_suggest,2026-09-05 05:31:27.418492
1923,2,33,paddy harvesting by hand,0.4,4,1,54.0,youtube_suggest,2026-09-05 05:31:27.418492
1924,2,33,paddy harvesting drawing,0.4,3,1,52.0,youtube_suggest,2026-09-05 05:31:27.419493
1925,2,33,paddy harvesting time,0.4,3,1,52.0,youtube_suggest,2026-09-05 05:31:27.419493
1926,2,33,paddy harvesting videos,0.4,3,1,52.0,youtube_suggest,2026-09-05 05:31:27.419493
1927,2,33,paddy harvesting tractor,0.4,3,1,52.0,youtube_suggest,2026-09-05 05:31:27.420493
1928,2,33,after paddy harvesting,0.4,3,1,52.0,youtube_suggest,2026-09-05 05:31:27.420493
1929,2,33,paddy crop harvesting,0.4,3,1,52.0,youtube_suggest,2026-09-05 05:31:27.420493
1930,2,33,paddy harvesting drone,0.4,3,1,52.0,youtube_suggest,2026-09-05 05:31:27.420493
1931,2,33,harvesting paddy fields,0.4,3,1,52.0,youtube_suggest,2026-09-05 05:31:27.421491
1932,2,33,paddy harvesting machine,0.4,3,1,52.0,youtube_suggest,2026-09-05 05:31:27.421491
1933,2,33,paddy harvesting machines in agriculture,0.3333,5,1,51.33,youtube_suggest,2026-09-05 05:31:27.421491
1934,2,33,paddy harvesting machine in japan,0.3333,5,1,51.33,youtube_suggest,2026-09-05 05:31:27.421491
1935,2,33,paddy harvesting by brush cutter,0.3333,5,1,51.33,youtube_suggest,2026-09-05 05:31:27.422493
1936,2,33,paddy harvesting in west bengal,0.3333,5,1,51.33,youtube_suggest,2026-09-05 05:31:27.422493
1937,2,33,paddy harvesting machine in india,0.3333,5,1,51.33,youtube_suggest,2026-09-05 05:31:27.422493
1938,2,33,paddy harvesting machine in manipur,0.3333,5,1,51.33,youtube_suggest,2026-09-05 05:31:27.422493
1939,2,33,paddy harvesting machine in odisha,0.3333,5,1,51.33,youtube_suggest,2026-09-05 05:31:27.423494
1940,2,33,paddy harvesting machine in assam,0.3333,5,1,51.33,youtube_suggest,2026-09-05 05:31:27.423494
1941,2,33,paddy cutting and harvesting machine,0.3333,5,1,51.33,youtube_suggest,2026-09-05 05:31:27.423494
1942,2,33,paddy harvesting machine in tamil,0.3333,5,1,51.33,youtube_suggest,2026-09-05 05:31:27.424492
1943,2,33,paddy harvesting machine in karnataka,0.3333,5,1,51.33,youtube_suggest,2026-09-05 05:31:27.424492
1944,2,33,paddy harvesting machine in water,0.3333,5,1,51.33,youtube_suggest,2026-09-05 05:31:27.424492
1945,2,33,wheat and paddy harvesting machine,0.3333,5,1,51.33,youtube_suggest,2026-09-05 05:31:27.425513
1946,2,33,best paddy harvesting machine in india,0.2857,6,1,50.0,youtube_suggest,2026-09-05 05:31:27.426507
1947,2,33,paddy harvesting machine in west bengal,0.2857,6,1,50.0,youtube_suggest,2026-09-05 05:31:27.427499
1948,2,33,paddy harvesting machine in india price,0.2857,6,1,50.0,youtube_suggest,2026-09-05 05:31:27.428518
1949,2,33,paddy harvesting machine in sri lanka,0.2857,6,1,50.0,youtube_suggest,2026-09-05 05:31:27.428518
1950,2,33,paddy harvesting machine price in india,0.2857,6,1,50.0,youtube_suggest,2026-09-05 05:31:27.429508
1951,2,33,paddy harvesting hand machine,0.3333,4,1,49.33,youtube_suggest,2026-09-05 05:31:27.429508
1952,2,33,best paddy harvesting machine,0.3333,4,1,49.33,youtube_suggest,2026-09-05 05:31:27.430506
1953,2,33,paddy harvesting chain machine,0.3333,4,1,49.33,youtube_suggest,2026-09-05 05:31:27.430506
1954,2,33,harvesting paddy drawing easy,0.3333,4,1,49.33,youtube_suggest,2026-09-05 05:31:27.430506
1955,2,33,drone paddy harvesting machine,0.3333,4,1,49.33,youtube_suggest,2026-09-05 05:31:27.445032
1956,2,33,paddy harvesting machine working,0.3333,4,1,49.33,youtube_suggest,2026-09-05 05:31:27.445032
1957,2,33,paddy harvesting machine subsidy,0.3333,4,1,49.33,youtube_suggest,2026-09-05 05:31:27.446037
1958,2,33,paddy harvesting machine price,0.3333,4,1,49.33,youtube_suggest,2026-09-05 05:31:27.446037
1959,2,33,paddy field harvesting machine,0.3333,4,1,49.33,youtube_suggest,2026-09-05 05:31:27.447035
1960,2,33,kubota paddy harvesting machine,0.3333,4,1,49.33,youtube_suggest,2026-09-05 05:31:27.447035
1961,2,33,paddy harvesting machine mini,0.3333,4,1,49.33,youtube_suggest,2026-09-05 05:31:27.447035
1962,2,33,paddy harvesting new machine,0.3333,4,1,49.33,youtube_suggest,2026-09-05 05:31:27.447035
1963,2,33,paddy harvesting machine odisha,0.3333,4,1,49.33,youtube_suggest,2026-09-05 05:31:27.448030
1964,2,33,rice paddy harvesting machine,0.3333,4,1,49.33,youtube_suggest,2026-09-05 05:31:27.448030
1965,2,33,paddy harvesting machine small,0.3333,4,1,49.33,youtube_suggest,2026-09-05 05:31:27.448030
1966,2,33,paddy harvesting,0.5,2,0,45.0,youtube_suggest,2026-09-05 05:31:27.449031
1967,2,33,rice harvesting machine price in india,0.125,6,1,38.75,youtube_suggest,2026-09-05 05:31:27.449031
1968,2,33,rice harvesting machine price in bangladesh,0.125,6,1,38.75,youtube_suggest,2026-09-05 05:31:27.449031
1969,2,33,rice harvesting machine price in nepal,0.125,6,1,38.75,youtube_suggest,2026-09-05 05:31:27.450031
1970,2,33,paddy harvester in andhra pradesh,0.1429,5,1,38.0,youtube_suggest,2026-09-05 05:31:27.450031
1971,2,33,paddy crop disease and control,0.1429,5,1,38.0,youtube_suggest,2026-09-05 05:31:27.450031
1972,2,33,paddy crop diseases in telugu,0.1429,5,1,38.0,youtube_suggest,2026-09-05 05:31:27.450031
1973,2,33,rice harvesting machine in maharashtra,0.1429,5,1,38.0,youtube_suggest,2026-09-05 05:31:27.451031
1974,2,33,rice harvesting machine in nepal,0.1429,5,1,38.0,youtube_suggest,2026-09-05 05:31:27.451031
1975,2,33,paddy cultivation machine in telugu,0.1429,5,1,38.0,youtube_suggest,2026-09-05 05:31:27.451031
1976,2,33,rice harvesting machine in tamilnadu,0.1429,5,1,38.0,youtube_suggest,2026-09-05 05:31:27.452033
1977,2,33,paddy cultivation machine in tamil,0.1429,5,1,38.0,youtube_suggest,2026-09-05 05:31:27.452033
1978,2,33,rice harvesting machine in telugu,0.1429,5,1,38.0,youtube_suggest,2026-09-05 05:31:27.452033
1979,2,33,harvesting rice and picking fruit(rambutan) farming,0.1111,6,1,37.78,youtube_suggest,2026-09-05 05:31:27.452033
1980,2,33,mini paddy harvester machine price in india,0.1111,7,1,37.78,youtube_suggest,2026-09-05 05:31:27.453031
1981,1,34,rice paddy harvesting machine,0.5,4,1,61.0,youtube_suggest,2026-09-09 09:49:15.929885
1982,1,34,paddy harvesting in china,0.3333,4,1,49.33,youtube_suggest,2026-09-09 09:49:15.930469
1983,1,34,paddy harvesting in japan,0.3333,4,1,49.33,youtube_suggest,2026-09-09 09:49:15.931055
1984,1,34,rice harvesting and processing,0.3333,4,1,49.33,youtube_suggest,2026-09-09 09:49:15.931720
1985,1,34,harvesting rice at home,0.3333,4,1,49.33,youtube_suggest,2026-09-09 09:49:15.932349
1986,1,34,paddy harvester in assam,0.3333,4,1,49.33,youtube_suggest,2026-09-09 09:49:15.932349
1987,1,34,paddy harvesting by hand,0.3333,4,1,49.33,youtube_suggest,2026-09-09 09:49:15.933301
1988,1,34,rice harvesting by hand,0.3333,4,1,49.33,youtube_suggest,2026-09-09 09:49:15.934313
1989,1,34,paddy harvesting machines in agriculture,0.2857,5,1,48.0,youtube_suggest,2026-09-09 09:49:15.935309
1990,1,34,paddy harvesting machine in japan,0.2857,5,1,48.0,youtube_suggest,2026-09-09 09:49:15.935309
1991,1,34,paddy harvesting machine in india,0.2857,5,1,48.0,youtube_suggest,2026-09-09 09:49:15.936305
1992,1,34,paddy harvesting machine in manipur,0.2857,5,1,48.0,youtube_suggest,2026-09-09 09:49:15.936893
1993,1,34,paddy harvesting machine in odisha,0.2857,5,1,48.0,youtube_suggest,2026-09-09 09:49:15.936893
1994,1,34,paddy harvesting machine in assam,0.2857,5,1,48.0,youtube_suggest,2026-09-09 09:49:15.936893
1995,1,34,paddy cutting and harvesting machine,0.2857,5,1,48.0,youtube_suggest,2026-09-09 09:49:15.937879
1996,1,34,paddy harvesting machine in tamil,0.2857,5,1,48.0,youtube_suggest,2026-09-09 09:49:15.937879
1997,1,34,paddy harvesting machine in karnataka,0.2857,5,1,48.0,youtube_suggest,2026-09-09 09:49:15.938903
1998,1,34,paddy harvesting machine in water,0.2857,5,1,48.0,youtube_suggest,2026-09-09 09:49:15.939888
1999,1,34,rice harvesting machine in maharashtra,0.2857,5,1,48.0,youtube_suggest,2026-09-09 09:49:15.939888
2000,1,34,rice harvesting machine in nepal,0.2857,5,1,48.0,youtube_suggest,2026-09-09 09:49:15.940906
2001,1,34,rice harvesting machine in tamilnadu,0.2857,5,1,48.0,youtube_suggest,2026-09-09 09:49:15.940906
2002,1,34,rice harvesting machine in telugu,0.2857,5,1,48.0,youtube_suggest,2026-09-09 09:49:15.942884
2003,1,34,wheat and paddy harvesting machine,0.2857,5,1,48.0,youtube_suggest,2026-09-09 09:49:15.942884
2004,1,34,paddy harvester in andhra pradesh,0.2857,5,1,48.0,youtube_suggest,2026-09-09 09:49:15.943895
2005,1,34,paddy harvesting by brush cutter,0.2857,5,1,48.0,youtube_suggest,2026-09-09 09:49:15.944891
2006,1,34,paddy harvesting in west bengal,0.2857,5,1,48.0,youtube_suggest,2026-09-09 09:49:15.944891
2007,1,34,paddy harvesting machine in india price,0.25,6,1,47.5,youtube_suggest,2026-09-09 09:49:15.945895
2008,1,34,paddy harvesting machine in west bengal,0.25,6,1,47.5,youtube_suggest,2026-09-09 09:49:15.946397
2009,1,34,best paddy harvesting machine in india,0.25,6,1,47.5,youtube_suggest,2026-09-09 09:49:15.946888
2010,1,34,paddy harvesting machine in sri lanka,0.25,6,1,47.5,youtube_suggest,2026-09-09 09:49:15.947898
2011,1,34,paddy harvesting machine price in india,0.25,6,1,47.5,youtube_suggest,2026-09-09 09:49:15.948898
2012,1,34,rice harvesting machine price in india,0.25,6,1,47.5,youtube_suggest,2026-09-09 09:49:15.949897
2013,1,34,rice harvesting machine price in bangladesh,0.25,6,1,47.5,youtube_suggest,2026-09-09 09:49:15.950645
2014,1,34,rice harvesting machine price in nepal,0.25,6,1,47.5,youtube_suggest,2026-09-09 09:49:15.951485
2015,1,34,paddy harvesting machine,0.3333,3,1,47.33,youtube_suggest,2026-09-09 09:49:15.951485
2016,1,34,paddy harvesting drawing,0.3333,3,1,47.33,youtube_suggest,2026-09-09 09:49:15.951485
2017,1,34,paddy harvesting time,0.3333,3,1,47.33,youtube_suggest,2026-09-09 09:49:15.952475
2018,1,34,paddy harvesting videos,0.3333,3,1,47.33,youtube_suggest,2026-09-09 09:49:15.952475
2019,1,34,paddy harvesting tractor,0.3333,3,1,47.33,youtube_suggest,2026-09-09 09:49:15.952475
2020,1,34,rice harvesting australia,0.3333,3,1,47.33,youtube_suggest,2026-09-09 09:49:15.952475
2021,1,34,rice harvesting asia,0.3333,3,1,47.33,youtube_suggest,2026-09-09 09:49:15.953475
2022,1,34,after paddy harvesting,0.3333,3,1,47.33,youtube_suggest,2026-09-09 09:49:15.953475
2023,1,34,rice harvesting china,0.3333,3,1,47.33,youtube_suggest,2026-09-09 09:49:15.953475
2024,1,34,paddy combine harvester,0.3333,3,1,47.33,youtube_suggest,2026-09-09 09:49:15.953475
2025,1,34,paddy crop harvesting,0.3333,3,1,47.33,youtube_suggest,2026-09-09 09:49:15.954477
2026,1,34,rice harvesting combine,0.3333,3,1,47.33,youtube_suggest,2026-09-09 09:49:15.954477
2027,1,34,paddy harvesting drone,0.3333,3,1,47.33,youtube_suggest,2026-09-09 09:49:15.954477
2028,1,34,rice harvesting drawing,0.3333,3,1,47.33,youtube_suggest,2026-09-09 09:49:15.955480
2029,1,34,harvesting paddy fields,0.3333,3,1,47.33,youtube_suggest,2026-09-09 09:49:15.955480
2030,1,34,rice harvesting fs25,0.3333,3,1,47.33,youtube_suggest,2026-09-09 09:49:15.955480
2031,1,34,rice farming harvesting,0.3333,3,1,47.33,youtube_suggest,2026-09-09 09:49:15.955480
2032,1,34,paddy harvesting machine working,0.2857,4,1,46.0,youtube_suggest,2026-09-09 09:49:15.956475
2033,1,34,paddy harvesting machine subsidy,0.2857,4,1,46.0,youtube_suggest,2026-09-09 09:49:15.956475
2034,1,34,paddy harvesting machine price,0.2857,4,1,46.0,youtube_suggest,2026-09-09 09:49:15.956475
2035,1,34,rice harvesting machine assam,0.2857,4,1,46.0,youtube_suggest,2026-09-09 09:49:15.957485
2036,1,34,best paddy harvesting machine,0.2857,4,1,46.0,youtube_suggest,2026-09-09 09:49:15.957485
2037,1,34,paddy harvesting chain machine,0.2857,4,1,46.0,youtube_suggest,2026-09-09 09:49:15.957485
2038,1,34,rice harvesting cutting machine,0.2857,4,1,46.0,youtube_suggest,2026-09-09 09:49:15.958473
2039,1,34,drone paddy harvesting machine,0.2857,4,1,46.0,youtube_suggest,2026-09-09 09:49:15.958473
2040,1,34,paddy field harvesting machine,0.2857,4,1,46.0,youtube_suggest,2026-09-09 09:49:15.958473
2041,1,35,rice paddy machine,0.3333,3,1,47.33,youtube_suggest,2026-09-09 09:49:42.424097
2042,1,35,giant harvester,0.1667,2,0,21.67,youtube_suggest,2026-09-09 09:49:42.424628
2043,1,35,colossal harvester,0.1667,2,0,21.67,youtube_suggest,2026-09-09 09:49:42.424628
2044,1,35,agriculture tech,0.0,2,0,10.0,youtube_suggest,2026-09-09 09:49:42.425644
2045,1,35,mega farming,0.0,2,0,10.0,youtube_suggest,2026-09-09 09:49:42.425644
2046,1,36,rice paddy machine,0.3333,3,1,47.33,youtube_suggest,2026-09-09 09:50:12.766769
2047,1,36,giant harvester,0.1667,2,0,21.67,youtube_suggest,2026-09-09 09:50:12.768763
2048,1,36,colossal harvester,0.1667,2,0,21.67,youtube_suggest,2026-09-09 09:50:12.769767
2049,1,36,agriculture tech,0.0,2,0,10.0,youtube_suggest,2026-09-09 09:50:12.769767
2050,1,36,mega farming,0.0,2,0,10.0,youtube_suggest,2026-09-09 09:50:12.770775
2051,1,37,rice paddy machine,0.3333,3,1,47.33,youtube_suggest,2026-09-09 09:51:05.378008
2052,1,37,giant harvester,0.1667,2,0,21.67,youtube_suggest,2026-09-09 09:51:05.379004
2053,1,37,colossal harvester,0.1667,2,0,21.67,youtube_suggest,2026-09-09 09:51:05.379004
2054,1,37,agriculture tech,0.0,2,0,10.0,youtube_suggest,2026-09-09 09:51:05.380001
2055,1,37,mega farming,0.0,2,0,10.0,youtube_suggest,2026-09-09 09:51:05.380001
2056,1,38,rice paddy machine,0.3333,3,1,47.33,youtube_suggest,2026-09-09 09:52:46.302426
2057,1,38,giant harvester,0.1667,2,0,21.67,youtube_suggest,2026-09-09 09:52:46.302426
2058,1,38,colossal harvester,0.1667,2,0,21.67,youtube_suggest,2026-09-09 09:52:46.303429
2059,1,38,agriculture tech,0.0,2,0,10.0,youtube_suggest,2026-09-09 09:52:46.303429
2060,1,38,mega farming,0.0,2,0,10.0,youtube_suggest,2026-09-09 09:52:46.303429
2061,1,39,rice paddy machine,0.3333,3,1,47.33,youtube_suggest,2026-09-09 09:53:35.613009
2062,1,39,giant harvester,0.1667,2,0,21.67,youtube_suggest,2026-09-09 09:53:35.613009
2063,1,39,colossal harvester,0.1667,2,0,21.67,youtube_suggest,2026-09-09 09:53:35.614014
2064,1,39,agriculture tech,0.0,2,0,10.0,youtube_suggest,2026-09-09 09:53:35.614014
2065,1,39,mega farming,0.0,2,0,10.0,youtube_suggest,2026-09-09 09:53:35.615001
2066,1,40,rice paddy machine,0.3333,3,1,47.33,youtube_suggest,2026-09-09 09:54:38.876278
2067,1,40,giant harvester,0.1667,2,0,21.67,youtube_suggest,2026-09-09 09:54:38.879455
2068,1,40,colossal harvester,0.1667,2,0,21.67,youtube_suggest,2026-09-09 09:54:38.880011
2069,1,40,agriculture tech,0.0,2,0,10.0,youtube_suggest,2026-09-09 09:54:38.880011
2070,1,40,mega farming,0.0,2,0,10.0,youtube_suggest,2026-09-09 09:54:38.881272
2071,1,41,rice paddy machine,0.3333,3,1,47.33,youtube_suggest,2026-09-09 09:55:01.050007
2072,1,41,giant harvester,0.1667,2,0,21.67,youtube_suggest,2026-09-09 09:55:01.051013
2073,1,41,colossal harvester,0.1667,2,0,21.67,youtube_suggest,2026-09-09 09:55:01.051013
2074,1,41,agriculture tech,0.0,2,0,10.0,youtube_suggest,2026-09-09 09:55:01.052010
2075,1,41,mega farming,0.0,2,0,10.0,youtube_suggest,2026-09-09 09:55:01.052010
2076,1,42,rice paddy machine,0.3333,3,1,47.33,youtube_suggest,2026-09-09 09:56:02.005966
2077,1,42,giant harvester,0.1667,2,0,21.67,youtube_suggest,2026-09-09 09:56:02.005966
2078,1,42,colossal harvester,0.1667,2,0,21.67,youtube_suggest,2026-09-09 09:56:02.005966
2079,1,42,agriculture tech,0.0,2,0,10.0,youtube_suggest,2026-09-09 09:56:02.006964
2080,1,42,mega farming,0.0,2,0,10.0,youtube_suggest,2026-09-09 09:56:02.006964
2081,1,43,rice paddy machine,0.3333,3,1,47.33,youtube_suggest,2026-09-09 09:57:23.606134
2082,1,43,giant harvester,0.1667,2,0,21.67,youtube_suggest,2026-09-09 09:57:23.607135
2083,1,43,colossal harvester,0.1667,2,0,21.67,youtube_suggest,2026-09-09 09:57:23.607135
2084,1,43,agriculture tech,0.0,2,0,10.0,youtube_suggest,2026-09-09 09:57:23.607135
2085,1,43,mega farming,0.0,2,0,10.0,youtube_suggest,2026-09-09 09:57:23.607135
2086,1,44,rice paddy machine,0.3333,3,1,47.33,youtube_suggest,2026-09-09 10:00:11.373891
2087,1,44,giant harvester,0.1667,2,0,21.67,youtube_suggest,2026-09-09 10:00:11.373891
2088,1,44,colossal harvester,0.1667,2,0,21.67,youtube_suggest,2026-09-09 10:00:11.374897
2089,1,44,agriculture tech,0.0,2,0,10.0,youtube_suggest,2026-09-09 10:00:11.375910
2090,1,44,mega farming,0.0,2,0,10.0,youtube_suggest,2026-09-09 10:00:11.375910
2091,1,45,rice paddy machine,0.3333,3,1,47.33,youtube_suggest,2026-09-09 10:10:02.484893
2092,1,45,giant harvester,0.1667,2,0,21.67,youtube_suggest,2026-09-09 10:10:02.485896
2093,1,45,colossal harvester,0.1667,2,0,21.67,youtube_suggest,2026-09-09 10:10:02.485896
2094,1,45,agriculture tech,0.0,2,0,10.0,youtube_suggest,2026-09-09 10:10:02.486893
2095,1,45,mega farming,0.0,2,0,10.0,youtube_suggest,2026-09-09 10:10:02.486893
2096,1,46,rice paddy machine,0.3333,3,1,47.33,youtube_suggest,2026-09-09 10:10:51.336833
2097,1,46,giant harvester,0.1667,2,0,21.67,youtube_suggest,2026-09-09 10:10:51.337841
2098,1,46,colossal harvester,0.1667,2,0,21.67,youtube_suggest,2026-09-09 10:10:51.337841
2099,1,46,agriculture tech,0.0,2,0,10.0,youtube_suggest,2026-09-09 10:10:51.338828
2100,1,46,mega farming,0.0,2,0,10.0,youtube_suggest,2026-09-09 10:10:51.338828
2101,1,47,rice paddy machine,0.3333,3,1,47.33,youtube_suggest,2026-09-09 10:11:17.218486
2102,1,47,giant harvester,0.1667,2,0,21.67,youtube_suggest,2026-09-09 10:11:17.219478
2103,1,47,colossal harvester,0.1667,2,0,21.67,youtube_suggest,2026-09-09 10:11:17.219478
2104,1,47,agriculture tech,0.0,2,0,10.0,youtube_suggest,2026-09-09 10:11:17.220476
2105,1,47,mega farming,0.0,2,0,10.0,youtube_suggest,2026-09-09 10:11:17.220476
2106,3,48,paddy field harvesting machine,0.4286,4,1,56.0,youtube_suggest,2026-09-09 10:35:18.131808
2107,3,48,rice paddy harvesting machine,0.4286,4,1,56.0,youtube_suggest,2026-09-09 10:35:18.131808
2108,3,48,paddy harvesting in china,0.2857,4,1,46.0,youtube_suggest,2026-09-09 10:35:18.132496
2109,3,48,paddy harvesting in japan,0.2857,4,1,46.0,youtube_suggest,2026-09-09 10:35:18.132496
2110,3,48,rice harvesting and processing,0.2857,4,1,46.0,youtube_suggest,2026-09-09 10:35:18.133024
2111,3,48,harvesting rice at home,0.2857,4,1,46.0,youtube_suggest,2026-09-09 10:35:18.133024
2112,3,48,paddy harvesting by hand,0.2857,4,1,46.0,youtube_suggest,2026-09-09 10:35:18.133024
2113,3,48,rice harvesting by hand,0.2857,4,1,46.0,youtube_suggest,2026-09-09 10:35:18.133024
2114,3,48,paddy harvesting machine in india price,0.2222,6,1,45.56,youtube_suggest,2026-09-09 10:35:18.134018
2115,3,48,paddy harvesting machine in west bengal,0.2222,6,1,45.56,youtube_suggest,2026-09-09 10:35:18.134018
2116,3,48,best paddy harvesting machine in india,0.2222,6,1,45.56,youtube_suggest,2026-09-09 10:35:18.134018
2117,3,48,paddy harvesting machine in sri lanka,0.2222,6,1,45.56,youtube_suggest,2026-09-09 10:35:18.134018
2118,3,48,paddy harvesting machine price in india,0.2222,6,1,45.56,youtube_suggest,2026-09-09 10:35:18.135017
2119,3,48,rice harvesting machine price in india,0.2222,6,1,45.56,youtube_suggest,2026-09-09 10:35:18.135017
2120,3,48,rice harvesting machine price in bangladesh,0.2222,6,1,45.56,youtube_suggest,2026-09-09 10:35:18.135017
2121,3,48,rice harvesting machine price in nepal,0.2222,6,1,45.56,youtube_suggest,2026-09-09 10:35:18.136023
2122,3,48,paddy harvesting machines in agriculture,0.25,5,1,45.5,youtube_suggest,2026-09-09 10:35:18.136023
2123,3,48,paddy harvesting machine in japan,0.25,5,1,45.5,youtube_suggest,2026-09-09 10:35:18.136023
2124,3,48,paddy harvesting machine in india,0.25,5,1,45.5,youtube_suggest,2026-09-09 10:35:18.137027
2125,3,48,paddy harvesting machine in manipur,0.25,5,1,45.5,youtube_suggest,2026-09-09 10:35:18.137027
2126,3,48,paddy harvesting machine in odisha,0.25,5,1,45.5,youtube_suggest,2026-09-09 10:35:18.138022
2127,3,48,paddy harvesting machine in assam,0.25,5,1,45.5,youtube_suggest,2026-09-09 10:35:18.138022
2128,3,48,paddy cutting and harvesting machine,0.25,5,1,45.5,youtube_suggest,2026-09-09 10:35:18.138022
2129,3,48,paddy harvesting machine in tamil,0.25,5,1,45.5,youtube_suggest,2026-09-09 10:35:18.139024
2130,3,48,paddy harvesting machine in karnataka,0.25,5,1,45.5,youtube_suggest,2026-09-09 10:35:18.139024
2131,3,48,paddy harvesting machine in water,0.25,5,1,45.5,youtube_suggest,2026-09-09 10:35:18.140027
2132,3,48,rice harvesting machine in maharashtra,0.25,5,1,45.5,youtube_suggest,2026-09-09 10:35:18.140027
2133,3,48,rice harvesting machine in nepal,0.25,5,1,45.5,youtube_suggest,2026-09-09 10:35:18.141027
2134,3,48,rice harvesting machine in tamilnadu,0.25,5,1,45.5,youtube_suggest,2026-09-09 10:35:18.141027
2135,3,48,rice harvesting machine in telugu,0.25,5,1,45.5,youtube_suggest,2026-09-09 10:35:18.142028
2136,3,48,wheat and paddy harvesting machine,0.25,5,1,45.5,youtube_suggest,2026-09-09 10:35:18.143027
2137,3,48,paddy harvesting by brush cutter,0.25,5,1,45.5,youtube_suggest,2026-09-09 10:35:18.143027
2138,3,48,paddy harvesting in west bengal,0.25,5,1,45.5,youtube_suggest,2026-09-09 10:35:18.143027
2139,3,48,paddy harvesting machine,0.2857,3,1,44.0,youtube_suggest,2026-09-09 10:35:18.144025
2140,3,48,paddy harvesting drawing,0.2857,3,1,44.0,youtube_suggest,2026-09-09 10:35:18.144025
2141,3,48,paddy harvesting time,0.2857,3,1,44.0,youtube_suggest,2026-09-09 10:35:18.145022
2142,3,48,paddy harvesting videos,0.2857,3,1,44.0,youtube_suggest,2026-09-09 10:35:18.145022
2143,3,48,paddy harvesting tractor,0.2857,3,1,44.0,youtube_suggest,2026-09-09 10:35:18.146031
2144,3,48,rice harvesting australia,0.2857,3,1,44.0,youtube_suggest,2026-09-09 10:35:18.146031
2145,3,48,rice harvesting asia,0.2857,3,1,44.0,youtube_suggest,2026-09-09 10:35:18.147034
2146,3,48,harvesting rice and picking fruit(rambutan) farming,0.2,6,1,44.0,youtube_suggest,2026-09-09 10:35:18.147034
2147,3,48,after paddy harvesting,0.2857,3,1,44.0,youtube_suggest,2026-09-09 10:35:18.148023
2148,3,48,rice harvesting china,0.2857,3,1,44.0,youtube_suggest,2026-09-09 10:35:18.149031
2149,3,48,paddy crop harvesting,0.2857,3,1,44.0,youtube_suggest,2026-09-09 10:35:18.150033
2150,3,48,rice harvesting combine,0.2857,3,1,44.0,youtube_suggest,2026-09-09 10:35:18.151033
2151,3,48,paddy harvesting drone,0.2857,3,1,44.0,youtube_suggest,2026-09-09 10:35:18.152034
2152,3,48,rice harvesting drawing,0.2857,3,1,44.0,youtube_suggest,2026-09-09 10:35:18.153033
2153,3,48,harvesting paddy fields,0.2857,3,1,44.0,youtube_suggest,2026-09-09 10:35:18.154032
2154,3,48,rice harvesting fs25,0.2857,3,1,44.0,youtube_suggest,2026-09-09 10:35:18.154032
2155,3,48,rice farming harvesting,0.2857,3,1,44.0,youtube_suggest,2026-09-09 10:35:18.155049
2156,3,48,mini rice harvesting machine price,0.2222,5,1,43.56,youtube_suggest,2026-09-09 10:35:18.155049
2157,3,48,paddy crop field monitoring system,0.2222,5,1,43.56,youtube_suggest,2026-09-09 10:35:18.156086
2158,3,48,paddy harvesting machine working,0.25,4,1,43.5,youtube_suggest,2026-09-09 10:35:18.156086
2159,3,48,paddy harvesting machine subsidy,0.25,4,1,43.5,youtube_suggest,2026-09-09 10:35:18.157056
2160,3,48,paddy harvesting machine price,0.25,4,1,43.5,youtube_suggest,2026-09-09 10:35:18.158037
2161,3,48,rice harvesting machine assam,0.25,4,1,43.5,youtube_suggest,2026-09-09 10:35:18.158037
2162,3,48,best paddy harvesting machine,0.25,4,1,43.5,youtube_suggest,2026-09-09 10:35:18.159027
2163,3,48,paddy harvesting chain machine,0.25,4,1,43.5,youtube_suggest,2026-09-09 10:35:18.159027
2164,3,48,rice harvesting cutting machine,0.25,4,1,43.5,youtube_suggest,2026-09-09 10:35:18.159027
2165,3,48,drone paddy harvesting machine,0.25,4,1,43.5,youtube_suggest,2026-09-09 10:35:18.160021
2166,1,49,rice paddy machine,0.3333,3,1,47.33,youtube_suggest,2026-09-10 18:21:29.420077
2167,1,49,giant harvester,0.1667,2,0,21.67,youtube_suggest,2026-09-10 18:21:29.420563
2168,1,49,colossal harvester,0.1667,2,0,21.67,youtube_suggest,2026-09-10 18:21:29.420563
2169,1,49,agriculture tech,0.0,2,0,10.0,youtube_suggest,2026-09-10 18:21:29.420563
2170,1,49,mega farming,0.0,2,0,10.0,youtube_suggest,2026-09-10 18:21:29.420563
2171,1,50,rice paddy machine,0.3333,3,1,47.33,youtube_suggest,2026-09-11 04:08:46.715873
2172,1,50,giant harvester,0.1667,2,0,21.67,youtube_suggest,2026-09-11 04:08:46.716870
2173,1,50,colossal harvester,0.1667,2,0,21.67,youtube_suggest,2026-09-11 04:08:46.716870
2174,1,50,agriculture tech,0.0,2,0,10.0,youtube_suggest,2026-09-11 04:08:46.716870
2175,1,50,mega farming,0.0,2,0,10.0,youtube_suggest,2026-09-11 04:08:46.716870
2176,1,51,rice paddy machine,0.3333,3,1,47.33,youtube_suggest,2026-09-11 04:09:40.979461
2177,1,51,giant harvester,0.1667,2,0,21.67,youtube_suggest,2026-09-11 04:09:40.980462
2178,1,51,colossal harvester,0.1667,2,0,21.67,youtube_suggest,2026-09-11 04:09:40.980462
2179,1,51,agriculture tech,0.0,2,0,10.0,youtube_suggest,2026-09-11 04:09:40.981460
2180,1,51,mega farming,0.0,2,0,10.0,youtube_suggest,2026-09-11 04:09:40.981460
2181,1,52,rice paddy machine,0.3333,3,1,47.33,youtube_suggest,2026-09-11 04:29:51.723142
2182,1,52,giant harvester,0.1667,2,0,21.67,youtube_suggest,2026-09-11 04:29:51.723142
2183,1,52,colossal harvester,0.1667,2,0,21.67,youtube_suggest,2026-09-11 04:29:51.724139
2184,1,52,agriculture tech,0.0,2,0,10.0,youtube_suggest,2026-09-11 04:29:51.724139
2185,1,52,mega farming,0.0,2,0,10.0,youtube_suggest,2026-09-11 04:29:51.725139
2186,1,53,rice paddy machine,0.3333,3,1,47.33,youtube_suggest,2026-09-11 05:28:05.944594
2187,1,53,giant harvester,0.1667,2,0,21.67,youtube_suggest,2026-09-11 05:28:05.945235
2188,1,53,colossal harvester,0.1667,2,0,21.67,youtube_suggest,2026-09-11 05:28:05.946233
2189,1,53,agriculture tech,0.0,2,0,10.0,youtube_suggest,2026-09-11 05:28:05.946233
2190,1,53,mega farming,0.0,2,0,10.0,youtube_suggest,2026-09-11 05:28:05.948229
2191,4,54,paddy harvesting video,0.5,3,1,59.0,youtube_suggest,2026-09-12 18:50:08.281787
2192,4,54,paddy harvesting in water,0.4,4,1,54.0,youtube_suggest,2026-09-12 18:50:08.282416
2193,4,54,paddy harvesting by hand,0.4,4,1,54.0,youtube_suggest,2026-09-12 18:50:08.282659
2194,4,54,paddy harvesting in china,0.4,4,1,54.0,youtube_suggest,2026-09-12 18:50:08.282994
2195,4,54,paddy harvesting machine,0.4,3,1,52.0,youtube_suggest,2026-09-12 18:50:08.283464
2196,4,54,paddy harvesting tractor,0.4,3,1,52.0,youtube_suggest,2026-09-12 18:50:08.283677
2197,4,54,paddy harvesting telugu,0.4,3,1,52.0,youtube_suggest,2026-09-12 18:50:08.283882
2198,4,54,paddy harvesting kerala,0.4,3,1,52.0,youtube_suggest,2026-09-12 18:50:08.284075
2199,4,54,after paddy harvesting,0.4,3,1,52.0,youtube_suggest,2026-09-12 18:50:08.284256
2200,4,54,paddy crop harvesting,0.4,3,1,52.0,youtube_suggest,2026-09-12 18:50:08.284476
2201,4,54,paddy harvesting drawing,0.4,3,1,52.0,youtube_suggest,2026-09-12 18:50:08.288992
2202,4,54,paddy harvesting drone,0.4,3,1,52.0,youtube_suggest,2026-09-12 18:50:08.289292
2203,4,54,harvesting paddy fields,0.4,3,1,52.0,youtube_suggest,2026-09-12 18:50:08.289486
2204,4,54,paddy harvesting machine in japan,0.3333,5,1,51.33,youtube_suggest,2026-09-12 18:50:08.289691
2205,4,54,paddy harvesting machine in india,0.3333,5,1,51.33,youtube_suggest,2026-09-12 18:50:08.289889
2206,4,54,paddy harvesting machines in agriculture,0.3333,5,1,51.33,youtube_suggest,2026-09-12 18:50:08.290081
2207,4,54,paddy harvesting machine in manipur,0.3333,5,1,51.33,youtube_suggest,2026-09-12 18:50:08.290262
2208,4,54,paddy harvesting machine in odisha,0.3333,5,1,51.33,youtube_suggest,2026-09-12 18:50:08.290468
2209,4,54,paddy harvesting machine in assam,0.3333,5,1,51.33,youtube_suggest,2026-09-12 18:50:08.290668
2210,4,54,paddy cutting and harvesting machine,0.3333,5,1,51.33,youtube_suggest,2026-09-12 18:50:08.290864
2211,4,54,paddy harvesting machine in tamil,0.3333,5,1,51.33,youtube_suggest,2026-09-12 18:50:08.291107
2212,4,54,paddy harvesting machine in karnataka,0.3333,5,1,51.33,youtube_suggest,2026-09-12 18:50:08.291310
2213,4,54,paddy harvesting machine in water,0.3333,5,1,51.33,youtube_suggest,2026-09-12 18:50:08.291503
2214,4,54,wheat and paddy harvesting machine,0.3333,5,1,51.33,youtube_suggest,2026-09-12 18:50:08.291723
2215,4,54,paddy harvesting by brush cutter,0.3333,5,1,51.33,youtube_suggest,2026-09-12 18:50:08.291996
2216,4,54,paddy harvesting in west bengal,0.3333,5,1,51.33,youtube_suggest,2026-09-12 18:50:08.292200
2217,4,54,paddy harvesting machine in india price,0.2857,6,1,50.0,youtube_suggest,2026-09-12 18:50:08.292384
2218,4,54,paddy harvesting machine in west bengal,0.2857,6,1,50.0,youtube_suggest,2026-09-12 18:50:08.295133
2219,4,54,best paddy harvesting machine in india,0.2857,6,1,50.0,youtube_suggest,2026-09-12 18:50:08.295380
2220,4,54,paddy harvesting machine in sri lanka,0.2857,6,1,50.0,youtube_suggest,2026-09-12 18:50:08.295595
2221,4,54,paddy harvesting machine price in india,0.2857,6,1,50.0,youtube_suggest,2026-09-12 18:50:08.295783
2222,4,54,paddy harvesting machine subsidy,0.3333,4,1,49.33,youtube_suggest,2026-09-12 18:50:08.295997
2223,4,54,paddy harvesting machine price,0.3333,4,1,49.33,youtube_suggest,2026-09-12 18:50:08.297123
2224,4,54,paddy harvesting machine working,0.3333,4,1,49.33,youtube_suggest,2026-09-12 18:50:08.297418
2225,4,54,best paddy harvesting machine,0.3333,4,1,49.33,youtube_suggest,2026-09-12 18:50:08.297651
2226,4,54,paddy harvesting chain machine,0.3333,4,1,49.33,youtube_suggest,2026-09-12 18:50:08.297853
2227,4,54,drone paddy harvesting machine,0.3333,4,1,49.33,youtube_suggest,2026-09-12 18:50:08.298054
2228,4,54,paddy field harvesting machine,0.3333,4,1,49.33,youtube_suggest,2026-09-12 18:50:08.298314
2229,4,54,paddy harvesting hand machine,0.3333,4,1,49.33,youtube_suggest,2026-09-12 18:50:08.298524
2230,4,54,kubota paddy harvesting machine,0.3333,4,1,49.33,youtube_suggest,2026-09-12 18:50:08.298782
2231,4,54,paddy harvesting machine mini,0.3333,4,1,49.33,youtube_suggest,2026-09-12 18:50:08.298977
2232,4,54,paddy harvesting new machine,0.3333,4,1,49.33,youtube_suggest,2026-09-12 18:50:08.299183
2233,4,54,paddy harvesting machine odisha,0.3333,4,1,49.33,youtube_suggest,2026-09-12 18:50:08.303700
2234,4,54,rice paddy harvesting machine,0.3333,4,1,49.33,youtube_suggest,2026-09-12 18:50:08.304041
2235,4,54,paddy harvesting machine small,0.3333,4,1,49.33,youtube_suggest,2026-09-12 18:50:08.304232
2236,4,54,harvesting paddy drawing easy,0.3333,4,1,49.33,youtube_suggest,2026-09-12 18:50:08.304387
2237,4,54,paddy harvesting,0.5,2,0,45.0,youtube_suggest,2026-09-12 18:50:08.304525
2238,4,54,how the monsoon happens,0.2,4,1,40.0,youtube_suggest,2026-09-12 18:50:08.304832
2239,4,54,taming the biggest creature in ark,0.1429,6,1,40.0,youtube_suggest,2026-09-12 18:50:08.308856
2240,4,54,the biggest creature in ark,0.1667,5,1,39.67,youtube_suggest,2026-09-12 18:50:08.309142
2241,4,54,rice harvesting machine price in india,0.125,6,1,38.75,youtube_suggest,2026-09-12 18:50:08.309359
2242,4,54,rice harvesting machine price in bangladesh,0.125,6,1,38.75,youtube_suggest,2026-09-12 18:50:08.309583
2243,4,54,rice harvesting machine price in nepal,0.125,6,1,38.75,youtube_suggest,2026-09-12 18:50:08.309775
2244,4,54,rice harvesting machine in maharashtra,0.1429,5,1,38.0,youtube_suggest,2026-09-12 18:50:08.309999
2245,4,54,rice harvesting machine in nepal,0.1429,5,1,38.0,youtube_suggest,2026-09-12 18:50:08.310180
2246,4,54,paddy cultivation machine in telugu,0.1429,5,1,38.0,youtube_suggest,2026-09-12 18:50:08.310359
2247,4,54,rice harvesting machine in tamilnadu,0.1429,5,1,38.0,youtube_suggest,2026-09-12 18:50:08.310560
2248,4,54,paddy cultivation machine in tamil,0.1429,5,1,38.0,youtube_suggest,2026-09-12 18:50:08.310764
2249,4,54,rice harvesting machine in telugu,0.1429,5,1,38.0,youtube_suggest,2026-09-12 18:50:08.310993
2250,4,54,the monsoon bowl,0.2,3,1,38.0,youtube_suggest,2026-09-12 18:50:08.311183
2251,60,55,palm tree panic x machine girl,0.2222,6,1,45.56,youtube_suggest,2026-09-12 18:53:53.090626
2252,60,55,palm tree panic,0.2857,3,1,44.0,youtube_suggest,2026-09-12 18:53:53.091423
2253,60,55,palm tree misery,0.2857,3,1,44.0,youtube_suggest,2026-09-12 18:53:53.091807
2254,60,55,palm tree aspen,0.2857,3,1,44.0,youtube_suggest,2026-09-12 18:53:53.092126
2255,60,55,palm tree ambience,0.2857,3,1,44.0,youtube_suggest,2026-09-12 18:53:53.092412
2256,60,55,palm tree accident,0.2857,3,1,44.0,youtube_suggest,2026-09-12 18:53:53.092822
2257,60,55,palm tree arborist,0.2857,3,1,44.0,youtube_suggest,2026-09-12 18:53:53.093009
2258,60,55,palm tree art,0.2857,3,1,44.0,youtube_suggest,2026-09-12 18:53:53.093162
2259,60,55,palm tree animation,0.2857,3,1,44.0,youtube_suggest,2026-09-12 18:53:53.093314
2260,60,55,palm tree asmr,0.2857,3,1,44.0,youtube_suggest,2026-09-12 18:53:53.093465
2261,60,55,palm tree beach club las vegas,0.2,6,1,44.0,youtube_suggest,2026-09-12 18:53:53.093615
2262,60,55,palm tree blue,0.2857,3,1,44.0,youtube_suggest,2026-09-12 18:53:53.093829
2263,60,55,palm tree bonsai,0.2857,3,1,44.0,youtube_suggest,2026-09-12 18:53:53.093993
2264,60,55,palm tree balloon,0.2857,3,1,44.0,youtube_suggest,2026-09-12 18:53:53.094143
2265,60,55,palm tree breeze,0.2857,3,1,44.0,youtube_suggest,2026-09-12 18:53:53.094294
2266,60,55,palm tree blender,0.2857,3,1,44.0,youtube_suggest,2026-09-12 18:53:53.094451
2267,60,55,palm tree beach,0.2857,3,1,44.0,youtube_suggest,2026-09-12 18:53:53.094603
2268,60,55,palm tree climbing,0.2857,3,1,44.0,youtube_suggest,2026-09-12 18:53:53.094768
2269,60,55,palm tree care,0.2857,3,1,44.0,youtube_suggest,2026-09-12 18:53:53.094927
2270,60,55,palm tree cleaning,0.2857,3,1,44.0,youtube_suggest,2026-09-12 18:53:53.095072
2271,60,55,palm tree club,0.2857,3,1,44.0,youtube_suggest,2026-09-12 18:53:53.095247
2272,60,55,palm tree country,0.2857,3,1,44.0,youtube_suggest,2026-09-12 18:53:53.095415
2273,60,55,palm tree crochet,0.2857,3,1,44.0,youtube_suggest,2026-09-12 18:53:53.095568
2274,60,55,palm tree drawing,0.2857,3,1,44.0,youtube_suggest,2026-09-12 18:53:53.095709
2275,60,55,palm tree days,0.2857,3,1,44.0,youtube_suggest,2026-09-12 18:53:53.099221
2276,60,55,palm tree death,0.2857,3,1,44.0,youtube_suggest,2026-09-12 18:53:53.099559
2277,60,55,palm tree diy,0.2857,3,1,44.0,youtube_suggest,2026-09-12 18:53:53.099749
2278,60,55,palm tree diseases,0.2857,3,1,44.0,youtube_suggest,2026-09-12 18:53:53.099924
2279,60,55,palm tree dying,0.2857,3,1,44.0,youtube_suggest,2026-09-12 18:53:53.100100
2280,60,55,palm tree escape,0.2857,3,1,44.0,youtube_suggest,2026-09-12 18:53:53.100457
2281,60,55,palm tree escape pirates of the caribbean scene,0.2,8,1,44.0,youtube_suggest,2026-09-12 18:53:53.100729
2282,60,55,palm tree embroidery,0.2857,3,1,44.0,youtube_suggest,2026-09-12 18:53:53.101013
2283,60,55,palm tree exploding,0.2857,3,1,44.0,youtube_suggest,2026-09-12 18:53:53.101193
2284,60,55,palm tree edit,0.2857,3,1,44.0,youtube_suggest,2026-09-12 18:53:53.101361
2285,60,55,palm tree evolution,0.2857,3,1,44.0,youtube_suggest,2026-09-12 18:53:53.101623
2286,60,55,palm tree easy,0.2857,3,1,44.0,youtube_suggest,2026-09-12 18:53:53.101988
2287,60,55,palm tree machine,0.2857,3,1,44.0,youtube_suggest,2026-09-12 18:53:53.102209
2288,60,55,palm tree panic machine girl slowed,0.2,6,1,44.0,youtube_suggest,2026-09-12 18:53:53.102362
2289,60,55,palm tree panic machine girl remix,0.2,6,1,44.0,youtube_suggest,2026-09-12 18:53:53.102544
2290,60,55,palm tree panic machine girl 1 hour,0.2,7,1,44.0,youtube_suggest,2026-09-12 18:53:53.102812
2291,60,55,palm tree cutter,0.2857,3,1,44.0,youtube_suggest,2026-09-12 18:53:53.103101
2292,60,55,palm tree panic x machine girl slowed,0.2,7,1,44.0,youtube_suggest,2026-09-12 18:53:53.103305
2293,60,55,palm tree panic x machine girl 1 hour,0.2,8,1,44.0,youtube_suggest,2026-09-12 18:53:53.103456
2294,60,55,palm tree saw,0.2857,3,1,44.0,youtube_suggest,2026-09-12 18:53:53.103647
2295,60,55,palm tree acrylic painting tutorial,0.2222,5,1,43.56,youtube_suggest,2026-09-12 18:53:53.103812
2296,60,55,palm tree breeze sneaker sun,0.2222,5,1,43.56,youtube_suggest,2026-09-12 18:53:53.103961
2297,60,55,palm tree club miami hotel,0.2222,5,1,43.56,youtube_suggest,2026-09-12 18:53:53.104117
2298,60,55,palm tree panic machine girl,0.2222,5,1,43.56,youtube_suggest,2026-09-12 18:53:53.104264
2299,60,55,palm oil tree cutting machine,0.2222,5,1,43.56,youtube_suggest,2026-09-12 18:53:53.104405
2300,60,55,palm tree panic funk,0.25,4,1,43.5,youtube_suggest,2026-09-12 18:53:53.105169
2301,60,55,palm tree panic hysteria,0.25,4,1,43.5,youtube_suggest,2026-09-12 18:53:53.105385
2302,60,55,palm tree acrylic painting,0.25,4,1,43.5,youtube_suggest,2026-09-12 18:53:53.105556
2303,60,55,palm tree angry ginge,0.25,4,1,43.5,youtube_suggest,2026-09-12 18:53:53.105711
2304,60,55,palm tree beach club,0.25,4,1,43.5,youtube_suggest,2026-09-12 18:53:53.105889
2305,60,55,palm tree build minecraft,0.25,4,1,43.5,youtube_suggest,2026-09-12 18:53:53.106046
2306,60,55,palm tree christmas lights,0.25,4,1,43.5,youtube_suggest,2026-09-12 18:53:53.106194
2307,60,55,palm tree club miami,0.25,4,1,43.5,youtube_suggest,2026-09-12 18:53:53.106375
2308,60,55,palm tree club orlando,0.25,4,1,43.5,youtube_suggest,2026-09-12 18:53:53.106531
2309,60,55,palm tree drawing easy,0.25,4,1,43.5,youtube_suggest,2026-09-12 18:53:53.106678
2310,60,55,palm tree decals bloxburg,0.25,4,1,43.5,youtube_suggest,2026-09-12 18:53:53.106839
2311,5,56,paddy harvesting video,0.5,3,1,59.0,youtube_suggest,2026-09-12 18:55:27.915542
2312,5,56,paddy harvesting in water,0.4,4,1,54.0,youtube_suggest,2026-09-12 18:55:27.915900
2313,5,56,paddy harvesting by hand,0.4,4,1,54.0,youtube_suggest,2026-09-12 18:55:27.916064
2314,5,56,paddy harvesting in china,0.4,4,1,54.0,youtube_suggest,2026-09-12 18:55:27.916238
2315,5,56,paddy ring walk,0.4,3,1,52.0,youtube_suggest,2026-09-12 18:55:27.916413
2316,5,56,paddy pimblett ring,0.4,3,1,52.0,youtube_suggest,2026-09-12 18:55:27.918029
2317,5,56,paddy harvesting telugu,0.4,3,1,52.0,youtube_suggest,2026-09-12 18:55:27.918202
2318,5,56,paddy harvesting kerala,0.4,3,1,52.0,youtube_suggest,2026-09-12 18:55:27.918342
2319,5,56,paddy harvesting tractor,0.4,3,1,52.0,youtube_suggest,2026-09-12 18:55:27.918486
2320,5,56,after paddy harvesting,0.4,3,1,52.0,youtube_suggest,2026-09-12 18:55:27.918630
2321,5,56,paddy crop harvesting,0.4,3,1,52.0,youtube_suggest,2026-09-12 18:55:27.918759
2322,5,56,paddy harvesting drawing,0.4,3,1,52.0,youtube_suggest,2026-09-12 18:55:27.918942
2323,5,56,paddy harvesting drone,0.4,3,1,52.0,youtube_suggest,2026-09-12 18:55:27.919091
2324,5,56,paddy harvesting machine,0.4,3,1,52.0,youtube_suggest,2026-09-12 18:55:27.919221
2325,5,56,harvesting paddy fields,0.4,3,1,52.0,youtube_suggest,2026-09-12 18:55:27.919531
2326,5,56,paddy harvesting machine in japan,0.3333,5,1,51.33,youtube_suggest,2026-09-12 18:55:27.919665
2327,5,56,paddy harvesting machine in india,0.3333,5,1,51.33,youtube_suggest,2026-09-12 18:55:27.919811
2328,5,56,paddy harvesting by brush cutter,0.3333,5,1,51.33,youtube_suggest,2026-09-12 18:55:27.919941
2329,5,56,paddy harvesting in west bengal,0.3333,5,1,51.33,youtube_suggest,2026-09-12 18:55:27.920069
2330,5,56,paddy harvesting machines in agriculture,0.3333,5,1,51.33,youtube_suggest,2026-09-12 18:55:27.920215
2331,5,56,paddy harvesting machine in manipur,0.3333,5,1,51.33,youtube_suggest,2026-09-12 18:55:27.920354
2332,5,56,paddy harvesting machine in odisha,0.3333,5,1,51.33,youtube_suggest,2026-09-12 18:55:27.920500
2333,5,56,paddy harvesting machine in assam,0.3333,5,1,51.33,youtube_suggest,2026-09-12 18:55:27.924946
2334,5,56,paddy cutting and harvesting machine,0.3333,5,1,51.33,youtube_suggest,2026-09-12 18:55:27.925299
2335,5,56,paddy harvesting machine in tamil,0.3333,5,1,51.33,youtube_suggest,2026-09-12 18:55:27.925501
2336,5,56,paddy harvesting machine in karnataka,0.3333,5,1,51.33,youtube_suggest,2026-09-12 18:55:27.925658
2337,5,56,paddy harvesting machine in water,0.3333,5,1,51.33,youtube_suggest,2026-09-12 18:55:27.925811
2338,5,56,wheat and paddy harvesting machine,0.3333,5,1,51.33,youtube_suggest,2026-09-12 18:55:27.925975
2339,5,56,paddy harvesting machine in india price,0.2857,6,1,50.0,youtube_suggest,2026-09-12 18:55:27.926124
2340,5,56,best paddy harvesting machine in india,0.2857,6,1,50.0,youtube_suggest,2026-09-12 18:55:27.926280
2341,5,56,paddy harvesting machine in west bengal,0.2857,6,1,50.0,youtube_suggest,2026-09-12 18:55:27.926590
2342,5,56,paddy harvesting machine in sri lanka,0.2857,6,1,50.0,youtube_suggest,2026-09-12 18:55:27.926744
2343,5,56,paddy harvesting machine price in india,0.2857,6,1,50.0,youtube_suggest,2026-09-12 18:55:27.928242
2344,5,56,paddy harvesting machine subsidy,0.3333,4,1,49.33,youtube_suggest,2026-09-12 18:55:27.928609
2345,5,56,best paddy harvesting machine,0.3333,4,1,49.33,youtube_suggest,2026-09-12 18:55:27.928807
2346,5,56,paddy harvesting chain machine,0.3333,4,1,49.33,youtube_suggest,2026-09-12 18:55:27.928959
2347,5,56,harvesting paddy drawing easy,0.3333,4,1,49.33,youtube_suggest,2026-09-12 18:55:27.929108
2348,5,56,drone paddy harvesting machine,0.3333,4,1,49.33,youtube_suggest,2026-09-12 18:55:27.929401
2349,5,56,paddy harvesting machine price,0.3333,4,1,49.33,youtube_suggest,2026-09-12 18:55:27.929592
2350,5,56,paddy harvesting machine working,0.3333,4,1,49.33,youtube_suggest,2026-09-12 18:55:27.929739
2351,5,56,paddy field harvesting machine,0.3333,4,1,49.33,youtube_suggest,2026-09-12 18:55:27.929883
2352,5,56,paddy harvesting hand machine,0.3333,4,1,49.33,youtube_suggest,2026-09-12 18:55:27.930029
2353,5,56,kubota paddy harvesting machine,0.3333,4,1,49.33,youtube_suggest,2026-09-12 18:55:27.930185
2354,5,56,paddy harvesting machine mini,0.3333,4,1,49.33,youtube_suggest,2026-09-12 18:55:27.930334
2355,5,56,paddy harvesting new machine,0.3333,4,1,49.33,youtube_suggest,2026-09-12 18:55:27.930503
2356,5,56,paddy harvesting machine odisha,0.3333,4,1,49.33,youtube_suggest,2026-09-12 18:55:27.930661
2357,5,56,rice paddy harvesting machine,0.3333,4,1,49.33,youtube_suggest,2026-09-12 18:55:27.930991
2358,5,56,paddy harvesting machine small,0.3333,4,1,49.33,youtube_suggest,2026-09-12 18:55:27.931152
2359,5,56,paddy ring,0.5,2,0,45.0,youtube_suggest,2026-09-12 18:55:27.931305
2360,5,56,paddy harvesting,0.5,2,0,45.0,youtube_suggest,2026-09-12 18:55:27.931478
2361,5,56,rice harvesting machine price in india,0.125,6,1,38.75,youtube_suggest,2026-09-12 18:55:27.931634
2362,5,56,rice harvesting machine price in bangladesh,0.125,6,1,38.75,youtube_suggest,2026-09-12 18:55:27.931784
2363,5,56,rice harvesting machine price in nepal,0.125,6,1,38.75,youtube_suggest,2026-09-12 18:55:27.931941
2364,5,56,paddy harvester in andhra pradesh,0.1429,5,1,38.0,youtube_suggest,2026-09-12 18:55:27.932091
2365,5,56,paddy crop disease and control,0.1429,5,1,38.0,youtube_suggest,2026-09-12 18:55:27.932435
2366,5,56,paddy crop diseases in telugu,0.1429,5,1,38.0,youtube_suggest,2026-09-12 18:55:27.936947
2367,5,56,rice harvesting machine in maharashtra,0.1429,5,1,38.0,youtube_suggest,2026-09-12 18:55:27.937220
2368,5,56,rice harvesting machine in nepal,0.1429,5,1,38.0,youtube_suggest,2026-09-12 18:55:27.937390
2369,5,56,paddy cultivation machine in telugu,0.1429,5,1,38.0,youtube_suggest,2026-09-12 18:55:27.937571
2370,5,56,rice harvesting machine in tamilnadu,0.1429,5,1,38.0,youtube_suggest,2026-09-12 18:55:27.937712
2371,6,57,rice paddy harvesting machine,0.4286,4,1,56.0,youtube_suggest,2026-09-12 18:56:49.132783
2372,6,57,sky fortress ro,0.3333,3,1,47.33,youtube_suggest,2026-09-12 18:56:49.133180
2373,6,57,sky fortress 2,0.3333,3,1,47.33,youtube_suggest,2026-09-12 18:56:49.133363
2374,6,57,paddy harvesting video,0.3333,3,1,47.33,youtube_suggest,2026-09-12 18:56:49.133551
2375,6,57,paddy harvesting in water,0.2857,4,1,46.0,youtube_suggest,2026-09-12 18:56:49.133898
2376,6,57,rice harvesting and processing,0.2857,4,1,46.0,youtube_suggest,2026-09-12 18:56:49.134071
2377,6,57,harvesting rice at home,0.2857,4,1,46.0,youtube_suggest,2026-09-12 18:56:49.134235
2378,6,57,paddy harvesting by hand,0.2857,4,1,46.0,youtube_suggest,2026-09-12 18:56:49.134413
2379,6,57,rice harvesting by hand,0.2857,4,1,46.0,youtube_suggest,2026-09-12 18:56:49.134568
2380,6,57,paddy harvesting in china,0.2857,4,1,46.0,youtube_suggest,2026-09-12 18:56:49.134719
2381,6,57,paddy harvesting machine in india price,0.2222,6,1,45.56,youtube_suggest,2026-09-12 18:56:49.134869
2382,6,57,paddy harvesting machine in west bengal,0.2222,6,1,45.56,youtube_suggest,2026-09-12 18:56:49.135025
2383,6,57,best paddy harvesting machine in india,0.2222,6,1,45.56,youtube_suggest,2026-09-12 18:56:49.135187
2384,6,57,paddy harvesting machine in sri lanka,0.2222,6,1,45.56,youtube_suggest,2026-09-12 18:56:49.135347
2385,6,57,paddy harvesting machine price in india,0.2222,6,1,45.56,youtube_suggest,2026-09-12 18:56:49.135509
2386,6,57,rice harvesting machine price in india,0.2222,6,1,45.56,youtube_suggest,2026-09-12 18:56:49.135657
2387,6,57,rice harvesting machine price in bangladesh,0.2222,6,1,45.56,youtube_suggest,2026-09-12 18:56:49.135833
2388,6,57,rice harvesting machine price in nepal,0.2222,6,1,45.56,youtube_suggest,2026-09-12 18:56:49.140607
2389,6,57,paddy harvesting machine in japan,0.25,5,1,45.5,youtube_suggest,2026-09-12 18:56:49.141051
2390,6,57,paddy harvesting machine in india,0.25,5,1,45.5,youtube_suggest,2026-09-12 18:56:49.141298
2391,6,57,paddy harvesting machines in agriculture,0.25,5,1,45.5,youtube_suggest,2026-09-12 18:56:49.141522
2392,6,57,paddy harvesting machine in manipur,0.25,5,1,45.5,youtube_suggest,2026-09-12 18:56:49.141715
2393,6,57,paddy harvesting machine in odisha,0.25,5,1,45.5,youtube_suggest,2026-09-12 18:56:49.141914
2394,6,57,paddy harvesting machine in assam,0.25,5,1,45.5,youtube_suggest,2026-09-12 18:56:49.142118
2395,6,57,paddy cutting and harvesting machine,0.25,5,1,45.5,youtube_suggest,2026-09-12 18:56:49.142302
2396,6,57,paddy harvesting machine in tamil,0.25,5,1,45.5,youtube_suggest,2026-09-12 18:56:49.142497
2397,6,57,paddy harvesting machine in karnataka,0.25,5,1,45.5,youtube_suggest,2026-09-12 18:56:49.144966
2398,6,57,paddy harvesting machine in water,0.25,5,1,45.5,youtube_suggest,2026-09-12 18:56:49.145185
2399,6,57,rice harvesting machine in maharashtra,0.25,5,1,45.5,youtube_suggest,2026-09-12 18:56:49.145380
2400,6,57,rice harvesting machine in nepal,0.25,5,1,45.5,youtube_suggest,2026-09-12 18:56:49.145583
2401,6,57,rice harvesting machine in tamilnadu,0.25,5,1,45.5,youtube_suggest,2026-09-12 18:56:49.145767
2402,6,57,rice harvesting machine in telugu,0.25,5,1,45.5,youtube_suggest,2026-09-12 18:56:49.145951
2403,6,57,wheat and paddy harvesting machine,0.25,5,1,45.5,youtube_suggest,2026-09-12 18:56:49.150088
2404,6,57,paddy harvesting by brush cutter,0.25,5,1,45.5,youtube_suggest,2026-09-12 18:56:49.150431
2405,6,57,paddy harvesting in west bengal,0.25,5,1,45.5,youtube_suggest,2026-09-12 18:56:49.150670
2406,6,57,paddy harvesting machine,0.2857,3,1,44.0,youtube_suggest,2026-09-12 18:56:49.150862
2407,6,57,paddy harvesting tractor,0.2857,3,1,44.0,youtube_suggest,2026-09-12 18:56:49.151091
2408,6,57,sky fortress theme,0.2857,3,1,44.0,youtube_suggest,2026-09-12 18:56:49.151281
2409,6,57,sky fortress boss,0.2857,3,1,44.0,youtube_suggest,2026-09-12 18:56:49.152639
2410,6,57,sky fortress waterflame,0.2857,3,1,44.0,youtube_suggest,2026-09-12 18:56:49.152920
2411,6,57,paddy harvesting telugu,0.2857,3,1,44.0,youtube_suggest,2026-09-12 18:56:49.153143
2412,6,57,paddy harvesting kerala,0.2857,3,1,44.0,youtube_suggest,2026-09-12 18:56:49.153339
2413,6,57,rice harvesting australia,0.2857,3,1,44.0,youtube_suggest,2026-09-12 18:56:49.153544
2414,6,57,rice harvesting asia,0.2857,3,1,44.0,youtube_suggest,2026-09-12 18:56:49.153763
2415,6,57,harvesting rice and picking fruit(rambutan) farming,0.2,6,1,44.0,youtube_suggest,2026-09-12 18:56:49.153957
2416,6,57,after paddy harvesting,0.2857,3,1,44.0,youtube_suggest,2026-09-12 18:56:49.154138
2417,6,57,rice harvesting china,0.2857,3,1,44.0,youtube_suggest,2026-09-12 18:56:49.154346
2418,6,57,paddy crop harvesting,0.2857,3,1,44.0,youtube_suggest,2026-09-12 18:56:49.154550
2419,6,57,rice harvesting combine,0.2857,3,1,44.0,youtube_suggest,2026-09-12 18:56:49.154777
2420,6,57,paddy harvesting drawing,0.2857,3,1,44.0,youtube_suggest,2026-09-12 18:56:49.154977
2421,6,57,paddy harvesting drone,0.2857,3,1,44.0,youtube_suggest,2026-09-12 18:56:49.155160
2422,6,57,rice harvesting drawing,0.2857,3,1,44.0,youtube_suggest,2026-09-12 18:56:49.155348
2423,6,57,harvesting paddy fields,0.2857,3,1,44.0,youtube_suggest,2026-09-12 18:56:49.155540
2424,6,57,rice harvesting fs25,0.2857,3,1,44.0,youtube_suggest,2026-09-12 18:56:49.155722
2425,6,57,rice farming harvesting,0.2857,3,1,44.0,youtube_suggest,2026-09-12 18:56:49.155901
2426,6,57,mini rice harvesting machine price,0.2222,5,1,43.56,youtube_suggest,2026-09-12 18:56:49.156081
2427,6,57,paddy harvesting machine subsidy,0.25,4,1,43.5,youtube_suggest,2026-09-12 18:56:49.164846
2428,6,57,paddy harvesting machine price,0.25,4,1,43.5,youtube_suggest,2026-09-12 18:56:49.165235
2429,6,57,paddy harvesting machine working,0.25,4,1,43.5,youtube_suggest,2026-09-12 18:56:49.165496
2430,6,57,rice harvesting machine assam,0.25,4,1,43.5,youtube_suggest,2026-09-12 18:56:49.165748
2431,7,58,rice paddy harvesting machine,0.5,4,1,61.0,youtube_suggest,2026-09-12 18:58:12.430608
2432,7,58,paddy harvesting video,0.4,3,1,52.0,youtube_suggest,2026-09-12 18:58:12.431189
2433,7,58,paddy harvesting in water,0.3333,4,1,49.33,youtube_suggest,2026-09-12 18:58:12.431563
2434,7,58,rice harvesting and processing,0.3333,4,1,49.33,youtube_suggest,2026-09-12 18:58:12.432328
2435,7,58,harvesting rice at home,0.3333,4,1,49.33,youtube_suggest,2026-09-12 18:58:12.433354
2436,7,58,paddy harvesting by hand,0.3333,4,1,49.33,youtube_suggest,2026-09-12 18:58:12.434970
2437,7,58,rice harvesting by hand,0.3333,4,1,49.33,youtube_suggest,2026-09-12 18:58:12.435514
2438,7,58,paddy harvesting in china,0.3333,4,1,49.33,youtube_suggest,2026-09-12 18:58:12.436297
2439,7,58,paddy harvesting machine in japan,0.2857,5,1,48.0,youtube_suggest,2026-09-12 18:58:12.436772
2440,7,58,paddy harvesting machine in india,0.2857,5,1,48.0,youtube_suggest,2026-09-12 18:58:12.436990
2441,7,58,paddy harvesting machines in agriculture,0.2857,5,1,48.0,youtube_suggest,2026-09-12 18:58:12.437835
2442,7,58,paddy harvesting machine in manipur,0.2857,5,1,48.0,youtube_suggest,2026-09-12 18:58:12.438105
2443,7,58,paddy harvesting machine in odisha,0.2857,5,1,48.0,youtube_suggest,2026-09-12 18:58:12.438306
2444,7,58,paddy harvesting machine in assam,0.2857,5,1,48.0,youtube_suggest,2026-09-12 18:58:12.438512
2445,7,58,paddy cutting and harvesting machine,0.2857,5,1,48.0,youtube_suggest,2026-09-12 18:58:12.438707
2446,7,58,paddy harvesting machine in tamil,0.2857,5,1,48.0,youtube_suggest,2026-09-12 18:58:12.438890
2447,7,58,paddy harvesting machine in karnataka,0.2857,5,1,48.0,youtube_suggest,2026-09-12 18:58:12.439088
2448,7,58,paddy harvesting machine in water,0.2857,5,1,48.0,youtube_suggest,2026-09-12 18:58:12.439269
2449,7,58,rice harvesting machine in maharashtra,0.2857,5,1,48.0,youtube_suggest,2026-09-12 18:58:12.439460
2450,7,58,rice harvesting machine in nepal,0.2857,5,1,48.0,youtube_suggest,2026-09-12 18:58:12.439645
2451,7,58,rice harvesting machine in tamilnadu,0.2857,5,1,48.0,youtube_suggest,2026-09-12 18:58:12.439828
2452,7,58,rice harvesting machine in telugu,0.2857,5,1,48.0,youtube_suggest,2026-09-12 18:58:12.440019
2453,7,58,wheat and paddy harvesting machine,0.2857,5,1,48.0,youtube_suggest,2026-09-12 18:58:12.440201
2454,7,58,paddy harvesting by brush cutter,0.2857,5,1,48.0,youtube_suggest,2026-09-12 18:58:12.444771
2455,7,58,paddy harvesting in west bengal,0.2857,5,1,48.0,youtube_suggest,2026-09-12 18:58:12.445104
2456,7,58,paddy harvesting machine in india price,0.25,6,1,47.5,youtube_suggest,2026-09-12 18:58:12.445320
2457,7,58,paddy harvesting machine in west bengal,0.25,6,1,47.5,youtube_suggest,2026-09-12 18:58:12.445517
2458,7,58,best paddy harvesting machine in india,0.25,6,1,47.5,youtube_suggest,2026-09-12 18:58:12.445872
2459,7,58,paddy harvesting machine in sri lanka,0.25,6,1,47.5,youtube_suggest,2026-09-12 18:58:12.446096
2460,7,58,paddy harvesting machine price in india,0.25,6,1,47.5,youtube_suggest,2026-09-12 18:58:12.446311
2461,7,58,rice harvesting machine price in india,0.25,6,1,47.5,youtube_suggest,2026-09-12 18:58:12.446501
2462,7,58,rice harvesting machine price in bangladesh,0.25,6,1,47.5,youtube_suggest,2026-09-12 18:58:12.446698
2463,7,58,rice harvesting machine price in nepal,0.25,6,1,47.5,youtube_suggest,2026-09-12 18:58:12.446886
2464,7,58,paddy harvesting machine,0.3333,3,1,47.33,youtube_suggest,2026-09-12 18:58:12.447088
2465,7,58,paddy harvesting tractor,0.3333,3,1,47.33,youtube_suggest,2026-09-12 18:58:12.447270
2466,7,58,paddy harvesting telugu,0.3333,3,1,47.33,youtube_suggest,2026-09-12 18:58:12.447447
2467,7,58,paddy harvesting kerala,0.3333,3,1,47.33,youtube_suggest,2026-09-12 18:58:12.447630
2468,7,58,rice harvesting australia,0.3333,3,1,47.33,youtube_suggest,2026-09-12 18:58:12.447809
2469,7,58,rice harvesting asia,0.3333,3,1,47.33,youtube_suggest,2026-09-12 18:58:12.448017
2470,7,58,after paddy harvesting,0.3333,3,1,47.33,youtube_suggest,2026-09-12 18:58:12.448195
2471,7,58,rice harvesting china,0.3333,3,1,47.33,youtube_suggest,2026-09-12 18:58:12.448383
2472,7,58,paddy crop harvesting,0.3333,3,1,47.33,youtube_suggest,2026-09-12 18:58:12.451664
2473,7,58,rice harvesting combine,0.3333,3,1,47.33,youtube_suggest,2026-09-12 18:58:12.452063
2474,7,58,paddy harvesting drawing,0.3333,3,1,47.33,youtube_suggest,2026-09-12 18:58:12.452280
2475,7,58,paddy harvesting drone,0.3333,3,1,47.33,youtube_suggest,2026-09-12 18:58:12.452486
2476,7,58,rice harvesting drawing,0.3333,3,1,47.33,youtube_suggest,2026-09-12 18:58:12.455108
2477,7,58,harvesting paddy fields,0.3333,3,1,47.33,youtube_suggest,2026-09-12 18:58:12.455350
2478,7,58,rice harvesting fs25,0.3333,3,1,47.33,youtube_suggest,2026-09-12 18:58:12.455544
2479,7,58,rice farming harvesting,0.3333,3,1,47.33,youtube_suggest,2026-09-12 18:58:12.455829
2480,7,58,paddy harvesting machine subsidy,0.2857,4,1,46.0,youtube_suggest,2026-09-12 18:58:12.456037
2481,7,58,paddy harvesting machine price,0.2857,4,1,46.0,youtube_suggest,2026-09-12 18:58:12.456215
2482,7,58,paddy harvesting machine working,0.2857,4,1,46.0,youtube_suggest,2026-09-12 18:58:12.456383
2483,7,58,rice harvesting machine assam,0.2857,4,1,46.0,youtube_suggest,2026-09-12 18:58:12.456623
2484,7,58,paddy rice cutting machine,0.2857,4,1,46.0,youtube_suggest,2026-09-12 18:58:12.456815
2485,7,58,best paddy harvesting machine,0.2857,4,1,46.0,youtube_suggest,2026-09-12 18:58:12.457002
2486,7,58,paddy harvesting chain machine,0.2857,4,1,46.0,youtube_suggest,2026-09-12 18:58:12.457189
2487,7,58,rice harvesting cutting machine,0.2857,4,1,46.0,youtube_suggest,2026-09-12 18:58:12.457379
2488,7,58,drone paddy harvesting machine,0.2857,4,1,46.0,youtube_suggest,2026-09-12 18:58:12.457574
2489,7,58,paddy field harvesting machine,0.2857,4,1,46.0,youtube_suggest,2026-09-12 18:58:12.457766
2490,7,58,paddy harvesting hand machine,0.2857,4,1,46.0,youtube_suggest,2026-09-12 18:58:12.457960
2491,8,59,paddy harvesting video,0.4,3,1,52.0,youtube_suggest,2026-09-12 18:59:36.934445
2492,8,59,how to harvest worm castings from worm farm,0.2857,8,1,50.0,youtube_suggest,2026-09-12 18:59:36.934774
2493,8,59,paddy harvesting in water,0.3333,4,1,49.33,youtube_suggest,2026-09-12 18:59:36.935018
2494,8,59,paddy harvesting by hand,0.3333,4,1,49.33,youtube_suggest,2026-09-12 18:59:36.935239
2495,8,59,paddy harvesting in china,0.3333,4,1,49.33,youtube_suggest,2026-09-12 18:59:36.935477
2496,8,59,paddy harvesting machine in japan,0.2857,5,1,48.0,youtube_suggest,2026-09-12 18:59:36.935705
2497,8,59,paddy harvesting machine in india,0.2857,5,1,48.0,youtube_suggest,2026-09-12 18:59:36.935922
2498,8,59,paddy harvesting machines in agriculture,0.2857,5,1,48.0,youtube_suggest,2026-09-12 18:59:36.936128
2499,8,59,paddy harvesting machine in manipur,0.2857,5,1,48.0,youtube_suggest,2026-09-12 18:59:36.936342
2500,8,59,paddy harvesting machine in odisha,0.2857,5,1,48.0,youtube_suggest,2026-09-12 18:59:36.944698
2501,8,59,paddy harvesting machine in assam,0.2857,5,1,48.0,youtube_suggest,2026-09-12 18:59:36.945148
2502,8,59,paddy cutting and harvesting machine,0.2857,5,1,48.0,youtube_suggest,2026-09-12 18:59:36.945417
2503,8,59,paddy harvesting machine in tamil,0.2857,5,1,48.0,youtube_suggest,2026-09-12 18:59:36.945666
2504,8,59,paddy harvesting machine in karnataka,0.2857,5,1,48.0,youtube_suggest,2026-09-12 18:59:36.945884
2505,8,59,paddy harvesting machine in water,0.2857,5,1,48.0,youtube_suggest,2026-09-12 18:59:36.946101
2506,8,59,wheat and paddy harvesting machine,0.2857,5,1,48.0,youtube_suggest,2026-09-12 18:59:36.946322
2507,8,59,harvest worm castings from bin,0.2857,5,1,48.0,youtube_suggest,2026-09-12 18:59:36.946532
2508,8,59,harvesting worms from worm bin,0.2857,5,1,48.0,youtube_suggest,2026-09-12 18:59:36.946736
2509,8,59,paddy harvesting by brush cutter,0.2857,5,1,48.0,youtube_suggest,2026-09-12 18:59:36.947029
2510,8,59,paddy harvesting in west bengal,0.2857,5,1,48.0,youtube_suggest,2026-09-12 18:59:36.947256
2511,8,59,paddy harvesting machine in india price,0.25,6,1,47.5,youtube_suggest,2026-09-12 18:59:36.947486
2512,8,59,paddy harvesting machine in west bengal,0.25,6,1,47.5,youtube_suggest,2026-09-12 18:59:36.947692
2513,8,59,best paddy harvesting machine in india,0.25,6,1,47.5,youtube_suggest,2026-09-12 18:59:36.947896
2514,8,59,paddy harvesting machine in sri lanka,0.25,6,1,47.5,youtube_suggest,2026-09-12 18:59:36.948104
2515,8,59,paddy harvesting machine price in india,0.25,6,1,47.5,youtube_suggest,2026-09-12 18:59:36.948322
2516,8,59,paddy harvesting machine,0.3333,3,1,47.33,youtube_suggest,2026-09-12 18:59:36.956611
2517,8,59,paddy harvesting tractor,0.3333,3,1,47.33,youtube_suggest,2026-09-12 18:59:36.957043
2518,8,59,paddy harvesting telugu,0.3333,3,1,47.33,youtube_suggest,2026-09-12 18:59:36.957225
2519,8,59,paddy harvesting kerala,0.3333,3,1,47.33,youtube_suggest,2026-09-12 18:59:36.957636
2520,8,59,after paddy harvesting,0.3333,3,1,47.33,youtube_suggest,2026-09-12 18:59:36.957832
2521,8,59,paddy crop harvesting,0.3333,3,1,47.33,youtube_suggest,2026-09-12 18:59:36.958012
2522,8,59,paddy harvesting drawing,0.3333,3,1,47.33,youtube_suggest,2026-09-12 18:59:36.958185
2523,8,59,paddy harvesting drone,0.3333,3,1,47.33,youtube_suggest,2026-09-12 18:59:36.958368
2524,8,59,harvesting paddy fields,0.3333,3,1,47.33,youtube_suggest,2026-09-12 18:59:36.958541
2525,8,59,paddy harvesting machine subsidy,0.2857,4,1,46.0,youtube_suggest,2026-09-12 18:59:36.958704
2526,8,59,paddy harvesting machine price,0.2857,4,1,46.0,youtube_suggest,2026-09-12 18:59:36.958868
2527,8,59,paddy harvesting machine working,0.2857,4,1,46.0,youtube_suggest,2026-09-12 18:59:36.959042
2528,8,59,best paddy harvesting machine,0.2857,4,1,46.0,youtube_suggest,2026-09-12 18:59:36.959209
2529,8,59,paddy harvesting chain machine,0.2857,4,1,46.0,youtube_suggest,2026-09-12 18:59:36.959403
2530,8,59,drone paddy harvesting machine,0.2857,4,1,46.0,youtube_suggest,2026-09-12 18:59:36.959600
2531,8,59,paddy field harvesting machine,0.2857,4,1,46.0,youtube_suggest,2026-09-12 18:59:36.959767
2532,8,59,paddy harvesting hand machine,0.2857,4,1,46.0,youtube_suggest,2026-09-12 18:59:36.959945
2533,8,59,kubota paddy harvesting machine,0.2857,4,1,46.0,youtube_suggest,2026-09-12 18:59:36.960112
2534,8,59,paddy harvesting machine mini,0.2857,4,1,46.0,youtube_suggest,2026-09-12 18:59:36.960290
2535,8,59,paddy harvesting new machine,0.2857,4,1,46.0,youtube_suggest,2026-09-12 18:59:36.960474
2536,8,59,paddy harvesting machine odisha,0.2857,4,1,46.0,youtube_suggest,2026-09-12 18:59:36.966785
2537,8,59,rice paddy harvesting machine,0.2857,4,1,46.0,youtube_suggest,2026-09-12 18:59:36.967020
2538,8,59,paddy harvesting machine small,0.2857,4,1,46.0,youtube_suggest,2026-09-12 18:59:36.967238
2539,8,59,harvesting paddy drawing easy,0.2857,4,1,46.0,youtube_suggest,2026-09-12 18:59:36.967468
2540,8,59,worm harvest,0.4,2,0,38.0,youtube_suggest,2026-09-12 18:59:36.967693
2541,8,59,paddy harvesting,0.4,2,0,38.0,youtube_suggest,2026-09-12 18:59:36.967946
2542,8,59,paddy harvest,0.4,2,0,38.0,youtube_suggest,2026-09-12 18:59:36.968152
2543,8,59,rice harvesting machine price in india,0.1111,6,1,37.78,youtube_suggest,2026-09-12 18:59:36.968390
2544,8,59,rice harvesting machine price in bangladesh,0.1111,6,1,37.78,youtube_suggest,2026-09-12 18:59:36.976861
2545,8,59,rice harvesting machine price in nepal,0.1111,6,1,37.78,youtube_suggest,2026-09-12 18:59:36.977205
2546,8,59,how to get worm castings out of worm farm,0.1111,9,1,37.78,youtube_suggest,2026-09-12 18:59:36.977471
2547,8,59,worm eating a worm,0.1667,4,1,37.67,youtube_suggest,2026-09-12 18:59:36.977750
2548,8,59,mini paddy harvester machine price in india,0.1,7,1,37.0,youtube_suggest,2026-09-12 18:59:36.978012
2549,8,59,harvesting rice and picking fruit(rambutan) farming,0.1,6,1,37.0,youtube_suggest,2026-09-12 18:59:36.978223
2550,8,59,rice harvesting machine in maharashtra,0.125,5,1,36.75,youtube_suggest,2026-09-12 18:59:36.978453
2551,9,60,rice paddy harvesting machine,0.5,4,1,61.0,youtube_suggest,2026-09-12 19:00:58.779918
2552,9,60,paddy harvesting video,0.4,3,1,52.0,youtube_suggest,2026-09-12 19:00:58.780185
2553,9,60,paddy harvester in tractor,0.3333,4,1,49.33,youtube_suggest,2026-09-12 19:00:58.780396
2554,9,60,paddy harvesting in water,0.3333,4,1,49.33,youtube_suggest,2026-09-12 19:00:58.783172
2555,9,60,rice harvesting and processing,0.3333,4,1,49.33,youtube_suggest,2026-09-12 19:00:58.783714
2556,9,60,harvesting rice at home,0.3333,4,1,49.33,youtube_suggest,2026-09-12 19:00:58.784089
2557,9,60,paddy harvester in assam,0.3333,4,1,49.33,youtube_suggest,2026-09-12 19:00:58.790030
2558,9,60,paddy harvesting by hand,0.3333,4,1,49.33,youtube_suggest,2026-09-12 19:00:58.791359
2559,9,60,rice harvesting by hand,0.3333,4,1,49.33,youtube_suggest,2026-09-12 19:00:58.792492
2560,9,60,paddy harvesting in china,0.3333,4,1,49.33,youtube_suggest,2026-09-12 19:00:58.794121
2561,9,60,rice and corn harvester,0.3333,4,1,49.33,youtube_suggest,2026-09-12 19:00:58.794514
2562,9,60,paddy harvesting machine in japan,0.2857,5,1,48.0,youtube_suggest,2026-09-12 19:00:58.794732
2563,9,60,paddy harvesting machine in india,0.2857,5,1,48.0,youtube_suggest,2026-09-12 19:00:58.795010
2564,9,60,paddy harvesting machines in agriculture,0.2857,5,1,48.0,youtube_suggest,2026-09-12 19:00:58.795251
2565,9,60,paddy harvesting machine in manipur,0.2857,5,1,48.0,youtube_suggest,2026-09-12 19:00:58.795480
2566,9,60,paddy harvesting machine in odisha,0.2857,5,1,48.0,youtube_suggest,2026-09-12 19:00:58.795655
2567,9,60,paddy harvesting machine in assam,0.2857,5,1,48.0,youtube_suggest,2026-09-12 19:00:58.795877
2568,9,60,paddy cutting and harvesting machine,0.2857,5,1,48.0,youtube_suggest,2026-09-12 19:00:58.796116
2569,9,60,paddy harvesting machine in tamil,0.2857,5,1,48.0,youtube_suggest,2026-09-12 19:00:58.796329
2570,9,60,paddy harvesting machine in karnataka,0.2857,5,1,48.0,youtube_suggest,2026-09-12 19:00:58.809011
2571,9,60,paddy harvesting machine in water,0.2857,5,1,48.0,youtube_suggest,2026-09-12 19:00:58.809222
2572,9,60,rice harvesting machine in maharashtra,0.2857,5,1,48.0,youtube_suggest,2026-09-12 19:00:58.809397
2573,9,60,rice harvesting machine in nepal,0.2857,5,1,48.0,youtube_suggest,2026-09-12 19:00:58.809561
2574,9,60,rice harvesting machine in tamilnadu,0.2857,5,1,48.0,youtube_suggest,2026-09-12 19:00:58.809712
2575,9,60,rice harvesting machine in telugu,0.2857,5,1,48.0,youtube_suggest,2026-09-12 19:00:58.809867
2576,9,60,wheat and paddy harvesting machine,0.2857,5,1,48.0,youtube_suggest,2026-09-12 19:00:58.810047
2577,9,60,paddy harvester in andhra pradesh,0.2857,5,1,48.0,youtube_suggest,2026-09-12 19:00:58.810200
2578,9,60,paddy harvesting by brush cutter,0.2857,5,1,48.0,youtube_suggest,2026-09-12 19:00:58.810360
2579,9,60,paddy harvesting in west bengal,0.2857,5,1,48.0,youtube_suggest,2026-09-12 19:00:58.810527
2580,9,60,paddy harvesting machine in india price,0.25,6,1,47.5,youtube_suggest,2026-09-12 19:00:58.810684
2581,9,60,paddy harvesting machine in west bengal,0.25,6,1,47.5,youtube_suggest,2026-09-12 19:00:58.810837
2582,9,60,best paddy harvesting machine in india,0.25,6,1,47.5,youtube_suggest,2026-09-12 19:00:58.811015
2583,9,60,paddy harvesting machine in sri lanka,0.25,6,1,47.5,youtube_suggest,2026-09-12 19:00:58.811176
2584,9,60,paddy harvesting machine price in india,0.25,6,1,47.5,youtube_suggest,2026-09-12 19:00:58.811330
2585,9,60,rice harvesting machine price in india,0.25,6,1,47.5,youtube_suggest,2026-09-12 19:00:58.811508
2586,9,60,rice harvesting machine price in bangladesh,0.25,6,1,47.5,youtube_suggest,2026-09-12 19:00:58.811668
2587,9,60,rice harvesting machine price in nepal,0.25,6,1,47.5,youtube_suggest,2026-09-12 19:00:58.811823
2588,9,60,paddy harvesting machine,0.3333,3,1,47.33,youtube_suggest,2026-09-12 19:00:58.811974
2589,9,60,paddy harvesting tractor,0.3333,3,1,47.33,youtube_suggest,2026-09-12 19:00:58.812121
2590,9,60,paddy cutting harvester,0.3333,3,1,47.33,youtube_suggest,2026-09-12 19:00:58.812273
2591,9,60,paddy harvesting telugu,0.3333,3,1,47.33,youtube_suggest,2026-09-12 19:00:58.812438
2592,9,60,paddy harvesting kerala,0.3333,3,1,47.33,youtube_suggest,2026-09-12 19:00:58.815583
2593,9,60,rice harvesting australia,0.3333,3,1,47.33,youtube_suggest,2026-09-12 19:00:58.815854
2594,9,60,rice harvesting asia,0.3333,3,1,47.33,youtube_suggest,2026-09-12 19:00:58.816051
2595,9,60,after paddy harvesting,0.3333,3,1,47.33,youtube_suggest,2026-09-12 19:00:58.816224
2596,9,60,rice harvesting china,0.3333,3,1,47.33,youtube_suggest,2026-09-12 19:00:58.817743
2597,9,60,paddy combine harvester,0.3333,3,1,47.33,youtube_suggest,2026-09-12 19:00:58.818054
2598,9,60,paddy crop harvesting,0.3333,3,1,47.33,youtube_suggest,2026-09-12 19:00:58.818228
2599,9,60,rice harvesting combine,0.3333,3,1,47.33,youtube_suggest,2026-09-12 19:00:58.818400
2600,9,60,paddy harvesting drawing,0.3333,3,1,47.33,youtube_suggest,2026-09-12 19:00:58.818556
2601,9,60,paddy harvesting drone,0.3333,3,1,47.33,youtube_suggest,2026-09-12 19:00:58.818710
2602,9,60,rice harvesting drawing,0.3333,3,1,47.33,youtube_suggest,2026-09-12 19:00:58.818864
2603,9,60,harvesting paddy fields,0.3333,3,1,47.33,youtube_suggest,2026-09-12 19:00:58.819041
2604,9,60,rice harvesting fs25,0.3333,3,1,47.33,youtube_suggest,2026-09-12 19:00:58.819200
2605,9,60,rice farming harvesting,0.3333,3,1,47.33,youtube_suggest,2026-09-12 19:00:58.819365
2606,9,60,rice cutter harvester,0.3333,3,1,47.33,youtube_suggest,2026-09-12 19:00:58.819520
2607,9,60,rice cutting harvester,0.3333,3,1,47.33,youtube_suggest,2026-09-12 19:00:58.819701
2608,9,60,rice combine harvester,0.3333,3,1,47.33,youtube_suggest,2026-09-12 19:00:58.819874
2609,9,60,rice field harvesting,0.3333,3,1,47.33,youtube_suggest,2026-09-12 19:00:58.820034
2610,9,60,paddy harvesting machine subsidy,0.2857,4,1,46.0,youtube_suggest,2026-09-12 19:00:58.820188
2611,10,61,rice paddy harvesting machine,0.5,4,1,61.0,youtube_suggest,2026-09-12 19:02:20.203341
2612,10,61,paddy harvesting video,0.4,3,1,52.0,youtube_suggest,2026-09-12 19:02:20.203668
2613,10,61,paddy harvesting in water,0.3333,4,1,49.33,youtube_suggest,2026-09-12 19:02:20.203913
2614,10,61,rice harvesting and processing,0.3333,4,1,49.33,youtube_suggest,2026-09-12 19:02:20.204178
2615,10,61,harvesting rice at home,0.3333,4,1,49.33,youtube_suggest,2026-09-12 19:02:20.204401
2616,10,61,paddy harvesting by hand,0.3333,4,1,49.33,youtube_suggest,2026-09-12 19:02:20.207584
2617,10,61,rice harvesting by hand,0.3333,4,1,49.33,youtube_suggest,2026-09-12 19:02:20.207928
2618,10,61,paddy harvesting in china,0.3333,4,1,49.33,youtube_suggest,2026-09-12 19:02:20.208147
2619,10,61,paddy harvesting machine in japan,0.2857,5,1,48.0,youtube_suggest,2026-09-12 19:02:20.208387
2620,10,61,paddy harvesting machine in india,0.2857,5,1,48.0,youtube_suggest,2026-09-12 19:02:20.208667
2621,10,61,paddy harvesting machines in agriculture,0.2857,5,1,48.0,youtube_suggest,2026-09-12 19:02:20.208903
2622,10,61,paddy harvesting machine in manipur,0.2857,5,1,48.0,youtube_suggest,2026-09-12 19:02:20.209113
2623,10,61,paddy harvesting machine in odisha,0.2857,5,1,48.0,youtube_suggest,2026-09-12 19:02:20.209327
2624,10,61,paddy harvesting machine in assam,0.2857,5,1,48.0,youtube_suggest,2026-09-12 19:02:20.209637
2625,10,61,paddy cutting and harvesting machine,0.2857,5,1,48.0,youtube_suggest,2026-09-12 19:02:20.209896
2626,10,61,paddy harvesting machine in tamil,0.2857,5,1,48.0,youtube_suggest,2026-09-12 19:02:20.210102
2627,10,61,paddy harvesting machine in karnataka,0.2857,5,1,48.0,youtube_suggest,2026-09-12 19:02:20.210307
2628,10,61,paddy harvesting machine in water,0.2857,5,1,48.0,youtube_suggest,2026-09-12 19:02:20.210510
2629,10,61,rice harvesting machine in maharashtra,0.2857,5,1,48.0,youtube_suggest,2026-09-12 19:02:20.210717
2630,10,61,rice harvesting machine in nepal,0.2857,5,1,48.0,youtube_suggest,2026-09-12 19:02:20.210956
2631,10,61,rice harvesting machine in tamilnadu,0.2857,5,1,48.0,youtube_suggest,2026-09-12 19:02:20.211191
2632,10,61,rice harvesting machine in telugu,0.2857,5,1,48.0,youtube_suggest,2026-09-12 19:02:20.211382
2633,10,61,wheat and paddy harvesting machine,0.2857,5,1,48.0,youtube_suggest,2026-09-12 19:02:20.211593
2634,10,61,paddy harvesting by brush cutter,0.2857,5,1,48.0,youtube_suggest,2026-09-12 19:02:20.211834
2635,10,61,paddy harvesting in west bengal,0.2857,5,1,48.0,youtube_suggest,2026-09-12 19:02:20.212053
2636,10,61,paddy harvesting machine in india price,0.25,6,1,47.5,youtube_suggest,2026-09-12 19:02:20.212218
2637,10,61,paddy harvesting machine in west bengal,0.25,6,1,47.5,youtube_suggest,2026-09-12 19:02:20.212384
2638,10,61,best paddy harvesting machine in india,0.25,6,1,47.5,youtube_suggest,2026-09-12 19:02:20.216210
2639,10,61,paddy harvesting machine in sri lanka,0.25,6,1,47.5,youtube_suggest,2026-09-12 19:02:20.216707
2640,10,61,paddy harvesting machine price in india,0.25,6,1,47.5,youtube_suggest,2026-09-12 19:02:20.217513
2641,10,61,rice harvesting machine price in india,0.25,6,1,47.5,youtube_suggest,2026-09-12 19:02:20.221139
2642,10,61,rice harvesting machine price in bangladesh,0.25,6,1,47.5,youtube_suggest,2026-09-12 19:02:20.221414
2643,10,61,rice harvesting machine price in nepal,0.25,6,1,47.5,youtube_suggest,2026-09-12 19:02:20.222013
2644,10,61,paddy harvesting machine,0.3333,3,1,47.33,youtube_suggest,2026-09-12 19:02:20.222336
2645,10,61,paddy harvesting tractor,0.3333,3,1,47.33,youtube_suggest,2026-09-12 19:02:20.222589
2646,10,61,paddy harvesting telugu,0.3333,3,1,47.33,youtube_suggest,2026-09-12 19:02:20.222836
2647,10,61,paddy harvesting kerala,0.3333,3,1,47.33,youtube_suggest,2026-09-12 19:02:20.223064
2648,10,61,rice harvesting australia,0.3333,3,1,47.33,youtube_suggest,2026-09-12 19:02:20.223274
2649,10,61,rice harvesting asia,0.3333,3,1,47.33,youtube_suggest,2026-09-12 19:02:20.223509
2650,10,61,after paddy harvesting,0.3333,3,1,47.33,youtube_suggest,2026-09-12 19:02:20.223727
2651,10,61,rice harvesting china,0.3333,3,1,47.33,youtube_suggest,2026-09-12 19:02:20.223970
2652,10,61,paddy crop harvesting,0.3333,3,1,47.33,youtube_suggest,2026-09-12 19:02:20.224209
2653,10,61,rice harvesting combine,0.3333,3,1,47.33,youtube_suggest,2026-09-12 19:02:20.224422
2654,10,61,paddy harvesting drawing,0.3333,3,1,47.33,youtube_suggest,2026-09-12 19:02:20.227825
2655,10,61,paddy harvesting drone,0.3333,3,1,47.33,youtube_suggest,2026-09-12 19:02:20.228138
2656,10,61,rice harvesting drawing,0.3333,3,1,47.33,youtube_suggest,2026-09-12 19:02:20.228363
2657,10,61,harvesting paddy fields,0.3333,3,1,47.33,youtube_suggest,2026-09-12 19:02:20.228678
2658,10,61,rice harvesting fs25,0.3333,3,1,47.33,youtube_suggest,2026-09-12 19:02:20.228943
2659,10,61,rice farming harvesting,0.3333,3,1,47.33,youtube_suggest,2026-09-12 19:02:20.229155
2660,10,61,paddy harvesting machine subsidy,0.2857,4,1,46.0,youtube_suggest,2026-09-12 19:02:20.229367
2661,10,61,paddy harvesting machine price,0.2857,4,1,46.0,youtube_suggest,2026-09-12 19:02:20.229590
2662,10,61,paddy harvesting machine working,0.2857,4,1,46.0,youtube_suggest,2026-09-12 19:02:20.229806
2663,10,61,rice harvesting machine assam,0.2857,4,1,46.0,youtube_suggest,2026-09-12 19:02:20.230027
2664,10,61,paddy rice cutting machine,0.2857,4,1,46.0,youtube_suggest,2026-09-12 19:02:20.230248
2665,10,61,best paddy harvesting machine,0.2857,4,1,46.0,youtube_suggest,2026-09-12 19:02:20.230492
2666,10,61,paddy harvesting chain machine,0.2857,4,1,46.0,youtube_suggest,2026-09-12 19:02:20.230718
2667,10,61,rice harvesting cutting machine,0.2857,4,1,46.0,youtube_suggest,2026-09-12 19:02:20.231009
2668,10,61,drone paddy harvesting machine,0.2857,4,1,46.0,youtube_suggest,2026-09-12 19:02:20.231229
2669,10,61,paddy field harvesting machine,0.2857,4,1,46.0,youtube_suggest,2026-09-12 19:02:20.231429
2670,10,61,paddy harvesting hand machine,0.2857,4,1,46.0,youtube_suggest,2026-09-12 19:02:20.231659
2671,11,62,wheat field video,0.4,3,1,52.0,youtube_suggest,2026-09-12 19:04:03.717530
2672,11,62,wheat from field to flour,0.3333,5,1,51.33,youtube_suggest,2026-09-12 19:04:03.722709
2673,11,62,wheat field blowing in the wind,0.2857,6,1,50.0,youtube_suggest,2026-09-12 19:04:03.722973
2674,11,62,wheat field background video,0.3333,4,1,49.33,youtube_suggest,2026-09-12 19:04:03.723187
2675,11,62,wheat field minecraft,0.3333,3,1,47.33,youtube_suggest,2026-09-12 19:04:03.723387
2676,11,62,wheat field ambience,0.3333,3,1,47.33,youtube_suggest,2026-09-12 19:04:03.723594
2677,11,62,wheat field gladiator,0.3333,3,1,47.33,youtube_suggest,2026-09-12 19:04:03.723833
2678,11,62,wheat field fire,0.3333,3,1,47.33,youtube_suggest,2026-09-12 19:04:03.724034
2679,11,62,wheat field sounds,0.3333,3,1,47.33,youtube_suggest,2026-09-12 19:04:03.724222
2680,11,62,wheat field sunset,0.3333,3,1,47.33,youtube_suggest,2026-09-12 19:04:03.724408
2681,11,62,wheat field painting,0.3333,3,1,47.33,youtube_suggest,2026-09-12 19:04:03.728860
2682,11,62,wheat field acnh,0.3333,3,1,47.33,youtube_suggest,2026-09-12 19:04:03.729159
2683,11,62,wheat field asmr,0.3333,3,1,47.33,youtube_suggest,2026-09-12 19:04:03.729374
2684,11,62,wheat field ambient,0.3333,3,1,47.33,youtube_suggest,2026-09-12 19:04:03.729573
2685,11,62,wheat field background,0.3333,3,1,47.33,youtube_suggest,2026-09-12 19:04:03.729765
2686,11,62,wheat field blender,0.3333,3,1,47.33,youtube_suggest,2026-09-12 19:04:03.729952
2687,11,62,wheat field cinematic,0.3333,3,1,47.33,youtube_suggest,2026-09-12 19:04:03.730165
2688,11,62,wheat field diorama,0.3333,3,1,47.33,youtube_suggest,2026-09-12 19:04:03.730363
2689,11,62,wheat field drawing,0.3333,3,1,47.33,youtube_suggest,2026-09-12 19:04:03.730569
2690,11,62,wheat dove field,0.3333,3,1,47.33,youtube_suggest,2026-09-12 19:04:03.730756
2691,11,62,wheat field scene,0.3333,3,1,47.33,youtube_suggest,2026-09-12 19:04:03.730943
2692,11,62,wheat field footage,0.3333,3,1,47.33,youtube_suggest,2026-09-12 19:04:03.731154
2693,11,62,wheat field harvest,0.3333,3,1,47.33,youtube_suggest,2026-09-12 19:04:03.731343
2694,11,62,wheat field animal crossing,0.2857,4,1,46.0,youtube_suggest,2026-09-12 19:04:03.731539
2695,11,62,wheat field acrylic painting,0.2857,4,1,46.0,youtube_suggest,2026-09-12 19:04:03.731735
2696,11,62,wheat field alan walker,0.2857,4,1,46.0,youtube_suggest,2026-09-12 19:04:03.731937
2697,11,62,wheat field background loop,0.2857,4,1,46.0,youtube_suggest,2026-09-12 19:04:03.740793
2698,11,62,wheat field chinese song,0.2857,4,1,46.0,youtube_suggest,2026-09-12 19:04:03.741127
2699,11,62,wheat field drone shot,0.2857,4,1,46.0,youtube_suggest,2026-09-12 19:04:03.741318
2700,11,62,minecraft wheat field design,0.2857,4,1,46.0,youtube_suggest,2026-09-12 19:04:03.741483
2701,11,62,wheat field sound effect,0.2857,4,1,46.0,youtube_suggest,2026-09-12 19:04:03.741638
2702,11,62,wheat field stock footage,0.2857,4,1,46.0,youtube_suggest,2026-09-12 19:04:03.741787
2703,11,62,colossal titan dc2 download,0.2857,4,1,46.0,youtube_suggest,2026-09-12 19:04:03.741967
2704,11,62,wind over the wheat field female cover,0.2222,7,1,45.56,youtube_suggest,2026-09-12 19:04:03.742119
2705,11,62,wheat field backpack type adjustable pesticide automatic sprayer,0.1818,8,1,42.73,youtube_suggest,2026-09-12 19:04:03.742283
2706,11,62,wheat field,0.4,2,0,38.0,youtube_suggest,2026-09-12 19:04:03.742442
2707,11,62,wheat from farm to table,0.1429,5,1,38.0,youtube_suggest,2026-09-12 19:04:03.746331
2708,11,62,wheat fields and old dirt roads,0.1111,6,1,37.78,youtube_suggest,2026-09-12 19:04:03.746761
2709,11,62,wheat farm create mod 1.21.1,0.125,5,1,36.75,youtube_suggest,2026-09-12 19:04:03.747050
2710,11,62,wheat farm for minecraft bedrock,0.125,5,1,36.75,youtube_suggest,2026-09-12 19:04:03.747392
2711,11,62,wheat farm for donut smp,0.125,5,1,36.75,youtube_suggest,2026-09-12 19:04:03.747554
2712,11,62,wheat farm automatic 1.21,0.1429,4,1,36.0,youtube_suggest,2026-09-12 19:04:03.747703
2713,11,62,wheat planting to harvest,0.1429,4,1,36.0,youtube_suggest,2026-09-12 19:04:03.747864
2714,11,62,wheat farm design hypixel skyblock,0.1111,5,1,35.78,youtube_suggest,2026-09-12 19:04:03.748047
2715,11,62,wheat farm automatic minecraft,0.125,4,1,34.75,youtube_suggest,2026-09-12 19:04:03.748215
2716,11,62,wheat farm block tycoon,0.125,4,1,34.75,youtube_suggest,2026-09-12 19:04:03.752014
2717,11,62,wheat farm build minecraft,0.125,4,1,34.75,youtube_suggest,2026-09-12 19:04:03.752951
2718,11,62,bone meal wheat farm,0.125,4,1,34.75,youtube_suggest,2026-09-12 19:04:03.753203
2719,11,62,wheat farm create mod,0.125,4,1,34.75,youtube_suggest,2026-09-12 19:04:03.753356
2720,11,62,wheat farm cubecraft skyblock,0.125,4,1,34.75,youtube_suggest,2026-09-12 19:04:03.753542
2721,11,62,wheat crop farm minecraft,0.125,4,1,34.75,youtube_suggest,2026-09-12 19:04:03.753739
2722,11,62,wheat farm design minecraft,0.125,4,1,34.75,youtube_suggest,2026-09-12 19:04:03.753946
2723,11,62,wheat farm donut smp,0.125,4,1,34.75,youtube_suggest,2026-09-12 19:04:03.754163
2724,11,62,titan quest colossus form,0.125,4,1,34.75,youtube_suggest,2026-09-12 19:04:03.754345
2725,11,62,wheat farm machine minecraft,0.125,4,1,34.75,youtube_suggest,2026-09-12 19:04:03.754535
2726,11,62,wheat seed cleaning machine,0.125,4,1,34.75,youtube_suggest,2026-09-12 19:04:03.754715
2727,11,62,wheat farm automatic,0.1429,3,1,34.0,youtube_suggest,2026-09-12 19:04:03.754955
2728,11,62,wheat farm bedrock,0.1429,3,1,34.0,youtube_suggest,2026-09-12 19:04:03.755146
2729,11,62,wheat carrot farm,0.1429,3,1,34.0,youtube_suggest,2026-09-12 19:04:03.755327
2730,11,62,wheat farm drawing,0.1429,3,1,34.0,youtube_suggest,2026-09-12 19:04:03.755509
2731,12,63,wheat field video,0.5,3,1,59.0,youtube_suggest,2026-09-12 19:05:26.434071
2732,12,63,wheat from field to flour,0.4,5,1,56.0,youtube_suggest,2026-09-12 19:05:26.434510
2733,12,63,wheat field background video,0.4,4,1,54.0,youtube_suggest,2026-09-12 19:05:26.434754
2734,12,63,wheat field blowing in the wind,0.3333,6,1,53.33,youtube_suggest,2026-09-12 19:05:26.434992
2735,12,63,wheat field minecraft,0.4,3,1,52.0,youtube_suggest,2026-09-12 19:05:26.435217
2736,12,63,wheat field ambience,0.4,3,1,52.0,youtube_suggest,2026-09-12 19:05:26.440671
2737,12,63,wheat field gladiator,0.4,3,1,52.0,youtube_suggest,2026-09-12 19:05:26.441154
2738,12,63,wheat field fire,0.4,3,1,52.0,youtube_suggest,2026-09-12 19:05:26.441449
2739,12,63,wheat field sounds,0.4,3,1,52.0,youtube_suggest,2026-09-12 19:05:26.441685
2740,12,63,wheat field sunset,0.4,3,1,52.0,youtube_suggest,2026-09-12 19:05:26.441900
2741,12,63,wheat field painting,0.4,3,1,52.0,youtube_suggest,2026-09-12 19:05:26.442114
2742,12,63,wheat field acnh,0.4,3,1,52.0,youtube_suggest,2026-09-12 19:05:26.442339
2743,12,63,wheat field asmr,0.4,3,1,52.0,youtube_suggest,2026-09-12 19:05:26.442782
2744,12,63,wheat field ambient,0.4,3,1,52.0,youtube_suggest,2026-09-12 19:05:26.443030
2745,12,63,wheat field background,0.4,3,1,52.0,youtube_suggest,2026-09-12 19:05:26.443244
2746,12,63,wheat field blender,0.4,3,1,52.0,youtube_suggest,2026-09-12 19:05:26.443506
2747,12,63,wheat field cinematic,0.4,3,1,52.0,youtube_suggest,2026-09-12 19:05:26.443743
2748,12,63,wheat field diorama,0.4,3,1,52.0,youtube_suggest,2026-09-12 19:05:26.443994
2749,12,63,wheat field drawing,0.4,3,1,52.0,youtube_suggest,2026-09-12 19:05:26.444208
2750,12,63,wheat dove field,0.4,3,1,52.0,youtube_suggest,2026-09-12 19:05:26.444440
2751,12,63,wheat field scene,0.4,3,1,52.0,youtube_suggest,2026-09-12 19:05:26.448997
2752,12,63,wheat field footage,0.4,3,1,52.0,youtube_suggest,2026-09-12 19:05:26.449298
2753,12,63,wheat field harvest,0.4,3,1,52.0,youtube_suggest,2026-09-12 19:05:26.449578
2754,12,63,wheat field animal crossing,0.3333,4,1,49.33,youtube_suggest,2026-09-12 19:05:26.449811
2755,12,63,wheat field acrylic painting,0.3333,4,1,49.33,youtube_suggest,2026-09-12 19:05:26.450073
2756,12,63,wheat field alan walker,0.3333,4,1,49.33,youtube_suggest,2026-09-12 19:05:26.450304
2757,12,63,wheat field background loop,0.3333,4,1,49.33,youtube_suggest,2026-09-12 19:05:26.450557
2758,12,63,wheat field chinese song,0.3333,4,1,49.33,youtube_suggest,2026-09-12 19:05:26.450799
2759,12,63,wheat field drone shot,0.3333,4,1,49.33,youtube_suggest,2026-09-12 19:05:26.451062
2760,12,63,minecraft wheat field design,0.3333,4,1,49.33,youtube_suggest,2026-09-12 19:05:26.451286
2761,12,63,wheat field sound effect,0.3333,4,1,49.33,youtube_suggest,2026-09-12 19:05:26.451851
2762,12,63,wheat field stock footage,0.3333,4,1,49.33,youtube_suggest,2026-09-12 19:05:26.452108
2763,12,63,wind over the wheat field female cover,0.25,7,1,47.5,youtube_suggest,2026-09-12 19:05:26.452338
2764,12,63,wheat field,0.5,2,0,45.0,youtube_suggest,2026-09-12 19:05:26.456928
2765,12,63,wheat sifter,0.5,2,0,45.0,youtube_suggest,2026-09-12 19:05:26.457235
2766,12,63,wheat field backpack type adjustable pesticide automatic sprayer,0.2,8,1,44.0,youtube_suggest,2026-09-12 19:05:26.457471
2767,12,63,wheat from farm to table,0.1667,5,1,39.67,youtube_suggest,2026-09-12 19:05:26.457686
2768,12,63,wheat fields and old dirt roads,0.125,6,1,38.75,youtube_suggest,2026-09-12 19:05:26.457894
2769,12,63,wheat farm create mod 1.21.1,0.1429,5,1,38.0,youtube_suggest,2026-09-12 19:05:26.458105
2770,12,63,wheat farm for minecraft bedrock,0.1429,5,1,38.0,youtube_suggest,2026-09-12 19:05:26.458311
2771,12,63,wheat farm for donut smp,0.1429,5,1,38.0,youtube_suggest,2026-09-12 19:05:26.458537
2772,12,63,solar panel racking system ground mount,0.1111,6,1,37.78,youtube_suggest,2026-09-12 19:05:26.458747
2773,12,63,wheat farm automatic 1.21,0.1667,4,1,37.67,youtube_suggest,2026-09-12 19:05:26.458980
2774,12,63,solar system for fields,0.1667,4,1,37.67,youtube_suggest,2026-09-12 19:05:26.459212
2775,12,63,wheat planting to harvest,0.1667,4,1,37.67,youtube_suggest,2026-09-12 19:05:26.459504
2776,12,63,wheat farm design hypixel skyblock,0.125,5,1,36.75,youtube_suggest,2026-09-12 19:05:26.459733
2777,12,63,wheat farm automatic minecraft,0.1429,4,1,36.0,youtube_suggest,2026-09-12 19:05:26.459951
2778,12,63,wheat farm block tycoon,0.1429,4,1,36.0,youtube_suggest,2026-09-12 19:05:26.460159
2779,12,63,wheat farm build minecraft,0.1429,4,1,36.0,youtube_suggest,2026-09-12 19:05:26.460409
2780,12,63,bone meal wheat farm,0.1429,4,1,36.0,youtube_suggest,2026-09-12 19:05:26.461802
2781,12,63,wheat farm create mod,0.1429,4,1,36.0,youtube_suggest,2026-09-12 19:05:26.462050
2782,12,63,wheat farm cubecraft skyblock,0.1429,4,1,36.0,youtube_suggest,2026-09-12 19:05:26.462271
2783,12,63,wheat crop farm minecraft,0.1429,4,1,36.0,youtube_suggest,2026-09-12 19:05:26.462522
2784,12,63,wheat farm design minecraft,0.1429,4,1,36.0,youtube_suggest,2026-09-12 19:05:26.462728
2785,12,63,wheat farm donut smp,0.1429,4,1,36.0,youtube_suggest,2026-09-12 19:05:26.464952
2786,12,63,solar powered trash compactor,0.1429,4,1,36.0,youtube_suggest,2026-09-12 19:05:26.465473
2787,12,63,solar corona elektrische maschine,0.1429,4,1,36.0,youtube_suggest,2026-09-12 19:05:26.467129
2788,12,63,solar system treadmill race,0.1429,4,1,36.0,youtube_suggest,2026-09-12 19:05:26.467398
2789,12,63,wheat farm machine minecraft,0.1429,4,1,36.0,youtube_suggest,2026-09-12 19:05:26.467788
2790,12,63,wheat seed cleaning machine,0.1429,4,1,36.0,youtube_suggest,2026-09-12 19:05:26.468069
2791,13,64,the wheat in the field,0.5,5,1,63.0,youtube_suggest,2026-09-12 19:06:54.661173
2792,13,64,wheat field video,0.5,3,1,59.0,youtube_suggest,2026-09-12 19:06:54.661474
2793,13,64,wheat from field to flour,0.4,5,1,56.0,youtube_suggest,2026-09-12 19:06:54.661692
2794,13,64,wheat field background video,0.4,4,1,54.0,youtube_suggest,2026-09-12 19:06:54.661911
2795,13,64,wheat field blowing in the wind,0.3333,6,1,53.33,youtube_suggest,2026-09-12 19:06:54.666058
2796,13,64,wheat field minecraft,0.4,3,1,52.0,youtube_suggest,2026-09-12 19:06:54.666516
2797,13,64,wheat field ambience,0.4,3,1,52.0,youtube_suggest,2026-09-12 19:06:54.666816
2798,13,64,wheat field gladiator,0.4,3,1,52.0,youtube_suggest,2026-09-12 19:06:54.667018
2799,13,64,wheat field fire,0.4,3,1,52.0,youtube_suggest,2026-09-12 19:06:54.667211
2800,13,64,wheat field sounds,0.4,3,1,52.0,youtube_suggest,2026-09-12 19:06:54.667397
2801,13,64,wheat field sunset,0.4,3,1,52.0,youtube_suggest,2026-09-12 19:06:54.667647
2802,13,64,wheat field painting,0.4,3,1,52.0,youtube_suggest,2026-09-12 19:06:54.667862
2803,13,64,wheat field acnh,0.4,3,1,52.0,youtube_suggest,2026-09-12 19:06:54.668050
2804,13,64,wheat field asmr,0.4,3,1,52.0,youtube_suggest,2026-09-12 19:06:54.668235
2805,13,64,wheat field ambient,0.4,3,1,52.0,youtube_suggest,2026-09-12 19:06:54.668415
2806,13,64,wheat field background,0.4,3,1,52.0,youtube_suggest,2026-09-12 19:06:54.673749
2807,13,64,wheat field blender,0.4,3,1,52.0,youtube_suggest,2026-09-12 19:06:54.676319
2808,13,64,wheat field cinematic,0.4,3,1,52.0,youtube_suggest,2026-09-12 19:06:54.677494
2809,13,64,wheat field diorama,0.4,3,1,52.0,youtube_suggest,2026-09-12 19:06:54.677738
2810,13,64,wheat field drawing,0.4,3,1,52.0,youtube_suggest,2026-09-12 19:06:54.677955
2811,13,64,wheat dove field,0.4,3,1,52.0,youtube_suggest,2026-09-12 19:06:54.678141
2812,13,64,wheat field scene,0.4,3,1,52.0,youtube_suggest,2026-09-12 19:06:54.678352
2813,13,64,wheat field footage,0.4,3,1,52.0,youtube_suggest,2026-09-12 19:06:54.678589
2814,13,64,wheat field harvest,0.4,3,1,52.0,youtube_suggest,2026-09-12 19:06:54.683093
2815,13,64,harvester cutting wheat,0.4,3,1,52.0,youtube_suggest,2026-09-12 19:06:54.683320
2816,13,64,wheat field animal crossing,0.3333,4,1,49.33,youtube_suggest,2026-09-12 19:06:54.683541
2817,13,64,wheat field acrylic painting,0.3333,4,1,49.33,youtube_suggest,2026-09-12 19:06:54.683736
2818,13,64,wheat field alan walker,0.3333,4,1,49.33,youtube_suggest,2026-09-12 19:06:54.683936
2819,13,64,wheat field background loop,0.3333,4,1,49.33,youtube_suggest,2026-09-12 19:06:54.684126
2820,13,64,wheat field chinese song,0.3333,4,1,49.33,youtube_suggest,2026-09-12 19:06:54.684277
2821,13,64,wheat field drone shot,0.3333,4,1,49.33,youtube_suggest,2026-09-12 19:06:54.684473
2822,13,64,minecraft wheat field design,0.3333,4,1,49.33,youtube_suggest,2026-09-12 19:06:54.688972
2823,13,64,wheat field sound effect,0.3333,4,1,49.33,youtube_suggest,2026-09-12 19:06:54.689241
2824,13,64,wheat field stock footage,0.3333,4,1,49.33,youtube_suggest,2026-09-12 19:06:54.689471
2825,13,64,wind over the wheat field female cover,0.25,7,1,47.5,youtube_suggest,2026-09-12 19:06:54.689675
2826,13,64,wheat field,0.5,2,0,45.0,youtube_suggest,2026-09-12 19:06:54.689866
2827,13,64,wheat field backpack type adjustable pesticide automatic sprayer,0.2,8,1,44.0,youtube_suggest,2026-09-12 19:06:54.690056
2828,13,64,the biggest harvester in the world,0.1667,6,1,41.67,youtube_suggest,2026-09-12 19:06:54.690245
2829,13,64,harvester advert harvest for the world,0.1429,6,1,40.0,youtube_suggest,2026-09-12 19:06:54.690441
2830,13,64,harvester of the sorrow,0.2,4,1,40.0,youtube_suggest,2026-09-12 19:06:54.690623
2831,13,64,wheat from farm to table,0.1667,5,1,39.67,youtube_suggest,2026-09-12 19:06:54.690804
2832,13,64,how a wheat combine works,0.1667,5,1,39.67,youtube_suggest,2026-09-12 19:06:54.691013
2833,13,64,the combine harvester the wurzels,0.1667,5,1,39.67,youtube_suggest,2026-09-12 19:06:54.691217
2834,13,64,threshing wheat in a winepress,0.1667,5,1,39.67,youtube_suggest,2026-09-12 19:06:54.691417
2835,13,64,wheat fields and old dirt roads,0.125,6,1,38.75,youtube_suggest,2026-09-12 19:06:54.691626
2836,13,64,wheat farm create mod 1.21.1,0.1429,5,1,38.0,youtube_suggest,2026-09-12 19:06:54.691823
2837,13,64,wheat farm for minecraft bedrock,0.1429,5,1,38.0,youtube_suggest,2026-09-12 19:06:54.691998
2838,13,64,wheat farm for donut smp,0.1429,5,1,38.0,youtube_suggest,2026-09-12 19:06:54.692177
2839,13,64,the wheat farmer,0.2,3,1,38.0,youtube_suggest,2026-09-12 19:06:54.692354
2840,13,64,tractor harvesting the wheat song,0.1429,5,1,38.0,youtube_suggest,2026-09-12 19:06:54.699487
2841,13,64,the great american wheat harvest,0.1429,5,1,38.0,youtube_suggest,2026-09-12 19:06:54.700247
2842,13,64,harvesting wheat without a combine,0.1429,5,1,38.0,youtube_suggest,2026-09-12 19:06:54.700528
2843,13,64,wheat farm automatic 1.21,0.1667,4,1,37.67,youtube_suggest,2026-09-12 19:06:54.700766
2844,13,64,wheat planting to harvest,0.1667,4,1,37.67,youtube_suggest,2026-09-12 19:06:54.700958
2845,13,64,harvester machine in water,0.1667,4,1,37.67,youtube_suggest,2026-09-12 19:06:54.701145
2846,13,64,threshing wheat by machine,0.1667,4,1,37.67,youtube_suggest,2026-09-12 19:06:54.702630
2847,13,64,wheat farm design hypixel skyblock,0.125,5,1,36.75,youtube_suggest,2026-09-12 19:06:54.702943
2848,13,64,wheat farm automatic minecraft,0.1429,4,1,36.0,youtube_suggest,2026-09-12 19:06:54.703175
2849,13,64,wheat farm block tycoon,0.1429,4,1,36.0,youtube_suggest,2026-09-12 19:06:54.703369
2850,13,64,wheat farm build minecraft,0.1429,4,1,36.0,youtube_suggest,2026-09-12 19:06:54.703587
2851,14,65,wheat field video,0.4,3,1,52.0,youtube_suggest,2026-09-12 19:08:22.108112
2852,14,65,wheat from field to flour,0.3333,5,1,51.33,youtube_suggest,2026-09-12 19:08:22.109244
2853,14,65,wheat field blowing in the wind,0.2857,6,1,50.0,youtube_suggest,2026-09-12 19:08:22.111215
2854,14,65,wheat field background video,0.3333,4,1,49.33,youtube_suggest,2026-09-12 19:08:22.111520
2855,14,65,wheat field minecraft,0.3333,3,1,47.33,youtube_suggest,2026-09-12 19:08:22.111716
2856,14,65,wheat field ambience,0.3333,3,1,47.33,youtube_suggest,2026-09-12 19:08:22.111897
2857,14,65,wheat field gladiator,0.3333,3,1,47.33,youtube_suggest,2026-09-12 19:08:22.112075
2858,14,65,wheat field fire,0.3333,3,1,47.33,youtube_suggest,2026-09-12 19:08:22.112254
2859,14,65,wheat field sounds,0.3333,3,1,47.33,youtube_suggest,2026-09-12 19:08:22.112479
2860,14,65,wheat field sunset,0.3333,3,1,47.33,youtube_suggest,2026-09-12 19:08:22.115810
2861,14,65,wheat field painting,0.3333,3,1,47.33,youtube_suggest,2026-09-12 19:08:22.116409
2862,14,65,wheat field acnh,0.3333,3,1,47.33,youtube_suggest,2026-09-12 19:08:22.116860
2863,14,65,wheat field asmr,0.3333,3,1,47.33,youtube_suggest,2026-09-12 19:08:22.117080
2864,14,65,wheat field ambient,0.3333,3,1,47.33,youtube_suggest,2026-09-12 19:08:22.117283
2865,14,65,wheat field background,0.3333,3,1,47.33,youtube_suggest,2026-09-12 19:08:22.117491
2866,14,65,wheat field blender,0.3333,3,1,47.33,youtube_suggest,2026-09-12 19:08:22.118080
2867,14,65,wheat field cinematic,0.3333,3,1,47.33,youtube_suggest,2026-09-12 19:08:22.118376
2868,14,65,wheat field diorama,0.3333,3,1,47.33,youtube_suggest,2026-09-12 19:08:22.124715
2869,14,65,wheat field drawing,0.3333,3,1,47.33,youtube_suggest,2026-09-12 19:08:22.125212
2870,14,65,wheat dove field,0.3333,3,1,47.33,youtube_suggest,2026-09-12 19:08:22.125441
2871,14,65,wheat field scene,0.3333,3,1,47.33,youtube_suggest,2026-09-12 19:08:22.125643
2872,14,65,wheat field footage,0.3333,3,1,47.33,youtube_suggest,2026-09-12 19:08:22.125855
2873,14,65,wheat field harvest,0.3333,3,1,47.33,youtube_suggest,2026-09-12 19:08:22.126160
2874,14,65,wheat field animal crossing,0.2857,4,1,46.0,youtube_suggest,2026-09-12 19:08:22.126394
2875,14,65,wheat field acrylic painting,0.2857,4,1,46.0,youtube_suggest,2026-09-12 19:08:22.126588
2876,14,65,wheat field alan walker,0.2857,4,1,46.0,youtube_suggest,2026-09-12 19:08:22.126794
2877,14,65,wheat field background loop,0.2857,4,1,46.0,youtube_suggest,2026-09-12 19:08:22.126989
2878,14,65,wheat field chinese song,0.2857,4,1,46.0,youtube_suggest,2026-09-12 19:08:22.127298
2879,14,65,wheat field drone shot,0.2857,4,1,46.0,youtube_suggest,2026-09-12 19:08:22.127493
2880,14,65,minecraft wheat field design,0.2857,4,1,46.0,youtube_suggest,2026-09-12 19:08:22.127680
2881,14,65,wheat field sound effect,0.2857,4,1,46.0,youtube_suggest,2026-09-12 19:08:22.127879
2882,14,65,wheat field stock footage,0.2857,4,1,46.0,youtube_suggest,2026-09-12 19:08:22.128158
2883,14,65,wind over the wheat field female cover,0.2222,7,1,45.56,youtube_suggest,2026-09-12 19:08:22.128510
2884,14,65,wheat field backpack type adjustable pesticide automatic sprayer,0.1818,8,1,42.73,youtube_suggest,2026-09-12 19:08:22.128747
2885,14,65,wheat field,0.4,2,0,38.0,youtube_suggest,2026-09-12 19:08:22.132827
2886,14,65,wheat from farm to table,0.1429,5,1,38.0,youtube_suggest,2026-09-12 19:08:22.133116
2887,14,65,wheat fields and old dirt roads,0.1111,6,1,37.78,youtube_suggest,2026-09-12 19:08:22.133319
2888,14,65,wheat farm create mod 1.21.1,0.125,5,1,36.75,youtube_suggest,2026-09-12 19:08:22.133519
2889,14,65,wheat farm for minecraft bedrock,0.125,5,1,36.75,youtube_suggest,2026-09-12 19:08:22.133721
2890,14,65,wheat farm for donut smp,0.125,5,1,36.75,youtube_suggest,2026-09-12 19:08:22.134061
2891,14,65,wheat farm automatic 1.21,0.1429,4,1,36.0,youtube_suggest,2026-09-12 19:08:22.134250
2892,14,65,wheat planting to harvest,0.1429,4,1,36.0,youtube_suggest,2026-09-12 19:08:22.134405
2893,14,65,wheat farm design hypixel skyblock,0.1111,5,1,35.78,youtube_suggest,2026-09-12 19:08:22.134584
2894,14,65,wheat farm automatic minecraft,0.125,4,1,34.75,youtube_suggest,2026-09-12 19:08:22.134862
2895,14,65,wheat farm block tycoon,0.125,4,1,34.75,youtube_suggest,2026-09-12 19:08:22.135054
2896,14,65,wheat farm build minecraft,0.125,4,1,34.75,youtube_suggest,2026-09-12 19:08:22.135237
2897,14,65,bone meal wheat farm,0.125,4,1,34.75,youtube_suggest,2026-09-12 19:08:22.138305
2898,14,65,wheat farm create mod,0.125,4,1,34.75,youtube_suggest,2026-09-12 19:08:22.138740
2899,14,65,wheat farm cubecraft skyblock,0.125,4,1,34.75,youtube_suggest,2026-09-12 19:08:22.141074
2900,14,65,wheat crop farm minecraft,0.125,4,1,34.75,youtube_suggest,2026-09-12 19:08:22.141683
2901,14,65,wheat farm design minecraft,0.125,4,1,34.75,youtube_suggest,2026-09-12 19:08:22.142224
2902,14,65,wheat farm donut smp,0.125,4,1,34.75,youtube_suggest,2026-09-12 19:08:22.144783
2903,14,65,wheat farm machine minecraft,0.125,4,1,34.75,youtube_suggest,2026-09-12 19:08:22.145116
2904,14,65,wheat seed cleaning machine,0.125,4,1,34.75,youtube_suggest,2026-09-12 19:08:22.145351
2905,14,65,wheat farm automatic,0.1429,3,1,34.0,youtube_suggest,2026-09-12 19:08:22.145603
2906,14,65,wheat farm bedrock,0.1429,3,1,34.0,youtube_suggest,2026-09-12 19:08:22.145837
2907,14,65,wheat carrot farm,0.1429,3,1,34.0,youtube_suggest,2026-09-12 19:08:22.146082
2908,14,65,wheat farm drawing,0.1429,3,1,34.0,youtube_suggest,2026-09-12 19:08:22.146325
2909,14,65,wheat farm donut,0.1429,3,1,34.0,youtube_suggest,2026-09-12 19:08:22.146527
2910,14,65,wheat farm easy,0.1429,3,1,34.0,youtube_suggest,2026-09-12 19:08:22.146717
2911,15,66,wheat field video,0.5,3,1,59.0,youtube_suggest,2026-09-12 19:09:51.408255
2912,15,66,wheat from field to flour,0.4,5,1,56.0,youtube_suggest,2026-09-12 19:09:51.408642
2913,15,66,wheat field background video,0.4,4,1,54.0,youtube_suggest,2026-09-12 19:09:51.409083
2914,15,66,wheat field in wind,0.4,4,1,54.0,youtube_suggest,2026-09-12 19:09:51.409485
2915,15,66,wheat field blowing in the wind,0.3333,6,1,53.33,youtube_suggest,2026-09-12 19:09:51.409896
2916,15,66,wheat field minecraft,0.4,3,1,52.0,youtube_suggest,2026-09-12 19:09:51.410326
2917,15,66,wheat field ambience,0.4,3,1,52.0,youtube_suggest,2026-09-12 19:09:51.410867
2918,15,66,wheat field gladiator,0.4,3,1,52.0,youtube_suggest,2026-09-12 19:09:51.411409
2919,15,66,wheat field fire,0.4,3,1,52.0,youtube_suggest,2026-09-12 19:09:51.411833
2920,15,66,wheat field sounds,0.4,3,1,52.0,youtube_suggest,2026-09-12 19:09:51.412203
2921,15,66,wheat field sunset,0.4,3,1,52.0,youtube_suggest,2026-09-12 19:09:51.412456
2922,15,66,wheat field painting,0.4,3,1,52.0,youtube_suggest,2026-09-12 19:09:51.412741
2923,15,66,wheat field acnh,0.4,3,1,52.0,youtube_suggest,2026-09-12 19:09:51.413230
2924,15,66,wheat field asmr,0.4,3,1,52.0,youtube_suggest,2026-09-12 19:09:51.413835
2925,15,66,wheat field ambient,0.4,3,1,52.0,youtube_suggest,2026-09-12 19:09:51.414090
2926,15,66,wheat field background,0.4,3,1,52.0,youtube_suggest,2026-09-12 19:09:51.414550
2927,15,66,wheat field blender,0.4,3,1,52.0,youtube_suggest,2026-09-12 19:09:51.414759
2928,15,66,wheat field cinematic,0.4,3,1,52.0,youtube_suggest,2026-09-12 19:09:51.414914
2929,15,66,wheat field diorama,0.4,3,1,52.0,youtube_suggest,2026-09-12 19:09:51.415065
2930,15,66,wheat field drawing,0.4,3,1,52.0,youtube_suggest,2026-09-12 19:09:51.415240
2931,15,66,wheat dove field,0.4,3,1,52.0,youtube_suggest,2026-09-12 19:09:51.415451
2932,15,66,wheat field scene,0.4,3,1,52.0,youtube_suggest,2026-09-12 19:09:51.415797
2933,15,66,wheat field footage,0.4,3,1,52.0,youtube_suggest,2026-09-12 19:09:51.416017
2934,15,66,wheat field harvest,0.4,3,1,52.0,youtube_suggest,2026-09-12 19:09:51.416169
2935,15,66,wheat field animal crossing,0.3333,4,1,49.33,youtube_suggest,2026-09-12 19:09:51.416302
2936,15,66,wheat field acrylic painting,0.3333,4,1,49.33,youtube_suggest,2026-09-12 19:09:51.416441
2937,15,66,wheat field alan walker,0.3333,4,1,49.33,youtube_suggest,2026-09-12 19:09:51.416608
2938,15,66,wheat field background loop,0.3333,4,1,49.33,youtube_suggest,2026-09-12 19:09:51.416751
2939,15,66,wheat field chinese song,0.3333,4,1,49.33,youtube_suggest,2026-09-12 19:09:51.416881
2940,15,66,wheat field drone shot,0.3333,4,1,49.33,youtube_suggest,2026-09-12 19:09:51.417009
2941,15,66,minecraft wheat field design,0.3333,4,1,49.33,youtube_suggest,2026-09-12 19:09:51.417139
2942,15,66,wheat field sound effect,0.3333,4,1,49.33,youtube_suggest,2026-09-12 19:09:51.417265
2943,15,66,wheat field stock footage,0.3333,4,1,49.33,youtube_suggest,2026-09-12 19:09:51.417391
2944,15,66,wind over the wheat field female cover,0.25,7,1,47.5,youtube_suggest,2026-09-12 19:09:51.417554
2945,15,66,wheat field,0.5,2,0,45.0,youtube_suggest,2026-09-12 19:09:51.417689
2946,15,66,wheat field backpack type adjustable pesticide automatic sprayer,0.2,8,1,44.0,youtube_suggest,2026-09-12 19:09:51.417816
2947,15,66,wheat from farm to table,0.1667,5,1,39.67,youtube_suggest,2026-09-12 19:09:51.418044
2948,15,66,wheat fields and old dirt roads,0.125,6,1,38.75,youtube_suggest,2026-09-12 19:09:51.418189
2949,15,66,wheat farm create mod 1.21.1,0.1429,5,1,38.0,youtube_suggest,2026-09-12 19:09:51.418320
2950,15,66,wheat farm for minecraft bedrock,0.1429,5,1,38.0,youtube_suggest,2026-09-12 19:09:51.418534
2951,15,66,wheat farm for donut smp,0.1429,5,1,38.0,youtube_suggest,2026-09-12 19:09:51.418663
2952,15,66,wheat farm automatic 1.21,0.1667,4,1,37.67,youtube_suggest,2026-09-12 19:09:51.418789
2953,15,66,wheat planting to harvest,0.1667,4,1,37.67,youtube_suggest,2026-09-12 19:09:51.418916
2954,15,66,wheat farm design hypixel skyblock,0.125,5,1,36.75,youtube_suggest,2026-09-12 19:09:51.419046
2955,15,66,wheat farm automatic minecraft,0.1429,4,1,36.0,youtube_suggest,2026-09-12 19:09:51.419181
2956,15,66,wheat farm block tycoon,0.1429,4,1,36.0,youtube_suggest,2026-09-12 19:09:51.419321
2957,15,66,wheat farm build minecraft,0.1429,4,1,36.0,youtube_suggest,2026-09-12 19:09:51.419471
2958,15,66,bone meal wheat farm,0.1429,4,1,36.0,youtube_suggest,2026-09-12 19:09:51.419620
2959,15,66,wheat farm create mod,0.1429,4,1,36.0,youtube_suggest,2026-09-12 19:09:51.419780
2960,15,66,wheat farm cubecraft skyblock,0.1429,4,1,36.0,youtube_suggest,2026-09-12 19:09:51.419944
2961,15,66,wheat crop farm minecraft,0.1429,4,1,36.0,youtube_suggest,2026-09-12 19:09:51.420107
2962,15,66,wheat farm design minecraft,0.1429,4,1,36.0,youtube_suggest,2026-09-12 19:09:51.420254
2963,15,66,wheat farm donut smp,0.1429,4,1,36.0,youtube_suggest,2026-09-12 19:09:51.420395
2964,15,66,wheat farm machine minecraft,0.1429,4,1,36.0,youtube_suggest,2026-09-12 19:09:51.420601
2965,15,66,wheat seed cleaning machine,0.1429,4,1,36.0,youtube_suggest,2026-09-12 19:09:51.420916
2966,15,66,weather forecast winter storm,0.1429,4,1,36.0,youtube_suggest,2026-09-12 19:09:51.421156
2967,15,66,wheat farm automatic,0.1667,3,1,35.67,youtube_suggest,2026-09-12 19:09:51.421306
2968,15,66,wheat farm bedrock,0.1667,3,1,35.67,youtube_suggest,2026-09-12 19:09:51.421455
2969,15,66,wheat carrot farm,0.1667,3,1,35.67,youtube_suggest,2026-09-12 19:09:51.421596
2970,15,66,wheat farm drawing,0.1667,3,1,35.67,youtube_suggest,2026-09-12 19:09:51.421741
2971,16,67,wheat field alan walker,0.5,4,1,61.0,youtube_suggest,2026-09-12 19:11:16.481707
2972,16,67,wheat field video,0.4,3,1,52.0,youtube_suggest,2026-09-12 19:11:16.482987
2973,16,67,wheat from field to flour,0.3333,5,1,51.33,youtube_suggest,2026-09-12 19:11:16.483254
2974,16,67,wheat field blowing in the wind,0.2857,6,1,50.0,youtube_suggest,2026-09-12 19:11:16.484824
2975,16,67,wheat field background video,0.3333,4,1,49.33,youtube_suggest,2026-09-12 19:11:16.485109
2976,16,67,wheat field minecraft,0.3333,3,1,47.33,youtube_suggest,2026-09-12 19:11:16.485315
2977,16,67,wheat field ambience,0.3333,3,1,47.33,youtube_suggest,2026-09-12 19:11:16.485509
2978,16,67,wheat field gladiator,0.3333,3,1,47.33,youtube_suggest,2026-09-12 19:11:16.485697
2979,16,67,wheat field fire,0.3333,3,1,47.33,youtube_suggest,2026-09-12 19:11:16.485902
2980,16,67,wheat field sounds,0.3333,3,1,47.33,youtube_suggest,2026-09-12 19:11:16.487484
2981,16,67,wheat field sunset,0.3333,3,1,47.33,youtube_suggest,2026-09-12 19:11:16.487707
2982,16,67,wheat field painting,0.3333,3,1,47.33,youtube_suggest,2026-09-12 19:11:16.487921
2983,16,67,wheat field acnh,0.3333,3,1,47.33,youtube_suggest,2026-09-12 19:11:16.488116
2984,16,67,wheat field asmr,0.3333,3,1,47.33,youtube_suggest,2026-09-12 19:11:16.488301
2985,16,67,wheat field ambient,0.3333,3,1,47.33,youtube_suggest,2026-09-12 19:11:16.488486
2986,16,67,wheat field background,0.3333,3,1,47.33,youtube_suggest,2026-09-12 19:11:16.490122
2987,16,67,wheat field blender,0.3333,3,1,47.33,youtube_suggest,2026-09-12 19:11:16.490334
2988,16,67,wheat field cinematic,0.3333,3,1,47.33,youtube_suggest,2026-09-12 19:11:16.490522
2989,16,67,wheat field diorama,0.3333,3,1,47.33,youtube_suggest,2026-09-12 19:11:16.490709
2990,16,67,wheat field drawing,0.3333,3,1,47.33,youtube_suggest,2026-09-12 19:11:16.490906
2991,16,67,wheat dove field,0.3333,3,1,47.33,youtube_suggest,2026-09-12 19:11:16.491133
2992,16,67,wheat field scene,0.3333,3,1,47.33,youtube_suggest,2026-09-12 19:11:16.491325
2993,16,67,wheat field footage,0.3333,3,1,47.33,youtube_suggest,2026-09-12 19:11:16.491510
2994,16,67,wheat field harvest,0.3333,3,1,47.33,youtube_suggest,2026-09-12 19:11:16.491736
2995,16,67,wheat field animal crossing,0.2857,4,1,46.0,youtube_suggest,2026-09-12 19:11:16.491957
2996,16,67,wheat field acrylic painting,0.2857,4,1,46.0,youtube_suggest,2026-09-12 19:11:16.512781
2997,16,67,wheat field background loop,0.2857,4,1,46.0,youtube_suggest,2026-09-12 19:11:16.513372
2998,16,67,wheat field chinese song,0.2857,4,1,46.0,youtube_suggest,2026-09-12 19:11:16.513651
2999,16,67,wheat field drone shot,0.2857,4,1,46.0,youtube_suggest,2026-09-12 19:11:16.513858
3000,16,67,minecraft wheat field design,0.2857,4,1,46.0,youtube_suggest,2026-09-12 19:11:16.514083
3001,16,67,wheat field sound effect,0.2857,4,1,46.0,youtube_suggest,2026-09-12 19:11:16.514274
3002,16,67,wheat field stock footage,0.2857,4,1,46.0,youtube_suggest,2026-09-12 19:11:16.514461
3003,16,67,wind over the wheat field female cover,0.2222,7,1,45.56,youtube_suggest,2026-09-12 19:11:16.514655
3004,16,67,wheat field backpack type adjustable pesticide automatic sprayer,0.1818,8,1,42.73,youtube_suggest,2026-09-12 19:11:16.517114
3005,16,67,wheat field,0.4,2,0,38.0,youtube_suggest,2026-09-12 19:11:16.517363
3006,16,67,wheat from farm to table,0.1429,5,1,38.0,youtube_suggest,2026-09-12 19:11:16.519493
3007,16,67,wheat fields and old dirt roads,0.1111,6,1,37.78,youtube_suggest,2026-09-12 19:11:16.519835
3008,16,67,wheat farm create mod 1.21.1,0.125,5,1,36.75,youtube_suggest,2026-09-12 19:11:16.520066
3009,16,67,wheat farm for minecraft bedrock,0.125,5,1,36.75,youtube_suggest,2026-09-12 19:11:16.520260
3010,16,67,wheat farm for donut smp,0.125,5,1,36.75,youtube_suggest,2026-09-12 19:11:16.520663
3011,16,67,wheat farm automatic 1.21,0.1429,4,1,36.0,youtube_suggest,2026-09-12 19:11:16.520909
3012,16,67,wheat planting to harvest,0.1429,4,1,36.0,youtube_suggest,2026-09-12 19:11:16.521105
3013,16,67,wheat farm design hypixel skyblock,0.1111,5,1,35.78,youtube_suggest,2026-09-12 19:11:16.521292
3014,16,67,wheat farm automatic minecraft,0.125,4,1,34.75,youtube_suggest,2026-09-12 19:11:16.521508
3015,16,67,wheat farm block tycoon,0.125,4,1,34.75,youtube_suggest,2026-09-12 19:11:16.521696
3016,16,67,wheat farm build minecraft,0.125,4,1,34.75,youtube_suggest,2026-09-12 19:11:16.521894
3017,16,67,bone meal wheat farm,0.125,4,1,34.75,youtube_suggest,2026-09-12 19:11:16.522082
3018,16,67,wheat farm create mod,0.125,4,1,34.75,youtube_suggest,2026-09-12 19:11:16.522266
3019,16,67,wheat farm cubecraft skyblock,0.125,4,1,34.75,youtube_suggest,2026-09-12 19:11:16.522463
3020,16,67,wheat crop farm minecraft,0.125,4,1,34.75,youtube_suggest,2026-09-12 19:11:16.522659
3021,16,67,wheat farm design minecraft,0.125,4,1,34.75,youtube_suggest,2026-09-12 19:11:16.522837
3022,16,67,wheat farm donut smp,0.125,4,1,34.75,youtube_suggest,2026-09-12 19:11:16.523039
3023,16,67,wheat farm machine minecraft,0.125,4,1,34.75,youtube_suggest,2026-09-12 19:11:16.523217
3024,16,67,wheat seed cleaning machine,0.125,4,1,34.75,youtube_suggest,2026-09-12 19:11:16.523405
3025,16,67,wheat farm automatic,0.1429,3,1,34.0,youtube_suggest,2026-09-12 19:11:16.523592
3026,16,67,wheat farm bedrock,0.1429,3,1,34.0,youtube_suggest,2026-09-12 19:11:16.523787
3027,16,67,wheat carrot farm,0.1429,3,1,34.0,youtube_suggest,2026-09-12 19:11:16.523987
3028,16,67,wheat farm drawing,0.1429,3,1,34.0,youtube_suggest,2026-09-12 19:11:16.524172
3029,16,67,wheat farm donut,0.1429,3,1,34.0,youtube_suggest,2026-09-12 19:11:16.524350
3030,16,67,wheat farm easy,0.1429,3,1,34.0,youtube_suggest,2026-09-12 19:11:16.532216
3031,17,68,wheat from field to flour,0.2857,5,1,48.0,youtube_suggest,2026-09-12 19:12:45.549206
3032,17,68,wheat field blowing in the wind,0.25,6,1,47.5,youtube_suggest,2026-09-12 19:12:45.551331
3033,17,68,wheat field video,0.3333,3,1,47.33,youtube_suggest,2026-09-12 19:12:45.551627
3034,17,68,wheat field background video,0.2857,4,1,46.0,youtube_suggest,2026-09-12 19:12:45.554611
3035,17,68,wheat field minecraft,0.2857,3,1,44.0,youtube_suggest,2026-09-12 19:12:45.554982
3036,17,68,wheat field ambience,0.2857,3,1,44.0,youtube_suggest,2026-09-12 19:12:45.555228
3037,17,68,wheat field gladiator,0.2857,3,1,44.0,youtube_suggest,2026-09-12 19:12:45.555429
3038,17,68,wheat field fire,0.2857,3,1,44.0,youtube_suggest,2026-09-12 19:12:45.555638
3039,17,68,wheat field sounds,0.2857,3,1,44.0,youtube_suggest,2026-09-12 19:12:45.555826
3040,17,68,wheat field sunset,0.2857,3,1,44.0,youtube_suggest,2026-09-12 19:12:45.556028
3041,17,68,wheat field painting,0.2857,3,1,44.0,youtube_suggest,2026-09-12 19:12:45.556232
3042,17,68,wheat field acnh,0.2857,3,1,44.0,youtube_suggest,2026-09-12 19:12:45.556419
3043,17,68,wheat field asmr,0.2857,3,1,44.0,youtube_suggest,2026-09-12 19:12:45.559847
3044,17,68,wheat field ambient,0.2857,3,1,44.0,youtube_suggest,2026-09-12 19:12:45.560088
3045,17,68,wheat field background,0.2857,3,1,44.0,youtube_suggest,2026-09-12 19:12:45.560285
3046,17,68,wheat field blender,0.2857,3,1,44.0,youtube_suggest,2026-09-12 19:12:45.560491
3047,17,68,wheat field cinematic,0.2857,3,1,44.0,youtube_suggest,2026-09-12 19:12:45.560738
3048,17,68,wheat field diorama,0.2857,3,1,44.0,youtube_suggest,2026-09-12 19:12:45.560921
3049,17,68,wheat field drawing,0.2857,3,1,44.0,youtube_suggest,2026-09-12 19:12:45.561108
3050,17,68,wheat dove field,0.2857,3,1,44.0,youtube_suggest,2026-09-12 19:12:45.561274
3051,17,68,wheat field scene,0.2857,3,1,44.0,youtube_suggest,2026-09-12 19:12:45.561482
3052,17,68,wheat field footage,0.2857,3,1,44.0,youtube_suggest,2026-09-12 19:12:45.561671
3053,17,68,wind over the wheat field female cover,0.2,7,1,44.0,youtube_suggest,2026-09-12 19:12:45.561861
3054,17,68,wheat field harvest,0.2857,3,1,44.0,youtube_suggest,2026-09-12 19:12:45.562183
3055,17,68,drive over grain conveyor,0.25,4,1,43.5,youtube_suggest,2026-09-12 19:12:45.562382
3056,17,68,wheat field animal crossing,0.25,4,1,43.5,youtube_suggest,2026-09-12 19:12:45.562569
3057,17,68,wheat field acrylic painting,0.25,4,1,43.5,youtube_suggest,2026-09-12 19:12:45.562749
3058,17,68,wheat field alan walker,0.25,4,1,43.5,youtube_suggest,2026-09-12 19:12:45.562947
3059,17,68,wheat field background loop,0.25,4,1,43.5,youtube_suggest,2026-09-12 19:12:45.563159
3060,17,68,wheat field chinese song,0.25,4,1,43.5,youtube_suggest,2026-09-12 19:12:45.563388
3061,17,68,wheat field drone shot,0.25,4,1,43.5,youtube_suggest,2026-09-12 19:12:45.563598
3062,17,68,minecraft wheat field design,0.25,4,1,43.5,youtube_suggest,2026-09-12 19:12:45.563799
3063,17,68,wheat field sound effect,0.25,4,1,43.5,youtube_suggest,2026-09-12 19:12:45.564011
3064,17,68,wheat field stock footage,0.25,4,1,43.5,youtube_suggest,2026-09-12 19:12:45.564208
3065,17,68,wheat field backpack type adjustable pesticide automatic sprayer,0.1667,8,1,41.67,youtube_suggest,2026-09-12 19:12:45.564426
3066,17,68,wheat fields and old dirt roads,0.1,6,1,37.0,youtube_suggest,2026-09-12 19:12:45.567958
3067,17,68,wheat from farm to table,0.125,5,1,36.75,youtube_suggest,2026-09-12 19:12:45.568265
3068,17,68,wheat farm create mod 1.21.1,0.1111,5,1,35.78,youtube_suggest,2026-09-12 19:12:45.568502
3069,17,68,wheat farm for minecraft bedrock,0.1111,5,1,35.78,youtube_suggest,2026-09-12 19:12:45.568739
3070,17,68,wheat farm for donut smp,0.1111,5,1,35.78,youtube_suggest,2026-09-12 19:12:45.568939
3071,17,68,wheat farm design hypixel skyblock,0.1,5,1,35.0,youtube_suggest,2026-09-12 19:12:45.569132
3072,17,68,wheat farm automatic 1.21,0.125,4,1,34.75,youtube_suggest,2026-09-12 19:12:45.569334
3073,17,68,wheat planting to harvest,0.125,4,1,34.75,youtube_suggest,2026-09-12 19:12:45.569523
3074,17,68,wheat farm automatic minecraft,0.1111,4,1,33.78,youtube_suggest,2026-09-12 19:12:45.569717
3075,17,68,wheat farm block tycoon,0.1111,4,1,33.78,youtube_suggest,2026-09-12 19:12:45.569900
3076,17,68,wheat farm build minecraft,0.1111,4,1,33.78,youtube_suggest,2026-09-12 19:12:45.570082
3077,17,68,bone meal wheat farm,0.1111,4,1,33.78,youtube_suggest,2026-09-12 19:12:45.570327
3078,17,68,wheat farm create mod,0.1111,4,1,33.78,youtube_suggest,2026-09-12 19:12:45.570523
3079,17,68,wheat farm cubecraft skyblock,0.1111,4,1,33.78,youtube_suggest,2026-09-12 19:12:45.570711
3080,17,68,wheat crop farm minecraft,0.1111,4,1,33.78,youtube_suggest,2026-09-12 19:12:45.570903
3081,17,68,wheat farm design minecraft,0.1111,4,1,33.78,youtube_suggest,2026-09-12 19:12:45.571121
3082,17,68,wheat farm donut smp,0.1111,4,1,33.78,youtube_suggest,2026-09-12 19:12:45.571322
3083,17,68,wheat farm machine minecraft,0.1111,4,1,33.78,youtube_suggest,2026-09-12 19:12:45.571516
3084,17,68,wheat seed cleaning machine,0.1111,4,1,33.78,youtube_suggest,2026-09-12 19:12:45.571725
3085,17,68,wheat field,0.3333,2,0,33.33,youtube_suggest,2026-09-12 19:12:45.571912
3086,17,68,wheat farm automatic,0.125,3,1,32.75,youtube_suggest,2026-09-12 19:12:45.572097
3087,17,68,wheat farm bedrock,0.125,3,1,32.75,youtube_suggest,2026-09-12 19:12:45.572294
3088,17,68,wheat carrot farm,0.125,3,1,32.75,youtube_suggest,2026-09-12 19:12:45.572472
3089,17,68,wheat farm drawing,0.125,3,1,32.75,youtube_suggest,2026-09-12 19:12:45.580112
3090,17,68,wheat farm donut,0.125,3,1,32.75,youtube_suggest,2026-09-12 19:12:45.580651
3091,18,69,wheat field video,0.4,3,1,52.0,youtube_suggest,2026-09-12 19:14:33.329090
3092,18,69,wheat from field to flour,0.3333,5,1,51.33,youtube_suggest,2026-09-12 19:14:33.337232
3093,18,69,wheat field blowing in the wind,0.2857,6,1,50.0,youtube_suggest,2026-09-12 19:14:33.337561
3094,18,69,the crew solar crown,0.3333,4,1,49.33,youtube_suggest,2026-09-12 19:14:33.337797
3095,18,69,wheat field background video,0.3333,4,1,49.33,youtube_suggest,2026-09-12 19:14:33.338031
3096,18,69,the crew motorfest vs tdu solar crown,0.25,7,1,47.5,youtube_suggest,2026-09-12 19:14:33.338251
3097,18,69,wheat field minecraft,0.3333,3,1,47.33,youtube_suggest,2026-09-12 19:14:33.338494
3098,18,69,wheat field ambience,0.3333,3,1,47.33,youtube_suggest,2026-09-12 19:14:33.338734
3099,18,69,wheat field gladiator,0.3333,3,1,47.33,youtube_suggest,2026-09-12 19:14:33.338980
3100,18,69,wheat field fire,0.3333,3,1,47.33,youtube_suggest,2026-09-12 19:14:33.339216
3101,18,69,wheat field sounds,0.3333,3,1,47.33,youtube_suggest,2026-09-12 19:14:33.339439
3102,18,69,wheat field sunset,0.3333,3,1,47.33,youtube_suggest,2026-09-12 19:14:33.339654
3103,18,69,wheat field painting,0.3333,3,1,47.33,youtube_suggest,2026-09-12 19:14:33.339864
3104,18,69,wheat field acnh,0.3333,3,1,47.33,youtube_suggest,2026-09-12 19:14:33.340126
3105,18,69,wheat field asmr,0.3333,3,1,47.33,youtube_suggest,2026-09-12 19:14:33.340345
3106,18,69,wheat field ambient,0.3333,3,1,47.33,youtube_suggest,2026-09-12 19:14:33.346467
3107,18,69,wheat field background,0.3333,3,1,47.33,youtube_suggest,2026-09-12 19:14:33.347637
3108,18,69,wheat field blender,0.3333,3,1,47.33,youtube_suggest,2026-09-12 19:14:33.349554
3109,18,69,wheat field cinematic,0.3333,3,1,47.33,youtube_suggest,2026-09-12 19:14:33.352705
3110,18,69,wheat field diorama,0.3333,3,1,47.33,youtube_suggest,2026-09-12 19:14:33.353109
3111,18,69,wheat field drawing,0.3333,3,1,47.33,youtube_suggest,2026-09-12 19:14:33.353332
3112,18,69,wheat dove field,0.3333,3,1,47.33,youtube_suggest,2026-09-12 19:14:33.353548
3113,18,69,wheat field scene,0.3333,3,1,47.33,youtube_suggest,2026-09-12 19:14:33.353814
3114,18,69,wheat field footage,0.3333,3,1,47.33,youtube_suggest,2026-09-12 19:14:33.354046
3115,18,69,wheat field harvest,0.3333,3,1,47.33,youtube_suggest,2026-09-12 19:14:33.354264
3116,18,69,solar crown test drive,0.2857,4,1,46.0,youtube_suggest,2026-09-12 19:14:33.354474
3117,18,69,wheat field animal crossing,0.2857,4,1,46.0,youtube_suggest,2026-09-12 19:14:33.354692
3118,18,69,wheat field acrylic painting,0.2857,4,1,46.0,youtube_suggest,2026-09-12 19:14:33.354901
3119,18,69,wheat field alan walker,0.2857,4,1,46.0,youtube_suggest,2026-09-12 19:14:33.355130
3120,18,69,wheat field background loop,0.2857,4,1,46.0,youtube_suggest,2026-09-12 19:14:33.355408
3121,18,69,wheat field chinese song,0.2857,4,1,46.0,youtube_suggest,2026-09-12 19:14:33.355626
3122,18,69,wheat field drone shot,0.2857,4,1,46.0,youtube_suggest,2026-09-12 19:14:33.355834
3123,18,69,minecraft wheat field design,0.2857,4,1,46.0,youtube_suggest,2026-09-12 19:14:33.356048
3124,18,69,wheat field sound effect,0.2857,4,1,46.0,youtube_suggest,2026-09-12 19:14:33.356261
3125,18,69,wheat field stock footage,0.2857,4,1,46.0,youtube_suggest,2026-09-12 19:14:33.356486
3126,18,69,wind over the wheat field female cover,0.2222,7,1,45.56,youtube_suggest,2026-09-12 19:14:33.366551
3127,18,69,test drive solar crown map,0.25,5,1,45.5,youtube_suggest,2026-09-12 19:14:33.366870
3128,18,69,wheat field backpack type adjustable pesticide automatic sprayer,0.1818,8,1,42.73,youtube_suggest,2026-09-12 19:14:33.367435
3129,18,69,wheat field,0.4,2,0,38.0,youtube_suggest,2026-09-12 19:14:33.368852
3130,18,69,wheat from farm to table,0.1429,5,1,38.0,youtube_suggest,2026-09-12 19:14:33.369122
3131,18,69,wheat fields and old dirt roads,0.1111,6,1,37.78,youtube_suggest,2026-09-12 19:14:33.369349
3132,18,69,wheat farm create mod 1.21.1,0.125,5,1,36.75,youtube_suggest,2026-09-12 19:14:33.369572
3133,18,69,wheat farm for minecraft bedrock,0.125,5,1,36.75,youtube_suggest,2026-09-12 19:14:33.369789
3134,18,69,wheat farm for donut smp,0.125,5,1,36.75,youtube_suggest,2026-09-12 19:14:33.370012
3135,18,69,wheat farm automatic 1.21,0.1429,4,1,36.0,youtube_suggest,2026-09-12 19:14:33.370222
3136,18,69,wheat planting to harvest,0.1429,4,1,36.0,youtube_suggest,2026-09-12 19:14:33.370429
3137,18,69,wheat farm design hypixel skyblock,0.1111,5,1,35.78,youtube_suggest,2026-09-12 19:14:33.370638
3138,18,69,wheatfield with cypresses,0.1667,3,1,35.67,youtube_suggest,2026-09-12 19:14:33.370869
3139,18,69,wheat farm automatic minecraft,0.125,4,1,34.75,youtube_suggest,2026-09-12 19:14:33.371121
3140,18,69,wheat farm block tycoon,0.125,4,1,34.75,youtube_suggest,2026-09-12 19:14:33.371331
3141,18,69,wheat farm build minecraft,0.125,4,1,34.75,youtube_suggest,2026-09-12 19:14:33.371529
3142,18,69,bone meal wheat farm,0.125,4,1,34.75,youtube_suggest,2026-09-12 19:14:33.371750
3143,18,69,wheat farm create mod,0.125,4,1,34.75,youtube_suggest,2026-09-12 19:14:33.371972
3144,18,69,wheat farm cubecraft skyblock,0.125,4,1,34.75,youtube_suggest,2026-09-12 19:14:33.372181
3145,18,69,wheat crop farm minecraft,0.125,4,1,34.75,youtube_suggest,2026-09-12 19:14:33.372383
3146,18,69,wheat farm design minecraft,0.125,4,1,34.75,youtube_suggest,2026-09-12 19:14:33.382961
3147,18,69,wheat farm donut smp,0.125,4,1,34.75,youtube_suggest,2026-09-12 19:14:33.383311
3148,18,69,wheat farm machine minecraft,0.125,4,1,34.75,youtube_suggest,2026-09-12 19:14:33.383523
3149,18,69,wheat seed cleaning machine,0.125,4,1,34.75,youtube_suggest,2026-09-12 19:14:33.383711
3150,18,69,wheatfield under thunderclouds,0.1429,3,1,34.0,youtube_suggest,2026-09-12 19:14:33.383909
3151,19,70,wheat field video,0.4,3,1,52.0,youtube_suggest,2026-09-12 19:16:02.763902
3152,19,70,the root network,0.4,3,1,52.0,youtube_suggest,2026-09-12 19:16:02.764213
3153,19,70,wheat from field to flour,0.3333,5,1,51.33,youtube_suggest,2026-09-12 19:16:02.764424
3154,19,70,wheat field blowing in the wind,0.2857,6,1,50.0,youtube_suggest,2026-09-12 19:16:02.766406
3155,19,70,wheat field background video,0.3333,4,1,49.33,youtube_suggest,2026-09-12 19:16:02.766678
3156,19,70,root ripper for excavator,0.3333,4,1,49.33,youtube_suggest,2026-09-12 19:16:02.766899
3157,19,70,root rake on excavator,0.3333,4,1,49.33,youtube_suggest,2026-09-12 19:16:02.768715
3158,19,70,root ripper for mini excavator,0.2857,5,1,48.0,youtube_suggest,2026-09-12 19:16:02.769104
3159,19,70,wheat field minecraft,0.3333,3,1,47.33,youtube_suggest,2026-09-12 19:16:02.769906
3160,19,70,wheat field ambience,0.3333,3,1,47.33,youtube_suggest,2026-09-12 19:16:02.770150
3161,19,70,wheat field gladiator,0.3333,3,1,47.33,youtube_suggest,2026-09-12 19:16:02.770367
3162,19,70,wheat field fire,0.3333,3,1,47.33,youtube_suggest,2026-09-12 19:16:02.770657
3163,19,70,wheat field sounds,0.3333,3,1,47.33,youtube_suggest,2026-09-12 19:16:02.770841
3164,19,70,wheat field sunset,0.3333,3,1,47.33,youtube_suggest,2026-09-12 19:16:02.771083
3165,19,70,wheat field painting,0.3333,3,1,47.33,youtube_suggest,2026-09-12 19:16:02.771248
3166,19,70,wheat field acnh,0.3333,3,1,47.33,youtube_suggest,2026-09-12 19:16:02.771409
3167,19,70,wheat field asmr,0.3333,3,1,47.33,youtube_suggest,2026-09-12 19:16:02.771561
3168,19,70,wheat field ambient,0.3333,3,1,47.33,youtube_suggest,2026-09-12 19:16:02.771725
3169,19,70,wheat field background,0.3333,3,1,47.33,youtube_suggest,2026-09-12 19:16:02.771872
3170,19,70,wheat field blender,0.3333,3,1,47.33,youtube_suggest,2026-09-12 19:16:02.772017
3171,19,70,wheat field cinematic,0.3333,3,1,47.33,youtube_suggest,2026-09-12 19:16:02.772162
3172,19,70,wheat field diorama,0.3333,3,1,47.33,youtube_suggest,2026-09-12 19:16:02.772307
3173,19,70,wheat field drawing,0.3333,3,1,47.33,youtube_suggest,2026-09-12 19:16:02.772464
3174,19,70,wheat dove field,0.3333,3,1,47.33,youtube_suggest,2026-09-12 19:16:02.776599
3175,19,70,wheat field scene,0.3333,3,1,47.33,youtube_suggest,2026-09-12 19:16:02.776991
3176,19,70,wheat field footage,0.3333,3,1,47.33,youtube_suggest,2026-09-12 19:16:02.777166
3177,19,70,wheat field harvest,0.3333,3,1,47.33,youtube_suggest,2026-09-12 19:16:02.777343
3178,19,70,wheat field animal crossing,0.2857,4,1,46.0,youtube_suggest,2026-09-12 19:16:02.777510
3179,19,70,wheat field acrylic painting,0.2857,4,1,46.0,youtube_suggest,2026-09-12 19:16:02.777660
3180,19,70,wheat field alan walker,0.2857,4,1,46.0,youtube_suggest,2026-09-12 19:16:02.777817
3181,19,70,wheat field background loop,0.2857,4,1,46.0,youtube_suggest,2026-09-12 19:16:02.777968
3182,19,70,wheat field chinese song,0.2857,4,1,46.0,youtube_suggest,2026-09-12 19:16:02.778110
3183,19,70,wheat field drone shot,0.2857,4,1,46.0,youtube_suggest,2026-09-12 19:16:02.778250
3184,19,70,minecraft wheat field design,0.2857,4,1,46.0,youtube_suggest,2026-09-12 19:16:02.778388
3185,19,70,wheat field sound effect,0.2857,4,1,46.0,youtube_suggest,2026-09-12 19:16:02.778554
3186,19,70,wheat field stock footage,0.2857,4,1,46.0,youtube_suggest,2026-09-12 19:16:02.778712
3187,19,70,wind over the wheat field female cover,0.2222,7,1,45.56,youtube_suggest,2026-09-12 19:16:02.778856
3188,19,70,wheat field backpack type adjustable pesticide automatic sprayer,0.1818,8,1,42.73,youtube_suggest,2026-09-12 19:16:02.779002
3189,19,70,wheat field,0.4,2,0,38.0,youtube_suggest,2026-09-12 19:16:02.779139
3190,19,70,wheat from farm to table,0.1429,5,1,38.0,youtube_suggest,2026-09-12 19:16:02.779268
3191,19,70,root network,0.4,2,0,38.0,youtube_suggest,2026-09-12 19:16:02.779420
3192,19,70,wheat fields and old dirt roads,0.1111,6,1,37.78,youtube_suggest,2026-09-12 19:16:02.782924
3193,19,70,wheat farm create mod 1.21.1,0.125,5,1,36.75,youtube_suggest,2026-09-12 19:16:02.783169
3194,19,70,wheat farm for minecraft bedrock,0.125,5,1,36.75,youtube_suggest,2026-09-12 19:16:02.784848
3195,19,70,wheat farm for donut smp,0.125,5,1,36.75,youtube_suggest,2026-09-12 19:16:02.785154
3196,19,70,root cause root canal documentary,0.125,5,1,36.75,youtube_suggest,2026-09-12 19:16:02.785366
3197,19,70,wheat farm automatic 1.21,0.1429,4,1,36.0,youtube_suggest,2026-09-12 19:16:02.785555
3198,19,70,wheat planting to harvest,0.1429,4,1,36.0,youtube_suggest,2026-09-12 19:16:02.785736
3199,19,70,root rake on dozer,0.1429,4,1,36.0,youtube_suggest,2026-09-12 19:16:02.785908
3200,19,70,wheat farm design hypixel skyblock,0.1111,5,1,35.78,youtube_suggest,2026-09-12 19:16:02.786076
3201,19,70,wheat farm automatic minecraft,0.125,4,1,34.75,youtube_suggest,2026-09-12 19:16:02.786244
3202,19,70,wheat farm block tycoon,0.125,4,1,34.75,youtube_suggest,2026-09-12 19:16:02.786427
3203,19,70,wheat farm build minecraft,0.125,4,1,34.75,youtube_suggest,2026-09-12 19:16:02.786594
3204,19,70,bone meal wheat farm,0.125,4,1,34.75,youtube_suggest,2026-09-12 19:16:02.786774
3205,19,70,wheat farm create mod,0.125,4,1,34.75,youtube_suggest,2026-09-12 19:16:02.786962
3206,19,70,wheat farm cubecraft skyblock,0.125,4,1,34.75,youtube_suggest,2026-09-12 19:16:02.787133
3207,19,70,wheat crop farm minecraft,0.125,4,1,34.75,youtube_suggest,2026-09-12 19:16:02.787345
3208,19,70,wheat farm design minecraft,0.125,4,1,34.75,youtube_suggest,2026-09-12 19:16:02.787532
3209,19,70,wheat farm donut smp,0.125,4,1,34.75,youtube_suggest,2026-09-12 19:16:02.787721
3210,19,70,wheat farm machine minecraft,0.125,4,1,34.75,youtube_suggest,2026-09-12 19:16:02.787907
3211,20,71,wheat field video,0.5,3,1,59.0,youtube_suggest,2026-09-12 19:17:31.805827
3212,20,71,wheat from field to flour,0.4,5,1,56.0,youtube_suggest,2026-09-12 19:17:31.806330
3213,20,71,wheat field background video,0.4,4,1,54.0,youtube_suggest,2026-09-12 19:17:31.806714
3214,20,71,wheat field blowing in the wind,0.3333,6,1,53.33,youtube_suggest,2026-09-12 19:17:31.807087
3215,20,71,wheat field minecraft,0.4,3,1,52.0,youtube_suggest,2026-09-12 19:17:31.807355
3216,20,71,wheat field ambience,0.4,3,1,52.0,youtube_suggest,2026-09-12 19:17:31.807629
3217,20,71,wheat field gladiator,0.4,3,1,52.0,youtube_suggest,2026-09-12 19:17:31.812912
3218,20,71,wheat field fire,0.4,3,1,52.0,youtube_suggest,2026-09-12 19:17:31.813364
3219,20,71,wheat field sounds,0.4,3,1,52.0,youtube_suggest,2026-09-12 19:17:31.816657
3220,20,71,wheat field sunset,0.4,3,1,52.0,youtube_suggest,2026-09-12 19:17:31.817007
3221,20,71,wheat field painting,0.4,3,1,52.0,youtube_suggest,2026-09-12 19:17:31.817245
3222,20,71,wheat field acnh,0.4,3,1,52.0,youtube_suggest,2026-09-12 19:17:31.817399
3223,20,71,wheat field asmr,0.4,3,1,52.0,youtube_suggest,2026-09-12 19:17:31.817631
3224,20,71,wheat field ambient,0.4,3,1,52.0,youtube_suggest,2026-09-12 19:17:31.817821
3225,20,71,wheat field background,0.4,3,1,52.0,youtube_suggest,2026-09-12 19:17:31.817958
3226,20,71,wheat field blender,0.4,3,1,52.0,youtube_suggest,2026-09-12 19:17:31.818099
3227,20,71,wheat field cinematic,0.4,3,1,52.0,youtube_suggest,2026-09-12 19:17:31.818225
3228,20,71,wheat field diorama,0.4,3,1,52.0,youtube_suggest,2026-09-12 19:17:31.818361
3229,20,71,wheat field drawing,0.4,3,1,52.0,youtube_suggest,2026-09-12 19:17:31.818649
3230,20,71,wheat dove field,0.4,3,1,52.0,youtube_suggest,2026-09-12 19:17:31.818931
3231,20,71,wheat field scene,0.4,3,1,52.0,youtube_suggest,2026-09-12 19:17:31.819192
3232,20,71,wheat field footage,0.4,3,1,52.0,youtube_suggest,2026-09-12 19:17:31.819436
3233,20,71,wheat field harvest,0.4,3,1,52.0,youtube_suggest,2026-09-12 19:17:31.819688
3234,20,71,wheat field animal crossing,0.3333,4,1,49.33,youtube_suggest,2026-09-12 19:17:31.825094
3235,20,71,wheat field acrylic painting,0.3333,4,1,49.33,youtube_suggest,2026-09-12 19:17:31.825438
3236,20,71,wheat field alan walker,0.3333,4,1,49.33,youtube_suggest,2026-09-12 19:17:31.825736
3237,20,71,wheat field background loop,0.3333,4,1,49.33,youtube_suggest,2026-09-12 19:17:31.826009
3238,20,71,wheat field chinese song,0.3333,4,1,49.33,youtube_suggest,2026-09-12 19:17:31.826185
3239,20,71,wheat field drone shot,0.3333,4,1,49.33,youtube_suggest,2026-09-12 19:17:31.826329
3240,20,71,minecraft wheat field design,0.3333,4,1,49.33,youtube_suggest,2026-09-12 19:17:31.826472
3241,20,71,wheat field sound effect,0.3333,4,1,49.33,youtube_suggest,2026-09-12 19:17:31.826607
3242,20,71,wheat field stock footage,0.3333,4,1,49.33,youtube_suggest,2026-09-12 19:17:31.833222
3243,20,71,wind over the wheat field female cover,0.25,7,1,47.5,youtube_suggest,2026-09-12 19:17:31.833509
3244,20,71,wheat field,0.5,2,0,45.0,youtube_suggest,2026-09-12 19:17:31.833670
3245,20,71,wheat field backpack type adjustable pesticide automatic sprayer,0.2,8,1,44.0,youtube_suggest,2026-09-12 19:17:31.833891
3246,20,71,wheat from farm to table,0.1667,5,1,39.67,youtube_suggest,2026-09-12 19:17:31.834206
3247,20,71,wheat fields and old dirt roads,0.125,6,1,38.75,youtube_suggest,2026-09-12 19:17:31.834504
3248,20,71,wheat farm create mod 1.21.1,0.1429,5,1,38.0,youtube_suggest,2026-09-12 19:17:31.834775
3249,20,71,wheat farm for minecraft bedrock,0.1429,5,1,38.0,youtube_suggest,2026-09-12 19:17:31.835049
3250,20,71,wheat farm for donut smp,0.1429,5,1,38.0,youtube_suggest,2026-09-12 19:17:31.835341
3251,20,71,wheat farm automatic 1.21,0.1667,4,1,37.67,youtube_suggest,2026-09-12 19:17:31.835660
3252,20,71,wheat planting to harvest,0.1667,4,1,37.67,youtube_suggest,2026-09-12 19:17:31.835916
3253,20,71,wheat farm design hypixel skyblock,0.125,5,1,36.75,youtube_suggest,2026-09-12 19:17:31.836073
3254,20,71,wheat farm automatic minecraft,0.1429,4,1,36.0,youtube_suggest,2026-09-12 19:17:31.836263
3255,20,71,wheat farm block tycoon,0.1429,4,1,36.0,youtube_suggest,2026-09-12 19:17:31.836414
3256,20,71,wheat farm build minecraft,0.1429,4,1,36.0,youtube_suggest,2026-09-12 19:17:31.840748
3257,20,71,bone meal wheat farm,0.1429,4,1,36.0,youtube_suggest,2026-09-12 19:17:31.841081
3258,20,71,wheat farm create mod,0.1429,4,1,36.0,youtube_suggest,2026-09-12 19:17:31.841235
3259,20,71,wheat farm cubecraft skyblock,0.1429,4,1,36.0,youtube_suggest,2026-09-12 19:17:31.841388
3260,20,71,wheat crop farm minecraft,0.1429,4,1,36.0,youtube_suggest,2026-09-12 19:17:31.841519
3261,20,71,wheat farm design minecraft,0.1429,4,1,36.0,youtube_suggest,2026-09-12 19:17:31.841647
3262,20,71,wheat farm donut smp,0.1429,4,1,36.0,youtube_suggest,2026-09-12 19:17:31.841924
3263,20,71,wheat farm machine minecraft,0.1429,4,1,36.0,youtube_suggest,2026-09-12 19:17:31.842326
3264,20,71,wheat seed cleaning machine,0.1429,4,1,36.0,youtube_suggest,2026-09-12 19:17:31.844689
3265,20,71,wheat farm automatic,0.1667,3,1,35.67,youtube_suggest,2026-09-12 19:17:31.845142
3266,20,71,wheat farm bedrock,0.1667,3,1,35.67,youtube_suggest,2026-09-12 19:17:31.845346
3267,20,71,wheat carrot farm,0.1667,3,1,35.67,youtube_suggest,2026-09-12 19:17:31.845526
3268,20,71,wheat farm drawing,0.1667,3,1,35.67,youtube_suggest,2026-09-12 19:17:31.845685
3269,20,71,wheat farm donut,0.1667,3,1,35.67,youtube_suggest,2026-09-12 19:17:31.845838
3270,20,71,wheat farm easy,0.1667,3,1,35.67,youtube_suggest,2026-09-12 19:17:31.845989
3271,21,72,what is a grain elevator,0.4,5,1,56.0,youtube_suggest,2026-09-12 19:18:55.542946
3272,21,72,wheat field video,0.4,3,1,52.0,youtube_suggest,2026-09-12 19:18:55.543317
3273,21,72,wheat from field to flour,0.3333,5,1,51.33,youtube_suggest,2026-09-12 19:18:55.543521
3274,21,72,grain elevator how it works,0.3333,5,1,51.33,youtube_suggest,2026-09-12 19:18:55.543690
3275,21,72,wheat field blowing in the wind,0.2857,6,1,50.0,youtube_suggest,2026-09-12 19:18:55.544779
3276,21,72,wheat field background video,0.3333,4,1,49.33,youtube_suggest,2026-09-12 19:18:55.544998
3277,21,72,wheat field minecraft,0.3333,3,1,47.33,youtube_suggest,2026-09-12 19:18:55.545165
3278,21,72,wheat field ambience,0.3333,3,1,47.33,youtube_suggest,2026-09-12 19:18:55.545339
3279,21,72,wheat field gladiator,0.3333,3,1,47.33,youtube_suggest,2026-09-12 19:18:55.545499
3280,21,72,wheat field fire,0.3333,3,1,47.33,youtube_suggest,2026-09-12 19:18:55.545679
3281,21,72,wheat field sounds,0.3333,3,1,47.33,youtube_suggest,2026-09-12 19:18:55.545884
3282,21,72,wheat field sunset,0.3333,3,1,47.33,youtube_suggest,2026-09-12 19:18:55.546073
3283,21,72,wheat field painting,0.3333,3,1,47.33,youtube_suggest,2026-09-12 19:18:55.546269
3284,21,72,wheat field acnh,0.3333,3,1,47.33,youtube_suggest,2026-09-12 19:18:55.546476
3285,21,72,wheat field asmr,0.3333,3,1,47.33,youtube_suggest,2026-09-12 19:18:55.546665
3286,21,72,wheat field ambient,0.3333,3,1,47.33,youtube_suggest,2026-09-12 19:18:55.546846
3287,21,72,wheat field background,0.3333,3,1,47.33,youtube_suggest,2026-09-12 19:18:55.547032
3288,21,72,wheat field blender,0.3333,3,1,47.33,youtube_suggest,2026-09-12 19:18:55.547227
3289,21,72,wheat field cinematic,0.3333,3,1,47.33,youtube_suggest,2026-09-12 19:18:55.547427
3290,21,72,wheat field diorama,0.3333,3,1,47.33,youtube_suggest,2026-09-12 19:18:55.547633
3291,21,72,wheat field drawing,0.3333,3,1,47.33,youtube_suggest,2026-09-12 19:18:55.547825
3292,21,72,wheat dove field,0.3333,3,1,47.33,youtube_suggest,2026-09-12 19:18:55.548013
3293,21,72,wheat field scene,0.3333,3,1,47.33,youtube_suggest,2026-09-12 19:18:55.548203
3294,21,72,wheat field footage,0.3333,3,1,47.33,youtube_suggest,2026-09-12 19:18:55.548409
3295,21,72,wheat field harvest,0.3333,3,1,47.33,youtube_suggest,2026-09-12 19:18:55.559753
3296,21,72,wheat field animal crossing,0.2857,4,1,46.0,youtube_suggest,2026-09-12 19:18:55.560087
3297,21,72,wheat field acrylic painting,0.2857,4,1,46.0,youtube_suggest,2026-09-12 19:18:55.560286
3298,21,72,wheat field alan walker,0.2857,4,1,46.0,youtube_suggest,2026-09-12 19:18:55.560464
3299,21,72,wheat field background loop,0.2857,4,1,46.0,youtube_suggest,2026-09-12 19:18:55.563239
3300,21,72,wheat field chinese song,0.2857,4,1,46.0,youtube_suggest,2026-09-12 19:18:55.563497
3301,21,72,wheat field drone shot,0.2857,4,1,46.0,youtube_suggest,2026-09-12 19:18:55.563726
3302,21,72,minecraft wheat field design,0.2857,4,1,46.0,youtube_suggest,2026-09-12 19:18:55.563998
3303,21,72,wheat field sound effect,0.2857,4,1,46.0,youtube_suggest,2026-09-12 19:18:55.564189
3304,21,72,wheat field stock footage,0.2857,4,1,46.0,youtube_suggest,2026-09-12 19:18:55.564378
3305,21,72,tom scott grain elevator,0.2857,4,1,46.0,youtube_suggest,2026-09-12 19:18:55.566612
3306,21,72,grain elevator dust explosion,0.2857,4,1,46.0,youtube_suggest,2026-09-12 19:18:55.566980
3307,21,72,wind over the wheat field female cover,0.2222,7,1,45.56,youtube_suggest,2026-09-12 19:18:55.567190
3308,21,72,wheat field backpack type adjustable pesticide automatic sprayer,0.1818,8,1,42.73,youtube_suggest,2026-09-12 19:18:55.567396
3309,21,72,wheat field,0.4,2,0,38.0,youtube_suggest,2026-09-12 19:18:55.570263
3310,21,72,wheat from farm to table,0.1429,5,1,38.0,youtube_suggest,2026-09-12 19:18:55.570577
3311,21,72,wheat fields and old dirt roads,0.1111,6,1,37.78,youtube_suggest,2026-09-12 19:18:55.570795
3312,21,72,wheat farm create mod 1.21.1,0.125,5,1,36.75,youtube_suggest,2026-09-12 19:18:55.571018
3313,21,72,wheat farm for minecraft bedrock,0.125,5,1,36.75,youtube_suggest,2026-09-12 19:18:55.571217
3314,21,72,wheat farm for donut smp,0.125,5,1,36.75,youtube_suggest,2026-09-12 19:18:55.571408
3315,21,72,wheat farm automatic 1.21,0.1429,4,1,36.0,youtube_suggest,2026-09-12 19:18:55.571598
3316,21,72,wheat planting to harvest,0.1429,4,1,36.0,youtube_suggest,2026-09-12 19:18:55.571796
3317,21,72,wheat farm design hypixel skyblock,0.1111,5,1,35.78,youtube_suggest,2026-09-12 19:18:55.571985
3318,21,72,wheat farm automatic minecraft,0.125,4,1,34.75,youtube_suggest,2026-09-12 19:18:55.572166
3319,21,72,wheat farm block tycoon,0.125,4,1,34.75,youtube_suggest,2026-09-12 19:18:55.572352
3320,21,72,wheat farm build minecraft,0.125,4,1,34.75,youtube_suggest,2026-09-12 19:18:55.579668
3321,21,72,bone meal wheat farm,0.125,4,1,34.75,youtube_suggest,2026-09-12 19:18:55.580311
3322,21,72,wheat farm create mod,0.125,4,1,34.75,youtube_suggest,2026-09-12 19:18:55.580592
3323,21,72,wheat farm cubecraft skyblock,0.125,4,1,34.75,youtube_suggest,2026-09-12 19:18:55.580807
3324,21,72,wheat crop farm minecraft,0.125,4,1,34.75,youtube_suggest,2026-09-12 19:18:55.581072
3325,21,72,wheat farm design minecraft,0.125,4,1,34.75,youtube_suggest,2026-09-12 19:18:55.581263
3326,21,72,wheat farm donut smp,0.125,4,1,34.75,youtube_suggest,2026-09-12 19:18:55.581451
3327,21,72,grain silo collapse explosion,0.125,4,1,34.75,youtube_suggest,2026-09-12 19:18:55.581630
3328,21,72,wheat farm machine minecraft,0.125,4,1,34.75,youtube_suggest,2026-09-12 19:18:55.581804
3329,21,72,wheat seed cleaning machine,0.125,4,1,34.75,youtube_suggest,2026-09-12 19:18:55.581994
3330,21,72,wheat farm automatic,0.1429,3,1,34.0,youtube_suggest,2026-09-12 19:18:55.582166
3331,22,73,wheat field harvest,0.6,3,1,66.0,youtube_suggest,2026-09-12 19:20:24.651874
3332,22,73,wheat field video,0.4,3,1,52.0,youtube_suggest,2026-09-12 19:20:24.652192
3333,22,73,wheat from field to flour,0.3333,5,1,51.33,youtube_suggest,2026-09-12 19:20:24.652414
3334,22,73,wheat field blowing in the wind,0.2857,6,1,50.0,youtube_suggest,2026-09-12 19:20:24.656832
3335,22,73,wheat field background video,0.3333,4,1,49.33,youtube_suggest,2026-09-12 19:20:24.657137
3336,22,73,wheat planting to harvest,0.3333,4,1,49.33,youtube_suggest,2026-09-12 19:20:24.657341
3337,22,73,wheat field minecraft,0.3333,3,1,47.33,youtube_suggest,2026-09-12 19:20:24.657533
3338,22,73,wheat field ambience,0.3333,3,1,47.33,youtube_suggest,2026-09-12 19:20:24.657724
3339,22,73,wheat field gladiator,0.3333,3,1,47.33,youtube_suggest,2026-09-12 19:20:24.657966
3340,22,73,wheat field fire,0.3333,3,1,47.33,youtube_suggest,2026-09-12 19:20:24.658155
3341,22,73,wheat field sounds,0.3333,3,1,47.33,youtube_suggest,2026-09-12 19:20:24.658379
3342,22,73,wheat field sunset,0.3333,3,1,47.33,youtube_suggest,2026-09-12 19:20:24.658576
3343,22,73,wheat field painting,0.3333,3,1,47.33,youtube_suggest,2026-09-12 19:20:24.658780
3344,22,73,wheat field acnh,0.3333,3,1,47.33,youtube_suggest,2026-09-12 19:20:24.658975
3345,22,73,wheat field asmr,0.3333,3,1,47.33,youtube_suggest,2026-09-12 19:20:24.659208
3346,22,73,wheat field ambient,0.3333,3,1,47.33,youtube_suggest,2026-09-12 19:20:24.665766
3347,22,73,wheat field background,0.3333,3,1,47.33,youtube_suggest,2026-09-12 19:20:24.666267
3348,22,73,wheat field blender,0.3333,3,1,47.33,youtube_suggest,2026-09-12 19:20:24.666490
3349,22,73,wheat field cinematic,0.3333,3,1,47.33,youtube_suggest,2026-09-12 19:20:24.667774
3350,22,73,wheat field diorama,0.3333,3,1,47.33,youtube_suggest,2026-09-12 19:20:24.668094
3351,22,73,wheat field drawing,0.3333,3,1,47.33,youtube_suggest,2026-09-12 19:20:24.668301
3352,22,73,wheat dove field,0.3333,3,1,47.33,youtube_suggest,2026-09-12 19:20:24.668491
3353,22,73,wheat field scene,0.3333,3,1,47.33,youtube_suggest,2026-09-12 19:20:24.676151
3354,22,73,wheat field footage,0.3333,3,1,47.33,youtube_suggest,2026-09-12 19:20:24.676403
3355,22,73,wheat field animal crossing,0.2857,4,1,46.0,youtube_suggest,2026-09-12 19:20:24.676645
3356,22,73,wheat field acrylic painting,0.2857,4,1,46.0,youtube_suggest,2026-09-12 19:20:24.676843
3357,22,73,wheat field alan walker,0.2857,4,1,46.0,youtube_suggest,2026-09-12 19:20:24.677047
3358,22,73,wheat field background loop,0.2857,4,1,46.0,youtube_suggest,2026-09-12 19:20:24.677237
3359,22,73,wheat field chinese song,0.2857,4,1,46.0,youtube_suggest,2026-09-12 19:20:24.677423
3360,22,73,wheat field drone shot,0.2857,4,1,46.0,youtube_suggest,2026-09-12 19:20:24.677611
3361,22,73,minecraft wheat field design,0.2857,4,1,46.0,youtube_suggest,2026-09-12 19:20:24.677794
3362,22,73,wheat field sound effect,0.2857,4,1,46.0,youtube_suggest,2026-09-12 19:20:24.677992
3363,22,73,wheat field stock footage,0.2857,4,1,46.0,youtube_suggest,2026-09-12 19:20:24.678175
3364,22,73,wind over the wheat field female cover,0.2222,7,1,45.56,youtube_suggest,2026-09-12 19:20:24.678370
3365,22,73,wheat field backpack type adjustable pesticide automatic sprayer,0.1818,8,1,42.73,youtube_suggest,2026-09-12 19:20:24.678553
3366,22,73,wheat field,0.4,2,0,38.0,youtube_suggest,2026-09-12 19:20:24.678733
3367,22,73,wheat from farm to table,0.1429,5,1,38.0,youtube_suggest,2026-09-12 19:20:24.678929
3368,22,73,wheat fields and old dirt roads,0.1111,6,1,37.78,youtube_suggest,2026-09-12 19:20:24.679151
3369,22,73,wheat farm create mod 1.21.1,0.125,5,1,36.75,youtube_suggest,2026-09-12 19:20:24.679333
3370,22,73,wheat farm for minecraft bedrock,0.125,5,1,36.75,youtube_suggest,2026-09-12 19:20:24.679514
3371,22,73,wheat farm for donut smp,0.125,5,1,36.75,youtube_suggest,2026-09-12 19:20:24.679697
3372,22,73,chrono trigger nu farming,0.1429,4,1,36.0,youtube_suggest,2026-09-12 19:20:24.679888
3373,22,73,wheat farm automatic 1.21,0.1429,4,1,36.0,youtube_suggest,2026-09-12 19:20:24.680068
3374,22,73,wheat farm design hypixel skyblock,0.1111,5,1,35.78,youtube_suggest,2026-09-12 19:20:24.680238
3375,22,73,chrono trigger type beat,0.125,4,1,34.75,youtube_suggest,2026-09-12 19:20:24.680415
3376,22,73,wheat farm automatic minecraft,0.125,4,1,34.75,youtube_suggest,2026-09-12 19:20:24.686062
3377,22,73,wheat farm block tycoon,0.125,4,1,34.75,youtube_suggest,2026-09-12 19:20:24.686459
3378,22,73,wheat farm build minecraft,0.125,4,1,34.75,youtube_suggest,2026-09-12 19:20:24.686689
3379,22,73,bone meal wheat farm,0.125,4,1,34.75,youtube_suggest,2026-09-12 19:20:24.688996
3380,22,73,wheat farm create mod,0.125,4,1,34.75,youtube_suggest,2026-09-12 19:20:24.689272
3381,22,73,wheat farm cubecraft skyblock,0.125,4,1,34.75,youtube_suggest,2026-09-12 19:20:24.689525
3382,22,73,wheat crop farm minecraft,0.125,4,1,34.75,youtube_suggest,2026-09-12 19:20:24.689778
3383,22,73,wheat farm design minecraft,0.125,4,1,34.75,youtube_suggest,2026-09-12 19:20:24.690018
3384,22,73,wheat farm donut smp,0.125,4,1,34.75,youtube_suggest,2026-09-12 19:20:24.690240
3385,22,73,wheat farm machine minecraft,0.125,4,1,34.75,youtube_suggest,2026-09-12 19:20:24.690468
3386,22,73,wheat seed cleaning machine,0.125,4,1,34.75,youtube_suggest,2026-09-12 19:20:24.690695
3387,22,73,chrono trigger future,0.1429,3,1,34.0,youtube_suggest,2026-09-12 19:20:24.690910
3388,22,73,chrono trigger farming,0.1429,3,1,34.0,youtube_suggest,2026-09-12 19:20:24.692512
3389,22,73,wheat farm automatic,0.1429,3,1,34.0,youtube_suggest,2026-09-12 19:20:24.706490
3390,22,73,wheat farm bedrock,0.1429,3,1,34.0,youtube_suggest,2026-09-12 19:20:24.706722
3391,23,74,corn in corn field,0.4,4,1,54.0,youtube_suggest,2026-09-12 19:21:48.038086
3392,23,74,corn field blowing in the wind,0.2857,6,1,50.0,youtube_suggest,2026-09-12 19:21:48.038362
3393,23,74,clown in the corn field explained,0.2857,6,1,50.0,youtube_suggest,2026-09-12 19:21:48.038550
3394,23,74,corn field at night,0.3333,4,1,49.33,youtube_suggest,2026-09-12 19:21:48.038753
3395,23,74,corn field background video,0.3333,4,1,49.33,youtube_suggest,2026-09-12 19:21:48.038959
3396,23,74,clown in the corn field explained in hindi,0.25,8,1,47.5,youtube_suggest,2026-09-12 19:21:48.039157
3397,23,74,colossal corn removal,0.3333,3,1,47.33,youtube_suggest,2026-09-12 19:21:48.039342
3398,23,74,corn field song,0.3333,3,1,47.33,youtube_suggest,2026-09-12 19:21:48.039523
3399,23,74,corn field fire,0.3333,3,1,47.33,youtube_suggest,2026-09-12 19:21:48.039704
3400,23,74,corn field ambience,0.3333,3,1,47.33,youtube_suggest,2026-09-12 19:21:48.039888
3401,23,74,corn field interstellar,0.3333,3,1,47.33,youtube_suggest,2026-09-12 19:21:48.040081
3402,23,74,corn field piano,0.3333,3,1,47.33,youtube_suggest,2026-09-12 19:21:48.040265
3403,23,74,corn field maze,0.3333,3,1,47.33,youtube_suggest,2026-09-12 19:21:48.040440
3404,23,74,corn field asmr,0.3333,3,1,47.33,youtube_suggest,2026-09-12 19:21:48.044831
3405,23,74,corn field akbar,0.3333,3,1,47.33,youtube_suggest,2026-09-12 19:21:48.045114
3406,23,74,corn field animation,0.3333,3,1,47.33,youtube_suggest,2026-09-12 19:21:48.045312
3407,23,74,apocalypto corn field,0.3333,3,1,47.33,youtube_suggest,2026-09-12 19:21:48.045498
3408,23,74,corn field background,0.3333,3,1,47.33,youtube_suggest,2026-09-12 19:21:48.045683
3409,23,74,corn field baseball,0.3333,3,1,47.33,youtube_suggest,2026-09-12 19:21:48.045869
3410,23,74,corn field bgm,0.3333,3,1,47.33,youtube_suggest,2026-09-12 19:21:48.046068
3411,23,74,corn field drawing,0.3333,3,1,47.33,youtube_suggest,2026-09-12 19:21:48.046252
3412,23,74,corn field drone,0.3333,3,1,47.33,youtube_suggest,2026-09-12 19:21:48.046461
3413,23,74,corn field documentary,0.3333,3,1,47.33,youtube_suggest,2026-09-12 19:21:48.046657
3414,23,74,corn field footage,0.3333,3,1,47.33,youtube_suggest,2026-09-12 19:21:48.046849
3415,23,74,corn field farming,0.3333,3,1,47.33,youtube_suggest,2026-09-12 19:21:48.053028
3416,23,74,corn field machine,0.3333,3,1,47.33,youtube_suggest,2026-09-12 19:21:48.053983
3417,23,74,corn field duck hunting,0.2857,4,1,46.0,youtube_suggest,2026-09-12 19:21:48.054240
3418,23,74,corn field goose hunt,0.2857,4,1,46.0,youtube_suggest,2026-09-12 19:21:48.054432
3419,23,74,corn field acrylic painting,0.2857,4,1,46.0,youtube_suggest,2026-09-12 19:21:48.056076
3420,23,74,corn field coyote hunting,0.2857,4,1,46.0,youtube_suggest,2026-09-12 19:21:48.056314
3421,23,74,corn field dove hunting,0.2857,4,1,46.0,youtube_suggest,2026-09-12 19:21:48.056510
3422,23,74,corn field deer hunting,0.2857,4,1,46.0,youtube_suggest,2026-09-12 19:21:48.056772
3423,23,74,corn field drone footage,0.2857,4,1,46.0,youtube_suggest,2026-09-12 19:21:48.056991
3424,23,74,corn field fire emergency,0.2857,4,1,46.0,youtube_suggest,2026-09-12 19:21:48.057194
3425,23,74,corn field sound effect,0.2857,4,1,46.0,youtube_suggest,2026-09-12 19:21:48.057395
3426,23,74,corn field full movie,0.2857,4,1,46.0,youtube_suggest,2026-09-12 19:21:48.057595
3427,23,74,corn field dirt bike track,0.25,5,1,45.5,youtube_suggest,2026-09-12 19:21:48.057786
3428,23,74,how does corn cap remove corn,0.125,6,1,38.75,youtube_suggest,2026-09-12 19:21:48.058010
3429,23,74,corn field,0.4,2,0,38.0,youtube_suggest,2026-09-12 19:21:48.058197
3430,23,74,corn after corn cap,0.1429,4,1,36.0,youtube_suggest,2026-09-12 19:21:48.058384
3431,23,74,corn maze at night,0.1429,4,1,36.0,youtube_suggest,2026-09-12 19:21:48.060573
3432,23,74,corn maze el paso,0.1429,4,1,36.0,youtube_suggest,2026-09-12 19:21:48.060870
3433,23,74,corn maze fnaf vr,0.1429,4,1,36.0,youtube_suggest,2026-09-12 19:21:48.061081
3434,23,74,corn maze fnaf help wanted,0.1111,5,1,35.78,youtube_suggest,2026-09-12 19:21:48.061277
3435,23,74,corn maze aesop rock,0.125,4,1,34.75,youtube_suggest,2026-09-12 19:21:48.061463
3436,23,74,corn fields back home,0.125,4,1,34.75,youtube_suggest,2026-09-12 19:21:48.061648
3437,23,74,corn removal huge,0.1429,3,1,34.0,youtube_suggest,2026-09-12 19:21:48.061832
3438,23,74,corn cap review,0.1429,3,1,34.0,youtube_suggest,2026-09-12 19:21:48.063565
3439,23,74,corn cap tape,0.1429,3,1,34.0,youtube_suggest,2026-09-12 19:21:48.063765
3440,23,74,corn maze ambience,0.1429,3,1,34.0,youtube_suggest,2026-09-12 19:21:48.065677
3441,23,74,corn maze bgsi,0.1429,3,1,34.0,youtube_suggest,2026-09-12 19:21:48.065876
3442,23,74,corn maze blesiv,0.1429,3,1,34.0,youtube_suggest,2026-09-12 19:21:48.066141
3443,23,74,corn maze edmonton,0.1429,3,1,34.0,youtube_suggest,2026-09-12 19:21:48.066330
3444,23,74,corn maze escape,0.1429,3,1,34.0,youtube_suggest,2026-09-12 19:21:48.066678
3445,23,74,corn maze fnaf,0.1429,3,1,34.0,youtube_suggest,2026-09-12 19:21:48.066919
3446,23,74,corn maze fortnite,0.1429,3,1,34.0,youtube_suggest,2026-09-12 19:21:48.067116
3447,23,74,corn maze funny,0.1429,3,1,34.0,youtube_suggest,2026-09-12 19:21:48.067327
3448,23,74,cornfield chase piano tutorial,0.0,4,1,26.0,youtube_suggest,2026-09-12 19:21:48.067511
3449,23,74,cornfield chase piano,0.0,3,1,24.0,youtube_suggest,2026-09-12 19:21:48.067689
3450,23,74,cornfield chase loop,0.0,3,1,24.0,youtube_suggest,2026-09-12 19:21:48.067866
3451,24,75,corn in corn field,0.4,4,1,54.0,youtube_suggest,2026-09-12 19:23:13.687599
3452,24,75,stuck in a corn silo,0.3333,5,1,51.33,youtube_suggest,2026-09-12 19:23:13.687847
3453,24,75,corn field blowing in the wind,0.2857,6,1,50.0,youtube_suggest,2026-09-12 19:23:13.688045
3454,24,75,clown in the corn field explained,0.2857,6,1,50.0,youtube_suggest,2026-09-12 19:23:13.688264
3455,24,75,corn field at night,0.3333,4,1,49.33,youtube_suggest,2026-09-12 19:23:13.692731
3456,24,75,corn field background video,0.3333,4,1,49.33,youtube_suggest,2026-09-12 19:23:13.693101
3457,24,75,stuck in corn silo,0.3333,4,1,49.33,youtube_suggest,2026-09-12 19:23:13.693381
3458,24,75,clown in the corn field explained in hindi,0.25,8,1,47.5,youtube_suggest,2026-09-12 19:23:13.693626
3459,24,75,corn field song,0.3333,3,1,47.33,youtube_suggest,2026-09-12 19:23:13.693857
3460,24,75,corn field fire,0.3333,3,1,47.33,youtube_suggest,2026-09-12 19:23:13.694196
3461,24,75,corn field ambience,0.3333,3,1,47.33,youtube_suggest,2026-09-12 19:23:13.694486
3462,24,75,corn field interstellar,0.3333,3,1,47.33,youtube_suggest,2026-09-12 19:23:13.694720
3463,24,75,corn field piano,0.3333,3,1,47.33,youtube_suggest,2026-09-12 19:23:13.694979
3464,24,75,corn field maze,0.3333,3,1,47.33,youtube_suggest,2026-09-12 19:23:13.695173
3465,24,75,corn field asmr,0.3333,3,1,47.33,youtube_suggest,2026-09-12 19:23:13.695310
3466,24,75,corn field akbar,0.3333,3,1,47.33,youtube_suggest,2026-09-12 19:23:13.695471
3467,24,75,corn field animation,0.3333,3,1,47.33,youtube_suggest,2026-09-12 19:23:13.695650
3468,24,75,apocalypto corn field,0.3333,3,1,47.33,youtube_suggest,2026-09-12 19:23:13.695811
3469,24,75,corn field background,0.3333,3,1,47.33,youtube_suggest,2026-09-12 19:23:13.695992
3470,24,75,corn field baseball,0.3333,3,1,47.33,youtube_suggest,2026-09-12 19:23:13.696221
3471,24,75,corn field bgm,0.3333,3,1,47.33,youtube_suggest,2026-09-12 19:23:13.703830
3472,24,75,corn field drawing,0.3333,3,1,47.33,youtube_suggest,2026-09-12 19:23:13.704320
3473,24,75,corn field drone,0.3333,3,1,47.33,youtube_suggest,2026-09-12 19:23:13.704825
3474,24,75,corn field documentary,0.3333,3,1,47.33,youtube_suggest,2026-09-12 19:23:13.705083
3475,24,75,corn field footage,0.3333,3,1,47.33,youtube_suggest,2026-09-12 19:23:13.705331
3476,24,75,corn field farming,0.3333,3,1,47.33,youtube_suggest,2026-09-12 19:23:13.705533
3477,24,75,corn field machine,0.3333,3,1,47.33,youtube_suggest,2026-09-12 19:23:13.705664
3478,24,75,corn field duck hunting,0.2857,4,1,46.0,youtube_suggest,2026-09-12 19:23:13.705796
3479,24,75,corn field goose hunt,0.2857,4,1,46.0,youtube_suggest,2026-09-12 19:23:13.705937
3480,24,75,corn field acrylic painting,0.2857,4,1,46.0,youtube_suggest,2026-09-12 19:23:13.706063
3481,24,75,corn field coyote hunting,0.2857,4,1,46.0,youtube_suggest,2026-09-12 19:23:13.706192
3482,24,75,corn field dove hunting,0.2857,4,1,46.0,youtube_suggest,2026-09-12 19:23:13.706325
3483,24,75,corn field deer hunting,0.2857,4,1,46.0,youtube_suggest,2026-09-12 19:23:13.706463
3484,24,75,corn field drone footage,0.2857,4,1,46.0,youtube_suggest,2026-09-12 19:23:13.706596
3485,24,75,corn field fire emergency,0.2857,4,1,46.0,youtube_suggest,2026-09-12 19:23:13.706730
3486,24,75,corn field sound effect,0.2857,4,1,46.0,youtube_suggest,2026-09-12 19:23:13.706861
3487,24,75,corn field full movie,0.2857,4,1,46.0,youtube_suggest,2026-09-12 19:23:13.707005
3488,24,75,corn field dirt bike track,0.25,5,1,45.5,youtube_suggest,2026-09-12 19:23:13.707134
3489,24,75,corn field,0.4,2,0,38.0,youtube_suggest,2026-09-12 19:23:13.707250
3490,24,75,stuck in a grain silo,0.1429,5,1,38.0,youtube_suggest,2026-09-12 19:23:13.707394
3491,24,75,falling into a grain silo,0.125,5,1,36.75,youtube_suggest,2026-09-12 19:23:13.707522
3492,24,75,corn maze at night,0.1429,4,1,36.0,youtube_suggest,2026-09-12 19:23:13.707649
3493,24,75,corn maze el paso,0.1429,4,1,36.0,youtube_suggest,2026-09-12 19:23:13.707777
3494,24,75,corn maze fnaf vr,0.1429,4,1,36.0,youtube_suggest,2026-09-12 19:23:13.707925
3495,24,75,corn maze fnaf help wanted,0.1111,5,1,35.78,youtube_suggest,2026-09-12 19:23:13.708056
3496,24,75,corn maze aesop rock,0.125,4,1,34.75,youtube_suggest,2026-09-12 19:23:13.708195
3497,24,75,corn fields back home,0.125,4,1,34.75,youtube_suggest,2026-09-12 19:23:13.708325
3498,24,75,corn maze ambience,0.1429,3,1,34.0,youtube_suggest,2026-09-12 19:23:13.708455
3499,24,75,corn maze bgsi,0.1429,3,1,34.0,youtube_suggest,2026-09-12 19:23:13.716974
3500,24,75,corn maze blesiv,0.1429,3,1,34.0,youtube_suggest,2026-09-12 19:23:13.717215
3501,24,75,corn maze edmonton,0.1429,3,1,34.0,youtube_suggest,2026-09-12 19:23:13.717364
3502,24,75,corn maze escape,0.1429,3,1,34.0,youtube_suggest,2026-09-12 19:23:13.717507
3503,24,75,corn maze fnaf,0.1429,3,1,34.0,youtube_suggest,2026-09-12 19:23:13.720901
3504,24,75,corn maze fortnite,0.1429,3,1,34.0,youtube_suggest,2026-09-12 19:23:13.721076
3505,24,75,corn maze funny,0.1429,3,1,34.0,youtube_suggest,2026-09-12 19:23:13.721220
3506,24,75,cornfield chase piano tutorial,0.0,4,1,26.0,youtube_suggest,2026-09-12 19:23:13.721358
3507,24,75,cornfield chase piano,0.0,3,1,24.0,youtube_suggest,2026-09-12 19:23:13.721509
3508,24,75,cornfield chase loop,0.0,3,1,24.0,youtube_suggest,2026-09-12 19:23:13.721650
3509,24,75,cornfield chase interstellar,0.0,3,1,24.0,youtube_suggest,2026-09-12 19:23:13.721781
3510,24,75,cornfield chase scene,0.0,3,1,24.0,youtube_suggest,2026-09-12 19:23:13.721927
3511,33,76,the whispering forest,0.5,3,1,59.0,youtube_suggest,2026-09-12 19:24:45.850617
3512,33,76,forest harvester machine,0.4,3,1,52.0,youtube_suggest,2026-09-12 19:24:45.850918
3513,33,76,forest harvester,0.5,2,0,45.0,youtube_suggest,2026-09-12 19:24:45.851201
3514,33,76,the spell of the winter forest,0.1667,6,1,41.67,youtube_suggest,2026-09-12 19:24:45.851402
3515,33,76,forest blakk if you love her,0.1429,6,1,40.0,youtube_suggest,2026-09-12 19:24:45.852917
3516,33,76,sons of the forest machine gun,0.1429,6,1,40.0,youtube_suggest,2026-09-12 19:24:45.853162
3517,33,76,forest blakk i choose you,0.1667,5,1,39.67,youtube_suggest,2026-09-12 19:24:45.853362
3518,33,76,forest machinery euro truck simulator 2,0.125,6,1,38.75,youtube_suggest,2026-09-12 19:24:45.853554
3519,33,76,random forest in machine learning in telugu,0.125,7,1,38.75,youtube_suggest,2026-09-12 19:24:45.853764
3520,33,76,random forest in machine learning tamil,0.125,6,1,38.75,youtube_suggest,2026-09-12 19:24:45.853971
3521,33,76,random forest in machine learning example,0.125,6,1,38.75,youtube_suggest,2026-09-12 19:24:45.854155
3522,33,76,random forest in machine learning malayalam,0.125,6,1,38.75,youtube_suggest,2026-09-12 19:24:45.854358
3523,33,76,random forest in machine learning numerical,0.125,6,1,38.75,youtube_suggest,2026-09-12 19:24:45.854551
3524,33,76,bagging random forest in machine learning,0.125,6,1,38.75,youtube_suggest,2026-09-12 19:24:45.854736
3525,33,76,forest at night,0.2,3,1,38.0,youtube_suggest,2026-09-12 19:24:45.854944
3526,33,76,forest blakk fall into me,0.1429,5,1,38.0,youtube_suggest,2026-09-12 19:24:45.855128
3527,33,76,forest encounters caught on camera,0.1429,5,1,38.0,youtube_suggest,2026-09-12 19:24:45.855310
3528,33,76,forest the machine,0.2,3,1,38.0,youtube_suggest,2026-09-12 19:24:45.855488
3529,33,76,random forest for machine learning,0.1429,5,1,38.0,youtube_suggest,2026-09-12 19:24:45.855653
3530,33,76,isolation forest in machine learning,0.1429,5,1,38.0,youtube_suggest,2026-09-12 19:24:45.855842
3531,33,76,random forest in machine learning,0.1429,5,1,38.0,youtube_suggest,2026-09-12 19:24:45.856058
3532,33,76,random forest in machine learning mahesh huddar,0.1111,7,1,37.78,youtube_suggest,2026-09-12 19:24:45.856249
3533,33,76,random forest machine learning krish naik,0.1111,6,1,37.78,youtube_suggest,2026-09-12 19:24:45.856436
3534,33,76,forest fire prediction using machine learning,0.1111,6,1,37.78,youtube_suggest,2026-09-12 19:24:45.860862
3535,33,76,forest fire detection using machine learning,0.1111,6,1,37.78,youtube_suggest,2026-09-12 19:24:45.861140
3536,33,76,forest animals for kids,0.1667,4,1,37.67,youtube_suggest,2026-09-12 19:24:45.861340
3537,33,76,the whispering tree farmer,0.1667,4,1,37.67,youtube_suggest,2026-09-12 19:24:45.861529
3538,33,76,the wuzzles combine harvester,0.1667,4,1,37.67,youtube_suggest,2026-09-12 19:24:45.861718
3539,33,76,forest machinery american truck simulator,0.125,5,1,36.75,youtube_suggest,2026-09-12 19:24:45.861906
3540,33,76,random forest algorithm machine learning,0.125,5,1,36.75,youtube_suggest,2026-09-12 19:24:45.862083
3541,33,76,forest fair mall ball machine,0.125,5,1,36.75,youtube_suggest,2026-09-12 19:24:45.862268
3542,33,76,random forest machine learning deutsch,0.125,5,1,36.75,youtube_suggest,2026-09-12 19:24:45.862443
3543,33,76,random forest machine learning explained,0.125,5,1,36.75,youtube_suggest,2026-09-12 19:24:45.862660
3544,33,76,random forest machine learning example,0.125,5,1,36.75,youtube_suggest,2026-09-12 19:24:45.862839
3545,33,76,random forest machine learning explanation,0.125,5,1,36.75,youtube_suggest,2026-09-12 19:24:45.863012
3546,33,76,big red machine forest green,0.125,5,1,36.75,youtube_suggest,2026-09-12 19:24:45.863155
3547,33,76,crystal forest slot machine jackpot,0.125,5,1,36.75,youtube_suggest,2026-09-12 19:24:45.863342
3548,33,76,deep forest live machine 2025,0.125,5,1,36.75,youtube_suggest,2026-09-12 19:24:45.863528
3549,33,76,random forest machine learning python,0.125,5,1,36.75,youtube_suggest,2026-09-12 19:24:45.863709
3550,33,76,random forest machine learning algorithm,0.125,5,1,36.75,youtube_suggest,2026-09-12 19:24:45.863904
3551,33,76,forest demon smiling friends,0.1429,4,1,36.0,youtube_suggest,2026-09-12 19:24:45.864082
3552,33,76,forest elf makeup tutorial,0.1429,4,1,36.0,youtube_suggest,2026-09-12 19:24:45.864280
3553,33,76,deep forest computer machine,0.1429,4,1,36.0,youtube_suggest,2026-09-12 19:24:45.864455
3554,33,76,ets2 forest machinery dlc,0.1429,4,1,36.0,youtube_suggest,2026-09-12 19:24:45.873046
3555,33,76,ats forest machinery dlc,0.1429,4,1,36.0,youtube_suggest,2026-09-12 19:24:45.873365
3556,33,76,ets forest machinery dlc,0.1429,4,1,36.0,youtube_suggest,2026-09-12 19:24:45.873582
3557,33,76,isolation forest machine learning,0.1429,4,1,36.0,youtube_suggest,2026-09-12 19:24:45.873821
3558,33,76,deep forest live machine,0.1429,4,1,36.0,youtube_suggest,2026-09-12 19:24:45.874097
3559,33,76,forest auto review,0.1667,3,1,35.67,youtube_suggest,2026-09-12 19:24:45.874293
3560,33,76,forest ambience dnd,0.1667,3,1,35.67,youtube_suggest,2026-09-12 19:24:45.874478
3561,33,76,forest ambience night,0.1667,3,1,35.67,youtube_suggest,2026-09-12 19:24:45.874686
3562,33,76,forest animal sounds,0.1667,3,1,35.67,youtube_suggest,2026-09-12 19:24:45.874885
3563,33,76,forest birds sounds,0.1667,3,1,35.67,youtube_suggest,2026-09-12 19:24:45.875077
3564,33,76,forest city malaysia,0.1667,3,1,35.67,youtube_suggest,2026-09-12 19:24:45.875257
3565,33,76,forest car review,0.1667,3,1,35.67,youtube_suggest,2026-09-12 19:24:45.875440
3566,33,76,forest cafe jazz,0.1667,3,1,35.67,youtube_suggest,2026-09-12 19:24:45.875622
3567,33,76,forest city worship,0.1667,3,1,35.67,youtube_suggest,2026-09-12 19:24:45.875814
3568,33,76,forest doesn't care,0.1667,3,1,35.67,youtube_suggest,2026-09-12 19:24:45.876021
3569,33,76,forest dnd music,0.1667,3,1,35.67,youtube_suggest,2026-09-12 19:24:45.876201
3570,33,76,forest elementary school,0.1667,3,1,35.67,youtube_suggest,2026-09-12 19:24:45.876378
3571,34,77,how to clean the timberland boots,0.1667,6,1,41.67,youtube_suggest,2026-09-12 19:26:08.650318
3572,34,77,forest blakk if you love her,0.1429,6,1,40.0,youtube_suggest,2026-09-12 19:26:08.650592
3573,34,77,sons of the forest machine gun,0.1429,6,1,40.0,youtube_suggest,2026-09-12 19:26:08.650772
3574,34,77,forest blakk i choose you,0.1667,5,1,39.67,youtube_suggest,2026-09-12 19:26:08.652711
3575,34,77,forest machinery euro truck simulator 2,0.125,6,1,38.75,youtube_suggest,2026-09-12 19:26:08.653150
3576,34,77,random forest in machine learning in telugu,0.125,7,1,38.75,youtube_suggest,2026-09-12 19:26:08.653371
3577,34,77,random forest in machine learning tamil,0.125,6,1,38.75,youtube_suggest,2026-09-12 19:26:08.653536
3578,34,77,random forest in machine learning example,0.125,6,1,38.75,youtube_suggest,2026-09-12 19:26:08.653769
3579,34,77,random forest in machine learning malayalam,0.125,6,1,38.75,youtube_suggest,2026-09-12 19:26:08.654105
3580,34,77,random forest in machine learning numerical,0.125,6,1,38.75,youtube_suggest,2026-09-12 19:26:08.654347
3581,34,77,bagging random forest in machine learning,0.125,6,1,38.75,youtube_suggest,2026-09-12 19:26:08.654510
3582,34,77,forest at night,0.2,3,1,38.0,youtube_suggest,2026-09-12 19:26:08.654677
3583,34,77,forest blakk fall into me,0.1429,5,1,38.0,youtube_suggest,2026-09-12 19:26:08.654952
3584,34,77,forest encounters caught on camera,0.1429,5,1,38.0,youtube_suggest,2026-09-12 19:26:08.655148
3585,34,77,timberland true grit pull on,0.1429,5,1,38.0,youtube_suggest,2026-09-12 19:26:08.655324
3586,34,77,forest the machine,0.2,3,1,38.0,youtube_suggest,2026-09-12 19:26:08.655477
3587,34,77,random forest for machine learning,0.1429,5,1,38.0,youtube_suggest,2026-09-12 19:26:08.655627
3588,34,77,isolation forest in machine learning,0.1429,5,1,38.0,youtube_suggest,2026-09-12 19:26:08.655768
3589,34,77,random forest in machine learning,0.1429,5,1,38.0,youtube_suggest,2026-09-12 19:26:08.655919
3590,34,77,random forest in machine learning mahesh huddar,0.1111,7,1,37.78,youtube_suggest,2026-09-12 19:26:08.656059
3591,34,77,random forest machine learning krish naik,0.1111,6,1,37.78,youtube_suggest,2026-09-12 19:26:08.656198
3592,34,77,forest fire prediction using machine learning,0.1111,6,1,37.78,youtube_suggest,2026-09-12 19:26:08.656373
3593,34,77,forest fire detection using machine learning,0.1111,6,1,37.78,youtube_suggest,2026-09-12 19:26:08.656527
3594,34,77,forest animals for kids,0.1667,4,1,37.67,youtube_suggest,2026-09-12 19:26:08.665706
3595,34,77,timberland boots 40 below,0.1667,4,1,37.67,youtube_suggest,2026-09-12 19:26:08.666058
3596,34,77,timberland boots on snow,0.1667,4,1,37.67,youtube_suggest,2026-09-12 19:26:08.666351
3597,34,77,timberland euro rock mid hiker,0.125,5,1,36.75,youtube_suggest,2026-09-12 19:26:08.668669
3598,34,77,timberland men's waterproof field boots,0.125,5,1,36.75,youtube_suggest,2026-09-12 19:26:08.671547
3599,34,77,forest machinery american truck simulator,0.125,5,1,36.75,youtube_suggest,2026-09-12 19:26:08.672030
3600,34,77,random forest algorithm machine learning,0.125,5,1,36.75,youtube_suggest,2026-09-12 19:26:08.672445
3601,34,77,forest fair mall ball machine,0.125,5,1,36.75,youtube_suggest,2026-09-12 19:26:08.672786
3602,34,77,random forest machine learning deutsch,0.125,5,1,36.75,youtube_suggest,2026-09-12 19:26:08.676110
3603,34,77,random forest machine learning explained,0.125,5,1,36.75,youtube_suggest,2026-09-12 19:26:08.676588
3604,34,77,random forest machine learning example,0.125,5,1,36.75,youtube_suggest,2026-09-12 19:26:08.676992
3605,34,77,random forest machine learning explanation,0.125,5,1,36.75,youtube_suggest,2026-09-12 19:26:08.677240
3606,34,77,big red machine forest green,0.125,5,1,36.75,youtube_suggest,2026-09-12 19:26:08.677448
3607,34,77,crystal forest slot machine jackpot,0.125,5,1,36.75,youtube_suggest,2026-09-12 19:26:08.677656
3608,34,77,deep forest live machine 2025,0.125,5,1,36.75,youtube_suggest,2026-09-12 19:26:08.677822
3609,34,77,random forest machine learning python,0.125,5,1,36.75,youtube_suggest,2026-09-12 19:26:08.680895
3610,34,77,random forest machine learning algorithm,0.125,5,1,36.75,youtube_suggest,2026-09-12 19:26:08.681108
3611,34,77,forest demon smiling friends,0.1429,4,1,36.0,youtube_suggest,2026-09-12 19:26:08.681381
3612,34,77,forest elf makeup tutorial,0.1429,4,1,36.0,youtube_suggest,2026-09-12 19:26:08.681806
3613,34,77,timberland scar ridge parka,0.1429,4,1,36.0,youtube_suggest,2026-09-12 19:26:08.681996
3614,34,77,timberland roll top boots,0.1429,4,1,36.0,youtube_suggest,2026-09-12 19:26:08.682159
3615,34,77,deep forest computer machine,0.1429,4,1,36.0,youtube_suggest,2026-09-12 19:26:08.682320
3616,34,77,ets2 forest machinery dlc,0.1429,4,1,36.0,youtube_suggest,2026-09-12 19:26:08.682471
3617,34,77,ats forest machinery dlc,0.1429,4,1,36.0,youtube_suggest,2026-09-12 19:26:08.684779
3618,34,77,ets forest machinery dlc,0.1429,4,1,36.0,youtube_suggest,2026-09-12 19:26:08.685012
3619,34,77,isolation forest machine learning,0.1429,4,1,36.0,youtube_suggest,2026-09-12 19:26:08.685180
3620,34,77,deep forest live machine,0.1429,4,1,36.0,youtube_suggest,2026-09-12 19:26:08.685336
3621,34,77,forest auto review,0.1667,3,1,35.67,youtube_suggest,2026-09-12 19:26:08.685497
3622,34,77,forest ambience dnd,0.1667,3,1,35.67,youtube_suggest,2026-09-12 19:26:08.685649
3623,34,77,forest ambience night,0.1667,3,1,35.67,youtube_suggest,2026-09-12 19:26:08.685797
3624,34,77,forest animal sounds,0.1667,3,1,35.67,youtube_suggest,2026-09-12 19:26:08.685957
3625,34,77,forest birds sounds,0.1667,3,1,35.67,youtube_suggest,2026-09-12 19:26:08.686106
3626,34,77,forest city malaysia,0.1667,3,1,35.67,youtube_suggest,2026-09-12 19:26:08.686254
3627,34,77,forest car review,0.1667,3,1,35.67,youtube_suggest,2026-09-12 19:26:08.686621
3628,34,77,forest cafe jazz,0.1667,3,1,35.67,youtube_suggest,2026-09-12 19:26:08.686865
3629,34,77,forest city worship,0.1667,3,1,35.67,youtube_suggest,2026-09-12 19:26:08.693047
3630,34,77,forest doesn't care,0.1667,3,1,35.67,youtube_suggest,2026-09-12 19:26:08.693229
3631,35,78,forest blakk if you love her,0.1429,6,1,40.0,youtube_suggest,2026-09-12 19:27:31.852507
3632,35,78,sons of the forest machine gun,0.1429,6,1,40.0,youtube_suggest,2026-09-12 19:27:31.852854
3633,35,78,forest blakk i choose you,0.1667,5,1,39.67,youtube_suggest,2026-09-12 19:27:31.853075
3634,35,78,forest machinery euro truck simulator 2,0.125,6,1,38.75,youtube_suggest,2026-09-12 19:27:31.853272
3635,35,78,random forest in machine learning in telugu,0.125,7,1,38.75,youtube_suggest,2026-09-12 19:27:31.853461
3636,35,78,random forest in machine learning tamil,0.125,6,1,38.75,youtube_suggest,2026-09-12 19:27:31.853647
3637,35,78,random forest in machine learning example,0.125,6,1,38.75,youtube_suggest,2026-09-12 19:27:31.853817
3638,35,78,random forest in machine learning malayalam,0.125,6,1,38.75,youtube_suggest,2026-09-12 19:27:31.854003
3639,35,78,random forest in machine learning numerical,0.125,6,1,38.75,youtube_suggest,2026-09-12 19:27:31.854192
3640,35,78,bagging random forest in machine learning,0.125,6,1,38.75,youtube_suggest,2026-09-12 19:27:31.856837
3641,35,78,forest at night,0.2,3,1,38.0,youtube_suggest,2026-09-12 19:27:31.857119
3642,35,78,forest blakk fall into me,0.1429,5,1,38.0,youtube_suggest,2026-09-12 19:27:31.858086
3643,35,78,forest encounters caught on camera,0.1429,5,1,38.0,youtube_suggest,2026-09-12 19:27:31.858946
3644,35,78,forest the machine,0.2,3,1,38.0,youtube_suggest,2026-09-12 19:27:31.859897
3645,35,78,random forest for machine learning,0.1429,5,1,38.0,youtube_suggest,2026-09-12 19:27:31.860763
3646,35,78,isolation forest in machine learning,0.1429,5,1,38.0,youtube_suggest,2026-09-12 19:27:31.861481
3647,35,78,random forest in machine learning,0.1429,5,1,38.0,youtube_suggest,2026-09-12 19:27:31.862307
3648,35,78,random forest in machine learning mahesh huddar,0.1111,7,1,37.78,youtube_suggest,2026-09-12 19:27:31.864684
3649,35,78,random forest machine learning krish naik,0.1111,6,1,37.78,youtube_suggest,2026-09-12 19:27:31.864956
3650,35,78,forest fire prediction using machine learning,0.1111,6,1,37.78,youtube_suggest,2026-09-12 19:27:31.865146
3651,35,78,forest fire detection using machine learning,0.1111,6,1,37.78,youtube_suggest,2026-09-12 19:27:31.865337
3652,35,78,forest animals for kids,0.1667,4,1,37.67,youtube_suggest,2026-09-12 19:27:31.865641
3653,35,78,forest machinery american truck simulator,0.125,5,1,36.75,youtube_suggest,2026-09-12 19:27:31.865835
3654,35,78,random forest algorithm machine learning,0.125,5,1,36.75,youtube_suggest,2026-09-12 19:27:31.866101
3655,35,78,forest fair mall ball machine,0.125,5,1,36.75,youtube_suggest,2026-09-12 19:27:31.866283
3656,35,78,random forest machine learning deutsch,0.125,5,1,36.75,youtube_suggest,2026-09-12 19:27:31.866462
3657,35,78,random forest machine learning explained,0.125,5,1,36.75,youtube_suggest,2026-09-12 19:27:31.867707
3658,35,78,random forest machine learning example,0.125,5,1,36.75,youtube_suggest,2026-09-12 19:27:31.867977
3659,35,78,random forest machine learning explanation,0.125,5,1,36.75,youtube_suggest,2026-09-12 19:27:31.868168
3660,35,78,big red machine forest green,0.125,5,1,36.75,youtube_suggest,2026-09-12 19:27:31.868346
3661,35,78,crystal forest slot machine jackpot,0.125,5,1,36.75,youtube_suggest,2026-09-12 19:27:31.868524
3662,35,78,deep forest live machine 2025,0.125,5,1,36.75,youtube_suggest,2026-09-12 19:27:31.868770
3663,35,78,random forest machine learning python,0.125,5,1,36.75,youtube_suggest,2026-09-12 19:27:31.868950
3664,35,78,random forest machine learning algorithm,0.125,5,1,36.75,youtube_suggest,2026-09-12 19:27:31.869122
3665,35,78,forest demon smiling friends,0.1429,4,1,36.0,youtube_suggest,2026-09-12 19:27:31.869276
3666,35,78,forest elf makeup tutorial,0.1429,4,1,36.0,youtube_suggest,2026-09-12 19:27:31.869460
3667,35,78,bioluminescent mushroom time lapse,0.1429,4,1,36.0,youtube_suggest,2026-09-12 19:27:31.869644
3668,35,78,deep forest computer machine,0.1429,4,1,36.0,youtube_suggest,2026-09-12 19:27:31.869817
3669,35,78,ets2 forest machinery dlc,0.1429,4,1,36.0,youtube_suggest,2026-09-12 19:27:31.870006
3670,35,78,ats forest machinery dlc,0.1429,4,1,36.0,youtube_suggest,2026-09-12 19:27:31.870183
3671,35,78,ets forest machinery dlc,0.1429,4,1,36.0,youtube_suggest,2026-09-12 19:27:31.870362
3672,35,78,isolation forest machine learning,0.1429,4,1,36.0,youtube_suggest,2026-09-12 19:27:31.876671
3673,35,78,deep forest live machine,0.1429,4,1,36.0,youtube_suggest,2026-09-12 19:27:31.877111
3674,35,78,forest auto review,0.1667,3,1,35.67,youtube_suggest,2026-09-12 19:27:31.877337
3675,35,78,forest ambience dnd,0.1667,3,1,35.67,youtube_suggest,2026-09-12 19:27:31.877538
3676,35,78,forest ambience night,0.1667,3,1,35.67,youtube_suggest,2026-09-12 19:27:31.877776
3677,35,78,forest animal sounds,0.1667,3,1,35.67,youtube_suggest,2026-09-12 19:27:31.880807
3678,35,78,forest birds sounds,0.1667,3,1,35.67,youtube_suggest,2026-09-12 19:27:31.881093
3679,35,78,forest city malaysia,0.1667,3,1,35.67,youtube_suggest,2026-09-12 19:27:31.881285
3680,35,78,forest car review,0.1667,3,1,35.67,youtube_suggest,2026-09-12 19:27:31.881475
3681,35,78,forest cafe jazz,0.1667,3,1,35.67,youtube_suggest,2026-09-12 19:27:31.881771
3682,35,78,forest city worship,0.1667,3,1,35.67,youtube_suggest,2026-09-12 19:27:31.882004
3683,35,78,forest doesn't care,0.1667,3,1,35.67,youtube_suggest,2026-09-12 19:27:31.882186
3684,35,78,forest dnd music,0.1667,3,1,35.67,youtube_suggest,2026-09-12 19:27:31.882370
3685,35,78,forest elementary school,0.1667,3,1,35.67,youtube_suggest,2026-09-12 19:27:31.882576
3686,35,78,bioluminescent mushroom terrarium,0.1667,3,1,35.67,youtube_suggest,2026-09-12 19:27:31.883015
3687,35,78,forest machine impression,0.1667,3,1,35.67,youtube_suggest,2026-09-12 19:27:31.883234
3688,35,78,forest machine operator,0.1667,3,1,35.67,youtube_suggest,2026-09-12 19:27:31.883415
3689,35,78,forest machinery dlc,0.1667,3,1,35.67,youtube_suggest,2026-09-12 19:27:31.883591
3690,35,78,forest machinery ets2,0.1667,3,1,35.67,youtube_suggest,2026-09-12 19:27:31.883810
3691,36,79,forest blakk if you love her,0.1429,6,1,40.0,youtube_suggest,2026-09-12 19:28:56.245979
3692,36,79,sons of the forest machine gun,0.1429,6,1,40.0,youtube_suggest,2026-09-12 19:28:56.247144
3693,36,79,forest blakk i choose you,0.1667,5,1,39.67,youtube_suggest,2026-09-12 19:28:56.247413
3694,36,79,forest machinery euro truck simulator 2,0.125,6,1,38.75,youtube_suggest,2026-09-12 19:28:56.247666
3695,36,79,random forest in machine learning in telugu,0.125,7,1,38.75,youtube_suggest,2026-09-12 19:28:56.247889
3696,36,79,random forest in machine learning tamil,0.125,6,1,38.75,youtube_suggest,2026-09-12 19:28:56.248126
3697,36,79,random forest in machine learning example,0.125,6,1,38.75,youtube_suggest,2026-09-12 19:28:56.249569
3698,36,79,random forest in machine learning malayalam,0.125,6,1,38.75,youtube_suggest,2026-09-12 19:28:56.249802
3699,36,79,random forest in machine learning numerical,0.125,6,1,38.75,youtube_suggest,2026-09-12 19:28:56.250018
3700,36,79,bagging random forest in machine learning,0.125,6,1,38.75,youtube_suggest,2026-09-12 19:28:56.251530
3701,36,79,forest at night,0.2,3,1,38.0,youtube_suggest,2026-09-12 19:28:56.252710
3702,36,79,forest blakk fall into me,0.1429,5,1,38.0,youtube_suggest,2026-09-12 19:28:56.252979
3703,36,79,forest encounters caught on camera,0.1429,5,1,38.0,youtube_suggest,2026-09-12 19:28:56.253183
3704,36,79,forest the machine,0.2,3,1,38.0,youtube_suggest,2026-09-12 19:28:56.253409
3705,36,79,random forest for machine learning,0.1429,5,1,38.0,youtube_suggest,2026-09-12 19:28:56.253610
3706,36,79,isolation forest in machine learning,0.1429,5,1,38.0,youtube_suggest,2026-09-12 19:28:56.253798
3707,36,79,random forest in machine learning,0.1429,5,1,38.0,youtube_suggest,2026-09-12 19:28:56.253999
3708,36,79,leviathan of parsonstown,0.2,3,1,38.0,youtube_suggest,2026-09-12 19:28:56.254177
3709,36,79,random forest in machine learning mahesh huddar,0.1111,7,1,37.78,youtube_suggest,2026-09-12 19:28:56.254406
3710,36,79,random forest machine learning krish naik,0.1111,6,1,37.78,youtube_suggest,2026-09-12 19:28:56.254615
3711,36,79,forest fire prediction using machine learning,0.1111,6,1,37.78,youtube_suggest,2026-09-12 19:28:56.254818
3712,36,79,forest fire detection using machine learning,0.1111,6,1,37.78,youtube_suggest,2026-09-12 19:28:56.255023
3713,36,79,forest animals for kids,0.1667,4,1,37.67,youtube_suggest,2026-09-12 19:28:56.255228
3714,36,79,forest machinery american truck simulator,0.125,5,1,36.75,youtube_suggest,2026-09-12 19:28:56.255447
3715,36,79,random forest algorithm machine learning,0.125,5,1,36.75,youtube_suggest,2026-09-12 19:28:56.255646
3716,36,79,forest fair mall ball machine,0.125,5,1,36.75,youtube_suggest,2026-09-12 19:28:56.255842
3717,36,79,random forest machine learning deutsch,0.125,5,1,36.75,youtube_suggest,2026-09-12 19:28:56.256042
3718,36,79,random forest machine learning explained,0.125,5,1,36.75,youtube_suggest,2026-09-12 19:28:56.259735
3719,36,79,random forest machine learning example,0.125,5,1,36.75,youtube_suggest,2026-09-12 19:28:56.259958
3720,36,79,random forest machine learning explanation,0.125,5,1,36.75,youtube_suggest,2026-09-12 19:28:56.260179
3721,36,79,big red machine forest green,0.125,5,1,36.75,youtube_suggest,2026-09-12 19:28:56.260397
3722,36,79,crystal forest slot machine jackpot,0.125,5,1,36.75,youtube_suggest,2026-09-12 19:28:56.260639
3723,36,79,deep forest live machine 2025,0.125,5,1,36.75,youtube_suggest,2026-09-12 19:28:56.260850
3724,36,79,random forest machine learning python,0.125,5,1,36.75,youtube_suggest,2026-09-12 19:28:56.261074
3725,36,79,random forest machine learning algorithm,0.125,5,1,36.75,youtube_suggest,2026-09-12 19:28:56.264925
3726,36,79,forest demon smiling friends,0.1429,4,1,36.0,youtube_suggest,2026-09-12 19:28:56.265190
3727,36,79,forest elf makeup tutorial,0.1429,4,1,36.0,youtube_suggest,2026-09-12 19:28:56.265599
3728,36,79,deep forest computer machine,0.1429,4,1,36.0,youtube_suggest,2026-09-12 19:28:56.265785
3729,36,79,ets2 forest machinery dlc,0.1429,4,1,36.0,youtube_suggest,2026-09-12 19:28:56.266009
3730,36,79,ats forest machinery dlc,0.1429,4,1,36.0,youtube_suggest,2026-09-12 19:28:56.266176
3731,36,79,ets forest machinery dlc,0.1429,4,1,36.0,youtube_suggest,2026-09-12 19:28:56.266340
3732,36,79,isolation forest machine learning,0.1429,4,1,36.0,youtube_suggest,2026-09-12 19:28:56.266485
3733,36,79,deep forest live machine,0.1429,4,1,36.0,youtube_suggest,2026-09-12 19:28:56.266869
3734,36,79,forest auto review,0.1667,3,1,35.67,youtube_suggest,2026-09-12 19:28:56.267038
3735,36,79,forest ambience dnd,0.1667,3,1,35.67,youtube_suggest,2026-09-12 19:28:56.267186
3736,36,79,forest ambience night,0.1667,3,1,35.67,youtube_suggest,2026-09-12 19:28:56.267339
3737,36,79,forest animal sounds,0.1667,3,1,35.67,youtube_suggest,2026-09-12 19:28:56.267483
3738,36,79,forest birds sounds,0.1667,3,1,35.67,youtube_suggest,2026-09-12 19:28:56.267716
3739,36,79,forest city malaysia,0.1667,3,1,35.67,youtube_suggest,2026-09-12 19:28:56.267870
3740,36,79,forest car review,0.1667,3,1,35.67,youtube_suggest,2026-09-12 19:28:56.268018
3741,36,79,forest cafe jazz,0.1667,3,1,35.67,youtube_suggest,2026-09-12 19:28:56.268161
3742,36,79,forest city worship,0.1667,3,1,35.67,youtube_suggest,2026-09-12 19:28:56.268316
3743,36,79,forest doesn't care,0.1667,3,1,35.67,youtube_suggest,2026-09-12 19:28:56.268458
3744,36,79,forest dnd music,0.1667,3,1,35.67,youtube_suggest,2026-09-12 19:28:56.268650
3745,36,79,forest elementary school,0.1667,3,1,35.67,youtube_suggest,2026-09-12 19:28:56.268933
3746,36,79,forest machine impression,0.1667,3,1,35.67,youtube_suggest,2026-09-12 19:28:56.269144
3747,36,79,forest machine operator,0.1667,3,1,35.67,youtube_suggest,2026-09-12 19:28:56.269366
3748,36,79,forest machinery dlc,0.1667,3,1,35.67,youtube_suggest,2026-09-12 19:28:56.269565
3749,36,79,forest machinery ets2,0.1667,3,1,35.67,youtube_suggest,2026-09-12 19:28:56.269762
3750,36,79,forest machine learning,0.1667,3,1,35.67,youtube_suggest,2026-09-12 19:28:56.270161
3751,37,80,the casket of the ancient winters,0.1667,6,1,41.67,youtube_suggest,2026-09-12 19:30:25.605622
3752,37,80,forest blakk if you love her,0.1429,6,1,40.0,youtube_suggest,2026-09-12 19:30:25.606077
3753,37,80,sons of the forest machine gun,0.1429,6,1,40.0,youtube_suggest,2026-09-12 19:30:25.606392
3754,37,80,forest blakk i choose you,0.1667,5,1,39.67,youtube_suggest,2026-09-12 19:30:25.606654
3755,37,80,forest machinery euro truck simulator 2,0.125,6,1,38.75,youtube_suggest,2026-09-12 19:30:25.606889
3756,37,80,random forest in machine learning in telugu,0.125,7,1,38.75,youtube_suggest,2026-09-12 19:30:25.607041
3757,37,80,random forest in machine learning tamil,0.125,6,1,38.75,youtube_suggest,2026-09-12 19:30:25.607210
3758,37,80,random forest in machine learning example,0.125,6,1,38.75,youtube_suggest,2026-09-12 19:30:25.607380
3759,37,80,random forest in machine learning malayalam,0.125,6,1,38.75,youtube_suggest,2026-09-12 19:30:25.607565
3760,37,80,random forest in machine learning numerical,0.125,6,1,38.75,youtube_suggest,2026-09-12 19:30:25.607747
3761,37,80,bagging random forest in machine learning,0.125,6,1,38.75,youtube_suggest,2026-09-12 19:30:25.607917
3762,37,80,forest at night,0.2,3,1,38.0,youtube_suggest,2026-09-12 19:30:25.608089
3763,37,80,forest blakk fall into me,0.1429,5,1,38.0,youtube_suggest,2026-09-12 19:30:25.608308
3764,37,80,forest encounters caught on camera,0.1429,5,1,38.0,youtube_suggest,2026-09-12 19:30:25.616792
3765,37,80,forest the machine,0.2,3,1,38.0,youtube_suggest,2026-09-12 19:30:25.617322
3766,37,80,random forest for machine learning,0.1429,5,1,38.0,youtube_suggest,2026-09-12 19:30:25.617648
3767,37,80,isolation forest in machine learning,0.1429,5,1,38.0,youtube_suggest,2026-09-12 19:30:25.618018
3768,37,80,random forest in machine learning,0.1429,5,1,38.0,youtube_suggest,2026-09-12 19:30:25.618328
3769,37,80,random forest in machine learning mahesh huddar,0.1111,7,1,37.78,youtube_suggest,2026-09-12 19:30:25.618592
3770,37,80,random forest machine learning krish naik,0.1111,6,1,37.78,youtube_suggest,2026-09-12 19:30:25.620702
3771,37,80,forest fire prediction using machine learning,0.1111,6,1,37.78,youtube_suggest,2026-09-12 19:30:25.621115
3772,37,80,forest fire detection using machine learning,0.1111,6,1,37.78,youtube_suggest,2026-09-12 19:30:25.621284
3773,37,80,forest animals for kids,0.1667,4,1,37.67,youtube_suggest,2026-09-12 19:30:25.621431
3774,37,80,forest machinery american truck simulator,0.125,5,1,36.75,youtube_suggest,2026-09-12 19:30:25.621579
3775,37,80,random forest algorithm machine learning,0.125,5,1,36.75,youtube_suggest,2026-09-12 19:30:25.621887
3776,37,80,forest fair mall ball machine,0.125,5,1,36.75,youtube_suggest,2026-09-12 19:30:25.622143
3777,37,80,random forest machine learning deutsch,0.125,5,1,36.75,youtube_suggest,2026-09-12 19:30:25.622295
3778,37,80,random forest machine learning explained,0.125,5,1,36.75,youtube_suggest,2026-09-12 19:30:25.622444
3779,37,80,random forest machine learning example,0.125,5,1,36.75,youtube_suggest,2026-09-12 19:30:25.622640
3780,37,80,random forest machine learning explanation,0.125,5,1,36.75,youtube_suggest,2026-09-12 19:30:25.622908
3781,37,80,big red machine forest green,0.125,5,1,36.75,youtube_suggest,2026-09-12 19:30:25.623107
3782,37,80,crystal forest slot machine jackpot,0.125,5,1,36.75,youtube_suggest,2026-09-12 19:30:25.623247
3783,37,80,deep forest live machine 2025,0.125,5,1,36.75,youtube_suggest,2026-09-12 19:30:25.623379
3784,37,80,random forest machine learning python,0.125,5,1,36.75,youtube_suggest,2026-09-12 19:30:25.623511
3785,37,80,random forest machine learning algorithm,0.125,5,1,36.75,youtube_suggest,2026-09-12 19:30:25.623638
3786,37,80,forest demon smiling friends,0.1429,4,1,36.0,youtube_suggest,2026-09-12 19:30:25.623764
3787,37,80,forest elf makeup tutorial,0.1429,4,1,36.0,youtube_suggest,2026-09-12 19:30:25.623899
3788,37,80,deep forest computer machine,0.1429,4,1,36.0,youtube_suggest,2026-09-12 19:30:25.624024
3789,37,80,ets2 forest machinery dlc,0.1429,4,1,36.0,youtube_suggest,2026-09-12 19:30:25.624147
3790,37,80,ats forest machinery dlc,0.1429,4,1,36.0,youtube_suggest,2026-09-12 19:30:25.624271
3791,37,80,ets forest machinery dlc,0.1429,4,1,36.0,youtube_suggest,2026-09-12 19:30:25.624393
3792,37,80,isolation forest machine learning,0.1429,4,1,36.0,youtube_suggest,2026-09-12 19:30:25.624514
3793,37,80,deep forest live machine,0.1429,4,1,36.0,youtube_suggest,2026-09-12 19:30:25.633166
3794,37,80,forest auto review,0.1667,3,1,35.67,youtube_suggest,2026-09-12 19:30:25.634329
3795,37,80,forest ambience dnd,0.1667,3,1,35.67,youtube_suggest,2026-09-12 19:30:25.634752
3796,37,80,forest ambience night,0.1667,3,1,35.67,youtube_suggest,2026-09-12 19:30:25.635117
3797,37,80,forest animal sounds,0.1667,3,1,35.67,youtube_suggest,2026-09-12 19:30:25.635305
3798,37,80,forest birds sounds,0.1667,3,1,35.67,youtube_suggest,2026-09-12 19:30:25.635472
3799,37,80,forest city malaysia,0.1667,3,1,35.67,youtube_suggest,2026-09-12 19:30:25.635636
3800,37,80,forest car review,0.1667,3,1,35.67,youtube_suggest,2026-09-12 19:30:25.635787
3801,37,80,forest cafe jazz,0.1667,3,1,35.67,youtube_suggest,2026-09-12 19:30:25.635930
3802,37,80,forest city worship,0.1667,3,1,35.67,youtube_suggest,2026-09-12 19:30:25.636194
3803,37,80,forest doesn't care,0.1667,3,1,35.67,youtube_suggest,2026-09-12 19:30:25.636404
3804,37,80,forest dnd music,0.1667,3,1,35.67,youtube_suggest,2026-09-12 19:30:25.640770
3805,37,80,forest elementary school,0.1667,3,1,35.67,youtube_suggest,2026-09-12 19:30:25.641025
3806,37,80,forest machine impression,0.1667,3,1,35.67,youtube_suggest,2026-09-12 19:30:25.641183
3807,37,80,forest machine operator,0.1667,3,1,35.67,youtube_suggest,2026-09-12 19:30:25.641326
3808,37,80,forest machinery dlc,0.1667,3,1,35.67,youtube_suggest,2026-09-12 19:30:25.641473
3809,37,80,forest machinery ets2,0.1667,3,1,35.67,youtube_suggest,2026-09-12 19:30:25.641611
3810,37,80,forest machine learning,0.1667,3,1,35.67,youtube_suggest,2026-09-12 19:30:25.641778
3811,38,81,excavator with root rake,0.3333,4,1,49.33,youtube_suggest,2026-09-12 19:31:51.763730
3812,38,81,deep forest computer machine,0.2857,4,1,46.0,youtube_suggest,2026-09-12 19:31:51.764040
3813,38,81,deep forest live machine,0.2857,4,1,46.0,youtube_suggest,2026-09-12 19:31:51.764254
3814,38,81,excavator root rake attachment,0.2857,4,1,46.0,youtube_suggest,2026-09-12 19:31:51.764452
3815,38,81,deep forest live machine 2025,0.25,5,1,45.5,youtube_suggest,2026-09-12 19:31:51.768354
3816,38,81,forest blakk if you love her,0.125,6,1,38.75,youtube_suggest,2026-09-12 19:31:51.768643
3817,38,81,sons of the forest machine gun,0.125,6,1,38.75,youtube_suggest,2026-09-12 19:31:51.768854
3818,38,81,forest blakk i choose you,0.1429,5,1,38.0,youtube_suggest,2026-09-12 19:31:51.769046
3819,38,81,forest machinery euro truck simulator 2,0.1111,6,1,37.78,youtube_suggest,2026-09-12 19:31:51.769240
3820,38,81,random forest in machine learning in telugu,0.1111,7,1,37.78,youtube_suggest,2026-09-12 19:31:51.769422
3821,38,81,random forest in machine learning tamil,0.1111,6,1,37.78,youtube_suggest,2026-09-12 19:31:51.769605
3822,38,81,random forest in machine learning example,0.1111,6,1,37.78,youtube_suggest,2026-09-12 19:31:51.772684
3823,38,81,random forest in machine learning malayalam,0.1111,6,1,37.78,youtube_suggest,2026-09-12 19:31:51.773011
3824,38,81,random forest in machine learning numerical,0.1111,6,1,37.78,youtube_suggest,2026-09-12 19:31:51.773199
3825,38,81,bagging random forest in machine learning,0.1111,6,1,37.78,youtube_suggest,2026-09-12 19:31:51.773389
3826,38,81,random forest in machine learning mahesh huddar,0.1,7,1,37.0,youtube_suggest,2026-09-12 19:31:51.773595
3827,38,81,random forest machine learning krish naik,0.1,6,1,37.0,youtube_suggest,2026-09-12 19:31:51.773807
3828,38,81,forest fire prediction using machine learning,0.1,6,1,37.0,youtube_suggest,2026-09-12 19:31:51.773961
3829,38,81,forest fire detection using machine learning,0.1,6,1,37.0,youtube_suggest,2026-09-12 19:31:51.774106
3830,38,81,forest blakk fall into me,0.125,5,1,36.75,youtube_suggest,2026-09-12 19:31:51.774251
3831,38,81,forest encounters caught on camera,0.125,5,1,36.75,youtube_suggest,2026-09-12 19:31:51.774396
3832,38,81,random forest for machine learning,0.125,5,1,36.75,youtube_suggest,2026-09-12 19:31:51.774545
3833,38,81,isolation forest in machine learning,0.125,5,1,36.75,youtube_suggest,2026-09-12 19:31:51.774730
3834,38,81,random forest in machine learning,0.125,5,1,36.75,youtube_suggest,2026-09-12 19:31:51.775046
3835,38,81,forest animals for kids,0.1429,4,1,36.0,youtube_suggest,2026-09-12 19:31:51.775238
3836,38,81,forest machinery american truck simulator,0.1111,5,1,35.78,youtube_suggest,2026-09-12 19:31:51.775427
3837,38,81,random forest algorithm machine learning,0.1111,5,1,35.78,youtube_suggest,2026-09-12 19:31:51.775613
3838,38,81,forest fair mall ball machine,0.1111,5,1,35.78,youtube_suggest,2026-09-12 19:31:51.775803
3839,38,81,random forest machine learning deutsch,0.1111,5,1,35.78,youtube_suggest,2026-09-12 19:31:51.775986
3840,38,81,random forest machine learning explained,0.1111,5,1,35.78,youtube_suggest,2026-09-12 19:31:51.776168
3841,38,81,random forest machine learning example,0.1111,5,1,35.78,youtube_suggest,2026-09-12 19:31:51.776337
3842,38,81,random forest machine learning explanation,0.1111,5,1,35.78,youtube_suggest,2026-09-12 19:31:51.776479
3843,38,81,big red machine forest green,0.1111,5,1,35.78,youtube_suggest,2026-09-12 19:31:51.782549
3844,38,81,crystal forest slot machine jackpot,0.1111,5,1,35.78,youtube_suggest,2026-09-12 19:31:51.782797
3845,38,81,random forest machine learning python,0.1111,5,1,35.78,youtube_suggest,2026-09-12 19:31:51.782999
3846,38,81,random forest machine learning algorithm,0.1111,5,1,35.78,youtube_suggest,2026-09-12 19:31:51.783249
3847,38,81,rut mini excavator disc mulcher,0.1111,5,1,35.78,youtube_suggest,2026-09-12 19:31:51.783441
3848,38,81,forest at night,0.1667,3,1,35.67,youtube_suggest,2026-09-12 19:31:51.783629
3849,38,81,forest the machine,0.1667,3,1,35.67,youtube_suggest,2026-09-12 19:31:51.783821
3850,38,81,forest demon smiling friends,0.125,4,1,34.75,youtube_suggest,2026-09-12 19:31:51.784006
3851,38,81,forest elf makeup tutorial,0.125,4,1,34.75,youtube_suggest,2026-09-12 19:31:51.784184
3852,38,81,ets2 forest machinery dlc,0.125,4,1,34.75,youtube_suggest,2026-09-12 19:31:51.784362
3853,38,81,ats forest machinery dlc,0.125,4,1,34.75,youtube_suggest,2026-09-12 19:31:51.787075
3854,38,81,ets forest machinery dlc,0.125,4,1,34.75,youtube_suggest,2026-09-12 19:31:51.788948
3855,38,81,isolation forest machine learning,0.125,4,1,34.75,youtube_suggest,2026-09-12 19:31:51.790698
3856,38,81,ironwood acres timber harvest,0.125,4,1,34.75,youtube_suggest,2026-09-12 19:31:51.791002
3857,38,81,root pustule below zero,0.125,4,1,34.75,youtube_suggest,2026-09-12 19:31:51.791211
3858,38,81,forest auto review,0.1429,3,1,34.0,youtube_suggest,2026-09-12 19:31:51.791400
3859,38,81,forest ambience dnd,0.1429,3,1,34.0,youtube_suggest,2026-09-12 19:31:51.791599
3860,38,81,forest ambience night,0.1429,3,1,34.0,youtube_suggest,2026-09-12 19:31:51.791799
3861,38,81,forest animal sounds,0.1429,3,1,34.0,youtube_suggest,2026-09-12 19:31:51.796926
3862,38,81,forest birds sounds,0.1429,3,1,34.0,youtube_suggest,2026-09-12 19:31:51.797194
3863,38,81,forest city malaysia,0.1429,3,1,34.0,youtube_suggest,2026-09-12 19:31:51.797396
3864,38,81,forest car review,0.1429,3,1,34.0,youtube_suggest,2026-09-12 19:31:51.797604
3865,38,81,forest cafe jazz,0.1429,3,1,34.0,youtube_suggest,2026-09-12 19:31:51.797799
3866,38,81,forest city worship,0.1429,3,1,34.0,youtube_suggest,2026-09-12 19:31:51.797998
3867,38,81,forest doesn't care,0.1429,3,1,34.0,youtube_suggest,2026-09-12 19:31:51.798204
3868,38,81,forest dnd music,0.1429,3,1,34.0,youtube_suggest,2026-09-12 19:31:51.798385
3869,38,81,forest elementary school,0.1429,3,1,34.0,youtube_suggest,2026-09-12 19:31:51.798567
3870,38,81,forest machine impression,0.1429,3,1,34.0,youtube_suggest,2026-09-12 19:31:51.798743
3871,39,82,forest blakk if you love her,0.1429,6,1,40.0,youtube_suggest,2026-09-12 19:33:21.039802
3872,39,82,sons of the forest machine gun,0.1429,6,1,40.0,youtube_suggest,2026-09-12 19:33:21.040128
3873,39,82,forest blakk i choose you,0.1667,5,1,39.67,youtube_suggest,2026-09-12 19:33:21.040380
3874,39,82,forest machinery euro truck simulator 2,0.125,6,1,38.75,youtube_suggest,2026-09-12 19:33:21.040774
3875,39,82,random forest in machine learning in telugu,0.125,7,1,38.75,youtube_suggest,2026-09-12 19:33:21.041031
3876,39,82,random forest in machine learning tamil,0.125,6,1,38.75,youtube_suggest,2026-09-12 19:33:21.041281
3877,39,82,random forest in machine learning example,0.125,6,1,38.75,youtube_suggest,2026-09-12 19:33:21.041535
3878,39,82,random forest in machine learning malayalam,0.125,6,1,38.75,youtube_suggest,2026-09-12 19:33:21.041749
3879,39,82,random forest in machine learning numerical,0.125,6,1,38.75,youtube_suggest,2026-09-12 19:33:21.041980
3880,39,82,bagging random forest in machine learning,0.125,6,1,38.75,youtube_suggest,2026-09-12 19:33:21.042190
3881,39,82,forest at night,0.2,3,1,38.0,youtube_suggest,2026-09-12 19:33:21.042407
3882,39,82,forest blakk fall into me,0.1429,5,1,38.0,youtube_suggest,2026-09-12 19:33:21.042611
3883,39,82,forest encounters caught on camera,0.1429,5,1,38.0,youtube_suggest,2026-09-12 19:33:21.044651
3884,39,82,forest the machine,0.2,3,1,38.0,youtube_suggest,2026-09-12 19:33:21.049027
3885,39,82,random forest for machine learning,0.1429,5,1,38.0,youtube_suggest,2026-09-12 19:33:21.049322
3886,39,82,isolation forest in machine learning,0.1429,5,1,38.0,youtube_suggest,2026-09-12 19:33:21.049799
3887,39,82,random forest in machine learning,0.1429,5,1,38.0,youtube_suggest,2026-09-12 19:33:21.050053
3888,39,82,random forest in machine learning mahesh huddar,0.1111,7,1,37.78,youtube_suggest,2026-09-12 19:33:21.050277
3889,39,82,random forest machine learning krish naik,0.1111,6,1,37.78,youtube_suggest,2026-09-12 19:33:21.050490
3890,39,82,forest fire prediction using machine learning,0.1111,6,1,37.78,youtube_suggest,2026-09-12 19:33:21.050683
3891,39,82,forest fire detection using machine learning,0.1111,6,1,37.78,youtube_suggest,2026-09-12 19:33:21.050883
3892,39,82,forest animals for kids,0.1667,4,1,37.67,youtube_suggest,2026-09-12 19:33:21.051120
3893,39,82,forest machinery american truck simulator,0.125,5,1,36.75,youtube_suggest,2026-09-12 19:33:21.051379
3894,39,82,random forest algorithm machine learning,0.125,5,1,36.75,youtube_suggest,2026-09-12 19:33:21.051587
3895,39,82,forest fair mall ball machine,0.125,5,1,36.75,youtube_suggest,2026-09-12 19:33:21.051816
3896,39,82,random forest machine learning deutsch,0.125,5,1,36.75,youtube_suggest,2026-09-12 19:33:21.053513
3897,39,82,random forest machine learning explained,0.125,5,1,36.75,youtube_suggest,2026-09-12 19:33:21.053765
3898,39,82,random forest machine learning example,0.125,5,1,36.75,youtube_suggest,2026-09-12 19:33:21.053983
3899,39,82,random forest machine learning explanation,0.125,5,1,36.75,youtube_suggest,2026-09-12 19:33:21.054189
3900,39,82,big red machine forest green,0.125,5,1,36.75,youtube_suggest,2026-09-12 19:33:21.054414
3901,39,82,crystal forest slot machine jackpot,0.125,5,1,36.75,youtube_suggest,2026-09-12 19:33:21.054615
3902,39,82,deep forest live machine 2025,0.125,5,1,36.75,youtube_suggest,2026-09-12 19:33:21.060015
3903,39,82,random forest machine learning python,0.125,5,1,36.75,youtube_suggest,2026-09-12 19:33:21.060425
3904,39,82,random forest machine learning algorithm,0.125,5,1,36.75,youtube_suggest,2026-09-12 19:33:21.060684
3905,39,82,forest demon smiling friends,0.1429,4,1,36.0,youtube_suggest,2026-09-12 19:33:21.060919
3906,39,82,forest elf makeup tutorial,0.1429,4,1,36.0,youtube_suggest,2026-09-12 19:33:21.061127
3907,39,82,deep forest computer machine,0.1429,4,1,36.0,youtube_suggest,2026-09-12 19:33:21.061361
3908,39,82,ets2 forest machinery dlc,0.1429,4,1,36.0,youtube_suggest,2026-09-12 19:33:21.061568
3909,39,82,ats forest machinery dlc,0.1429,4,1,36.0,youtube_suggest,2026-09-12 19:33:21.061785
3910,39,82,ets forest machinery dlc,0.1429,4,1,36.0,youtube_suggest,2026-09-12 19:33:21.061992
3911,39,82,isolation forest machine learning,0.1429,4,1,36.0,youtube_suggest,2026-09-12 19:33:21.062193
3912,39,82,deep forest live machine,0.1429,4,1,36.0,youtube_suggest,2026-09-12 19:33:21.062411
3913,39,82,forest auto review,0.1667,3,1,35.67,youtube_suggest,2026-09-12 19:33:21.062610
3914,39,82,forest ambience dnd,0.1667,3,1,35.67,youtube_suggest,2026-09-12 19:33:21.062811
3915,39,82,forest ambience night,0.1667,3,1,35.67,youtube_suggest,2026-09-12 19:33:21.063012
3916,39,82,forest animal sounds,0.1667,3,1,35.67,youtube_suggest,2026-09-12 19:33:21.063230
3917,39,82,forest birds sounds,0.1667,3,1,35.67,youtube_suggest,2026-09-12 19:33:21.063442
3918,39,82,forest city malaysia,0.1667,3,1,35.67,youtube_suggest,2026-09-12 19:33:21.063650
3919,39,82,forest car review,0.1667,3,1,35.67,youtube_suggest,2026-09-12 19:33:21.063869
3920,39,82,forest cafe jazz,0.1667,3,1,35.67,youtube_suggest,2026-09-12 19:33:21.064071
3921,39,82,forest city worship,0.1667,3,1,35.67,youtube_suggest,2026-09-12 19:33:21.064282
3922,39,82,forest doesn't care,0.1667,3,1,35.67,youtube_suggest,2026-09-12 19:33:21.068431
3923,39,82,forest dnd music,0.1667,3,1,35.67,youtube_suggest,2026-09-12 19:33:21.073033
3924,39,82,forest elementary school,0.1667,3,1,35.67,youtube_suggest,2026-09-12 19:33:21.073312
3925,39,82,loom knit mushroom,0.1667,3,1,35.67,youtube_suggest,2026-09-12 19:33:21.073528
3926,39,82,planetary solar system,0.1667,3,1,35.67,youtube_suggest,2026-09-12 19:33:21.073726
3927,39,82,forest machine impression,0.1667,3,1,35.67,youtube_suggest,2026-09-12 19:33:21.073923
3928,39,82,forest machine operator,0.1667,3,1,35.67,youtube_suggest,2026-09-12 19:33:21.074141
3929,39,82,forest machinery dlc,0.1667,3,1,35.67,youtube_suggest,2026-09-12 19:33:21.074346
3930,39,82,forest machinery ets2,0.1667,3,1,35.67,youtube_suggest,2026-09-12 19:33:21.074536
3931,40,83,forest core,0.5,2,0,45.0,youtube_suggest,2026-09-12 19:35:06.407653
3932,40,83,80 vs 95 efficient furnace,0.2,5,1,42.0,youtube_suggest,2026-09-12 19:35:06.408101
3933,40,83,all furnace parts and what they do,0.1429,7,1,40.0,youtube_suggest,2026-09-12 19:35:06.408310
3934,40,83,fine brass refined in a furnace,0.1429,6,1,40.0,youtube_suggest,2026-09-12 19:35:06.408514
3935,40,83,forest blakk if you love her,0.1429,6,1,40.0,youtube_suggest,2026-09-12 19:35:06.416555
3936,40,83,sons of the forest machine gun,0.1429,6,1,40.0,youtube_suggest,2026-09-12 19:35:06.418022
3937,40,83,forest blakk i choose you,0.1667,5,1,39.67,youtube_suggest,2026-09-12 19:35:06.419251
3938,40,83,forest machinery euro truck simulator 2,0.125,6,1,38.75,youtube_suggest,2026-09-12 19:35:06.420072
3939,40,83,random forest in machine learning in telugu,0.125,7,1,38.75,youtube_suggest,2026-09-12 19:35:06.420314
3940,40,83,random forest in machine learning tamil,0.125,6,1,38.75,youtube_suggest,2026-09-12 19:35:06.420920
3941,40,83,random forest in machine learning example,0.125,6,1,38.75,youtube_suggest,2026-09-12 19:35:06.422617
3942,40,83,random forest in machine learning malayalam,0.125,6,1,38.75,youtube_suggest,2026-09-12 19:35:06.422870
3943,40,83,random forest in machine learning numerical,0.125,6,1,38.75,youtube_suggest,2026-09-12 19:35:06.423082
3944,40,83,bagging random forest in machine learning,0.125,6,1,38.75,youtube_suggest,2026-09-12 19:35:06.423311
3945,40,83,the evergreen tree,0.2,3,1,38.0,youtube_suggest,2026-09-12 19:35:06.423664
3946,40,83,forest at night,0.2,3,1,38.0,youtube_suggest,2026-09-12 19:35:06.423857
3947,40,83,forest blakk fall into me,0.1429,5,1,38.0,youtube_suggest,2026-09-12 19:35:06.424041
3948,40,83,forest encounters caught on camera,0.1429,5,1,38.0,youtube_suggest,2026-09-12 19:35:06.424237
3949,40,83,forest the machine,0.2,3,1,38.0,youtube_suggest,2026-09-12 19:35:06.424420
3950,40,83,random forest for machine learning,0.1429,5,1,38.0,youtube_suggest,2026-09-12 19:35:06.428934
3951,40,83,isolation forest in machine learning,0.1429,5,1,38.0,youtube_suggest,2026-09-12 19:35:06.429363
3952,40,83,random forest in machine learning,0.1429,5,1,38.0,youtube_suggest,2026-09-12 19:35:06.429578
3953,40,83,random forest in machine learning mahesh huddar,0.1111,7,1,37.78,youtube_suggest,2026-09-12 19:35:06.429786
3954,40,83,random forest machine learning krish naik,0.1111,6,1,37.78,youtube_suggest,2026-09-12 19:35:06.430039
3955,40,83,forest fire prediction using machine learning,0.1111,6,1,37.78,youtube_suggest,2026-09-12 19:35:06.430237
3956,40,83,forest fire detection using machine learning,0.1111,6,1,37.78,youtube_suggest,2026-09-12 19:35:06.430658
3957,40,83,forest animals for kids,0.1667,4,1,37.67,youtube_suggest,2026-09-12 19:35:06.430856
3958,40,83,forest machinery american truck simulator,0.125,5,1,36.75,youtube_suggest,2026-09-12 19:35:06.431072
3959,40,83,random forest algorithm machine learning,0.125,5,1,36.75,youtube_suggest,2026-09-12 19:35:06.431258
3960,40,83,forest fair mall ball machine,0.125,5,1,36.75,youtube_suggest,2026-09-12 19:35:06.431449
3961,40,83,random forest machine learning deutsch,0.125,5,1,36.75,youtube_suggest,2026-09-12 19:35:06.431648
3962,40,83,random forest machine learning explained,0.125,5,1,36.75,youtube_suggest,2026-09-12 19:35:06.432769
3963,40,83,random forest machine learning example,0.125,5,1,36.75,youtube_suggest,2026-09-12 19:35:06.434132
3964,40,83,random forest machine learning explanation,0.125,5,1,36.75,youtube_suggest,2026-09-12 19:35:06.434345
3965,40,83,big red machine forest green,0.125,5,1,36.75,youtube_suggest,2026-09-12 19:35:06.434548
3966,40,83,crystal forest slot machine jackpot,0.125,5,1,36.75,youtube_suggest,2026-09-12 19:35:06.434897
3967,40,83,deep forest live machine 2025,0.125,5,1,36.75,youtube_suggest,2026-09-12 19:35:06.435094
3968,40,83,random forest machine learning python,0.125,5,1,36.75,youtube_suggest,2026-09-12 19:35:06.435280
3969,40,83,random forest machine learning algorithm,0.125,5,1,36.75,youtube_suggest,2026-09-12 19:35:06.435475
3970,40,83,forest demon smiling friends,0.1429,4,1,36.0,youtube_suggest,2026-09-12 19:35:06.435664
3971,40,83,forest elf makeup tutorial,0.1429,4,1,36.0,youtube_suggest,2026-09-12 19:35:06.435844
3972,40,83,deep forest computer machine,0.1429,4,1,36.0,youtube_suggest,2026-09-12 19:35:06.436025
3973,40,83,ets2 forest machinery dlc,0.1429,4,1,36.0,youtube_suggest,2026-09-12 19:35:06.436352
3974,40,83,ats forest machinery dlc,0.1429,4,1,36.0,youtube_suggest,2026-09-12 19:35:06.440748
3975,40,83,ets forest machinery dlc,0.1429,4,1,36.0,youtube_suggest,2026-09-12 19:35:06.441135
3976,40,83,isolation forest machine learning,0.1429,4,1,36.0,youtube_suggest,2026-09-12 19:35:06.441360
3977,40,83,deep forest live machine,0.1429,4,1,36.0,youtube_suggest,2026-09-12 19:35:06.441575
3978,40,83,evergreen fiery furnaces,0.1667,3,1,35.67,youtube_suggest,2026-09-12 19:35:06.441815
3979,40,83,pit type furnace,0.1667,3,1,35.67,youtube_suggest,2026-09-12 19:35:06.442167
3980,40,83,early blast furnace,0.1667,3,1,35.67,youtube_suggest,2026-09-12 19:35:06.442364
3981,40,83,forest auto review,0.1667,3,1,35.67,youtube_suggest,2026-09-12 19:35:06.448752
3982,40,83,forest ambience dnd,0.1667,3,1,35.67,youtube_suggest,2026-09-12 19:35:06.449389
3983,40,83,forest ambience night,0.1667,3,1,35.67,youtube_suggest,2026-09-12 19:35:06.449625
3984,40,83,forest animal sounds,0.1667,3,1,35.67,youtube_suggest,2026-09-12 19:35:06.449818
3985,40,83,forest birds sounds,0.1667,3,1,35.67,youtube_suggest,2026-09-12 19:35:06.450003
3986,40,83,forest city malaysia,0.1667,3,1,35.67,youtube_suggest,2026-09-12 19:35:06.450191
3987,40,83,forest car review,0.1667,3,1,35.67,youtube_suggest,2026-09-12 19:35:06.450535
3988,40,83,forest cafe jazz,0.1667,3,1,35.67,youtube_suggest,2026-09-12 19:35:06.451037
3989,40,83,forest city worship,0.1667,3,1,35.67,youtube_suggest,2026-09-12 19:35:06.451234
3990,40,83,forest doesn't care,0.1667,3,1,35.67,youtube_suggest,2026-09-12 19:35:06.451421
3991,41,84,forest blakk if you love her,0.1429,6,1,40.0,youtube_suggest,2026-09-12 19:36:35.122138
3992,41,84,sons of the forest machine gun,0.1429,6,1,40.0,youtube_suggest,2026-09-12 19:36:35.122448
3993,41,84,forest blakk i choose you,0.1667,5,1,39.67,youtube_suggest,2026-09-12 19:36:35.122644
3994,41,84,forest machinery euro truck simulator 2,0.125,6,1,38.75,youtube_suggest,2026-09-12 19:36:35.122908
3995,41,84,random forest in machine learning in telugu,0.125,7,1,38.75,youtube_suggest,2026-09-12 19:36:35.123104
3996,41,84,random forest in machine learning tamil,0.125,6,1,38.75,youtube_suggest,2026-09-12 19:36:35.123445
3997,41,84,random forest in machine learning example,0.125,6,1,38.75,youtube_suggest,2026-09-12 19:36:35.123602
3998,41,84,random forest in machine learning malayalam,0.125,6,1,38.75,youtube_suggest,2026-09-12 19:36:35.123733
3999,41,84,random forest in machine learning numerical,0.125,6,1,38.75,youtube_suggest,2026-09-12 19:36:35.123872
4000,41,84,bagging random forest in machine learning,0.125,6,1,38.75,youtube_suggest,2026-09-12 19:36:35.124011
4001,41,84,forest at night,0.2,3,1,38.0,youtube_suggest,2026-09-12 19:36:35.124145
4002,41,84,forest blakk fall into me,0.1429,5,1,38.0,youtube_suggest,2026-09-12 19:36:35.124283
4003,41,84,forest encounters caught on camera,0.1429,5,1,38.0,youtube_suggest,2026-09-12 19:36:35.124405
4004,41,84,forest the machine,0.2,3,1,38.0,youtube_suggest,2026-09-12 19:36:35.132666
4005,41,84,random forest for machine learning,0.1429,5,1,38.0,youtube_suggest,2026-09-12 19:36:35.133088
4006,41,84,isolation forest in machine learning,0.1429,5,1,38.0,youtube_suggest,2026-09-12 19:36:35.133300
4007,41,84,random forest in machine learning,0.1429,5,1,38.0,youtube_suggest,2026-09-12 19:36:35.133472
4008,41,84,asterian synthesizer v,0.2,3,1,38.0,youtube_suggest,2026-09-12 19:36:35.133625
4009,41,84,random forest in machine learning mahesh huddar,0.1111,7,1,37.78,youtube_suggest,2026-09-12 19:36:35.133790
4010,41,84,random forest machine learning krish naik,0.1111,6,1,37.78,youtube_suggest,2026-09-12 19:36:35.133942
4011,41,84,forest fire prediction using machine learning,0.1111,6,1,37.78,youtube_suggest,2026-09-12 19:36:35.134090
4012,41,84,forest fire detection using machine learning,0.1111,6,1,37.78,youtube_suggest,2026-09-12 19:36:35.134239
4013,41,84,forest animals for kids,0.1667,4,1,37.67,youtube_suggest,2026-09-12 19:36:35.134543
4014,41,84,chrono trigger chrono doll,0.1667,4,1,37.67,youtube_suggest,2026-09-12 19:36:35.134768
4015,41,84,forest machinery american truck simulator,0.125,5,1,36.75,youtube_suggest,2026-09-12 19:36:35.134929
4016,41,84,random forest algorithm machine learning,0.125,5,1,36.75,youtube_suggest,2026-09-12 19:36:35.135074
4017,41,84,forest fair mall ball machine,0.125,5,1,36.75,youtube_suggest,2026-09-12 19:36:35.135217
4018,41,84,random forest machine learning deutsch,0.125,5,1,36.75,youtube_suggest,2026-09-12 19:36:35.135388
4019,41,84,random forest machine learning explained,0.125,5,1,36.75,youtube_suggest,2026-09-12 19:36:35.135532
4020,41,84,random forest machine learning example,0.125,5,1,36.75,youtube_suggest,2026-09-12 19:36:35.135665
4021,41,84,random forest machine learning explanation,0.125,5,1,36.75,youtube_suggest,2026-09-12 19:36:35.135810
4022,41,84,big red machine forest green,0.125,5,1,36.75,youtube_suggest,2026-09-12 19:36:35.135967
4023,41,84,crystal forest slot machine jackpot,0.125,5,1,36.75,youtube_suggest,2026-09-12 19:36:35.136126
4024,41,84,deep forest live machine 2025,0.125,5,1,36.75,youtube_suggest,2026-09-12 19:36:35.136281
4025,41,84,random forest machine learning python,0.125,5,1,36.75,youtube_suggest,2026-09-12 19:36:35.136427
4026,41,84,random forest machine learning algorithm,0.125,5,1,36.75,youtube_suggest,2026-09-12 19:36:35.144778
4027,41,84,forest demon smiling friends,0.1429,4,1,36.0,youtube_suggest,2026-09-12 19:36:35.145311
4028,41,84,forest elf makeup tutorial,0.1429,4,1,36.0,youtube_suggest,2026-09-12 19:36:35.145729
4029,41,84,deep forest computer machine,0.1429,4,1,36.0,youtube_suggest,2026-09-12 19:36:35.145944
4030,41,84,ets2 forest machinery dlc,0.1429,4,1,36.0,youtube_suggest,2026-09-12 19:36:35.146106
4031,41,84,ats forest machinery dlc,0.1429,4,1,36.0,youtube_suggest,2026-09-12 19:36:35.146481
4032,41,84,ets forest machinery dlc,0.1429,4,1,36.0,youtube_suggest,2026-09-12 19:36:35.146700
4033,41,84,isolation forest machine learning,0.1429,4,1,36.0,youtube_suggest,2026-09-12 19:36:35.146885
4034,41,84,deep forest live machine,0.1429,4,1,36.0,youtube_suggest,2026-09-12 19:36:35.147083
4035,41,84,chrono trigger type beat,0.1429,4,1,36.0,youtube_suggest,2026-09-12 19:36:35.147251
4036,41,84,chrono trigger balthasar theme,0.1429,4,1,36.0,youtube_suggest,2026-09-12 19:36:35.147428
4037,41,84,forest auto review,0.1667,3,1,35.67,youtube_suggest,2026-09-12 19:36:35.147636
4038,41,84,forest ambience dnd,0.1667,3,1,35.67,youtube_suggest,2026-09-12 19:36:35.147893
4039,41,84,forest ambience night,0.1667,3,1,35.67,youtube_suggest,2026-09-12 19:36:35.148054
4040,41,84,forest animal sounds,0.1667,3,1,35.67,youtube_suggest,2026-09-12 19:36:35.148206
4041,41,84,forest birds sounds,0.1667,3,1,35.67,youtube_suggest,2026-09-12 19:36:35.148385
4042,41,84,forest city malaysia,0.1667,3,1,35.67,youtube_suggest,2026-09-12 19:36:35.160708
4043,41,84,forest car review,0.1667,3,1,35.67,youtube_suggest,2026-09-12 19:36:35.161057
4044,41,84,forest cafe jazz,0.1667,3,1,35.67,youtube_suggest,2026-09-12 19:36:35.161233
4045,41,84,forest city worship,0.1667,3,1,35.67,youtube_suggest,2026-09-12 19:36:35.161416
4046,41,84,forest doesn't care,0.1667,3,1,35.67,youtube_suggest,2026-09-12 19:36:35.161572
4047,41,84,forest dnd music,0.1667,3,1,35.67,youtube_suggest,2026-09-12 19:36:35.161724
4048,41,84,forest elementary school,0.1667,3,1,35.67,youtube_suggest,2026-09-12 19:36:35.161873
4049,41,84,forest machine impression,0.1667,3,1,35.67,youtube_suggest,2026-09-12 19:36:35.162017
4050,41,84,forest machine operator,0.1667,3,1,35.67,youtube_suggest,2026-09-12 19:36:35.162171
4051,42,85,forest in the world,0.5,4,1,61.0,youtube_suggest,2026-09-12 19:38:00.790373
4052,42,85,the world forest,0.5,3,1,59.0,youtube_suggest,2026-09-12 19:38:00.790715
4053,42,85,the big forest in the world,0.4,6,1,58.0,youtube_suggest,2026-09-12 19:38:00.790965
4054,42,85,the best forest in the world,0.4,6,1,58.0,youtube_suggest,2026-09-12 19:38:00.791206
4055,42,85,the word for world is forest,0.4,6,1,58.0,youtube_suggest,2026-09-12 19:38:00.791447
4056,42,85,dark forest in the world,0.4,5,1,56.0,youtube_suggest,2026-09-12 19:38:00.791662
4057,42,85,darkest forest in the world,0.4,5,1,56.0,youtube_suggest,2026-09-12 19:38:00.791887
4058,42,85,forest world athena,0.4,3,1,52.0,youtube_suggest,2026-09-12 19:38:00.792096
4059,42,85,forest all over the world,0.3333,5,1,51.33,youtube_suggest,2026-09-12 19:38:00.792319
4060,42,85,forest whole world in our hands,0.2857,6,1,50.0,youtube_suggest,2026-09-12 19:38:00.795381
4061,42,85,forest world yume 2kki,0.3333,4,1,49.33,youtube_suggest,2026-09-12 19:38:00.795813
4062,42,85,forest stream the crown of winter full album,0.25,8,1,47.5,youtube_suggest,2026-09-12 19:38:00.796049
4063,42,85,forest blakk if you love her,0.1429,6,1,40.0,youtube_suggest,2026-09-12 19:38:00.796293
4064,42,85,forest for the trees spitfire grill,0.1429,6,1,40.0,youtube_suggest,2026-09-12 19:38:00.798870
4065,42,85,the world is alive casting crowns,0.1429,6,1,40.0,youtube_suggest,2026-09-12 19:38:00.800725
4066,42,85,forest in the sky,0.2,4,1,40.0,youtube_suggest,2026-09-12 19:38:00.801055
4067,42,85,forest in the mist,0.2,4,1,40.0,youtube_suggest,2026-09-12 19:38:00.801282
4068,42,85,sons of the forest machine gun,0.1429,6,1,40.0,youtube_suggest,2026-09-12 19:38:00.801503
4069,42,85,forest blakk i choose you,0.1667,5,1,39.67,youtube_suggest,2026-09-12 19:38:00.801714
4070,42,85,forest machinery euro truck simulator 2,0.125,6,1,38.75,youtube_suggest,2026-09-12 19:38:00.801919
4071,42,85,random forest in machine learning in telugu,0.125,7,1,38.75,youtube_suggest,2026-09-12 19:38:00.802122
4072,42,85,random forest in machine learning tamil,0.125,6,1,38.75,youtube_suggest,2026-09-12 19:38:00.802346
4073,42,85,random forest in machine learning example,0.125,6,1,38.75,youtube_suggest,2026-09-12 19:38:00.802555
4074,42,85,random forest in machine learning malayalam,0.125,6,1,38.75,youtube_suggest,2026-09-12 19:38:00.802759
4075,42,85,random forest in machine learning numerical,0.125,6,1,38.75,youtube_suggest,2026-09-12 19:38:00.802966
4076,42,85,bagging random forest in machine learning,0.125,6,1,38.75,youtube_suggest,2026-09-12 19:38:00.803168
4077,42,85,forest at night,0.2,3,1,38.0,youtube_suggest,2026-09-12 19:38:00.803384
4078,42,85,forest blakk fall into me,0.1429,5,1,38.0,youtube_suggest,2026-09-12 19:38:00.803584
4079,42,85,forest encounters caught on camera,0.1429,5,1,38.0,youtube_suggest,2026-09-12 19:38:00.803801
4080,42,85,twilight forest dark forest stronghold,0.1429,5,1,38.0,youtube_suggest,2026-09-12 19:38:00.804028
4081,42,85,the forest all water caves,0.1429,5,1,38.0,youtube_suggest,2026-09-12 19:38:00.804244
4082,42,85,the enchanted forest alexandra woodward,0.1429,5,1,38.0,youtube_suggest,2026-09-12 19:38:00.804466
4083,42,85,forest the machine,0.2,3,1,38.0,youtube_suggest,2026-09-12 19:38:00.808561
4084,42,85,random forest for machine learning,0.1429,5,1,38.0,youtube_suggest,2026-09-12 19:38:00.809585
4085,42,85,isolation forest in machine learning,0.1429,5,1,38.0,youtube_suggest,2026-09-12 19:38:00.812604
4086,42,85,random forest in machine learning,0.1429,5,1,38.0,youtube_suggest,2026-09-12 19:38:00.812967
4087,42,85,random forest in machine learning mahesh huddar,0.1111,7,1,37.78,youtube_suggest,2026-09-12 19:38:00.813281
4088,42,85,random forest machine learning krish naik,0.1111,6,1,37.78,youtube_suggest,2026-09-12 19:38:00.813477
4089,42,85,forest fire prediction using machine learning,0.1111,6,1,37.78,youtube_suggest,2026-09-12 19:38:00.813637
4090,42,85,forest fire detection using machine learning,0.1111,6,1,37.78,youtube_suggest,2026-09-12 19:38:00.813803
4091,42,85,forest animals for kids,0.1667,4,1,37.67,youtube_suggest,2026-09-12 19:38:00.813955
4092,42,85,the enchanted forest band,0.1667,4,1,37.67,youtube_suggest,2026-09-12 19:38:00.814113
4093,42,85,the forest light cave,0.1667,4,1,37.67,youtube_suggest,2026-09-12 19:38:00.814271
4094,42,85,forest machinery american truck simulator,0.125,5,1,36.75,youtube_suggest,2026-09-12 19:38:00.814425
4095,42,85,random forest algorithm machine learning,0.125,5,1,36.75,youtube_suggest,2026-09-12 19:38:00.814570
4096,42,85,forest fair mall ball machine,0.125,5,1,36.75,youtube_suggest,2026-09-12 19:38:00.814714
4097,42,85,random forest machine learning deutsch,0.125,5,1,36.75,youtube_suggest,2026-09-12 19:38:00.814857
4098,42,85,random forest machine learning explained,0.125,5,1,36.75,youtube_suggest,2026-09-12 19:38:00.815000
4099,42,85,random forest machine learning example,0.125,5,1,36.75,youtube_suggest,2026-09-12 19:38:00.815169
4100,42,85,random forest machine learning explanation,0.125,5,1,36.75,youtube_suggest,2026-09-12 19:38:00.815321
4101,42,85,big red machine forest green,0.125,5,1,36.75,youtube_suggest,2026-09-12 19:38:00.821055
4102,42,85,crystal forest slot machine jackpot,0.125,5,1,36.75,youtube_suggest,2026-09-12 19:38:00.821320
4103,42,85,deep forest live machine 2025,0.125,5,1,36.75,youtube_suggest,2026-09-12 19:38:00.821499
4104,42,85,random forest machine learning python,0.125,5,1,36.75,youtube_suggest,2026-09-12 19:38:00.821667
4105,42,85,random forest machine learning algorithm,0.125,5,1,36.75,youtube_suggest,2026-09-12 19:38:00.821839
4106,42,85,forest demon smiling friends,0.1429,4,1,36.0,youtube_suggest,2026-09-12 19:38:00.822013
4107,42,85,forest elf makeup tutorial,0.1429,4,1,36.0,youtube_suggest,2026-09-12 19:38:00.822181
4108,42,85,deep forest computer machine,0.1429,4,1,36.0,youtube_suggest,2026-09-12 19:38:00.822362
4109,42,85,ets2 forest machinery dlc,0.1429,4,1,36.0,youtube_suggest,2026-09-12 19:38:00.822526
4110,42,85,ats forest machinery dlc,0.1429,4,1,36.0,youtube_suggest,2026-09-12 19:38:00.822689
4111,43,86,giant tree to a hidden shelter,0.2857,6,1,50.0,youtube_suggest,2026-09-12 19:39:31.330883
4112,43,86,giant tree as shelter,0.3333,4,1,49.33,youtube_suggest,2026-09-12 19:39:31.337132
4113,43,86,giant tree cat tree,0.3333,4,1,49.33,youtube_suggest,2026-09-12 19:39:31.337887
4114,43,86,giant tree grow a garden,0.2857,5,1,48.0,youtube_suggest,2026-09-12 19:39:31.338576
4115,43,86,giant tree before the flood,0.2857,5,1,48.0,youtube_suggest,2026-09-12 19:39:31.338723
4116,43,86,giant tree falls on house,0.2857,5,1,48.0,youtube_suggest,2026-09-12 19:39:31.338855
4117,43,86,giant durian tree grow a garden,0.25,6,1,47.5,youtube_suggest,2026-09-12 19:39:31.339012
4118,43,86,giant tree cutting,0.3333,3,1,47.33,youtube_suggest,2026-09-12 19:39:31.343126
4119,43,86,giant tree removal,0.3333,3,1,47.33,youtube_suggest,2026-09-12 19:39:31.343429
4120,43,86,giant tree minecraft,0.3333,3,1,47.33,youtube_suggest,2026-09-12 19:39:31.343578
4121,43,86,giant tree avatar,0.3333,3,1,47.33,youtube_suggest,2026-09-12 19:39:31.343708
4122,43,86,giant tree ancient,0.3333,3,1,47.33,youtube_suggest,2026-09-12 19:39:31.343838
4123,43,86,giant tree anime,0.3333,3,1,47.33,youtube_suggest,2026-09-12 19:39:31.343962
4124,43,86,giant amberheart tree,0.3333,3,1,47.33,youtube_suggest,2026-09-12 19:39:31.344086
4125,43,86,giant arborvitae tree,0.3333,3,1,47.33,youtube_suggest,2026-09-12 19:39:31.344207
4126,43,86,giant tree build,0.3333,3,1,47.33,youtube_suggest,2026-09-12 19:39:31.356886
4127,43,86,giant tree bow,0.3333,3,1,47.33,youtube_suggest,2026-09-12 19:39:31.357133
4128,43,86,giant tree base,0.3333,3,1,47.33,youtube_suggest,2026-09-12 19:39:31.357286
4129,43,86,giant tree bee,0.3333,3,1,47.33,youtube_suggest,2026-09-12 19:39:31.357417
4130,43,86,giant tree climbing,0.3333,3,1,47.33,youtube_suggest,2026-09-12 19:39:31.357546
4131,43,86,giant tree cartoon,0.3333,3,1,47.33,youtube_suggest,2026-09-12 19:39:31.357672
4132,43,86,giant tree chainsaw,0.3333,3,1,47.33,youtube_suggest,2026-09-12 19:39:31.357797
4133,43,86,giant tree documentary,0.3333,3,1,47.33,youtube_suggest,2026-09-12 19:39:31.357923
4134,43,86,giant tree ds2,0.3333,3,1,47.33,youtube_suggest,2026-09-12 19:39:31.358044
4135,43,86,giant tree diy,0.3333,3,1,47.33,youtube_suggest,2026-09-12 19:39:31.358175
4136,43,86,giant tree drawing,0.3333,3,1,47.33,youtube_suggest,2026-09-12 19:39:31.358308
4137,43,86,giant tree dst,0.3333,3,1,47.33,youtube_suggest,2026-09-12 19:39:31.358425
4138,43,86,giant enemy tree,0.3333,3,1,47.33,youtube_suggest,2026-09-12 19:39:31.358542
4139,43,86,giant eucalyptus tree,0.3333,3,1,47.33,youtube_suggest,2026-09-12 19:39:31.358658
4140,43,86,giant elm tree,0.3333,3,1,47.33,youtube_suggest,2026-09-12 19:39:31.358779
4141,43,86,giant tree falling,0.3333,3,1,47.33,youtube_suggest,2026-09-12 19:39:31.358896
4142,43,86,giant tree frog,0.3333,3,1,47.33,youtube_suggest,2026-09-12 19:39:31.359011
4143,43,86,giant tree fossils,0.3333,3,1,47.33,youtube_suggest,2026-09-12 19:39:31.359126
4144,43,86,giant tree forest,0.3333,3,1,47.33,youtube_suggest,2026-09-12 19:39:31.359255
4145,43,86,giant tree farm,0.3333,3,1,47.33,youtube_suggest,2026-09-12 19:39:31.359372
4146,43,86,giant tree fern,0.3333,3,1,47.33,youtube_suggest,2026-09-12 19:39:31.359487
4147,43,86,giant tree cutting machine,0.2857,4,1,46.0,youtube_suggest,2026-09-12 19:39:31.359602
4148,43,86,giant tree minecraft tutorial,0.2857,4,1,46.0,youtube_suggest,2026-09-12 19:39:31.359717
4149,43,86,giant tree build minecraft,0.2857,4,1,46.0,youtube_suggest,2026-09-12 19:39:31.359836
4150,43,86,giant tree base minecraft,0.2857,4,1,46.0,youtube_suggest,2026-09-12 19:39:31.359951
4151,43,86,giant tree house minecraft,0.2857,4,1,46.0,youtube_suggest,2026-09-12 19:39:31.360063
4152,43,86,giant tree bushcraft shelter,0.2857,4,1,46.0,youtube_suggest,2026-09-12 19:39:31.360177
4153,43,86,giant tree cut down,0.2857,4,1,46.0,youtube_suggest,2026-09-12 19:39:31.360302
4154,43,86,giant tree crushes house,0.2857,4,1,46.0,youtube_suggest,2026-09-12 19:39:31.360421
4155,43,86,giant tree chiang mai,0.2857,4,1,46.0,youtube_suggest,2026-09-12 19:39:31.373968
4156,43,86,giant tree design minecraft,0.2857,4,1,46.0,youtube_suggest,2026-09-12 19:39:31.377298
4157,43,86,giant tree farm minecraft,0.2857,4,1,46.0,youtube_suggest,2026-09-12 19:39:31.380651
4158,43,86,giant tree fantasy life,0.2857,4,1,46.0,youtube_suggest,2026-09-12 19:39:31.380960
4159,43,86,giant tree full movie,0.2857,4,1,46.0,youtube_suggest,2026-09-12 19:39:31.381111
4160,43,86,giant tree house minecraft tutorial,0.25,5,1,45.5,youtube_suggest,2026-09-12 19:39:31.381255
4161,43,86,giant tree base minecraft tutorial,0.25,5,1,45.5,youtube_suggest,2026-09-12 19:39:31.381383
4162,43,86,giant tree build minecraft tutorial,0.25,5,1,45.5,youtube_suggest,2026-09-12 19:39:31.381506
4163,43,86,giant trees in the bible,0.1429,5,1,38.0,youtube_suggest,2026-09-12 19:39:31.381628
4164,43,86,giant trees before the flood,0.125,5,1,36.75,youtube_suggest,2026-09-12 19:39:31.381750
4165,43,86,big tree cutting machine stihl,0.1111,5,1,35.78,youtube_suggest,2026-09-12 19:39:31.381868
4166,43,86,great tree elite pirate spawn,0.1111,5,1,35.78,youtube_suggest,2026-09-12 19:39:31.395068
4167,43,86,big tree entertainment private limited,0.1111,5,1,35.78,youtube_suggest,2026-09-12 19:39:31.395264
4168,43,86,canopy pop up,0.1667,3,1,35.67,youtube_suggest,2026-09-12 19:39:31.395400
4169,43,86,big tree cutting machine,0.125,4,1,34.75,youtube_suggest,2026-09-12 19:39:31.395526
4170,43,86,big tree cutter machine,0.125,4,1,34.75,youtube_suggest,2026-09-12 19:39:31.395650
4171,44,87,giant tree as shelter,0.4,4,1,54.0,youtube_suggest,2026-09-12 19:41:08.239455
4172,44,87,giant tree cat tree,0.4,4,1,54.0,youtube_suggest,2026-09-12 19:41:08.239757
4173,44,87,giant tree to a hidden shelter,0.3333,6,1,53.33,youtube_suggest,2026-09-12 19:41:08.239965
4174,44,87,giant tree cutting,0.4,3,1,52.0,youtube_suggest,2026-09-12 19:41:08.240161
4175,44,87,giant tree removal,0.4,3,1,52.0,youtube_suggest,2026-09-12 19:41:08.240355
4176,44,87,giant tree minecraft,0.4,3,1,52.0,youtube_suggest,2026-09-12 19:41:08.244744
4177,44,87,giant tree avatar,0.4,3,1,52.0,youtube_suggest,2026-09-12 19:41:08.245793
4178,44,87,giant tree ancient,0.4,3,1,52.0,youtube_suggest,2026-09-12 19:41:08.246914
4179,44,87,giant tree anime,0.4,3,1,52.0,youtube_suggest,2026-09-12 19:41:08.248249
4180,44,87,giant amberheart tree,0.4,3,1,52.0,youtube_suggest,2026-09-12 19:41:08.249344
4181,44,87,giant arborvitae tree,0.4,3,1,52.0,youtube_suggest,2026-09-12 19:41:08.250478
4182,44,87,giant tree build,0.4,3,1,52.0,youtube_suggest,2026-09-12 19:41:08.251204
4183,44,87,giant tree bow,0.4,3,1,52.0,youtube_suggest,2026-09-12 19:41:08.252069
4184,44,87,giant tree base,0.4,3,1,52.0,youtube_suggest,2026-09-12 19:41:08.252302
4185,44,87,giant tree bee,0.4,3,1,52.0,youtube_suggest,2026-09-12 19:41:08.252496
4186,44,87,giant tree climbing,0.4,3,1,52.0,youtube_suggest,2026-09-12 19:41:08.252700
4187,44,87,giant tree cartoon,0.4,3,1,52.0,youtube_suggest,2026-09-12 19:41:08.254462
4188,44,87,giant tree chainsaw,0.4,3,1,52.0,youtube_suggest,2026-09-12 19:41:08.254674
4189,44,87,giant tree documentary,0.4,3,1,52.0,youtube_suggest,2026-09-12 19:41:08.254889
4190,44,87,giant tree ds2,0.4,3,1,52.0,youtube_suggest,2026-09-12 19:41:08.255080
4191,44,87,giant tree diy,0.4,3,1,52.0,youtube_suggest,2026-09-12 19:41:08.255282
4192,44,87,giant tree drawing,0.4,3,1,52.0,youtube_suggest,2026-09-12 19:41:08.255502
4193,44,87,giant tree dst,0.4,3,1,52.0,youtube_suggest,2026-09-12 19:41:08.255692
4194,44,87,giant enemy tree,0.4,3,1,52.0,youtube_suggest,2026-09-12 19:41:08.255891
4195,44,87,giant eucalyptus tree,0.4,3,1,52.0,youtube_suggest,2026-09-12 19:41:08.256073
4196,44,87,giant elm tree,0.4,3,1,52.0,youtube_suggest,2026-09-12 19:41:08.256256
4197,44,87,giant tree falling,0.4,3,1,52.0,youtube_suggest,2026-09-12 19:41:08.256438
4198,44,87,giant tree frog,0.4,3,1,52.0,youtube_suggest,2026-09-12 19:41:08.259674
4199,44,87,giant tree fossils,0.4,3,1,52.0,youtube_suggest,2026-09-12 19:41:08.259939
4200,44,87,giant tree forest,0.4,3,1,52.0,youtube_suggest,2026-09-12 19:41:08.260139
4201,44,87,giant tree farm,0.4,3,1,52.0,youtube_suggest,2026-09-12 19:41:08.260332
4202,44,87,giant tree fern,0.4,3,1,52.0,youtube_suggest,2026-09-12 19:41:08.260518
4203,44,87,giant tree grow a garden,0.3333,5,1,51.33,youtube_suggest,2026-09-12 19:41:08.260826
4204,44,87,giant tree before the flood,0.3333,5,1,51.33,youtube_suggest,2026-09-12 19:41:08.261018
4205,44,87,giant tree falls on house,0.3333,5,1,51.33,youtube_suggest,2026-09-12 19:41:08.261203
4206,44,87,giant durian tree grow a garden,0.2857,6,1,50.0,youtube_suggest,2026-09-12 19:41:08.261392
4207,44,87,giant tree cutting machine,0.3333,4,1,49.33,youtube_suggest,2026-09-12 19:41:08.261570
4208,44,87,giant tree minecraft tutorial,0.3333,4,1,49.33,youtube_suggest,2026-09-12 19:41:08.261771
4209,44,87,giant tree build minecraft,0.3333,4,1,49.33,youtube_suggest,2026-09-12 19:41:08.264628
4210,44,87,giant tree base minecraft,0.3333,4,1,49.33,youtube_suggest,2026-09-12 19:41:08.264952
4211,44,87,giant tree house minecraft,0.3333,4,1,49.33,youtube_suggest,2026-09-12 19:41:08.265102
4212,44,87,giant tree bushcraft shelter,0.3333,4,1,49.33,youtube_suggest,2026-09-12 19:41:08.265276
4213,44,87,giant tree cut down,0.3333,4,1,49.33,youtube_suggest,2026-09-12 19:41:08.265456
4214,44,87,giant tree crushes house,0.3333,4,1,49.33,youtube_suggest,2026-09-12 19:41:08.265650
4215,44,87,giant tree chiang mai,0.3333,4,1,49.33,youtube_suggest,2026-09-12 19:41:08.267635
4216,44,87,giant tree design minecraft,0.3333,4,1,49.33,youtube_suggest,2026-09-12 19:41:08.267951
4217,44,87,giant tree farm minecraft,0.3333,4,1,49.33,youtube_suggest,2026-09-12 19:41:08.268152
4218,44,87,giant tree fantasy life,0.3333,4,1,49.33,youtube_suggest,2026-09-12 19:41:08.268341
4219,44,87,giant tree full movie,0.3333,4,1,49.33,youtube_suggest,2026-09-12 19:41:08.268527
4220,44,87,giant tree house minecraft tutorial,0.2857,5,1,48.0,youtube_suggest,2026-09-12 19:41:08.268811
4221,44,87,giant tree base minecraft tutorial,0.2857,5,1,48.0,youtube_suggest,2026-09-12 19:41:08.268976
4222,44,87,giant tree build minecraft tutorial,0.2857,5,1,48.0,youtube_suggest,2026-09-12 19:41:08.269119
4223,44,87,titan v vs titan x,0.25,5,1,45.5,youtube_suggest,2026-09-12 19:41:08.269260
4224,44,87,titan quest dust of a titan,0.1667,6,1,41.67,youtube_suggest,2026-09-12 19:41:08.269402
4225,44,87,titan a titan,0.25,3,1,41.5,youtube_suggest,2026-09-12 19:41:08.269546
4226,44,87,titan h nd,0.25,3,1,41.5,youtube_suggest,2026-09-12 19:41:08.269681
4227,44,87,titan v vs,0.25,3,1,41.5,youtube_suggest,2026-09-12 19:41:08.269834
4228,44,87,titan x titan,0.25,3,1,41.5,youtube_suggest,2026-09-12 19:41:08.269963
4229,44,87,giant trees in the bible,0.1667,5,1,39.67,youtube_suggest,2026-09-12 19:41:08.270095
4230,44,87,giant trees before the flood,0.1429,5,1,38.0,youtube_suggest,2026-09-12 19:41:08.270225
4231,45,88,giant tree to a hidden shelter,0.2857,6,1,50.0,youtube_suggest,2026-09-12 19:42:35.454834
4232,45,88,giant tree as shelter,0.3333,4,1,49.33,youtube_suggest,2026-09-12 19:42:35.455204
4233,45,88,giant tree cat tree,0.3333,4,1,49.33,youtube_suggest,2026-09-12 19:42:35.455454
4234,45,88,giant tree grow a garden,0.2857,5,1,48.0,youtube_suggest,2026-09-12 19:42:35.455688
4235,45,88,giant tree before the flood,0.2857,5,1,48.0,youtube_suggest,2026-09-12 19:42:35.455903
4236,45,88,giant tree falls on house,0.2857,5,1,48.0,youtube_suggest,2026-09-12 19:42:35.456127
4237,45,88,giant durian tree grow a garden,0.25,6,1,47.5,youtube_suggest,2026-09-12 19:42:35.456356
4238,45,88,giant tree cutting,0.3333,3,1,47.33,youtube_suggest,2026-09-12 19:42:35.460749
4239,45,88,giant tree removal,0.3333,3,1,47.33,youtube_suggest,2026-09-12 19:42:35.461166
4240,45,88,giant tree minecraft,0.3333,3,1,47.33,youtube_suggest,2026-09-12 19:42:35.461414
4241,45,88,giant tree avatar,0.3333,3,1,47.33,youtube_suggest,2026-09-12 19:42:35.461642
4242,45,88,giant tree ancient,0.3333,3,1,47.33,youtube_suggest,2026-09-12 19:42:35.461857
4243,45,88,giant tree anime,0.3333,3,1,47.33,youtube_suggest,2026-09-12 19:42:35.463846
4244,45,88,giant amberheart tree,0.3333,3,1,47.33,youtube_suggest,2026-09-12 19:42:35.464104
4245,45,88,giant arborvitae tree,0.3333,3,1,47.33,youtube_suggest,2026-09-12 19:42:35.464326
4246,45,88,giant tree build,0.3333,3,1,47.33,youtube_suggest,2026-09-12 19:42:35.470416
4247,45,88,giant tree bow,0.3333,3,1,47.33,youtube_suggest,2026-09-12 19:42:35.470773
4248,45,88,giant tree base,0.3333,3,1,47.33,youtube_suggest,2026-09-12 19:42:35.470978
4249,45,88,giant tree bee,0.3333,3,1,47.33,youtube_suggest,2026-09-12 19:42:35.471139
4250,45,88,giant tree climbing,0.3333,3,1,47.33,youtube_suggest,2026-09-12 19:42:35.471294
4251,45,88,giant tree cartoon,0.3333,3,1,47.33,youtube_suggest,2026-09-12 19:42:35.471454
4252,45,88,giant tree chainsaw,0.3333,3,1,47.33,youtube_suggest,2026-09-12 19:42:35.471605
4253,45,88,giant tree documentary,0.3333,3,1,47.33,youtube_suggest,2026-09-12 19:42:35.471756
4254,45,88,giant tree ds2,0.3333,3,1,47.33,youtube_suggest,2026-09-12 19:42:35.471904
4255,45,88,giant tree diy,0.3333,3,1,47.33,youtube_suggest,2026-09-12 19:42:35.472050
4256,45,88,giant tree drawing,0.3333,3,1,47.33,youtube_suggest,2026-09-12 19:42:35.472194
4257,45,88,giant tree dst,0.3333,3,1,47.33,youtube_suggest,2026-09-12 19:42:35.472348
4258,45,88,giant enemy tree,0.3333,3,1,47.33,youtube_suggest,2026-09-12 19:42:35.472494
4259,45,88,giant eucalyptus tree,0.3333,3,1,47.33,youtube_suggest,2026-09-12 19:42:35.479841
4260,45,88,giant elm tree,0.3333,3,1,47.33,youtube_suggest,2026-09-12 19:42:35.480058
4261,45,88,giant tree falling,0.3333,3,1,47.33,youtube_suggest,2026-09-12 19:42:35.480233
4262,45,88,giant tree frog,0.3333,3,1,47.33,youtube_suggest,2026-09-12 19:42:35.480416
4263,45,88,giant tree fossils,0.3333,3,1,47.33,youtube_suggest,2026-09-12 19:42:35.480642
4264,45,88,giant tree forest,0.3333,3,1,47.33,youtube_suggest,2026-09-12 19:42:35.480815
4265,45,88,giant tree farm,0.3333,3,1,47.33,youtube_suggest,2026-09-12 19:42:35.480980
4266,45,88,giant tree fern,0.3333,3,1,47.33,youtube_suggest,2026-09-12 19:42:35.481143
4267,45,88,giant tree cutting machine,0.2857,4,1,46.0,youtube_suggest,2026-09-12 19:42:35.481307
4268,45,88,giant tree minecraft tutorial,0.2857,4,1,46.0,youtube_suggest,2026-09-12 19:42:35.481497
4269,45,88,giant tree build minecraft,0.2857,4,1,46.0,youtube_suggest,2026-09-12 19:42:35.481669
4270,45,88,giant tree base minecraft,0.2857,4,1,46.0,youtube_suggest,2026-09-12 19:42:35.481834
4271,45,88,giant tree house minecraft,0.2857,4,1,46.0,youtube_suggest,2026-09-12 19:42:35.481999
4272,45,88,giant tree bushcraft shelter,0.2857,4,1,46.0,youtube_suggest,2026-09-12 19:42:35.483694
4273,45,88,giant tree cut down,0.2857,4,1,46.0,youtube_suggest,2026-09-12 19:42:35.483963
4274,45,88,giant tree crushes house,0.2857,4,1,46.0,youtube_suggest,2026-09-12 19:42:35.484142
4275,45,88,giant tree chiang mai,0.2857,4,1,46.0,youtube_suggest,2026-09-12 19:42:35.484321
4276,45,88,giant tree design minecraft,0.2857,4,1,46.0,youtube_suggest,2026-09-12 19:42:35.484710
4277,45,88,giant tree farm minecraft,0.2857,4,1,46.0,youtube_suggest,2026-09-12 19:42:35.484940
4278,45,88,giant tree fantasy life,0.2857,4,1,46.0,youtube_suggest,2026-09-12 19:42:35.485156
4279,45,88,giant tree full movie,0.2857,4,1,46.0,youtube_suggest,2026-09-12 19:42:35.485378
4280,45,88,giant tree house minecraft tutorial,0.25,5,1,45.5,youtube_suggest,2026-09-12 19:42:35.485593
4281,45,88,giant tree base minecraft tutorial,0.25,5,1,45.5,youtube_suggest,2026-09-12 19:42:35.485847
4282,45,88,giant tree build minecraft tutorial,0.25,5,1,45.5,youtube_suggest,2026-09-12 19:42:35.486063
4283,45,88,colossus 6 shadow of the colossus,0.1667,6,1,41.67,youtube_suggest,2026-09-12 19:42:35.486280
4284,45,88,colossus 7 shadow of the colossus,0.1667,6,1,41.67,youtube_suggest,2026-09-12 19:42:35.486499
4285,45,88,colossus 10 shadow of the colossus,0.1667,6,1,41.67,youtube_suggest,2026-09-12 19:42:35.486701
4286,45,88,shadow of the colossus tallest colossus,0.1429,6,1,40.0,youtube_suggest,2026-09-12 19:42:35.486910
4287,45,88,shadow of the colossus boss 4,0.1429,6,1,40.0,youtube_suggest,2026-09-12 19:42:35.487106
4288,45,88,shadow of the colossus water colossus,0.1429,6,1,40.0,youtube_suggest,2026-09-12 19:42:35.487297
4289,45,88,7th colossus shadow of the colossus,0.1429,6,1,40.0,youtube_suggest,2026-09-12 19:42:35.487507
4290,45,88,shadow of the colossus biggest colossus,0.1429,6,1,40.0,youtube_suggest,2026-09-12 19:42:35.487693
4291,46,89,giant tree as shelter,0.4,4,1,54.0,youtube_suggest,2026-09-12 19:43:59.951000
4292,46,89,giant tree cat tree,0.4,4,1,54.0,youtube_suggest,2026-09-12 19:43:59.951313
4293,46,89,giant tree to a hidden shelter,0.3333,6,1,53.33,youtube_suggest,2026-09-12 19:43:59.951569
4294,46,89,giant tree cutting,0.4,3,1,52.0,youtube_suggest,2026-09-12 19:43:59.956790
4295,46,89,giant tree removal,0.4,3,1,52.0,youtube_suggest,2026-09-12 19:43:59.957225
4296,46,89,giant tree minecraft,0.4,3,1,52.0,youtube_suggest,2026-09-12 19:43:59.957476
4297,46,89,giant tree avatar,0.4,3,1,52.0,youtube_suggest,2026-09-12 19:43:59.957697
4298,46,89,giant tree ancient,0.4,3,1,52.0,youtube_suggest,2026-09-12 19:43:59.957909
4299,46,89,giant tree anime,0.4,3,1,52.0,youtube_suggest,2026-09-12 19:43:59.958119
4300,46,89,giant amberheart tree,0.4,3,1,52.0,youtube_suggest,2026-09-12 19:43:59.958319
4301,46,89,giant arborvitae tree,0.4,3,1,52.0,youtube_suggest,2026-09-12 19:43:59.958541
4302,46,89,giant tree build,0.4,3,1,52.0,youtube_suggest,2026-09-12 19:43:59.958757
4303,46,89,giant tree bow,0.4,3,1,52.0,youtube_suggest,2026-09-12 19:43:59.958962
4304,46,89,giant tree base,0.4,3,1,52.0,youtube_suggest,2026-09-12 19:43:59.959169
4305,46,89,giant tree bee,0.4,3,1,52.0,youtube_suggest,2026-09-12 19:43:59.959381
4306,46,89,giant tree climbing,0.4,3,1,52.0,youtube_suggest,2026-09-12 19:43:59.959594
4307,46,89,giant tree cartoon,0.4,3,1,52.0,youtube_suggest,2026-09-12 19:43:59.959799
4308,46,89,giant tree chainsaw,0.4,3,1,52.0,youtube_suggest,2026-09-12 19:43:59.960001
4309,46,89,giant tree documentary,0.4,3,1,52.0,youtube_suggest,2026-09-12 19:43:59.960209
4310,46,89,giant tree ds2,0.4,3,1,52.0,youtube_suggest,2026-09-12 19:43:59.960441
4311,46,89,giant tree diy,0.4,3,1,52.0,youtube_suggest,2026-09-12 19:43:59.963137
4312,46,89,giant tree drawing,0.4,3,1,52.0,youtube_suggest,2026-09-12 19:43:59.964195
4313,46,89,giant tree dst,0.4,3,1,52.0,youtube_suggest,2026-09-12 19:43:59.965219
4314,46,89,giant enemy tree,0.4,3,1,52.0,youtube_suggest,2026-09-12 19:43:59.966063
4315,46,89,giant eucalyptus tree,0.4,3,1,52.0,youtube_suggest,2026-09-12 19:43:59.966610
4316,46,89,giant elm tree,0.4,3,1,52.0,youtube_suggest,2026-09-12 19:43:59.967708
4317,46,89,giant tree falling,0.4,3,1,52.0,youtube_suggest,2026-09-12 19:43:59.967970
4318,46,89,giant tree frog,0.4,3,1,52.0,youtube_suggest,2026-09-12 19:43:59.968188
4319,46,89,giant tree fossils,0.4,3,1,52.0,youtube_suggest,2026-09-12 19:43:59.968411
4320,46,89,giant tree forest,0.4,3,1,52.0,youtube_suggest,2026-09-12 19:43:59.970383
4321,46,89,giant tree farm,0.4,3,1,52.0,youtube_suggest,2026-09-12 19:43:59.970643
4322,46,89,giant tree fern,0.4,3,1,52.0,youtube_suggest,2026-09-12 19:43:59.970860
4323,46,89,giant tree grow a garden,0.3333,5,1,51.33,youtube_suggest,2026-09-12 19:43:59.971116
4324,46,89,giant tree before the flood,0.3333,5,1,51.33,youtube_suggest,2026-09-12 19:43:59.971339
4325,46,89,giant tree falls on house,0.3333,5,1,51.33,youtube_suggest,2026-09-12 19:43:59.971554
4326,46,89,giant durian tree grow a garden,0.2857,6,1,50.0,youtube_suggest,2026-09-12 19:43:59.977063
4327,46,89,giant tree cutting machine,0.3333,4,1,49.33,youtube_suggest,2026-09-12 19:43:59.977512
4328,46,89,giant tree minecraft tutorial,0.3333,4,1,49.33,youtube_suggest,2026-09-12 19:43:59.977891
4329,46,89,giant tree build minecraft,0.3333,4,1,49.33,youtube_suggest,2026-09-12 19:43:59.978137
4330,46,89,giant tree base minecraft,0.3333,4,1,49.33,youtube_suggest,2026-09-12 19:43:59.978302
4331,46,89,giant tree house minecraft,0.3333,4,1,49.33,youtube_suggest,2026-09-12 19:43:59.978473
4332,46,89,giant tree bushcraft shelter,0.3333,4,1,49.33,youtube_suggest,2026-09-12 19:43:59.978746
4333,46,89,giant tree cut down,0.3333,4,1,49.33,youtube_suggest,2026-09-12 19:43:59.979055
4334,46,89,giant tree crushes house,0.3333,4,1,49.33,youtube_suggest,2026-09-12 19:43:59.979392
4335,46,89,giant tree chiang mai,0.3333,4,1,49.33,youtube_suggest,2026-09-12 19:43:59.979693
4336,46,89,giant tree design minecraft,0.3333,4,1,49.33,youtube_suggest,2026-09-12 19:43:59.980070
4337,46,89,giant tree farm minecraft,0.3333,4,1,49.33,youtube_suggest,2026-09-12 19:43:59.980363
4338,46,89,giant tree fantasy life,0.3333,4,1,49.33,youtube_suggest,2026-09-12 19:43:59.988840
4339,46,89,giant tree full movie,0.3333,4,1,49.33,youtube_suggest,2026-09-12 19:43:59.989171
4340,46,89,giant tree house minecraft tutorial,0.2857,5,1,48.0,youtube_suggest,2026-09-12 19:43:59.989537
4341,46,89,giant tree base minecraft tutorial,0.2857,5,1,48.0,youtube_suggest,2026-09-12 19:43:59.989750
4342,46,89,giant tree build minecraft tutorial,0.2857,5,1,48.0,youtube_suggest,2026-09-12 19:43:59.990122
4343,46,89,giant trees in the bible,0.1667,5,1,39.67,youtube_suggest,2026-09-12 19:43:59.993117
4344,46,89,cloud to router cisco packet tracer,0.125,6,1,38.75,youtube_suggest,2026-09-12 19:43:59.993374
4345,46,89,giant trees before the flood,0.1429,5,1,38.0,youtube_suggest,2026-09-12 19:43:59.993585
4346,46,89,rooter coin convert to cash,0.1429,5,1,38.0,youtube_suggest,2026-09-12 19:43:59.993753
4347,46,89,cloud router in gcp,0.1667,4,1,37.67,youtube_suggest,2026-09-12 19:43:59.994024
4348,46,89,cloud on roof led,0.1667,4,1,37.67,youtube_suggest,2026-09-12 19:43:59.994381
4349,46,89,cloud to router cisco,0.1667,4,1,37.67,youtube_suggest,2026-09-12 19:43:59.994721
4350,46,89,big tree cutting machine stihl,0.125,5,1,36.75,youtube_suggest,2026-09-12 19:43:59.995037
4351,47,90,giant tree as shelter,0.4,4,1,54.0,youtube_suggest,2026-09-12 19:45:32.022456
4352,47,90,giant tree cat tree,0.4,4,1,54.0,youtube_suggest,2026-09-12 19:45:32.022669
4353,47,90,giant tree to a hidden shelter,0.3333,6,1,53.33,youtube_suggest,2026-09-12 19:45:32.022814
4354,47,90,giant tree cutting,0.4,3,1,52.0,youtube_suggest,2026-09-12 19:45:32.022957
4355,47,90,giant tree removal,0.4,3,1,52.0,youtube_suggest,2026-09-12 19:45:32.023098
4356,47,90,giant tree minecraft,0.4,3,1,52.0,youtube_suggest,2026-09-12 19:45:32.023234
4357,47,90,giant tree avatar,0.4,3,1,52.0,youtube_suggest,2026-09-12 19:45:32.023367
4358,47,90,giant tree ancient,0.4,3,1,52.0,youtube_suggest,2026-09-12 19:45:32.023517
4359,47,90,giant tree anime,0.4,3,1,52.0,youtube_suggest,2026-09-12 19:45:32.023650
4360,47,90,giant amberheart tree,0.4,3,1,52.0,youtube_suggest,2026-09-12 19:45:32.023779
4361,47,90,giant arborvitae tree,0.4,3,1,52.0,youtube_suggest,2026-09-12 19:45:32.023909
4362,47,90,giant tree build,0.4,3,1,52.0,youtube_suggest,2026-09-12 19:45:32.024041
4363,47,90,giant tree bow,0.4,3,1,52.0,youtube_suggest,2026-09-12 19:45:32.024169
4364,47,90,giant tree base,0.4,3,1,52.0,youtube_suggest,2026-09-12 19:45:32.024303
4365,47,90,giant tree bee,0.4,3,1,52.0,youtube_suggest,2026-09-12 19:45:32.024451
4366,47,90,giant tree climbing,0.4,3,1,52.0,youtube_suggest,2026-09-12 19:45:32.027639
4367,47,90,giant tree cartoon,0.4,3,1,52.0,youtube_suggest,2026-09-12 19:45:32.027909
4368,47,90,giant tree chainsaw,0.4,3,1,52.0,youtube_suggest,2026-09-12 19:45:32.028101
4369,47,90,giant tree documentary,0.4,3,1,52.0,youtube_suggest,2026-09-12 19:45:32.028274
4370,47,90,giant tree ds2,0.4,3,1,52.0,youtube_suggest,2026-09-12 19:45:32.028481
4371,47,90,giant tree diy,0.4,3,1,52.0,youtube_suggest,2026-09-12 19:45:32.028718
4372,47,90,giant tree drawing,0.4,3,1,52.0,youtube_suggest,2026-09-12 19:45:32.028871
4373,47,90,giant tree dst,0.4,3,1,52.0,youtube_suggest,2026-09-12 19:45:32.029021
4374,47,90,giant enemy tree,0.4,3,1,52.0,youtube_suggest,2026-09-12 19:45:32.029187
4375,47,90,giant eucalyptus tree,0.4,3,1,52.0,youtube_suggest,2026-09-12 19:45:32.029370
4376,47,90,giant elm tree,0.4,3,1,52.0,youtube_suggest,2026-09-12 19:45:32.029572
4377,47,90,giant tree falling,0.4,3,1,52.0,youtube_suggest,2026-09-12 19:45:32.029763
4378,47,90,giant tree frog,0.4,3,1,52.0,youtube_suggest,2026-09-12 19:45:32.032330
4379,47,90,giant tree fossils,0.4,3,1,52.0,youtube_suggest,2026-09-12 19:45:32.033334
4380,47,90,giant tree forest,0.4,3,1,52.0,youtube_suggest,2026-09-12 19:45:32.033506
4381,47,90,giant tree farm,0.4,3,1,52.0,youtube_suggest,2026-09-12 19:45:32.036864
4382,47,90,giant tree fern,0.4,3,1,52.0,youtube_suggest,2026-09-12 19:45:32.037083
4383,47,90,giant tree grow a garden,0.3333,5,1,51.33,youtube_suggest,2026-09-12 19:45:32.037274
4384,47,90,giant tree before the flood,0.3333,5,1,51.33,youtube_suggest,2026-09-12 19:45:32.037471
4385,47,90,giant tree falls on house,0.3333,5,1,51.33,youtube_suggest,2026-09-12 19:45:32.037660
4386,47,90,giant durian tree grow a garden,0.2857,6,1,50.0,youtube_suggest,2026-09-12 19:45:32.037844
4387,47,90,giant tree cutting machine,0.3333,4,1,49.33,youtube_suggest,2026-09-12 19:45:32.038023
4388,47,90,giant tree minecraft tutorial,0.3333,4,1,49.33,youtube_suggest,2026-09-12 19:45:32.038204
4389,47,90,giant tree build minecraft,0.3333,4,1,49.33,youtube_suggest,2026-09-12 19:45:32.038392
4390,47,90,giant tree base minecraft,0.3333,4,1,49.33,youtube_suggest,2026-09-12 19:45:32.038571
4391,47,90,giant tree house minecraft,0.3333,4,1,49.33,youtube_suggest,2026-09-12 19:45:32.038758
4392,47,90,giant tree bushcraft shelter,0.3333,4,1,49.33,youtube_suggest,2026-09-12 19:45:32.038963
4393,47,90,giant tree cut down,0.3333,4,1,49.33,youtube_suggest,2026-09-12 19:45:32.039146
4394,47,90,giant tree crushes house,0.3333,4,1,49.33,youtube_suggest,2026-09-12 19:45:32.039338
4395,47,90,giant tree chiang mai,0.3333,4,1,49.33,youtube_suggest,2026-09-12 19:45:32.039534
4396,47,90,giant tree design minecraft,0.3333,4,1,49.33,youtube_suggest,2026-09-12 19:45:32.039723
4397,47,90,giant tree farm minecraft,0.3333,4,1,49.33,youtube_suggest,2026-09-12 19:45:32.042766
4398,47,90,giant tree fantasy life,0.3333,4,1,49.33,youtube_suggest,2026-09-12 19:45:32.043067
4399,47,90,giant tree full movie,0.3333,4,1,49.33,youtube_suggest,2026-09-12 19:45:32.043265
4400,47,90,giant tree house minecraft tutorial,0.2857,5,1,48.0,youtube_suggest,2026-09-12 19:45:32.043548
4401,47,90,giant tree base minecraft tutorial,0.2857,5,1,48.0,youtube_suggest,2026-09-12 19:45:32.043755
4402,47,90,giant tree build minecraft tutorial,0.2857,5,1,48.0,youtube_suggest,2026-09-12 19:45:32.043938
4403,47,90,giant trees in the bible,0.1667,5,1,39.67,youtube_suggest,2026-09-12 19:45:32.044133
4404,47,90,bark river 3v,0.2,3,1,38.0,youtube_suggest,2026-09-12 19:45:32.044315
4405,47,90,giant trees before the flood,0.1429,5,1,38.0,youtube_suggest,2026-09-12 19:45:32.044510
4406,47,90,bark river petty z,0.1667,4,1,37.67,youtube_suggest,2026-09-12 19:45:32.048836
4407,47,90,big tree cutting machine stihl,0.125,5,1,36.75,youtube_suggest,2026-09-12 19:45:32.049027
4408,47,90,great tree elite pirate spawn,0.125,5,1,36.75,youtube_suggest,2026-09-12 19:45:32.049241
4409,47,90,big tree entertainment private limited,0.125,5,1,36.75,youtube_suggest,2026-09-12 19:45:32.049420
4410,47,90,big tree cutting machine,0.1429,4,1,36.0,youtube_suggest,2026-09-12 19:45:32.049578
4411,48,91,season v8 engine,0.5,3,1,59.0,youtube_suggest,2026-09-12 19:46:53.357798
4412,48,91,giant tree as shelter,0.4,4,1,54.0,youtube_suggest,2026-09-12 19:46:53.358077
4413,48,91,giant tree cat tree,0.4,4,1,54.0,youtube_suggest,2026-09-12 19:46:53.358269
4414,48,91,season v8 engine model,0.4,4,1,54.0,youtube_suggest,2026-09-12 19:46:53.358459
4415,48,91,season v8 engine running,0.4,4,1,54.0,youtube_suggest,2026-09-12 19:46:53.358651
4416,48,91,engine masters season 1,0.4,4,1,54.0,youtube_suggest,2026-09-12 19:46:53.358900
4417,48,91,engine masters season 2,0.4,4,1,54.0,youtube_suggest,2026-09-12 19:46:53.359088
4418,48,91,engine masters season 6,0.4,4,1,54.0,youtube_suggest,2026-09-12 19:46:53.359274
4419,48,91,giant tree to a hidden shelter,0.3333,6,1,53.33,youtube_suggest,2026-09-12 19:46:53.362240
4420,48,91,engine masters season 2 episode 22,0.3333,6,1,53.33,youtube_suggest,2026-09-12 19:46:53.362480
4421,48,91,engine power season 1 episode 8,0.3333,6,1,53.33,youtube_suggest,2026-09-12 19:46:53.362678
4422,48,91,giant tree cutting,0.4,3,1,52.0,youtube_suggest,2026-09-12 19:46:53.362891
4423,48,91,giant tree removal,0.4,3,1,52.0,youtube_suggest,2026-09-12 19:46:53.363084
4424,48,91,giant tree minecraft,0.4,3,1,52.0,youtube_suggest,2026-09-12 19:46:53.363264
4425,48,91,giant tree avatar,0.4,3,1,52.0,youtube_suggest,2026-09-12 19:46:53.363454
4426,48,91,giant tree ancient,0.4,3,1,52.0,youtube_suggest,2026-09-12 19:46:53.363636
4427,48,91,giant tree anime,0.4,3,1,52.0,youtube_suggest,2026-09-12 19:46:53.363825
4428,48,91,giant amberheart tree,0.4,3,1,52.0,youtube_suggest,2026-09-12 19:46:53.364008
4429,48,91,giant arborvitae tree,0.4,3,1,52.0,youtube_suggest,2026-09-12 19:46:53.364192
4430,48,91,giant tree build,0.4,3,1,52.0,youtube_suggest,2026-09-12 19:46:53.364373
4431,48,91,giant tree bow,0.4,3,1,52.0,youtube_suggest,2026-09-12 19:46:53.367759
4432,48,91,giant tree base,0.4,3,1,52.0,youtube_suggest,2026-09-12 19:46:53.368100
4433,48,91,giant tree bee,0.4,3,1,52.0,youtube_suggest,2026-09-12 19:46:53.368308
4434,48,91,giant tree climbing,0.4,3,1,52.0,youtube_suggest,2026-09-12 19:46:53.368499
4435,48,91,giant tree cartoon,0.4,3,1,52.0,youtube_suggest,2026-09-12 19:46:53.368725
4436,48,91,giant tree chainsaw,0.4,3,1,52.0,youtube_suggest,2026-09-12 19:46:53.368924
4437,48,91,giant tree documentary,0.4,3,1,52.0,youtube_suggest,2026-09-12 19:46:53.369110
4438,48,91,giant tree ds2,0.4,3,1,52.0,youtube_suggest,2026-09-12 19:46:53.369290
4439,48,91,giant tree diy,0.4,3,1,52.0,youtube_suggest,2026-09-12 19:46:53.369476
4440,48,91,giant tree drawing,0.4,3,1,52.0,youtube_suggest,2026-09-12 19:46:53.372891
4441,48,91,giant tree dst,0.4,3,1,52.0,youtube_suggest,2026-09-12 19:46:53.373059
4442,48,91,giant enemy tree,0.4,3,1,52.0,youtube_suggest,2026-09-12 19:46:53.373193
4443,48,91,giant eucalyptus tree,0.4,3,1,52.0,youtube_suggest,2026-09-12 19:46:53.373364
4444,48,91,giant elm tree,0.4,3,1,52.0,youtube_suggest,2026-09-12 19:46:53.373501
4445,48,91,giant tree falling,0.4,3,1,52.0,youtube_suggest,2026-09-12 19:46:53.373627
4446,48,91,giant tree frog,0.4,3,1,52.0,youtube_suggest,2026-09-12 19:46:53.373755
4447,48,91,giant tree fossils,0.4,3,1,52.0,youtube_suggest,2026-09-12 19:46:53.373887
4448,48,91,giant tree forest,0.4,3,1,52.0,youtube_suggest,2026-09-12 19:46:53.374017
4449,48,91,giant tree farm,0.4,3,1,52.0,youtube_suggest,2026-09-12 19:46:53.374147
4450,48,91,giant tree fern,0.4,3,1,52.0,youtube_suggest,2026-09-12 19:46:53.374295
4451,48,91,giant tree grow a garden,0.3333,5,1,51.33,youtube_suggest,2026-09-12 19:46:53.374423
4452,48,91,giant tree before the flood,0.3333,5,1,51.33,youtube_suggest,2026-09-12 19:46:53.374555
4453,48,91,giant tree falls on house,0.3333,5,1,51.33,youtube_suggest,2026-09-12 19:46:53.374684
4454,48,91,season 12 engine roll call,0.3333,5,1,51.33,youtube_suggest,2026-09-12 19:46:53.374814
4455,48,91,season 19 engine roll call,0.3333,5,1,51.33,youtube_suggest,2026-09-12 19:46:53.374933
4456,48,91,season 11 engine roll call,0.3333,5,1,51.33,youtube_suggest,2026-09-12 19:46:53.375117
4457,48,91,season v8 engine model kit,0.3333,5,1,51.33,youtube_suggest,2026-09-12 19:46:53.375387
4458,48,91,giant durian tree grow a garden,0.2857,6,1,50.0,youtube_suggest,2026-09-12 19:46:53.375610
4459,48,91,thomas season 12 engine roll call,0.2857,6,1,50.0,youtube_suggest,2026-09-12 19:46:53.375801
4460,48,91,thomas season 13 engine roll call,0.2857,6,1,50.0,youtube_suggest,2026-09-12 19:46:53.376121
4461,48,91,thomas season 22 engine roll call,0.2857,6,1,50.0,youtube_suggest,2026-09-12 19:46:53.376380
4462,48,91,giant tree cutting machine,0.3333,4,1,49.33,youtube_suggest,2026-09-12 19:46:53.384689
4463,48,91,giant tree minecraft tutorial,0.3333,4,1,49.33,youtube_suggest,2026-09-12 19:46:53.385003
4464,48,91,giant tree build minecraft,0.3333,4,1,49.33,youtube_suggest,2026-09-12 19:46:53.385169
4465,48,91,giant tree base minecraft,0.3333,4,1,49.33,youtube_suggest,2026-09-12 19:46:53.385326
4466,48,91,giant tree house minecraft,0.3333,4,1,49.33,youtube_suggest,2026-09-12 19:46:53.385474
4467,48,91,giant tree bushcraft shelter,0.3333,4,1,49.33,youtube_suggest,2026-09-12 19:46:53.385617
4468,48,91,giant tree cut down,0.3333,4,1,49.33,youtube_suggest,2026-09-12 19:46:53.385752
4469,48,91,giant tree crushes house,0.3333,4,1,49.33,youtube_suggest,2026-09-12 19:46:53.385890
4470,48,91,giant tree chiang mai,0.3333,4,1,49.33,youtube_suggest,2026-09-12 19:46:53.386018
4471,49,92,giant tree cutting machine,0.5,4,1,61.0,youtube_suggest,2026-09-12 19:48:15.470821
4472,49,92,giant tree to a hidden shelter,0.2857,6,1,50.0,youtube_suggest,2026-09-12 19:48:15.471101
4473,49,92,giant tree as shelter,0.3333,4,1,49.33,youtube_suggest,2026-09-12 19:48:15.471265
4474,49,92,giant tree cat tree,0.3333,4,1,49.33,youtube_suggest,2026-09-12 19:48:15.471411
4475,49,92,giant tree grow a garden,0.2857,5,1,48.0,youtube_suggest,2026-09-12 19:48:15.471731
4476,49,92,giant tree before the flood,0.2857,5,1,48.0,youtube_suggest,2026-09-12 19:48:15.472006
4477,49,92,giant tree falls on house,0.2857,5,1,48.0,youtube_suggest,2026-09-12 19:48:15.472295
4478,49,92,giant durian tree grow a garden,0.25,6,1,47.5,youtube_suggest,2026-09-12 19:48:15.476212
4479,49,92,giant tree cutting,0.3333,3,1,47.33,youtube_suggest,2026-09-12 19:48:15.476698
4480,49,92,giant tree removal,0.3333,3,1,47.33,youtube_suggest,2026-09-12 19:48:15.476901
4481,49,92,giant tree minecraft,0.3333,3,1,47.33,youtube_suggest,2026-09-12 19:48:15.477100
4482,49,92,giant tree avatar,0.3333,3,1,47.33,youtube_suggest,2026-09-12 19:48:15.477305
4483,49,92,giant tree ancient,0.3333,3,1,47.33,youtube_suggest,2026-09-12 19:48:15.477504
4484,49,92,giant tree anime,0.3333,3,1,47.33,youtube_suggest,2026-09-12 19:48:15.477758
4485,49,92,giant amberheart tree,0.3333,3,1,47.33,youtube_suggest,2026-09-12 19:48:15.477963
4486,49,92,giant arborvitae tree,0.3333,3,1,47.33,youtube_suggest,2026-09-12 19:48:15.478172
4487,49,92,giant tree build,0.3333,3,1,47.33,youtube_suggest,2026-09-12 19:48:15.480865
4488,49,92,giant tree bow,0.3333,3,1,47.33,youtube_suggest,2026-09-12 19:48:15.481087
4489,49,92,giant tree base,0.3333,3,1,47.33,youtube_suggest,2026-09-12 19:48:15.481285
4490,49,92,giant tree bee,0.3333,3,1,47.33,youtube_suggest,2026-09-12 19:48:15.481479
4491,49,92,giant tree climbing,0.3333,3,1,47.33,youtube_suggest,2026-09-12 19:48:15.481669
4492,49,92,giant tree cartoon,0.3333,3,1,47.33,youtube_suggest,2026-09-12 19:48:15.481871
4493,49,92,giant tree chainsaw,0.3333,3,1,47.33,youtube_suggest,2026-09-12 19:48:15.482098
4494,49,92,giant tree documentary,0.3333,3,1,47.33,youtube_suggest,2026-09-12 19:48:15.484721
4495,49,92,giant tree ds2,0.3333,3,1,47.33,youtube_suggest,2026-09-12 19:48:15.484988
4496,49,92,giant tree diy,0.3333,3,1,47.33,youtube_suggest,2026-09-12 19:48:15.485144
4497,49,92,giant tree drawing,0.3333,3,1,47.33,youtube_suggest,2026-09-12 19:48:15.485288
4498,49,92,giant tree dst,0.3333,3,1,47.33,youtube_suggest,2026-09-12 19:48:15.485485
4499,49,92,giant enemy tree,0.3333,3,1,47.33,youtube_suggest,2026-09-12 19:48:15.485755
4500,49,92,giant eucalyptus tree,0.3333,3,1,47.33,youtube_suggest,2026-09-12 19:48:15.486026
4501,49,92,giant elm tree,0.3333,3,1,47.33,youtube_suggest,2026-09-12 19:48:15.486217
4502,49,92,giant tree falling,0.3333,3,1,47.33,youtube_suggest,2026-09-12 19:48:15.486409
4503,49,92,giant tree frog,0.3333,3,1,47.33,youtube_suggest,2026-09-12 19:48:15.486633
4504,49,92,giant tree fossils,0.3333,3,1,47.33,youtube_suggest,2026-09-12 19:48:15.486803
4505,49,92,giant tree forest,0.3333,3,1,47.33,youtube_suggest,2026-09-12 19:48:15.486936
4506,49,92,giant tree farm,0.3333,3,1,47.33,youtube_suggest,2026-09-12 19:48:15.487073
4507,49,92,giant tree fern,0.3333,3,1,47.33,youtube_suggest,2026-09-12 19:48:15.487223
4508,49,92,bridge girder machine,0.3333,3,1,47.33,youtube_suggest,2026-09-12 19:48:15.487387
4509,49,92,bridge laying machine,0.3333,3,1,47.33,youtube_suggest,2026-09-12 19:48:15.493600
4510,49,92,bridge builder machine,0.3333,3,1,47.33,youtube_suggest,2026-09-12 19:48:15.493838
4511,49,92,bridge machine gym,0.3333,3,1,47.33,youtube_suggest,2026-09-12 19:48:15.493994
4512,49,92,bridge building machine,0.3333,3,1,47.33,youtube_suggest,2026-09-12 19:48:15.494142
4513,49,92,big tree cutting machine,0.2857,4,1,46.0,youtube_suggest,2026-09-12 19:48:15.495449
4514,49,92,big tree cutter machine,0.2857,4,1,46.0,youtube_suggest,2026-09-12 19:48:15.495735
4515,49,92,large tree cutting machine,0.2857,4,1,46.0,youtube_suggest,2026-09-12 19:48:15.495945
4516,49,92,big tree planting machine,0.2857,4,1,46.0,youtube_suggest,2026-09-12 19:48:15.496941
4517,49,92,big tree removal machine,0.2857,4,1,46.0,youtube_suggest,2026-09-12 19:48:15.497150
4518,49,92,large tree removal machine,0.2857,4,1,46.0,youtube_suggest,2026-09-12 19:48:15.497428
4519,49,92,big tree spray machine,0.2857,4,1,46.0,youtube_suggest,2026-09-12 19:48:15.497699
4520,49,92,big tree shifting machine,0.2857,4,1,46.0,youtube_suggest,2026-09-12 19:48:15.497869
4521,49,92,big tree transplant machine,0.2857,4,1,46.0,youtube_suggest,2026-09-12 19:48:15.498008
4522,49,92,giant tree minecraft tutorial,0.2857,4,1,46.0,youtube_suggest,2026-09-12 19:48:15.498164
4523,49,92,giant tree build minecraft,0.2857,4,1,46.0,youtube_suggest,2026-09-12 19:48:15.498333
4524,49,92,giant tree base minecraft,0.2857,4,1,46.0,youtube_suggest,2026-09-12 19:48:15.501477
4525,49,92,giant tree house minecraft,0.2857,4,1,46.0,youtube_suggest,2026-09-12 19:48:15.501680
4526,49,92,giant tree bushcraft shelter,0.2857,4,1,46.0,youtube_suggest,2026-09-12 19:48:15.501856
4527,49,92,giant tree cut down,0.2857,4,1,46.0,youtube_suggest,2026-09-12 19:48:15.502014
4528,49,92,giant tree crushes house,0.2857,4,1,46.0,youtube_suggest,2026-09-12 19:48:15.502163
4529,49,92,giant tree chiang mai,0.2857,4,1,46.0,youtube_suggest,2026-09-12 19:48:15.502303
4530,49,92,giant tree design minecraft,0.2857,4,1,46.0,youtube_suggest,2026-09-12 19:48:15.502440
4531,50,93,giant tree as shelter,0.4,4,1,54.0,youtube_suggest,2026-09-12 19:49:44.201145
4532,50,93,giant tree cat tree,0.4,4,1,54.0,youtube_suggest,2026-09-12 19:49:44.201444
4533,50,93,giant tree to a hidden shelter,0.3333,6,1,53.33,youtube_suggest,2026-09-12 19:49:44.203735
4534,50,93,giant tree cutting,0.4,3,1,52.0,youtube_suggest,2026-09-12 19:49:44.204072
4535,50,93,giant tree removal,0.4,3,1,52.0,youtube_suggest,2026-09-12 19:49:44.204288
4536,50,93,giant tree minecraft,0.4,3,1,52.0,youtube_suggest,2026-09-12 19:49:44.204504
4537,50,93,giant tree avatar,0.4,3,1,52.0,youtube_suggest,2026-09-12 19:49:44.204972
4538,50,93,giant tree ancient,0.4,3,1,52.0,youtube_suggest,2026-09-12 19:49:44.205192
4539,50,93,giant tree anime,0.4,3,1,52.0,youtube_suggest,2026-09-12 19:49:44.205400
4540,50,93,giant amberheart tree,0.4,3,1,52.0,youtube_suggest,2026-09-12 19:49:44.205608
4541,50,93,giant arborvitae tree,0.4,3,1,52.0,youtube_suggest,2026-09-12 19:49:44.205829
4542,50,93,giant tree build,0.4,3,1,52.0,youtube_suggest,2026-09-12 19:49:44.206042
4543,50,93,giant tree bow,0.4,3,1,52.0,youtube_suggest,2026-09-12 19:49:44.206247
4544,50,93,giant tree base,0.4,3,1,52.0,youtube_suggest,2026-09-12 19:49:44.206444
4545,50,93,giant tree bee,0.4,3,1,52.0,youtube_suggest,2026-09-12 19:49:44.206754
4546,50,93,giant tree climbing,0.4,3,1,52.0,youtube_suggest,2026-09-12 19:49:44.206989
4547,50,93,giant tree cartoon,0.4,3,1,52.0,youtube_suggest,2026-09-12 19:49:44.207261
4548,50,93,giant tree chainsaw,0.4,3,1,52.0,youtube_suggest,2026-09-12 19:49:44.207507
4549,50,93,giant tree documentary,0.4,3,1,52.0,youtube_suggest,2026-09-12 19:49:44.207719
4550,50,93,giant tree ds2,0.4,3,1,52.0,youtube_suggest,2026-09-12 19:49:44.207946
4551,50,93,giant tree diy,0.4,3,1,52.0,youtube_suggest,2026-09-12 19:49:44.208153
4552,50,93,giant tree drawing,0.4,3,1,52.0,youtube_suggest,2026-09-12 19:49:44.208360
4553,50,93,giant tree dst,0.4,3,1,52.0,youtube_suggest,2026-09-12 19:49:44.213921
4554,50,93,giant enemy tree,0.4,3,1,52.0,youtube_suggest,2026-09-12 19:49:44.214266
4555,50,93,giant eucalyptus tree,0.4,3,1,52.0,youtube_suggest,2026-09-12 19:49:44.214496
4556,50,93,giant elm tree,0.4,3,1,52.0,youtube_suggest,2026-09-12 19:49:44.214712
4557,50,93,giant tree falling,0.4,3,1,52.0,youtube_suggest,2026-09-12 19:49:44.214941
4558,50,93,giant tree frog,0.4,3,1,52.0,youtube_suggest,2026-09-12 19:49:44.216335
4559,50,93,giant tree fossils,0.4,3,1,52.0,youtube_suggest,2026-09-12 19:49:44.216673
4560,50,93,giant tree forest,0.4,3,1,52.0,youtube_suggest,2026-09-12 19:49:44.217720
4561,50,93,giant tree farm,0.4,3,1,52.0,youtube_suggest,2026-09-12 19:49:44.217981
4562,50,93,giant tree fern,0.4,3,1,52.0,youtube_suggest,2026-09-12 19:49:44.218200
4563,50,93,giant tree grow a garden,0.3333,5,1,51.33,youtube_suggest,2026-09-12 19:49:44.218411
4564,50,93,giant tree before the flood,0.3333,5,1,51.33,youtube_suggest,2026-09-12 19:49:44.218648
4565,50,93,giant tree falls on house,0.3333,5,1,51.33,youtube_suggest,2026-09-12 19:49:44.218867
4566,50,93,giant durian tree grow a garden,0.2857,6,1,50.0,youtube_suggest,2026-09-12 19:49:44.220911
4567,50,93,giant tree cutting machine,0.3333,4,1,49.33,youtube_suggest,2026-09-12 19:49:44.221140
4568,50,93,giant tree minecraft tutorial,0.3333,4,1,49.33,youtube_suggest,2026-09-12 19:49:44.221359
4569,50,93,giant tree build minecraft,0.3333,4,1,49.33,youtube_suggest,2026-09-12 19:49:44.221575
4570,50,93,giant tree base minecraft,0.3333,4,1,49.33,youtube_suggest,2026-09-12 19:49:44.221807
4571,50,93,giant tree house minecraft,0.3333,4,1,49.33,youtube_suggest,2026-09-12 19:49:44.224390
4572,50,93,giant tree bushcraft shelter,0.3333,4,1,49.33,youtube_suggest,2026-09-12 19:49:44.224789
4573,50,93,giant tree cut down,0.3333,4,1,49.33,youtube_suggest,2026-09-12 19:49:44.225009
4574,50,93,giant tree crushes house,0.3333,4,1,49.33,youtube_suggest,2026-09-12 19:49:44.225210
4575,50,93,giant tree chiang mai,0.3333,4,1,49.33,youtube_suggest,2026-09-12 19:49:44.225418
4576,50,93,giant tree design minecraft,0.3333,4,1,49.33,youtube_suggest,2026-09-12 19:49:44.225697
4577,50,93,giant tree farm minecraft,0.3333,4,1,49.33,youtube_suggest,2026-09-12 19:49:44.226236
4578,50,93,giant tree fantasy life,0.3333,4,1,49.33,youtube_suggest,2026-09-12 19:49:44.226438
4579,50,93,giant tree full movie,0.3333,4,1,49.33,youtube_suggest,2026-09-12 19:49:44.226675
4580,50,93,giant tree house minecraft tutorial,0.2857,5,1,48.0,youtube_suggest,2026-09-12 19:49:44.226923
4581,50,93,giant tree base minecraft tutorial,0.2857,5,1,48.0,youtube_suggest,2026-09-12 19:49:44.227112
4582,50,93,giant tree build minecraft tutorial,0.2857,5,1,48.0,youtube_suggest,2026-09-12 19:49:44.227277
4583,50,93,giant trees in the bible,0.1667,5,1,39.67,youtube_suggest,2026-09-12 19:49:44.227443
4584,50,93,giant trees before the flood,0.1429,5,1,38.0,youtube_suggest,2026-09-12 19:49:44.227619
4585,50,93,big tree cutting machine stihl,0.125,5,1,36.75,youtube_suggest,2026-09-12 19:49:44.227795
4586,50,93,great tree elite pirate spawn,0.125,5,1,36.75,youtube_suggest,2026-09-12 19:49:44.228014
4587,50,93,big tree entertainment private limited,0.125,5,1,36.75,youtube_suggest,2026-09-12 19:49:44.228222
4588,50,93,big tree cutting machine,0.1429,4,1,36.0,youtube_suggest,2026-09-12 19:49:44.228422
4589,50,93,big tree cutter machine,0.1429,4,1,36.0,youtube_suggest,2026-09-12 19:49:44.232388
4590,50,93,large tree cutting machine,0.1429,4,1,36.0,youtube_suggest,2026-09-12 19:49:44.233657
4591,51,94,giant tree to a hidden shelter,0.2857,6,1,50.0,youtube_suggest,2026-09-12 19:51:08.067544
4592,51,94,giant tree as shelter,0.3333,4,1,49.33,youtube_suggest,2026-09-12 19:51:08.067836
4593,51,94,giant tree cat tree,0.3333,4,1,49.33,youtube_suggest,2026-09-12 19:51:08.068043
4594,51,94,giant tree grow a garden,0.2857,5,1,48.0,youtube_suggest,2026-09-12 19:51:08.068252
4595,51,94,giant tree before the flood,0.2857,5,1,48.0,youtube_suggest,2026-09-12 19:51:08.068447
4596,51,94,giant tree falls on house,0.2857,5,1,48.0,youtube_suggest,2026-09-12 19:51:08.075434
4597,51,94,giant durian tree grow a garden,0.25,6,1,47.5,youtube_suggest,2026-09-12 19:51:08.077129
4598,51,94,giant tree cutting,0.3333,3,1,47.33,youtube_suggest,2026-09-12 19:51:08.077854
4599,51,94,giant tree removal,0.3333,3,1,47.33,youtube_suggest,2026-09-12 19:51:08.078072
4600,51,94,giant tree minecraft,0.3333,3,1,47.33,youtube_suggest,2026-09-12 19:51:08.078280
4601,51,94,giant tree avatar,0.3333,3,1,47.33,youtube_suggest,2026-09-12 19:51:08.081886
4602,51,94,giant tree ancient,0.3333,3,1,47.33,youtube_suggest,2026-09-12 19:51:08.082117
4603,51,94,giant tree anime,0.3333,3,1,47.33,youtube_suggest,2026-09-12 19:51:08.082324
4604,51,94,giant amberheart tree,0.3333,3,1,47.33,youtube_suggest,2026-09-12 19:51:08.082612
4605,51,94,giant arborvitae tree,0.3333,3,1,47.33,youtube_suggest,2026-09-12 19:51:08.084740
4606,51,94,giant tree build,0.3333,3,1,47.33,youtube_suggest,2026-09-12 19:51:08.084958
4607,51,94,giant tree bow,0.3333,3,1,47.33,youtube_suggest,2026-09-12 19:51:08.085157
4608,51,94,giant tree base,0.3333,3,1,47.33,youtube_suggest,2026-09-12 19:51:08.085359
4609,51,94,giant tree bee,0.3333,3,1,47.33,youtube_suggest,2026-09-12 19:51:08.085542
4610,51,94,giant tree climbing,0.3333,3,1,47.33,youtube_suggest,2026-09-12 19:51:08.085725
4611,51,94,giant tree cartoon,0.3333,3,1,47.33,youtube_suggest,2026-09-12 19:51:08.085910
4612,51,94,giant tree chainsaw,0.3333,3,1,47.33,youtube_suggest,2026-09-12 19:51:08.086092
4613,51,94,giant tree documentary,0.3333,3,1,47.33,youtube_suggest,2026-09-12 19:51:08.086292
4614,51,94,giant tree ds2,0.3333,3,1,47.33,youtube_suggest,2026-09-12 19:51:08.086471
4615,51,94,giant tree diy,0.3333,3,1,47.33,youtube_suggest,2026-09-12 19:51:08.086649
4616,51,94,giant tree drawing,0.3333,3,1,47.33,youtube_suggest,2026-09-12 19:51:08.086826
4617,51,94,giant tree dst,0.3333,3,1,47.33,youtube_suggest,2026-09-12 19:51:08.087003
4618,51,94,giant enemy tree,0.3333,3,1,47.33,youtube_suggest,2026-09-12 19:51:08.087179
4619,51,94,giant eucalyptus tree,0.3333,3,1,47.33,youtube_suggest,2026-09-12 19:51:08.087372
4620,51,94,giant elm tree,0.3333,3,1,47.33,youtube_suggest,2026-09-12 19:51:08.087550
4621,51,94,giant tree falling,0.3333,3,1,47.33,youtube_suggest,2026-09-12 19:51:08.097002
4622,51,94,giant tree frog,0.3333,3,1,47.33,youtube_suggest,2026-09-12 19:51:08.097246
4623,51,94,giant tree fossils,0.3333,3,1,47.33,youtube_suggest,2026-09-12 19:51:08.097443
4624,51,94,giant tree forest,0.3333,3,1,47.33,youtube_suggest,2026-09-12 19:51:08.097628
4625,51,94,giant tree farm,0.3333,3,1,47.33,youtube_suggest,2026-09-12 19:51:08.097932
4626,51,94,giant tree fern,0.3333,3,1,47.33,youtube_suggest,2026-09-12 19:51:08.098125
4627,51,94,giant tree cutting machine,0.2857,4,1,46.0,youtube_suggest,2026-09-12 19:51:08.098340
4628,51,94,giant tree minecraft tutorial,0.2857,4,1,46.0,youtube_suggest,2026-09-12 19:51:08.098526
4629,51,94,giant tree build minecraft,0.2857,4,1,46.0,youtube_suggest,2026-09-12 19:51:08.098705
4630,51,94,giant tree base minecraft,0.2857,4,1,46.0,youtube_suggest,2026-09-12 19:51:08.098887
4631,51,94,giant tree house minecraft,0.2857,4,1,46.0,youtube_suggest,2026-09-12 19:51:08.100433
4632,51,94,giant tree bushcraft shelter,0.2857,4,1,46.0,youtube_suggest,2026-09-12 19:51:08.100665
4633,51,94,giant tree cut down,0.2857,4,1,46.0,youtube_suggest,2026-09-12 19:51:08.100857
4634,51,94,giant tree crushes house,0.2857,4,1,46.0,youtube_suggest,2026-09-12 19:51:08.101047
4635,51,94,giant tree chiang mai,0.2857,4,1,46.0,youtube_suggest,2026-09-12 19:51:08.101333
4636,51,94,giant tree design minecraft,0.2857,4,1,46.0,youtube_suggest,2026-09-12 19:51:08.101534
4637,51,94,giant tree farm minecraft,0.2857,4,1,46.0,youtube_suggest,2026-09-12 19:51:08.101719
4638,51,94,giant tree fantasy life,0.2857,4,1,46.0,youtube_suggest,2026-09-12 19:51:08.101903
4639,51,94,giant tree full movie,0.2857,4,1,46.0,youtube_suggest,2026-09-12 19:51:08.102086
4640,51,94,giant tree house minecraft tutorial,0.25,5,1,45.5,youtube_suggest,2026-09-12 19:51:08.102276
4641,51,94,giant tree base minecraft tutorial,0.25,5,1,45.5,youtube_suggest,2026-09-12 19:51:08.102469
4642,51,94,giant tree build minecraft tutorial,0.25,5,1,45.5,youtube_suggest,2026-09-12 19:51:08.102649
4643,51,94,giant trees in the bible,0.1429,5,1,38.0,youtube_suggest,2026-09-12 19:51:08.102824
4644,51,94,root alpha + root beta,0.1429,5,1,38.0,youtube_suggest,2026-09-12 19:51:08.102998
4645,51,94,root 11.7 on number line,0.1429,5,1,38.0,youtube_suggest,2026-09-12 19:51:08.103172
4646,51,94,giant trees before the flood,0.125,5,1,36.75,youtube_suggest,2026-09-12 19:51:08.103365
4647,51,94,root mechanical marquise 1.0,0.1429,4,1,36.0,youtube_suggest,2026-09-12 19:51:08.103545
4648,51,94,root mechanical marquise 2.0,0.1429,4,1,36.0,youtube_suggest,2026-09-12 19:51:08.103720
4649,51,94,big tree cutting machine stihl,0.1111,5,1,35.78,youtube_suggest,2026-09-12 19:51:08.103903
4650,51,94,great tree elite pirate spawn,0.1111,5,1,35.78,youtube_suggest,2026-09-12 19:51:08.104077
4651,52,95,giant tree as shelter,0.4,4,1,54.0,youtube_suggest,2026-09-12 19:52:30.574320
4652,52,95,giant tree cat tree,0.4,4,1,54.0,youtube_suggest,2026-09-12 19:52:30.574604
4653,52,95,giant tree to a hidden shelter,0.3333,6,1,53.33,youtube_suggest,2026-09-12 19:52:30.574822
4654,52,95,giant tree cutting,0.4,3,1,52.0,youtube_suggest,2026-09-12 19:52:30.580507
4655,52,95,giant tree removal,0.4,3,1,52.0,youtube_suggest,2026-09-12 19:52:30.580873
4656,52,95,giant tree minecraft,0.4,3,1,52.0,youtube_suggest,2026-09-12 19:52:30.581080
4657,52,95,giant tree avatar,0.4,3,1,52.0,youtube_suggest,2026-09-12 19:52:30.581274
4658,52,95,giant tree ancient,0.4,3,1,52.0,youtube_suggest,2026-09-12 19:52:30.581464
4659,52,95,giant tree anime,0.4,3,1,52.0,youtube_suggest,2026-09-12 19:52:30.581647
4660,52,95,giant amberheart tree,0.4,3,1,52.0,youtube_suggest,2026-09-12 19:52:30.581839
4661,52,95,giant arborvitae tree,0.4,3,1,52.0,youtube_suggest,2026-09-12 19:52:30.582019
4662,52,95,giant tree build,0.4,3,1,52.0,youtube_suggest,2026-09-12 19:52:30.582203
4663,52,95,giant tree bow,0.4,3,1,52.0,youtube_suggest,2026-09-12 19:52:30.582386
4664,52,95,giant tree base,0.4,3,1,52.0,youtube_suggest,2026-09-12 19:52:30.582922
4665,52,95,giant tree bee,0.4,3,1,52.0,youtube_suggest,2026-09-12 19:52:30.583110
4666,52,95,giant tree climbing,0.4,3,1,52.0,youtube_suggest,2026-09-12 19:52:30.583289
4667,52,95,giant tree cartoon,0.4,3,1,52.0,youtube_suggest,2026-09-12 19:52:30.583461
4668,52,95,giant tree chainsaw,0.4,3,1,52.0,youtube_suggest,2026-09-12 19:52:30.583647
4669,52,95,giant tree documentary,0.4,3,1,52.0,youtube_suggest,2026-09-12 19:52:30.583843
4670,52,95,giant tree ds2,0.4,3,1,52.0,youtube_suggest,2026-09-12 19:52:30.584027
4671,52,95,giant tree diy,0.4,3,1,52.0,youtube_suggest,2026-09-12 19:52:30.584206
4672,52,95,giant tree drawing,0.4,3,1,52.0,youtube_suggest,2026-09-12 19:52:30.584384
4673,52,95,giant tree dst,0.4,3,1,52.0,youtube_suggest,2026-09-12 19:52:30.586651
4674,52,95,giant enemy tree,0.4,3,1,52.0,youtube_suggest,2026-09-12 19:52:30.587129
4675,52,95,giant eucalyptus tree,0.4,3,1,52.0,youtube_suggest,2026-09-12 19:52:30.587589
4676,52,95,giant elm tree,0.4,3,1,52.0,youtube_suggest,2026-09-12 19:52:30.587811
4677,52,95,giant tree falling,0.4,3,1,52.0,youtube_suggest,2026-09-12 19:52:30.588001
4678,52,95,giant tree frog,0.4,3,1,52.0,youtube_suggest,2026-09-12 19:52:30.588191
4679,52,95,giant tree fossils,0.4,3,1,52.0,youtube_suggest,2026-09-12 19:52:30.588412
4680,52,95,giant tree forest,0.4,3,1,52.0,youtube_suggest,2026-09-12 19:52:30.591791
4681,52,95,giant tree farm,0.4,3,1,52.0,youtube_suggest,2026-09-12 19:52:30.592058
4682,52,95,giant tree fern,0.4,3,1,52.0,youtube_suggest,2026-09-12 19:52:30.592253
4683,52,95,giant tree grow a garden,0.3333,5,1,51.33,youtube_suggest,2026-09-12 19:52:30.592449
4684,52,95,giant tree before the flood,0.3333,5,1,51.33,youtube_suggest,2026-09-12 19:52:30.592806
4685,52,95,giant tree falls on house,0.3333,5,1,51.33,youtube_suggest,2026-09-12 19:52:30.592993
4686,52,95,giant durian tree grow a garden,0.2857,6,1,50.0,youtube_suggest,2026-09-12 19:52:30.593169
4687,52,95,giant tree cutting machine,0.3333,4,1,49.33,youtube_suggest,2026-09-12 19:52:30.593339
4688,52,95,giant tree minecraft tutorial,0.3333,4,1,49.33,youtube_suggest,2026-09-12 19:52:30.593545
4689,52,95,giant tree build minecraft,0.3333,4,1,49.33,youtube_suggest,2026-09-12 19:52:30.593708
4690,52,95,giant tree base minecraft,0.3333,4,1,49.33,youtube_suggest,2026-09-12 19:52:30.593870
4691,52,95,giant tree house minecraft,0.3333,4,1,49.33,youtube_suggest,2026-09-12 19:52:30.594062
4692,52,95,giant tree bushcraft shelter,0.3333,4,1,49.33,youtube_suggest,2026-09-12 19:52:30.594248
4693,52,95,giant tree cut down,0.3333,4,1,49.33,youtube_suggest,2026-09-12 19:52:30.594433
4694,52,95,giant tree crushes house,0.3333,4,1,49.33,youtube_suggest,2026-09-12 19:52:30.594617
4695,52,95,giant tree chiang mai,0.3333,4,1,49.33,youtube_suggest,2026-09-12 19:52:30.594810
4696,52,95,giant tree design minecraft,0.3333,4,1,49.33,youtube_suggest,2026-09-12 19:52:30.594992
4697,52,95,giant tree farm minecraft,0.3333,4,1,49.33,youtube_suggest,2026-09-12 19:52:30.595170
4698,52,95,giant tree fantasy life,0.3333,4,1,49.33,youtube_suggest,2026-09-12 19:52:30.595378
4699,52,95,giant tree full movie,0.3333,4,1,49.33,youtube_suggest,2026-09-12 19:52:30.595565
4700,52,95,giant tree house minecraft tutorial,0.2857,5,1,48.0,youtube_suggest,2026-09-12 19:52:30.595756
4701,52,95,giant tree base minecraft tutorial,0.2857,5,1,48.0,youtube_suggest,2026-09-12 19:52:30.595943
4702,52,95,giant tree build minecraft tutorial,0.2857,5,1,48.0,youtube_suggest,2026-09-12 19:52:30.596122
4703,52,95,giant trees in the bible,0.1667,5,1,39.67,youtube_suggest,2026-09-12 19:52:30.596300
4704,52,95,work of stabilizer,0.2,3,1,38.0,youtube_suggest,2026-09-12 19:52:30.600105
4705,52,95,giant trees before the flood,0.1429,5,1,38.0,youtube_suggest,2026-09-12 19:52:30.600404
4706,52,95,big tree cutting machine stihl,0.125,5,1,36.75,youtube_suggest,2026-09-12 19:52:30.600631
4707,52,95,great tree elite pirate spawn,0.125,5,1,36.75,youtube_suggest,2026-09-12 19:52:30.600848
4708,52,95,big tree entertainment private limited,0.125,5,1,36.75,youtube_suggest,2026-09-12 19:52:30.601036
4709,52,95,big tree cutting machine,0.1429,4,1,36.0,youtube_suggest,2026-09-12 19:52:30.601222
4710,52,95,big tree cutter machine,0.1429,4,1,36.0,youtube_suggest,2026-09-12 19:52:30.601412
4711,53,96,palm tree panic x machine girl,0.25,6,1,47.5,youtube_suggest,2026-09-12 19:53:56.314160
4712,53,96,palm tree panic,0.3333,3,1,47.33,youtube_suggest,2026-09-12 19:53:56.315817
4713,53,96,palm tree misery,0.3333,3,1,47.33,youtube_suggest,2026-09-12 19:53:56.320929
4714,53,96,palm tree aspen,0.3333,3,1,47.33,youtube_suggest,2026-09-12 19:53:56.321153
4715,53,96,palm tree ambience,0.3333,3,1,47.33,youtube_suggest,2026-09-12 19:53:56.321338
4716,53,96,palm tree accident,0.3333,3,1,47.33,youtube_suggest,2026-09-12 19:53:56.321499
4717,53,96,palm tree arborist,0.3333,3,1,47.33,youtube_suggest,2026-09-12 19:53:56.321646
4718,53,96,palm tree art,0.3333,3,1,47.33,youtube_suggest,2026-09-12 19:53:56.321806
4719,53,96,palm tree animation,0.3333,3,1,47.33,youtube_suggest,2026-09-12 19:53:56.321953
4720,53,96,palm tree asmr,0.3333,3,1,47.33,youtube_suggest,2026-09-12 19:53:56.322096
4721,53,96,palm tree blue,0.3333,3,1,47.33,youtube_suggest,2026-09-12 19:53:56.322238
4722,53,96,palm tree bonsai,0.3333,3,1,47.33,youtube_suggest,2026-09-12 19:53:56.322394
4723,53,96,palm tree balloon,0.3333,3,1,47.33,youtube_suggest,2026-09-12 19:53:56.322541
4724,53,96,palm tree breeze,0.3333,3,1,47.33,youtube_suggest,2026-09-12 19:53:56.322683
4725,53,96,palm tree blender,0.3333,3,1,47.33,youtube_suggest,2026-09-12 19:53:56.322838
4726,53,96,palm tree beach,0.3333,3,1,47.33,youtube_suggest,2026-09-12 19:53:56.322978
4727,53,96,palm tree climbing,0.3333,3,1,47.33,youtube_suggest,2026-09-12 19:53:56.323126
4728,53,96,palm tree care,0.3333,3,1,47.33,youtube_suggest,2026-09-12 19:53:56.323269
4729,53,96,palm tree cleaning,0.3333,3,1,47.33,youtube_suggest,2026-09-12 19:53:56.323417
4730,53,96,palm tree club,0.3333,3,1,47.33,youtube_suggest,2026-09-12 19:53:56.323562
4731,53,96,palm tree country,0.3333,3,1,47.33,youtube_suggest,2026-09-12 19:53:56.323708
4732,53,96,palm tree crochet,0.3333,3,1,47.33,youtube_suggest,2026-09-12 19:53:56.323865
4733,53,96,palm tree drawing,0.3333,3,1,47.33,youtube_suggest,2026-09-12 19:53:56.328926
4734,53,96,palm tree days,0.3333,3,1,47.33,youtube_suggest,2026-09-12 19:53:56.329965
4735,53,96,palm tree death,0.3333,3,1,47.33,youtube_suggest,2026-09-12 19:53:56.330796
4736,53,96,palm tree diy,0.3333,3,1,47.33,youtube_suggest,2026-09-12 19:53:56.331531
4737,53,96,palm tree diseases,0.3333,3,1,47.33,youtube_suggest,2026-09-12 19:53:56.331777
4738,53,96,palm tree dying,0.3333,3,1,47.33,youtube_suggest,2026-09-12 19:53:56.331999
4739,53,96,palm tree escape,0.3333,3,1,47.33,youtube_suggest,2026-09-12 19:53:56.333818
4740,53,96,palm tree embroidery,0.3333,3,1,47.33,youtube_suggest,2026-09-12 19:53:56.334047
4741,53,96,palm tree exploding,0.3333,3,1,47.33,youtube_suggest,2026-09-12 19:53:56.334264
4742,53,96,palm tree edit,0.3333,3,1,47.33,youtube_suggest,2026-09-12 19:53:56.334473
4743,53,96,palm tree evolution,0.3333,3,1,47.33,youtube_suggest,2026-09-12 19:53:56.334679
4744,53,96,palm tree easy,0.3333,3,1,47.33,youtube_suggest,2026-09-12 19:53:56.334904
4745,53,96,palm tree machine,0.3333,3,1,47.33,youtube_suggest,2026-09-12 19:53:56.335108
4746,53,96,palm tree cutter,0.3333,3,1,47.33,youtube_suggest,2026-09-12 19:53:56.335327
4747,53,96,palm tree saw,0.3333,3,1,47.33,youtube_suggest,2026-09-12 19:53:56.335539
4748,53,96,palm tree panic funk,0.2857,4,1,46.0,youtube_suggest,2026-09-12 19:53:56.335741
4749,53,96,palm tree panic hysteria,0.2857,4,1,46.0,youtube_suggest,2026-09-12 19:53:56.335960
4750,53,96,palm tree acrylic painting,0.2857,4,1,46.0,youtube_suggest,2026-09-12 19:53:56.338217
4751,53,96,palm tree angry ginge,0.2857,4,1,46.0,youtube_suggest,2026-09-12 19:53:56.338508
4752,53,96,palm tree beach club,0.2857,4,1,46.0,youtube_suggest,2026-09-12 19:53:56.338734
4753,53,96,palm tree build minecraft,0.2857,4,1,46.0,youtube_suggest,2026-09-12 19:53:56.340812
4754,53,96,palm tree christmas lights,0.2857,4,1,46.0,youtube_suggest,2026-09-12 19:53:56.341013
4755,53,96,palm tree club miami,0.2857,4,1,46.0,youtube_suggest,2026-09-12 19:53:56.341197
4756,53,96,palm tree club orlando,0.2857,4,1,46.0,youtube_suggest,2026-09-12 19:53:56.341409
4757,53,96,palm tree drawing easy,0.2857,4,1,46.0,youtube_suggest,2026-09-12 19:53:56.341591
4758,53,96,palm tree decals bloxburg,0.2857,4,1,46.0,youtube_suggest,2026-09-12 19:53:56.342677
4759,53,96,palm tree drawing tutorial,0.2857,4,1,46.0,youtube_suggest,2026-09-12 19:53:56.342921
4760,53,96,palm tree decoration ideas,0.2857,4,1,46.0,youtube_suggest,2026-09-12 19:53:56.343265
4761,53,96,palm tree elementary school,0.2857,4,1,46.0,youtube_suggest,2026-09-12 19:53:56.343497
4762,53,96,palm tree easy drawing,0.2857,4,1,46.0,youtube_suggest,2026-09-12 19:53:56.343656
4763,53,96,palm tree escape piano,0.2857,4,1,46.0,youtube_suggest,2026-09-12 19:53:56.344854
4764,53,96,palm tree climbing machine,0.2857,4,1,46.0,youtube_suggest,2026-09-12 19:53:56.345079
4765,53,96,palm tree harvesting machine,0.2857,4,1,46.0,youtube_suggest,2026-09-12 19:53:56.345292
4766,53,96,palm tree cutting machine,0.2857,4,1,46.0,youtube_suggest,2026-09-12 19:53:56.345505
4767,53,96,palm tree climber machine,0.2857,4,1,46.0,youtube_suggest,2026-09-12 19:53:56.345707
4768,53,96,palm tree climbing equipment,0.2857,4,1,46.0,youtube_suggest,2026-09-12 19:53:56.345927
4769,53,96,palm tree cutting swing,0.2857,4,1,46.0,youtube_suggest,2026-09-12 19:53:56.346131
4770,53,96,palm tree trimming dangers,0.2857,4,1,46.0,youtube_suggest,2026-09-12 19:53:56.346367
4771,54,97,palm tree harvesting machine,0.5,4,1,61.0,youtube_suggest,2026-09-12 19:55:46.671754
4772,54,97,palm tree breeze sneaker sun,0.4286,5,1,58.0,youtube_suggest,2026-09-12 19:55:46.672057
4773,54,97,palm tree panic x machine girl,0.25,6,1,47.5,youtube_suggest,2026-09-12 19:55:46.672263
4774,54,97,palm tree machine,0.3333,3,1,47.33,youtube_suggest,2026-09-12 19:55:46.672470
4775,54,97,palm tree cutter,0.3333,3,1,47.33,youtube_suggest,2026-09-12 19:55:46.676267
4776,54,97,palm tree saw,0.3333,3,1,47.33,youtube_suggest,2026-09-12 19:55:46.676494
4777,54,97,palm tree panic,0.3333,3,1,47.33,youtube_suggest,2026-09-12 19:55:46.676748
4778,54,97,palm tree misery,0.3333,3,1,47.33,youtube_suggest,2026-09-12 19:55:46.676955
4779,54,97,palm tree aspen,0.3333,3,1,47.33,youtube_suggest,2026-09-12 19:55:46.677138
4780,54,97,palm tree ambience,0.3333,3,1,47.33,youtube_suggest,2026-09-12 19:55:46.677319
4781,54,97,palm tree accident,0.3333,3,1,47.33,youtube_suggest,2026-09-12 19:55:46.677502
4782,54,97,palm tree arborist,0.3333,3,1,47.33,youtube_suggest,2026-09-12 19:55:46.677688
4783,54,97,palm tree art,0.3333,3,1,47.33,youtube_suggest,2026-09-12 19:55:46.677884
4784,54,97,palm tree animation,0.3333,3,1,47.33,youtube_suggest,2026-09-12 19:55:46.678064
4785,54,97,palm tree asmr,0.3333,3,1,47.33,youtube_suggest,2026-09-12 19:55:46.678239
4786,54,97,palm tree blue,0.3333,3,1,47.33,youtube_suggest,2026-09-12 19:55:46.678411
4787,54,97,palm tree bonsai,0.3333,3,1,47.33,youtube_suggest,2026-09-12 19:55:46.678600
4788,54,97,palm tree balloon,0.3333,3,1,47.33,youtube_suggest,2026-09-12 19:55:46.678780
4789,54,97,palm tree breeze,0.3333,3,1,47.33,youtube_suggest,2026-09-12 19:55:46.678973
4790,54,97,palm tree blender,0.3333,3,1,47.33,youtube_suggest,2026-09-12 19:55:46.679150
4791,54,97,palm tree beach,0.3333,3,1,47.33,youtube_suggest,2026-09-12 19:55:46.679329
4792,54,97,palm tree climbing,0.3333,3,1,47.33,youtube_suggest,2026-09-12 19:55:46.679510
4793,54,97,palm tree care,0.3333,3,1,47.33,youtube_suggest,2026-09-12 19:55:46.679689
4794,54,97,palm tree cleaning,0.3333,3,1,47.33,youtube_suggest,2026-09-12 19:55:46.679882
4795,54,97,palm tree club,0.3333,3,1,47.33,youtube_suggest,2026-09-12 19:55:46.680062
4796,54,97,palm tree country,0.3333,3,1,47.33,youtube_suggest,2026-09-12 19:55:46.680239
4797,54,97,palm tree crochet,0.3333,3,1,47.33,youtube_suggest,2026-09-12 19:55:46.680416
4798,54,97,palm tree drawing,0.3333,3,1,47.33,youtube_suggest,2026-09-12 19:55:46.684044
4799,54,97,palm tree days,0.3333,3,1,47.33,youtube_suggest,2026-09-12 19:55:46.684323
4800,54,97,palm tree death,0.3333,3,1,47.33,youtube_suggest,2026-09-12 19:55:46.684519
4801,54,97,palm tree diy,0.3333,3,1,47.33,youtube_suggest,2026-09-12 19:55:46.684743
4802,54,97,palm tree diseases,0.3333,3,1,47.33,youtube_suggest,2026-09-12 19:55:46.684946
4803,54,97,palm tree dying,0.3333,3,1,47.33,youtube_suggest,2026-09-12 19:55:46.685134
4804,54,97,palm tree escape,0.3333,3,1,47.33,youtube_suggest,2026-09-12 19:55:46.685319
4805,54,97,palm tree embroidery,0.3333,3,1,47.33,youtube_suggest,2026-09-12 19:55:46.685500
4806,54,97,palm tree exploding,0.3333,3,1,47.33,youtube_suggest,2026-09-12 19:55:46.685682
4807,54,97,palm tree edit,0.3333,3,1,47.33,youtube_suggest,2026-09-12 19:55:46.689012
4808,54,97,palm tree evolution,0.3333,3,1,47.33,youtube_suggest,2026-09-12 19:55:46.689245
4809,54,97,palm tree easy,0.3333,3,1,47.33,youtube_suggest,2026-09-12 19:55:46.689439
4810,54,97,palm tree climbing machine,0.2857,4,1,46.0,youtube_suggest,2026-09-12 19:55:46.689629
4811,54,97,palm tree cutting machine,0.2857,4,1,46.0,youtube_suggest,2026-09-12 19:55:46.689817
4812,54,97,palm tree climber machine,0.2857,4,1,46.0,youtube_suggest,2026-09-12 19:55:46.690017
4813,54,97,palm tree climbing equipment,0.2857,4,1,46.0,youtube_suggest,2026-09-12 19:55:46.690203
4814,54,97,coconut tree harvesting machine,0.2857,4,1,46.0,youtube_suggest,2026-09-12 19:55:46.690389
4815,54,97,palm tree cutting swing,0.2857,4,1,46.0,youtube_suggest,2026-09-12 19:55:46.690572
4816,54,97,palm tree trimming dangers,0.2857,4,1,46.0,youtube_suggest,2026-09-12 19:55:46.692953
4817,54,97,palm tree root removal,0.2857,4,1,46.0,youtube_suggest,2026-09-12 19:55:46.693193
4818,54,97,palm tree skinning machine,0.2857,4,1,46.0,youtube_suggest,2026-09-12 19:55:46.693383
4819,54,97,palm tree trimming machine,0.2857,4,1,46.0,youtube_suggest,2026-09-12 19:55:46.693572
4820,54,97,palm tree trimmer machine,0.2857,4,1,46.0,youtube_suggest,2026-09-12 19:55:46.693755
4821,54,97,palm tree panic funk,0.2857,4,1,46.0,youtube_suggest,2026-09-12 19:55:46.693950
4822,54,97,palm tree panic hysteria,0.2857,4,1,46.0,youtube_suggest,2026-09-12 19:55:46.694112
4823,54,97,palm tree acrylic painting,0.2857,4,1,46.0,youtube_suggest,2026-09-12 19:55:46.694278
4824,54,97,palm tree angry ginge,0.2857,4,1,46.0,youtube_suggest,2026-09-12 19:55:46.694453
4825,54,97,palm tree beach club,0.2857,4,1,46.0,youtube_suggest,2026-09-12 19:55:46.694623
4826,54,97,palm tree build minecraft,0.2857,4,1,46.0,youtube_suggest,2026-09-12 19:55:46.694790
4827,54,97,palm tree christmas lights,0.2857,4,1,46.0,youtube_suggest,2026-09-12 19:55:46.694977
4828,54,97,palm tree club miami,0.2857,4,1,46.0,youtube_suggest,2026-09-12 19:55:46.695152
4829,54,97,palm tree club orlando,0.2857,4,1,46.0,youtube_suggest,2026-09-12 19:55:46.695326
4830,54,97,palm tree drawing easy,0.2857,4,1,46.0,youtube_suggest,2026-09-12 19:55:46.695503
4831,55,98,palm tree root removal,0.5,4,1,61.0,youtube_suggest,2026-09-12 19:57:12.295535
4832,55,98,palm tree root ball,0.5,4,1,61.0,youtube_suggest,2026-09-12 19:57:12.295828
4833,55,98,palm tree root system,0.5,4,1,61.0,youtube_suggest,2026-09-12 19:57:12.296036
4834,55,98,palm tree panic x machine girl,0.25,6,1,47.5,youtube_suggest,2026-09-12 19:57:12.296244
4835,55,98,palm tree panic,0.3333,3,1,47.33,youtube_suggest,2026-09-12 19:57:12.296439
4836,55,98,palm tree misery,0.3333,3,1,47.33,youtube_suggest,2026-09-12 19:57:12.305232
4837,55,98,palm tree aspen,0.3333,3,1,47.33,youtube_suggest,2026-09-12 19:57:12.305519
4838,55,98,palm tree ambience,0.3333,3,1,47.33,youtube_suggest,2026-09-12 19:57:12.305734
4839,55,98,palm tree accident,0.3333,3,1,47.33,youtube_suggest,2026-09-12 19:57:12.305926
4840,55,98,palm tree arborist,0.3333,3,1,47.33,youtube_suggest,2026-09-12 19:57:12.306111
4841,55,98,palm tree art,0.3333,3,1,47.33,youtube_suggest,2026-09-12 19:57:12.306292
4842,55,98,palm tree animation,0.3333,3,1,47.33,youtube_suggest,2026-09-12 19:57:12.306482
4843,55,98,palm tree asmr,0.3333,3,1,47.33,youtube_suggest,2026-09-12 19:57:12.306661
4844,55,98,palm tree blue,0.3333,3,1,47.33,youtube_suggest,2026-09-12 19:57:12.306859
4845,55,98,palm tree bonsai,0.3333,3,1,47.33,youtube_suggest,2026-09-12 19:57:12.307036
4846,55,98,palm tree balloon,0.3333,3,1,47.33,youtube_suggest,2026-09-12 19:57:12.307215
4847,55,98,palm tree breeze,0.3333,3,1,47.33,youtube_suggest,2026-09-12 19:57:12.307397
4848,55,98,palm tree blender,0.3333,3,1,47.33,youtube_suggest,2026-09-12 19:57:12.307572
4849,55,98,palm tree beach,0.3333,3,1,47.33,youtube_suggest,2026-09-12 19:57:12.307773
4850,55,98,palm tree climbing,0.3333,3,1,47.33,youtube_suggest,2026-09-12 19:57:12.307954
4851,55,98,palm tree care,0.3333,3,1,47.33,youtube_suggest,2026-09-12 19:57:12.308134
4852,55,98,palm tree cleaning,0.3333,3,1,47.33,youtube_suggest,2026-09-12 19:57:12.308298
4853,55,98,palm tree club,0.3333,3,1,47.33,youtube_suggest,2026-09-12 19:57:12.308480
4854,55,98,palm tree country,0.3333,3,1,47.33,youtube_suggest,2026-09-12 19:57:12.318406
4855,55,98,palm tree crochet,0.3333,3,1,47.33,youtube_suggest,2026-09-12 19:57:12.319530
4856,55,98,palm tree drawing,0.3333,3,1,47.33,youtube_suggest,2026-09-12 19:57:12.320329
4857,55,98,palm tree days,0.3333,3,1,47.33,youtube_suggest,2026-09-12 19:57:12.322128
4858,55,98,palm tree death,0.3333,3,1,47.33,youtube_suggest,2026-09-12 19:57:12.322385
4859,55,98,palm tree diy,0.3333,3,1,47.33,youtube_suggest,2026-09-12 19:57:12.322583
4860,55,98,palm tree diseases,0.3333,3,1,47.33,youtube_suggest,2026-09-12 19:57:12.322786
4861,55,98,palm tree dying,0.3333,3,1,47.33,youtube_suggest,2026-09-12 19:57:12.322979
4862,55,98,palm tree escape,0.3333,3,1,47.33,youtube_suggest,2026-09-12 19:57:12.323160
4863,55,98,palm tree embroidery,0.3333,3,1,47.33,youtube_suggest,2026-09-12 19:57:12.323341
4864,55,98,palm tree exploding,0.3333,3,1,47.33,youtube_suggest,2026-09-12 19:57:12.323522
4865,55,98,palm tree edit,0.3333,3,1,47.33,youtube_suggest,2026-09-12 19:57:12.323767
4866,55,98,palm tree evolution,0.3333,3,1,47.33,youtube_suggest,2026-09-12 19:57:12.323957
4867,55,98,palm tree easy,0.3333,3,1,47.33,youtube_suggest,2026-09-12 19:57:12.324150
4868,55,98,palm tree maggot,0.3333,3,1,47.33,youtube_suggest,2026-09-12 19:57:12.324361
4869,55,98,palm root rot,0.3333,3,1,47.33,youtube_suggest,2026-09-12 19:57:12.326178
4870,55,98,palm tree weevil,0.3333,3,1,47.33,youtube_suggest,2026-09-12 19:57:12.326448
4871,55,98,palm tree machine,0.3333,3,1,47.33,youtube_suggest,2026-09-12 19:57:12.326638
4872,55,98,palm tree cutter,0.3333,3,1,47.33,youtube_suggest,2026-09-12 19:57:12.326839
4873,55,98,palm tree saw,0.3333,3,1,47.33,youtube_suggest,2026-09-12 19:57:12.327027
4874,55,98,palm tree panic funk,0.2857,4,1,46.0,youtube_suggest,2026-09-12 19:57:12.327221
4875,55,98,palm tree panic hysteria,0.2857,4,1,46.0,youtube_suggest,2026-09-12 19:57:12.327406
4876,55,98,palm tree acrylic painting,0.2857,4,1,46.0,youtube_suggest,2026-09-12 19:57:12.327586
4877,55,98,palm tree angry ginge,0.2857,4,1,46.0,youtube_suggest,2026-09-12 19:57:12.327782
4878,55,98,palm tree beach club,0.2857,4,1,46.0,youtube_suggest,2026-09-12 19:57:12.327962
4879,55,98,palm tree build minecraft,0.2857,4,1,46.0,youtube_suggest,2026-09-12 19:57:12.328143
4880,55,98,palm tree christmas lights,0.2857,4,1,46.0,youtube_suggest,2026-09-12 19:57:12.328317
4881,55,98,palm tree club miami,0.2857,4,1,46.0,youtube_suggest,2026-09-12 19:57:12.328493
4882,55,98,palm tree club orlando,0.2857,4,1,46.0,youtube_suggest,2026-09-12 19:57:12.332602
4883,55,98,palm tree drawing easy,0.2857,4,1,46.0,youtube_suggest,2026-09-12 19:57:12.332873
4884,55,98,palm tree decals bloxburg,0.2857,4,1,46.0,youtube_suggest,2026-09-12 19:57:12.333067
4885,55,98,palm tree drawing tutorial,0.2857,4,1,46.0,youtube_suggest,2026-09-12 19:57:12.333465
4886,55,98,palm tree decoration ideas,0.2857,4,1,46.0,youtube_suggest,2026-09-12 19:57:12.333671
4887,55,98,palm tree elementary school,0.2857,4,1,46.0,youtube_suggest,2026-09-12 19:57:12.333875
4888,55,98,palm tree easy drawing,0.2857,4,1,46.0,youtube_suggest,2026-09-12 19:57:12.334056
4889,55,98,palm tree escape piano,0.2857,4,1,46.0,youtube_suggest,2026-09-12 19:57:12.334228
4890,55,98,digging out palm tree,0.2857,4,1,46.0,youtube_suggest,2026-09-12 19:57:12.337041
4891,56,99,palm tree panic x machine girl,0.25,6,1,47.5,youtube_suggest,2026-09-12 19:58:36.670278
4892,56,99,palm tree panic,0.3333,3,1,47.33,youtube_suggest,2026-09-12 19:58:36.670624
4893,56,99,palm tree misery,0.3333,3,1,47.33,youtube_suggest,2026-09-12 19:58:36.670877
4894,56,99,palm tree aspen,0.3333,3,1,47.33,youtube_suggest,2026-09-12 19:58:36.672345
4895,56,99,palm tree ambience,0.3333,3,1,47.33,youtube_suggest,2026-09-12 19:58:36.672647
4896,56,99,palm tree accident,0.3333,3,1,47.33,youtube_suggest,2026-09-12 19:58:36.672884
4897,56,99,palm tree arborist,0.3333,3,1,47.33,youtube_suggest,2026-09-12 19:58:36.673101
4898,56,99,palm tree art,0.3333,3,1,47.33,youtube_suggest,2026-09-12 19:58:36.673313
4899,56,99,palm tree animation,0.3333,3,1,47.33,youtube_suggest,2026-09-12 19:58:36.673536
4900,56,99,palm tree asmr,0.3333,3,1,47.33,youtube_suggest,2026-09-12 19:58:36.673791
4901,56,99,palm tree blue,0.3333,3,1,47.33,youtube_suggest,2026-09-12 19:58:36.674010
4902,56,99,palm tree bonsai,0.3333,3,1,47.33,youtube_suggest,2026-09-12 19:58:36.674231
4903,56,99,palm tree balloon,0.3333,3,1,47.33,youtube_suggest,2026-09-12 19:58:36.674441
4904,56,99,palm tree breeze,0.3333,3,1,47.33,youtube_suggest,2026-09-12 19:58:36.674650
4905,56,99,palm tree blender,0.3333,3,1,47.33,youtube_suggest,2026-09-12 19:58:36.674854
4906,56,99,palm tree beach,0.3333,3,1,47.33,youtube_suggest,2026-09-12 19:58:36.675055
4907,56,99,palm tree climbing,0.3333,3,1,47.33,youtube_suggest,2026-09-12 19:58:36.675270
4908,56,99,palm tree care,0.3333,3,1,47.33,youtube_suggest,2026-09-12 19:58:36.675469
4909,56,99,palm tree cleaning,0.3333,3,1,47.33,youtube_suggest,2026-09-12 19:58:36.675666
4910,56,99,palm tree club,0.3333,3,1,47.33,youtube_suggest,2026-09-12 19:58:36.675871
4911,56,99,palm tree country,0.3333,3,1,47.33,youtube_suggest,2026-09-12 19:58:36.681001
4912,56,99,palm tree crochet,0.3333,3,1,47.33,youtube_suggest,2026-09-12 19:58:36.681219
4913,56,99,palm tree drawing,0.3333,3,1,47.33,youtube_suggest,2026-09-12 19:58:36.681454
4914,56,99,palm tree days,0.3333,3,1,47.33,youtube_suggest,2026-09-12 19:58:36.681671
4915,56,99,palm tree death,0.3333,3,1,47.33,youtube_suggest,2026-09-12 19:58:36.681889
4916,56,99,palm tree diy,0.3333,3,1,47.33,youtube_suggest,2026-09-12 19:58:36.682091
4917,56,99,palm tree diseases,0.3333,3,1,47.33,youtube_suggest,2026-09-12 19:58:36.683683
4918,56,99,palm tree dying,0.3333,3,1,47.33,youtube_suggest,2026-09-12 19:58:36.683940
4919,56,99,palm tree escape,0.3333,3,1,47.33,youtube_suggest,2026-09-12 19:58:36.684162
4920,56,99,palm tree embroidery,0.3333,3,1,47.33,youtube_suggest,2026-09-12 19:58:36.684385
4921,56,99,palm tree exploding,0.3333,3,1,47.33,youtube_suggest,2026-09-12 19:58:36.684625
4922,56,99,palm tree edit,0.3333,3,1,47.33,youtube_suggest,2026-09-12 19:58:36.684832
4923,56,99,palm tree evolution,0.3333,3,1,47.33,youtube_suggest,2026-09-12 19:58:36.685042
4924,56,99,palm tree easy,0.3333,3,1,47.33,youtube_suggest,2026-09-12 19:58:36.685261
4925,56,99,palm tree machine,0.3333,3,1,47.33,youtube_suggest,2026-09-12 19:58:36.685466
4926,56,99,palm tree cutter,0.3333,3,1,47.33,youtube_suggest,2026-09-12 19:58:36.685666
4927,56,99,palm tree saw,0.3333,3,1,47.33,youtube_suggest,2026-09-12 19:58:36.688967
4928,56,99,palm tree panic funk,0.2857,4,1,46.0,youtube_suggest,2026-09-12 19:58:36.689369
4929,56,99,palm tree panic hysteria,0.2857,4,1,46.0,youtube_suggest,2026-09-12 19:58:36.689623
4930,56,99,palm tree acrylic painting,0.2857,4,1,46.0,youtube_suggest,2026-09-12 19:58:36.689848
4931,56,99,palm tree angry ginge,0.2857,4,1,46.0,youtube_suggest,2026-09-12 19:58:36.690069
4932,56,99,palm tree beach club,0.2857,4,1,46.0,youtube_suggest,2026-09-12 19:58:36.690293
4933,56,99,palm tree build minecraft,0.2857,4,1,46.0,youtube_suggest,2026-09-12 19:58:36.690497
4934,56,99,palm tree christmas lights,0.2857,4,1,46.0,youtube_suggest,2026-09-12 19:58:36.693552
4935,56,99,palm tree club miami,0.2857,4,1,46.0,youtube_suggest,2026-09-12 19:58:36.693838
4936,56,99,palm tree club orlando,0.2857,4,1,46.0,youtube_suggest,2026-09-12 19:58:36.694049
4937,56,99,palm tree drawing easy,0.2857,4,1,46.0,youtube_suggest,2026-09-12 19:58:36.694279
4938,56,99,palm tree decals bloxburg,0.2857,4,1,46.0,youtube_suggest,2026-09-12 19:58:36.694490
4939,56,99,palm tree drawing tutorial,0.2857,4,1,46.0,youtube_suggest,2026-09-12 19:58:36.694693
4940,56,99,palm tree decoration ideas,0.2857,4,1,46.0,youtube_suggest,2026-09-12 19:58:36.694937
4941,56,99,palm tree elementary school,0.2857,4,1,46.0,youtube_suggest,2026-09-12 19:58:36.695146
4942,56,99,palm tree easy drawing,0.2857,4,1,46.0,youtube_suggest,2026-09-12 19:58:36.695366
4943,56,99,palm tree escape piano,0.2857,4,1,46.0,youtube_suggest,2026-09-12 19:58:36.695583
4944,56,99,palm tree climbing machine,0.2857,4,1,46.0,youtube_suggest,2026-09-12 19:58:36.695784
4945,56,99,palm tree harvesting machine,0.2857,4,1,46.0,youtube_suggest,2026-09-12 19:58:36.695987
4946,56,99,palm tree cutting machine,0.2857,4,1,46.0,youtube_suggest,2026-09-12 19:58:36.696204
4947,56,99,palm tree climber machine,0.2857,4,1,46.0,youtube_suggest,2026-09-12 19:58:36.696411
4948,56,99,palm tree climbing equipment,0.2857,4,1,46.0,youtube_suggest,2026-09-12 19:58:36.700846
4949,56,99,palm tree cutting swing,0.2857,4,1,46.0,youtube_suggest,2026-09-12 19:58:36.701149
4950,56,99,palm tree trimming dangers,0.2857,4,1,46.0,youtube_suggest,2026-09-12 19:58:36.701388
4951,57,100,palm fabric orchestra,0.4,3,1,52.0,youtube_suggest,2026-09-12 20:00:08.617415
4952,57,100,palm court orchestra,0.4,3,1,52.0,youtube_suggest,2026-09-12 20:00:08.619369
4953,57,100,palm tree panic,0.4,3,1,52.0,youtube_suggest,2026-09-12 20:00:08.619639
4954,57,100,palm tree misery,0.4,3,1,52.0,youtube_suggest,2026-09-12 20:00:08.619859
4955,57,100,palm tree aspen,0.4,3,1,52.0,youtube_suggest,2026-09-12 20:00:08.620058
4956,57,100,palm tree ambience,0.4,3,1,52.0,youtube_suggest,2026-09-12 20:00:08.620250
4957,57,100,palm tree accident,0.4,3,1,52.0,youtube_suggest,2026-09-12 20:00:08.620440
4958,57,100,palm tree arborist,0.4,3,1,52.0,youtube_suggest,2026-09-12 20:00:08.623376
4959,57,100,palm tree art,0.4,3,1,52.0,youtube_suggest,2026-09-12 20:00:08.623617
4960,57,100,palm tree animation,0.4,3,1,52.0,youtube_suggest,2026-09-12 20:00:08.623825
4961,57,100,palm tree asmr,0.4,3,1,52.0,youtube_suggest,2026-09-12 20:00:08.624012
4962,57,100,palm tree blue,0.4,3,1,52.0,youtube_suggest,2026-09-12 20:00:08.624201
4963,57,100,palm tree bonsai,0.4,3,1,52.0,youtube_suggest,2026-09-12 20:00:08.624387
4964,57,100,palm tree balloon,0.4,3,1,52.0,youtube_suggest,2026-09-12 20:00:08.626111
4965,57,100,palm tree breeze,0.4,3,1,52.0,youtube_suggest,2026-09-12 20:00:08.626399
4966,57,100,palm tree blender,0.4,3,1,52.0,youtube_suggest,2026-09-12 20:00:08.626591
4967,57,100,palm tree beach,0.4,3,1,52.0,youtube_suggest,2026-09-12 20:00:08.626795
4968,57,100,palm tree climbing,0.4,3,1,52.0,youtube_suggest,2026-09-12 20:00:08.627055
4969,57,100,palm tree care,0.4,3,1,52.0,youtube_suggest,2026-09-12 20:00:08.636135
4970,57,100,palm tree cleaning,0.4,3,1,52.0,youtube_suggest,2026-09-12 20:00:08.636411
4971,57,100,palm tree club,0.4,3,1,52.0,youtube_suggest,2026-09-12 20:00:08.637045
4972,57,100,palm tree country,0.4,3,1,52.0,youtube_suggest,2026-09-12 20:00:08.637292
4973,57,100,palm tree crochet,0.4,3,1,52.0,youtube_suggest,2026-09-12 20:00:08.637493
4974,57,100,palm tree drawing,0.4,3,1,52.0,youtube_suggest,2026-09-12 20:00:08.637981
4975,57,100,palm tree days,0.4,3,1,52.0,youtube_suggest,2026-09-12 20:00:08.638190
4976,57,100,palm tree death,0.4,3,1,52.0,youtube_suggest,2026-09-12 20:00:08.638384
4977,57,100,palm tree diy,0.4,3,1,52.0,youtube_suggest,2026-09-12 20:00:08.638572
4978,57,100,palm tree diseases,0.4,3,1,52.0,youtube_suggest,2026-09-12 20:00:08.638771
4979,57,100,palm tree dying,0.4,3,1,52.0,youtube_suggest,2026-09-12 20:00:08.638964
4980,57,100,palm tree escape,0.4,3,1,52.0,youtube_suggest,2026-09-12 20:00:08.639199
4981,57,100,palm tree embroidery,0.4,3,1,52.0,youtube_suggest,2026-09-12 20:00:08.639385
4982,57,100,palm tree exploding,0.4,3,1,52.0,youtube_suggest,2026-09-12 20:00:08.639567
4983,57,100,palm tree edit,0.4,3,1,52.0,youtube_suggest,2026-09-12 20:00:08.639759
4984,57,100,palm tree evolution,0.4,3,1,52.0,youtube_suggest,2026-09-12 20:00:08.639945
4985,57,100,palm tree easy,0.4,3,1,52.0,youtube_suggest,2026-09-12 20:00:08.640127
4986,57,100,palm tree machine,0.4,3,1,52.0,youtube_suggest,2026-09-12 20:00:08.640312
4987,57,100,palm tree cutter,0.4,3,1,52.0,youtube_suggest,2026-09-12 20:00:08.640497
4988,57,100,palm tree saw,0.4,3,1,52.0,youtube_suggest,2026-09-12 20:00:08.647153
4989,57,100,palm tree panic x machine girl,0.2857,6,1,50.0,youtube_suggest,2026-09-12 20:00:08.647395
4990,57,100,palm tree antics band,0.3333,4,1,49.33,youtube_suggest,2026-09-12 20:00:08.647591
4991,57,100,palm court orchestra music,0.3333,4,1,49.33,youtube_suggest,2026-09-12 20:00:08.647807
4992,57,100,palm tree panic funk,0.3333,4,1,49.33,youtube_suggest,2026-09-12 20:00:08.648077
4993,57,100,palm tree panic hysteria,0.3333,4,1,49.33,youtube_suggest,2026-09-12 20:00:08.648246
4994,57,100,palm tree acrylic painting,0.3333,4,1,49.33,youtube_suggest,2026-09-12 20:00:08.648416
4995,57,100,palm tree angry ginge,0.3333,4,1,49.33,youtube_suggest,2026-09-12 20:00:08.649395
4996,57,100,palm tree beach club,0.3333,4,1,49.33,youtube_suggest,2026-09-12 20:00:08.649641
4997,57,100,palm tree build minecraft,0.3333,4,1,49.33,youtube_suggest,2026-09-12 20:00:08.652193
4998,57,100,palm tree christmas lights,0.3333,4,1,49.33,youtube_suggest,2026-09-12 20:00:08.652522
4999,57,100,palm tree club miami,0.3333,4,1,49.33,youtube_suggest,2026-09-12 20:00:08.652798
5000,57,100,palm tree club orlando,0.3333,4,1,49.33,youtube_suggest,2026-09-12 20:00:08.653019
5001,57,100,palm tree drawing easy,0.3333,4,1,49.33,youtube_suggest,2026-09-12 20:00:08.653209
5002,57,100,palm tree decals bloxburg,0.3333,4,1,49.33,youtube_suggest,2026-09-12 20:00:08.653397
5003,57,100,palm tree drawing tutorial,0.3333,4,1,49.33,youtube_suggest,2026-09-12 20:00:08.653582
5004,57,100,palm tree decoration ideas,0.3333,4,1,49.33,youtube_suggest,2026-09-12 20:00:08.653778
5005,57,100,palm tree elementary school,0.3333,4,1,49.33,youtube_suggest,2026-09-12 20:00:08.653978
5006,57,100,palm tree easy drawing,0.3333,4,1,49.33,youtube_suggest,2026-09-12 20:00:08.655439
5007,57,100,palm tree escape piano,0.3333,4,1,49.33,youtube_suggest,2026-09-12 20:00:08.655752
5008,57,100,palm tree climbing machine,0.3333,4,1,49.33,youtube_suggest,2026-09-12 20:00:08.655955
5009,57,100,palm tree harvesting machine,0.3333,4,1,49.33,youtube_suggest,2026-09-12 20:00:08.656139
5010,57,100,palm tree cutting machine,0.3333,4,1,49.33,youtube_suggest,2026-09-12 20:00:08.656325
5011,58,101,coconut tree up machine,0.3333,4,1,49.33,youtube_suggest,2026-09-12 20:01:41.684953
5012,58,101,coconut tree cutting machine video,0.2857,5,1,48.0,youtube_suggest,2026-09-12 20:01:41.685389
5013,58,101,coconut tree climbing machine video,0.2857,5,1,48.0,youtube_suggest,2026-09-12 20:01:41.685708
5014,58,101,palm tree panic x machine girl,0.25,6,1,47.5,youtube_suggest,2026-09-12 20:01:41.685957
5015,58,101,coconut tree climbing machine in kannada,0.25,6,1,47.5,youtube_suggest,2026-09-12 20:01:41.686095
5016,58,101,coconut tree climbing machine in tamil,0.25,6,1,47.5,youtube_suggest,2026-09-12 20:01:41.686239
5017,58,101,palm tree panic,0.3333,3,1,47.33,youtube_suggest,2026-09-12 20:01:41.686389
5018,58,101,palm tree misery,0.3333,3,1,47.33,youtube_suggest,2026-09-12 20:01:41.686521
5019,58,101,palm tree aspen,0.3333,3,1,47.33,youtube_suggest,2026-09-12 20:01:41.686669
5020,58,101,palm tree ambience,0.3333,3,1,47.33,youtube_suggest,2026-09-12 20:01:41.686804
5021,58,101,palm tree accident,0.3333,3,1,47.33,youtube_suggest,2026-09-12 20:01:41.686931
5022,58,101,palm tree arborist,0.3333,3,1,47.33,youtube_suggest,2026-09-12 20:01:41.687086
5023,58,101,palm tree art,0.3333,3,1,47.33,youtube_suggest,2026-09-12 20:01:41.687242
5024,58,101,palm tree animation,0.3333,3,1,47.33,youtube_suggest,2026-09-12 20:01:41.692742
5025,58,101,palm tree asmr,0.3333,3,1,47.33,youtube_suggest,2026-09-12 20:01:41.693034
5026,58,101,palm tree blue,0.3333,3,1,47.33,youtube_suggest,2026-09-12 20:01:41.693182
5027,58,101,palm tree bonsai,0.3333,3,1,47.33,youtube_suggest,2026-09-12 20:01:41.693480
5028,58,101,palm tree balloon,0.3333,3,1,47.33,youtube_suggest,2026-09-12 20:01:41.693724
5029,58,101,palm tree breeze,0.3333,3,1,47.33,youtube_suggest,2026-09-12 20:01:41.693911
5030,58,101,palm tree blender,0.3333,3,1,47.33,youtube_suggest,2026-09-12 20:01:41.694047
5031,58,101,palm tree beach,0.3333,3,1,47.33,youtube_suggest,2026-09-12 20:01:41.694176
5032,58,101,palm tree climbing,0.3333,3,1,47.33,youtube_suggest,2026-09-12 20:01:41.694323
5033,58,101,palm tree care,0.3333,3,1,47.33,youtube_suggest,2026-09-12 20:01:41.694470
5034,58,101,palm tree cleaning,0.3333,3,1,47.33,youtube_suggest,2026-09-12 20:01:41.694635
5035,58,101,palm tree club,0.3333,3,1,47.33,youtube_suggest,2026-09-12 20:01:41.694791
5036,58,101,palm tree country,0.3333,3,1,47.33,youtube_suggest,2026-09-12 20:01:41.694943
5037,58,101,palm tree crochet,0.3333,3,1,47.33,youtube_suggest,2026-09-12 20:01:41.695080
5038,58,101,palm tree drawing,0.3333,3,1,47.33,youtube_suggest,2026-09-12 20:01:41.695224
5039,58,101,palm tree days,0.3333,3,1,47.33,youtube_suggest,2026-09-12 20:01:41.695400
5040,58,101,palm tree death,0.3333,3,1,47.33,youtube_suggest,2026-09-12 20:01:41.695535
5041,58,101,palm tree diy,0.3333,3,1,47.33,youtube_suggest,2026-09-12 20:01:41.695688
5042,58,101,palm tree diseases,0.3333,3,1,47.33,youtube_suggest,2026-09-12 20:01:41.695880
5043,58,101,palm tree dying,0.3333,3,1,47.33,youtube_suggest,2026-09-12 20:01:41.696031
5044,58,101,palm tree escape,0.3333,3,1,47.33,youtube_suggest,2026-09-12 20:01:41.696161
5045,58,101,palm tree embroidery,0.3333,3,1,47.33,youtube_suggest,2026-09-12 20:01:41.696305
5046,58,101,palm tree exploding,0.3333,3,1,47.33,youtube_suggest,2026-09-12 20:01:41.696437
5047,58,101,palm tree edit,0.3333,3,1,47.33,youtube_suggest,2026-09-12 20:01:41.704801
5048,58,101,palm tree evolution,0.3333,3,1,47.33,youtube_suggest,2026-09-12 20:01:41.705112
5049,58,101,palm tree easy,0.3333,3,1,47.33,youtube_suggest,2026-09-12 20:01:41.705273
5050,58,101,palm tree machine,0.3333,3,1,47.33,youtube_suggest,2026-09-12 20:01:41.705413
5051,58,101,coconut tree machine,0.3333,3,1,47.33,youtube_suggest,2026-09-12 20:01:41.705546
5052,58,101,palm tree cutter,0.3333,3,1,47.33,youtube_suggest,2026-09-12 20:01:41.705678
5053,58,101,palm tree saw,0.3333,3,1,47.33,youtube_suggest,2026-09-12 20:01:41.705811
5054,58,101,palm tree panic funk,0.2857,4,1,46.0,youtube_suggest,2026-09-12 20:01:41.705956
5055,58,101,palm tree panic hysteria,0.2857,4,1,46.0,youtube_suggest,2026-09-12 20:01:41.706092
5056,58,101,palm tree acrylic painting,0.2857,4,1,46.0,youtube_suggest,2026-09-12 20:01:41.706222
5057,58,101,palm tree angry ginge,0.2857,4,1,46.0,youtube_suggest,2026-09-12 20:01:41.706366
5058,58,101,palm tree beach club,0.2857,4,1,46.0,youtube_suggest,2026-09-12 20:01:41.706500
5059,58,101,palm tree build minecraft,0.2857,4,1,46.0,youtube_suggest,2026-09-12 20:01:41.706633
5060,58,101,palm tree christmas lights,0.2857,4,1,46.0,youtube_suggest,2026-09-12 20:01:41.706763
5061,58,101,palm tree club miami,0.2857,4,1,46.0,youtube_suggest,2026-09-12 20:01:41.706894
5062,58,101,palm tree club orlando,0.2857,4,1,46.0,youtube_suggest,2026-09-12 20:01:41.707026
5063,58,101,palm tree drawing easy,0.2857,4,1,46.0,youtube_suggest,2026-09-12 20:01:41.707158
5064,58,101,palm tree decals bloxburg,0.2857,4,1,46.0,youtube_suggest,2026-09-12 20:01:41.707302
5065,58,101,palm tree drawing tutorial,0.2857,4,1,46.0,youtube_suggest,2026-09-12 20:01:41.707434
5066,58,101,palm tree decoration ideas,0.2857,4,1,46.0,youtube_suggest,2026-09-12 20:01:41.709582
5067,58,101,palm tree elementary school,0.2857,4,1,46.0,youtube_suggest,2026-09-12 20:01:41.709843
5068,58,101,palm tree easy drawing,0.2857,4,1,46.0,youtube_suggest,2026-09-12 20:01:41.710037
5069,58,101,palm tree escape piano,0.2857,4,1,46.0,youtube_suggest,2026-09-12 20:01:41.710226
5070,58,101,palm tree climbing machine,0.2857,4,1,46.0,youtube_suggest,2026-09-12 20:01:41.710406
5071,59,102,cloud factory the clouds,0.4,4,1,54.0,youtube_suggest,2026-09-12 20:03:10.071297
5072,59,102,palm tree panic,0.4,3,1,52.0,youtube_suggest,2026-09-12 20:03:10.071606
5073,59,102,palm tree misery,0.4,3,1,52.0,youtube_suggest,2026-09-12 20:03:10.071854
5074,59,102,palm tree aspen,0.4,3,1,52.0,youtube_suggest,2026-09-12 20:03:10.072077
5075,59,102,palm tree ambience,0.4,3,1,52.0,youtube_suggest,2026-09-12 20:03:10.072293
5076,59,102,palm tree accident,0.4,3,1,52.0,youtube_suggest,2026-09-12 20:03:10.072508
5077,59,102,palm tree arborist,0.4,3,1,52.0,youtube_suggest,2026-09-12 20:03:10.076444
5078,59,102,palm tree art,0.4,3,1,52.0,youtube_suggest,2026-09-12 20:03:10.076761
5079,59,102,palm tree animation,0.4,3,1,52.0,youtube_suggest,2026-09-12 20:03:10.077006
5080,59,102,palm tree asmr,0.4,3,1,52.0,youtube_suggest,2026-09-12 20:03:10.077258
5081,59,102,palm tree blue,0.4,3,1,52.0,youtube_suggest,2026-09-12 20:03:10.077477
5082,59,102,palm tree bonsai,0.4,3,1,52.0,youtube_suggest,2026-09-12 20:03:10.077689
5083,59,102,palm tree balloon,0.4,3,1,52.0,youtube_suggest,2026-09-12 20:03:10.077909
5084,59,102,palm tree breeze,0.4,3,1,52.0,youtube_suggest,2026-09-12 20:03:10.078119
5085,59,102,palm tree blender,0.4,3,1,52.0,youtube_suggest,2026-09-12 20:03:10.078322
5086,59,102,palm tree beach,0.4,3,1,52.0,youtube_suggest,2026-09-12 20:03:10.078527
5087,59,102,palm tree climbing,0.4,3,1,52.0,youtube_suggest,2026-09-12 20:03:10.078754
5088,59,102,palm tree care,0.4,3,1,52.0,youtube_suggest,2026-09-12 20:03:10.078961
5089,59,102,palm tree cleaning,0.4,3,1,52.0,youtube_suggest,2026-09-12 20:03:10.079155
5090,59,102,palm tree club,0.4,3,1,52.0,youtube_suggest,2026-09-12 20:03:10.079331
5091,59,102,palm tree country,0.4,3,1,52.0,youtube_suggest,2026-09-12 20:03:10.079528
5092,59,102,palm tree crochet,0.4,3,1,52.0,youtube_suggest,2026-09-12 20:03:10.079748
5093,59,102,palm tree drawing,0.4,3,1,52.0,youtube_suggest,2026-09-12 20:03:10.079958
5094,59,102,palm tree days,0.4,3,1,52.0,youtube_suggest,2026-09-12 20:03:10.080164
5095,59,102,palm tree death,0.4,3,1,52.0,youtube_suggest,2026-09-12 20:03:10.080365
5096,59,102,palm tree diy,0.4,3,1,52.0,youtube_suggest,2026-09-12 20:03:10.080722
5097,59,102,palm tree diseases,0.4,3,1,52.0,youtube_suggest,2026-09-12 20:03:10.080962
5098,59,102,palm tree dying,0.4,3,1,52.0,youtube_suggest,2026-09-12 20:03:10.081121
5099,59,102,palm tree escape,0.4,3,1,52.0,youtube_suggest,2026-09-12 20:03:10.081308
5100,59,102,palm tree embroidery,0.4,3,1,52.0,youtube_suggest,2026-09-12 20:03:10.081563
5101,59,102,palm tree exploding,0.4,3,1,52.0,youtube_suggest,2026-09-12 20:03:10.081828
5102,59,102,palm tree edit,0.4,3,1,52.0,youtube_suggest,2026-09-12 20:03:10.082019
5103,59,102,palm tree evolution,0.4,3,1,52.0,youtube_suggest,2026-09-12 20:03:10.082181
5104,59,102,palm tree easy,0.4,3,1,52.0,youtube_suggest,2026-09-12 20:03:10.082346
5105,59,102,palm tree machine,0.4,3,1,52.0,youtube_suggest,2026-09-12 20:03:10.082494
5106,59,102,palm tree cutter,0.4,3,1,52.0,youtube_suggest,2026-09-12 20:03:10.088748
5107,59,102,palm tree saw,0.4,3,1,52.0,youtube_suggest,2026-09-12 20:03:10.089321
5108,59,102,palm brinks dark cloud 2,0.3333,5,1,51.33,youtube_suggest,2026-09-12 20:03:10.089674
5109,59,102,palm tree panic x machine girl,0.2857,6,1,50.0,youtube_suggest,2026-09-12 20:03:10.089990
5110,59,102,palm tree panic funk,0.3333,4,1,49.33,youtube_suggest,2026-09-12 20:03:10.090343
5111,59,102,palm tree panic hysteria,0.3333,4,1,49.33,youtube_suggest,2026-09-12 20:03:10.090627
5112,59,102,palm tree acrylic painting,0.3333,4,1,49.33,youtube_suggest,2026-09-12 20:03:10.090948
5113,59,102,palm tree angry ginge,0.3333,4,1,49.33,youtube_suggest,2026-09-12 20:03:10.091168
5114,59,102,palm tree beach club,0.3333,4,1,49.33,youtube_suggest,2026-09-12 20:03:10.091360
5115,59,102,palm tree build minecraft,0.3333,4,1,49.33,youtube_suggest,2026-09-12 20:03:10.091553
5116,59,102,palm tree christmas lights,0.3333,4,1,49.33,youtube_suggest,2026-09-12 20:03:10.091756
5117,59,102,palm tree club miami,0.3333,4,1,49.33,youtube_suggest,2026-09-12 20:03:10.091936
5118,59,102,palm tree club orlando,0.3333,4,1,49.33,youtube_suggest,2026-09-12 20:03:10.092097
5119,59,102,palm tree drawing easy,0.3333,4,1,49.33,youtube_suggest,2026-09-12 20:03:10.092332
5120,59,102,palm tree decals bloxburg,0.3333,4,1,49.33,youtube_suggest,2026-09-12 20:03:10.099242
5121,59,102,palm tree drawing tutorial,0.3333,4,1,49.33,youtube_suggest,2026-09-12 20:03:10.099723
5122,59,102,palm tree decoration ideas,0.3333,4,1,49.33,youtube_suggest,2026-09-12 20:03:10.100133
5123,59,102,palm tree elementary school,0.3333,4,1,49.33,youtube_suggest,2026-09-12 20:03:10.100439
5124,59,102,palm tree easy drawing,0.3333,4,1,49.33,youtube_suggest,2026-09-12 20:03:10.105094
5125,59,102,palm tree escape piano,0.3333,4,1,49.33,youtube_suggest,2026-09-12 20:03:10.105322
5126,59,102,palm tree climbing machine,0.3333,4,1,49.33,youtube_suggest,2026-09-12 20:03:10.105464
5127,59,102,palm tree harvesting machine,0.3333,4,1,49.33,youtube_suggest,2026-09-12 20:03:10.105594
5128,59,102,palm tree cutting machine,0.3333,4,1,49.33,youtube_suggest,2026-09-12 20:03:10.105749
5129,59,102,palm tree climber machine,0.3333,4,1,49.33,youtube_suggest,2026-09-12 20:03:10.105905
5130,59,102,palm tree climbing equipment,0.3333,4,1,49.33,youtube_suggest,2026-09-12 20:03:10.106042
5131,61,103,palm tree in a storm,0.4,5,1,56.0,youtube_suggest,2026-09-12 20:07:14.849718
5132,61,103,palm tree vs coconut tree,0.4,5,1,56.0,youtube_suggest,2026-09-12 20:07:14.849934
5133,61,103,palm tree in wind,0.4,4,1,54.0,youtube_suggest,2026-09-12 20:07:14.850137
5134,61,103,palm tree in california,0.4,4,1,54.0,youtube_suggest,2026-09-12 20:07:14.850366
5135,61,103,palm tree panic,0.4,3,1,52.0,youtube_suggest,2026-09-12 20:07:14.850560
5136,61,103,palm tree misery,0.4,3,1,52.0,youtube_suggest,2026-09-12 20:07:14.851628
5137,61,103,palm tree aspen,0.4,3,1,52.0,youtube_suggest,2026-09-12 20:07:14.851833
5138,61,103,palm tree ambience,0.4,3,1,52.0,youtube_suggest,2026-09-12 20:07:14.852014
5139,61,103,palm tree accident,0.4,3,1,52.0,youtube_suggest,2026-09-12 20:07:14.852154
5140,61,103,palm tree arborist,0.4,3,1,52.0,youtube_suggest,2026-09-12 20:07:14.852284
5141,61,103,palm tree art,0.4,3,1,52.0,youtube_suggest,2026-09-12 20:07:14.853540
5142,61,103,palm tree animation,0.4,3,1,52.0,youtube_suggest,2026-09-12 20:07:14.853747
5143,61,103,palm tree asmr,0.4,3,1,52.0,youtube_suggest,2026-09-12 20:07:14.853923
5144,61,103,palm tree blue,0.4,3,1,52.0,youtube_suggest,2026-09-12 20:07:14.854111
5145,61,103,palm tree bonsai,0.4,3,1,52.0,youtube_suggest,2026-09-12 20:07:14.854294
5146,61,103,palm tree balloon,0.4,3,1,52.0,youtube_suggest,2026-09-12 20:07:14.854668
5147,61,103,palm tree breeze,0.4,3,1,52.0,youtube_suggest,2026-09-12 20:07:14.854853
5148,61,103,palm tree blender,0.4,3,1,52.0,youtube_suggest,2026-09-12 20:07:14.855048
5149,61,103,palm tree beach,0.4,3,1,52.0,youtube_suggest,2026-09-12 20:07:14.860942
5150,61,103,palm tree climbing,0.4,3,1,52.0,youtube_suggest,2026-09-12 20:07:14.861321
5151,61,103,palm tree care,0.4,3,1,52.0,youtube_suggest,2026-09-12 20:07:14.861544
5152,61,103,palm tree cleaning,0.4,3,1,52.0,youtube_suggest,2026-09-12 20:07:14.861737
5153,61,103,palm tree club,0.4,3,1,52.0,youtube_suggest,2026-09-12 20:07:14.861997
5154,61,103,palm tree country,0.4,3,1,52.0,youtube_suggest,2026-09-12 20:07:14.862150
5155,61,103,palm tree crochet,0.4,3,1,52.0,youtube_suggest,2026-09-12 20:07:14.862287
5156,61,103,palm tree drawing,0.4,3,1,52.0,youtube_suggest,2026-09-12 20:07:14.862433
5157,61,103,palm tree days,0.4,3,1,52.0,youtube_suggest,2026-09-12 20:07:14.862561
5158,61,103,palm tree death,0.4,3,1,52.0,youtube_suggest,2026-09-12 20:07:14.862688
5159,61,103,palm tree diy,0.4,3,1,52.0,youtube_suggest,2026-09-12 20:07:14.864867
5160,61,103,palm tree diseases,0.4,3,1,52.0,youtube_suggest,2026-09-12 20:07:14.865039
5161,61,103,palm tree dying,0.4,3,1,52.0,youtube_suggest,2026-09-12 20:07:14.865240
5162,61,103,palm tree escape,0.4,3,1,52.0,youtube_suggest,2026-09-12 20:07:14.865447
5163,61,103,palm tree embroidery,0.4,3,1,52.0,youtube_suggest,2026-09-12 20:07:14.865634
5164,61,103,palm tree exploding,0.4,3,1,52.0,youtube_suggest,2026-09-12 20:07:14.865815
5165,61,103,palm tree edit,0.4,3,1,52.0,youtube_suggest,2026-09-12 20:07:14.865981
5166,61,103,palm tree evolution,0.4,3,1,52.0,youtube_suggest,2026-09-12 20:07:14.866116
5167,61,103,palm tree easy,0.4,3,1,52.0,youtube_suggest,2026-09-12 20:07:14.866251
5168,61,103,palm tree hysteria,0.4,3,1,52.0,youtube_suggest,2026-09-12 20:07:14.866397
5169,61,103,palm tree district,0.4,3,1,52.0,youtube_suggest,2026-09-12 20:07:14.866525
5170,61,103,palm tree history,0.4,3,1,52.0,youtube_suggest,2026-09-12 20:07:14.866653
5171,61,103,palm tree falls,0.4,3,1,52.0,youtube_suggest,2026-09-12 20:07:14.866792
5172,61,103,palm tree tamilnadu,0.4,3,1,52.0,youtube_suggest,2026-09-12 20:07:14.866933
5173,61,103,palm tree machine,0.4,3,1,52.0,youtube_suggest,2026-09-12 20:07:14.867066
5174,61,103,palm tree cutter,0.4,3,1,52.0,youtube_suggest,2026-09-12 20:07:14.867205
5175,61,103,palm tree saw,0.4,3,1,52.0,youtube_suggest,2026-09-12 20:07:14.867339
5176,61,103,palm tree is drying out,0.3333,5,1,51.33,youtube_suggest,2026-09-12 20:07:14.867464
5177,61,103,palm tree care and maintenance,0.3333,5,1,51.33,youtube_suggest,2026-09-12 20:07:14.867599
5178,61,103,palm tree panic x machine girl,0.2857,6,1,50.0,youtube_suggest,2026-09-12 20:07:14.867775
5179,61,103,palm tree panic funk,0.3333,4,1,49.33,youtube_suggest,2026-09-12 20:07:14.867953
5180,61,103,palm tree panic hysteria,0.3333,4,1,49.33,youtube_suggest,2026-09-12 20:07:14.868129
5181,61,103,palm tree acrylic painting,0.3333,4,1,49.33,youtube_suggest,2026-09-12 20:07:14.868317
5182,61,103,palm tree angry ginge,0.3333,4,1,49.33,youtube_suggest,2026-09-12 20:07:14.868503
5183,61,103,palm tree beach club,0.3333,4,1,49.33,youtube_suggest,2026-09-12 20:07:14.872875
5184,61,103,palm tree build minecraft,0.3333,4,1,49.33,youtube_suggest,2026-09-12 20:07:14.873048
5185,61,103,palm tree christmas lights,0.3333,4,1,49.33,youtube_suggest,2026-09-12 20:07:14.873184
5186,61,103,palm tree club miami,0.3333,4,1,49.33,youtube_suggest,2026-09-12 20:07:14.873331
5187,61,103,palm tree club orlando,0.3333,4,1,49.33,youtube_suggest,2026-09-12 20:07:14.873559
5188,61,103,palm tree drawing easy,0.3333,4,1,49.33,youtube_suggest,2026-09-12 20:07:14.873707
5189,61,103,palm tree decals bloxburg,0.3333,4,1,49.33,youtube_suggest,2026-09-12 20:07:14.873839
5190,61,103,palm tree drawing tutorial,0.3333,4,1,49.33,youtube_suggest,2026-09-12 20:07:14.873968
5191,62,104,palm tree panic x machine girl,0.25,6,1,47.5,youtube_suggest,2026-09-12 20:10:20.172177
5192,62,104,palm tree panic,0.3333,3,1,47.33,youtube_suggest,2026-09-12 20:10:20.172504
5193,62,104,palm tree misery,0.3333,3,1,47.33,youtube_suggest,2026-09-12 20:10:20.176423
5194,62,104,palm tree aspen,0.3333,3,1,47.33,youtube_suggest,2026-09-12 20:10:20.176725
5195,62,104,palm tree ambience,0.3333,3,1,47.33,youtube_suggest,2026-09-12 20:10:20.176961
5196,62,104,palm tree accident,0.3333,3,1,47.33,youtube_suggest,2026-09-12 20:10:20.177169
5197,62,104,palm tree arborist,0.3333,3,1,47.33,youtube_suggest,2026-09-12 20:10:20.177336
5198,62,104,palm tree art,0.3333,3,1,47.33,youtube_suggest,2026-09-12 20:10:20.177530
5199,62,104,palm tree animation,0.3333,3,1,47.33,youtube_suggest,2026-09-12 20:10:20.177748
5200,62,104,palm tree asmr,0.3333,3,1,47.33,youtube_suggest,2026-09-12 20:10:20.177953
5201,62,104,palm tree blue,0.3333,3,1,47.33,youtube_suggest,2026-09-12 20:10:20.178159
5202,62,104,palm tree bonsai,0.3333,3,1,47.33,youtube_suggest,2026-09-12 20:10:20.178364
5203,62,104,palm tree balloon,0.3333,3,1,47.33,youtube_suggest,2026-09-12 20:10:20.178695
5204,62,104,palm tree breeze,0.3333,3,1,47.33,youtube_suggest,2026-09-12 20:10:20.178898
5205,62,104,palm tree blender,0.3333,3,1,47.33,youtube_suggest,2026-09-12 20:10:20.179106
5206,62,104,palm tree beach,0.3333,3,1,47.33,youtube_suggest,2026-09-12 20:10:20.179318
5207,62,104,palm tree climbing,0.3333,3,1,47.33,youtube_suggest,2026-09-12 20:10:20.179534
5208,62,104,palm tree care,0.3333,3,1,47.33,youtube_suggest,2026-09-12 20:10:20.179742
5209,62,104,palm tree cleaning,0.3333,3,1,47.33,youtube_suggest,2026-09-12 20:10:20.179941
5210,62,104,palm tree club,0.3333,3,1,47.33,youtube_suggest,2026-09-12 20:10:20.180143
5211,62,104,palm tree country,0.3333,3,1,47.33,youtube_suggest,2026-09-12 20:10:20.180341
5212,62,104,palm tree crochet,0.3333,3,1,47.33,youtube_suggest,2026-09-12 20:10:20.192746
5213,62,104,palm tree drawing,0.3333,3,1,47.33,youtube_suggest,2026-09-12 20:10:20.193190
5214,62,104,palm tree days,0.3333,3,1,47.33,youtube_suggest,2026-09-12 20:10:20.193439
5215,62,104,palm tree death,0.3333,3,1,47.33,youtube_suggest,2026-09-12 20:10:20.193658
5216,62,104,palm tree diy,0.3333,3,1,47.33,youtube_suggest,2026-09-12 20:10:20.193882
5217,62,104,palm tree diseases,0.3333,3,1,47.33,youtube_suggest,2026-09-12 20:10:20.194095
5218,62,104,palm tree dying,0.3333,3,1,47.33,youtube_suggest,2026-09-12 20:10:20.194304
5219,62,104,palm tree escape,0.3333,3,1,47.33,youtube_suggest,2026-09-12 20:10:20.194527
5220,62,104,palm tree embroidery,0.3333,3,1,47.33,youtube_suggest,2026-09-12 20:10:20.194738
5221,62,104,palm tree exploding,0.3333,3,1,47.33,youtube_suggest,2026-09-12 20:10:20.194948
5222,62,104,palm tree edit,0.3333,3,1,47.33,youtube_suggest,2026-09-12 20:10:20.195151
5223,62,104,palm tree evolution,0.3333,3,1,47.33,youtube_suggest,2026-09-12 20:10:20.195350
5224,62,104,palm tree easy,0.3333,3,1,47.33,youtube_suggest,2026-09-12 20:10:20.195564
5225,62,104,palm tree machine,0.3333,3,1,47.33,youtube_suggest,2026-09-12 20:10:20.195768
5226,62,104,palm tree cutter,0.3333,3,1,47.33,youtube_suggest,2026-09-12 20:10:20.195967
5227,62,104,palm tree saw,0.3333,3,1,47.33,youtube_suggest,2026-09-12 20:10:20.196167
5228,62,104,palm tree seed pods,0.2857,4,1,46.0,youtube_suggest,2026-09-12 20:10:20.196385
5229,62,104,palm tree panic funk,0.2857,4,1,46.0,youtube_suggest,2026-09-12 20:10:20.204833
5230,62,104,palm tree panic hysteria,0.2857,4,1,46.0,youtube_suggest,2026-09-12 20:10:20.205178
5231,62,104,palm tree acrylic painting,0.2857,4,1,46.0,youtube_suggest,2026-09-12 20:10:20.205425
5232,62,104,palm tree angry ginge,0.2857,4,1,46.0,youtube_suggest,2026-09-12 20:10:20.205637
5233,62,104,palm tree beach club,0.2857,4,1,46.0,youtube_suggest,2026-09-12 20:10:20.205884
5234,62,104,palm tree build minecraft,0.2857,4,1,46.0,youtube_suggest,2026-09-12 20:10:20.206093
5235,62,104,palm tree christmas lights,0.2857,4,1,46.0,youtube_suggest,2026-09-12 20:10:20.206287
5236,62,104,palm tree club miami,0.2857,4,1,46.0,youtube_suggest,2026-09-12 20:10:20.206509
5237,62,104,palm tree club orlando,0.2857,4,1,46.0,youtube_suggest,2026-09-12 20:10:20.206715
5238,62,104,palm tree drawing easy,0.2857,4,1,46.0,youtube_suggest,2026-09-12 20:10:20.206927
5239,62,104,palm tree decals bloxburg,0.2857,4,1,46.0,youtube_suggest,2026-09-12 20:10:20.207137
5240,62,104,palm tree drawing tutorial,0.2857,4,1,46.0,youtube_suggest,2026-09-12 20:10:20.207339
5241,62,104,palm tree decoration ideas,0.2857,4,1,46.0,youtube_suggest,2026-09-12 20:10:20.207560
5242,62,104,palm tree elementary school,0.2857,4,1,46.0,youtube_suggest,2026-09-12 20:10:20.207760
5243,62,104,palm tree easy drawing,0.2857,4,1,46.0,youtube_suggest,2026-09-12 20:10:20.207959
5244,62,104,palm tree escape piano,0.2857,4,1,46.0,youtube_suggest,2026-09-12 20:10:20.208158
5245,62,104,palm tree climbing machine,0.2857,4,1,46.0,youtube_suggest,2026-09-12 20:10:20.208357
5246,62,104,palm tree harvesting machine,0.2857,4,1,46.0,youtube_suggest,2026-09-12 20:10:20.215983
5247,62,104,palm tree cutting machine,0.2857,4,1,46.0,youtube_suggest,2026-09-12 20:10:20.216384
5248,62,104,palm tree climber machine,0.2857,4,1,46.0,youtube_suggest,2026-09-12 20:10:20.216665
5249,62,104,palm tree climbing equipment,0.2857,4,1,46.0,youtube_suggest,2026-09-12 20:10:20.216899
5250,62,104,palm tree cutting swing,0.2857,4,1,46.0,youtube_suggest,2026-09-12 20:10:20.217116
5251,63,105,mr queen bamboo forest ep 1,0.3333,6,1,53.33,youtube_suggest,2026-09-12 20:13:25.482052
5252,63,105,mr queen bamboo forest ep 2,0.3333,6,1,53.33,youtube_suggest,2026-09-12 20:13:25.484355
5253,63,105,mr queen bamboo forest ep 3,0.3333,6,1,53.33,youtube_suggest,2026-09-12 20:13:25.485760
5254,63,105,bamboo forest of the full moon,0.2857,6,1,50.0,youtube_suggest,2026-09-12 20:13:25.486555
5255,63,105,get to the bamboo forest division 2,0.2857,7,1,50.0,youtube_suggest,2026-09-12 20:13:25.486779
5256,63,105,bamboo forest in flames,0.3333,4,1,49.33,youtube_suggest,2026-09-12 20:13:25.488676
5257,63,105,bamboo forest at night,0.3333,4,1,49.33,youtube_suggest,2026-09-12 20:13:25.488967
5258,63,105,bamboo forest background video,0.3333,4,1,49.33,youtube_suggest,2026-09-12 20:13:25.489167
5259,63,105,bamboo forest choose your world,0.2857,5,1,48.0,youtube_suggest,2026-09-12 20:13:25.489358
5260,63,105,bamboo forest elif & sanoi,0.2857,5,1,48.0,youtube_suggest,2026-09-12 20:13:25.489547
5261,63,105,bamboo forest unreal engine 5,0.2857,5,1,48.0,youtube_suggest,2026-09-12 20:13:25.489729
5262,63,105,bamboo forest shadow fight 3,0.2857,5,1,48.0,youtube_suggest,2026-09-12 20:13:25.489924
5263,63,105,bamboo forest sounds,0.3333,3,1,47.33,youtube_suggest,2026-09-12 20:13:25.490105
5264,63,105,bamboo forest kyoto,0.3333,3,1,47.33,youtube_suggest,2026-09-12 20:13:25.490284
5265,63,105,bamboo forest japan,0.3333,3,1,47.33,youtube_suggest,2026-09-12 20:13:25.490464
5266,63,105,bamboo forest maui,0.3333,3,1,47.33,youtube_suggest,2026-09-12 20:13:25.490642
5267,63,105,bamboo forest atlanta,0.3333,3,1,47.33,youtube_suggest,2026-09-12 20:13:25.490820
5268,63,105,bamboo forest minecraft,0.3333,3,1,47.33,youtube_suggest,2026-09-12 20:13:25.494893
5269,63,105,bamboo forest aquarium,0.3333,3,1,47.33,youtube_suggest,2026-09-12 20:13:25.496190
5270,63,105,bamboo forest ambience,0.3333,3,1,47.33,youtube_suggest,2026-09-12 20:13:25.497234
5271,63,105,bamboo forest animals,0.3333,3,1,47.33,youtube_suggest,2026-09-12 20:13:25.499751
5272,63,105,bamboo forest asmr,0.3333,3,1,47.33,youtube_suggest,2026-09-12 20:13:25.500232
5273,63,105,bamboo forest acnh,0.3333,3,1,47.33,youtube_suggest,2026-09-12 20:13:25.505519
5274,63,105,bamboo forest aquascape,0.3333,3,1,47.33,youtube_suggest,2026-09-12 20:13:25.506008
5275,63,105,bamboo forest bonsai,0.3333,3,1,47.33,youtube_suggest,2026-09-12 20:13:25.506576
5276,63,105,bamboo forest background,0.3333,3,1,47.33,youtube_suggest,2026-09-12 20:13:25.506982
5277,63,105,bamboo forest build,0.3333,3,1,47.33,youtube_suggest,2026-09-12 20:13:25.509583
5278,63,105,bamboo forest breath,0.3333,3,1,47.33,youtube_suggest,2026-09-12 20:13:25.512908
5279,63,105,bamboo forest baguio,0.3333,3,1,47.33,youtube_suggest,2026-09-12 20:13:25.513327
5280,63,105,bamboo forest bali,0.3333,3,1,47.33,youtube_suggest,2026-09-12 20:13:25.513513
5281,63,105,bamboo forest bangalore,0.3333,3,1,47.33,youtube_suggest,2026-09-12 20:13:25.513767
5282,63,105,bamboo forest china,0.3333,3,1,47.33,youtube_suggest,2026-09-12 20:13:25.513934
5283,63,105,bamboo forest coorg,0.3333,3,1,47.33,youtube_suggest,2026-09-12 20:13:25.514084
5284,63,105,bamboo forest chittoor,0.3333,3,1,47.33,youtube_suggest,2026-09-12 20:13:25.514233
5285,63,105,bamboo forest camping,0.3333,3,1,47.33,youtube_suggest,2026-09-12 20:13:25.514409
5286,63,105,bamboo forest diorama,0.3333,3,1,47.33,youtube_suggest,2026-09-12 20:13:25.514553
5287,63,105,bamboo forest drawing,0.3333,3,1,47.33,youtube_suggest,2026-09-12 20:13:25.514745
5288,63,105,bamboo forest deuter,0.3333,3,1,47.33,youtube_suggest,2026-09-12 20:13:25.514983
5289,63,105,bamboo forest dakhva,0.3333,3,1,47.33,youtube_suggest,2026-09-12 20:13:25.521084
5290,63,105,damyang bamboo forest,0.3333,3,1,47.33,youtube_suggest,2026-09-12 20:13:25.521314
5291,63,105,bamboo forest discover,0.3333,3,1,47.33,youtube_suggest,2026-09-12 20:13:25.521469
5292,63,105,eystreem bamboo forest,0.3333,3,1,47.33,youtube_suggest,2026-09-12 20:13:25.521657
5293,63,105,endfield bamboo forest,0.3333,3,1,47.33,youtube_suggest,2026-09-12 20:13:25.521795
5294,63,105,bamboo forest fire,0.3333,3,1,47.33,youtube_suggest,2026-09-12 20:13:25.521933
5295,63,105,bamboo forest fight,0.3333,3,1,47.33,youtube_suggest,2026-09-12 20:13:25.522064
5296,63,105,bamboo forest frontier,0.3333,3,1,47.33,youtube_suggest,2026-09-12 20:13:25.522194
5297,63,105,bamboo forest footage,0.3333,3,1,47.33,youtube_suggest,2026-09-12 20:13:25.522323
5298,63,105,bamboo forest angry birds,0.2857,4,1,46.0,youtube_suggest,2026-09-12 20:13:25.522464
5299,63,105,bamboo forest acrylic painting,0.2857,4,1,46.0,youtube_suggest,2026-09-12 20:13:25.522593
5300,63,105,bamboo forest minecraft build,0.2857,4,1,46.0,youtube_suggest,2026-09-12 20:13:25.522723
5301,63,105,bamboo forest chinese girl,0.2857,4,1,46.0,youtube_suggest,2026-09-12 20:13:25.522853
5302,63,105,bamboo forest coorg malayalam,0.2857,4,1,46.0,youtube_suggest,2026-09-12 20:13:25.522988
5303,63,105,bamboo forest coorg shopping,0.2857,4,1,46.0,youtube_suggest,2026-09-12 20:13:25.523121
5304,63,105,bamboo forest drawing easy,0.2857,4,1,46.0,youtube_suggest,2026-09-12 20:13:25.523276
5305,63,105,bamboo forest sound effect,0.2857,4,1,46.0,youtube_suggest,2026-09-12 20:13:25.528973
5306,63,105,bamboo forest fight scene,0.2857,4,1,46.0,youtube_suggest,2026-09-12 20:13:25.529155
5307,63,105,bamboo forest fox puzzle,0.2857,4,1,46.0,youtube_suggest,2026-09-12 20:13:25.529324
5308,63,105,bamboo forest full album,0.2857,4,1,46.0,youtube_suggest,2026-09-12 20:13:25.529485
5309,63,105,bamboo forest flying stars,0.2857,4,1,46.0,youtube_suggest,2026-09-12 20:13:25.529623
5310,63,105,bamboo forest crouching tiger hidden dragon,0.2222,6,1,45.56,youtube_suggest,2026-09-12 20:13:25.529759
5311,64,106,jade cocoon spider forest,0.4286,4,1,56.0,youtube_suggest,2026-09-12 20:16:26.096349
5312,64,106,mr queen bamboo forest ep 1,0.2857,6,1,50.0,youtube_suggest,2026-09-12 20:16:26.099318
5313,64,106,mr queen bamboo forest ep 2,0.2857,6,1,50.0,youtube_suggest,2026-09-12 20:16:26.099650
5314,64,106,mr queen bamboo forest ep 3,0.2857,6,1,50.0,youtube_suggest,2026-09-12 20:16:26.099843
5315,64,106,bamboo forest of the full moon,0.25,6,1,47.5,youtube_suggest,2026-09-12 20:16:26.100030
5316,64,106,get to the bamboo forest division 2,0.25,7,1,47.5,youtube_suggest,2026-09-12 20:16:26.100441
5317,64,106,bamboo forest in flames,0.2857,4,1,46.0,youtube_suggest,2026-09-12 20:16:26.100675
5318,64,106,bamboo forest at night,0.2857,4,1,46.0,youtube_suggest,2026-09-12 20:16:26.100850
5319,64,106,bamboo forest background video,0.2857,4,1,46.0,youtube_suggest,2026-09-12 20:16:26.101004
5320,64,106,bamboo forest choose your world,0.25,5,1,45.5,youtube_suggest,2026-09-12 20:16:26.101144
5321,64,106,bamboo forest elif & sanoi,0.25,5,1,45.5,youtube_suggest,2026-09-12 20:16:26.101296
5322,64,106,bamboo forest unreal engine 5,0.25,5,1,45.5,youtube_suggest,2026-09-12 20:16:26.101444
5323,64,106,bamboo forest shadow fight 3,0.25,5,1,45.5,youtube_suggest,2026-09-12 20:16:26.101584
5324,64,106,bamboo forest sounds,0.2857,3,1,44.0,youtube_suggest,2026-09-12 20:16:26.104723
5325,64,106,bamboo forest kyoto,0.2857,3,1,44.0,youtube_suggest,2026-09-12 20:16:26.104975
5326,64,106,bamboo forest japan,0.2857,3,1,44.0,youtube_suggest,2026-09-12 20:16:26.105133
5327,64,106,bamboo forest maui,0.2857,3,1,44.0,youtube_suggest,2026-09-12 20:16:26.105369
5328,64,106,bamboo forest atlanta,0.2857,3,1,44.0,youtube_suggest,2026-09-12 20:16:26.105522
5329,64,106,bamboo forest minecraft,0.2857,3,1,44.0,youtube_suggest,2026-09-12 20:16:26.105667
5330,64,106,bamboo forest aquarium,0.2857,3,1,44.0,youtube_suggest,2026-09-12 20:16:26.105887
5331,64,106,bamboo forest ambience,0.2857,3,1,44.0,youtube_suggest,2026-09-12 20:16:26.106155
5332,64,106,bamboo forest animals,0.2857,3,1,44.0,youtube_suggest,2026-09-12 20:16:26.106380
5333,64,106,bamboo forest asmr,0.2857,3,1,44.0,youtube_suggest,2026-09-12 20:16:26.106541
5334,64,106,bamboo forest acnh,0.2857,3,1,44.0,youtube_suggest,2026-09-12 20:16:26.106885
5335,64,106,bamboo forest aquascape,0.2857,3,1,44.0,youtube_suggest,2026-09-12 20:16:26.107102
5336,64,106,bamboo forest bonsai,0.2857,3,1,44.0,youtube_suggest,2026-09-12 20:16:26.107385
5337,64,106,bamboo forest background,0.2857,3,1,44.0,youtube_suggest,2026-09-12 20:16:26.107545
5338,64,106,bamboo forest build,0.2857,3,1,44.0,youtube_suggest,2026-09-12 20:16:26.107688
5339,64,106,bamboo forest breath,0.2857,3,1,44.0,youtube_suggest,2026-09-12 20:16:26.107840
5340,64,106,bamboo forest baguio,0.2857,3,1,44.0,youtube_suggest,2026-09-12 20:16:26.107978
5341,64,106,bamboo forest bali,0.2857,3,1,44.0,youtube_suggest,2026-09-12 20:16:26.108181
5342,64,106,bamboo forest bangalore,0.2857,3,1,44.0,youtube_suggest,2026-09-12 20:16:26.108367
5343,64,106,bamboo forest china,0.2857,3,1,44.0,youtube_suggest,2026-09-12 20:16:26.108502
5344,64,106,bamboo forest crouching tiger hidden dragon,0.2,6,1,44.0,youtube_suggest,2026-09-12 20:16:26.115951
5345,64,106,bamboo forest coorg,0.2857,3,1,44.0,youtube_suggest,2026-09-12 20:16:26.116286
5346,64,106,bamboo forest chittoor,0.2857,3,1,44.0,youtube_suggest,2026-09-12 20:16:26.116733
5347,64,106,bamboo forest camping,0.2857,3,1,44.0,youtube_suggest,2026-09-12 20:16:26.116917
5348,64,106,bamboo forest diorama,0.2857,3,1,44.0,youtube_suggest,2026-09-12 20:16:26.117057
5349,64,106,bamboo forest drawing,0.2857,3,1,44.0,youtube_suggest,2026-09-12 20:16:26.117243
5350,64,106,bamboo forest deuter,0.2857,3,1,44.0,youtube_suggest,2026-09-12 20:16:26.117375
5351,64,106,bamboo forest dakhva,0.2857,3,1,44.0,youtube_suggest,2026-09-12 20:16:26.117505
5352,64,106,damyang bamboo forest,0.2857,3,1,44.0,youtube_suggest,2026-09-12 20:16:26.117672
5353,64,106,bamboo forest discover,0.2857,3,1,44.0,youtube_suggest,2026-09-12 20:16:26.117823
5354,64,106,eystreem bamboo forest,0.2857,3,1,44.0,youtube_suggest,2026-09-12 20:16:26.117960
5355,64,106,endfield bamboo forest,0.2857,3,1,44.0,youtube_suggest,2026-09-12 20:16:26.118092
5356,64,106,bamboo forest fire,0.2857,3,1,44.0,youtube_suggest,2026-09-12 20:16:26.118221
5357,64,106,bamboo forest fight,0.2857,3,1,44.0,youtube_suggest,2026-09-12 20:16:26.118350
5358,64,106,bamboo forest frontier,0.2857,3,1,44.0,youtube_suggest,2026-09-12 20:16:26.118478
5359,64,106,bamboo forest footage,0.2857,3,1,44.0,youtube_suggest,2026-09-12 20:16:26.118602
5360,64,106,jade jumping spider,0.2857,3,1,44.0,youtube_suggest,2026-09-12 20:16:26.118731
5361,64,106,arashiyama bamboo forest japan december,0.2222,5,1,43.56,youtube_suggest,2026-09-12 20:16:26.118873
5362,64,106,bamboo forest angry birds,0.25,4,1,43.5,youtube_suggest,2026-09-12 20:16:26.118998
5363,64,106,bamboo forest acrylic painting,0.25,4,1,43.5,youtube_suggest,2026-09-12 20:16:26.119125
5364,64,106,bamboo forest minecraft build,0.25,4,1,43.5,youtube_suggest,2026-09-12 20:16:26.119250
5365,64,106,bamboo forest chinese girl,0.25,4,1,43.5,youtube_suggest,2026-09-12 20:16:26.119379
5366,64,106,bamboo forest coorg malayalam,0.25,4,1,43.5,youtube_suggest,2026-09-12 20:16:26.128977
5367,64,106,bamboo forest coorg shopping,0.25,4,1,43.5,youtube_suggest,2026-09-12 20:16:26.129344
5368,64,106,bamboo forest drawing easy,0.25,4,1,43.5,youtube_suggest,2026-09-12 20:16:26.129508
5369,64,106,bamboo forest sound effect,0.25,4,1,43.5,youtube_suggest,2026-09-12 20:16:26.129646
5370,64,106,bamboo forest fight scene,0.25,4,1,43.5,youtube_suggest,2026-09-12 20:16:26.129794
5371,65,107,the bamboo forest,0.5,3,1,59.0,youtube_suggest,2026-09-12 20:20:02.783162
5372,65,107,mr queen bamboo forest ep 1,0.4,6,1,58.0,youtube_suggest,2026-09-12 20:20:02.783719
5373,65,107,mr queen bamboo forest ep 2,0.4,6,1,58.0,youtube_suggest,2026-09-12 20:20:02.784043
5374,65,107,mr queen bamboo forest ep 3,0.4,6,1,58.0,youtube_suggest,2026-09-12 20:20:02.784330
5375,65,107,bamboo forest in flames,0.4,4,1,54.0,youtube_suggest,2026-09-12 20:20:02.784699
5376,65,107,bamboo forest at night,0.4,4,1,54.0,youtube_suggest,2026-09-12 20:20:02.784906
5377,65,107,bamboo forest background video,0.4,4,1,54.0,youtube_suggest,2026-09-12 20:20:02.785057
5378,65,107,through the bamboo forest,0.4,4,1,54.0,youtube_suggest,2026-09-12 20:20:02.785198
5379,65,107,bamboo forest of the full moon,0.3333,6,1,53.33,youtube_suggest,2026-09-12 20:20:02.785340
5380,65,107,get to the bamboo forest division 2,0.3333,7,1,53.33,youtube_suggest,2026-09-12 20:20:02.785496
5381,65,107,bamboo forest sounds,0.4,3,1,52.0,youtube_suggest,2026-09-12 20:20:02.785664
5382,65,107,bamboo forest kyoto,0.4,3,1,52.0,youtube_suggest,2026-09-12 20:20:02.785932
5383,65,107,bamboo forest japan,0.4,3,1,52.0,youtube_suggest,2026-09-12 20:20:02.786117
5384,65,107,bamboo forest maui,0.4,3,1,52.0,youtube_suggest,2026-09-12 20:20:02.786298
5385,65,107,bamboo forest atlanta,0.4,3,1,52.0,youtube_suggest,2026-09-12 20:20:02.786476
5386,65,107,bamboo forest minecraft,0.4,3,1,52.0,youtube_suggest,2026-09-12 20:20:02.786672
5387,65,107,bamboo forest aquarium,0.4,3,1,52.0,youtube_suggest,2026-09-12 20:20:02.786931
5388,65,107,bamboo forest ambience,0.4,3,1,52.0,youtube_suggest,2026-09-12 20:20:02.787114
5389,65,107,bamboo forest animals,0.4,3,1,52.0,youtube_suggest,2026-09-12 20:20:02.787346
5390,65,107,bamboo forest asmr,0.4,3,1,52.0,youtube_suggest,2026-09-12 20:20:02.787541
5391,65,107,bamboo forest acnh,0.4,3,1,52.0,youtube_suggest,2026-09-12 20:20:02.787739
5392,65,107,bamboo forest aquascape,0.4,3,1,52.0,youtube_suggest,2026-09-12 20:20:02.787950
5393,65,107,bamboo forest bonsai,0.4,3,1,52.0,youtube_suggest,2026-09-12 20:20:02.788188
5394,65,107,bamboo forest background,0.4,3,1,52.0,youtube_suggest,2026-09-12 20:20:02.788390
5395,65,107,bamboo forest build,0.4,3,1,52.0,youtube_suggest,2026-09-12 20:20:02.788612
5396,65,107,bamboo forest breath,0.4,3,1,52.0,youtube_suggest,2026-09-12 20:20:02.788801
5397,65,107,bamboo forest baguio,0.4,3,1,52.0,youtube_suggest,2026-09-12 20:20:02.789135
5398,65,107,bamboo forest bali,0.4,3,1,52.0,youtube_suggest,2026-09-12 20:20:02.789302
5399,65,107,bamboo forest bangalore,0.4,3,1,52.0,youtube_suggest,2026-09-12 20:20:02.789535
5400,65,107,bamboo forest china,0.4,3,1,52.0,youtube_suggest,2026-09-12 20:20:02.789768
5401,65,107,bamboo forest coorg,0.4,3,1,52.0,youtube_suggest,2026-09-12 20:20:02.790106
5402,65,107,bamboo forest chittoor,0.4,3,1,52.0,youtube_suggest,2026-09-12 20:20:02.790474
5403,65,107,bamboo forest camping,0.4,3,1,52.0,youtube_suggest,2026-09-12 20:20:02.791208
5404,65,107,bamboo forest diorama,0.4,3,1,52.0,youtube_suggest,2026-09-12 20:20:02.791593
5405,65,107,bamboo forest drawing,0.4,3,1,52.0,youtube_suggest,2026-09-12 20:20:02.791830
5406,65,107,bamboo forest deuter,0.4,3,1,52.0,youtube_suggest,2026-09-12 20:20:02.792010
5407,65,107,bamboo forest dakhva,0.4,3,1,52.0,youtube_suggest,2026-09-12 20:20:02.792159
5408,65,107,damyang bamboo forest,0.4,3,1,52.0,youtube_suggest,2026-09-12 20:20:02.792297
5409,65,107,bamboo forest discover,0.4,3,1,52.0,youtube_suggest,2026-09-12 20:20:02.792455
5410,65,107,eystreem bamboo forest,0.4,3,1,52.0,youtube_suggest,2026-09-12 20:20:02.792843
5411,65,107,endfield bamboo forest,0.4,3,1,52.0,youtube_suggest,2026-09-12 20:20:02.793047
5412,65,107,bamboo forest fire,0.4,3,1,52.0,youtube_suggest,2026-09-12 20:20:02.793241
5413,65,107,bamboo forest fight,0.4,3,1,52.0,youtube_suggest,2026-09-12 20:20:02.793448
5414,65,107,bamboo forest frontier,0.4,3,1,52.0,youtube_suggest,2026-09-12 20:20:02.793644
5415,65,107,bamboo forest footage,0.4,3,1,52.0,youtube_suggest,2026-09-12 20:20:02.793832
5416,65,107,bamboo forest choose your world,0.3333,5,1,51.33,youtube_suggest,2026-09-12 20:20:02.794022
5417,65,107,bamboo forest elif & sanoi,0.3333,5,1,51.33,youtube_suggest,2026-09-12 20:20:02.794209
5418,65,107,bamboo forest unreal engine 5,0.3333,5,1,51.33,youtube_suggest,2026-09-12 20:20:02.794407
5419,65,107,bamboo forest shadow fight 3,0.3333,5,1,51.33,youtube_suggest,2026-09-12 20:20:02.794597
5420,65,107,bamboo forest angry birds,0.3333,4,1,49.33,youtube_suggest,2026-09-12 20:20:02.794781
5421,65,107,bamboo forest acrylic painting,0.3333,4,1,49.33,youtube_suggest,2026-09-12 20:20:02.794967
5422,65,107,bamboo forest minecraft build,0.3333,4,1,49.33,youtube_suggest,2026-09-12 20:20:02.795149
5423,65,107,bamboo forest chinese girl,0.3333,4,1,49.33,youtube_suggest,2026-09-12 20:20:02.795333
5424,65,107,bamboo forest coorg malayalam,0.3333,4,1,49.33,youtube_suggest,2026-09-12 20:20:02.795533
5425,65,107,bamboo forest coorg shopping,0.3333,4,1,49.33,youtube_suggest,2026-09-12 20:20:02.795715
5426,65,107,bamboo forest drawing easy,0.3333,4,1,49.33,youtube_suggest,2026-09-12 20:20:02.795897
5427,65,107,bamboo forest sound effect,0.3333,4,1,49.33,youtube_suggest,2026-09-12 20:20:02.796086
5428,65,107,bamboo forest fight scene,0.3333,4,1,49.33,youtube_suggest,2026-09-12 20:20:02.796289
5429,65,107,bamboo forest fox puzzle,0.3333,4,1,49.33,youtube_suggest,2026-09-12 20:20:02.796492
5430,65,107,bamboo forest full album,0.3333,4,1,49.33,youtube_suggest,2026-09-12 20:20:02.796715
5431,66,108,bamboo forest unreal engine 5,0.4286,5,1,58.0,youtube_suggest,2026-09-12 20:23:06.298860
5432,66,108,mr queen bamboo forest ep 1,0.2857,6,1,50.0,youtube_suggest,2026-09-12 20:23:06.301800
5433,66,108,mr queen bamboo forest ep 2,0.2857,6,1,50.0,youtube_suggest,2026-09-12 20:23:06.303198
5434,66,108,mr queen bamboo forest ep 3,0.2857,6,1,50.0,youtube_suggest,2026-09-12 20:23:06.304128
5435,66,108,bamboo forest of the full moon,0.25,6,1,47.5,youtube_suggest,2026-09-12 20:23:06.304989
5436,66,108,get to the bamboo forest division 2,0.25,7,1,47.5,youtube_suggest,2026-09-12 20:23:06.305221
5437,66,108,bamboo forest in flames,0.2857,4,1,46.0,youtube_suggest,2026-09-12 20:23:06.306897
5438,66,108,bamboo forest at night,0.2857,4,1,46.0,youtube_suggest,2026-09-12 20:23:06.307120
5439,66,108,bamboo forest background video,0.2857,4,1,46.0,youtube_suggest,2026-09-12 20:23:06.307326
5440,66,108,bamboo forest choose your world,0.25,5,1,45.5,youtube_suggest,2026-09-12 20:23:06.307516
5441,66,108,bamboo forest elif & sanoi,0.25,5,1,45.5,youtube_suggest,2026-09-12 20:23:06.307849
5442,66,108,bamboo forest shadow fight 3,0.25,5,1,45.5,youtube_suggest,2026-09-12 20:23:06.308028
5443,66,108,bamboo forest sounds,0.2857,3,1,44.0,youtube_suggest,2026-09-12 20:23:06.308227
5444,66,108,bamboo forest kyoto,0.2857,3,1,44.0,youtube_suggest,2026-09-12 20:23:06.308414
5445,66,108,bamboo forest japan,0.2857,3,1,44.0,youtube_suggest,2026-09-12 20:23:06.311405
5446,66,108,bamboo forest maui,0.2857,3,1,44.0,youtube_suggest,2026-09-12 20:23:06.311652
5447,66,108,bamboo forest atlanta,0.2857,3,1,44.0,youtube_suggest,2026-09-12 20:23:06.311844
5448,66,108,bamboo forest minecraft,0.2857,3,1,44.0,youtube_suggest,2026-09-12 20:23:06.312160
5449,66,108,bamboo forest aquarium,0.2857,3,1,44.0,youtube_suggest,2026-09-12 20:23:06.312432
5450,66,108,bamboo forest ambience,0.2857,3,1,44.0,youtube_suggest,2026-09-12 20:23:06.312660
5451,66,108,bamboo forest animals,0.2857,3,1,44.0,youtube_suggest,2026-09-12 20:23:06.312855
5452,66,108,bamboo forest asmr,0.2857,3,1,44.0,youtube_suggest,2026-09-12 20:23:06.313043
5453,66,108,bamboo forest acnh,0.2857,3,1,44.0,youtube_suggest,2026-09-12 20:23:06.313285
5454,66,108,bamboo forest aquascape,0.2857,3,1,44.0,youtube_suggest,2026-09-12 20:23:06.313485
5455,66,108,bamboo forest bonsai,0.2857,3,1,44.0,youtube_suggest,2026-09-12 20:23:06.313813
5456,66,108,bamboo forest background,0.2857,3,1,44.0,youtube_suggest,2026-09-12 20:23:06.314005
5457,66,108,bamboo forest build,0.2857,3,1,44.0,youtube_suggest,2026-09-12 20:23:06.314197
5458,66,108,bamboo forest breath,0.2857,3,1,44.0,youtube_suggest,2026-09-12 20:23:06.314390
5459,66,108,bamboo forest baguio,0.2857,3,1,44.0,youtube_suggest,2026-09-12 20:23:06.314559
5460,66,108,bamboo forest bali,0.2857,3,1,44.0,youtube_suggest,2026-09-12 20:23:06.314742
5461,66,108,bamboo forest bangalore,0.2857,3,1,44.0,youtube_suggest,2026-09-12 20:23:06.314913
5462,66,108,bamboo forest china,0.2857,3,1,44.0,youtube_suggest,2026-09-12 20:23:06.315258
5463,66,108,bamboo forest crouching tiger hidden dragon,0.2,6,1,44.0,youtube_suggest,2026-09-12 20:23:06.319945
5464,66,108,bamboo forest coorg,0.2857,3,1,44.0,youtube_suggest,2026-09-12 20:23:06.320213
5465,66,108,bamboo forest chittoor,0.2857,3,1,44.0,youtube_suggest,2026-09-12 20:23:06.324665
5466,66,108,bamboo forest camping,0.2857,3,1,44.0,youtube_suggest,2026-09-12 20:23:06.325178
5467,66,108,bamboo forest diorama,0.2857,3,1,44.0,youtube_suggest,2026-09-12 20:23:06.325429
5468,66,108,bamboo forest drawing,0.2857,3,1,44.0,youtube_suggest,2026-09-12 20:23:06.325626
5469,66,108,bamboo forest deuter,0.2857,3,1,44.0,youtube_suggest,2026-09-12 20:23:06.325815
5470,66,108,bamboo forest dakhva,0.2857,3,1,44.0,youtube_suggest,2026-09-12 20:23:06.326000
5471,66,108,damyang bamboo forest,0.2857,3,1,44.0,youtube_suggest,2026-09-12 20:23:06.326183
5472,66,108,bamboo forest discover,0.2857,3,1,44.0,youtube_suggest,2026-09-12 20:23:06.326382
5473,66,108,eystreem bamboo forest,0.2857,3,1,44.0,youtube_suggest,2026-09-12 20:23:06.326811
5474,66,108,endfield bamboo forest,0.2857,3,1,44.0,youtube_suggest,2026-09-12 20:23:06.327005
5475,66,108,bamboo forest fire,0.2857,3,1,44.0,youtube_suggest,2026-09-12 20:23:06.327186
5476,66,108,bamboo forest fight,0.2857,3,1,44.0,youtube_suggest,2026-09-12 20:23:06.327381
5477,66,108,bamboo forest frontier,0.2857,3,1,44.0,youtube_suggest,2026-09-12 20:23:06.327560
5478,66,108,bamboo forest footage,0.2857,3,1,44.0,youtube_suggest,2026-09-12 20:23:06.327942
5479,66,108,hollow stem auger,0.2857,3,1,44.0,youtube_suggest,2026-09-12 20:23:06.328164
5480,66,108,arashiyama bamboo forest japan december,0.2222,5,1,43.56,youtube_suggest,2026-09-12 20:23:06.328359
5481,66,108,bamboo forest angry birds,0.25,4,1,43.5,youtube_suggest,2026-09-12 20:23:06.329382
5482,66,108,bamboo forest acrylic painting,0.25,4,1,43.5,youtube_suggest,2026-09-12 20:23:06.329676
5483,66,108,bamboo forest minecraft build,0.25,4,1,43.5,youtube_suggest,2026-09-12 20:23:06.329865
5484,66,108,bamboo forest chinese girl,0.25,4,1,43.5,youtube_suggest,2026-09-12 20:23:06.330049
5485,66,108,bamboo forest coorg malayalam,0.25,4,1,43.5,youtube_suggest,2026-09-12 20:23:06.330238
5486,66,108,bamboo forest coorg shopping,0.25,4,1,43.5,youtube_suggest,2026-09-12 20:23:06.330420
5487,66,108,bamboo forest drawing easy,0.25,4,1,43.5,youtube_suggest,2026-09-12 20:23:06.330677
5488,66,108,bamboo forest sound effect,0.25,4,1,43.5,youtube_suggest,2026-09-12 20:23:06.331091
5489,66,108,bamboo forest fight scene,0.25,4,1,43.5,youtube_suggest,2026-09-12 20:23:06.331300
5490,66,108,bamboo forest fox puzzle,0.25,4,1,43.5,youtube_suggest,2026-09-12 20:23:06.331481
5491,67,109,mr queen bamboo forest ep 1,0.3333,6,1,53.33,youtube_suggest,2026-09-12 20:26:01.177682
5492,67,109,mr queen bamboo forest ep 2,0.3333,6,1,53.33,youtube_suggest,2026-09-12 20:26:01.177983
5493,67,109,mr queen bamboo forest ep 3,0.3333,6,1,53.33,youtube_suggest,2026-09-12 20:26:01.178296
5494,67,109,bamboo forest of the full moon,0.2857,6,1,50.0,youtube_suggest,2026-09-12 20:26:01.178459
5495,67,109,get to the bamboo forest division 2,0.2857,7,1,50.0,youtube_suggest,2026-09-12 20:26:01.178612
5496,67,109,bamboo forest in flames,0.3333,4,1,49.33,youtube_suggest,2026-09-12 20:26:01.178830
5497,67,109,bamboo forest at night,0.3333,4,1,49.33,youtube_suggest,2026-09-12 20:26:01.179035
5498,67,109,bamboo forest background video,0.3333,4,1,49.33,youtube_suggest,2026-09-12 20:26:01.179255
5499,67,109,bamboo forest choose your world,0.2857,5,1,48.0,youtube_suggest,2026-09-12 20:26:01.179424
5500,67,109,bamboo forest elif & sanoi,0.2857,5,1,48.0,youtube_suggest,2026-09-12 20:26:01.179566
5501,67,109,bamboo forest unreal engine 5,0.2857,5,1,48.0,youtube_suggest,2026-09-12 20:26:01.179721
5502,67,109,bamboo forest shadow fight 3,0.2857,5,1,48.0,youtube_suggest,2026-09-12 20:26:01.179960
5503,67,109,bamboo forest sounds,0.3333,3,1,47.33,youtube_suggest,2026-09-12 20:26:01.180099
5504,67,109,bamboo forest kyoto,0.3333,3,1,47.33,youtube_suggest,2026-09-12 20:26:01.180224
5505,67,109,bamboo forest japan,0.3333,3,1,47.33,youtube_suggest,2026-09-12 20:26:01.180353
5506,67,109,bamboo forest maui,0.3333,3,1,47.33,youtube_suggest,2026-09-12 20:26:01.180484
5507,67,109,bamboo forest atlanta,0.3333,3,1,47.33,youtube_suggest,2026-09-12 20:26:01.199435
5508,67,109,bamboo forest minecraft,0.3333,3,1,47.33,youtube_suggest,2026-09-12 20:26:01.199647
5509,67,109,bamboo forest aquarium,0.3333,3,1,47.33,youtube_suggest,2026-09-12 20:26:01.199790
5510,67,109,bamboo forest ambience,0.3333,3,1,47.33,youtube_suggest,2026-09-12 20:26:01.199928
5511,67,109,bamboo forest animals,0.3333,3,1,47.33,youtube_suggest,2026-09-12 20:26:01.200062
5512,67,109,bamboo forest asmr,0.3333,3,1,47.33,youtube_suggest,2026-09-12 20:26:01.200195
5513,67,109,bamboo forest acnh,0.3333,3,1,47.33,youtube_suggest,2026-09-12 20:26:01.200335
5514,67,109,bamboo forest aquascape,0.3333,3,1,47.33,youtube_suggest,2026-09-12 20:26:01.200482
5515,67,109,bamboo forest bonsai,0.3333,3,1,47.33,youtube_suggest,2026-09-12 20:26:01.202030
5516,67,109,bamboo forest background,0.3333,3,1,47.33,youtube_suggest,2026-09-12 20:26:01.202211
5517,67,109,bamboo forest build,0.3333,3,1,47.33,youtube_suggest,2026-09-12 20:26:01.202357
5518,67,109,bamboo forest breath,0.3333,3,1,47.33,youtube_suggest,2026-09-12 20:26:01.202512
5519,67,109,bamboo forest baguio,0.3333,3,1,47.33,youtube_suggest,2026-09-12 20:26:01.202652
5520,67,109,bamboo forest bali,0.3333,3,1,47.33,youtube_suggest,2026-09-12 20:26:01.202791
5521,67,109,bamboo forest bangalore,0.3333,3,1,47.33,youtube_suggest,2026-09-12 20:26:01.202929
5522,67,109,bamboo forest china,0.3333,3,1,47.33,youtube_suggest,2026-09-12 20:26:01.204710
5523,67,109,bamboo forest coorg,0.3333,3,1,47.33,youtube_suggest,2026-09-12 20:26:01.204970
5524,67,109,bamboo forest chittoor,0.3333,3,1,47.33,youtube_suggest,2026-09-12 20:26:01.205168
5525,67,109,bamboo forest camping,0.3333,3,1,47.33,youtube_suggest,2026-09-12 20:26:01.205340
5526,67,109,bamboo forest diorama,0.3333,3,1,47.33,youtube_suggest,2026-09-12 20:26:01.205522
5527,67,109,bamboo forest drawing,0.3333,3,1,47.33,youtube_suggest,2026-09-12 20:26:01.205687
5528,67,109,bamboo forest deuter,0.3333,3,1,47.33,youtube_suggest,2026-09-12 20:26:01.205830
5529,67,109,bamboo forest dakhva,0.3333,3,1,47.33,youtube_suggest,2026-09-12 20:26:01.205977
5530,67,109,damyang bamboo forest,0.3333,3,1,47.33,youtube_suggest,2026-09-12 20:26:01.206108
5531,67,109,bamboo forest discover,0.3333,3,1,47.33,youtube_suggest,2026-09-12 20:26:01.206225
5532,67,109,eystreem bamboo forest,0.3333,3,1,47.33,youtube_suggest,2026-09-12 20:26:01.206343
5533,67,109,endfield bamboo forest,0.3333,3,1,47.33,youtube_suggest,2026-09-12 20:26:01.206514
5534,67,109,bamboo forest fire,0.3333,3,1,47.33,youtube_suggest,2026-09-12 20:26:01.206786
5535,67,109,bamboo forest fight,0.3333,3,1,47.33,youtube_suggest,2026-09-12 20:26:01.206952
5536,67,109,bamboo forest frontier,0.3333,3,1,47.33,youtube_suggest,2026-09-12 20:26:01.207129
5537,67,109,bamboo forest footage,0.3333,3,1,47.33,youtube_suggest,2026-09-12 20:26:01.207256
5538,67,109,bamboo forest angry birds,0.2857,4,1,46.0,youtube_suggest,2026-09-12 20:26:01.207418
5539,67,109,bamboo forest acrylic painting,0.2857,4,1,46.0,youtube_suggest,2026-09-12 20:26:01.207579
5540,67,109,bamboo forest minecraft build,0.2857,4,1,46.0,youtube_suggest,2026-09-12 20:26:01.207748
5541,67,109,bamboo forest chinese girl,0.2857,4,1,46.0,youtube_suggest,2026-09-12 20:26:01.207889
5542,67,109,bamboo forest coorg malayalam,0.2857,4,1,46.0,youtube_suggest,2026-09-12 20:26:01.208035
5543,67,109,bamboo forest coorg shopping,0.2857,4,1,46.0,youtube_suggest,2026-09-12 20:26:01.208272
5544,67,109,bamboo forest drawing easy,0.2857,4,1,46.0,youtube_suggest,2026-09-12 20:26:01.220788
5545,67,109,bamboo forest sound effect,0.2857,4,1,46.0,youtube_suggest,2026-09-12 20:26:01.221164
5546,67,109,bamboo forest fight scene,0.2857,4,1,46.0,youtube_suggest,2026-09-12 20:26:01.221557
5547,67,109,bamboo forest fox puzzle,0.2857,4,1,46.0,youtube_suggest,2026-09-12 20:26:01.221836
5548,67,109,bamboo forest full album,0.2857,4,1,46.0,youtube_suggest,2026-09-12 20:26:01.221994
5549,67,109,bamboo forest flying stars,0.2857,4,1,46.0,youtube_suggest,2026-09-12 20:26:01.222146
5550,67,109,bamboo forest crouching tiger hidden dragon,0.2222,6,1,45.56,youtube_suggest,2026-09-12 20:26:01.222303
5551,68,110,mr queen bamboo forest ep 1,0.3333,6,1,53.33,youtube_suggest,2026-09-12 20:33:43.845673
5552,68,110,mr queen bamboo forest ep 2,0.3333,6,1,53.33,youtube_suggest,2026-09-12 20:33:43.845976
5553,68,110,mr queen bamboo forest ep 3,0.3333,6,1,53.33,youtube_suggest,2026-09-12 20:33:43.846187
5554,68,110,bamboo forest of the full moon,0.2857,6,1,50.0,youtube_suggest,2026-09-12 20:33:43.846380
5555,68,110,get to the bamboo forest division 2,0.2857,7,1,50.0,youtube_suggest,2026-09-12 20:33:43.846572
5556,68,110,bamboo forest in flames,0.3333,4,1,49.33,youtube_suggest,2026-09-12 20:33:43.846758
5557,68,110,bamboo forest at night,0.3333,4,1,49.33,youtube_suggest,2026-09-12 20:33:43.846966
5558,68,110,bamboo forest background video,0.3333,4,1,49.33,youtube_suggest,2026-09-12 20:33:43.847236
5559,68,110,bamboo forest choose your world,0.2857,5,1,48.0,youtube_suggest,2026-09-12 20:33:43.847416
5560,68,110,bamboo forest elif & sanoi,0.2857,5,1,48.0,youtube_suggest,2026-09-12 20:33:43.847687
5561,68,110,bamboo forest unreal engine 5,0.2857,5,1,48.0,youtube_suggest,2026-09-12 20:33:43.847885
5562,68,110,bamboo forest shadow fight 3,0.2857,5,1,48.0,youtube_suggest,2026-09-12 20:33:43.848096
5563,68,110,bamboo forest sounds,0.3333,3,1,47.33,youtube_suggest,2026-09-12 20:33:43.851963
5564,68,110,bamboo forest kyoto,0.3333,3,1,47.33,youtube_suggest,2026-09-12 20:33:43.852317
5565,68,110,bamboo forest japan,0.3333,3,1,47.33,youtube_suggest,2026-09-12 20:33:43.852563
5566,68,110,bamboo forest maui,0.3333,3,1,47.33,youtube_suggest,2026-09-12 20:33:43.857074
5567,68,110,bamboo forest atlanta,0.3333,3,1,47.33,youtube_suggest,2026-09-12 20:33:43.857289
5568,68,110,bamboo forest minecraft,0.3333,3,1,47.33,youtube_suggest,2026-09-12 20:33:43.857483
5569,68,110,bamboo forest aquarium,0.3333,3,1,47.33,youtube_suggest,2026-09-12 20:33:43.857779
5570,68,110,bamboo forest ambience,0.3333,3,1,47.33,youtube_suggest,2026-09-12 20:33:43.857993
5571,68,110,bamboo forest animals,0.3333,3,1,47.33,youtube_suggest,2026-09-12 20:33:43.858136
5572,68,110,bamboo forest asmr,0.3333,3,1,47.33,youtube_suggest,2026-09-12 20:33:43.858283
5573,68,110,bamboo forest acnh,0.3333,3,1,47.33,youtube_suggest,2026-09-12 20:33:43.858431
5574,68,110,bamboo forest aquascape,0.3333,3,1,47.33,youtube_suggest,2026-09-12 20:33:43.858576
5575,68,110,bamboo forest bonsai,0.3333,3,1,47.33,youtube_suggest,2026-09-12 20:33:43.858751
5576,68,110,bamboo forest background,0.3333,3,1,47.33,youtube_suggest,2026-09-12 20:33:43.858966
5577,68,110,bamboo forest build,0.3333,3,1,47.33,youtube_suggest,2026-09-12 20:33:43.859158
5578,68,110,bamboo forest breath,0.3333,3,1,47.33,youtube_suggest,2026-09-12 20:33:43.859340
5579,68,110,bamboo forest baguio,0.3333,3,1,47.33,youtube_suggest,2026-09-12 20:33:43.859663
5580,68,110,bamboo forest bali,0.3333,3,1,47.33,youtube_suggest,2026-09-12 20:33:43.859859
5581,68,110,bamboo forest bangalore,0.3333,3,1,47.33,youtube_suggest,2026-09-12 20:33:43.860061
5582,68,110,bamboo forest china,0.3333,3,1,47.33,youtube_suggest,2026-09-12 20:33:43.860240
5583,68,110,bamboo forest coorg,0.3333,3,1,47.33,youtube_suggest,2026-09-12 20:33:43.860419
5584,68,110,bamboo forest chittoor,0.3333,3,1,47.33,youtube_suggest,2026-09-12 20:33:43.860636
5585,68,110,bamboo forest camping,0.3333,3,1,47.33,youtube_suggest,2026-09-12 20:33:43.860815
5586,68,110,bamboo forest diorama,0.3333,3,1,47.33,youtube_suggest,2026-09-12 20:33:43.861010
5587,68,110,bamboo forest drawing,0.3333,3,1,47.33,youtube_suggest,2026-09-12 20:33:43.861191
5588,68,110,bamboo forest deuter,0.3333,3,1,47.33,youtube_suggest,2026-09-12 20:33:43.861368
5589,68,110,bamboo forest dakhva,0.3333,3,1,47.33,youtube_suggest,2026-09-12 20:33:43.861540
5590,68,110,damyang bamboo forest,0.3333,3,1,47.33,youtube_suggest,2026-09-12 20:33:43.861713
5591,68,110,bamboo forest discover,0.3333,3,1,47.33,youtube_suggest,2026-09-12 20:33:43.864642
5592,68,110,eystreem bamboo forest,0.3333,3,1,47.33,youtube_suggest,2026-09-12 20:33:43.865029
5593,68,110,endfield bamboo forest,0.3333,3,1,47.33,youtube_suggest,2026-09-12 20:33:43.865242
5594,68,110,bamboo forest fire,0.3333,3,1,47.33,youtube_suggest,2026-09-12 20:33:43.865432
5595,68,110,bamboo forest fight,0.3333,3,1,47.33,youtube_suggest,2026-09-12 20:33:43.866959
5596,68,110,bamboo forest frontier,0.3333,3,1,47.33,youtube_suggest,2026-09-12 20:33:43.867261
5597,68,110,bamboo forest footage,0.3333,3,1,47.33,youtube_suggest,2026-09-12 20:33:43.867453
5598,68,110,bamboo forest angry birds,0.2857,4,1,46.0,youtube_suggest,2026-09-12 20:33:43.868821
5599,68,110,bamboo forest acrylic painting,0.2857,4,1,46.0,youtube_suggest,2026-09-12 20:33:43.869056
5600,68,110,bamboo forest minecraft build,0.2857,4,1,46.0,youtube_suggest,2026-09-12 20:33:43.869246
5601,68,110,bamboo forest chinese girl,0.2857,4,1,46.0,youtube_suggest,2026-09-12 20:33:43.869432
5602,68,110,bamboo forest coorg malayalam,0.2857,4,1,46.0,youtube_suggest,2026-09-12 20:33:43.872829
5603,68,110,bamboo forest coorg shopping,0.2857,4,1,46.0,youtube_suggest,2026-09-12 20:33:43.873116
5604,68,110,bamboo forest drawing easy,0.2857,4,1,46.0,youtube_suggest,2026-09-12 20:33:43.873314
5605,68,110,bamboo forest sound effect,0.2857,4,1,46.0,youtube_suggest,2026-09-12 20:33:43.873512
5606,68,110,bamboo forest fight scene,0.2857,4,1,46.0,youtube_suggest,2026-09-12 20:33:43.873698
5607,68,110,bamboo forest fox puzzle,0.2857,4,1,46.0,youtube_suggest,2026-09-12 20:33:43.873877
5608,68,110,bamboo forest full album,0.2857,4,1,46.0,youtube_suggest,2026-09-12 20:33:43.874066
5609,68,110,bamboo forest flying stars,0.2857,4,1,46.0,youtube_suggest,2026-09-12 20:33:43.874244
5610,68,110,bamboo forest crouching tiger hidden dragon,0.2222,6,1,45.56,youtube_suggest,2026-09-12 20:33:43.874536
5611,69,111,mr queen bamboo forest ep 1,0.4,6,1,58.0,youtube_suggest,2026-09-12 20:36:29.670764
5612,69,111,mr queen bamboo forest ep 2,0.4,6,1,58.0,youtube_suggest,2026-09-12 20:36:29.671098
5613,69,111,mr queen bamboo forest ep 3,0.4,6,1,58.0,youtube_suggest,2026-09-12 20:36:29.671333
5614,69,111,bamboo forest in flames,0.4,4,1,54.0,youtube_suggest,2026-09-12 20:36:29.671532
5615,69,111,bamboo forest at night,0.4,4,1,54.0,youtube_suggest,2026-09-12 20:36:29.674593
5616,69,111,bamboo forest background video,0.4,4,1,54.0,youtube_suggest,2026-09-12 20:36:29.675058
5617,69,111,bamboo forest of the full moon,0.3333,6,1,53.33,youtube_suggest,2026-09-12 20:36:29.675263
5618,69,111,get to the bamboo forest division 2,0.3333,7,1,53.33,youtube_suggest,2026-09-12 20:36:29.675503
5619,69,111,bamboo forest sounds,0.4,3,1,52.0,youtube_suggest,2026-09-12 20:36:29.675691
5620,69,111,bamboo forest kyoto,0.4,3,1,52.0,youtube_suggest,2026-09-12 20:36:29.676682
5621,69,111,bamboo forest japan,0.4,3,1,52.0,youtube_suggest,2026-09-12 20:36:29.677010
5622,69,111,bamboo forest maui,0.4,3,1,52.0,youtube_suggest,2026-09-12 20:36:29.677210
5623,69,111,bamboo forest atlanta,0.4,3,1,52.0,youtube_suggest,2026-09-12 20:36:29.677416
5624,69,111,bamboo forest minecraft,0.4,3,1,52.0,youtube_suggest,2026-09-12 20:36:29.677764
5625,69,111,bamboo forest aquarium,0.4,3,1,52.0,youtube_suggest,2026-09-12 20:36:29.677965
5626,69,111,bamboo forest ambience,0.4,3,1,52.0,youtube_suggest,2026-09-12 20:36:29.678148
5627,69,111,bamboo forest animals,0.4,3,1,52.0,youtube_suggest,2026-09-12 20:36:29.678325
5628,69,111,bamboo forest asmr,0.4,3,1,52.0,youtube_suggest,2026-09-12 20:36:29.678500
5629,69,111,bamboo forest acnh,0.4,3,1,52.0,youtube_suggest,2026-09-12 20:36:29.678691
5630,69,111,bamboo forest aquascape,0.4,3,1,52.0,youtube_suggest,2026-09-12 20:36:29.679019
5631,69,111,bamboo forest bonsai,0.4,3,1,52.0,youtube_suggest,2026-09-12 20:36:29.679355
5632,69,111,bamboo forest background,0.4,3,1,52.0,youtube_suggest,2026-09-12 20:36:29.679586
5633,69,111,bamboo forest build,0.4,3,1,52.0,youtube_suggest,2026-09-12 20:36:29.679780
5634,69,111,bamboo forest breath,0.4,3,1,52.0,youtube_suggest,2026-09-12 20:36:29.679971
5635,69,111,bamboo forest baguio,0.4,3,1,52.0,youtube_suggest,2026-09-12 20:36:29.680151
5636,69,111,bamboo forest bali,0.4,3,1,52.0,youtube_suggest,2026-09-12 20:36:29.680475
5637,69,111,bamboo forest bangalore,0.4,3,1,52.0,youtube_suggest,2026-09-12 20:36:29.692867
5638,69,111,bamboo forest china,0.4,3,1,52.0,youtube_suggest,2026-09-12 20:36:29.693146
5639,69,111,bamboo forest coorg,0.4,3,1,52.0,youtube_suggest,2026-09-12 20:36:29.693346
5640,69,111,bamboo forest chittoor,0.4,3,1,52.0,youtube_suggest,2026-09-12 20:36:29.693682
5641,69,111,bamboo forest camping,0.4,3,1,52.0,youtube_suggest,2026-09-12 20:36:29.693873
5642,69,111,bamboo forest diorama,0.4,3,1,52.0,youtube_suggest,2026-09-12 20:36:29.694072
5643,69,111,bamboo forest drawing,0.4,3,1,52.0,youtube_suggest,2026-09-12 20:36:29.694259
5644,69,111,bamboo forest deuter,0.4,3,1,52.0,youtube_suggest,2026-09-12 20:36:29.694435
5645,69,111,bamboo forest dakhva,0.4,3,1,52.0,youtube_suggest,2026-09-12 20:36:29.694618
5646,69,111,damyang bamboo forest,0.4,3,1,52.0,youtube_suggest,2026-09-12 20:36:29.694795
5647,69,111,bamboo forest discover,0.4,3,1,52.0,youtube_suggest,2026-09-12 20:36:29.699426
5648,69,111,eystreem bamboo forest,0.4,3,1,52.0,youtube_suggest,2026-09-12 20:36:29.701008
5649,69,111,endfield bamboo forest,0.4,3,1,52.0,youtube_suggest,2026-09-12 20:36:29.701367
5650,69,111,bamboo forest fire,0.4,3,1,52.0,youtube_suggest,2026-09-12 20:36:29.701562
5651,69,111,bamboo forest fight,0.4,3,1,52.0,youtube_suggest,2026-09-12 20:36:29.702024
5652,69,111,bamboo forest frontier,0.4,3,1,52.0,youtube_suggest,2026-09-12 20:36:29.702296
5653,69,111,bamboo forest footage,0.4,3,1,52.0,youtube_suggest,2026-09-12 20:36:29.702519
5654,69,111,bamboo splitter machine,0.4,3,1,52.0,youtube_suggest,2026-09-12 20:36:29.702719
5655,69,111,bamboo forest choose your world,0.3333,5,1,51.33,youtube_suggest,2026-09-12 20:36:29.702910
5656,69,111,bamboo forest elif & sanoi,0.3333,5,1,51.33,youtube_suggest,2026-09-12 20:36:29.703096
5657,69,111,bamboo forest unreal engine 5,0.3333,5,1,51.33,youtube_suggest,2026-09-12 20:36:29.703436
5658,69,111,bamboo forest shadow fight 3,0.3333,5,1,51.33,youtube_suggest,2026-09-12 20:36:29.703695
5659,69,111,bamboo forest angry birds,0.3333,4,1,49.33,youtube_suggest,2026-09-12 20:36:29.703963
5660,69,111,bamboo forest acrylic painting,0.3333,4,1,49.33,youtube_suggest,2026-09-12 20:36:29.704193
5661,69,111,bamboo forest minecraft build,0.3333,4,1,49.33,youtube_suggest,2026-09-12 20:36:29.704399
5662,69,111,bamboo forest chinese girl,0.3333,4,1,49.33,youtube_suggest,2026-09-12 20:36:29.715682
5663,69,111,bamboo forest coorg malayalam,0.3333,4,1,49.33,youtube_suggest,2026-09-12 20:36:29.716112
5664,69,111,bamboo forest coorg shopping,0.3333,4,1,49.33,youtube_suggest,2026-09-12 20:36:29.716350
5665,69,111,bamboo forest drawing easy,0.3333,4,1,49.33,youtube_suggest,2026-09-12 20:36:29.717041
5666,69,111,bamboo forest sound effect,0.3333,4,1,49.33,youtube_suggest,2026-09-12 20:36:29.717292
5667,69,111,bamboo forest fight scene,0.3333,4,1,49.33,youtube_suggest,2026-09-12 20:36:29.717507
5668,69,111,bamboo forest fox puzzle,0.3333,4,1,49.33,youtube_suggest,2026-09-12 20:36:29.720957
5669,69,111,bamboo forest full album,0.3333,4,1,49.33,youtube_suggest,2026-09-12 20:36:29.721387
5670,69,111,bamboo forest flying stars,0.3333,4,1,49.33,youtube_suggest,2026-09-12 20:36:29.721604
5671,70,112,mr queen bamboo forest ep 1,0.3333,6,1,53.33,youtube_suggest,2026-09-12 20:39:42.643516
5672,70,112,mr queen bamboo forest ep 2,0.3333,6,1,53.33,youtube_suggest,2026-09-12 20:39:42.643816
5673,70,112,mr queen bamboo forest ep 3,0.3333,6,1,53.33,youtube_suggest,2026-09-12 20:39:42.644028
5674,70,112,bamboo forest of the full moon,0.2857,6,1,50.0,youtube_suggest,2026-09-12 20:39:42.644222
5675,70,112,get to the bamboo forest division 2,0.2857,7,1,50.0,youtube_suggest,2026-09-12 20:39:42.644452
5676,70,112,bamboo forest in flames,0.3333,4,1,49.33,youtube_suggest,2026-09-12 20:39:42.644783
5677,70,112,bamboo forest at night,0.3333,4,1,49.33,youtube_suggest,2026-09-12 20:39:42.644993
5678,70,112,bamboo forest background video,0.3333,4,1,49.33,youtube_suggest,2026-09-12 20:39:42.645193
5679,70,112,bamboo forest choose your world,0.2857,5,1,48.0,youtube_suggest,2026-09-12 20:39:42.645426
5680,70,112,bamboo forest elif & sanoi,0.2857,5,1,48.0,youtube_suggest,2026-09-12 20:39:42.646429
5681,70,112,bamboo forest unreal engine 5,0.2857,5,1,48.0,youtube_suggest,2026-09-12 20:39:42.647270
5682,70,112,bamboo forest shadow fight 3,0.2857,5,1,48.0,youtube_suggest,2026-09-12 20:39:42.648881
5683,70,112,bamboo forest sounds,0.3333,3,1,47.33,youtube_suggest,2026-09-12 20:39:42.649172
5684,70,112,bamboo forest kyoto,0.3333,3,1,47.33,youtube_suggest,2026-09-12 20:39:42.649415
5685,70,112,bamboo forest japan,0.3333,3,1,47.33,youtube_suggest,2026-09-12 20:39:42.649613
5686,70,112,bamboo forest maui,0.3333,3,1,47.33,youtube_suggest,2026-09-12 20:39:42.649800
5687,70,112,bamboo forest atlanta,0.3333,3,1,47.33,youtube_suggest,2026-09-12 20:39:42.649989
5688,70,112,bamboo forest minecraft,0.3333,3,1,47.33,youtube_suggest,2026-09-12 20:39:42.650182
5689,70,112,bamboo forest aquarium,0.3333,3,1,47.33,youtube_suggest,2026-09-12 20:39:42.650393
5690,70,112,bamboo forest ambience,0.3333,3,1,47.33,youtube_suggest,2026-09-12 20:39:42.652318
5691,70,112,bamboo forest animals,0.3333,3,1,47.33,youtube_suggest,2026-09-12 20:39:42.653472
5692,70,112,bamboo forest asmr,0.3333,3,1,47.33,youtube_suggest,2026-09-12 20:39:42.654183
5693,70,112,bamboo forest acnh,0.3333,3,1,47.33,youtube_suggest,2026-09-12 20:39:42.655225
5694,70,112,bamboo forest aquascape,0.3333,3,1,47.33,youtube_suggest,2026-09-12 20:39:42.655513
5695,70,112,bamboo forest bonsai,0.3333,3,1,47.33,youtube_suggest,2026-09-12 20:39:42.655715
5696,70,112,bamboo forest background,0.3333,3,1,47.33,youtube_suggest,2026-09-12 20:39:42.655923
5697,70,112,bamboo forest build,0.3333,3,1,47.33,youtube_suggest,2026-09-12 20:39:42.656112
5698,70,112,bamboo forest breath,0.3333,3,1,47.33,youtube_suggest,2026-09-12 20:39:42.656311
5699,70,112,bamboo forest baguio,0.3333,3,1,47.33,youtube_suggest,2026-09-12 20:39:42.659478
5700,70,112,bamboo forest bali,0.3333,3,1,47.33,youtube_suggest,2026-09-12 20:39:42.659821
5701,70,112,bamboo forest bangalore,0.3333,3,1,47.33,youtube_suggest,2026-09-12 20:39:42.660048
5702,70,112,bamboo forest china,0.3333,3,1,47.33,youtube_suggest,2026-09-12 20:39:42.660258
5703,70,112,bamboo forest coorg,0.3333,3,1,47.33,youtube_suggest,2026-09-12 20:39:42.660474
5704,70,112,bamboo forest chittoor,0.3333,3,1,47.33,youtube_suggest,2026-09-12 20:39:42.660807
5705,70,112,bamboo forest camping,0.3333,3,1,47.33,youtube_suggest,2026-09-12 20:39:42.661006
5706,70,112,bamboo forest diorama,0.3333,3,1,47.33,youtube_suggest,2026-09-12 20:39:42.661180
5707,70,112,bamboo forest drawing,0.3333,3,1,47.33,youtube_suggest,2026-09-12 20:39:42.661382
5708,70,112,bamboo forest deuter,0.3333,3,1,47.33,youtube_suggest,2026-09-12 20:39:42.661554
5709,70,112,bamboo forest dakhva,0.3333,3,1,47.33,youtube_suggest,2026-09-12 20:39:42.661741
5710,70,112,damyang bamboo forest,0.3333,3,1,47.33,youtube_suggest,2026-09-12 20:39:42.664852
5711,70,112,bamboo forest discover,0.3333,3,1,47.33,youtube_suggest,2026-09-12 20:39:42.665419
5712,70,112,eystreem bamboo forest,0.3333,3,1,47.33,youtube_suggest,2026-09-12 20:39:42.665970
5713,70,112,endfield bamboo forest,0.3333,3,1,47.33,youtube_suggest,2026-09-12 20:39:42.666201
5714,70,112,bamboo forest fire,0.3333,3,1,47.33,youtube_suggest,2026-09-12 20:39:42.666439
5715,70,112,bamboo forest fight,0.3333,3,1,47.33,youtube_suggest,2026-09-12 20:39:42.666661
5716,70,112,bamboo forest frontier,0.3333,3,1,47.33,youtube_suggest,2026-09-12 20:39:42.666856
5717,70,112,bamboo forest footage,0.3333,3,1,47.33,youtube_suggest,2026-09-12 20:39:42.667047
5718,70,112,bamboo forest angry birds,0.2857,4,1,46.0,youtube_suggest,2026-09-12 20:39:42.668928
5719,70,112,bamboo forest acrylic painting,0.2857,4,1,46.0,youtube_suggest,2026-09-12 20:39:42.669203
5720,70,112,bamboo forest minecraft build,0.2857,4,1,46.0,youtube_suggest,2026-09-12 20:39:42.669400
5721,70,112,bamboo forest chinese girl,0.2857,4,1,46.0,youtube_suggest,2026-09-12 20:39:42.669602
5722,70,112,bamboo forest coorg malayalam,0.2857,4,1,46.0,youtube_suggest,2026-09-12 20:39:42.669809
5723,70,112,bamboo forest coorg shopping,0.2857,4,1,46.0,youtube_suggest,2026-09-12 20:39:42.670003
5724,70,112,bamboo forest drawing easy,0.2857,4,1,46.0,youtube_suggest,2026-09-12 20:39:42.670200
5725,70,112,bamboo forest sound effect,0.2857,4,1,46.0,youtube_suggest,2026-09-12 20:39:42.670386
5726,70,112,bamboo forest fight scene,0.2857,4,1,46.0,youtube_suggest,2026-09-12 20:39:42.670584
5727,70,112,bamboo forest fox puzzle,0.2857,4,1,46.0,youtube_suggest,2026-09-12 20:39:42.670774
5728,70,112,bamboo forest full album,0.2857,4,1,46.0,youtube_suggest,2026-09-12 20:39:42.670971
5729,70,112,bamboo forest flying stars,0.2857,4,1,46.0,youtube_suggest,2026-09-12 20:39:42.671168
5730,70,112,bamboo forest crouching tiger hidden dragon,0.2222,6,1,45.56,youtube_suggest,2026-09-12 20:39:42.671353
5731,71,113,mr queen bamboo forest ep 1,0.4,6,1,58.0,youtube_suggest,2026-09-12 20:43:04.335877
5732,71,113,mr queen bamboo forest ep 2,0.4,6,1,58.0,youtube_suggest,2026-09-12 20:43:04.336174
5733,71,113,mr queen bamboo forest ep 3,0.4,6,1,58.0,youtube_suggest,2026-09-12 20:43:04.336674
5734,71,113,bamboo forest in flames,0.4,4,1,54.0,youtube_suggest,2026-09-12 20:43:04.336932
5735,71,113,bamboo forest at night,0.4,4,1,54.0,youtube_suggest,2026-09-12 20:43:04.337286
5736,71,113,bamboo forest background video,0.4,4,1,54.0,youtube_suggest,2026-09-12 20:43:04.337489
5737,71,113,bamboo forest of the full moon,0.3333,6,1,53.33,youtube_suggest,2026-09-12 20:43:04.337674
5738,71,113,get to the bamboo forest division 2,0.3333,7,1,53.33,youtube_suggest,2026-09-12 20:43:04.337866
5739,71,113,bamboo forest sounds,0.4,3,1,52.0,youtube_suggest,2026-09-12 20:43:04.338047
5740,71,113,bamboo forest kyoto,0.4,3,1,52.0,youtube_suggest,2026-09-12 20:43:04.338241
5741,71,113,bamboo forest japan,0.4,3,1,52.0,youtube_suggest,2026-09-12 20:43:04.338423
5742,71,113,bamboo forest maui,0.4,3,1,52.0,youtube_suggest,2026-09-12 20:43:04.338627
5743,71,113,bamboo forest atlanta,0.4,3,1,52.0,youtube_suggest,2026-09-12 20:43:04.338944
5744,71,113,bamboo forest minecraft,0.4,3,1,52.0,youtube_suggest,2026-09-12 20:43:04.339126
5745,71,113,bamboo forest aquarium,0.4,3,1,52.0,youtube_suggest,2026-09-12 20:43:04.342614
5746,71,113,bamboo forest ambience,0.4,3,1,52.0,youtube_suggest,2026-09-12 20:43:04.343057
5747,71,113,bamboo forest animals,0.4,3,1,52.0,youtube_suggest,2026-09-12 20:43:04.343409
5748,71,113,bamboo forest asmr,0.4,3,1,52.0,youtube_suggest,2026-09-12 20:43:04.343602
5749,71,113,bamboo forest acnh,0.4,3,1,52.0,youtube_suggest,2026-09-12 20:43:04.343807
5750,71,113,bamboo forest aquascape,0.4,3,1,52.0,youtube_suggest,2026-09-12 20:43:04.343996
5751,71,113,bamboo forest bonsai,0.4,3,1,52.0,youtube_suggest,2026-09-12 20:43:04.344179
5752,71,113,bamboo forest background,0.4,3,1,52.0,youtube_suggest,2026-09-12 20:43:04.344381
5753,71,113,bamboo forest build,0.4,3,1,52.0,youtube_suggest,2026-09-12 20:43:04.346934
5754,71,113,bamboo forest breath,0.4,3,1,52.0,youtube_suggest,2026-09-12 20:43:04.347157
5755,71,113,bamboo forest baguio,0.4,3,1,52.0,youtube_suggest,2026-09-12 20:43:04.347510
5756,71,113,bamboo forest bali,0.4,3,1,52.0,youtube_suggest,2026-09-12 20:43:04.347740
5757,71,113,bamboo forest bangalore,0.4,3,1,52.0,youtube_suggest,2026-09-12 20:43:04.347946
5758,71,113,bamboo forest china,0.4,3,1,52.0,youtube_suggest,2026-09-12 20:43:04.349160
5759,71,113,bamboo forest coorg,0.4,3,1,52.0,youtube_suggest,2026-09-12 20:43:04.349681
5760,71,113,bamboo forest chittoor,0.4,3,1,52.0,youtube_suggest,2026-09-12 20:43:04.349899
5761,71,113,bamboo forest camping,0.4,3,1,52.0,youtube_suggest,2026-09-12 20:43:04.350175
5762,71,113,bamboo forest diorama,0.4,3,1,52.0,youtube_suggest,2026-09-12 20:43:04.350524
5763,71,113,bamboo forest drawing,0.4,3,1,52.0,youtube_suggest,2026-09-12 20:43:04.350757
5764,71,113,bamboo forest deuter,0.4,3,1,52.0,youtube_suggest,2026-09-12 20:43:04.350971
5765,71,113,bamboo forest dakhva,0.4,3,1,52.0,youtube_suggest,2026-09-12 20:43:04.351163
5766,71,113,damyang bamboo forest,0.4,3,1,52.0,youtube_suggest,2026-09-12 20:43:04.351381
5767,71,113,bamboo forest discover,0.4,3,1,52.0,youtube_suggest,2026-09-12 20:43:04.351716
5768,71,113,eystreem bamboo forest,0.4,3,1,52.0,youtube_suggest,2026-09-12 20:43:04.351918
5769,71,113,endfield bamboo forest,0.4,3,1,52.0,youtube_suggest,2026-09-12 20:43:04.352111
5770,71,113,bamboo forest fire,0.4,3,1,52.0,youtube_suggest,2026-09-12 20:43:04.352323
5771,71,113,bamboo forest fight,0.4,3,1,52.0,youtube_suggest,2026-09-12 20:43:04.352515
5772,71,113,bamboo forest frontier,0.4,3,1,52.0,youtube_suggest,2026-09-12 20:43:04.355972
5773,71,113,bamboo forest footage,0.4,3,1,52.0,youtube_suggest,2026-09-12 20:43:04.356203
5774,71,113,bamboo forest choose your world,0.3333,5,1,51.33,youtube_suggest,2026-09-12 20:43:04.356397
5775,71,113,bamboo forest elif & sanoi,0.3333,5,1,51.33,youtube_suggest,2026-09-12 20:43:04.364870
5776,71,113,bamboo forest unreal engine 5,0.3333,5,1,51.33,youtube_suggest,2026-09-12 20:43:04.365200
5777,71,113,bamboo forest shadow fight 3,0.3333,5,1,51.33,youtube_suggest,2026-09-12 20:43:04.365550
5778,71,113,bamboo forest angry birds,0.3333,4,1,49.33,youtube_suggest,2026-09-12 20:43:04.366260
5779,71,113,bamboo forest acrylic painting,0.3333,4,1,49.33,youtube_suggest,2026-09-12 20:43:04.366685
5780,71,113,bamboo forest minecraft build,0.3333,4,1,49.33,youtube_suggest,2026-09-12 20:43:04.367204
5781,71,113,bamboo forest chinese girl,0.3333,4,1,49.33,youtube_suggest,2026-09-12 20:43:04.367420
5782,71,113,bamboo forest coorg malayalam,0.3333,4,1,49.33,youtube_suggest,2026-09-12 20:43:04.367798
5783,71,113,bamboo forest coorg shopping,0.3333,4,1,49.33,youtube_suggest,2026-09-12 20:43:04.368009
5784,71,113,bamboo forest drawing easy,0.3333,4,1,49.33,youtube_suggest,2026-09-12 20:43:04.368201
5785,71,113,bamboo forest sound effect,0.3333,4,1,49.33,youtube_suggest,2026-09-12 20:43:04.368426
5786,71,113,bamboo forest fight scene,0.3333,4,1,49.33,youtube_suggest,2026-09-12 20:43:04.368777
5787,71,113,bamboo forest fox puzzle,0.3333,4,1,49.33,youtube_suggest,2026-09-12 20:43:04.368978
5788,71,113,bamboo forest full album,0.3333,4,1,49.33,youtube_suggest,2026-09-12 20:43:04.369165
5789,71,113,bamboo forest flying stars,0.3333,4,1,49.33,youtube_suggest,2026-09-12 20:43:04.370681
5790,71,113,arashiyama bamboo forest japan december,0.2857,5,1,48.0,youtube_suggest,2026-09-12 20:43:04.370896
5791,72,114,in a bamboo grove,0.4,4,1,54.0,youtube_suggest,2026-09-12 20:46:04.935586
5792,72,114,mr queen bamboo forest ep 1,0.3333,6,1,53.33,youtube_suggest,2026-09-12 20:46:04.937298
5793,72,114,mr queen bamboo forest ep 2,0.3333,6,1,53.33,youtube_suggest,2026-09-12 20:46:04.938315
5794,72,114,mr queen bamboo forest ep 3,0.3333,6,1,53.33,youtube_suggest,2026-09-12 20:46:04.939406
5795,72,114,bamboo forest of the full moon,0.2857,6,1,50.0,youtube_suggest,2026-09-12 20:46:04.939662
5796,72,114,get to the bamboo forest division 2,0.2857,7,1,50.0,youtube_suggest,2026-09-12 20:46:04.939876
5797,72,114,bamboo forest in flames,0.3333,4,1,49.33,youtube_suggest,2026-09-12 20:46:04.940066
5798,72,114,bamboo forest at night,0.3333,4,1,49.33,youtube_suggest,2026-09-12 20:46:04.940913
5799,72,114,bamboo forest background video,0.3333,4,1,49.33,youtube_suggest,2026-09-12 20:46:04.941135
5800,72,114,bamboo forest choose your world,0.2857,5,1,48.0,youtube_suggest,2026-09-12 20:46:04.941330
5801,72,114,bamboo forest elif & sanoi,0.2857,5,1,48.0,youtube_suggest,2026-09-12 20:46:04.941517
5802,72,114,bamboo forest unreal engine 5,0.2857,5,1,48.0,youtube_suggest,2026-09-12 20:46:04.941704
5803,72,114,bamboo forest shadow fight 3,0.2857,5,1,48.0,youtube_suggest,2026-09-12 20:46:04.941970
5804,72,114,bamboo forest sounds,0.3333,3,1,47.33,youtube_suggest,2026-09-12 20:46:04.942239
5805,72,114,bamboo forest kyoto,0.3333,3,1,47.33,youtube_suggest,2026-09-12 20:46:04.942430
5806,72,114,bamboo forest japan,0.3333,3,1,47.33,youtube_suggest,2026-09-12 20:46:04.945047
5807,72,114,bamboo forest maui,0.3333,3,1,47.33,youtube_suggest,2026-09-12 20:46:04.945308
5808,72,114,bamboo forest atlanta,0.3333,3,1,47.33,youtube_suggest,2026-09-12 20:46:04.945504
5809,72,114,bamboo forest minecraft,0.3333,3,1,47.33,youtube_suggest,2026-09-12 20:46:04.945695
5810,72,114,bamboo forest aquarium,0.3333,3,1,47.33,youtube_suggest,2026-09-12 20:46:04.945894
5811,72,114,bamboo forest ambience,0.3333,3,1,47.33,youtube_suggest,2026-09-12 20:46:04.946081
5812,72,114,bamboo forest animals,0.3333,3,1,47.33,youtube_suggest,2026-09-12 20:46:04.946418
5813,72,114,bamboo forest asmr,0.3333,3,1,47.33,youtube_suggest,2026-09-12 20:46:04.946612
5814,72,114,bamboo forest acnh,0.3333,3,1,47.33,youtube_suggest,2026-09-12 20:46:04.946807
5815,72,114,bamboo forest aquascape,0.3333,3,1,47.33,youtube_suggest,2026-09-12 20:46:04.946996
5816,72,114,bamboo forest bonsai,0.3333,3,1,47.33,youtube_suggest,2026-09-12 20:46:04.947176
5817,72,114,bamboo forest background,0.3333,3,1,47.33,youtube_suggest,2026-09-12 20:46:04.947359
5818,72,114,bamboo forest build,0.3333,3,1,47.33,youtube_suggest,2026-09-12 20:46:04.947540
5819,72,114,bamboo forest breath,0.3333,3,1,47.33,youtube_suggest,2026-09-12 20:46:04.947875
5820,72,114,bamboo forest baguio,0.3333,3,1,47.33,youtube_suggest,2026-09-12 20:46:04.952456
5821,72,114,bamboo forest bali,0.3333,3,1,47.33,youtube_suggest,2026-09-12 20:46:04.953750
5822,72,114,bamboo forest bangalore,0.3333,3,1,47.33,youtube_suggest,2026-09-12 20:46:04.953993
5823,72,114,bamboo forest china,0.3333,3,1,47.33,youtube_suggest,2026-09-12 20:46:04.954187
5824,72,114,bamboo forest coorg,0.3333,3,1,47.33,youtube_suggest,2026-09-12 20:46:04.954370
5825,72,114,bamboo forest chittoor,0.3333,3,1,47.33,youtube_suggest,2026-09-12 20:46:04.954706
5826,72,114,bamboo forest camping,0.3333,3,1,47.33,youtube_suggest,2026-09-12 20:46:04.955064
5827,72,114,bamboo forest diorama,0.3333,3,1,47.33,youtube_suggest,2026-09-12 20:46:04.955252
5828,72,114,bamboo forest drawing,0.3333,3,1,47.33,youtube_suggest,2026-09-12 20:46:04.955439
5829,72,114,bamboo forest deuter,0.3333,3,1,47.33,youtube_suggest,2026-09-12 20:46:04.955619
5830,72,114,bamboo forest dakhva,0.3333,3,1,47.33,youtube_suggest,2026-09-12 20:46:04.955824
5831,72,114,damyang bamboo forest,0.3333,3,1,47.33,youtube_suggest,2026-09-12 20:46:04.956007
5832,72,114,bamboo forest discover,0.3333,3,1,47.33,youtube_suggest,2026-09-12 20:46:04.956216
5833,72,114,eystreem bamboo forest,0.3333,3,1,47.33,youtube_suggest,2026-09-12 20:46:04.961157
5834,72,114,endfield bamboo forest,0.3333,3,1,47.33,youtube_suggest,2026-09-12 20:46:04.961619
5835,72,114,bamboo forest fire,0.3333,3,1,47.33,youtube_suggest,2026-09-12 20:46:04.961853
5836,72,114,bamboo forest fight,0.3333,3,1,47.33,youtube_suggest,2026-09-12 20:46:04.964755
5837,72,114,bamboo forest frontier,0.3333,3,1,47.33,youtube_suggest,2026-09-12 20:46:04.965164
5838,72,114,bamboo forest footage,0.3333,3,1,47.33,youtube_suggest,2026-09-12 20:46:04.965372
5839,72,114,bamboo forest angry birds,0.2857,4,1,46.0,youtube_suggest,2026-09-12 20:46:04.965559
5840,72,114,bamboo forest acrylic painting,0.2857,4,1,46.0,youtube_suggest,2026-09-12 20:46:04.968099
5841,72,114,bamboo forest minecraft build,0.2857,4,1,46.0,youtube_suggest,2026-09-12 20:46:04.968316
5842,72,114,bamboo forest chinese girl,0.2857,4,1,46.0,youtube_suggest,2026-09-12 20:46:04.968514
5843,72,114,bamboo forest coorg malayalam,0.2857,4,1,46.0,youtube_suggest,2026-09-12 20:46:04.968770
5844,72,114,bamboo forest coorg shopping,0.2857,4,1,46.0,youtube_suggest,2026-09-12 20:46:04.968960
5845,72,114,bamboo forest drawing easy,0.2857,4,1,46.0,youtube_suggest,2026-09-12 20:46:04.969384
5846,72,114,bamboo forest sound effect,0.2857,4,1,46.0,youtube_suggest,2026-09-12 20:46:04.969573
5847,72,114,bamboo forest fight scene,0.2857,4,1,46.0,youtube_suggest,2026-09-12 20:46:04.969821
5848,72,114,bamboo forest fox puzzle,0.2857,4,1,46.0,youtube_suggest,2026-09-12 20:46:04.970053
5849,72,114,bamboo forest full album,0.2857,4,1,46.0,youtube_suggest,2026-09-12 20:46:04.970223
5850,72,114,bamboo forest flying stars,0.2857,4,1,46.0,youtube_suggest,2026-09-12 20:46:04.970398
5851,73,115,tea garden plucking machine,0.5,4,1,61.0,youtube_suggest,2026-09-12 20:49:09.157733
5852,73,115,tea garden how to play,0.3333,5,1,51.33,youtube_suggest,2026-09-12 20:49:09.158002
5853,73,115,tea garden for sale in assam,0.2857,6,1,50.0,youtube_suggest,2026-09-12 20:49:09.158155
5854,73,115,tea garden for sale in darjeeling,0.2857,6,1,50.0,youtube_suggest,2026-09-12 20:49:09.158295
5855,73,115,tea garden at home,0.3333,4,1,49.33,youtube_suggest,2026-09-12 20:49:09.158438
5856,73,115,tea garden background video,0.3333,4,1,49.33,youtube_suggest,2026-09-12 20:49:09.158582
5857,73,115,tea garden cinematic video,0.3333,4,1,49.33,youtube_suggest,2026-09-12 20:49:09.158716
5858,73,115,tea garden for sale,0.3333,4,1,49.33,youtube_suggest,2026-09-12 20:49:09.158848
5859,73,115,tea garden and van winkle,0.2857,5,1,48.0,youtube_suggest,2026-09-12 20:49:09.158999
5860,73,115,tea garden board game how to play,0.25,7,1,47.5,youtube_suggest,2026-09-12 20:49:09.159131
5861,73,115,tea garden machine,0.3333,3,1,47.33,youtube_suggest,2026-09-12 20:49:09.159311
5862,73,115,tea garden plants,0.3333,3,1,47.33,youtube_suggest,2026-09-12 20:49:09.159536
5863,73,115,tea garden bangladesh,0.3333,3,1,47.33,youtube_suggest,2026-09-12 20:49:09.159852
5864,73,115,tea garden sylhet,0.3333,3,1,47.33,youtube_suggest,2026-09-12 20:49:09.160095
5865,73,115,tea garden music,0.3333,3,1,47.33,youtube_suggest,2026-09-12 20:49:09.160248
5866,73,115,tea garden ambience,0.3333,3,1,47.33,youtube_suggest,2026-09-12 20:49:09.160398
5867,73,115,tea garden assam,0.3333,3,1,47.33,youtube_suggest,2026-09-12 20:49:09.172781
5868,73,115,tea garden art,0.3333,3,1,47.33,youtube_suggest,2026-09-12 20:49:09.173124
5869,73,115,tea garden application,0.3333,3,1,47.33,youtube_suggest,2026-09-12 20:49:09.173277
5870,73,115,tea garden bungalow,0.3333,3,1,47.33,youtube_suggest,2026-09-12 20:49:09.173416
5871,73,115,tea garden business,0.3333,3,1,47.33,youtube_suggest,2026-09-12 20:49:09.173553
5872,73,115,tea garden china,0.3333,3,1,47.33,youtube_suggest,2026-09-12 20:49:09.173689
5873,73,115,tea garden cafe,0.3333,3,1,47.33,youtube_suggest,2026-09-12 20:49:09.173845
5874,73,115,tea garden champawat,0.3333,3,1,47.33,youtube_suggest,2026-09-12 20:49:09.174013
5875,73,115,tea garden coonoor,0.3333,3,1,47.33,youtube_suggest,2026-09-12 20:49:09.174147
5876,73,115,tea garden cutting,0.3333,3,1,47.33,youtube_suggest,2026-09-12 20:49:09.174279
5877,73,115,tea garden community,0.3333,3,1,47.33,youtube_suggest,2026-09-12 20:49:09.174425
5878,73,115,tea garden cake,0.3333,3,1,47.33,youtube_suggest,2026-09-12 20:49:09.174559
5879,73,115,tea garden darjeeling,0.3333,3,1,47.33,youtube_suggest,2026-09-12 20:49:09.174713
5880,73,115,tea garden design,0.3333,3,1,47.33,youtube_suggest,2026-09-12 20:49:09.174906
5881,73,115,tea garden drawing,0.3333,3,1,47.33,youtube_suggest,2026-09-12 20:49:09.175056
5882,73,115,tea garden dance,0.3333,3,1,47.33,youtube_suggest,2026-09-12 20:49:09.175192
5883,73,115,tea garden dress,0.3333,3,1,47.33,youtube_suggest,2026-09-12 20:49:09.175327
5884,73,115,tea garden documentary,0.3333,3,1,47.33,youtube_suggest,2026-09-12 20:49:09.175464
5885,73,115,tea garden expansion,0.3333,3,1,47.33,youtube_suggest,2026-09-12 20:49:09.175600
5886,73,115,tea garden express,0.3333,3,1,47.33,youtube_suggest,2026-09-12 20:49:09.175732
5887,73,115,tea garden elephant,0.3333,3,1,47.33,youtube_suggest,2026-09-12 20:49:09.175876
5888,73,115,tea garden eppadi,0.3333,3,1,47.33,youtube_suggest,2026-09-12 20:49:09.176036
5889,73,115,tea garden essay,0.3333,3,1,47.33,youtube_suggest,2026-09-12 20:49:09.176188
5890,73,115,tea garden fertilizer,0.3333,3,1,47.33,youtube_suggest,2026-09-12 20:49:09.176346
5891,73,115,tea garden factory,0.3333,3,1,47.33,youtube_suggest,2026-09-12 20:49:09.176496
5892,73,115,tea garden fungicide,0.3333,3,1,47.33,youtube_suggest,2026-09-12 20:49:09.179876
5893,73,115,tea garden farming,0.3333,3,1,47.33,youtube_suggest,2026-09-12 20:49:09.180108
5894,73,115,tea garden flower,0.3333,3,1,47.33,youtube_suggest,2026-09-12 20:49:09.180303
5895,73,115,tea garden franchise,0.3333,3,1,47.33,youtube_suggest,2026-09-12 20:49:09.180526
5896,73,115,tea garden film,0.3333,3,1,47.33,youtube_suggest,2026-09-12 20:49:09.183191
5897,73,115,titanic tea time,0.3333,3,1,47.33,youtube_suggest,2026-09-12 20:49:09.183399
5898,73,115,titanic tea scene,0.3333,3,1,47.33,youtube_suggest,2026-09-12 20:49:09.183594
5899,73,115,tea garden spray machine,0.2857,4,1,46.0,youtube_suggest,2026-09-12 20:49:09.183777
5900,73,115,tea garden cutting machine,0.2857,4,1,46.0,youtube_suggest,2026-09-12 20:49:09.183936
5901,73,115,tea garden pruning machine,0.2857,4,1,46.0,youtube_suggest,2026-09-12 20:49:09.184072
5902,73,115,tea garden cutter machine,0.2857,4,1,46.0,youtube_suggest,2026-09-12 20:49:09.189799
5903,73,115,tea garden board game,0.2857,4,1,46.0,youtube_suggest,2026-09-12 20:49:09.190081
5904,73,115,tea garden assamese song,0.2857,4,1,46.0,youtube_suggest,2026-09-12 20:49:09.190236
5905,73,115,tea garden assistant manager,0.2857,4,1,46.0,youtube_suggest,2026-09-12 20:49:09.190378
5906,73,115,tea garden assam song,0.2857,4,1,46.0,youtube_suggest,2026-09-12 20:49:09.190519
5907,73,115,tea garden background music,0.2857,4,1,46.0,youtube_suggest,2026-09-12 20:49:09.190653
5908,73,115,tea garden chinese drama,0.2857,4,1,46.0,youtube_suggest,2026-09-12 20:49:09.190785
5909,73,115,tea garden dice tower,0.2857,4,1,46.0,youtube_suggest,2026-09-12 20:49:09.190929
5910,73,115,tea garden drone view,0.2857,4,1,46.0,youtube_suggest,2026-09-12 20:49:09.191092
5911,74,116,tea garden pruning machine,0.5,4,1,61.0,youtube_suggest,2026-09-12 20:52:22.228041
5912,74,116,tea garden how to play,0.3333,5,1,51.33,youtube_suggest,2026-09-12 20:52:22.228348
5913,74,116,tea garden for sale in assam,0.2857,6,1,50.0,youtube_suggest,2026-09-12 20:52:22.240776
5914,74,116,tea garden for sale in darjeeling,0.2857,6,1,50.0,youtube_suggest,2026-09-12 20:52:22.241126
5915,74,116,tea garden at home,0.3333,4,1,49.33,youtube_suggest,2026-09-12 20:52:22.241447
5916,74,116,tea garden background video,0.3333,4,1,49.33,youtube_suggest,2026-09-12 20:52:22.241637
5917,74,116,tea garden cinematic video,0.3333,4,1,49.33,youtube_suggest,2026-09-12 20:52:22.241802
5918,74,116,tea garden for sale,0.3333,4,1,49.33,youtube_suggest,2026-09-12 20:52:22.241967
5919,74,116,tea garden and van winkle,0.2857,5,1,48.0,youtube_suggest,2026-09-12 20:52:22.242146
5920,74,116,tea garden board game how to play,0.25,7,1,47.5,youtube_suggest,2026-09-12 20:52:22.242463
5921,74,116,tea garden machine,0.3333,3,1,47.33,youtube_suggest,2026-09-12 20:52:22.242731
5922,74,116,tea garden plants,0.3333,3,1,47.33,youtube_suggest,2026-09-12 20:52:22.243177
5923,74,116,tea garden bangladesh,0.3333,3,1,47.33,youtube_suggest,2026-09-12 20:52:22.243511
5924,74,116,tea garden sylhet,0.3333,3,1,47.33,youtube_suggest,2026-09-12 20:52:22.243723
5925,74,116,tea garden music,0.3333,3,1,47.33,youtube_suggest,2026-09-12 20:52:22.243906
5926,74,116,tea garden ambience,0.3333,3,1,47.33,youtube_suggest,2026-09-12 20:52:22.244131
5927,74,116,tea garden assam,0.3333,3,1,47.33,youtube_suggest,2026-09-12 20:52:22.244335
5928,74,116,tea garden art,0.3333,3,1,47.33,youtube_suggest,2026-09-12 20:52:22.260670
5929,74,116,tea garden application,0.3333,3,1,47.33,youtube_suggest,2026-09-12 20:52:22.261013
5930,74,116,tea garden bungalow,0.3333,3,1,47.33,youtube_suggest,2026-09-12 20:52:22.261180
5931,74,116,tea garden business,0.3333,3,1,47.33,youtube_suggest,2026-09-12 20:52:22.261323
5932,74,116,tea garden china,0.3333,3,1,47.33,youtube_suggest,2026-09-12 20:52:22.261481
5933,74,116,tea garden cafe,0.3333,3,1,47.33,youtube_suggest,2026-09-12 20:52:22.261617
5934,74,116,tea garden champawat,0.3333,3,1,47.33,youtube_suggest,2026-09-12 20:52:22.261751
5935,74,116,tea garden coonoor,0.3333,3,1,47.33,youtube_suggest,2026-09-12 20:52:22.261885
5936,74,116,tea garden cutting,0.3333,3,1,47.33,youtube_suggest,2026-09-12 20:52:22.262033
5937,74,116,tea garden community,0.3333,3,1,47.33,youtube_suggest,2026-09-12 20:52:22.262162
5938,74,116,tea garden cake,0.3333,3,1,47.33,youtube_suggest,2026-09-12 20:52:22.262292
5939,74,116,tea garden darjeeling,0.3333,3,1,47.33,youtube_suggest,2026-09-12 20:52:22.262435
5940,74,116,tea garden design,0.3333,3,1,47.33,youtube_suggest,2026-09-12 20:52:22.262563
5941,74,116,tea garden drawing,0.3333,3,1,47.33,youtube_suggest,2026-09-12 20:52:22.262693
5942,74,116,tea garden dance,0.3333,3,1,47.33,youtube_suggest,2026-09-12 20:52:22.262820
5943,74,116,tea garden dress,0.3333,3,1,47.33,youtube_suggest,2026-09-12 20:52:22.262951
5944,74,116,tea garden documentary,0.3333,3,1,47.33,youtube_suggest,2026-09-12 20:52:22.263079
5945,74,116,tea garden expansion,0.3333,3,1,47.33,youtube_suggest,2026-09-12 20:52:22.263220
5946,74,116,tea garden express,0.3333,3,1,47.33,youtube_suggest,2026-09-12 20:52:22.263353
5947,74,116,tea garden elephant,0.3333,3,1,47.33,youtube_suggest,2026-09-12 20:52:22.263502
5948,74,116,tea garden eppadi,0.3333,3,1,47.33,youtube_suggest,2026-09-12 20:52:22.263631
5949,74,116,tea garden essay,0.3333,3,1,47.33,youtube_suggest,2026-09-12 20:52:22.263759
5950,74,116,tea garden fertilizer,0.3333,3,1,47.33,youtube_suggest,2026-09-12 20:52:22.263892
5951,74,116,tea garden factory,0.3333,3,1,47.33,youtube_suggest,2026-09-12 20:52:22.264020
5952,74,116,tea garden fungicide,0.3333,3,1,47.33,youtube_suggest,2026-09-12 20:52:22.264146
5953,74,116,tea garden farming,0.3333,3,1,47.33,youtube_suggest,2026-09-12 20:52:22.264271
5954,74,116,tea garden flower,0.3333,3,1,47.33,youtube_suggest,2026-09-12 20:52:22.264415
5955,74,116,tea garden franchise,0.3333,3,1,47.33,youtube_suggest,2026-09-12 20:52:22.280671
5956,74,116,tea garden film,0.3333,3,1,47.33,youtube_suggest,2026-09-12 20:52:22.281214
5957,74,116,tea garden spray machine,0.2857,4,1,46.0,youtube_suggest,2026-09-12 20:52:22.281455
5958,74,116,tea garden cutting machine,0.2857,4,1,46.0,youtube_suggest,2026-09-12 20:52:22.281651
5959,74,116,tea garden cutter machine,0.2857,4,1,46.0,youtube_suggest,2026-09-12 20:52:22.281822
5960,74,116,tea garden plucking machine,0.2857,4,1,46.0,youtube_suggest,2026-09-12 20:52:22.282066
5961,74,116,tea garden board game,0.2857,4,1,46.0,youtube_suggest,2026-09-12 20:52:22.282243
5962,74,116,tea garden assamese song,0.2857,4,1,46.0,youtube_suggest,2026-09-12 20:52:22.282422
5963,74,116,tea garden assistant manager,0.2857,4,1,46.0,youtube_suggest,2026-09-12 20:52:22.282628
5964,74,116,tea garden assam song,0.2857,4,1,46.0,youtube_suggest,2026-09-12 20:52:22.282807
5965,74,116,tea garden background music,0.2857,4,1,46.0,youtube_suggest,2026-09-12 20:52:22.282987
5966,74,116,tea garden chinese drama,0.2857,4,1,46.0,youtube_suggest,2026-09-12 20:52:22.283143
5967,74,116,tea garden dice tower,0.2857,4,1,46.0,youtube_suggest,2026-09-12 20:52:22.283295
5968,74,116,tea garden drone view,0.2857,4,1,46.0,youtube_suggest,2026-09-12 20:52:22.283455
5969,74,116,tea garden drone shot,0.2857,4,1,46.0,youtube_suggest,2026-09-12 20:52:22.283606
5970,74,116,tea garden express announcement,0.2857,4,1,46.0,youtube_suggest,2026-09-12 20:52:22.283762
5971,75,117,tea garden how to play,0.3333,5,1,51.33,youtube_suggest,2026-09-12 20:55:22.135226
5972,75,117,tea garden for sale in assam,0.2857,6,1,50.0,youtube_suggest,2026-09-12 20:55:22.135491
5973,75,117,tea garden for sale in darjeeling,0.2857,6,1,50.0,youtube_suggest,2026-09-12 20:55:22.135643
5974,75,117,tea garden at home,0.3333,4,1,49.33,youtube_suggest,2026-09-12 20:55:22.135780
5975,75,117,tea garden background video,0.3333,4,1,49.33,youtube_suggest,2026-09-12 20:55:22.135951
5976,75,117,tea garden cinematic video,0.3333,4,1,49.33,youtube_suggest,2026-09-12 20:55:22.136113
5977,75,117,tea garden for sale,0.3333,4,1,49.33,youtube_suggest,2026-09-12 20:55:22.136272
5978,75,117,tea garden and van winkle,0.2857,5,1,48.0,youtube_suggest,2026-09-12 20:55:22.136457
5979,75,117,tea garden board game how to play,0.25,7,1,47.5,youtube_suggest,2026-09-12 20:55:22.148952
5980,75,117,tea garden machine,0.3333,3,1,47.33,youtube_suggest,2026-09-12 20:55:22.149141
5981,75,117,tea garden plants,0.3333,3,1,47.33,youtube_suggest,2026-09-12 20:55:22.149309
5982,75,117,tea garden bangladesh,0.3333,3,1,47.33,youtube_suggest,2026-09-12 20:55:22.149449
5983,75,117,tea garden sylhet,0.3333,3,1,47.33,youtube_suggest,2026-09-12 20:55:22.149583
5984,75,117,tea garden music,0.3333,3,1,47.33,youtube_suggest,2026-09-12 20:55:22.149713
5985,75,117,tea garden ambience,0.3333,3,1,47.33,youtube_suggest,2026-09-12 20:55:22.149858
5986,75,117,tea garden assam,0.3333,3,1,47.33,youtube_suggest,2026-09-12 20:55:22.150012
5987,75,117,tea garden art,0.3333,3,1,47.33,youtube_suggest,2026-09-12 20:55:22.150145
5988,75,117,tea garden application,0.3333,3,1,47.33,youtube_suggest,2026-09-12 20:55:22.150276
5989,75,117,tea garden bungalow,0.3333,3,1,47.33,youtube_suggest,2026-09-12 20:55:22.150410
5990,75,117,tea garden business,0.3333,3,1,47.33,youtube_suggest,2026-09-12 20:55:22.150545
5991,75,117,tea garden china,0.3333,3,1,47.33,youtube_suggest,2026-09-12 20:55:22.150674
5992,75,117,tea garden cafe,0.3333,3,1,47.33,youtube_suggest,2026-09-12 20:55:22.150814
5993,75,117,tea garden champawat,0.3333,3,1,47.33,youtube_suggest,2026-09-12 20:55:22.150999
5994,75,117,tea garden coonoor,0.3333,3,1,47.33,youtube_suggest,2026-09-12 20:55:22.151143
5995,75,117,tea garden cutting,0.3333,3,1,47.33,youtube_suggest,2026-09-12 20:55:22.151274
5996,75,117,tea garden community,0.3333,3,1,47.33,youtube_suggest,2026-09-12 20:55:22.151400
5997,75,117,tea garden cake,0.3333,3,1,47.33,youtube_suggest,2026-09-12 20:55:22.151529
5998,75,117,tea garden darjeeling,0.3333,3,1,47.33,youtube_suggest,2026-09-12 20:55:22.151658
5999,75,117,tea garden design,0.3333,3,1,47.33,youtube_suggest,2026-09-12 20:55:22.151787
6000,75,117,tea garden drawing,0.3333,3,1,47.33,youtube_suggest,2026-09-12 20:55:22.151988
6001,75,117,tea garden dance,0.3333,3,1,47.33,youtube_suggest,2026-09-12 20:55:22.152167
6002,75,117,tea garden dress,0.3333,3,1,47.33,youtube_suggest,2026-09-12 20:55:22.152373
6003,75,117,tea garden documentary,0.3333,3,1,47.33,youtube_suggest,2026-09-12 20:55:22.164840
6004,75,117,tea garden expansion,0.3333,3,1,47.33,youtube_suggest,2026-09-12 20:55:22.165229
6005,75,117,tea garden express,0.3333,3,1,47.33,youtube_suggest,2026-09-12 20:55:22.165457
6006,75,117,tea garden elephant,0.3333,3,1,47.33,youtube_suggest,2026-09-12 20:55:22.165613
6007,75,117,tea garden eppadi,0.3333,3,1,47.33,youtube_suggest,2026-09-12 20:55:22.165759
6008,75,117,tea garden essay,0.3333,3,1,47.33,youtube_suggest,2026-09-12 20:55:22.165965
6009,75,117,tea garden fertilizer,0.3333,3,1,47.33,youtube_suggest,2026-09-12 20:55:22.166267
6010,75,117,tea garden factory,0.3333,3,1,47.33,youtube_suggest,2026-09-12 20:55:22.168675
6011,75,117,tea garden fungicide,0.3333,3,1,47.33,youtube_suggest,2026-09-12 20:55:22.168885
6012,75,117,tea garden farming,0.3333,3,1,47.33,youtube_suggest,2026-09-12 20:55:22.169093
6013,75,117,tea garden flower,0.3333,3,1,47.33,youtube_suggest,2026-09-12 20:55:22.169407
6014,75,117,tea garden franchise,0.3333,3,1,47.33,youtube_suggest,2026-09-12 20:55:22.169614
6015,75,117,tea garden film,0.3333,3,1,47.33,youtube_suggest,2026-09-12 20:55:22.169946
6016,75,117,tea garden spray machine,0.2857,4,1,46.0,youtube_suggest,2026-09-12 20:55:22.170162
6017,75,117,tea garden cutting machine,0.2857,4,1,46.0,youtube_suggest,2026-09-12 20:55:22.170379
6018,75,117,tea garden pruning machine,0.2857,4,1,46.0,youtube_suggest,2026-09-12 20:55:22.170691
6019,75,117,tea garden cutter machine,0.2857,4,1,46.0,youtube_suggest,2026-09-12 20:55:22.171005
6020,75,117,tea garden plucking machine,0.2857,4,1,46.0,youtube_suggest,2026-09-12 20:55:22.171217
6021,75,117,tea garden board game,0.2857,4,1,46.0,youtube_suggest,2026-09-12 20:55:22.171482
6022,75,117,tea garden assamese song,0.2857,4,1,46.0,youtube_suggest,2026-09-12 20:55:22.171711
6023,75,117,tea garden assistant manager,0.2857,4,1,46.0,youtube_suggest,2026-09-12 20:55:22.172007
6024,75,117,tea garden assam song,0.2857,4,1,46.0,youtube_suggest,2026-09-12 20:55:22.172237
6025,75,117,tea garden background music,0.2857,4,1,46.0,youtube_suggest,2026-09-12 20:55:22.172375
6026,75,117,tea garden chinese drama,0.2857,4,1,46.0,youtube_suggest,2026-09-12 20:55:22.172503
6027,75,117,tea garden dice tower,0.2857,4,1,46.0,youtube_suggest,2026-09-12 20:55:22.174338
6028,75,117,tea garden drone view,0.2857,4,1,46.0,youtube_suggest,2026-09-12 20:55:22.184582
6029,75,117,tea garden drone shot,0.2857,4,1,46.0,youtube_suggest,2026-09-12 20:55:22.185047
6030,75,117,tea garden express announcement,0.2857,4,1,46.0,youtube_suggest,2026-09-12 20:55:22.185227
6031,76,118,tea garden how to play,0.3333,5,1,51.33,youtube_suggest,2026-09-12 21:03:11.557237
6032,76,118,tea garden for sale in assam,0.2857,6,1,50.0,youtube_suggest,2026-09-12 21:03:11.557453
6033,76,118,tea garden for sale in darjeeling,0.2857,6,1,50.0,youtube_suggest,2026-09-12 21:03:11.557595
6034,76,118,tea garden at home,0.3333,4,1,49.33,youtube_suggest,2026-09-12 21:03:11.557736
6035,76,118,tea garden background video,0.3333,4,1,49.33,youtube_suggest,2026-09-12 21:03:11.557871
6036,76,118,tea garden cinematic video,0.3333,4,1,49.33,youtube_suggest,2026-09-12 21:03:11.558004
6037,76,118,tea garden for sale,0.3333,4,1,49.33,youtube_suggest,2026-09-12 21:03:11.558135
6038,76,118,tea garden and van winkle,0.2857,5,1,48.0,youtube_suggest,2026-09-12 21:03:11.558283
6039,76,118,tea garden board game how to play,0.25,7,1,47.5,youtube_suggest,2026-09-12 21:03:11.558408
6040,76,118,tea garden machine,0.3333,3,1,47.33,youtube_suggest,2026-09-12 21:03:11.558544
6041,76,118,tea garden plants,0.3333,3,1,47.33,youtube_suggest,2026-09-12 21:03:11.558673
6042,76,118,tea garden bangladesh,0.3333,3,1,47.33,youtube_suggest,2026-09-12 21:03:11.558806
6043,76,118,tea garden sylhet,0.3333,3,1,47.33,youtube_suggest,2026-09-12 21:03:11.558932
6044,76,118,tea garden music,0.3333,3,1,47.33,youtube_suggest,2026-09-12 21:03:11.559057
6045,76,118,tea garden ambience,0.3333,3,1,47.33,youtube_suggest,2026-09-12 21:03:11.559185
6046,76,118,tea garden assam,0.3333,3,1,47.33,youtube_suggest,2026-09-12 21:03:11.559324
6047,76,118,tea garden art,0.3333,3,1,47.33,youtube_suggest,2026-09-12 21:03:11.559456
6048,76,118,tea garden application,0.3333,3,1,47.33,youtube_suggest,2026-09-12 21:03:11.559585
6049,76,118,tea garden bungalow,0.3333,3,1,47.33,youtube_suggest,2026-09-12 21:03:11.559715
6050,76,118,tea garden business,0.3333,3,1,47.33,youtube_suggest,2026-09-12 21:03:11.567696
6051,76,118,tea garden china,0.3333,3,1,47.33,youtube_suggest,2026-09-12 21:03:11.568842
6052,76,118,tea garden cafe,0.3333,3,1,47.33,youtube_suggest,2026-09-12 21:03:11.569777
6053,76,118,tea garden champawat,0.3333,3,1,47.33,youtube_suggest,2026-09-12 21:03:11.571247
6054,76,118,tea garden coonoor,0.3333,3,1,47.33,youtube_suggest,2026-09-12 21:03:11.571992
6055,76,118,tea garden cutting,0.3333,3,1,47.33,youtube_suggest,2026-09-12 21:03:11.576329
6056,76,118,tea garden community,0.3333,3,1,47.33,youtube_suggest,2026-09-12 21:03:11.576752
6057,76,118,tea garden cake,0.3333,3,1,47.33,youtube_suggest,2026-09-12 21:03:11.577011
6058,76,118,tea garden darjeeling,0.3333,3,1,47.33,youtube_suggest,2026-09-12 21:03:11.577335
6059,76,118,tea garden design,0.3333,3,1,47.33,youtube_suggest,2026-09-12 21:03:11.577485
6060,76,118,tea garden drawing,0.3333,3,1,47.33,youtube_suggest,2026-09-12 21:03:11.577623
6061,76,118,tea garden dance,0.3333,3,1,47.33,youtube_suggest,2026-09-12 21:03:11.577762
6062,76,118,tea garden dress,0.3333,3,1,47.33,youtube_suggest,2026-09-12 21:03:11.577897
6063,76,118,tea garden documentary,0.3333,3,1,47.33,youtube_suggest,2026-09-12 21:03:11.578026
6064,76,118,tea garden expansion,0.3333,3,1,47.33,youtube_suggest,2026-09-12 21:03:11.578160
6065,76,118,tea garden express,0.3333,3,1,47.33,youtube_suggest,2026-09-12 21:03:11.578307
6066,76,118,tea garden elephant,0.3333,3,1,47.33,youtube_suggest,2026-09-12 21:03:11.578443
6067,76,118,tea garden eppadi,0.3333,3,1,47.33,youtube_suggest,2026-09-12 21:03:11.583235
6068,76,118,tea garden essay,0.3333,3,1,47.33,youtube_suggest,2026-09-12 21:03:11.583493
6069,76,118,tea garden fertilizer,0.3333,3,1,47.33,youtube_suggest,2026-09-12 21:03:11.585991
6070,76,118,tea garden factory,0.3333,3,1,47.33,youtube_suggest,2026-09-12 21:03:11.586297
6071,76,118,tea garden fungicide,0.3333,3,1,47.33,youtube_suggest,2026-09-12 21:03:11.586462
6072,76,118,tea garden farming,0.3333,3,1,47.33,youtube_suggest,2026-09-12 21:03:11.586608
6073,76,118,tea garden flower,0.3333,3,1,47.33,youtube_suggest,2026-09-12 21:03:11.586748
6074,76,118,tea garden franchise,0.3333,3,1,47.33,youtube_suggest,2026-09-12 21:03:11.586891
6075,76,118,tea garden film,0.3333,3,1,47.33,youtube_suggest,2026-09-12 21:03:11.587028
6076,76,118,tea garden spray machine,0.2857,4,1,46.0,youtube_suggest,2026-09-12 21:03:11.587160
6077,76,118,tea garden cutting machine,0.2857,4,1,46.0,youtube_suggest,2026-09-12 21:03:11.587309
6078,76,118,tea garden pruning machine,0.2857,4,1,46.0,youtube_suggest,2026-09-12 21:03:11.587442
6079,76,118,tea garden cutter machine,0.2857,4,1,46.0,youtube_suggest,2026-09-12 21:03:11.587575
6080,76,118,tea garden plucking machine,0.2857,4,1,46.0,youtube_suggest,2026-09-12 21:03:11.587707
6081,76,118,tea garden board game,0.2857,4,1,46.0,youtube_suggest,2026-09-12 21:03:11.587837
6082,76,118,tea garden assamese song,0.2857,4,1,46.0,youtube_suggest,2026-09-12 21:03:11.587967
6083,76,118,tea garden assistant manager,0.2857,4,1,46.0,youtube_suggest,2026-09-12 21:03:11.588097
6084,76,118,tea garden assam song,0.2857,4,1,46.0,youtube_suggest,2026-09-12 21:03:11.588240
6085,76,118,tea garden background music,0.2857,4,1,46.0,youtube_suggest,2026-09-12 21:03:11.588379
6086,76,118,tea garden chinese drama,0.2857,4,1,46.0,youtube_suggest,2026-09-12 21:03:11.588511
6087,76,118,tea garden dice tower,0.2857,4,1,46.0,youtube_suggest,2026-09-12 21:03:11.597088
6088,76,118,tea garden drone view,0.2857,4,1,46.0,youtube_suggest,2026-09-12 21:03:11.597307
6089,76,118,tea garden drone shot,0.2857,4,1,46.0,youtube_suggest,2026-09-12 21:03:11.597478
6090,76,118,tea garden express announcement,0.2857,4,1,46.0,youtube_suggest,2026-09-12 21:03:11.597637
6091,77,119,tea garden tea garden,0.5,4,1,61.0,youtube_suggest,2026-09-12 21:06:15.929042
6092,77,119,tea garden how to play,0.4,5,1,56.0,youtube_suggest,2026-09-12 21:06:15.929330
6093,77,119,tea garden at home,0.4,4,1,54.0,youtube_suggest,2026-09-12 21:06:15.929536
6094,77,119,tea garden background video,0.4,4,1,54.0,youtube_suggest,2026-09-12 21:06:15.929761
6095,77,119,tea garden cinematic video,0.4,4,1,54.0,youtube_suggest,2026-09-12 21:06:15.929953
6096,77,119,tea garden for sale,0.4,4,1,54.0,youtube_suggest,2026-09-12 21:06:15.930137
6097,77,119,tea garden for sale in assam,0.3333,6,1,53.33,youtube_suggest,2026-09-12 21:06:15.932344
6098,77,119,tea garden for sale in darjeeling,0.3333,6,1,53.33,youtube_suggest,2026-09-12 21:06:15.933969
6099,77,119,tea garden machine,0.4,3,1,52.0,youtube_suggest,2026-09-12 21:06:15.934245
6100,77,119,tea garden plants,0.4,3,1,52.0,youtube_suggest,2026-09-12 21:06:15.934503
6101,77,119,tea garden bangladesh,0.4,3,1,52.0,youtube_suggest,2026-09-12 21:06:15.934736
6102,77,119,tea garden sylhet,0.4,3,1,52.0,youtube_suggest,2026-09-12 21:06:15.934901
6103,77,119,tea garden music,0.4,3,1,52.0,youtube_suggest,2026-09-12 21:06:15.935051
6104,77,119,tea garden ambience,0.4,3,1,52.0,youtube_suggest,2026-09-12 21:06:15.935199
6105,77,119,tea garden assam,0.4,3,1,52.0,youtube_suggest,2026-09-12 21:06:15.935352
6106,77,119,tea garden art,0.4,3,1,52.0,youtube_suggest,2026-09-12 21:06:15.935490
6107,77,119,tea garden application,0.4,3,1,52.0,youtube_suggest,2026-09-12 21:06:15.935647
6108,77,119,tea garden bungalow,0.4,3,1,52.0,youtube_suggest,2026-09-12 21:06:15.940807
6109,77,119,tea garden business,0.4,3,1,52.0,youtube_suggest,2026-09-12 21:06:15.941030
6110,77,119,tea garden china,0.4,3,1,52.0,youtube_suggest,2026-09-12 21:06:15.941204
6111,77,119,tea garden cafe,0.4,3,1,52.0,youtube_suggest,2026-09-12 21:06:15.941372
6112,77,119,tea garden champawat,0.4,3,1,52.0,youtube_suggest,2026-09-12 21:06:15.941542
6113,77,119,tea garden coonoor,0.4,3,1,52.0,youtube_suggest,2026-09-12 21:06:15.941698
6114,77,119,tea garden cutting,0.4,3,1,52.0,youtube_suggest,2026-09-12 21:06:15.941859
6115,77,119,tea garden community,0.4,3,1,52.0,youtube_suggest,2026-09-12 21:06:15.942009
6116,77,119,tea garden cake,0.4,3,1,52.0,youtube_suggest,2026-09-12 21:06:15.942155
6117,77,119,tea garden darjeeling,0.4,3,1,52.0,youtube_suggest,2026-09-12 21:06:15.942301
6118,77,119,tea garden design,0.4,3,1,52.0,youtube_suggest,2026-09-12 21:06:15.942518
6119,77,119,tea garden drawing,0.4,3,1,52.0,youtube_suggest,2026-09-12 21:06:15.942795
6120,77,119,tea garden dance,0.4,3,1,52.0,youtube_suggest,2026-09-12 21:06:15.942992
6121,77,119,tea garden dress,0.4,3,1,52.0,youtube_suggest,2026-09-12 21:06:15.943168
6122,77,119,tea garden documentary,0.4,3,1,52.0,youtube_suggest,2026-09-12 21:06:15.943318
6123,77,119,tea garden expansion,0.4,3,1,52.0,youtube_suggest,2026-09-12 21:06:15.943476
6124,77,119,tea garden express,0.4,3,1,52.0,youtube_suggest,2026-09-12 21:06:15.943672
6125,77,119,tea garden elephant,0.4,3,1,52.0,youtube_suggest,2026-09-12 21:06:15.943880
6126,77,119,tea garden eppadi,0.4,3,1,52.0,youtube_suggest,2026-09-12 21:06:15.944130
6127,77,119,tea garden essay,0.4,3,1,52.0,youtube_suggest,2026-09-12 21:06:15.944316
6128,77,119,tea garden fertilizer,0.4,3,1,52.0,youtube_suggest,2026-09-12 21:06:15.944463
6129,77,119,tea garden factory,0.4,3,1,52.0,youtube_suggest,2026-09-12 21:06:15.948757
6130,77,119,tea garden fungicide,0.4,3,1,52.0,youtube_suggest,2026-09-12 21:06:15.949134
6131,77,119,tea garden farming,0.4,3,1,52.0,youtube_suggest,2026-09-12 21:06:15.949376
6132,77,119,tea garden flower,0.4,3,1,52.0,youtube_suggest,2026-09-12 21:06:15.949856
6133,77,119,tea garden franchise,0.4,3,1,52.0,youtube_suggest,2026-09-12 21:06:15.950056
6134,77,119,tea garden film,0.4,3,1,52.0,youtube_suggest,2026-09-12 21:06:15.950246
6135,77,119,tea garden management,0.4,3,1,52.0,youtube_suggest,2026-09-12 21:06:15.950483
6136,77,119,tea garden plantation,0.4,3,1,52.0,youtube_suggest,2026-09-12 21:06:15.950680
6137,77,119,tea garden and van winkle,0.3333,5,1,51.33,youtube_suggest,2026-09-12 21:06:15.950873
6138,77,119,tea garden board game how to play,0.2857,7,1,50.0,youtube_suggest,2026-09-12 21:06:15.951079
6139,77,119,tea garden spray machine,0.3333,4,1,49.33,youtube_suggest,2026-09-12 21:06:15.951254
6140,77,119,tea garden cutting machine,0.3333,4,1,49.33,youtube_suggest,2026-09-12 21:06:15.951425
6141,77,119,tea garden pruning machine,0.3333,4,1,49.33,youtube_suggest,2026-09-12 21:06:15.951628
6142,77,119,tea garden cutter machine,0.3333,4,1,49.33,youtube_suggest,2026-09-12 21:06:15.951784
6143,77,119,tea garden plucking machine,0.3333,4,1,49.33,youtube_suggest,2026-09-12 21:06:15.951941
6144,77,119,tea garden board game,0.3333,4,1,49.33,youtube_suggest,2026-09-12 21:06:15.956978
6145,77,119,tea garden assamese song,0.3333,4,1,49.33,youtube_suggest,2026-09-12 21:06:15.957226
6146,77,119,tea garden assistant manager,0.3333,4,1,49.33,youtube_suggest,2026-09-12 21:06:15.957427
6147,77,119,tea garden assam song,0.3333,4,1,49.33,youtube_suggest,2026-09-12 21:06:15.957629
6148,77,119,tea garden background music,0.3333,4,1,49.33,youtube_suggest,2026-09-12 21:06:15.957888
6149,77,119,tea garden chinese drama,0.3333,4,1,49.33,youtube_suggest,2026-09-12 21:06:15.958075
6150,77,119,tea garden dice tower,0.3333,4,1,49.33,youtube_suggest,2026-09-12 21:06:15.958255
6151,78,120,tea garden how to play,0.2857,5,1,48.0,youtube_suggest,2026-09-12 21:09:29.057996
6152,78,120,tea garden for sale in assam,0.25,6,1,47.5,youtube_suggest,2026-09-12 21:09:29.058211
6153,78,120,tea garden for sale in darjeeling,0.25,6,1,47.5,youtube_suggest,2026-09-12 21:09:29.058354
6154,78,120,tea garden at home,0.2857,4,1,46.0,youtube_suggest,2026-09-12 21:09:29.058650
6155,78,120,tea garden background video,0.2857,4,1,46.0,youtube_suggest,2026-09-12 21:09:29.058779
6156,78,120,tea garden cinematic video,0.2857,4,1,46.0,youtube_suggest,2026-09-12 21:09:29.058903
6157,78,120,tea garden for sale,0.2857,4,1,46.0,youtube_suggest,2026-09-12 21:09:29.059019
6158,78,120,tea garden board game how to play,0.2222,7,1,45.56,youtube_suggest,2026-09-12 21:09:29.059134
6159,78,120,tea garden and van winkle,0.25,5,1,45.5,youtube_suggest,2026-09-12 21:09:29.059246
6160,78,120,tea garden machine,0.2857,3,1,44.0,youtube_suggest,2026-09-12 21:09:29.059369
6161,78,120,tea garden plants,0.2857,3,1,44.0,youtube_suggest,2026-09-12 21:09:29.059484
6162,78,120,tea garden bangladesh,0.2857,3,1,44.0,youtube_suggest,2026-09-12 21:09:29.059596
6163,78,120,tea garden sylhet,0.2857,3,1,44.0,youtube_suggest,2026-09-12 21:09:29.059707
6164,78,120,tea garden music,0.2857,3,1,44.0,youtube_suggest,2026-09-12 21:09:29.059816
6165,78,120,tea garden ambience,0.2857,3,1,44.0,youtube_suggest,2026-09-12 21:09:29.060098
6166,78,120,tea garden assam,0.2857,3,1,44.0,youtube_suggest,2026-09-12 21:09:29.060221
6167,78,120,tea garden art,0.2857,3,1,44.0,youtube_suggest,2026-09-12 21:09:29.060335
6168,78,120,tea garden application,0.2857,3,1,44.0,youtube_suggest,2026-09-12 21:09:29.060466
6169,78,120,tea garden bungalow,0.2857,3,1,44.0,youtube_suggest,2026-09-12 21:09:29.063959
6170,78,120,tea garden business,0.2857,3,1,44.0,youtube_suggest,2026-09-12 21:09:29.064487
6171,78,120,tea garden china,0.2857,3,1,44.0,youtube_suggest,2026-09-12 21:09:29.064808
6172,78,120,tea garden cafe,0.2857,3,1,44.0,youtube_suggest,2026-09-12 21:09:29.065929
6173,78,120,tea garden champawat,0.2857,3,1,44.0,youtube_suggest,2026-09-12 21:09:29.068962
6174,78,120,tea garden coonoor,0.2857,3,1,44.0,youtube_suggest,2026-09-12 21:09:29.069211
6175,78,120,tea garden cutting,0.2857,3,1,44.0,youtube_suggest,2026-09-12 21:09:29.069455
6176,78,120,tea garden community,0.2857,3,1,44.0,youtube_suggest,2026-09-12 21:09:29.069656
6177,78,120,tea garden cake,0.2857,3,1,44.0,youtube_suggest,2026-09-12 21:09:29.070089
6178,78,120,tea garden darjeeling,0.2857,3,1,44.0,youtube_suggest,2026-09-12 21:09:29.070290
6179,78,120,tea garden design,0.2857,3,1,44.0,youtube_suggest,2026-09-12 21:09:29.073148
6180,78,120,tea garden drawing,0.2857,3,1,44.0,youtube_suggest,2026-09-12 21:09:29.073364
6181,78,120,tea garden dance,0.2857,3,1,44.0,youtube_suggest,2026-09-12 21:09:29.073553
6182,78,120,tea garden dress,0.2857,3,1,44.0,youtube_suggest,2026-09-12 21:09:29.073704
6183,78,120,tea garden documentary,0.2857,3,1,44.0,youtube_suggest,2026-09-12 21:09:29.073822
6184,78,120,tea garden expansion,0.2857,3,1,44.0,youtube_suggest,2026-09-12 21:09:29.073984
6185,78,120,tea garden express,0.2857,3,1,44.0,youtube_suggest,2026-09-12 21:09:29.074201
6186,78,120,tea garden elephant,0.2857,3,1,44.0,youtube_suggest,2026-09-12 21:09:29.076085
6187,78,120,tea garden eppadi,0.2857,3,1,44.0,youtube_suggest,2026-09-12 21:09:29.076219
6188,78,120,tea garden essay,0.2857,3,1,44.0,youtube_suggest,2026-09-12 21:09:29.076338
6189,78,120,tea garden fertilizer,0.2857,3,1,44.0,youtube_suggest,2026-09-12 21:09:29.076468
6190,78,120,tea garden factory,0.2857,3,1,44.0,youtube_suggest,2026-09-12 21:09:29.078105
6191,78,120,tea garden fungicide,0.2857,3,1,44.0,youtube_suggest,2026-09-12 21:09:29.078418
6192,78,120,tea garden farming,0.2857,3,1,44.0,youtube_suggest,2026-09-12 21:09:29.078584
6193,78,120,tea garden flower,0.2857,3,1,44.0,youtube_suggest,2026-09-12 21:09:29.078720
6194,78,120,tea garden franchise,0.2857,3,1,44.0,youtube_suggest,2026-09-12 21:09:29.078859
6195,78,120,tea garden film,0.2857,3,1,44.0,youtube_suggest,2026-09-12 21:09:29.078993
6196,78,120,tea garden grass cutting machine,0.2222,5,1,43.56,youtube_suggest,2026-09-12 21:09:29.079125
6197,78,120,tea garden katne wali machine,0.2222,5,1,43.56,youtube_suggest,2026-09-12 21:09:29.079254
6198,78,120,tea garden board game review,0.2222,5,1,43.56,youtube_suggest,2026-09-12 21:09:29.079393
6199,78,120,tea garden assistant manager salary,0.2222,5,1,43.56,youtube_suggest,2026-09-12 21:09:29.079544
6200,78,120,tea garden board game playthrough,0.2222,5,1,43.56,youtube_suggest,2026-09-12 21:09:29.079835
6201,78,120,tea garden board game unboxing,0.2222,5,1,43.56,youtube_suggest,2026-09-12 21:09:29.079977
6202,78,120,tea garden drawing oil pastel,0.2222,5,1,43.56,youtube_suggest,2026-09-12 21:09:29.080108
6203,78,120,tea garden spray machine,0.25,4,1,43.5,youtube_suggest,2026-09-12 21:09:29.080318
6204,78,120,tea garden cutting machine,0.25,4,1,43.5,youtube_suggest,2026-09-12 21:09:29.084853
6205,78,120,tea garden pruning machine,0.25,4,1,43.5,youtube_suggest,2026-09-12 21:09:29.085103
6206,78,120,tea leaf picking machine,0.25,4,1,43.5,youtube_suggest,2026-09-12 21:09:29.085403
6207,78,120,tea garden cutter machine,0.25,4,1,43.5,youtube_suggest,2026-09-12 21:09:29.085534
6208,78,120,tea garden plucking machine,0.25,4,1,43.5,youtube_suggest,2026-09-12 21:09:29.085658
6209,78,120,tea garden board game,0.25,4,1,43.5,youtube_suggest,2026-09-12 21:09:29.085787
6210,78,120,tea garden assamese song,0.25,4,1,43.5,youtube_suggest,2026-09-12 21:09:29.085912
6211,79,121,tea garden how to play,0.3333,5,1,51.33,youtube_suggest,2026-09-12 21:12:34.291040
6212,79,121,tea garden for sale in assam,0.2857,6,1,50.0,youtube_suggest,2026-09-12 21:12:34.291444
6213,79,121,tea garden for sale in darjeeling,0.2857,6,1,50.0,youtube_suggest,2026-09-12 21:12:34.291670
6214,79,121,tea garden at home,0.3333,4,1,49.33,youtube_suggest,2026-09-12 21:12:34.291858
6215,79,121,tea garden background video,0.3333,4,1,49.33,youtube_suggest,2026-09-12 21:12:34.292055
6216,79,121,tea garden cinematic video,0.3333,4,1,49.33,youtube_suggest,2026-09-12 21:12:34.292263
6217,79,121,tea garden for sale,0.3333,4,1,49.33,youtube_suggest,2026-09-12 21:12:34.297829
6218,79,121,tea garden and van winkle,0.2857,5,1,48.0,youtube_suggest,2026-09-12 21:12:34.298071
6219,79,121,tea garden board game how to play,0.25,7,1,47.5,youtube_suggest,2026-09-12 21:12:34.298282
6220,79,121,mountain rhett walker,0.3333,3,1,47.33,youtube_suggest,2026-09-12 21:12:34.298474
6221,79,121,tea garden machine,0.3333,3,1,47.33,youtube_suggest,2026-09-12 21:12:34.298662
6222,79,121,tea garden plants,0.3333,3,1,47.33,youtube_suggest,2026-09-12 21:12:34.300180
6223,79,121,tea garden bangladesh,0.3333,3,1,47.33,youtube_suggest,2026-09-12 21:12:34.300524
6224,79,121,tea garden sylhet,0.3333,3,1,47.33,youtube_suggest,2026-09-12 21:12:34.308041
6225,79,121,tea garden music,0.3333,3,1,47.33,youtube_suggest,2026-09-12 21:12:34.308279
6226,79,121,tea garden ambience,0.3333,3,1,47.33,youtube_suggest,2026-09-12 21:12:34.308475
6227,79,121,tea garden assam,0.3333,3,1,47.33,youtube_suggest,2026-09-12 21:12:34.308705
6228,79,121,tea garden art,0.3333,3,1,47.33,youtube_suggest,2026-09-12 21:12:34.308896
6229,79,121,tea garden application,0.3333,3,1,47.33,youtube_suggest,2026-09-12 21:12:34.309082
6230,79,121,tea garden bungalow,0.3333,3,1,47.33,youtube_suggest,2026-09-12 21:12:34.309421
6231,79,121,tea garden business,0.3333,3,1,47.33,youtube_suggest,2026-09-12 21:12:34.309603
6232,79,121,tea garden china,0.3333,3,1,47.33,youtube_suggest,2026-09-12 21:12:34.309810
6233,79,121,tea garden cafe,0.3333,3,1,47.33,youtube_suggest,2026-09-12 21:12:34.309999
6234,79,121,tea garden champawat,0.3333,3,1,47.33,youtube_suggest,2026-09-12 21:12:34.310206
6235,79,121,tea garden coonoor,0.3333,3,1,47.33,youtube_suggest,2026-09-12 21:12:34.310392
6236,79,121,tea garden cutting,0.3333,3,1,47.33,youtube_suggest,2026-09-12 21:12:34.310590
6237,79,121,tea garden community,0.3333,3,1,47.33,youtube_suggest,2026-09-12 21:12:34.310770
6238,79,121,tea garden cake,0.3333,3,1,47.33,youtube_suggest,2026-09-12 21:12:34.310978
6239,79,121,tea garden darjeeling,0.3333,3,1,47.33,youtube_suggest,2026-09-12 21:12:34.311164
6240,79,121,tea garden design,0.3333,3,1,47.33,youtube_suggest,2026-09-12 21:12:34.311356
6241,79,121,tea garden drawing,0.3333,3,1,47.33,youtube_suggest,2026-09-12 21:12:34.311532
6242,79,121,tea garden dance,0.3333,3,1,47.33,youtube_suggest,2026-09-12 21:12:34.311707
6243,79,121,tea garden dress,0.3333,3,1,47.33,youtube_suggest,2026-09-12 21:12:34.311885
6244,79,121,tea garden documentary,0.3333,3,1,47.33,youtube_suggest,2026-09-12 21:12:34.312062
6245,79,121,tea garden expansion,0.3333,3,1,47.33,youtube_suggest,2026-09-12 21:12:34.312249
6246,79,121,tea garden express,0.3333,3,1,47.33,youtube_suggest,2026-09-12 21:12:34.312430
6247,79,121,tea garden elephant,0.3333,3,1,47.33,youtube_suggest,2026-09-12 21:12:34.318278
6248,79,121,tea garden eppadi,0.3333,3,1,47.33,youtube_suggest,2026-09-12 21:12:34.318528
6249,79,121,tea garden essay,0.3333,3,1,47.33,youtube_suggest,2026-09-12 21:12:34.318718
6250,79,121,tea garden fertilizer,0.3333,3,1,47.33,youtube_suggest,2026-09-12 21:12:34.318923
6251,79,121,tea garden factory,0.3333,3,1,47.33,youtube_suggest,2026-09-12 21:12:34.319107
6252,79,121,tea garden fungicide,0.3333,3,1,47.33,youtube_suggest,2026-09-12 21:12:34.328127
6253,79,121,tea garden farming,0.3333,3,1,47.33,youtube_suggest,2026-09-12 21:12:34.328402
6254,79,121,tea garden flower,0.3333,3,1,47.33,youtube_suggest,2026-09-12 21:12:34.328631
6255,79,121,tea garden franchise,0.3333,3,1,47.33,youtube_suggest,2026-09-12 21:12:34.328823
6256,79,121,tea garden film,0.3333,3,1,47.33,youtube_suggest,2026-09-12 21:12:34.329010
6257,79,121,mountain mover water walker,0.2857,4,1,46.0,youtube_suggest,2026-09-12 21:12:34.329201
6258,79,121,tea garden spray machine,0.2857,4,1,46.0,youtube_suggest,2026-09-12 21:12:34.329387
6259,79,121,tea garden cutting machine,0.2857,4,1,46.0,youtube_suggest,2026-09-12 21:12:34.329573
6260,79,121,tea garden pruning machine,0.2857,4,1,46.0,youtube_suggest,2026-09-12 21:12:34.329856
6261,79,121,tea garden cutter machine,0.2857,4,1,46.0,youtube_suggest,2026-09-12 21:12:34.330046
6262,79,121,tea garden plucking machine,0.2857,4,1,46.0,youtube_suggest,2026-09-12 21:12:34.330246
6263,79,121,tea garden board game,0.2857,4,1,46.0,youtube_suggest,2026-09-12 21:12:34.330440
6264,79,121,tea garden assamese song,0.2857,4,1,46.0,youtube_suggest,2026-09-12 21:12:34.330620
6265,79,121,tea garden assistant manager,0.2857,4,1,46.0,youtube_suggest,2026-09-12 21:12:34.330796
6266,79,121,tea garden assam song,0.2857,4,1,46.0,youtube_suggest,2026-09-12 21:12:34.331003
6267,79,121,tea garden background music,0.2857,4,1,46.0,youtube_suggest,2026-09-12 21:12:34.331187
6268,79,121,tea garden chinese drama,0.2857,4,1,46.0,youtube_suggest,2026-09-12 21:12:34.331381
6269,79,121,tea garden dice tower,0.2857,4,1,46.0,youtube_suggest,2026-09-12 21:12:34.331560
6270,79,121,tea garden drone view,0.2857,4,1,46.0,youtube_suggest,2026-09-12 21:12:34.331737
6271,80,122,tea garden how to play,0.2857,5,1,48.0,youtube_suggest,2026-09-12 21:15:33.436230
6272,80,122,tea garden for sale in assam,0.25,6,1,47.5,youtube_suggest,2026-09-12 21:15:33.436516
6273,80,122,tea garden for sale in darjeeling,0.25,6,1,47.5,youtube_suggest,2026-09-12 21:15:33.443238
6274,80,122,tea garden at home,0.2857,4,1,46.0,youtube_suggest,2026-09-12 21:15:33.444707
6275,80,122,tea garden background video,0.2857,4,1,46.0,youtube_suggest,2026-09-12 21:15:33.446451
6276,80,122,tea garden cinematic video,0.2857,4,1,46.0,youtube_suggest,2026-09-12 21:15:33.447445
6277,80,122,tea garden for sale,0.2857,4,1,46.0,youtube_suggest,2026-09-12 21:15:33.448933
6278,80,122,tea garden board game how to play,0.2222,7,1,45.56,youtube_suggest,2026-09-12 21:15:33.449202
6279,80,122,tea garden and van winkle,0.25,5,1,45.5,youtube_suggest,2026-09-12 21:15:33.449416
6280,80,122,tea garden machine,0.2857,3,1,44.0,youtube_suggest,2026-09-12 21:15:33.449604
6281,80,122,tea garden plants,0.2857,3,1,44.0,youtube_suggest,2026-09-12 21:15:33.449792
6282,80,122,tea garden bangladesh,0.2857,3,1,44.0,youtube_suggest,2026-09-12 21:15:33.456913
6283,80,122,tea garden sylhet,0.2857,3,1,44.0,youtube_suggest,2026-09-12 21:15:33.457096
6284,80,122,tea garden music,0.2857,3,1,44.0,youtube_suggest,2026-09-12 21:15:33.457238
6285,80,122,tea garden ambience,0.2857,3,1,44.0,youtube_suggest,2026-09-12 21:15:33.457422
6286,80,122,tea garden assam,0.2857,3,1,44.0,youtube_suggest,2026-09-12 21:15:33.457564
6287,80,122,tea garden art,0.2857,3,1,44.0,youtube_suggest,2026-09-12 21:15:33.457691
6288,80,122,tea garden application,0.2857,3,1,44.0,youtube_suggest,2026-09-12 21:15:33.457859
6289,80,122,tea garden bungalow,0.2857,3,1,44.0,youtube_suggest,2026-09-12 21:15:33.458009
6290,80,122,tea garden business,0.2857,3,1,44.0,youtube_suggest,2026-09-12 21:15:33.458153
6291,80,122,tea garden china,0.2857,3,1,44.0,youtube_suggest,2026-09-12 21:15:33.458307
6292,80,122,tea garden cafe,0.2857,3,1,44.0,youtube_suggest,2026-09-12 21:15:33.458451
6293,80,122,tea garden champawat,0.2857,3,1,44.0,youtube_suggest,2026-09-12 21:15:33.458597
6294,80,122,tea garden coonoor,0.2857,3,1,44.0,youtube_suggest,2026-09-12 21:15:33.458740
6295,80,122,tea garden cutting,0.2857,3,1,44.0,youtube_suggest,2026-09-12 21:15:33.458888
6296,80,122,tea garden community,0.2857,3,1,44.0,youtube_suggest,2026-09-12 21:15:33.459033
6297,80,122,tea garden cake,0.2857,3,1,44.0,youtube_suggest,2026-09-12 21:15:33.460881
6298,80,122,tea garden darjeeling,0.2857,3,1,44.0,youtube_suggest,2026-09-12 21:15:33.461089
6299,80,122,tea garden design,0.2857,3,1,44.0,youtube_suggest,2026-09-12 21:15:33.461274
6300,80,122,tea garden drawing,0.2857,3,1,44.0,youtube_suggest,2026-09-12 21:15:33.461431
6301,80,122,tea garden dance,0.2857,3,1,44.0,youtube_suggest,2026-09-12 21:15:33.461583
6302,80,122,tea garden dress,0.2857,3,1,44.0,youtube_suggest,2026-09-12 21:15:33.461742
6303,80,122,tea garden documentary,0.2857,3,1,44.0,youtube_suggest,2026-09-12 21:15:33.461891
6304,80,122,tea garden expansion,0.2857,3,1,44.0,youtube_suggest,2026-09-12 21:15:33.462038
6305,80,122,tea garden express,0.2857,3,1,44.0,youtube_suggest,2026-09-12 21:15:33.462187
6306,80,122,tea garden elephant,0.2857,3,1,44.0,youtube_suggest,2026-09-12 21:15:33.462354
6307,80,122,tea garden eppadi,0.2857,3,1,44.0,youtube_suggest,2026-09-12 21:15:33.462502
6308,80,122,tea garden essay,0.2857,3,1,44.0,youtube_suggest,2026-09-12 21:15:33.462644
6309,80,122,tea garden fertilizer,0.2857,3,1,44.0,youtube_suggest,2026-09-12 21:15:33.462801
6310,80,122,tea garden factory,0.2857,3,1,44.0,youtube_suggest,2026-09-12 21:15:33.463029
6311,80,122,tea garden fungicide,0.2857,3,1,44.0,youtube_suggest,2026-09-12 21:15:33.463188
6312,80,122,tea garden farming,0.2857,3,1,44.0,youtube_suggest,2026-09-12 21:15:33.463346
6313,80,122,tea garden flower,0.2857,3,1,44.0,youtube_suggest,2026-09-12 21:15:33.463492
6314,80,122,tea garden franchise,0.2857,3,1,44.0,youtube_suggest,2026-09-12 21:15:33.463643
6315,80,122,tea garden film,0.2857,3,1,44.0,youtube_suggest,2026-09-12 21:15:33.463789
6316,80,122,tea garden grass cutting machine,0.2222,5,1,43.56,youtube_suggest,2026-09-12 21:15:33.463929
6317,80,122,tea garden katne wali machine,0.2222,5,1,43.56,youtube_suggest,2026-09-12 21:15:33.464069
6318,80,122,tea garden board game review,0.2222,5,1,43.56,youtube_suggest,2026-09-12 21:15:33.464207
6319,80,122,tea garden assistant manager salary,0.2222,5,1,43.56,youtube_suggest,2026-09-12 21:15:33.464361
6320,80,122,tea garden board game playthrough,0.2222,5,1,43.56,youtube_suggest,2026-09-12 21:15:33.464504
6321,80,122,tea garden board game unboxing,0.2222,5,1,43.56,youtube_suggest,2026-09-12 21:15:33.475406
6322,80,122,tea garden drawing oil pastel,0.2222,5,1,43.56,youtube_suggest,2026-09-12 21:15:33.475654
6323,80,122,tea garden spray machine,0.25,4,1,43.5,youtube_suggest,2026-09-12 21:15:33.475972
6324,80,122,tea garden cutting machine,0.25,4,1,43.5,youtube_suggest,2026-09-12 21:15:33.476173
6325,80,122,tea garden pruning machine,0.25,4,1,43.5,youtube_suggest,2026-09-12 21:15:33.476376
6326,80,122,tea garden cutter machine,0.25,4,1,43.5,youtube_suggest,2026-09-12 21:15:33.481675
6327,80,122,tea garden plucking machine,0.25,4,1,43.5,youtube_suggest,2026-09-12 21:15:33.482038
6328,80,122,titan quest earth build,0.25,4,1,43.5,youtube_suggest,2026-09-12 21:15:33.482288
6329,80,122,tea garden board game,0.25,4,1,43.5,youtube_suggest,2026-09-12 21:15:33.482505
6330,80,122,tea garden assamese song,0.25,4,1,43.5,youtube_suggest,2026-09-12 21:15:33.482717
6331,81,123,tea garden how to play,0.3333,5,1,51.33,youtube_suggest,2026-09-12 21:23:20.256406
6332,81,123,tea garden for sale in assam,0.2857,6,1,50.0,youtube_suggest,2026-09-12 21:23:20.260835
6333,81,123,tea garden for sale in darjeeling,0.2857,6,1,50.0,youtube_suggest,2026-09-12 21:23:20.261041
6334,81,123,tea garden at home,0.3333,4,1,49.33,youtube_suggest,2026-09-12 21:23:20.261186
6335,81,123,tea garden background video,0.3333,4,1,49.33,youtube_suggest,2026-09-12 21:23:20.261345
6336,81,123,tea garden cinematic video,0.3333,4,1,49.33,youtube_suggest,2026-09-12 21:23:20.261485
6337,81,123,tea garden for sale,0.3333,4,1,49.33,youtube_suggest,2026-09-12 21:23:20.261623
6338,81,123,tea garden and van winkle,0.2857,5,1,48.0,youtube_suggest,2026-09-12 21:23:20.261760
6339,81,123,tea garden board game how to play,0.25,7,1,47.5,youtube_suggest,2026-09-12 21:23:20.261896
6340,81,123,tea garden machine,0.3333,3,1,47.33,youtube_suggest,2026-09-12 21:23:20.262059
6341,81,123,tea harvesting machine,0.3333,3,1,47.33,youtube_suggest,2026-09-12 21:23:20.262192
6342,81,123,solar tea maker,0.3333,3,1,47.33,youtube_suggest,2026-09-12 21:23:20.262341
6343,81,123,tea garden plants,0.3333,3,1,47.33,youtube_suggest,2026-09-12 21:23:20.262476
6344,81,123,tea garden bangladesh,0.3333,3,1,47.33,youtube_suggest,2026-09-12 21:23:20.262611
6345,81,123,tea garden sylhet,0.3333,3,1,47.33,youtube_suggest,2026-09-12 21:23:20.262746
6346,81,123,tea garden music,0.3333,3,1,47.33,youtube_suggest,2026-09-12 21:23:20.262879
6347,81,123,tea garden ambience,0.3333,3,1,47.33,youtube_suggest,2026-09-12 21:23:20.263011
6348,81,123,tea garden assam,0.3333,3,1,47.33,youtube_suggest,2026-09-12 21:23:20.263145
6349,81,123,tea garden art,0.3333,3,1,47.33,youtube_suggest,2026-09-12 21:23:20.263288
6350,81,123,tea garden application,0.3333,3,1,47.33,youtube_suggest,2026-09-12 21:23:20.263417
6351,81,123,tea garden bungalow,0.3333,3,1,47.33,youtube_suggest,2026-09-12 21:23:20.263545
6352,81,123,tea garden business,0.3333,3,1,47.33,youtube_suggest,2026-09-12 21:23:20.263675
6353,81,123,tea garden china,0.3333,3,1,47.33,youtube_suggest,2026-09-12 21:23:20.263813
6354,81,123,tea garden cafe,0.3333,3,1,47.33,youtube_suggest,2026-09-12 21:23:20.263943
6355,81,123,tea garden champawat,0.3333,3,1,47.33,youtube_suggest,2026-09-12 21:23:20.264075
6356,81,123,tea garden coonoor,0.3333,3,1,47.33,youtube_suggest,2026-09-12 21:23:20.264208
6357,81,123,tea garden cutting,0.3333,3,1,47.33,youtube_suggest,2026-09-12 21:23:20.270326
6358,81,123,tea garden community,0.3333,3,1,47.33,youtube_suggest,2026-09-12 21:23:20.270563
6359,81,123,tea garden cake,0.3333,3,1,47.33,youtube_suggest,2026-09-12 21:23:20.270709
6360,81,123,tea garden darjeeling,0.3333,3,1,47.33,youtube_suggest,2026-09-12 21:23:20.270845
6361,81,123,tea garden design,0.3333,3,1,47.33,youtube_suggest,2026-09-12 21:23:20.271010
6362,81,123,tea garden drawing,0.3333,3,1,47.33,youtube_suggest,2026-09-12 21:23:20.271146
6363,81,123,tea garden dance,0.3333,3,1,47.33,youtube_suggest,2026-09-12 21:23:20.271294
6364,81,123,tea garden dress,0.3333,3,1,47.33,youtube_suggest,2026-09-12 21:23:20.271426
6365,81,123,tea garden documentary,0.3333,3,1,47.33,youtube_suggest,2026-09-12 21:23:20.271570
6366,81,123,tea garden expansion,0.3333,3,1,47.33,youtube_suggest,2026-09-12 21:23:20.271702
6367,81,123,tea garden express,0.3333,3,1,47.33,youtube_suggest,2026-09-12 21:23:20.271844
6368,81,123,tea garden elephant,0.3333,3,1,47.33,youtube_suggest,2026-09-12 21:23:20.271975
6369,81,123,tea garden eppadi,0.3333,3,1,47.33,youtube_suggest,2026-09-12 21:23:20.272102
6370,81,123,tea garden essay,0.3333,3,1,47.33,youtube_suggest,2026-09-12 21:23:20.272228
6371,81,123,tea garden fertilizer,0.3333,3,1,47.33,youtube_suggest,2026-09-12 21:23:20.272365
6372,81,123,tea garden factory,0.3333,3,1,47.33,youtube_suggest,2026-09-12 21:23:20.272494
6373,81,123,tea garden fungicide,0.3333,3,1,47.33,youtube_suggest,2026-09-12 21:23:20.276956
6374,81,123,tea garden farming,0.3333,3,1,47.33,youtube_suggest,2026-09-12 21:23:20.277148
6375,81,123,tea garden flower,0.3333,3,1,47.33,youtube_suggest,2026-09-12 21:23:20.277316
6376,81,123,tea garden franchise,0.3333,3,1,47.33,youtube_suggest,2026-09-12 21:23:20.277460
6377,81,123,tea garden film,0.3333,3,1,47.33,youtube_suggest,2026-09-12 21:23:20.277600
6378,81,123,tea garden spray machine,0.2857,4,1,46.0,youtube_suggest,2026-09-12 21:23:20.277738
6379,81,123,tea garden cutting machine,0.2857,4,1,46.0,youtube_suggest,2026-09-12 21:23:20.277879
6380,81,123,tea garden pruning machine,0.2857,4,1,46.0,youtube_suggest,2026-09-12 21:23:20.278014
6381,81,123,tea garden cutter machine,0.2857,4,1,46.0,youtube_suggest,2026-09-12 21:23:20.278146
6382,81,123,tea garden plucking machine,0.2857,4,1,46.0,youtube_suggest,2026-09-12 21:23:20.278290
6383,81,123,tea garden board game,0.2857,4,1,46.0,youtube_suggest,2026-09-12 21:23:20.278426
6384,81,123,tea garden assamese song,0.2857,4,1,46.0,youtube_suggest,2026-09-12 21:23:20.278563
6385,81,123,tea garden assistant manager,0.2857,4,1,46.0,youtube_suggest,2026-09-12 21:23:20.278702
6386,81,123,tea garden assam song,0.2857,4,1,46.0,youtube_suggest,2026-09-12 21:23:20.278844
6387,81,123,tea garden background music,0.2857,4,1,46.0,youtube_suggest,2026-09-12 21:23:20.278974
6388,81,123,tea garden chinese drama,0.2857,4,1,46.0,youtube_suggest,2026-09-12 21:23:20.279101
6389,81,123,tea garden dice tower,0.2857,4,1,46.0,youtube_suggest,2026-09-12 21:23:20.279233
6390,81,123,tea garden drone view,0.2857,4,1,46.0,youtube_suggest,2026-09-12 21:23:20.279380
6391,82,124,tea garden how to play,0.4,5,1,56.0,youtube_suggest,2026-09-12 21:31:06.111703
6392,82,124,tea garden at home,0.4,4,1,54.0,youtube_suggest,2026-09-12 21:31:06.112229
6393,82,124,tea garden background video,0.4,4,1,54.0,youtube_suggest,2026-09-12 21:31:06.112441
6394,82,124,tea garden cinematic video,0.4,4,1,54.0,youtube_suggest,2026-09-12 21:31:06.112706
6395,82,124,tea garden for sale,0.4,4,1,54.0,youtube_suggest,2026-09-12 21:31:06.112853
6396,82,124,tea garden for sale in assam,0.3333,6,1,53.33,youtube_suggest,2026-09-12 21:31:06.112984
6397,82,124,tea garden for sale in darjeeling,0.3333,6,1,53.33,youtube_suggest,2026-09-12 21:31:06.113114
6398,82,124,organic tea garden,0.4,3,1,52.0,youtube_suggest,2026-09-12 21:31:06.113477
6399,82,124,tea garden plants,0.4,3,1,52.0,youtube_suggest,2026-09-12 21:31:06.113623
6400,82,124,tea garden bangladesh,0.4,3,1,52.0,youtube_suggest,2026-09-12 21:31:06.113775
6401,82,124,tea garden sylhet,0.4,3,1,52.0,youtube_suggest,2026-09-12 21:31:06.113973
6402,82,124,tea garden music,0.4,3,1,52.0,youtube_suggest,2026-09-12 21:31:06.114169
6403,82,124,tea garden ambience,0.4,3,1,52.0,youtube_suggest,2026-09-12 21:31:06.114382
6404,82,124,tea garden assam,0.4,3,1,52.0,youtube_suggest,2026-09-12 21:31:06.114572
6405,82,124,tea garden art,0.4,3,1,52.0,youtube_suggest,2026-09-12 21:31:06.115042
6406,82,124,tea garden application,0.4,3,1,52.0,youtube_suggest,2026-09-12 21:31:06.115259
6407,82,124,tea garden bungalow,0.4,3,1,52.0,youtube_suggest,2026-09-12 21:31:06.115529
6408,82,124,tea garden business,0.4,3,1,52.0,youtube_suggest,2026-09-12 21:31:06.115754
6409,82,124,tea garden china,0.4,3,1,52.0,youtube_suggest,2026-09-12 21:31:06.115914
6410,82,124,tea garden cafe,0.4,3,1,52.0,youtube_suggest,2026-09-12 21:31:06.116050
6411,82,124,tea garden champawat,0.4,3,1,52.0,youtube_suggest,2026-09-12 21:31:06.116413
6412,82,124,tea garden coonoor,0.4,3,1,52.0,youtube_suggest,2026-09-12 21:31:06.116971
6413,82,124,tea garden cutting,0.4,3,1,52.0,youtube_suggest,2026-09-12 21:31:06.117202
6414,82,124,tea garden community,0.4,3,1,52.0,youtube_suggest,2026-09-12 21:31:06.117395
6415,82,124,tea garden cake,0.4,3,1,52.0,youtube_suggest,2026-09-12 21:31:06.117838
6416,82,124,tea garden darjeeling,0.4,3,1,52.0,youtube_suggest,2026-09-12 21:31:06.118001
6417,82,124,tea garden design,0.4,3,1,52.0,youtube_suggest,2026-09-12 21:31:06.118136
6418,82,124,tea garden drawing,0.4,3,1,52.0,youtube_suggest,2026-09-12 21:31:06.118405
6419,82,124,tea garden dance,0.4,3,1,52.0,youtube_suggest,2026-09-12 21:31:06.118658
6420,82,124,tea garden dress,0.4,3,1,52.0,youtube_suggest,2026-09-12 21:31:06.119384
6421,82,124,tea garden documentary,0.4,3,1,52.0,youtube_suggest,2026-09-12 21:31:06.119639
6422,82,124,tea garden expansion,0.4,3,1,52.0,youtube_suggest,2026-09-12 21:31:06.119884
6423,82,124,tea garden express,0.4,3,1,52.0,youtube_suggest,2026-09-12 21:31:06.120123
6424,82,124,tea garden elephant,0.4,3,1,52.0,youtube_suggest,2026-09-12 21:31:06.120955
6425,82,124,tea garden eppadi,0.4,3,1,52.0,youtube_suggest,2026-09-12 21:31:06.121191
6426,82,124,tea garden essay,0.4,3,1,52.0,youtube_suggest,2026-09-12 21:31:06.121381
6427,82,124,tea garden fertilizer,0.4,3,1,52.0,youtube_suggest,2026-09-12 21:31:06.121571
6428,82,124,tea garden factory,0.4,3,1,52.0,youtube_suggest,2026-09-12 21:31:06.122049
6429,82,124,tea garden fungicide,0.4,3,1,52.0,youtube_suggest,2026-09-12 21:31:06.122286
6430,82,124,tea garden farming,0.4,3,1,52.0,youtube_suggest,2026-09-12 21:31:06.122466
6431,82,124,tea garden flower,0.4,3,1,52.0,youtube_suggest,2026-09-12 21:31:06.122644
6432,82,124,tea garden franchise,0.4,3,1,52.0,youtube_suggest,2026-09-12 21:31:06.122887
6433,82,124,tea garden film,0.4,3,1,52.0,youtube_suggest,2026-09-12 21:31:06.123075
6434,82,124,tea garden machine,0.4,3,1,52.0,youtube_suggest,2026-09-12 21:31:06.123490
6435,82,124,tea garden and van winkle,0.3333,5,1,51.33,youtube_suggest,2026-09-12 21:31:06.123695
6436,82,124,tea garden board game how to play,0.2857,7,1,50.0,youtube_suggest,2026-09-12 21:31:06.123881
6437,82,124,orange valley tea garden,0.3333,4,1,49.33,youtube_suggest,2026-09-12 21:31:06.124179
6438,82,124,tea garden board game,0.3333,4,1,49.33,youtube_suggest,2026-09-12 21:31:06.124459
6439,82,124,tea garden assamese song,0.3333,4,1,49.33,youtube_suggest,2026-09-12 21:31:06.124934
6440,82,124,tea garden assistant manager,0.3333,4,1,49.33,youtube_suggest,2026-09-12 21:31:06.125213
6441,82,124,tea garden assam song,0.3333,4,1,49.33,youtube_suggest,2026-09-12 21:31:06.125429
6442,82,124,tea garden background music,0.3333,4,1,49.33,youtube_suggest,2026-09-12 21:31:06.125618
6443,82,124,tea garden chinese drama,0.3333,4,1,49.33,youtube_suggest,2026-09-12 21:31:06.125838
6444,82,124,tea garden cutting machine,0.3333,4,1,49.33,youtube_suggest,2026-09-12 21:31:06.126342
6445,82,124,tea garden dice tower,0.3333,4,1,49.33,youtube_suggest,2026-09-12 21:31:06.126611
6446,82,124,tea garden drone view,0.3333,4,1,49.33,youtube_suggest,2026-09-12 21:31:06.126881
6447,82,124,tea garden drone shot,0.3333,4,1,49.33,youtube_suggest,2026-09-12 21:31:06.127214
6448,82,124,tea garden express announcement,0.3333,4,1,49.33,youtube_suggest,2026-09-12 21:31:06.127409
6449,82,124,tea garden eppadi seivathu,0.3333,4,1,49.33,youtube_suggest,2026-09-12 21:31:06.127813
6450,82,124,tea garden eco villas,0.3333,4,1,49.33,youtube_suggest,2026-09-12 21:31:06.127975
6451,83,125,banana plantation in the philippines,0.2857,5,1,48.0,youtube_suggest,2026-09-12 21:34:01.751666
6452,83,125,banana plantation in uganda,0.2857,4,1,46.0,youtube_suggest,2026-09-12 21:34:01.752014
6453,83,125,banana plantation in ecuador,0.2857,4,1,46.0,youtube_suggest,2026-09-12 21:34:01.752263
6454,83,125,banana plantation in zambia,0.2857,4,1,46.0,youtube_suggest,2026-09-12 21:34:01.752468
6455,83,125,banana plantation at home,0.2857,4,1,46.0,youtube_suggest,2026-09-12 21:34:01.753634
6456,83,125,banana plantation farming in uganda,0.25,5,1,45.5,youtube_suggest,2026-09-12 21:34:01.754650
6457,83,125,banana plantation song,0.2857,3,1,44.0,youtube_suggest,2026-09-12 21:34:01.755498
6458,83,125,banana plantation harvesting,0.2857,3,1,44.0,youtube_suggest,2026-09-12 21:34:01.756240
6459,83,125,banana plantation documentary,0.2857,3,1,44.0,youtube_suggest,2026-09-12 21:34:01.757129
6460,83,125,banana plantation telugu,0.2857,3,1,44.0,youtube_suggest,2026-09-12 21:34:01.757352
6461,83,125,banana plantation business,0.2857,3,1,44.0,youtube_suggest,2026-09-12 21:34:01.757546
6462,83,125,banana plantation drawing,0.2857,3,1,44.0,youtube_suggest,2026-09-12 21:34:01.759156
6463,83,125,banana plantation distance,0.2857,3,1,44.0,youtube_suggest,2026-09-12 21:34:01.759422
6464,83,125,banana plantation davao,0.2857,3,1,44.0,youtube_suggest,2026-09-12 21:34:01.759626
6465,83,125,banana plantation ecuador,0.2857,3,1,44.0,youtube_suggest,2026-09-12 21:34:01.759834
6466,83,125,banana plantation method,0.2857,3,1,44.0,youtube_suggest,2026-09-12 21:34:01.760099
6467,83,125,banana plantation farming,0.2857,3,1,44.0,youtube_suggest,2026-09-12 21:34:01.760302
6468,83,125,banana plantation fertilizer,0.2857,3,1,44.0,youtube_suggest,2026-09-12 21:34:01.760489
6469,83,125,banana plantation process,0.2857,3,1,44.0,youtube_suggest,2026-09-12 21:34:01.762085
6470,83,125,banana plantation davao del norte,0.2222,5,1,43.56,youtube_suggest,2026-09-12 21:34:01.762304
6471,83,125,banana plantation costa rica,0.25,4,1,43.5,youtube_suggest,2026-09-12 21:34:01.762539
6472,83,125,banana plantation irrigation system,0.25,4,1,43.5,youtube_suggest,2026-09-12 21:34:01.764389
6473,83,125,banana farming a to z,0.1429,5,1,38.0,youtube_suggest,2026-09-12 21:34:01.764635
6474,83,125,banana farming agribusiness how it works,0.1111,6,1,37.78,youtube_suggest,2026-09-12 21:34:01.764921
6475,83,125,the magic of the golden bear goldy iii,0.1,8,1,37.0,youtube_suggest,2026-09-12 21:34:01.765123
6476,83,125,banana farm btd battles 2,0.1111,5,1,35.78,youtube_suggest,2026-09-12 21:34:01.765451
6477,83,125,banana cultivation agri coaching chandigarh,0.1,5,1,35.0,youtube_suggest,2026-09-12 21:34:01.765719
6478,83,125,banana farm eco hostel arusha,0.1,5,1,35.0,youtube_suggest,2026-09-12 21:34:01.765932
6479,83,125,banana farming fertilizer schedule kannada,0.1,5,1,35.0,youtube_suggest,2026-09-12 21:34:01.766131
6480,83,125,banana planting at home,0.125,4,1,34.75,youtube_suggest,2026-09-12 21:34:01.766371
6481,83,125,banana planting and harvesting,0.125,4,1,34.75,youtube_suggest,2026-09-12 21:34:01.766573
6482,83,125,banana farming for beginners,0.125,4,1,34.75,youtube_suggest,2026-09-12 21:34:01.766767
6483,83,125,banana farming balram kisan,0.1111,4,1,33.78,youtube_suggest,2026-09-12 21:34:01.768610
6484,83,125,banana farm btd6 paragon,0.1111,4,1,33.78,youtube_suggest,2026-09-12 21:34:01.770187
6485,83,125,banana farming complete guide,0.1111,4,1,33.78,youtube_suggest,2026-09-12 21:34:01.770480
6486,83,125,banana farming drip irrigation,0.1111,4,1,33.78,youtube_suggest,2026-09-12 21:34:01.770690
6487,83,125,banana farming fertilizer schedule,0.1111,4,1,33.78,youtube_suggest,2026-09-12 21:34:01.771832
6488,83,125,banana farming full details,0.1111,4,1,33.78,youtube_suggest,2026-09-12 21:34:01.772097
6489,83,125,banana farming full process,0.1111,4,1,33.78,youtube_suggest,2026-09-12 21:34:01.772359
6490,83,125,banana farming new technology,0.1111,4,1,33.78,youtube_suggest,2026-09-12 21:34:01.772695
6491,83,125,banana tree cutting machine,0.1111,4,1,33.78,youtube_suggest,2026-09-12 21:34:01.772939
6492,83,125,banana plantation,0.3333,2,0,33.33,youtube_suggest,2026-09-12 21:34:01.773243
6493,83,125,banana farming assam,0.125,3,1,32.75,youtube_suggest,2026-09-12 21:34:01.773480
6494,83,125,banana farm australia,0.125,3,1,32.75,youtube_suggest,2026-09-12 21:34:01.773733
6495,83,125,banana tree art,0.125,3,1,32.75,youtube_suggest,2026-09-12 21:34:01.773885
6496,83,125,banana farming africa,0.125,3,1,32.75,youtube_suggest,2026-09-12 21:34:01.774089
6497,83,125,banana farm btd6,0.125,3,1,32.75,youtube_suggest,2026-09-12 21:34:01.776743
6498,83,125,banana farming business,0.125,3,1,32.75,youtube_suggest,2026-09-12 21:34:01.777154
6499,83,125,banana farming bihar,0.125,3,1,32.75,youtube_suggest,2026-09-12 21:34:01.777401
6500,83,125,banana farming bangladesh,0.125,3,1,32.75,youtube_suggest,2026-09-12 21:34:01.777642
6501,83,125,banana farm btd5,0.125,3,1,32.75,youtube_suggest,2026-09-12 21:34:01.777848
6502,83,125,banana farming botw,0.125,3,1,32.75,youtube_suggest,2026-09-12 21:34:01.778086
6503,83,125,banana farming china,0.125,3,1,32.75,youtube_suggest,2026-09-12 21:34:01.778289
6504,83,125,banana farm cutting,0.125,3,1,32.75,youtube_suggest,2026-09-12 21:34:01.778555
6505,83,125,banana farming cost,0.125,3,1,32.75,youtube_suggest,2026-09-12 21:34:01.778805
6506,83,125,banana farm crosspath,0.125,3,1,32.75,youtube_suggest,2026-09-12 21:34:01.778986
6507,83,125,banana farming course,0.125,3,1,32.75,youtube_suggest,2026-09-12 21:34:01.779204
6508,83,125,banana farm cleaning,0.125,3,1,32.75,youtube_suggest,2026-09-12 21:34:01.779423
6509,83,125,banana tree colour,0.125,3,1,32.75,youtube_suggest,2026-09-12 21:34:01.779606
6510,83,125,banana tree crying,0.125,3,1,32.75,youtube_suggest,2026-09-12 21:34:01.779875
6511,84,126,banana plantation in the philippines,0.2857,5,1,48.0,youtube_suggest,2026-09-12 21:36:20.762221
6512,84,126,banana plantation in uganda,0.2857,4,1,46.0,youtube_suggest,2026-09-12 21:36:20.762541
6513,84,126,banana plantation in ecuador,0.2857,4,1,46.0,youtube_suggest,2026-09-12 21:36:20.762749
6514,84,126,banana plantation in zambia,0.2857,4,1,46.0,youtube_suggest,2026-09-12 21:36:20.762957
6515,84,126,banana plantation at home,0.2857,4,1,46.0,youtube_suggest,2026-09-12 21:36:20.763148
6516,84,126,banana plantation farming in uganda,0.25,5,1,45.5,youtube_suggest,2026-09-12 21:36:20.763333
6517,84,126,banana plantation song,0.2857,3,1,44.0,youtube_suggest,2026-09-12 21:36:20.763515
6518,84,126,banana plantation harvesting,0.2857,3,1,44.0,youtube_suggest,2026-09-12 21:36:20.763700
6519,84,126,banana plantation documentary,0.2857,3,1,44.0,youtube_suggest,2026-09-12 21:36:20.763894
6520,84,126,banana plantation telugu,0.2857,3,1,44.0,youtube_suggest,2026-09-12 21:36:20.764073
6521,84,126,banana plantation business,0.2857,3,1,44.0,youtube_suggest,2026-09-12 21:36:20.764254
6522,84,126,banana plantation drawing,0.2857,3,1,44.0,youtube_suggest,2026-09-12 21:36:20.764433
6523,84,126,banana plantation distance,0.2857,3,1,44.0,youtube_suggest,2026-09-12 21:36:20.767517
6524,84,126,banana plantation davao,0.2857,3,1,44.0,youtube_suggest,2026-09-12 21:36:20.767820
6525,84,126,banana plantation ecuador,0.2857,3,1,44.0,youtube_suggest,2026-09-12 21:36:20.768025
6526,84,126,banana plantation method,0.2857,3,1,44.0,youtube_suggest,2026-09-12 21:36:20.768211
6527,84,126,banana plantation farming,0.2857,3,1,44.0,youtube_suggest,2026-09-12 21:36:20.768397
6528,84,126,banana plantation fertilizer,0.2857,3,1,44.0,youtube_suggest,2026-09-12 21:36:20.772740
6529,84,126,solar siphon clips,0.2857,3,1,44.0,youtube_suggest,2026-09-12 21:36:20.773044
6530,84,126,banana plantation process,0.2857,3,1,44.0,youtube_suggest,2026-09-12 21:36:20.773243
6531,84,126,banana plantation davao del norte,0.2222,5,1,43.56,youtube_suggest,2026-09-12 21:36:20.773431
6532,84,126,banana plantation costa rica,0.25,4,1,43.5,youtube_suggest,2026-09-12 21:36:20.773623
6533,84,126,banana plantation irrigation system,0.25,4,1,43.5,youtube_suggest,2026-09-12 21:36:20.773825
6534,84,126,banana farming a to z,0.1429,5,1,38.0,youtube_suggest,2026-09-12 21:36:20.774012
6535,84,126,banana farming agribusiness how it works,0.1111,6,1,37.78,youtube_suggest,2026-09-12 21:36:20.774193
6536,84,126,how to install bird mesh on solar panels,0.1,8,1,37.0,youtube_suggest,2026-09-12 21:36:20.774373
6537,84,126,how to fix solar water heater leak,0.1,7,1,37.0,youtube_suggest,2026-09-12 21:36:20.774561
6538,84,126,how to install bird netting on solar panels,0.1,8,1,37.0,youtube_suggest,2026-09-12 21:36:20.774747
6539,84,126,banana farm btd battles 2,0.1111,5,1,35.78,youtube_suggest,2026-09-12 21:36:20.774944
6540,84,126,solar panel bird proofing uk,0.1111,5,1,35.78,youtube_suggest,2026-09-12 21:36:20.775130
6541,84,126,banana cultivation agri coaching chandigarh,0.1,5,1,35.0,youtube_suggest,2026-09-12 21:36:20.775310
6542,84,126,banana farm eco hostel arusha,0.1,5,1,35.0,youtube_suggest,2026-09-12 21:36:20.775490
6543,84,126,banana farming fertilizer schedule kannada,0.1,5,1,35.0,youtube_suggest,2026-09-12 21:36:20.775668
6544,84,126,solar panel water drainage clips,0.1,5,1,35.0,youtube_suggest,2026-09-12 21:36:20.777586
6545,84,126,solar panel bird mesh installation,0.1,5,1,35.0,youtube_suggest,2026-09-12 21:36:20.777797
6546,84,126,solar powered rain barrel pump,0.1,5,1,35.0,youtube_suggest,2026-09-12 21:36:20.777999
6547,84,126,banana planting at home,0.125,4,1,34.75,youtube_suggest,2026-09-12 21:36:20.778185
6548,84,126,banana planting and harvesting,0.125,4,1,34.75,youtube_suggest,2026-09-12 21:36:20.778366
6549,84,126,banana farming for beginners,0.125,4,1,34.75,youtube_suggest,2026-09-12 21:36:20.778551
6550,84,126,banana farming balram kisan,0.1111,4,1,33.78,youtube_suggest,2026-09-12 21:36:20.778734
6551,84,126,banana farm btd6 paragon,0.1111,4,1,33.78,youtube_suggest,2026-09-12 21:36:20.778926
6552,84,126,banana farming complete guide,0.1111,4,1,33.78,youtube_suggest,2026-09-12 21:36:20.779105
6553,84,126,banana farming drip irrigation,0.1111,4,1,33.78,youtube_suggest,2026-09-12 21:36:20.779284
6554,84,126,banana farming fertilizer schedule,0.1111,4,1,33.78,youtube_suggest,2026-09-12 21:36:20.779455
6555,84,126,banana farming full details,0.1111,4,1,33.78,youtube_suggest,2026-09-12 21:36:20.779637
6556,84,126,banana farming full process,0.1111,4,1,33.78,youtube_suggest,2026-09-12 21:36:20.779824
6557,84,126,tropical upper tropospheric trough,0.1111,4,1,33.78,youtube_suggest,2026-09-12 21:36:20.779998
6558,84,126,bird mesh solar panels,0.1111,4,1,33.78,youtube_suggest,2026-09-12 21:36:20.780180
6559,84,126,solar ballast mounting system,0.1111,4,1,33.78,youtube_suggest,2026-09-12 21:36:20.780390
6560,84,126,tropical d-allio plus granulat,0.1111,4,1,33.78,youtube_suggest,2026-09-12 21:36:20.784775
6561,84,126,tropical ground cover plants,0.1111,4,1,33.78,youtube_suggest,2026-09-12 21:36:20.785051
6562,84,126,solar panel hail storm,0.1111,4,1,33.78,youtube_suggest,2026-09-12 21:36:20.785199
6563,84,126,solar livestock water heater,0.1111,4,1,33.78,youtube_suggest,2026-09-12 21:36:20.785336
6564,84,126,solar panel bird mesh,0.1111,4,1,33.78,youtube_suggest,2026-09-12 21:36:20.785473
6565,84,126,solar water transfer pump,0.1111,4,1,33.78,youtube_suggest,2026-09-12 21:36:20.785610
6566,84,126,banana farming new technology,0.1111,4,1,33.78,youtube_suggest,2026-09-12 21:36:20.785741
6567,84,126,banana tree cutting machine,0.1111,4,1,33.78,youtube_suggest,2026-09-12 21:36:20.785881
6568,84,126,banana plantation,0.3333,2,0,33.33,youtube_suggest,2026-09-12 21:36:20.786203
6569,84,126,banana farming assam,0.125,3,1,32.75,youtube_suggest,2026-09-12 21:36:20.786344
6570,84,126,banana farm australia,0.125,3,1,32.75,youtube_suggest,2026-09-12 21:36:20.786478
6571,85,127,banana plantation in the philippines,0.4,5,1,56.0,youtube_suggest,2026-09-12 21:38:37.852637
6572,85,127,banana plantation in uganda,0.4,4,1,54.0,youtube_suggest,2026-09-12 21:38:37.853070
6573,85,127,banana plantation in ecuador,0.4,4,1,54.0,youtube_suggest,2026-09-12 21:38:37.853302
6574,85,127,banana plantation in zambia,0.4,4,1,54.0,youtube_suggest,2026-09-12 21:38:37.853512
6575,85,127,banana plantation at home,0.4,4,1,54.0,youtube_suggest,2026-09-12 21:38:37.853717
6576,85,127,banana plantation song,0.4,3,1,52.0,youtube_suggest,2026-09-12 21:38:37.853907
6577,85,127,banana plantation harvesting,0.4,3,1,52.0,youtube_suggest,2026-09-12 21:38:37.854094
6578,85,127,banana plantation documentary,0.4,3,1,52.0,youtube_suggest,2026-09-12 21:38:37.854294
6579,85,127,banana plantation telugu,0.4,3,1,52.0,youtube_suggest,2026-09-12 21:38:37.854488
6580,85,127,banana plantation business,0.4,3,1,52.0,youtube_suggest,2026-09-12 21:38:37.854676
6581,85,127,banana plantation drawing,0.4,3,1,52.0,youtube_suggest,2026-09-12 21:38:37.854877
6582,85,127,banana plantation distance,0.4,3,1,52.0,youtube_suggest,2026-09-12 21:38:37.855088
6583,85,127,banana plantation davao,0.4,3,1,52.0,youtube_suggest,2026-09-12 21:38:37.855301
6584,85,127,banana plantation ecuador,0.4,3,1,52.0,youtube_suggest,2026-09-12 21:38:37.855485
6585,85,127,banana plantation method,0.4,3,1,52.0,youtube_suggest,2026-09-12 21:38:37.855660
6586,85,127,banana plantation farming,0.4,3,1,52.0,youtube_suggest,2026-09-12 21:38:37.855854
6587,85,127,banana plantation fertilizer,0.4,3,1,52.0,youtube_suggest,2026-09-12 21:38:37.856039
6588,85,127,banana plantation process,0.4,3,1,52.0,youtube_suggest,2026-09-12 21:38:37.856241
6589,85,127,banana plantation farming in uganda,0.3333,5,1,51.33,youtube_suggest,2026-09-12 21:38:37.856427
6590,85,127,banana plantation costa rica,0.3333,4,1,49.33,youtube_suggest,2026-09-12 21:38:37.859345
6591,85,127,banana plantation irrigation system,0.3333,4,1,49.33,youtube_suggest,2026-09-12 21:38:37.859595
6592,85,127,banana plantation davao del norte,0.2857,5,1,48.0,youtube_suggest,2026-09-12 21:38:37.859765
6593,85,127,banana plantation,0.5,2,0,45.0,youtube_suggest,2026-09-12 21:38:37.859930
6594,85,127,banana farming a to z,0.2,5,1,42.0,youtube_suggest,2026-09-12 21:38:37.860084
6595,85,127,banana farming agribusiness how it works,0.1429,6,1,40.0,youtube_suggest,2026-09-12 21:38:37.860297
6596,85,127,the leviathan gate,0.2,3,1,38.0,youtube_suggest,2026-09-12 21:38:37.860500
6597,85,127,the banana creatures,0.2,3,1,38.0,youtube_suggest,2026-09-12 21:38:37.865047
6598,85,127,banana farm btd battles 2,0.1429,5,1,38.0,youtube_suggest,2026-09-12 21:38:37.865305
6599,85,127,the banana split aquarium,0.1667,4,1,37.67,youtube_suggest,2026-09-12 21:38:37.865500
6600,85,127,banana planting at home,0.1667,4,1,37.67,youtube_suggest,2026-09-12 21:38:37.865712
6601,85,127,banana planting and harvesting,0.1667,4,1,37.67,youtube_suggest,2026-09-12 21:38:37.865904
6602,85,127,banana farming for beginners,0.1667,4,1,37.67,youtube_suggest,2026-09-12 21:38:37.866087
6603,85,127,banana cultivation agri coaching chandigarh,0.125,5,1,36.75,youtube_suggest,2026-09-12 21:38:37.866284
6604,85,127,banana farm eco hostel arusha,0.125,5,1,36.75,youtube_suggest,2026-09-12 21:38:37.866462
6605,85,127,banana farming fertilizer schedule kannada,0.125,5,1,36.75,youtube_suggest,2026-09-12 21:38:37.866640
6606,85,127,banana farming balram kisan,0.1429,4,1,36.0,youtube_suggest,2026-09-12 21:38:37.866827
6607,85,127,banana farm btd6 paragon,0.1429,4,1,36.0,youtube_suggest,2026-09-12 21:38:37.867007
6608,85,127,banana farming complete guide,0.1429,4,1,36.0,youtube_suggest,2026-09-12 21:38:37.867196
6609,85,127,banana farming drip irrigation,0.1429,4,1,36.0,youtube_suggest,2026-09-12 21:38:37.867372
6610,85,127,banana farming fertilizer schedule,0.1429,4,1,36.0,youtube_suggest,2026-09-12 21:38:37.867825
6611,85,127,banana farming full details,0.1429,4,1,36.0,youtube_suggest,2026-09-12 21:38:37.868116
6612,85,127,banana farming full process,0.1429,4,1,36.0,youtube_suggest,2026-09-12 21:38:37.868316
6613,85,127,banana farming new technology,0.1429,4,1,36.0,youtube_suggest,2026-09-12 21:38:37.868495
6614,85,127,banana tree cutting machine,0.1429,4,1,36.0,youtube_suggest,2026-09-12 21:38:37.868718
6615,85,127,banana farming assam,0.1667,3,1,35.67,youtube_suggest,2026-09-12 21:38:37.868906
6616,85,127,banana farm australia,0.1667,3,1,35.67,youtube_suggest,2026-09-12 21:38:37.869088
6617,85,127,banana tree art,0.1667,3,1,35.67,youtube_suggest,2026-09-12 21:38:37.869319
6618,85,127,banana farming africa,0.1667,3,1,35.67,youtube_suggest,2026-09-12 21:38:37.869496
6619,85,127,banana farm btd6,0.1667,3,1,35.67,youtube_suggest,2026-09-12 21:38:37.869673
6620,85,127,banana farming business,0.1667,3,1,35.67,youtube_suggest,2026-09-12 21:38:37.869855
6621,85,127,banana farming bihar,0.1667,3,1,35.67,youtube_suggest,2026-09-12 21:38:37.870042
6622,85,127,banana farming bangladesh,0.1667,3,1,35.67,youtube_suggest,2026-09-12 21:38:37.870236
6623,85,127,banana farm btd5,0.1667,3,1,35.67,youtube_suggest,2026-09-12 21:38:37.870418
6624,85,127,banana farming botw,0.1667,3,1,35.67,youtube_suggest,2026-09-12 21:38:37.870619
6625,85,127,banana farming china,0.1667,3,1,35.67,youtube_suggest,2026-09-12 21:38:37.870800
6626,85,127,banana farm cutting,0.1667,3,1,35.67,youtube_suggest,2026-09-12 21:38:37.871007
6627,85,127,banana farming cost,0.1667,3,1,35.67,youtube_suggest,2026-09-12 21:38:37.871315
6628,85,127,banana farm crosspath,0.1667,3,1,35.67,youtube_suggest,2026-09-12 21:38:37.871512
6629,85,127,banana farming course,0.1667,3,1,35.67,youtube_suggest,2026-09-12 21:38:37.871689
6630,85,127,banana farm cleaning,0.1667,3,1,35.67,youtube_suggest,2026-09-12 21:38:37.871869
6631,86,128,banana plantation in the philippines,0.4,5,1,56.0,youtube_suggest,2026-09-12 21:41:47.118364
6632,86,128,banana plantation in uganda,0.4,4,1,54.0,youtube_suggest,2026-09-12 21:41:47.118587
6633,86,128,banana plantation in ecuador,0.4,4,1,54.0,youtube_suggest,2026-09-12 21:41:47.118747
6634,86,128,banana plantation in zambia,0.4,4,1,54.0,youtube_suggest,2026-09-12 21:41:47.118912
6635,86,128,banana plantation at home,0.4,4,1,54.0,youtube_suggest,2026-09-12 21:41:47.119063
6636,86,128,banana plantation song,0.4,3,1,52.0,youtube_suggest,2026-09-12 21:41:47.119211
6637,86,128,banana plantation harvesting,0.4,3,1,52.0,youtube_suggest,2026-09-12 21:41:47.119579
6638,86,128,banana plantation documentary,0.4,3,1,52.0,youtube_suggest,2026-09-12 21:41:47.119741
6639,86,128,banana plantation telugu,0.4,3,1,52.0,youtube_suggest,2026-09-12 21:41:47.119905
6640,86,128,banana plantation business,0.4,3,1,52.0,youtube_suggest,2026-09-12 21:41:47.120063
6641,86,128,banana plantation drawing,0.4,3,1,52.0,youtube_suggest,2026-09-12 21:41:47.120212
6642,86,128,banana plantation distance,0.4,3,1,52.0,youtube_suggest,2026-09-12 21:41:47.120356
6643,86,128,banana plantation davao,0.4,3,1,52.0,youtube_suggest,2026-09-12 21:41:47.120499
6644,86,128,banana plantation ecuador,0.4,3,1,52.0,youtube_suggest,2026-09-12 21:41:47.120713
6645,86,128,banana plantation method,0.4,3,1,52.0,youtube_suggest,2026-09-12 21:41:47.120872
6646,86,128,banana plantation farming,0.4,3,1,52.0,youtube_suggest,2026-09-12 21:41:47.121041
6647,86,128,banana plantation fertilizer,0.4,3,1,52.0,youtube_suggest,2026-09-12 21:41:47.121178
6648,86,128,banana plantation process,0.4,3,1,52.0,youtube_suggest,2026-09-12 21:41:47.121331
6649,86,128,banana plantation farming in uganda,0.3333,5,1,51.33,youtube_suggest,2026-09-12 21:41:47.121519
6650,86,128,banana plantation costa rica,0.3333,4,1,49.33,youtube_suggest,2026-09-12 21:41:47.121661
6651,86,128,banana plantation irrigation system,0.3333,4,1,49.33,youtube_suggest,2026-09-12 21:41:47.121973
6652,86,128,banana plantation davao del norte,0.2857,5,1,48.0,youtube_suggest,2026-09-12 21:41:47.122105
6653,86,128,banana plantation,0.5,2,0,45.0,youtube_suggest,2026-09-12 21:41:47.122238
6654,86,128,banana farming a to z,0.2,5,1,42.0,youtube_suggest,2026-09-12 21:41:47.122368
6655,86,128,banana farming agribusiness how it works,0.1429,6,1,40.0,youtube_suggest,2026-09-12 21:41:47.122509
6656,86,128,monorail for farming,0.2,3,1,38.0,youtube_suggest,2026-09-12 21:41:47.122689
6657,86,128,banana farm btd battles 2,0.1429,5,1,38.0,youtube_suggest,2026-09-12 21:41:47.122933
6658,86,128,banana planting at home,0.1667,4,1,37.67,youtube_suggest,2026-09-12 21:41:47.123087
6659,86,128,banana planting and harvesting,0.1667,4,1,37.67,youtube_suggest,2026-09-12 21:41:47.123284
6660,86,128,banana farming for beginners,0.1667,4,1,37.67,youtube_suggest,2026-09-12 21:41:47.123414
6661,86,128,banana cultivation agri coaching chandigarh,0.125,5,1,36.75,youtube_suggest,2026-09-12 21:41:47.123558
6662,86,128,banana farm eco hostel arusha,0.125,5,1,36.75,youtube_suggest,2026-09-12 21:41:47.123684
6663,86,128,banana farming fertilizer schedule kannada,0.125,5,1,36.75,youtube_suggest,2026-09-12 21:41:47.123811
6664,86,128,combine harvester cutting corn,0.1429,4,1,36.0,youtube_suggest,2026-09-12 21:41:47.124017
6665,86,128,walking tractor corn harvester,0.1429,4,1,36.0,youtube_suggest,2026-09-12 21:41:47.124179
6666,86,128,banana farming balram kisan,0.1429,4,1,36.0,youtube_suggest,2026-09-12 21:41:47.124314
6667,86,128,banana farm btd6 paragon,0.1429,4,1,36.0,youtube_suggest,2026-09-12 21:41:47.124442
6668,86,128,banana farming complete guide,0.1429,4,1,36.0,youtube_suggest,2026-09-12 21:41:47.124616
6669,86,128,banana farming drip irrigation,0.1429,4,1,36.0,youtube_suggest,2026-09-12 21:41:47.124840
6670,86,128,banana farming fertilizer schedule,0.1429,4,1,36.0,youtube_suggest,2026-09-12 21:41:47.125038
6671,86,128,banana farming full details,0.1429,4,1,36.0,youtube_suggest,2026-09-12 21:41:47.125329
6672,86,128,banana farming full process,0.1429,4,1,36.0,youtube_suggest,2026-09-12 21:41:47.125523
6673,86,128,banana farming new technology,0.1429,4,1,36.0,youtube_suggest,2026-09-12 21:41:47.125779
6674,86,128,banana tree cutting machine,0.1429,4,1,36.0,youtube_suggest,2026-09-12 21:41:47.125993
6675,86,128,banana farming assam,0.1667,3,1,35.67,youtube_suggest,2026-09-12 21:41:47.126174
6676,86,128,banana farm australia,0.1667,3,1,35.67,youtube_suggest,2026-09-12 21:41:47.126347
6677,86,128,banana tree art,0.1667,3,1,35.67,youtube_suggest,2026-09-12 21:41:47.126509
6678,86,128,banana farming africa,0.1667,3,1,35.67,youtube_suggest,2026-09-12 21:41:47.126629
6679,86,128,banana farm btd6,0.1667,3,1,35.67,youtube_suggest,2026-09-12 21:41:47.126758
6680,86,128,banana farming business,0.1667,3,1,35.67,youtube_suggest,2026-09-12 21:41:47.126898
6681,86,128,banana farming bihar,0.1667,3,1,35.67,youtube_suggest,2026-09-12 21:41:47.127060
6682,86,128,banana farming bangladesh,0.1667,3,1,35.67,youtube_suggest,2026-09-12 21:41:47.127236
6683,86,128,banana farm btd5,0.1667,3,1,35.67,youtube_suggest,2026-09-12 21:41:47.127408
6684,86,128,banana farming botw,0.1667,3,1,35.67,youtube_suggest,2026-09-12 21:41:47.127580
6685,86,128,banana farming china,0.1667,3,1,35.67,youtube_suggest,2026-09-12 21:41:47.127702
6686,86,128,banana farm cutting,0.1667,3,1,35.67,youtube_suggest,2026-09-12 21:41:47.127822
6687,86,128,banana farming cost,0.1667,3,1,35.67,youtube_suggest,2026-09-12 21:41:47.128105
6688,86,128,banana farm crosspath,0.1667,3,1,35.67,youtube_suggest,2026-09-12 21:41:47.128312
6689,86,128,banana farming course,0.1667,3,1,35.67,youtube_suggest,2026-09-12 21:41:47.128511
6690,86,128,banana farm cleaning,0.1667,3,1,35.67,youtube_suggest,2026-09-12 21:41:47.128841
6691,87,129,fruit of the loom us,0.4,5,1,56.0,youtube_suggest,2026-09-12 21:44:42.111669
6692,87,129,fruit of the loom ad,0.4,5,1,56.0,youtube_suggest,2026-09-12 21:44:42.111965
6693,87,129,banana plantation in the philippines,0.3333,5,1,51.33,youtube_suggest,2026-09-12 21:44:42.112170
6694,87,129,fruit of the loom guys,0.3333,5,1,51.33,youtube_suggest,2026-09-12 21:44:42.112367
6695,87,129,fruit of the loom ads,0.3333,5,1,51.33,youtube_suggest,2026-09-12 21:44:42.114021
6696,87,129,fruit of the loom underpants,0.3333,5,1,51.33,youtube_suggest,2026-09-12 21:44:42.115915
6697,87,129,fruit of the loom blue,0.3333,5,1,51.33,youtube_suggest,2026-09-12 21:44:42.116177
6698,87,129,fruit of the loom bracelets,0.3333,5,1,51.33,youtube_suggest,2026-09-12 21:44:42.116376
6699,87,129,fruit of the loom history,0.3333,5,1,51.33,youtube_suggest,2026-09-12 21:44:42.119432
6700,87,129,fruit of the loom commercial,0.3333,5,1,51.33,youtube_suggest,2026-09-12 21:44:42.120036
6701,87,129,fruit of the loom picture day,0.2857,6,1,50.0,youtube_suggest,2026-09-12 21:44:42.120298
6702,87,129,banana plantation in uganda,0.3333,4,1,49.33,youtube_suggest,2026-09-12 21:44:42.120657
6703,87,129,banana plantation in ecuador,0.3333,4,1,49.33,youtube_suggest,2026-09-12 21:44:42.120912
6704,87,129,banana plantation in zambia,0.3333,4,1,49.33,youtube_suggest,2026-09-12 21:44:42.121156
6705,87,129,banana plantation at home,0.3333,4,1,49.33,youtube_suggest,2026-09-12 21:44:42.121667
6706,87,129,fruit of loom commercial,0.3333,4,1,49.33,youtube_suggest,2026-09-12 21:44:42.122317
6707,87,129,banana plantation farming in uganda,0.2857,5,1,48.0,youtube_suggest,2026-09-12 21:44:42.123061
6708,87,129,banana plantation song,0.3333,3,1,47.33,youtube_suggest,2026-09-12 21:44:42.123726
6709,87,129,banana plantation harvesting,0.3333,3,1,47.33,youtube_suggest,2026-09-12 21:44:42.124317
6710,87,129,banana plantation documentary,0.3333,3,1,47.33,youtube_suggest,2026-09-12 21:44:42.124486
6711,87,129,banana plantation telugu,0.3333,3,1,47.33,youtube_suggest,2026-09-12 21:44:42.125482
6712,87,129,banana plantation business,0.3333,3,1,47.33,youtube_suggest,2026-09-12 21:44:42.125762
6713,87,129,banana plantation drawing,0.3333,3,1,47.33,youtube_suggest,2026-09-12 21:44:42.125961
6714,87,129,banana plantation distance,0.3333,3,1,47.33,youtube_suggest,2026-09-12 21:44:42.126150
6715,87,129,banana plantation davao,0.3333,3,1,47.33,youtube_suggest,2026-09-12 21:44:42.126341
6716,87,129,banana plantation ecuador,0.3333,3,1,47.33,youtube_suggest,2026-09-12 21:44:42.126530
6717,87,129,banana plantation method,0.3333,3,1,47.33,youtube_suggest,2026-09-12 21:44:42.128641
6718,87,129,banana plantation farming,0.3333,3,1,47.33,youtube_suggest,2026-09-12 21:44:42.128902
6719,87,129,banana plantation fertilizer,0.3333,3,1,47.33,youtube_suggest,2026-09-12 21:44:42.129085
6720,87,129,banana plantation process,0.3333,3,1,47.33,youtube_suggest,2026-09-12 21:44:42.129255
6721,87,129,banana plantation costa rica,0.2857,4,1,46.0,youtube_suggest,2026-09-12 21:44:42.129496
6722,87,129,banana plantation irrigation system,0.2857,4,1,46.0,youtube_suggest,2026-09-12 21:44:42.129705
6723,87,129,banana plantation davao del norte,0.25,5,1,45.5,youtube_suggest,2026-09-12 21:44:42.129894
6724,87,129,banana farming a to z,0.1667,5,1,39.67,youtube_suggest,2026-09-12 21:44:42.130071
6725,87,129,banana farming agribusiness how it works,0.125,6,1,38.75,youtube_suggest,2026-09-12 21:44:42.130215
6726,87,129,banana plantation,0.4,2,0,38.0,youtube_suggest,2026-09-12 21:44:42.130414
6727,87,129,fruits of the loom,0.1667,4,1,37.67,youtube_suggest,2026-09-12 21:44:42.130604
6728,87,129,banana farm btd battles 2,0.125,5,1,36.75,youtube_suggest,2026-09-12 21:44:42.130852
6729,87,129,banana planting at home,0.1429,4,1,36.0,youtube_suggest,2026-09-12 21:44:42.131070
6730,87,129,banana planting and harvesting,0.1429,4,1,36.0,youtube_suggest,2026-09-12 21:44:42.131252
6731,87,129,banana farming for beginners,0.1429,4,1,36.0,youtube_suggest,2026-09-12 21:44:42.131439
6732,87,129,banana cultivation agri coaching chandigarh,0.1111,5,1,35.78,youtube_suggest,2026-09-12 21:44:42.131615
6733,87,129,banana farm eco hostel arusha,0.1111,5,1,35.78,youtube_suggest,2026-09-12 21:44:42.131802
6734,87,129,banana farming fertilizer schedule kannada,0.1111,5,1,35.78,youtube_suggest,2026-09-12 21:44:42.132012
6735,87,129,banana farming balram kisan,0.125,4,1,34.75,youtube_suggest,2026-09-12 21:44:42.132203
6736,87,129,banana farm btd6 paragon,0.125,4,1,34.75,youtube_suggest,2026-09-12 21:44:42.148971
6737,87,129,banana farming complete guide,0.125,4,1,34.75,youtube_suggest,2026-09-12 21:44:42.149155
6738,87,129,banana farming drip irrigation,0.125,4,1,34.75,youtube_suggest,2026-09-12 21:44:42.149319
6739,87,129,banana farming fertilizer schedule,0.125,4,1,34.75,youtube_suggest,2026-09-12 21:44:42.149464
6740,87,129,banana farming full details,0.125,4,1,34.75,youtube_suggest,2026-09-12 21:44:42.149603
6741,87,129,banana farming full process,0.125,4,1,34.75,youtube_suggest,2026-09-12 21:44:42.149757
6742,87,129,banana farming new technology,0.125,4,1,34.75,youtube_suggest,2026-09-12 21:44:42.149948
6743,87,129,banana tree cutting machine,0.125,4,1,34.75,youtube_suggest,2026-09-12 21:44:42.150095
6744,87,129,banana farming assam,0.1429,3,1,34.0,youtube_suggest,2026-09-12 21:44:42.150233
6745,87,129,banana farm australia,0.1429,3,1,34.0,youtube_suggest,2026-09-12 21:44:42.150365
6746,87,129,banana tree art,0.1429,3,1,34.0,youtube_suggest,2026-09-12 21:44:42.150491
6747,87,129,banana farming africa,0.1429,3,1,34.0,youtube_suggest,2026-09-12 21:44:42.150623
6748,87,129,banana farm btd6,0.1429,3,1,34.0,youtube_suggest,2026-09-12 21:44:42.150767
6749,87,129,banana farming business,0.1429,3,1,34.0,youtube_suggest,2026-09-12 21:44:42.150889
6750,87,129,banana farming bihar,0.1429,3,1,34.0,youtube_suggest,2026-09-12 21:44:42.151035
6751,88,130,banana plantation in the philippines,0.3333,5,1,51.33,youtube_suggest,2026-09-12 21:47:41.675283
6752,88,130,banana plantation in uganda,0.3333,4,1,49.33,youtube_suggest,2026-09-12 21:47:41.675498
6753,88,130,banana plantation in ecuador,0.3333,4,1,49.33,youtube_suggest,2026-09-12 21:47:41.675649
6754,88,130,banana plantation in zambia,0.3333,4,1,49.33,youtube_suggest,2026-09-12 21:47:41.675836
6755,88,130,banana plantation at home,0.3333,4,1,49.33,youtube_suggest,2026-09-12 21:47:41.675983
6756,88,130,banana plantation farming in uganda,0.2857,5,1,48.0,youtube_suggest,2026-09-12 21:47:41.676114
6757,88,130,banana ripening chemical,0.3333,3,1,47.33,youtube_suggest,2026-09-12 21:47:41.676254
6758,88,130,banana plantation song,0.3333,3,1,47.33,youtube_suggest,2026-09-12 21:47:41.676390
6759,88,130,banana plantation harvesting,0.3333,3,1,47.33,youtube_suggest,2026-09-12 21:47:41.676525
6760,88,130,banana plantation documentary,0.3333,3,1,47.33,youtube_suggest,2026-09-12 21:47:41.680275
6761,88,130,banana plantation telugu,0.3333,3,1,47.33,youtube_suggest,2026-09-12 21:47:41.680446
6762,88,130,banana plantation business,0.3333,3,1,47.33,youtube_suggest,2026-09-12 21:47:41.680628
6763,88,130,banana plantation drawing,0.3333,3,1,47.33,youtube_suggest,2026-09-12 21:47:41.680785
6764,88,130,banana plantation distance,0.3333,3,1,47.33,youtube_suggest,2026-09-12 21:47:41.680927
6765,88,130,banana plantation davao,0.3333,3,1,47.33,youtube_suggest,2026-09-12 21:47:41.681136
6766,88,130,banana plantation ecuador,0.3333,3,1,47.33,youtube_suggest,2026-09-12 21:47:41.681283
6767,88,130,banana plantation method,0.3333,3,1,47.33,youtube_suggest,2026-09-12 21:47:41.681421
6768,88,130,banana plantation farming,0.3333,3,1,47.33,youtube_suggest,2026-09-12 21:47:41.682885
6769,88,130,banana plantation fertilizer,0.3333,3,1,47.33,youtube_suggest,2026-09-12 21:47:41.683156
6770,88,130,banana plantation process,0.3333,3,1,47.33,youtube_suggest,2026-09-12 21:47:41.683321
6771,88,130,banana plantation costa rica,0.2857,4,1,46.0,youtube_suggest,2026-09-12 21:47:41.683472
6772,88,130,banana plantation irrigation system,0.2857,4,1,46.0,youtube_suggest,2026-09-12 21:47:41.683658
6773,88,130,banana plantation davao del norte,0.25,5,1,45.5,youtube_suggest,2026-09-12 21:47:41.688904
6774,88,130,banana farming a to z,0.1667,5,1,39.67,youtube_suggest,2026-09-12 21:47:41.689198
6775,88,130,banana farming agribusiness how it works,0.125,6,1,38.75,youtube_suggest,2026-09-12 21:47:41.689379
6776,88,130,monsoon banana,0.4,2,0,38.0,youtube_suggest,2026-09-12 21:47:41.689532
6777,88,130,banana plantation,0.4,2,0,38.0,youtube_suggest,2026-09-12 21:47:41.689674
6778,88,130,banana farm btd battles 2,0.125,5,1,36.75,youtube_suggest,2026-09-12 21:47:41.689827
6779,88,130,banana planting at home,0.1429,4,1,36.0,youtube_suggest,2026-09-12 21:47:41.690057
6780,88,130,banana planting and harvesting,0.1429,4,1,36.0,youtube_suggest,2026-09-12 21:47:41.690238
6781,88,130,banana farming for beginners,0.1429,4,1,36.0,youtube_suggest,2026-09-12 21:47:41.690391
6782,88,130,banana cultivation agri coaching chandigarh,0.1111,5,1,35.78,youtube_suggest,2026-09-12 21:47:41.690624
6783,88,130,banana farm eco hostel arusha,0.1111,5,1,35.78,youtube_suggest,2026-09-12 21:47:41.690887
6784,88,130,banana farming fertilizer schedule kannada,0.1111,5,1,35.78,youtube_suggest,2026-09-12 21:47:41.691099
6785,88,130,banana farming balram kisan,0.125,4,1,34.75,youtube_suggest,2026-09-12 21:47:41.691239
6786,88,130,banana farm btd6 paragon,0.125,4,1,34.75,youtube_suggest,2026-09-12 21:47:41.691366
6787,88,130,banana farming complete guide,0.125,4,1,34.75,youtube_suggest,2026-09-12 21:47:41.691495
6788,88,130,banana farming drip irrigation,0.125,4,1,34.75,youtube_suggest,2026-09-12 21:47:41.691764
6789,88,130,banana farming fertilizer schedule,0.125,4,1,34.75,youtube_suggest,2026-09-12 21:47:41.691910
6790,88,130,banana farming full details,0.125,4,1,34.75,youtube_suggest,2026-09-12 21:47:41.692048
6791,88,130,banana farming full process,0.125,4,1,34.75,youtube_suggest,2026-09-12 21:47:41.692182
6792,88,130,banana farming new technology,0.125,4,1,34.75,youtube_suggest,2026-09-12 21:47:41.692363
6793,88,130,banana tree cutting machine,0.125,4,1,34.75,youtube_suggest,2026-09-12 21:47:41.692617
6794,88,130,banana farming assam,0.1429,3,1,34.0,youtube_suggest,2026-09-12 21:47:41.692810
6795,88,130,banana farm australia,0.1429,3,1,34.0,youtube_suggest,2026-09-12 21:47:41.692965
6796,88,130,banana tree art,0.1429,3,1,34.0,youtube_suggest,2026-09-12 21:47:41.693101
6797,88,130,banana farming africa,0.1429,3,1,34.0,youtube_suggest,2026-09-12 21:47:41.693228
6798,88,130,banana farm btd6,0.1429,3,1,34.0,youtube_suggest,2026-09-12 21:47:41.693353
6799,88,130,banana farming business,0.1429,3,1,34.0,youtube_suggest,2026-09-12 21:47:41.693497
6800,88,130,banana farming bihar,0.1429,3,1,34.0,youtube_suggest,2026-09-12 21:47:41.693633
6801,88,130,banana farming bangladesh,0.1429,3,1,34.0,youtube_suggest,2026-09-12 21:47:41.693778
6802,88,130,banana farm btd5,0.1429,3,1,34.0,youtube_suggest,2026-09-12 21:47:41.693913
6803,88,130,banana farming botw,0.1429,3,1,34.0,youtube_suggest,2026-09-12 21:47:41.694046
6804,88,130,banana farming china,0.1429,3,1,34.0,youtube_suggest,2026-09-12 21:47:41.694203
6805,88,130,banana farm cutting,0.1429,3,1,34.0,youtube_suggest,2026-09-12 21:47:41.694341
6806,88,130,banana farming cost,0.1429,3,1,34.0,youtube_suggest,2026-09-12 21:47:41.694492
6807,88,130,banana farm crosspath,0.1429,3,1,34.0,youtube_suggest,2026-09-12 21:47:41.694626
6808,88,130,banana farming course,0.1429,3,1,34.0,youtube_suggest,2026-09-12 21:47:41.694773
6809,88,130,banana farm cleaning,0.1429,3,1,34.0,youtube_suggest,2026-09-12 21:47:41.694909
6810,88,130,banana tree colour,0.1429,3,1,34.0,youtube_suggest,2026-09-12 21:47:41.695040
6811,89,131,banana plantation in the philippines,0.3333,5,1,51.33,youtube_suggest,2026-09-12 21:50:42.297632
6812,89,131,banana plantation in uganda,0.3333,4,1,49.33,youtube_suggest,2026-09-12 21:50:42.297958
6813,89,131,banana plantation in ecuador,0.3333,4,1,49.33,youtube_suggest,2026-09-12 21:50:42.298192
6814,89,131,banana plantation in zambia,0.3333,4,1,49.33,youtube_suggest,2026-09-12 21:50:42.298411
6815,89,131,banana plantation at home,0.3333,4,1,49.33,youtube_suggest,2026-09-12 21:50:42.298631
6816,89,131,banana plantation farming in uganda,0.2857,5,1,48.0,youtube_suggest,2026-09-12 21:50:42.298852
6817,89,131,banana plantation song,0.3333,3,1,47.33,youtube_suggest,2026-09-12 21:50:42.299335
6818,89,131,banana plantation harvesting,0.3333,3,1,47.33,youtube_suggest,2026-09-12 21:50:42.299555
6819,89,131,banana plantation documentary,0.3333,3,1,47.33,youtube_suggest,2026-09-12 21:50:42.299767
6820,89,131,banana plantation telugu,0.3333,3,1,47.33,youtube_suggest,2026-09-12 21:50:42.299998
6821,89,131,banana plantation business,0.3333,3,1,47.33,youtube_suggest,2026-09-12 21:50:42.300201
6822,89,131,banana plantation drawing,0.3333,3,1,47.33,youtube_suggest,2026-09-12 21:50:42.300408
6823,89,131,banana plantation distance,0.3333,3,1,47.33,youtube_suggest,2026-09-12 21:50:42.301811
6824,89,131,banana plantation davao,0.3333,3,1,47.33,youtube_suggest,2026-09-12 21:50:42.302085
6825,89,131,banana plantation ecuador,0.3333,3,1,47.33,youtube_suggest,2026-09-12 21:50:42.302282
6826,89,131,banana plantation method,0.3333,3,1,47.33,youtube_suggest,2026-09-12 21:50:42.302477
6827,89,131,banana plantation farming,0.3333,3,1,47.33,youtube_suggest,2026-09-12 21:50:42.302666
6828,89,131,banana plantation fertilizer,0.3333,3,1,47.33,youtube_suggest,2026-09-12 21:50:42.302865
6829,89,131,banana plantation process,0.3333,3,1,47.33,youtube_suggest,2026-09-12 21:50:42.303091
6830,89,131,banana plantation costa rica,0.2857,4,1,46.0,youtube_suggest,2026-09-12 21:50:42.309240
6831,89,131,banana plantation irrigation system,0.2857,4,1,46.0,youtube_suggest,2026-09-12 21:50:42.310722
6832,89,131,banana plantation davao del norte,0.25,5,1,45.5,youtube_suggest,2026-09-12 21:50:42.311872
6833,89,131,banana farming a to z,0.1667,5,1,39.67,youtube_suggest,2026-09-12 21:50:42.312810
6834,89,131,banana farming agribusiness how it works,0.125,6,1,38.75,youtube_suggest,2026-09-12 21:50:42.313359
6835,89,131,banana plantation,0.4,2,0,38.0,youtube_suggest,2026-09-12 21:50:42.314367
6836,89,131,banana farm btd battles 2,0.125,5,1,36.75,youtube_suggest,2026-09-12 21:50:42.314605
6837,89,131,planetary deterioration - ozone layer,0.125,5,1,36.75,youtube_suggest,2026-09-12 21:50:42.314809
6838,89,131,banana planting at home,0.1429,4,1,36.0,youtube_suggest,2026-09-12 21:50:42.314996
6839,89,131,banana planting and harvesting,0.1429,4,1,36.0,youtube_suggest,2026-09-12 21:50:42.315867
6840,89,131,banana farming for beginners,0.1429,4,1,36.0,youtube_suggest,2026-09-12 21:50:42.316063
6841,89,131,banana cultivation agri coaching chandigarh,0.1111,5,1,35.78,youtube_suggest,2026-09-12 21:50:42.317807
6842,89,131,banana farm eco hostel arusha,0.1111,5,1,35.78,youtube_suggest,2026-09-12 21:50:42.318022
6843,89,131,banana farming fertilizer schedule kannada,0.1111,5,1,35.78,youtube_suggest,2026-09-12 21:50:42.318213
6844,89,131,banana farming balram kisan,0.125,4,1,34.75,youtube_suggest,2026-09-12 21:50:42.318476
6845,89,131,banana farm btd6 paragon,0.125,4,1,34.75,youtube_suggest,2026-09-12 21:50:42.318678
6846,89,131,banana farming complete guide,0.125,4,1,34.75,youtube_suggest,2026-09-12 21:50:42.318876
6847,89,131,banana farming drip irrigation,0.125,4,1,34.75,youtube_suggest,2026-09-12 21:50:42.320704
6848,89,131,banana farming fertilizer schedule,0.125,4,1,34.75,youtube_suggest,2026-09-12 21:50:42.321010
6849,89,131,banana farming full details,0.125,4,1,34.75,youtube_suggest,2026-09-12 21:50:42.321207
6850,89,131,banana farming full process,0.125,4,1,34.75,youtube_suggest,2026-09-12 21:50:42.321401
6851,89,131,banana farming new technology,0.125,4,1,34.75,youtube_suggest,2026-09-12 21:50:42.321596
6852,89,131,banana tree cutting machine,0.125,4,1,34.75,youtube_suggest,2026-09-12 21:50:42.322168
6853,89,131,banana farming assam,0.1429,3,1,34.0,youtube_suggest,2026-09-12 21:50:42.322361
6854,89,131,banana farm australia,0.1429,3,1,34.0,youtube_suggest,2026-09-12 21:50:42.322549
6855,89,131,banana tree art,0.1429,3,1,34.0,youtube_suggest,2026-09-12 21:50:42.322744
6856,89,131,banana farming africa,0.1429,3,1,34.0,youtube_suggest,2026-09-12 21:50:42.322933
6857,89,131,banana farm btd6,0.1429,3,1,34.0,youtube_suggest,2026-09-12 21:50:42.323106
6858,89,131,banana farming business,0.1429,3,1,34.0,youtube_suggest,2026-09-12 21:50:42.323274
6859,89,131,banana farming bihar,0.1429,3,1,34.0,youtube_suggest,2026-09-12 21:50:42.325845
6860,89,131,banana farming bangladesh,0.1429,3,1,34.0,youtube_suggest,2026-09-12 21:50:42.326147
6861,89,131,banana farm btd5,0.1429,3,1,34.0,youtube_suggest,2026-09-12 21:50:42.326351
6862,89,131,banana farming botw,0.1429,3,1,34.0,youtube_suggest,2026-09-12 21:50:42.326544
6863,89,131,banana farming china,0.1429,3,1,34.0,youtube_suggest,2026-09-12 21:50:42.326741
6864,89,131,banana farm cutting,0.1429,3,1,34.0,youtube_suggest,2026-09-12 21:50:42.326931
6865,89,131,banana farming cost,0.1429,3,1,34.0,youtube_suggest,2026-09-12 21:50:42.327115
6866,89,131,banana farm crosspath,0.1429,3,1,34.0,youtube_suggest,2026-09-12 21:50:42.327296
6867,89,131,banana farming course,0.1429,3,1,34.0,youtube_suggest,2026-09-12 21:50:42.327475
6868,89,131,banana farm cleaning,0.1429,3,1,34.0,youtube_suggest,2026-09-12 21:50:42.327652
6869,89,131,banana tree colour,0.1429,3,1,34.0,youtube_suggest,2026-09-12 21:50:42.327847
6870,89,131,banana tree crying,0.1429,3,1,34.0,youtube_suggest,2026-09-12 21:50:42.328027
6871,90,132,banana plantation in the philippines,0.2857,5,1,48.0,youtube_suggest,2026-09-12 21:53:34.064327
6872,90,132,banana plantation in uganda,0.2857,4,1,46.0,youtube_suggest,2026-09-12 21:53:34.067990
6873,90,132,banana plantation in ecuador,0.2857,4,1,46.0,youtube_suggest,2026-09-12 21:53:34.068279
6874,90,132,banana plantation in zambia,0.2857,4,1,46.0,youtube_suggest,2026-09-12 21:53:34.068509
6875,90,132,banana plantation at home,0.2857,4,1,46.0,youtube_suggest,2026-09-12 21:53:34.068794
6876,90,132,banana plantation farming in uganda,0.25,5,1,45.5,youtube_suggest,2026-09-12 21:53:34.069013
6877,90,132,banana plantation song,0.2857,3,1,44.0,youtube_suggest,2026-09-12 21:53:34.069220
6878,90,132,banana plantation harvesting,0.2857,3,1,44.0,youtube_suggest,2026-09-12 21:53:34.069424
6879,90,132,banana plantation documentary,0.2857,3,1,44.0,youtube_suggest,2026-09-12 21:53:34.069632
6880,90,132,banana plantation telugu,0.2857,3,1,44.0,youtube_suggest,2026-09-12 21:53:34.069849
6881,90,132,banana plantation business,0.2857,3,1,44.0,youtube_suggest,2026-09-12 21:53:34.072822
6882,90,132,banana plantation drawing,0.2857,3,1,44.0,youtube_suggest,2026-09-12 21:53:34.073121
6883,90,132,banana plantation distance,0.2857,3,1,44.0,youtube_suggest,2026-09-12 21:53:34.073324
6884,90,132,banana plantation davao,0.2857,3,1,44.0,youtube_suggest,2026-09-12 21:53:34.073529
6885,90,132,banana plantation ecuador,0.2857,3,1,44.0,youtube_suggest,2026-09-12 21:53:34.073720
6886,90,132,banana plantation method,0.2857,3,1,44.0,youtube_suggest,2026-09-12 21:53:34.073938
6887,90,132,banana plantation farming,0.2857,3,1,44.0,youtube_suggest,2026-09-12 21:53:34.074140
6888,90,132,banana plantation fertilizer,0.2857,3,1,44.0,youtube_suggest,2026-09-12 21:53:34.074349
6889,90,132,banana plantation process,0.2857,3,1,44.0,youtube_suggest,2026-09-12 21:53:34.074557
6890,90,132,banana plantation davao del norte,0.2222,5,1,43.56,youtube_suggest,2026-09-12 21:53:34.074767
6891,90,132,banana plantation costa rica,0.25,4,1,43.5,youtube_suggest,2026-09-12 21:53:34.079693
6892,90,132,banana plantation irrigation system,0.25,4,1,43.5,youtube_suggest,2026-09-12 21:53:34.079944
6893,90,132,banana farming a to z,0.1429,5,1,38.0,youtube_suggest,2026-09-12 21:53:34.080856
6894,90,132,banana farming agribusiness how it works,0.1111,6,1,37.78,youtube_suggest,2026-09-12 21:53:34.081148
6895,90,132,transducer spraying water on engine,0.1111,5,1,35.78,youtube_suggest,2026-09-12 21:53:34.081339
6896,90,132,banana farm btd battles 2,0.1111,5,1,35.78,youtube_suggest,2026-09-12 21:53:34.081531
6897,90,132,banana cultivation agri coaching chandigarh,0.1,5,1,35.0,youtube_suggest,2026-09-12 21:53:34.081699
6898,90,132,banana farm eco hostel arusha,0.1,5,1,35.0,youtube_suggest,2026-09-12 21:53:34.081919
6899,90,132,banana farming fertilizer schedule kannada,0.1,5,1,35.0,youtube_suggest,2026-09-12 21:53:34.088478
6900,90,132,e bike tyre pressure,0.125,4,1,34.75,youtube_suggest,2026-09-12 21:53:34.088900
6901,90,132,banana planting at home,0.125,4,1,34.75,youtube_suggest,2026-09-12 21:53:34.089109
6902,90,132,banana planting and harvesting,0.125,4,1,34.75,youtube_suggest,2026-09-12 21:53:34.089358
6903,90,132,banana farming for beginners,0.125,4,1,34.75,youtube_suggest,2026-09-12 21:53:34.089573
6904,90,132,steam engine water refill,0.1111,4,1,33.78,youtube_suggest,2026-09-12 21:53:34.089797
6905,90,132,hydrogen pulse jet engine,0.1111,4,1,33.78,youtube_suggest,2026-09-12 21:53:34.090011
6906,90,132,electric bike tire pressure,0.1111,4,1,33.78,youtube_suggest,2026-09-12 21:53:34.092527
6907,90,132,banana farming balram kisan,0.1111,4,1,33.78,youtube_suggest,2026-09-12 21:53:34.092950
6908,90,132,banana farm btd6 paragon,0.1111,4,1,33.78,youtube_suggest,2026-09-12 21:53:34.093176
6909,90,132,banana farming complete guide,0.1111,4,1,33.78,youtube_suggest,2026-09-12 21:53:34.093386
6910,90,132,banana farming drip irrigation,0.1111,4,1,33.78,youtube_suggest,2026-09-12 21:53:34.093595
6911,90,132,banana farming fertilizer schedule,0.1111,4,1,33.78,youtube_suggest,2026-09-12 21:53:34.093842
6912,90,132,banana farming full details,0.1111,4,1,33.78,youtube_suggest,2026-09-12 21:53:34.094056
6913,90,132,banana farming full process,0.1111,4,1,33.78,youtube_suggest,2026-09-12 21:53:34.094328
6914,90,132,banana farming new technology,0.1111,4,1,33.78,youtube_suggest,2026-09-12 21:53:34.094517
6915,90,132,banana tree cutting machine,0.1111,4,1,33.78,youtube_suggest,2026-09-12 21:53:34.094720
6916,90,132,banana plantation,0.3333,2,0,33.33,youtube_suggest,2026-09-12 21:53:34.094949
6917,90,132,banana farming assam,0.125,3,1,32.75,youtube_suggest,2026-09-12 21:53:34.095187
6918,90,132,banana farm australia,0.125,3,1,32.75,youtube_suggest,2026-09-12 21:53:34.095394
6919,90,132,banana tree art,0.125,3,1,32.75,youtube_suggest,2026-09-12 21:53:34.095598
6920,90,132,banana farming africa,0.125,3,1,32.75,youtube_suggest,2026-09-12 21:53:34.095840
6921,90,132,banana farm btd6,0.125,3,1,32.75,youtube_suggest,2026-09-12 21:53:34.096075
6922,90,132,banana farming business,0.125,3,1,32.75,youtube_suggest,2026-09-12 21:53:34.096279
6923,90,132,banana farming bihar,0.125,3,1,32.75,youtube_suggest,2026-09-12 21:53:34.096519
6924,90,132,banana farming bangladesh,0.125,3,1,32.75,youtube_suggest,2026-09-12 21:53:34.109084
6925,90,132,banana farm btd5,0.125,3,1,32.75,youtube_suggest,2026-09-12 21:53:34.109337
6926,90,132,banana farming botw,0.125,3,1,32.75,youtube_suggest,2026-09-12 21:53:34.109562
6927,90,132,banana farming china,0.125,3,1,32.75,youtube_suggest,2026-09-12 21:53:34.109794
6928,90,132,banana farm cutting,0.125,3,1,32.75,youtube_suggest,2026-09-12 21:53:34.110086
6929,90,132,banana farming cost,0.125,3,1,32.75,youtube_suggest,2026-09-12 21:53:34.110318
6930,90,132,banana farm crosspath,0.125,3,1,32.75,youtube_suggest,2026-09-12 21:53:34.110674
6931,91,133,banana plantation in the philippines,0.4,5,1,56.0,youtube_suggest,2026-09-12 21:56:28.631941
6932,91,133,banana plantation in uganda,0.4,4,1,54.0,youtube_suggest,2026-09-12 21:56:28.632294
6933,91,133,banana plantation in ecuador,0.4,4,1,54.0,youtube_suggest,2026-09-12 21:56:28.632663
6934,91,133,banana plantation in zambia,0.4,4,1,54.0,youtube_suggest,2026-09-12 21:56:28.636606
6935,91,133,banana plantation at home,0.4,4,1,54.0,youtube_suggest,2026-09-12 21:56:28.638043
6936,91,133,banana plantation song,0.4,3,1,52.0,youtube_suggest,2026-09-12 21:56:28.639849
6937,91,133,banana plantation harvesting,0.4,3,1,52.0,youtube_suggest,2026-09-12 21:56:28.641620
6938,91,133,banana plantation documentary,0.4,3,1,52.0,youtube_suggest,2026-09-12 21:56:28.642994
6939,91,133,banana plantation telugu,0.4,3,1,52.0,youtube_suggest,2026-09-12 21:56:28.643292
6940,91,133,banana plantation business,0.4,3,1,52.0,youtube_suggest,2026-09-12 21:56:28.643513
6941,91,133,banana plantation drawing,0.4,3,1,52.0,youtube_suggest,2026-09-12 21:56:28.643707
6942,91,133,banana plantation distance,0.4,3,1,52.0,youtube_suggest,2026-09-12 21:56:28.643860
6943,91,133,banana plantation davao,0.4,3,1,52.0,youtube_suggest,2026-09-12 21:56:28.644008
6944,91,133,banana plantation ecuador,0.4,3,1,52.0,youtube_suggest,2026-09-12 21:56:28.647294
6945,91,133,banana plantation method,0.4,3,1,52.0,youtube_suggest,2026-09-12 21:56:28.647597
6946,91,133,banana plantation farming,0.4,3,1,52.0,youtube_suggest,2026-09-12 21:56:28.647799
6947,91,133,banana plantation fertilizer,0.4,3,1,52.0,youtube_suggest,2026-09-12 21:56:28.647988
6948,91,133,banana plantation process,0.4,3,1,52.0,youtube_suggest,2026-09-12 21:56:28.648176
6949,91,133,banana plantation farming in uganda,0.3333,5,1,51.33,youtube_suggest,2026-09-12 21:56:28.648513
6950,91,133,banana plantation costa rica,0.3333,4,1,49.33,youtube_suggest,2026-09-12 21:56:28.648813
6951,91,133,banana plantation irrigation system,0.3333,4,1,49.33,youtube_suggest,2026-09-12 21:56:28.653177
6952,91,133,banana plantation davao del norte,0.2857,5,1,48.0,youtube_suggest,2026-09-12 21:56:28.653426
6953,91,133,banana plantation,0.5,2,0,45.0,youtube_suggest,2026-09-12 21:56:28.653626
6954,91,133,banana conveyor,0.5,2,0,45.0,youtube_suggest,2026-09-12 21:56:28.653816
6955,91,133,banana farming a to z,0.2,5,1,42.0,youtube_suggest,2026-09-12 21:56:28.654222
6956,91,133,banana farming agribusiness how it works,0.1429,6,1,40.0,youtube_suggest,2026-09-12 21:56:28.654464
6957,91,133,banana farm btd battles 2,0.1429,5,1,38.0,youtube_suggest,2026-09-12 21:56:28.654659
6958,91,133,banana planting at home,0.1667,4,1,37.67,youtube_suggest,2026-09-12 21:56:28.654843
6959,91,133,banana planting and harvesting,0.1667,4,1,37.67,youtube_suggest,2026-09-12 21:56:28.655028
6960,91,133,banana farming for beginners,0.1667,4,1,37.67,youtube_suggest,2026-09-12 21:56:28.655207
6961,91,133,cooking by solar energy,0.1667,4,1,37.67,youtube_suggest,2026-09-12 21:56:28.655458
6962,91,133,banana cultivation agri coaching chandigarh,0.125,5,1,36.75,youtube_suggest,2026-09-12 21:56:28.655730
6963,91,133,banana farm eco hostel arusha,0.125,5,1,36.75,youtube_suggest,2026-09-12 21:56:28.655912
6964,91,133,banana farming fertilizer schedule kannada,0.125,5,1,36.75,youtube_suggest,2026-09-12 21:56:28.656095
6965,91,133,banana farming balram kisan,0.1429,4,1,36.0,youtube_suggest,2026-09-12 21:56:28.656275
6966,91,133,banana farm btd6 paragon,0.1429,4,1,36.0,youtube_suggest,2026-09-12 21:56:28.656468
6967,91,133,banana farming complete guide,0.1429,4,1,36.0,youtube_suggest,2026-09-12 21:56:28.664950
6968,91,133,banana farming drip irrigation,0.1429,4,1,36.0,youtube_suggest,2026-09-12 21:56:28.667844
6969,91,133,banana farming fertilizer schedule,0.1429,4,1,36.0,youtube_suggest,2026-09-12 21:56:28.668153
6970,91,133,banana farming full details,0.1429,4,1,36.0,youtube_suggest,2026-09-12 21:56:28.672826
6971,91,133,banana farming full process,0.1429,4,1,36.0,youtube_suggest,2026-09-12 21:56:28.673077
6972,91,133,banana farming new technology,0.1429,4,1,36.0,youtube_suggest,2026-09-12 21:56:28.673264
6973,91,133,banana tree cutting machine,0.1429,4,1,36.0,youtube_suggest,2026-09-12 21:56:28.673453
6974,91,133,banana farming assam,0.1667,3,1,35.67,youtube_suggest,2026-09-12 21:56:28.673627
6975,91,133,banana farm australia,0.1667,3,1,35.67,youtube_suggest,2026-09-12 21:56:28.674029
6976,91,133,banana tree art,0.1667,3,1,35.67,youtube_suggest,2026-09-12 21:56:28.674211
6977,91,133,banana farming africa,0.1667,3,1,35.67,youtube_suggest,2026-09-12 21:56:28.674400
6978,91,133,banana farm btd6,0.1667,3,1,35.67,youtube_suggest,2026-09-12 21:56:28.674573
6979,91,133,banana farming business,0.1667,3,1,35.67,youtube_suggest,2026-09-12 21:56:28.674746
6980,91,133,banana farming bihar,0.1667,3,1,35.67,youtube_suggest,2026-09-12 21:56:28.674945
6981,91,133,banana farming bangladesh,0.1667,3,1,35.67,youtube_suggest,2026-09-12 21:56:28.675303
6982,91,133,banana farm btd5,0.1667,3,1,35.67,youtube_suggest,2026-09-12 21:56:28.675525
6983,91,133,banana farming botw,0.1667,3,1,35.67,youtube_suggest,2026-09-12 21:56:28.682529
6984,91,133,banana farming china,0.1667,3,1,35.67,youtube_suggest,2026-09-12 21:56:28.682911
6985,91,133,banana farm cutting,0.1667,3,1,35.67,youtube_suggest,2026-09-12 21:56:28.683129
6986,91,133,banana farming cost,0.1667,3,1,35.67,youtube_suggest,2026-09-12 21:56:28.683334
6987,91,133,banana farm crosspath,0.1667,3,1,35.67,youtube_suggest,2026-09-12 21:56:28.683522
6988,91,133,banana farming course,0.1667,3,1,35.67,youtube_suggest,2026-09-12 21:56:28.683827
6989,91,133,banana farm cleaning,0.1667,3,1,35.67,youtube_suggest,2026-09-12 21:56:28.684047
6990,91,133,banana tree colour,0.1667,3,1,35.67,youtube_suggest,2026-09-12 21:56:28.684232
6991,92,134,banana plantation in the philippines,0.4,5,1,56.0,youtube_suggest,2026-09-12 22:04:14.802561
6992,92,134,banana plantation in uganda,0.4,4,1,54.0,youtube_suggest,2026-09-12 22:04:14.802791
6993,92,134,banana plantation in ecuador,0.4,4,1,54.0,youtube_suggest,2026-09-12 22:04:14.802942
6994,92,134,banana plantation in zambia,0.4,4,1,54.0,youtube_suggest,2026-09-12 22:04:14.803088
6995,92,134,banana plantation at home,0.4,4,1,54.0,youtube_suggest,2026-09-12 22:04:14.803245
6996,92,134,banana plantation song,0.4,3,1,52.0,youtube_suggest,2026-09-12 22:04:14.803390
6997,92,134,banana plantation harvesting,0.4,3,1,52.0,youtube_suggest,2026-09-12 22:04:14.803541
6998,92,134,banana plantation documentary,0.4,3,1,52.0,youtube_suggest,2026-09-12 22:04:14.803675
6999,92,134,banana plantation telugu,0.4,3,1,52.0,youtube_suggest,2026-09-12 22:04:14.803806
7000,92,134,banana plantation business,0.4,3,1,52.0,youtube_suggest,2026-09-12 22:04:14.803943
7001,92,134,banana plantation drawing,0.4,3,1,52.0,youtube_suggest,2026-09-12 22:04:14.804083
7002,92,134,banana plantation distance,0.4,3,1,52.0,youtube_suggest,2026-09-12 22:04:14.804259
7003,92,134,banana plantation davao,0.4,3,1,52.0,youtube_suggest,2026-09-12 22:04:14.804438
7004,92,134,banana plantation ecuador,0.4,3,1,52.0,youtube_suggest,2026-09-12 22:04:14.811293
7005,92,134,banana plantation method,0.4,3,1,52.0,youtube_suggest,2026-09-12 22:04:14.811571
7006,92,134,banana plantation farming,0.4,3,1,52.0,youtube_suggest,2026-09-12 22:04:14.811767
7007,92,134,banana plantation fertilizer,0.4,3,1,52.0,youtube_suggest,2026-09-12 22:04:14.811954
7008,92,134,banana plantation process,0.4,3,1,52.0,youtube_suggest,2026-09-12 22:04:14.812152
7009,92,134,banana plantation farming in uganda,0.3333,5,1,51.33,youtube_suggest,2026-09-12 22:04:14.812334
7010,92,134,banana plantation costa rica,0.3333,4,1,49.33,youtube_suggest,2026-09-12 22:04:14.815845
7011,92,134,banana plantation irrigation system,0.3333,4,1,49.33,youtube_suggest,2026-09-12 22:04:14.816203
7012,92,134,banana plantation davao del norte,0.2857,5,1,48.0,youtube_suggest,2026-09-12 22:04:14.816405
7013,92,134,banana plantation,0.5,2,0,45.0,youtube_suggest,2026-09-12 22:04:14.816694
7014,92,134,banana farming a to z,0.2,5,1,42.0,youtube_suggest,2026-09-12 22:04:14.816884
7015,92,134,the caretaker d2,0.25,3,1,41.5,youtube_suggest,2026-09-12 22:04:14.817067
7016,92,134,the caretaker d4,0.25,3,1,41.5,youtube_suggest,2026-09-12 22:04:14.817249
7017,92,134,banana farming agribusiness how it works,0.1429,6,1,40.0,youtube_suggest,2026-09-12 22:04:14.817432
7018,92,134,the caretaker audiobook,0.2,3,1,38.0,youtube_suggest,2026-09-12 22:04:14.820197
7019,92,134,the infinite within,0.2,3,1,38.0,youtube_suggest,2026-09-12 22:04:14.820427
7020,92,134,banana farm btd battles 2,0.1429,5,1,38.0,youtube_suggest,2026-09-12 22:04:14.820698
7021,92,134,the caretaker extra patience,0.1667,4,1,37.67,youtube_suggest,2026-09-12 22:04:14.820903
7022,92,134,the caretaker take care,0.1667,4,1,37.67,youtube_suggest,2026-09-12 22:04:14.821184
7023,92,134,banana planting at home,0.1667,4,1,37.67,youtube_suggest,2026-09-12 22:04:14.821379
7024,92,134,banana planting and harvesting,0.1667,4,1,37.67,youtube_suggest,2026-09-12 22:04:14.821578
7025,92,134,banana farming for beginners,0.1667,4,1,37.67,youtube_suggest,2026-09-12 22:04:14.821760
7026,92,134,banana cultivation agri coaching chandigarh,0.125,5,1,36.75,youtube_suggest,2026-09-12 22:04:14.821940
7027,92,134,banana farm eco hostel arusha,0.125,5,1,36.75,youtube_suggest,2026-09-12 22:04:14.822118
7028,92,134,banana farming fertilizer schedule kannada,0.125,5,1,36.75,youtube_suggest,2026-09-12 22:04:14.822299
7029,92,134,banana farming balram kisan,0.1429,4,1,36.0,youtube_suggest,2026-09-12 22:04:14.822480
7030,92,134,banana farm btd6 paragon,0.1429,4,1,36.0,youtube_suggest,2026-09-12 22:04:14.831334
7031,92,134,banana farming complete guide,0.1429,4,1,36.0,youtube_suggest,2026-09-12 22:04:14.831681
7032,92,134,banana farming drip irrigation,0.1429,4,1,36.0,youtube_suggest,2026-09-12 22:04:14.831916
7033,92,134,banana farming fertilizer schedule,0.1429,4,1,36.0,youtube_suggest,2026-09-12 22:04:14.832111
7034,92,134,banana farming full details,0.1429,4,1,36.0,youtube_suggest,2026-09-12 22:04:14.832437
7035,92,134,banana farming full process,0.1429,4,1,36.0,youtube_suggest,2026-09-12 22:04:14.832932
7036,92,134,banana farming new technology,0.1429,4,1,36.0,youtube_suggest,2026-09-12 22:04:14.833182
7037,92,134,banana tree cutting machine,0.1429,4,1,36.0,youtube_suggest,2026-09-12 22:04:14.834039
7038,92,134,banana farming assam,0.1667,3,1,35.67,youtube_suggest,2026-09-12 22:04:14.834271
7039,92,134,banana farm australia,0.1667,3,1,35.67,youtube_suggest,2026-09-12 22:04:14.834463
7040,92,134,banana tree art,0.1667,3,1,35.67,youtube_suggest,2026-09-12 22:04:14.834659
7041,92,134,banana farming africa,0.1667,3,1,35.67,youtube_suggest,2026-09-12 22:04:14.834841
7042,92,134,banana farm btd6,0.1667,3,1,35.67,youtube_suggest,2026-09-12 22:04:14.835022
7043,92,134,banana farming business,0.1667,3,1,35.67,youtube_suggest,2026-09-12 22:04:14.835200
7044,92,134,banana farming bihar,0.1667,3,1,35.67,youtube_suggest,2026-09-12 22:04:14.835375
7045,92,134,banana farming bangladesh,0.1667,3,1,35.67,youtube_suggest,2026-09-12 22:04:14.835568
7046,92,134,banana farm btd5,0.1667,3,1,35.67,youtube_suggest,2026-09-12 22:04:14.835748
7047,92,134,banana farming botw,0.1667,3,1,35.67,youtube_suggest,2026-09-12 22:04:14.835924
7048,92,134,banana farming china,0.1667,3,1,35.67,youtube_suggest,2026-09-12 22:04:14.836099
7049,92,134,banana farm cutting,0.1667,3,1,35.67,youtube_suggest,2026-09-12 22:04:14.836276
7050,92,134,banana farming cost,0.1667,3,1,35.67,youtube_suggest,2026-09-12 22:04:14.836453
7051,93,135,apple orchard danny go,0.4,4,1,54.0,youtube_suggest,2026-09-12 22:07:26.398417
7052,93,135,apple orchard dr strange,0.4,4,1,54.0,youtube_suggest,2026-09-12 22:07:26.401363
7053,93,135,apple orchard for preschool,0.4,4,1,54.0,youtube_suggest,2026-09-12 22:07:26.401762
7054,93,135,apple orchard for kindergarten,0.4,4,1,54.0,youtube_suggest,2026-09-12 22:07:26.402091
7055,93,135,apple orchard for sale,0.4,4,1,54.0,youtube_suggest,2026-09-12 22:07:26.402465
7056,93,135,apple orchard for sale in himachal,0.3333,6,1,53.33,youtube_suggest,2026-09-12 22:07:26.402724
7057,93,135,apple orchard for sale in uttarakhand,0.3333,6,1,53.33,youtube_suggest,2026-09-12 22:07:26.402991
7058,93,135,apple orchard ambience,0.4,3,1,52.0,youtube_suggest,2026-09-12 22:07:26.403272
7059,93,135,apple orchard music,0.4,3,1,52.0,youtube_suggest,2026-09-12 22:07:26.403577
7060,93,135,apple orchard snl,0.4,3,1,52.0,youtube_suggest,2026-09-12 22:07:26.403844
7061,93,135,apple orchard commercial,0.4,3,1,52.0,youtube_suggest,2026-09-12 22:07:26.404106
7062,93,135,apple orchard song,0.4,3,1,52.0,youtube_suggest,2026-09-12 22:07:26.404418
7063,93,135,apple orchard tour,0.4,3,1,52.0,youtube_suggest,2026-09-12 22:07:26.409210
7064,93,135,apple orchard ambiance,0.4,3,1,52.0,youtube_suggest,2026-09-12 22:07:26.409474
7065,93,135,apple orchard afternoon,0.4,3,1,52.0,youtube_suggest,2026-09-12 22:07:26.409778
7066,93,135,apple orchard acnh,0.4,3,1,52.0,youtube_suggest,2026-09-12 22:07:26.409971
7067,93,135,apple orchard book,0.4,3,1,52.0,youtube_suggest,2026-09-12 22:07:26.414001
7068,93,135,apple orchard business,0.4,3,1,52.0,youtube_suggest,2026-09-12 22:07:26.414301
7069,93,135,apple orchard bar,0.4,3,1,52.0,youtube_suggest,2026-09-12 22:07:26.414932
7070,93,135,apple orchard cartoon,0.4,3,1,52.0,youtube_suggest,2026-09-12 22:07:26.415283
7071,93,135,apple orchard care,0.4,3,1,52.0,youtube_suggest,2026-09-12 22:07:26.415529
7072,93,135,apple orchard calm,0.4,3,1,52.0,youtube_suggest,2026-09-12 22:07:26.422448
7073,93,135,apple orchard chicago,0.4,3,1,52.0,youtube_suggest,2026-09-12 22:07:26.422741
7074,93,135,apple orchard canada,0.4,3,1,52.0,youtube_suggest,2026-09-12 22:07:26.422988
7075,93,135,apple orchard donuts,0.4,3,1,52.0,youtube_suggest,2026-09-12 22:07:26.423327
7076,93,135,apple orchard drawing,0.4,3,1,52.0,youtube_suggest,2026-09-12 22:07:26.423541
7077,93,135,apple orchard dhanaulti,0.4,3,1,52.0,youtube_suggest,2026-09-12 22:07:26.423747
7078,93,135,apple orchard episode,0.4,3,1,52.0,youtube_suggest,2026-09-12 22:07:26.424040
7079,93,135,apple orchard farm,0.4,3,1,52.0,youtube_suggest,2026-09-12 22:07:26.424272
7080,93,135,apple orchard falls,0.4,3,1,52.0,youtube_suggest,2026-09-12 22:07:26.424503
7081,93,135,apple orchard sprayer,0.4,3,1,52.0,youtube_suggest,2026-09-12 22:07:26.424769
7082,93,135,apple orchard spraying,0.4,3,1,52.0,youtube_suggest,2026-09-12 22:07:26.424988
7083,93,135,apple orchard ambience with music,0.3333,5,1,51.33,youtube_suggest,2026-09-12 22:07:26.425209
7084,93,135,apple orchard ambience no ads,0.3333,5,1,51.33,youtube_suggest,2026-09-12 22:07:26.425413
7085,93,135,apple orchard field trip,0.3333,4,1,49.33,youtube_suggest,2026-09-12 22:07:26.426943
7086,93,135,apple orchard beach house,0.3333,4,1,49.33,youtube_suggest,2026-09-12 22:07:26.427328
7087,93,135,apple orchard animal crossing,0.3333,4,1,49.33,youtube_suggest,2026-09-12 22:07:26.427716
7088,93,135,apple orchard blue prince,0.3333,4,1,49.33,youtube_suggest,2026-09-12 22:07:26.427956
7089,93,135,apple orchard calming music,0.3333,4,1,49.33,youtube_suggest,2026-09-12 22:07:26.428205
7090,93,135,apple orchard classical music,0.3333,4,1,49.33,youtube_suggest,2026-09-12 22:07:26.428414
7091,93,135,apple orchard classroom music,0.3333,4,1,49.33,youtube_suggest,2026-09-12 22:07:26.433021
7092,93,135,apple orchard dramatic play,0.3333,4,1,49.33,youtube_suggest,2026-09-12 22:07:26.436923
7093,93,135,apple orchard falls trail,0.3333,4,1,49.33,youtube_suggest,2026-09-12 22:07:26.437249
7094,93,135,apple orchard virtual field trip,0.2857,5,1,48.0,youtube_suggest,2026-09-12 22:07:26.437451
7095,93,135,apple orchard beach house slowed,0.2857,5,1,48.0,youtube_suggest,2026-09-12 22:07:26.437770
7096,93,135,apple orchard beach house lyrics,0.2857,5,1,48.0,youtube_suggest,2026-09-12 22:07:26.437953
7097,93,135,apple orchard beach house live,0.2857,5,1,48.0,youtube_suggest,2026-09-12 22:07:26.438201
7098,93,135,apple orchard book read aloud,0.2857,5,1,48.0,youtube_suggest,2026-09-12 22:07:26.438401
7099,93,135,apple orchard banana cat dance,0.2857,5,1,48.0,youtube_suggest,2026-09-12 22:07:26.438584
7100,93,135,apple orchard field trip blippi,0.2857,5,1,48.0,youtube_suggest,2026-09-12 22:07:26.438769
7101,93,135,apple orchard,0.5,2,0,45.0,youtube_suggest,2026-09-12 22:07:26.439036
7102,93,135,apple picking day read aloud,0.125,5,1,36.75,youtube_suggest,2026-09-12 22:07:26.439230
7103,93,135,apple tree erykah badu lyrics,0.125,5,1,36.75,youtube_suggest,2026-09-12 22:07:26.439412
7104,93,135,apple tree erykah badu karaoke,0.125,5,1,36.75,youtube_suggest,2026-09-12 22:07:26.439601
7105,93,135,apple tree erykah badu instrumental,0.125,5,1,36.75,youtube_suggest,2026-09-12 22:07:26.439846
7106,93,135,apple tree erykah badu live,0.125,5,1,36.75,youtube_suggest,2026-09-12 22:07:26.440038
7107,93,135,apple tree aurora choir,0.1429,4,1,36.0,youtube_suggest,2026-09-12 22:07:26.440221
7108,93,135,apple tree apartments syokimau,0.1429,4,1,36.0,youtube_suggest,2026-09-12 22:07:26.440465
7109,93,135,apple tree erykah badu,0.1429,4,1,36.0,youtube_suggest,2026-09-12 22:07:26.444117
7110,93,135,apple tree elementary music,0.1429,4,1,36.0,youtube_suggest,2026-09-12 22:07:26.444347
7111,94,136,apple orchard for sale in himachal,0.2857,6,1,50.0,youtube_suggest,2026-09-12 22:10:30.243874
7112,94,136,apple orchard for sale in uttarakhand,0.2857,6,1,50.0,youtube_suggest,2026-09-12 22:10:30.245224
7113,94,136,apple orchard danny go,0.3333,4,1,49.33,youtube_suggest,2026-09-12 22:10:30.247078
7114,94,136,apple orchard dr strange,0.3333,4,1,49.33,youtube_suggest,2026-09-12 22:10:30.247452
7115,94,136,apple orchard for preschool,0.3333,4,1,49.33,youtube_suggest,2026-09-12 22:10:30.247735
7116,94,136,apple orchard for kindergarten,0.3333,4,1,49.33,youtube_suggest,2026-09-12 22:10:30.247929
7117,94,136,apple orchard for sale,0.3333,4,1,49.33,youtube_suggest,2026-09-12 22:10:30.248088
7118,94,136,apple orchard ambience with music,0.2857,5,1,48.0,youtube_suggest,2026-09-12 22:10:30.248252
7119,94,136,apple orchard ambience no ads,0.2857,5,1,48.0,youtube_suggest,2026-09-12 22:10:30.248401
7120,94,136,apple orchard ambience,0.3333,3,1,47.33,youtube_suggest,2026-09-12 22:10:30.250066
7121,94,136,apple orchard music,0.3333,3,1,47.33,youtube_suggest,2026-09-12 22:10:30.250307
7122,94,136,apple orchard snl,0.3333,3,1,47.33,youtube_suggest,2026-09-12 22:10:30.250526
7123,94,136,apple orchard commercial,0.3333,3,1,47.33,youtube_suggest,2026-09-12 22:10:30.250723
7124,94,136,apple orchard song,0.3333,3,1,47.33,youtube_suggest,2026-09-12 22:10:30.250910
7125,94,136,apple orchard tour,0.3333,3,1,47.33,youtube_suggest,2026-09-12 22:10:30.257031
7126,94,136,apple orchard ambiance,0.3333,3,1,47.33,youtube_suggest,2026-09-12 22:10:30.257290
7127,94,136,apple orchard afternoon,0.3333,3,1,47.33,youtube_suggest,2026-09-12 22:10:30.257501
7128,94,136,apple orchard acnh,0.3333,3,1,47.33,youtube_suggest,2026-09-12 22:10:30.257708
7129,94,136,apple orchard book,0.3333,3,1,47.33,youtube_suggest,2026-09-12 22:10:30.257898
7130,94,136,apple orchard business,0.3333,3,1,47.33,youtube_suggest,2026-09-12 22:10:30.258082
7131,94,136,apple orchard bar,0.3333,3,1,47.33,youtube_suggest,2026-09-12 22:10:30.258273
7132,94,136,apple orchard cartoon,0.3333,3,1,47.33,youtube_suggest,2026-09-12 22:10:30.258488
7133,94,136,apple orchard care,0.3333,3,1,47.33,youtube_suggest,2026-09-12 22:10:30.258700
7134,94,136,apple orchard calm,0.3333,3,1,47.33,youtube_suggest,2026-09-12 22:10:30.258895
7135,94,136,apple orchard chicago,0.3333,3,1,47.33,youtube_suggest,2026-09-12 22:10:30.260964
7136,94,136,apple orchard canada,0.3333,3,1,47.33,youtube_suggest,2026-09-12 22:10:30.261181
7137,94,136,apple orchard donuts,0.3333,3,1,47.33,youtube_suggest,2026-09-12 22:10:30.261376
7138,94,136,apple orchard drawing,0.3333,3,1,47.33,youtube_suggest,2026-09-12 22:10:30.261587
7139,94,136,apple orchard dhanaulti,0.3333,3,1,47.33,youtube_suggest,2026-09-12 22:10:30.261776
7140,94,136,apple orchard episode,0.3333,3,1,47.33,youtube_suggest,2026-09-12 22:10:30.261960
7141,94,136,apple orchard farm,0.3333,3,1,47.33,youtube_suggest,2026-09-12 22:10:30.262144
7142,94,136,apple orchard falls,0.3333,3,1,47.33,youtube_suggest,2026-09-12 22:10:30.262350
7143,94,136,titan root rake,0.3333,3,1,47.33,youtube_suggest,2026-09-12 22:10:30.264904
7144,94,136,apple orchard sprayer,0.3333,3,1,47.33,youtube_suggest,2026-09-12 22:10:30.265263
7145,94,136,apple orchard spraying,0.3333,3,1,47.33,youtube_suggest,2026-09-12 22:10:30.266681
7146,94,136,apple orchard field trip,0.2857,4,1,46.0,youtube_suggest,2026-09-12 22:10:30.267004
7147,94,136,apple orchard beach house,0.2857,4,1,46.0,youtube_suggest,2026-09-12 22:10:30.267195
7148,94,136,apple orchard animal crossing,0.2857,4,1,46.0,youtube_suggest,2026-09-12 22:10:30.267384
7149,94,136,apple orchard blue prince,0.2857,4,1,46.0,youtube_suggest,2026-09-12 22:10:30.268733
7150,94,136,apple orchard calming music,0.2857,4,1,46.0,youtube_suggest,2026-09-12 22:10:30.272788
7151,94,136,apple orchard classical music,0.2857,4,1,46.0,youtube_suggest,2026-09-12 22:10:30.273147
7152,94,136,apple orchard classroom music,0.2857,4,1,46.0,youtube_suggest,2026-09-12 22:10:30.273350
7153,94,136,apple orchard dramatic play,0.2857,4,1,46.0,youtube_suggest,2026-09-12 22:10:30.273560
7154,94,136,apple orchard falls trail,0.2857,4,1,46.0,youtube_suggest,2026-09-12 22:10:30.273789
7155,94,136,apple orchard virtual field trip,0.25,5,1,45.5,youtube_suggest,2026-09-12 22:10:30.273987
7156,94,136,apple orchard beach house slowed,0.25,5,1,45.5,youtube_suggest,2026-09-12 22:10:30.274180
7157,94,136,apple orchard beach house lyrics,0.25,5,1,45.5,youtube_suggest,2026-09-12 22:10:30.274378
7158,94,136,apple orchard beach house live,0.25,5,1,45.5,youtube_suggest,2026-09-12 22:10:30.274572
7159,94,136,apple orchard book read aloud,0.25,5,1,45.5,youtube_suggest,2026-09-12 22:10:30.274762
7160,94,136,apple orchard banana cat dance,0.25,5,1,45.5,youtube_suggest,2026-09-12 22:10:30.274943
7161,94,136,apple orchard field trip blippi,0.25,5,1,45.5,youtube_suggest,2026-09-12 22:10:30.275288
7162,94,136,apple orchard,0.4,2,0,38.0,youtube_suggest,2026-09-12 22:10:30.275483
7163,94,136,apple picking day read aloud,0.1111,5,1,35.78,youtube_suggest,2026-09-12 22:10:30.276394
7164,94,136,apple tree erykah badu lyrics,0.1111,5,1,35.78,youtube_suggest,2026-09-12 22:10:30.276683
7165,94,136,apple tree erykah badu karaoke,0.1111,5,1,35.78,youtube_suggest,2026-09-12 22:10:30.276875
7166,94,136,apple tree erykah badu instrumental,0.1111,5,1,35.78,youtube_suggest,2026-09-12 22:10:30.277058
7167,94,136,apple tree erykah badu live,0.1111,5,1,35.78,youtube_suggest,2026-09-12 22:10:30.277239
7168,94,136,apple tree aurora choir,0.125,4,1,34.75,youtube_suggest,2026-09-12 22:10:30.281089
7169,94,136,apple tree apartments syokimau,0.125,4,1,34.75,youtube_suggest,2026-09-12 22:10:30.281344
7170,94,136,apple tree erykah badu,0.125,4,1,34.75,youtube_suggest,2026-09-12 22:10:30.281555
7171,95,137,apple orchard danny go,0.4,4,1,54.0,youtube_suggest,2026-09-12 22:13:51.722361
7172,95,137,apple orchard dr strange,0.4,4,1,54.0,youtube_suggest,2026-09-12 22:13:51.722708
7173,95,137,apple orchard for preschool,0.4,4,1,54.0,youtube_suggest,2026-09-12 22:13:51.724933
7174,95,137,apple orchard for kindergarten,0.4,4,1,54.0,youtube_suggest,2026-09-12 22:13:51.725163
7175,95,137,apple orchard for sale,0.4,4,1,54.0,youtube_suggest,2026-09-12 22:13:51.725390
7176,95,137,apple orchard for sale in himachal,0.3333,6,1,53.33,youtube_suggest,2026-09-12 22:13:51.725580
7177,95,137,apple orchard for sale in uttarakhand,0.3333,6,1,53.33,youtube_suggest,2026-09-12 22:13:51.725869
7178,95,137,apple orchard ambience,0.4,3,1,52.0,youtube_suggest,2026-09-12 22:13:51.726062
7179,95,137,apple orchard music,0.4,3,1,52.0,youtube_suggest,2026-09-12 22:13:51.726243
7180,95,137,apple orchard snl,0.4,3,1,52.0,youtube_suggest,2026-09-12 22:13:51.726445
7181,95,137,apple orchard commercial,0.4,3,1,52.0,youtube_suggest,2026-09-12 22:13:51.726634
7182,95,137,apple orchard song,0.4,3,1,52.0,youtube_suggest,2026-09-12 22:13:51.726816
7183,95,137,apple orchard tour,0.4,3,1,52.0,youtube_suggest,2026-09-12 22:13:51.727002
7184,95,137,apple orchard ambiance,0.4,3,1,52.0,youtube_suggest,2026-09-12 22:13:51.727184
7185,95,137,apple orchard afternoon,0.4,3,1,52.0,youtube_suggest,2026-09-12 22:13:51.727454
7186,95,137,apple orchard acnh,0.4,3,1,52.0,youtube_suggest,2026-09-12 22:13:51.727651
7187,95,137,apple orchard book,0.4,3,1,52.0,youtube_suggest,2026-09-12 22:13:51.727830
7188,95,137,apple orchard business,0.4,3,1,52.0,youtube_suggest,2026-09-12 22:13:51.732208
7189,95,137,apple orchard bar,0.4,3,1,52.0,youtube_suggest,2026-09-12 22:13:51.732627
7190,95,137,apple orchard cartoon,0.4,3,1,52.0,youtube_suggest,2026-09-12 22:13:51.732847
7191,95,137,apple orchard care,0.4,3,1,52.0,youtube_suggest,2026-09-12 22:13:51.733041
7192,95,137,apple orchard calm,0.4,3,1,52.0,youtube_suggest,2026-09-12 22:13:51.733265
7193,95,137,apple orchard chicago,0.4,3,1,52.0,youtube_suggest,2026-09-12 22:13:51.733472
7194,95,137,apple orchard canada,0.4,3,1,52.0,youtube_suggest,2026-09-12 22:13:51.733660
7195,95,137,apple orchard donuts,0.4,3,1,52.0,youtube_suggest,2026-09-12 22:13:51.733838
7196,95,137,apple orchard drawing,0.4,3,1,52.0,youtube_suggest,2026-09-12 22:13:51.734023
7197,95,137,apple orchard dhanaulti,0.4,3,1,52.0,youtube_suggest,2026-09-12 22:13:51.734206
7198,95,137,apple orchard episode,0.4,3,1,52.0,youtube_suggest,2026-09-12 22:13:51.734398
7199,95,137,apple orchard farm,0.4,3,1,52.0,youtube_suggest,2026-09-12 22:13:51.734591
7200,95,137,apple orchard falls,0.4,3,1,52.0,youtube_suggest,2026-09-12 22:13:51.734770
7201,95,137,apple orchard sprayer,0.4,3,1,52.0,youtube_suggest,2026-09-12 22:13:51.734944
7202,95,137,apple orchard spraying,0.4,3,1,52.0,youtube_suggest,2026-09-12 22:13:51.735122
7203,95,137,apple orchard ambience with music,0.3333,5,1,51.33,youtube_suggest,2026-09-12 22:13:51.738446
7204,95,137,apple orchard ambience no ads,0.3333,5,1,51.33,youtube_suggest,2026-09-12 22:13:51.738703
7205,95,137,apple orchard field trip,0.3333,4,1,49.33,youtube_suggest,2026-09-12 22:13:51.738901
7206,95,137,apple orchard beach house,0.3333,4,1,49.33,youtube_suggest,2026-09-12 22:13:51.739094
7207,95,137,apple orchard animal crossing,0.3333,4,1,49.33,youtube_suggest,2026-09-12 22:13:51.739281
7208,95,137,apple orchard blue prince,0.3333,4,1,49.33,youtube_suggest,2026-09-12 22:13:51.739478
7209,95,137,apple orchard calming music,0.3333,4,1,49.33,youtube_suggest,2026-09-12 22:13:51.739650
7210,95,137,apple orchard classical music,0.3333,4,1,49.33,youtube_suggest,2026-09-12 22:13:51.739823
7211,95,137,apple orchard classroom music,0.3333,4,1,49.33,youtube_suggest,2026-09-12 22:13:51.740007
7212,95,137,apple orchard dramatic play,0.3333,4,1,49.33,youtube_suggest,2026-09-12 22:13:51.740181
7213,95,137,apple orchard falls trail,0.3333,4,1,49.33,youtube_suggest,2026-09-12 22:13:51.740359
7214,95,137,apple orchard virtual field trip,0.2857,5,1,48.0,youtube_suggest,2026-09-12 22:13:51.744682
7215,95,137,apple orchard beach house slowed,0.2857,5,1,48.0,youtube_suggest,2026-09-12 22:13:51.745119
7216,95,137,apple orchard beach house lyrics,0.2857,5,1,48.0,youtube_suggest,2026-09-12 22:13:51.745491
7217,95,137,apple orchard beach house live,0.2857,5,1,48.0,youtube_suggest,2026-09-12 22:13:51.745720
7218,95,137,apple orchard book read aloud,0.2857,5,1,48.0,youtube_suggest,2026-09-12 22:13:51.745910
7219,95,137,apple orchard banana cat dance,0.2857,5,1,48.0,youtube_suggest,2026-09-12 22:13:51.746097
7220,95,137,apple orchard field trip blippi,0.2857,5,1,48.0,youtube_suggest,2026-09-12 22:13:51.746277
7221,95,137,apple orchard,0.5,2,0,45.0,youtube_suggest,2026-09-12 22:13:51.746477
7222,95,137,sky cotl prophet of air,0.1429,5,1,38.0,youtube_suggest,2026-09-12 22:13:51.746658
7223,95,137,apple picking day read aloud,0.125,5,1,36.75,youtube_suggest,2026-09-12 22:13:51.746836
7224,95,137,apple tree erykah badu lyrics,0.125,5,1,36.75,youtube_suggest,2026-09-12 22:13:51.747014
7225,95,137,apple tree erykah badu karaoke,0.125,5,1,36.75,youtube_suggest,2026-09-12 22:13:51.747199
7226,95,137,apple tree erykah badu instrumental,0.125,5,1,36.75,youtube_suggest,2026-09-12 22:13:51.747386
7227,95,137,apple tree erykah badu live,0.125,5,1,36.75,youtube_suggest,2026-09-12 22:13:51.747565
7228,95,137,apple tree aurora choir,0.1429,4,1,36.0,youtube_suggest,2026-09-12 22:13:51.747750
7229,95,137,apple tree apartments syokimau,0.1429,4,1,36.0,youtube_suggest,2026-09-12 22:13:51.747937
7230,95,137,apple tree erykah badu,0.1429,4,1,36.0,youtube_suggest,2026-09-12 22:13:51.748122
7231,96,138,apple orchard danny go,0.4,4,1,54.0,youtube_suggest,2026-09-12 22:16:35.532615
7232,96,138,apple orchard dr strange,0.4,4,1,54.0,youtube_suggest,2026-09-12 22:16:35.533101
7233,96,138,apple orchard for preschool,0.4,4,1,54.0,youtube_suggest,2026-09-12 22:16:35.536062
7234,96,138,apple orchard for kindergarten,0.4,4,1,54.0,youtube_suggest,2026-09-12 22:16:35.536469
7235,96,138,apple orchard for sale,0.4,4,1,54.0,youtube_suggest,2026-09-12 22:16:35.536755
7236,96,138,apple orchard for sale in himachal,0.3333,6,1,53.33,youtube_suggest,2026-09-12 22:16:35.536999
7237,96,138,apple orchard for sale in uttarakhand,0.3333,6,1,53.33,youtube_suggest,2026-09-12 22:16:35.537203
7238,96,138,apple orchard ambience,0.4,3,1,52.0,youtube_suggest,2026-09-12 22:16:35.537394
7239,96,138,apple orchard music,0.4,3,1,52.0,youtube_suggest,2026-09-12 22:16:35.537589
7240,96,138,apple orchard snl,0.4,3,1,52.0,youtube_suggest,2026-09-12 22:16:35.537773
7241,96,138,apple orchard commercial,0.4,3,1,52.0,youtube_suggest,2026-09-12 22:16:35.537970
7242,96,138,apple orchard song,0.4,3,1,52.0,youtube_suggest,2026-09-12 22:16:35.538162
7243,96,138,apple orchard tour,0.4,3,1,52.0,youtube_suggest,2026-09-12 22:16:35.538351
7244,96,138,apple orchard ambiance,0.4,3,1,52.0,youtube_suggest,2026-09-12 22:16:35.538571
7245,96,138,apple orchard afternoon,0.4,3,1,52.0,youtube_suggest,2026-09-12 22:16:35.538778
7246,96,138,apple orchard acnh,0.4,3,1,52.0,youtube_suggest,2026-09-12 22:16:35.538973
7247,96,138,apple orchard book,0.4,3,1,52.0,youtube_suggest,2026-09-12 22:16:35.539151
7248,96,138,apple orchard business,0.4,3,1,52.0,youtube_suggest,2026-09-12 22:16:35.539323
7249,96,138,apple orchard bar,0.4,3,1,52.0,youtube_suggest,2026-09-12 22:16:35.539508
7250,96,138,apple orchard cartoon,0.4,3,1,52.0,youtube_suggest,2026-09-12 22:16:35.539689
7251,96,138,apple orchard care,0.4,3,1,52.0,youtube_suggest,2026-09-12 22:16:35.539887
7252,96,138,apple orchard calm,0.4,3,1,52.0,youtube_suggest,2026-09-12 22:16:35.540168
7253,96,138,apple orchard chicago,0.4,3,1,52.0,youtube_suggest,2026-09-12 22:16:35.540360
7254,96,138,apple orchard canada,0.4,3,1,52.0,youtube_suggest,2026-09-12 22:16:35.544660
7255,96,138,apple orchard donuts,0.4,3,1,52.0,youtube_suggest,2026-09-12 22:16:35.545095
7256,96,138,apple orchard drawing,0.4,3,1,52.0,youtube_suggest,2026-09-12 22:16:35.545296
7257,96,138,apple orchard dhanaulti,0.4,3,1,52.0,youtube_suggest,2026-09-12 22:16:35.545481
7258,96,138,apple orchard episode,0.4,3,1,52.0,youtube_suggest,2026-09-12 22:16:35.545672
7259,96,138,apple orchard farm,0.4,3,1,52.0,youtube_suggest,2026-09-12 22:16:35.545951
7260,96,138,apple orchard falls,0.4,3,1,52.0,youtube_suggest,2026-09-12 22:16:35.546144
7261,96,138,zero gravity elevator,0.4,3,1,52.0,youtube_suggest,2026-09-12 22:16:35.546318
7262,96,138,apple orchard sprayer,0.4,3,1,52.0,youtube_suggest,2026-09-12 22:16:35.546511
7263,96,138,apple orchard spraying,0.4,3,1,52.0,youtube_suggest,2026-09-12 22:16:35.546692
7264,96,138,apple orchard ambience with music,0.3333,5,1,51.33,youtube_suggest,2026-09-12 22:16:35.546912
7265,96,138,apple orchard ambience no ads,0.3333,5,1,51.33,youtube_suggest,2026-09-12 22:16:35.547108
7266,96,138,apple orchard field trip,0.3333,4,1,49.33,youtube_suggest,2026-09-12 22:16:35.547281
7267,96,138,apple orchard beach house,0.3333,4,1,49.33,youtube_suggest,2026-09-12 22:16:35.547469
7268,96,138,apple orchard animal crossing,0.3333,4,1,49.33,youtube_suggest,2026-09-12 22:16:35.547751
7269,96,138,apple orchard blue prince,0.3333,4,1,49.33,youtube_suggest,2026-09-12 22:16:35.547945
7270,96,138,apple orchard calming music,0.3333,4,1,49.33,youtube_suggest,2026-09-12 22:16:35.548126
7271,96,138,apple orchard classical music,0.3333,4,1,49.33,youtube_suggest,2026-09-12 22:16:35.548310
7272,96,138,apple orchard classroom music,0.3333,4,1,49.33,youtube_suggest,2026-09-12 22:16:35.548476
7273,96,138,apple orchard dramatic play,0.3333,4,1,49.33,youtube_suggest,2026-09-12 22:16:35.552217
7274,96,138,apple orchard falls trail,0.3333,4,1,49.33,youtube_suggest,2026-09-12 22:16:35.552450
7275,96,138,apple orchard virtual field trip,0.2857,5,1,48.0,youtube_suggest,2026-09-12 22:16:35.552691
7276,96,138,apple orchard beach house slowed,0.2857,5,1,48.0,youtube_suggest,2026-09-12 22:16:35.556274
7277,96,138,apple orchard beach house lyrics,0.2857,5,1,48.0,youtube_suggest,2026-09-12 22:16:35.556613
7278,96,138,apple orchard beach house live,0.2857,5,1,48.0,youtube_suggest,2026-09-12 22:16:35.556931
7279,96,138,apple orchard book read aloud,0.2857,5,1,48.0,youtube_suggest,2026-09-12 22:16:35.557189
7280,96,138,apple orchard banana cat dance,0.2857,5,1,48.0,youtube_suggest,2026-09-12 22:16:35.557380
7281,96,138,apple orchard field trip blippi,0.2857,5,1,48.0,youtube_suggest,2026-09-12 22:16:35.557573
7282,96,138,apple orchard,0.5,2,0,45.0,youtube_suggest,2026-09-12 22:16:35.557764
7283,96,138,apple gravity,0.5,2,0,45.0,youtube_suggest,2026-09-12 22:16:35.558092
7284,96,138,apple elevator,0.5,2,0,45.0,youtube_suggest,2026-09-12 22:16:35.558283
7285,96,138,elevator going up to absolutely everything floors,0.125,7,1,38.75,youtube_suggest,2026-09-12 22:16:35.558476
7286,96,138,apparent weight in elevator,0.1667,4,1,37.67,youtube_suggest,2026-09-12 22:16:35.558665
7287,96,138,apple picking day read aloud,0.125,5,1,36.75,youtube_suggest,2026-09-12 22:16:35.558864
7288,96,138,apple tree erykah badu lyrics,0.125,5,1,36.75,youtube_suggest,2026-09-12 22:16:35.559055
7289,96,138,apple tree erykah badu karaoke,0.125,5,1,36.75,youtube_suggest,2026-09-12 22:16:35.559231
7290,96,138,apple tree erykah badu instrumental,0.125,5,1,36.75,youtube_suggest,2026-09-12 22:16:35.559413
7291,97,139,apple orchard for sale in himachal,0.2857,6,1,50.0,youtube_suggest,2026-09-12 22:20:02.561880
7292,97,139,apple orchard for sale in uttarakhand,0.2857,6,1,50.0,youtube_suggest,2026-09-12 22:20:02.562165
7293,97,139,apple orchard danny go,0.3333,4,1,49.33,youtube_suggest,2026-09-12 22:20:02.562381
7294,97,139,apple orchard dr strange,0.3333,4,1,49.33,youtube_suggest,2026-09-12 22:20:02.562578
7295,97,139,apple orchard for preschool,0.3333,4,1,49.33,youtube_suggest,2026-09-12 22:20:02.562774
7296,97,139,apple orchard for kindergarten,0.3333,4,1,49.33,youtube_suggest,2026-09-12 22:20:02.564628
7297,97,139,apple orchard for sale,0.3333,4,1,49.33,youtube_suggest,2026-09-12 22:20:02.565676
7298,97,139,apple orchard ambience with music,0.2857,5,1,48.0,youtube_suggest,2026-09-12 22:20:02.566616
7299,97,139,apple orchard ambience no ads,0.2857,5,1,48.0,youtube_suggest,2026-09-12 22:20:02.566891
7300,97,139,apple orchard ambience,0.3333,3,1,47.33,youtube_suggest,2026-09-12 22:20:02.567682
7301,97,139,apple orchard music,0.3333,3,1,47.33,youtube_suggest,2026-09-12 22:20:02.567938
7302,97,139,apple orchard snl,0.3333,3,1,47.33,youtube_suggest,2026-09-12 22:20:02.568141
7303,97,139,apple orchard commercial,0.3333,3,1,47.33,youtube_suggest,2026-09-12 22:20:02.568345
7304,97,139,apple orchard song,0.3333,3,1,47.33,youtube_suggest,2026-09-12 22:20:02.571275
7305,97,139,apple orchard tour,0.3333,3,1,47.33,youtube_suggest,2026-09-12 22:20:02.571712
7306,97,139,apple orchard ambiance,0.3333,3,1,47.33,youtube_suggest,2026-09-12 22:20:02.571917
7307,97,139,apple orchard afternoon,0.3333,3,1,47.33,youtube_suggest,2026-09-12 22:20:02.572104
7308,97,139,apple orchard acnh,0.3333,3,1,47.33,youtube_suggest,2026-09-12 22:20:02.572286
7309,97,139,apple orchard book,0.3333,3,1,47.33,youtube_suggest,2026-09-12 22:20:02.572491
7310,97,139,apple orchard business,0.3333,3,1,47.33,youtube_suggest,2026-09-12 22:20:02.572726
7311,97,139,apple orchard bar,0.3333,3,1,47.33,youtube_suggest,2026-09-12 22:20:02.572908
7312,97,139,apple orchard cartoon,0.3333,3,1,47.33,youtube_suggest,2026-09-12 22:20:02.573087
7313,97,139,apple orchard care,0.3333,3,1,47.33,youtube_suggest,2026-09-12 22:20:02.573280
7314,97,139,apple orchard calm,0.3333,3,1,47.33,youtube_suggest,2026-09-12 22:20:02.573481
7315,97,139,apple orchard chicago,0.3333,3,1,47.33,youtube_suggest,2026-09-12 22:20:02.573667
7316,97,139,apple orchard canada,0.3333,3,1,47.33,youtube_suggest,2026-09-12 22:20:02.573851
7317,97,139,apple orchard donuts,0.3333,3,1,47.33,youtube_suggest,2026-09-12 22:20:02.574032
7318,97,139,apple orchard drawing,0.3333,3,1,47.33,youtube_suggest,2026-09-12 22:20:02.574215
7319,97,139,apple orchard dhanaulti,0.3333,3,1,47.33,youtube_suggest,2026-09-12 22:20:02.576671
7320,97,139,apple orchard episode,0.3333,3,1,47.33,youtube_suggest,2026-09-12 22:20:02.576914
7321,97,139,apple orchard farm,0.3333,3,1,47.33,youtube_suggest,2026-09-12 22:20:02.577135
7322,97,139,apple orchard falls,0.3333,3,1,47.33,youtube_suggest,2026-09-12 22:20:02.577340
7323,97,139,apple orchard sprayer,0.3333,3,1,47.33,youtube_suggest,2026-09-12 22:20:02.577534
7324,97,139,apple orchard spraying,0.3333,3,1,47.33,youtube_suggest,2026-09-12 22:20:02.577725
7325,97,139,apple orchard field trip,0.2857,4,1,46.0,youtube_suggest,2026-09-12 22:20:02.577910
7326,97,139,apple orchard beach house,0.2857,4,1,46.0,youtube_suggest,2026-09-12 22:20:02.578091
7327,97,139,apple orchard animal crossing,0.2857,4,1,46.0,youtube_suggest,2026-09-12 22:20:02.578269
7328,97,139,apple orchard blue prince,0.2857,4,1,46.0,youtube_suggest,2026-09-12 22:20:02.578477
7329,97,139,apple orchard calming music,0.2857,4,1,46.0,youtube_suggest,2026-09-12 22:20:02.578667
7330,97,139,apple orchard classical music,0.2857,4,1,46.0,youtube_suggest,2026-09-12 22:20:02.578850
7331,97,139,apple orchard classroom music,0.2857,4,1,46.0,youtube_suggest,2026-09-12 22:20:02.579034
7332,97,139,apple orchard dramatic play,0.2857,4,1,46.0,youtube_suggest,2026-09-12 22:20:02.579211
7333,97,139,apple orchard falls trail,0.2857,4,1,46.0,youtube_suggest,2026-09-12 22:20:02.579392
7334,97,139,apple orchard virtual field trip,0.25,5,1,45.5,youtube_suggest,2026-09-12 22:20:02.579579
7335,97,139,apple orchard beach house slowed,0.25,5,1,45.5,youtube_suggest,2026-09-12 22:20:02.579772
7336,97,139,apple orchard beach house lyrics,0.25,5,1,45.5,youtube_suggest,2026-09-12 22:20:02.579955
7337,97,139,apple orchard beach house live,0.25,5,1,45.5,youtube_suggest,2026-09-12 22:20:02.580153
7338,97,139,apple orchard book read aloud,0.25,5,1,45.5,youtube_suggest,2026-09-12 22:20:02.580347
7339,97,139,apple orchard banana cat dance,0.25,5,1,45.5,youtube_suggest,2026-09-12 22:20:02.584649
7340,97,139,apple orchard field trip blippi,0.25,5,1,45.5,youtube_suggest,2026-09-12 22:20:02.584991
7341,97,139,apple orchard,0.4,2,0,38.0,youtube_suggest,2026-09-12 22:20:02.585143
7342,97,139,colossus air and variations,0.1429,4,1,36.0,youtube_suggest,2026-09-12 22:20:02.585283
7343,97,139,apple picking day read aloud,0.1111,5,1,35.78,youtube_suggest,2026-09-12 22:20:02.585429
7344,97,139,apple tree erykah badu lyrics,0.1111,5,1,35.78,youtube_suggest,2026-09-12 22:20:02.585561
7345,97,139,apple tree erykah badu karaoke,0.1111,5,1,35.78,youtube_suggest,2026-09-12 22:20:02.585691
7346,97,139,apple tree erykah badu instrumental,0.1111,5,1,35.78,youtube_suggest,2026-09-12 22:20:02.588970
7347,97,139,apple tree erykah badu live,0.1111,5,1,35.78,youtube_suggest,2026-09-12 22:20:02.589183
7348,97,139,apple tree aurora choir,0.125,4,1,34.75,youtube_suggest,2026-09-12 22:20:02.589342
7349,97,139,apple tree apartments syokimau,0.125,4,1,34.75,youtube_suggest,2026-09-12 22:20:02.589521
7350,97,139,apple tree erykah badu,0.125,4,1,34.75,youtube_suggest,2026-09-12 22:20:02.589671
7351,98,140,apple orchard danny go,0.4,4,1,54.0,youtube_suggest,2026-09-12 22:22:19.455533
7352,98,140,apple orchard dr strange,0.4,4,1,54.0,youtube_suggest,2026-09-12 22:22:19.455834
7353,98,140,apple orchard for preschool,0.4,4,1,54.0,youtube_suggest,2026-09-12 22:22:19.456065
7354,98,140,apple orchard for kindergarten,0.4,4,1,54.0,youtube_suggest,2026-09-12 22:22:19.456280
7355,98,140,apple orchard for sale,0.4,4,1,54.0,youtube_suggest,2026-09-12 22:22:19.456510
7356,98,140,apple orchard for sale in himachal,0.3333,6,1,53.33,youtube_suggest,2026-09-12 22:22:19.461040
7357,98,140,apple orchard for sale in uttarakhand,0.3333,6,1,53.33,youtube_suggest,2026-09-12 22:22:19.461334
7358,98,140,apple orchard ambience,0.4,3,1,52.0,youtube_suggest,2026-09-12 22:22:19.461577
7359,98,140,apple orchard music,0.4,3,1,52.0,youtube_suggest,2026-09-12 22:22:19.461807
7360,98,140,apple orchard snl,0.4,3,1,52.0,youtube_suggest,2026-09-12 22:22:19.464328
7361,98,140,apple orchard commercial,0.4,3,1,52.0,youtube_suggest,2026-09-12 22:22:19.464641
7362,98,140,apple orchard song,0.4,3,1,52.0,youtube_suggest,2026-09-12 22:22:19.464888
7363,98,140,apple orchard tour,0.4,3,1,52.0,youtube_suggest,2026-09-12 22:22:19.465105
7364,98,140,apple orchard ambiance,0.4,3,1,52.0,youtube_suggest,2026-09-12 22:22:19.465412
7365,98,140,apple orchard afternoon,0.4,3,1,52.0,youtube_suggest,2026-09-12 22:22:19.465666
7366,98,140,apple orchard acnh,0.4,3,1,52.0,youtube_suggest,2026-09-12 22:22:19.465889
7367,98,140,apple orchard book,0.4,3,1,52.0,youtube_suggest,2026-09-12 22:22:19.466127
7368,98,140,apple orchard business,0.4,3,1,52.0,youtube_suggest,2026-09-12 22:22:19.466363
7369,98,140,apple orchard bar,0.4,3,1,52.0,youtube_suggest,2026-09-12 22:22:19.473311
7370,98,140,apple orchard cartoon,0.4,3,1,52.0,youtube_suggest,2026-09-12 22:22:19.473620
7371,98,140,apple orchard care,0.4,3,1,52.0,youtube_suggest,2026-09-12 22:22:19.473860
7372,98,140,apple orchard calm,0.4,3,1,52.0,youtube_suggest,2026-09-12 22:22:19.474113
7373,98,140,apple orchard chicago,0.4,3,1,52.0,youtube_suggest,2026-09-12 22:22:19.474360
7374,98,140,apple orchard canada,0.4,3,1,52.0,youtube_suggest,2026-09-12 22:22:19.474596
7375,98,140,apple orchard donuts,0.4,3,1,52.0,youtube_suggest,2026-09-12 22:22:19.474811
7376,98,140,apple orchard drawing,0.4,3,1,52.0,youtube_suggest,2026-09-12 22:22:19.475031
7377,98,140,apple orchard dhanaulti,0.4,3,1,52.0,youtube_suggest,2026-09-12 22:22:19.475240
7378,98,140,apple orchard episode,0.4,3,1,52.0,youtube_suggest,2026-09-12 22:22:19.475496
7379,98,140,apple orchard farm,0.4,3,1,52.0,youtube_suggest,2026-09-12 22:22:19.475716
7380,98,140,apple orchard falls,0.4,3,1,52.0,youtube_suggest,2026-09-12 22:22:19.475928
7381,98,140,apple orchard sprayer,0.4,3,1,52.0,youtube_suggest,2026-09-12 22:22:19.476136
7382,98,140,apple orchard spraying,0.4,3,1,52.0,youtube_suggest,2026-09-12 22:22:19.476358
7383,98,140,apple orchard ambience with music,0.3333,5,1,51.33,youtube_suggest,2026-09-12 22:22:19.476613
7384,98,140,apple orchard ambience no ads,0.3333,5,1,51.33,youtube_suggest,2026-09-12 22:22:19.476828
7385,98,140,apple orchard field trip,0.3333,4,1,49.33,youtube_suggest,2026-09-12 22:22:19.477036
7386,98,140,apple orchard beach house,0.3333,4,1,49.33,youtube_suggest,2026-09-12 22:22:19.477254
7387,98,140,apple orchard animal crossing,0.3333,4,1,49.33,youtube_suggest,2026-09-12 22:22:19.477481
7388,98,140,apple orchard blue prince,0.3333,4,1,49.33,youtube_suggest,2026-09-12 22:22:19.477698
7389,98,140,apple orchard calming music,0.3333,4,1,49.33,youtube_suggest,2026-09-12 22:22:19.477912
7390,98,140,apple orchard classical music,0.3333,4,1,49.33,youtube_suggest,2026-09-12 22:22:19.478116
7391,98,140,apple orchard classroom music,0.3333,4,1,49.33,youtube_suggest,2026-09-12 22:22:19.478349
7392,98,140,apple orchard dramatic play,0.3333,4,1,49.33,youtube_suggest,2026-09-12 22:22:19.478549
7393,98,140,apple orchard falls trail,0.3333,4,1,49.33,youtube_suggest,2026-09-12 22:22:19.478747
7394,98,140,apple orchard virtual field trip,0.2857,5,1,48.0,youtube_suggest,2026-09-12 22:22:19.478965
7395,98,140,apple orchard beach house slowed,0.2857,5,1,48.0,youtube_suggest,2026-09-12 22:22:19.479172
7396,98,140,apple orchard beach house lyrics,0.2857,5,1,48.0,youtube_suggest,2026-09-12 22:22:19.479381
7397,98,140,apple orchard beach house live,0.2857,5,1,48.0,youtube_suggest,2026-09-12 22:22:19.479586
7398,98,140,apple orchard book read aloud,0.2857,5,1,48.0,youtube_suggest,2026-09-12 22:22:19.479802
7399,98,140,apple orchard banana cat dance,0.2857,5,1,48.0,youtube_suggest,2026-09-12 22:22:19.480008
7400,98,140,apple orchard field trip blippi,0.2857,5,1,48.0,youtube_suggest,2026-09-12 22:22:19.480230
7401,98,140,apple orchard,0.5,2,0,45.0,youtube_suggest,2026-09-12 22:22:19.480448
7402,98,140,apple picking day read aloud,0.125,5,1,36.75,youtube_suggest,2026-09-12 22:22:19.485062
7403,98,140,apple tree erykah badu lyrics,0.125,5,1,36.75,youtube_suggest,2026-09-12 22:22:19.485340
7404,98,140,apple tree erykah badu karaoke,0.125,5,1,36.75,youtube_suggest,2026-09-12 22:22:19.485567
7405,98,140,apple tree erykah badu instrumental,0.125,5,1,36.75,youtube_suggest,2026-09-12 22:22:19.485795
7406,98,140,apple tree erykah badu live,0.125,5,1,36.75,youtube_suggest,2026-09-12 22:22:19.488910
7407,98,140,apple tree aurora choir,0.1429,4,1,36.0,youtube_suggest,2026-09-12 22:22:19.489342
7408,98,140,apple tree apartments syokimau,0.1429,4,1,36.0,youtube_suggest,2026-09-12 22:22:19.489580
7409,98,140,apple tree erykah badu,0.1429,4,1,36.0,youtube_suggest,2026-09-12 22:22:19.489792
7410,98,140,apple tree elementary music,0.1429,4,1,36.0,youtube_suggest,2026-09-12 22:22:19.489997
7411,99,141,apple orchard danny go,0.4,4,1,54.0,youtube_suggest,2026-09-12 22:24:43.123226
7412,99,141,apple orchard dr strange,0.4,4,1,54.0,youtube_suggest,2026-09-12 22:24:43.129177
7413,99,141,apple orchard for preschool,0.4,4,1,54.0,youtube_suggest,2026-09-12 22:24:43.129519
7414,99,141,apple orchard for kindergarten,0.4,4,1,54.0,youtube_suggest,2026-09-12 22:24:43.129747
7415,99,141,apple orchard for sale,0.4,4,1,54.0,youtube_suggest,2026-09-12 22:24:43.129981
7416,99,141,apple orchard for sale in himachal,0.3333,6,1,53.33,youtube_suggest,2026-09-12 22:24:43.130196
7417,99,141,apple orchard for sale in uttarakhand,0.3333,6,1,53.33,youtube_suggest,2026-09-12 22:24:43.130405
7418,99,141,apple sorter machine,0.4,3,1,52.0,youtube_suggest,2026-09-12 22:24:43.130613
7419,99,141,apple orchard ambience,0.4,3,1,52.0,youtube_suggest,2026-09-12 22:24:43.130832
7420,99,141,apple orchard music,0.4,3,1,52.0,youtube_suggest,2026-09-12 22:24:43.131072
7421,99,141,apple orchard snl,0.4,3,1,52.0,youtube_suggest,2026-09-12 22:24:43.131286
7422,99,141,apple orchard commercial,0.4,3,1,52.0,youtube_suggest,2026-09-12 22:24:43.131503
7423,99,141,apple orchard song,0.4,3,1,52.0,youtube_suggest,2026-09-12 22:24:43.132161
7424,99,141,apple orchard tour,0.4,3,1,52.0,youtube_suggest,2026-09-12 22:24:43.132602
7425,99,141,apple orchard ambiance,0.4,3,1,52.0,youtube_suggest,2026-09-12 22:24:43.136165
7426,99,141,apple orchard afternoon,0.4,3,1,52.0,youtube_suggest,2026-09-12 22:24:43.136964
7427,99,141,apple orchard acnh,0.4,3,1,52.0,youtube_suggest,2026-09-12 22:24:43.137437
7428,99,141,apple orchard book,0.4,3,1,52.0,youtube_suggest,2026-09-12 22:24:43.137831
7429,99,141,apple orchard business,0.4,3,1,52.0,youtube_suggest,2026-09-12 22:24:43.138549
7430,99,141,apple orchard bar,0.4,3,1,52.0,youtube_suggest,2026-09-12 22:24:43.138807
7431,99,141,apple orchard cartoon,0.4,3,1,52.0,youtube_suggest,2026-09-12 22:24:43.139026
7432,99,141,apple orchard care,0.4,3,1,52.0,youtube_suggest,2026-09-12 22:24:43.140695
7433,99,141,apple orchard calm,0.4,3,1,52.0,youtube_suggest,2026-09-12 22:24:43.140950
7434,99,141,apple orchard chicago,0.4,3,1,52.0,youtube_suggest,2026-09-12 22:24:43.141169
7435,99,141,apple orchard canada,0.4,3,1,52.0,youtube_suggest,2026-09-12 22:24:43.141364
7436,99,141,apple orchard donuts,0.4,3,1,52.0,youtube_suggest,2026-09-12 22:24:43.141559
7437,99,141,apple orchard drawing,0.4,3,1,52.0,youtube_suggest,2026-09-12 22:24:43.141763
7438,99,141,apple orchard dhanaulti,0.4,3,1,52.0,youtube_suggest,2026-09-12 22:24:43.141984
7439,99,141,apple orchard episode,0.4,3,1,52.0,youtube_suggest,2026-09-12 22:24:43.142192
7440,99,141,apple orchard farm,0.4,3,1,52.0,youtube_suggest,2026-09-12 22:24:43.142396
7441,99,141,apple orchard falls,0.4,3,1,52.0,youtube_suggest,2026-09-12 22:24:43.144694
7442,99,141,apple orchard sprayer,0.4,3,1,52.0,youtube_suggest,2026-09-12 22:24:43.144943
7443,99,141,apple orchard spraying,0.4,3,1,52.0,youtube_suggest,2026-09-12 22:24:43.145119
7444,99,141,apple orchard ambience with music,0.3333,5,1,51.33,youtube_suggest,2026-09-12 22:24:43.145286
7445,99,141,apple orchard ambience no ads,0.3333,5,1,51.33,youtube_suggest,2026-09-12 22:24:43.145463
7446,99,141,apple orchard field trip,0.3333,4,1,49.33,youtube_suggest,2026-09-12 22:24:43.145677
7447,99,141,apple orchard beach house,0.3333,4,1,49.33,youtube_suggest,2026-09-12 22:24:43.145902
7448,99,141,apple orchard animal crossing,0.3333,4,1,49.33,youtube_suggest,2026-09-12 22:24:43.146105
7449,99,141,apple orchard blue prince,0.3333,4,1,49.33,youtube_suggest,2026-09-12 22:24:43.146306
7450,99,141,apple orchard calming music,0.3333,4,1,49.33,youtube_suggest,2026-09-12 22:24:43.146514
7451,99,141,apple orchard classical music,0.3333,4,1,49.33,youtube_suggest,2026-09-12 22:24:43.146720
7452,99,141,apple orchard classroom music,0.3333,4,1,49.33,youtube_suggest,2026-09-12 22:24:43.146939
7453,99,141,apple orchard dramatic play,0.3333,4,1,49.33,youtube_suggest,2026-09-12 22:24:43.147142
7454,99,141,apple orchard falls trail,0.3333,4,1,49.33,youtube_suggest,2026-09-12 22:24:43.147346
7455,99,141,apple orchard virtual field trip,0.2857,5,1,48.0,youtube_suggest,2026-09-12 22:24:43.147548
7456,99,141,apple orchard beach house slowed,0.2857,5,1,48.0,youtube_suggest,2026-09-12 22:24:43.147746
7457,99,141,apple orchard beach house lyrics,0.2857,5,1,48.0,youtube_suggest,2026-09-12 22:24:43.147962
7458,99,141,apple orchard beach house live,0.2857,5,1,48.0,youtube_suggest,2026-09-12 22:24:43.152196
7459,99,141,apple orchard book read aloud,0.2857,5,1,48.0,youtube_suggest,2026-09-12 22:24:43.153358
7460,99,141,apple orchard banana cat dance,0.2857,5,1,48.0,youtube_suggest,2026-09-12 22:24:43.153692
7461,99,141,apple orchard field trip blippi,0.2857,5,1,48.0,youtube_suggest,2026-09-12 22:24:43.153932
7462,99,141,apple sorter,0.5,2,0,45.0,youtube_suggest,2026-09-12 22:24:43.154148
7463,99,141,titanic apple,0.5,2,0,45.0,youtube_suggest,2026-09-12 22:24:43.154354
7464,99,141,apple orchard,0.5,2,0,45.0,youtube_suggest,2026-09-12 22:24:43.154569
7465,99,141,titanic sinking animation sped up,0.1429,5,1,38.0,youtube_suggest,2026-09-12 22:24:43.154809
7466,99,141,apple picking day read aloud,0.125,5,1,36.75,youtube_suggest,2026-09-12 22:24:43.159459
7467,99,141,apple tree erykah badu lyrics,0.125,5,1,36.75,youtube_suggest,2026-09-12 22:24:43.159910
7468,99,141,apple tree erykah badu karaoke,0.125,5,1,36.75,youtube_suggest,2026-09-12 22:24:43.160160
7469,99,141,apple tree erykah badu instrumental,0.125,5,1,36.75,youtube_suggest,2026-09-12 22:24:43.160379
7470,99,141,apple tree erykah badu live,0.125,5,1,36.75,youtube_suggest,2026-09-12 22:24:43.160621
7471,100,142,apple orchard danny go,0.4,4,1,54.0,youtube_suggest,2026-09-12 22:27:42.150412
7472,100,142,apple orchard dr strange,0.4,4,1,54.0,youtube_suggest,2026-09-12 22:27:42.150637
7473,100,142,apple orchard for preschool,0.4,4,1,54.0,youtube_suggest,2026-09-12 22:27:42.150810
7474,100,142,apple orchard for kindergarten,0.4,4,1,54.0,youtube_suggest,2026-09-12 22:27:42.150986
7475,100,142,apple orchard for sale,0.4,4,1,54.0,youtube_suggest,2026-09-12 22:27:42.151149
7476,100,142,apple orchard for sale in himachal,0.3333,6,1,53.33,youtube_suggest,2026-09-12 22:27:42.151298
7477,100,142,apple orchard for sale in uttarakhand,0.3333,6,1,53.33,youtube_suggest,2026-09-12 22:27:42.151541
7478,100,142,apple orchard ambience,0.4,3,1,52.0,youtube_suggest,2026-09-12 22:27:42.154109
7479,100,142,apple orchard music,0.4,3,1,52.0,youtube_suggest,2026-09-12 22:27:42.154452
7480,100,142,apple orchard snl,0.4,3,1,52.0,youtube_suggest,2026-09-12 22:27:42.154633
7481,100,142,apple orchard commercial,0.4,3,1,52.0,youtube_suggest,2026-09-12 22:27:42.154799
7482,100,142,apple orchard song,0.4,3,1,52.0,youtube_suggest,2026-09-12 22:27:42.154959
7483,100,142,apple orchard tour,0.4,3,1,52.0,youtube_suggest,2026-09-12 22:27:42.155110
7484,100,142,apple orchard ambiance,0.4,3,1,52.0,youtube_suggest,2026-09-12 22:27:42.155258
7485,100,142,apple orchard afternoon,0.4,3,1,52.0,youtube_suggest,2026-09-12 22:27:42.155417
7486,100,142,apple orchard acnh,0.4,3,1,52.0,youtube_suggest,2026-09-12 22:27:42.155565
7487,100,142,apple orchard book,0.4,3,1,52.0,youtube_suggest,2026-09-12 22:27:42.155712
7488,100,142,apple orchard business,0.4,3,1,52.0,youtube_suggest,2026-09-12 22:27:42.155871
7489,100,142,apple orchard bar,0.4,3,1,52.0,youtube_suggest,2026-09-12 22:27:42.156019
7490,100,142,apple orchard cartoon,0.4,3,1,52.0,youtube_suggest,2026-09-12 22:27:42.156158
7491,100,142,apple orchard care,0.4,3,1,52.0,youtube_suggest,2026-09-12 22:27:42.158668
7492,100,142,apple orchard calm,0.4,3,1,52.0,youtube_suggest,2026-09-12 22:27:42.159038
7493,100,142,apple orchard chicago,0.4,3,1,52.0,youtube_suggest,2026-09-12 22:27:42.159201
7494,100,142,apple orchard canada,0.4,3,1,52.0,youtube_suggest,2026-09-12 22:27:42.159340
7495,100,142,apple orchard donuts,0.4,3,1,52.0,youtube_suggest,2026-09-12 22:27:42.159475
7496,100,142,apple orchard drawing,0.4,3,1,52.0,youtube_suggest,2026-09-12 22:27:42.163913
7497,100,142,apple orchard dhanaulti,0.4,3,1,52.0,youtube_suggest,2026-09-12 22:27:42.164129
7498,100,142,apple orchard episode,0.4,3,1,52.0,youtube_suggest,2026-09-12 22:27:42.164368
7499,100,142,apple orchard farm,0.4,3,1,52.0,youtube_suggest,2026-09-12 22:27:42.167747
7500,100,142,apple orchard falls,0.4,3,1,52.0,youtube_suggest,2026-09-12 22:27:42.168079
7501,100,142,solar powered furnace,0.4,3,1,52.0,youtube_suggest,2026-09-12 22:27:42.168270
7502,100,142,solar furnace working,0.4,3,1,52.0,youtube_suggest,2026-09-12 22:27:42.173292
7503,100,142,apple orchard sprayer,0.4,3,1,52.0,youtube_suggest,2026-09-12 22:27:42.173626
7504,100,142,apple orchard spraying,0.4,3,1,52.0,youtube_suggest,2026-09-12 22:27:42.178015
7505,100,142,apple orchard ambience with music,0.3333,5,1,51.33,youtube_suggest,2026-09-12 22:27:42.178418
7506,100,142,apple orchard ambience no ads,0.3333,5,1,51.33,youtube_suggest,2026-09-12 22:27:42.178613
7507,100,142,apple orchard field trip,0.3333,4,1,49.33,youtube_suggest,2026-09-12 22:27:42.178823
7508,100,142,apple orchard beach house,0.3333,4,1,49.33,youtube_suggest,2026-09-12 22:27:42.179019
7509,100,142,apple orchard animal crossing,0.3333,4,1,49.33,youtube_suggest,2026-09-12 22:27:42.179204
7510,100,142,apple orchard blue prince,0.3333,4,1,49.33,youtube_suggest,2026-09-12 22:27:42.179347
7511,100,142,apple orchard calming music,0.3333,4,1,49.33,youtube_suggest,2026-09-12 22:27:42.179533
7512,100,142,apple orchard classical music,0.3333,4,1,49.33,youtube_suggest,2026-09-12 22:27:42.179753
7513,100,142,apple orchard classroom music,0.3333,4,1,49.33,youtube_suggest,2026-09-12 22:27:42.179952
7514,100,142,apple orchard dramatic play,0.3333,4,1,49.33,youtube_suggest,2026-09-12 22:27:42.180095
7515,100,142,apple orchard falls trail,0.3333,4,1,49.33,youtube_suggest,2026-09-12 22:27:42.180273
7516,100,142,apple orchard virtual field trip,0.2857,5,1,48.0,youtube_suggest,2026-09-12 22:27:42.180473
7517,100,142,apple orchard beach house slowed,0.2857,5,1,48.0,youtube_suggest,2026-09-12 22:27:42.196995
7518,100,142,apple orchard beach house lyrics,0.2857,5,1,48.0,youtube_suggest,2026-09-12 22:27:42.197239
7519,100,142,apple orchard beach house live,0.2857,5,1,48.0,youtube_suggest,2026-09-12 22:27:42.197435
7520,100,142,apple orchard book read aloud,0.2857,5,1,48.0,youtube_suggest,2026-09-12 22:27:42.197653
7521,100,142,apple orchard banana cat dance,0.2857,5,1,48.0,youtube_suggest,2026-09-12 22:27:42.197826
7522,100,142,apple orchard field trip blippi,0.2857,5,1,48.0,youtube_suggest,2026-09-12 22:27:42.198014
7523,100,142,apple orchard,0.5,2,0,45.0,youtube_suggest,2026-09-12 22:27:42.198197
7524,100,142,solar furnace,0.5,2,0,45.0,youtube_suggest,2026-09-12 22:27:42.198384
7525,100,142,heliostats in solar power,0.1667,4,1,37.67,youtube_suggest,2026-09-12 22:27:42.198566
7526,100,142,apple picking day read aloud,0.125,5,1,36.75,youtube_suggest,2026-09-12 22:27:42.198909
7527,100,142,apple tree erykah badu lyrics,0.125,5,1,36.75,youtube_suggest,2026-09-12 22:27:42.199087
7528,100,142,apple tree erykah badu karaoke,0.125,5,1,36.75,youtube_suggest,2026-09-12 22:27:42.199237
7529,100,142,apple tree erykah badu instrumental,0.125,5,1,36.75,youtube_suggest,2026-09-12 22:27:42.199409
7530,100,142,apple tree erykah badu live,0.125,5,1,36.75,youtube_suggest,2026-09-12 22:27:42.199612
7531,101,143,apple orchard for sale in himachal,0.2857,6,1,50.0,youtube_suggest,2026-09-12 22:30:45.241305
7532,101,143,apple orchard for sale in uttarakhand,0.2857,6,1,50.0,youtube_suggest,2026-09-12 22:30:45.241544
7533,101,143,apple orchard danny go,0.3333,4,1,49.33,youtube_suggest,2026-09-12 22:30:45.241692
7534,101,143,apple orchard dr strange,0.3333,4,1,49.33,youtube_suggest,2026-09-12 22:30:45.241907
7535,101,143,apple orchard for preschool,0.3333,4,1,49.33,youtube_suggest,2026-09-12 22:30:45.242220
7536,101,143,apple orchard for kindergarten,0.3333,4,1,49.33,youtube_suggest,2026-09-12 22:30:45.244265
7537,101,143,apple orchard for sale,0.3333,4,1,49.33,youtube_suggest,2026-09-12 22:30:45.248411
7538,101,143,apple orchard ambience with music,0.2857,5,1,48.0,youtube_suggest,2026-09-12 22:30:45.248983
7539,101,143,apple orchard ambience no ads,0.2857,5,1,48.0,youtube_suggest,2026-09-12 22:30:45.249284
7540,101,143,pruning spider plant,0.3333,3,1,47.33,youtube_suggest,2026-09-12 22:30:45.249584
7541,101,143,pruning spider plants,0.3333,3,1,47.33,youtube_suggest,2026-09-12 22:30:45.249757
7542,101,143,apple orchard sprayer,0.3333,3,1,47.33,youtube_suggest,2026-09-12 22:30:45.250039
7543,101,143,apple orchard spraying,0.3333,3,1,47.33,youtube_suggest,2026-09-12 22:30:45.250318
7544,101,143,apple orchard ambience,0.3333,3,1,47.33,youtube_suggest,2026-09-12 22:30:45.250546
7545,101,143,apple orchard music,0.3333,3,1,47.33,youtube_suggest,2026-09-12 22:30:45.252183
7546,101,143,apple orchard snl,0.3333,3,1,47.33,youtube_suggest,2026-09-12 22:30:45.252412
7547,101,143,apple orchard commercial,0.3333,3,1,47.33,youtube_suggest,2026-09-12 22:30:45.257004
7548,101,143,apple orchard song,0.3333,3,1,47.33,youtube_suggest,2026-09-12 22:30:45.257474
7549,101,143,apple orchard tour,0.3333,3,1,47.33,youtube_suggest,2026-09-12 22:30:45.257758
7550,101,143,apple orchard ambiance,0.3333,3,1,47.33,youtube_suggest,2026-09-12 22:30:45.258120
7551,101,143,apple orchard afternoon,0.3333,3,1,47.33,youtube_suggest,2026-09-12 22:30:45.258387
7552,101,143,apple orchard acnh,0.3333,3,1,47.33,youtube_suggest,2026-09-12 22:30:45.258630
7553,101,143,apple orchard book,0.3333,3,1,47.33,youtube_suggest,2026-09-12 22:30:45.264743
7554,101,143,apple orchard business,0.3333,3,1,47.33,youtube_suggest,2026-09-12 22:30:45.265211
7555,101,143,apple orchard bar,0.3333,3,1,47.33,youtube_suggest,2026-09-12 22:30:45.265399
7556,101,143,apple orchard cartoon,0.3333,3,1,47.33,youtube_suggest,2026-09-12 22:30:45.265630
7557,101,143,apple orchard care,0.3333,3,1,47.33,youtube_suggest,2026-09-12 22:30:45.265944
7558,101,143,apple orchard calm,0.3333,3,1,47.33,youtube_suggest,2026-09-12 22:30:45.266120
7559,101,143,apple orchard chicago,0.3333,3,1,47.33,youtube_suggest,2026-09-12 22:30:45.266258
7560,101,143,apple orchard canada,0.3333,3,1,47.33,youtube_suggest,2026-09-12 22:30:45.266392
7561,101,143,apple orchard donuts,0.3333,3,1,47.33,youtube_suggest,2026-09-12 22:30:45.266520
7562,101,143,apple orchard drawing,0.3333,3,1,47.33,youtube_suggest,2026-09-12 22:30:45.268603
7563,101,143,apple orchard dhanaulti,0.3333,3,1,47.33,youtube_suggest,2026-09-12 22:30:45.268820
7564,101,143,apple orchard episode,0.3333,3,1,47.33,youtube_suggest,2026-09-12 22:30:45.268956
7565,101,143,apple orchard farm,0.3333,3,1,47.33,youtube_suggest,2026-09-12 22:30:45.269088
7566,101,143,apple orchard falls,0.3333,3,1,47.33,youtube_suggest,2026-09-12 22:30:45.269214
7567,101,143,pruning spider plant babies,0.2857,4,1,46.0,youtube_suggest,2026-09-12 22:30:45.269347
7568,101,143,apple orchard field trip,0.2857,4,1,46.0,youtube_suggest,2026-09-12 22:30:45.269479
7569,101,143,apple orchard beach house,0.2857,4,1,46.0,youtube_suggest,2026-09-12 22:30:45.269608
7570,101,143,apple orchard animal crossing,0.2857,4,1,46.0,youtube_suggest,2026-09-12 22:30:45.269736
7571,101,143,apple orchard blue prince,0.2857,4,1,46.0,youtube_suggest,2026-09-12 22:30:45.269881
7572,101,143,apple orchard calming music,0.2857,4,1,46.0,youtube_suggest,2026-09-12 22:30:45.270009
7573,101,143,apple orchard classical music,0.2857,4,1,46.0,youtube_suggest,2026-09-12 22:30:45.270136
7574,101,143,apple orchard classroom music,0.2857,4,1,46.0,youtube_suggest,2026-09-12 22:30:45.270267
7575,101,143,apple orchard dramatic play,0.2857,4,1,46.0,youtube_suggest,2026-09-12 22:30:45.270428
7576,101,143,apple orchard falls trail,0.2857,4,1,46.0,youtube_suggest,2026-09-12 22:30:45.270551
7577,101,143,apple orchard virtual field trip,0.25,5,1,45.5,youtube_suggest,2026-09-12 22:30:45.270674
7578,101,143,apple orchard beach house slowed,0.25,5,1,45.5,youtube_suggest,2026-09-12 22:30:45.270808
7579,101,143,apple orchard beach house lyrics,0.25,5,1,45.5,youtube_suggest,2026-09-12 22:30:45.270944
7580,101,143,apple orchard beach house live,0.25,5,1,45.5,youtube_suggest,2026-09-12 22:30:45.271110
7581,101,143,apple orchard book read aloud,0.25,5,1,45.5,youtube_suggest,2026-09-12 22:30:45.271241
7582,101,143,apple orchard banana cat dance,0.25,5,1,45.5,youtube_suggest,2026-09-12 22:30:45.271375
7583,101,143,apple orchard field trip blippi,0.25,5,1,45.5,youtube_suggest,2026-09-12 22:30:45.271508
7584,101,143,apple orchard,0.4,2,0,38.0,youtube_suggest,2026-09-12 22:30:45.271636
7585,101,143,trimming a spider plant,0.1429,4,1,36.0,youtube_suggest,2026-09-12 22:30:45.271762
7586,101,143,trim a spider plant,0.1429,4,1,36.0,youtube_suggest,2026-09-12 22:30:45.271948
7587,101,143,separating a spider plant,0.1429,4,1,36.0,youtube_suggest,2026-09-12 22:30:45.272082
7588,101,143,cutting off spider plant babies,0.1111,5,1,35.78,youtube_suggest,2026-09-12 22:30:45.272211
7589,101,143,apple picking day read aloud,0.1111,5,1,35.78,youtube_suggest,2026-09-12 22:30:45.272337
7590,101,143,apple tree erykah badu lyrics,0.1111,5,1,35.78,youtube_suggest,2026-09-12 22:30:45.272469
7591,102,144,apple orchard danny go,0.4,4,1,54.0,youtube_suggest,2026-09-12 22:34:00.779473
7592,102,144,apple orchard dr strange,0.4,4,1,54.0,youtube_suggest,2026-09-12 22:34:00.779774
7593,102,144,apple orchard for preschool,0.4,4,1,54.0,youtube_suggest,2026-09-12 22:34:00.780018
7594,102,144,apple orchard for kindergarten,0.4,4,1,54.0,youtube_suggest,2026-09-12 22:34:00.780229
7595,102,144,apple orchard for sale,0.4,4,1,54.0,youtube_suggest,2026-09-12 22:34:00.780467
7596,102,144,apple orchard for sale in himachal,0.3333,6,1,53.33,youtube_suggest,2026-09-12 22:34:00.783355
7597,102,144,apple orchard for sale in uttarakhand,0.3333,6,1,53.33,youtube_suggest,2026-09-12 22:34:00.784486
7598,102,144,apple orchard ambience,0.4,3,1,52.0,youtube_suggest,2026-09-12 22:34:00.785596
7599,102,144,apple orchard music,0.4,3,1,52.0,youtube_suggest,2026-09-12 22:34:00.785874
7600,102,144,apple orchard snl,0.4,3,1,52.0,youtube_suggest,2026-09-12 22:34:00.787021
7601,102,144,apple orchard commercial,0.4,3,1,52.0,youtube_suggest,2026-09-12 22:34:00.787267
7602,102,144,apple orchard song,0.4,3,1,52.0,youtube_suggest,2026-09-12 22:34:00.787481
7603,102,144,apple orchard tour,0.4,3,1,52.0,youtube_suggest,2026-09-12 22:34:00.787691
7604,102,144,apple orchard ambiance,0.4,3,1,52.0,youtube_suggest,2026-09-12 22:34:00.787893
7605,102,144,apple orchard afternoon,0.4,3,1,52.0,youtube_suggest,2026-09-12 22:34:00.791027
7606,102,144,apple orchard acnh,0.4,3,1,52.0,youtube_suggest,2026-09-12 22:34:00.791282
7607,102,144,apple orchard book,0.4,3,1,52.0,youtube_suggest,2026-09-12 22:34:00.791509
7608,102,144,apple orchard business,0.4,3,1,52.0,youtube_suggest,2026-09-12 22:34:00.791720
7609,102,144,apple orchard bar,0.4,3,1,52.0,youtube_suggest,2026-09-12 22:34:00.791915
7610,102,144,apple orchard cartoon,0.4,3,1,52.0,youtube_suggest,2026-09-12 22:34:00.792127
7611,102,144,apple orchard care,0.4,3,1,52.0,youtube_suggest,2026-09-12 22:34:00.792425
7612,102,144,apple orchard calm,0.4,3,1,52.0,youtube_suggest,2026-09-12 22:34:00.792695
7613,102,144,apple orchard chicago,0.4,3,1,52.0,youtube_suggest,2026-09-12 22:34:00.792914
7614,102,144,apple orchard canada,0.4,3,1,52.0,youtube_suggest,2026-09-12 22:34:00.793136
7615,102,144,apple orchard donuts,0.4,3,1,52.0,youtube_suggest,2026-09-12 22:34:00.793550
7616,102,144,apple orchard drawing,0.4,3,1,52.0,youtube_suggest,2026-09-12 22:34:00.793759
7617,102,144,apple orchard dhanaulti,0.4,3,1,52.0,youtube_suggest,2026-09-12 22:34:00.793963
7618,102,144,apple orchard episode,0.4,3,1,52.0,youtube_suggest,2026-09-12 22:34:00.794167
7619,102,144,apple orchard farm,0.4,3,1,52.0,youtube_suggest,2026-09-12 22:34:00.794386
7620,102,144,apple orchard falls,0.4,3,1,52.0,youtube_suggest,2026-09-12 22:34:00.794584
7621,102,144,apple orchard sprayer,0.4,3,1,52.0,youtube_suggest,2026-09-12 22:34:00.794788
7622,102,144,apple orchard spraying,0.4,3,1,52.0,youtube_suggest,2026-09-12 22:34:00.794985
7623,102,144,apple orchard ambience with music,0.3333,5,1,51.33,youtube_suggest,2026-09-12 22:34:00.795202
7624,102,144,apple orchard ambience no ads,0.3333,5,1,51.33,youtube_suggest,2026-09-12 22:34:00.795433
7625,102,144,apple orchard field trip,0.3333,4,1,49.33,youtube_suggest,2026-09-12 22:34:00.795652
7626,102,144,apple orchard beach house,0.3333,4,1,49.33,youtube_suggest,2026-09-12 22:34:00.800110
7627,102,144,apple orchard animal crossing,0.3333,4,1,49.33,youtube_suggest,2026-09-12 22:34:00.800561
7628,102,144,apple orchard blue prince,0.3333,4,1,49.33,youtube_suggest,2026-09-12 22:34:00.800827
7629,102,144,apple orchard calming music,0.3333,4,1,49.33,youtube_suggest,2026-09-12 22:34:00.801044
7630,102,144,apple orchard classical music,0.3333,4,1,49.33,youtube_suggest,2026-09-12 22:34:00.801268
7631,102,144,apple orchard classroom music,0.3333,4,1,49.33,youtube_suggest,2026-09-12 22:34:00.801482
7632,102,144,apple orchard dramatic play,0.3333,4,1,49.33,youtube_suggest,2026-09-12 22:34:00.801694
7633,102,144,apple orchard falls trail,0.3333,4,1,49.33,youtube_suggest,2026-09-12 22:34:00.801894
7634,102,144,apple orchard virtual field trip,0.2857,5,1,48.0,youtube_suggest,2026-09-12 22:34:00.804793
7635,102,144,apple orchard beach house slowed,0.2857,5,1,48.0,youtube_suggest,2026-09-12 22:34:00.805158
7636,102,144,apple orchard beach house lyrics,0.2857,5,1,48.0,youtube_suggest,2026-09-12 22:34:00.806046
7637,102,144,apple orchard beach house live,0.2857,5,1,48.0,youtube_suggest,2026-09-12 22:34:00.806278
7638,102,144,apple orchard book read aloud,0.2857,5,1,48.0,youtube_suggest,2026-09-12 22:34:00.806443
7639,102,144,apple orchard banana cat dance,0.2857,5,1,48.0,youtube_suggest,2026-09-12 22:34:00.808783
7640,102,144,apple orchard field trip blippi,0.2857,5,1,48.0,youtube_suggest,2026-09-12 22:34:00.809045
7641,102,144,apple orchard,0.5,2,0,45.0,youtube_suggest,2026-09-12 22:34:00.809211
7642,102,144,apple picking day read aloud,0.125,5,1,36.75,youtube_suggest,2026-09-12 22:34:00.809372
7643,102,144,apple tree erykah badu lyrics,0.125,5,1,36.75,youtube_suggest,2026-09-12 22:34:00.809520
7644,102,144,apple tree erykah badu karaoke,0.125,5,1,36.75,youtube_suggest,2026-09-12 22:34:00.809738
7645,102,144,apple tree erykah badu instrumental,0.125,5,1,36.75,youtube_suggest,2026-09-12 22:34:00.809898
7646,102,144,apple tree erykah badu live,0.125,5,1,36.75,youtube_suggest,2026-09-12 22:34:00.810054
7647,102,144,industrial foregoing conveyor belt,0.1429,4,1,36.0,youtube_suggest,2026-09-12 22:34:00.810198
7648,102,144,infinite liquid storage oni,0.1429,4,1,36.0,youtube_suggest,2026-09-12 22:34:00.810365
7649,102,144,infinite loop power automate,0.1429,4,1,36.0,youtube_suggest,2026-09-12 22:34:00.810510
7650,102,144,apple tree aurora choir,0.1429,4,1,36.0,youtube_suggest,2026-09-12 22:34:00.810648
7651,103,145,sunflower field video,0.4,3,1,52.0,youtube_suggest,2026-09-12 22:36:24.200829
7652,103,145,sunflower field background video,0.3333,4,1,49.33,youtube_suggest,2026-09-12 22:36:24.202146
7653,103,145,sunflower field cinematic video,0.3333,4,1,49.33,youtube_suggest,2026-09-12 22:36:24.203403
7654,103,145,solar build for titan,0.3333,4,1,49.33,youtube_suggest,2026-09-12 22:36:24.204522
7655,103,145,sunflower field in west bengal,0.2857,5,1,48.0,youtube_suggest,2026-09-12 22:36:24.204828
7656,103,145,sunflower field for dove hunting,0.2857,5,1,48.0,youtube_suggest,2026-09-12 22:36:24.205860
7657,103,145,sunflower field following the sun,0.2857,5,1,48.0,youtube_suggest,2026-09-12 22:36:24.206075
7658,103,145,planting sunflower field for doves,0.2857,5,1,48.0,youtube_suggest,2026-09-12 22:36:24.206265
7659,103,145,sunflower field part 2 greys,0.2857,5,1,48.0,youtube_suggest,2026-09-12 22:36:24.206451
7660,103,145,sunflower field painting,0.3333,3,1,47.33,youtube_suggest,2026-09-12 22:36:24.206638
7661,103,145,sunflower field ambience,0.3333,3,1,47.33,youtube_suggest,2026-09-12 22:36:24.206836
7662,103,145,sunflower field song,0.3333,3,1,47.33,youtube_suggest,2026-09-12 22:36:24.207021
7663,103,145,sunflower field acrylic,0.3333,3,1,47.33,youtube_suggest,2026-09-12 22:36:24.207207
7664,103,145,sunflower field aesthetic,0.3333,3,1,47.33,youtube_suggest,2026-09-12 22:36:24.207394
7665,103,145,sunflower field animation,0.3333,3,1,47.33,youtube_suggest,2026-09-12 22:36:24.207572
7666,103,145,sunflower field background,0.3333,3,1,47.33,youtube_suggest,2026-09-12 22:36:24.207758
7667,103,145,sunflower field bss,0.3333,3,1,47.33,youtube_suggest,2026-09-12 22:36:24.207938
7668,103,145,sunflower field bangalore,0.3333,3,1,47.33,youtube_suggest,2026-09-12 22:36:24.208114
7669,103,145,burning sunflower field,0.3333,3,1,47.33,youtube_suggest,2026-09-12 22:36:24.213039
7670,103,145,sunflower field cultivator,0.3333,3,1,47.33,youtube_suggest,2026-09-12 22:36:24.213315
7671,103,145,sunflower field drone,0.3333,3,1,47.33,youtube_suggest,2026-09-12 22:36:24.213623
7672,103,145,sunflower field drawing,0.3333,3,1,47.33,youtube_suggest,2026-09-12 22:36:24.213830
7673,103,145,sunflower dove field,0.3333,3,1,47.33,youtube_suggest,2026-09-12 22:36:24.214018
7674,103,145,sunflower field music,0.3333,3,1,47.33,youtube_suggest,2026-09-12 22:36:24.214198
7675,103,145,sunflower field france,0.3333,3,1,47.33,youtube_suggest,2026-09-12 22:36:24.214376
7676,103,145,sunflower field greys,0.3333,3,1,47.33,youtube_suggest,2026-09-12 22:36:24.214547
7677,103,145,sunflower field gundlupet,0.3333,3,1,47.33,youtube_suggest,2026-09-12 22:36:24.214741
7678,103,145,sunflower field painting acrylic,0.2857,4,1,46.0,youtube_suggest,2026-09-12 22:36:24.215027
7679,103,145,sunflower field time lapse,0.2857,4,1,46.0,youtube_suggest,2026-09-12 22:36:24.215215
7680,103,145,sunflower field painting tutorial,0.2857,4,1,46.0,youtube_suggest,2026-09-12 22:36:24.215377
7681,103,145,sunflower field watercolor tutorial,0.2857,4,1,46.0,youtube_suggest,2026-09-12 22:36:24.217977
7682,103,145,sunflower field acrylic painting,0.2857,4,1,46.0,youtube_suggest,2026-09-12 22:36:24.218236
7683,103,145,sunflower field canvas painting,0.2857,4,1,46.0,youtube_suggest,2026-09-12 22:36:24.218469
7684,103,145,sunflower field near chennai,0.2857,4,1,46.0,youtube_suggest,2026-09-12 22:36:24.218660
7685,103,145,sunflower field near coimbatore,0.2857,4,1,46.0,youtube_suggest,2026-09-12 22:36:24.218996
7686,103,145,sunflower field dove hunt,0.2857,4,1,46.0,youtube_suggest,2026-09-12 22:36:24.219185
7687,103,145,planting sunflower dove field,0.2857,4,1,46.0,youtube_suggest,2026-09-12 22:36:24.219343
7688,103,145,easy sunflower field painting,0.2857,4,1,46.0,youtube_suggest,2026-09-12 22:36:24.219529
7689,103,145,sunflower field stock footage,0.2857,4,1,46.0,youtube_suggest,2026-09-12 22:36:24.219724
7690,103,145,sunflower field gemini prompt,0.2857,4,1,46.0,youtube_suggest,2026-09-12 22:36:24.219908
7691,103,145,sunflower field green screen,0.2857,4,1,46.0,youtube_suggest,2026-09-12 22:36:24.220091
7692,103,145,solar titan hammer build,0.2857,4,1,46.0,youtube_suggest,2026-09-12 22:36:24.223735
7693,103,145,sunflower field macro bee swarm simulator,0.2222,6,1,45.56,youtube_suggest,2026-09-12 22:36:24.224062
7694,103,145,sunflower field acrylic painting tutorial,0.25,5,1,45.5,youtube_suggest,2026-09-12 22:36:24.224267
7695,103,145,sunflower field acrylic painting easy,0.25,5,1,45.5,youtube_suggest,2026-09-12 22:36:24.224457
7696,103,145,sunflower field bee swarm simulator,0.25,5,1,45.5,youtube_suggest,2026-09-12 22:36:24.224695
7697,103,145,sunflower field drawing oil pastel,0.25,5,1,45.5,youtube_suggest,2026-09-12 22:36:24.224888
7698,103,145,sunflower field,0.4,2,0,38.0,youtube_suggest,2026-09-12 22:36:24.225310
7699,103,145,sunflower farm creamery goats in pajamas,0.1111,6,1,37.78,youtube_suggest,2026-09-12 22:36:24.225508
7700,103,145,sunflower fields mother 3,0.1429,4,1,36.0,youtube_suggest,2026-09-12 22:36:24.229009
7701,103,145,sunflower farm creamery baby goats,0.1111,5,1,35.78,youtube_suggest,2026-09-12 22:36:24.229238
7702,103,145,sunflower farm design hypixel skyblock,0.1111,5,1,35.78,youtube_suggest,2026-09-12 22:36:24.229426
7703,103,145,sunflower farm garden tower defense,0.1111,5,1,35.78,youtube_suggest,2026-09-12 22:36:24.229618
7704,103,145,sunflower farm arayat pampanga,0.125,4,1,34.75,youtube_suggest,2026-09-12 22:36:24.229815
7705,103,145,sunflower farm design hypixel,0.125,4,1,34.75,youtube_suggest,2026-09-12 22:36:24.230028
7706,103,145,sunflower farm design skyblock,0.125,4,1,34.75,youtube_suggest,2026-09-12 22:36:24.230223
7707,103,145,sunflower farm garden tower,0.125,4,1,34.75,youtube_suggest,2026-09-12 22:36:24.230401
7708,103,145,sunflower farm araku,0.1429,3,1,34.0,youtube_suggest,2026-09-12 22:36:24.230584
7709,103,145,sunflower farm australia,0.1429,3,1,34.0,youtube_suggest,2026-09-12 22:36:24.230880
7710,103,145,sunflower farm baguio,0.1429,3,1,34.0,youtube_suggest,2026-09-12 22:36:24.231115
7711,104,146,sunflower field video,0.6667,3,1,70.67,youtube_suggest,2026-09-12 22:39:12.118527
7712,104,146,sunflower field background video,0.5,4,1,61.0,youtube_suggest,2026-09-12 22:39:12.118828
7713,104,146,sunflower field cinematic video,0.5,4,1,61.0,youtube_suggest,2026-09-12 22:39:12.119035
7714,104,146,sunflower field painting,0.5,3,1,59.0,youtube_suggest,2026-09-12 22:39:12.119250
7715,104,146,sunflower field ambience,0.5,3,1,59.0,youtube_suggest,2026-09-12 22:39:12.119456
7716,104,146,sunflower field song,0.5,3,1,59.0,youtube_suggest,2026-09-12 22:39:12.119649
7717,104,146,sunflower field acrylic,0.5,3,1,59.0,youtube_suggest,2026-09-12 22:39:12.119839
7718,104,146,sunflower field aesthetic,0.5,3,1,59.0,youtube_suggest,2026-09-12 22:39:12.122297
7719,104,146,sunflower field animation,0.5,3,1,59.0,youtube_suggest,2026-09-12 22:39:12.122544
7720,104,146,sunflower field background,0.5,3,1,59.0,youtube_suggest,2026-09-12 22:39:12.122738
7721,104,146,sunflower field bss,0.5,3,1,59.0,youtube_suggest,2026-09-12 22:39:12.122924
7722,104,146,sunflower field bangalore,0.5,3,1,59.0,youtube_suggest,2026-09-12 22:39:12.123125
7723,104,146,burning sunflower field,0.5,3,1,59.0,youtube_suggest,2026-09-12 22:39:12.123323
7724,104,146,sunflower field cultivator,0.5,3,1,59.0,youtube_suggest,2026-09-12 22:39:12.123530
7725,104,146,sunflower field drone,0.5,3,1,59.0,youtube_suggest,2026-09-12 22:39:12.123711
7726,104,146,sunflower field drawing,0.5,3,1,59.0,youtube_suggest,2026-09-12 22:39:12.123895
7727,104,146,sunflower dove field,0.5,3,1,59.0,youtube_suggest,2026-09-12 22:39:12.125920
7728,104,146,sunflower field music,0.5,3,1,59.0,youtube_suggest,2026-09-12 22:39:12.126134
7729,104,146,sunflower field france,0.5,3,1,59.0,youtube_suggest,2026-09-12 22:39:12.126329
7730,104,146,sunflower field greys,0.5,3,1,59.0,youtube_suggest,2026-09-12 22:39:12.126571
7731,104,146,sunflower field gundlupet,0.5,3,1,59.0,youtube_suggest,2026-09-12 22:39:12.126767
7732,104,146,sunflower field,0.6667,2,0,56.67,youtube_suggest,2026-09-12 22:39:12.126959
7733,104,146,sunflower field in west bengal,0.4,5,1,56.0,youtube_suggest,2026-09-12 22:39:12.127165
7734,104,146,sunflower field for dove hunting,0.4,5,1,56.0,youtube_suggest,2026-09-12 22:39:12.127346
7735,104,146,sunflower field following the sun,0.4,5,1,56.0,youtube_suggest,2026-09-12 22:39:12.127552
7736,104,146,planting sunflower field for doves,0.4,5,1,56.0,youtube_suggest,2026-09-12 22:39:12.127733
7737,104,146,sunflower field part 2 greys,0.4,5,1,56.0,youtube_suggest,2026-09-12 22:39:12.127908
7738,104,146,sunflower field painting acrylic,0.4,4,1,54.0,youtube_suggest,2026-09-12 22:39:12.128099
7739,104,146,sunflower field time lapse,0.4,4,1,54.0,youtube_suggest,2026-09-12 22:39:12.128278
7740,104,146,sunflower field painting tutorial,0.4,4,1,54.0,youtube_suggest,2026-09-12 22:39:12.128470
7741,104,146,sunflower field watercolor tutorial,0.4,4,1,54.0,youtube_suggest,2026-09-12 22:39:12.132520
7742,104,146,sunflower field acrylic painting,0.4,4,1,54.0,youtube_suggest,2026-09-12 22:39:12.132792
7743,104,146,sunflower field canvas painting,0.4,4,1,54.0,youtube_suggest,2026-09-12 22:39:12.132982
7744,104,146,sunflower field near chennai,0.4,4,1,54.0,youtube_suggest,2026-09-12 22:39:12.133173
7745,104,146,sunflower field near coimbatore,0.4,4,1,54.0,youtube_suggest,2026-09-12 22:39:12.133480
7746,104,146,sunflower field dove hunt,0.4,4,1,54.0,youtube_suggest,2026-09-12 22:39:12.133669
7747,104,146,planting sunflower dove field,0.4,4,1,54.0,youtube_suggest,2026-09-12 22:39:12.133869
7748,104,146,easy sunflower field painting,0.4,4,1,54.0,youtube_suggest,2026-09-12 22:39:12.135187
7749,104,146,sunflower field stock footage,0.4,4,1,54.0,youtube_suggest,2026-09-12 22:39:12.135494
7750,104,146,sunflower field gemini prompt,0.4,4,1,54.0,youtube_suggest,2026-09-12 22:39:12.135713
7751,104,146,sunflower field green screen,0.4,4,1,54.0,youtube_suggest,2026-09-12 22:39:12.135932
7752,104,146,sunflower field acrylic painting tutorial,0.3333,5,1,51.33,youtube_suggest,2026-09-12 22:39:12.136214
7753,104,146,sunflower field acrylic painting easy,0.3333,5,1,51.33,youtube_suggest,2026-09-12 22:39:12.136392
7754,104,146,sunflower field bee swarm simulator,0.3333,5,1,51.33,youtube_suggest,2026-09-12 22:39:12.140931
7755,104,146,sunflower field drawing oil pastel,0.3333,5,1,51.33,youtube_suggest,2026-09-12 22:39:12.141281
7756,104,146,sunflower field macro bee swarm simulator,0.2857,6,1,50.0,youtube_suggest,2026-09-12 22:39:12.141507
7757,104,146,sunflower times sunflower,0.25,3,1,41.5,youtube_suggest,2026-09-12 22:39:12.141714
7758,104,146,sunflower fields mother 3,0.2,4,1,40.0,youtube_suggest,2026-09-12 22:39:12.141904
7759,104,146,sunflower farm creamery goats in pajamas,0.1429,6,1,40.0,youtube_suggest,2026-09-12 22:39:12.142095
7760,104,146,sunflower island diggy,0.2,3,1,38.0,youtube_suggest,2026-09-12 22:39:12.142514
7761,104,146,sunflower car hanger,0.2,3,1,38.0,youtube_suggest,2026-09-12 22:39:12.142765
7762,104,146,sunflower farm araku,0.2,3,1,38.0,youtube_suggest,2026-09-12 22:39:12.142959
7763,104,146,sunflower farm australia,0.2,3,1,38.0,youtube_suggest,2026-09-12 22:39:12.143144
7764,104,146,sunflower farm baguio,0.2,3,1,38.0,youtube_suggest,2026-09-12 22:39:12.143321
7765,104,146,sunflower farm boisar,0.2,3,1,38.0,youtube_suggest,2026-09-12 22:39:12.143510
7766,104,146,sunflower farm creamery,0.2,3,1,38.0,youtube_suggest,2026-09-12 22:39:12.143686
7767,104,146,sunflower farm creamery baby goats,0.1429,5,1,38.0,youtube_suggest,2026-09-12 22:39:12.143861
7768,104,146,sunflower farm design hypixel skyblock,0.1429,5,1,38.0,youtube_suggest,2026-09-12 22:39:12.148679
7769,104,146,sunflower farm drawing,0.2,3,1,38.0,youtube_suggest,2026-09-12 22:39:12.149078
7770,104,146,sunflower farm goats,0.2,3,1,38.0,youtube_suggest,2026-09-12 22:39:12.149279
7771,105,147,sunflower field video,0.5,3,1,59.0,youtube_suggest,2026-09-12 22:41:33.708496
7772,105,147,sunflower field background video,0.4,4,1,54.0,youtube_suggest,2026-09-12 22:41:33.713040
7773,105,147,sunflower field cinematic video,0.4,4,1,54.0,youtube_suggest,2026-09-12 22:41:33.713264
7774,105,147,sunflower field painting,0.4,3,1,52.0,youtube_suggest,2026-09-12 22:41:33.713436
7775,105,147,sunflower field ambience,0.4,3,1,52.0,youtube_suggest,2026-09-12 22:41:33.713594
7776,105,147,sunflower field song,0.4,3,1,52.0,youtube_suggest,2026-09-12 22:41:33.713790
7777,105,147,sunflower field acrylic,0.4,3,1,52.0,youtube_suggest,2026-09-12 22:41:33.714015
7778,105,147,sunflower field aesthetic,0.4,3,1,52.0,youtube_suggest,2026-09-12 22:41:33.714223
7779,105,147,sunflower field animation,0.4,3,1,52.0,youtube_suggest,2026-09-12 22:41:33.714435
7780,105,147,sunflower field background,0.4,3,1,52.0,youtube_suggest,2026-09-12 22:41:33.714640
7781,105,147,sunflower field bss,0.4,3,1,52.0,youtube_suggest,2026-09-12 22:41:33.714854
7782,105,147,sunflower field bangalore,0.4,3,1,52.0,youtube_suggest,2026-09-12 22:41:33.715028
7783,105,147,burning sunflower field,0.4,3,1,52.0,youtube_suggest,2026-09-12 22:41:33.715191
7784,105,147,sunflower field cultivator,0.4,3,1,52.0,youtube_suggest,2026-09-12 22:41:33.715367
7785,105,147,sunflower field drone,0.4,3,1,52.0,youtube_suggest,2026-09-12 22:41:33.715566
7786,105,147,sunflower field drawing,0.4,3,1,52.0,youtube_suggest,2026-09-12 22:41:33.715893
7787,105,147,sunflower dove field,0.4,3,1,52.0,youtube_suggest,2026-09-12 22:41:33.716157
7788,105,147,sunflower field music,0.4,3,1,52.0,youtube_suggest,2026-09-12 22:41:33.720698
7789,105,147,sunflower field france,0.4,3,1,52.0,youtube_suggest,2026-09-12 22:41:33.721041
7790,105,147,sunflower field greys,0.4,3,1,52.0,youtube_suggest,2026-09-12 22:41:33.721268
7791,105,147,sunflower field gundlupet,0.4,3,1,52.0,youtube_suggest,2026-09-12 22:41:33.721501
7792,105,147,sunflower field in west bengal,0.3333,5,1,51.33,youtube_suggest,2026-09-12 22:41:33.721690
7793,105,147,sunflower field for dove hunting,0.3333,5,1,51.33,youtube_suggest,2026-09-12 22:41:33.721891
7794,105,147,sunflower field following the sun,0.3333,5,1,51.33,youtube_suggest,2026-09-12 22:41:33.722060
7795,105,147,planting sunflower field for doves,0.3333,5,1,51.33,youtube_suggest,2026-09-12 22:41:33.722324
7796,105,147,sunflower field part 2 greys,0.3333,5,1,51.33,youtube_suggest,2026-09-12 22:41:33.722546
7797,105,147,sunflower field painting acrylic,0.3333,4,1,49.33,youtube_suggest,2026-09-12 22:41:33.722770
7798,105,147,sunflower field time lapse,0.3333,4,1,49.33,youtube_suggest,2026-09-12 22:41:33.722978
7799,105,147,sunflower field painting tutorial,0.3333,4,1,49.33,youtube_suggest,2026-09-12 22:41:33.723177
7800,105,147,sunflower field watercolor tutorial,0.3333,4,1,49.33,youtube_suggest,2026-09-12 22:41:33.723377
7801,105,147,sunflower field acrylic painting,0.3333,4,1,49.33,youtube_suggest,2026-09-12 22:41:33.723587
7802,105,147,sunflower field canvas painting,0.3333,4,1,49.33,youtube_suggest,2026-09-12 22:41:33.723822
7803,105,147,sunflower field near chennai,0.3333,4,1,49.33,youtube_suggest,2026-09-12 22:41:33.724027
7804,105,147,sunflower field near coimbatore,0.3333,4,1,49.33,youtube_suggest,2026-09-12 22:41:33.724226
7805,105,147,sunflower field dove hunt,0.3333,4,1,49.33,youtube_suggest,2026-09-12 22:41:33.724433
7806,105,147,planting sunflower dove field,0.3333,4,1,49.33,youtube_suggest,2026-09-12 22:41:33.728874
7807,105,147,easy sunflower field painting,0.3333,4,1,49.33,youtube_suggest,2026-09-12 22:41:33.729134
7808,105,147,sunflower field stock footage,0.3333,4,1,49.33,youtube_suggest,2026-09-12 22:41:33.729369
7809,105,147,sunflower field gemini prompt,0.3333,4,1,49.33,youtube_suggest,2026-09-12 22:41:33.729695
7810,105,147,sunflower field green screen,0.3333,4,1,49.33,youtube_suggest,2026-09-12 22:41:33.729911
7811,105,147,sunflower field acrylic painting tutorial,0.2857,5,1,48.0,youtube_suggest,2026-09-12 22:41:33.730111
7812,105,147,sunflower field acrylic painting easy,0.2857,5,1,48.0,youtube_suggest,2026-09-12 22:41:33.730321
7813,105,147,sunflower field bee swarm simulator,0.2857,5,1,48.0,youtube_suggest,2026-09-12 22:41:33.730547
7814,105,147,sunflower field drawing oil pastel,0.2857,5,1,48.0,youtube_suggest,2026-09-12 22:41:33.730716
7815,105,147,sunflower field macro bee swarm simulator,0.25,6,1,47.5,youtube_suggest,2026-09-12 22:41:33.730896
7816,105,147,sunflower field,0.5,2,0,45.0,youtube_suggest,2026-09-12 22:41:33.731098
7817,105,147,cathedral of st helena,0.2,4,1,40.0,youtube_suggest,2026-09-12 22:41:33.731308
7818,105,147,cathedral of the deep bridge lever,0.1429,6,1,40.0,youtube_suggest,2026-09-12 22:41:33.731513
7819,105,147,cathedral of st helena montana,0.1667,5,1,39.67,youtube_suggest,2026-09-12 22:41:33.731720
7820,105,147,sunflower farm creamery goats in pajamas,0.125,6,1,38.75,youtube_suggest,2026-09-12 22:41:33.732008
7821,105,147,helix vs cathedral,0.2,3,1,38.0,youtube_suggest,2026-09-12 22:41:33.732195
7822,105,147,sunflower fields mother 3,0.1667,4,1,37.67,youtube_suggest,2026-09-12 22:41:33.732344
7823,105,147,cathedral of saint helena,0.1667,4,1,37.67,youtube_suggest,2026-09-12 22:41:33.732483
7824,105,147,cathedral of light nuremberg,0.1667,4,1,37.67,youtube_suggest,2026-09-12 22:41:33.736984
7825,105,147,sunflower farm creamery baby goats,0.125,5,1,36.75,youtube_suggest,2026-09-12 22:41:33.737261
7826,105,147,sunflower farm design hypixel skyblock,0.125,5,1,36.75,youtube_suggest,2026-09-12 22:41:33.737514
7827,105,147,sunflower farm garden tower defense,0.125,5,1,36.75,youtube_suggest,2026-09-12 22:41:33.737744
7828,105,147,helios creed superior catholic finger,0.125,5,1,36.75,youtube_suggest,2026-09-12 22:41:33.737925
7829,105,147,sunflower farm arayat pampanga,0.1429,4,1,36.0,youtube_suggest,2026-09-12 22:41:33.738079
7830,105,147,sunflower farm design hypixel,0.1429,4,1,36.0,youtube_suggest,2026-09-12 22:41:33.738232
7831,106,148,sunflower field following the sun,0.5,5,1,63.0,youtube_suggest,2026-09-12 22:44:28.877514
7832,106,148,sunflower field video,0.4,3,1,52.0,youtube_suggest,2026-09-12 22:44:28.877795
7833,106,148,sunflower field background video,0.3333,4,1,49.33,youtube_suggest,2026-09-12 22:44:28.878002
7834,106,148,sunflower field cinematic video,0.3333,4,1,49.33,youtube_suggest,2026-09-12 22:44:28.878199
7835,106,148,sunflower field in west bengal,0.2857,5,1,48.0,youtube_suggest,2026-09-12 22:44:28.878405
7836,106,148,sunflower field for dove hunting,0.2857,5,1,48.0,youtube_suggest,2026-09-12 22:44:28.878837
7837,106,148,planting sunflower field for doves,0.2857,5,1,48.0,youtube_suggest,2026-09-12 22:44:28.879030
7838,106,148,sunflower field part 2 greys,0.2857,5,1,48.0,youtube_suggest,2026-09-12 22:44:28.879217
7839,106,148,sunflower field painting,0.3333,3,1,47.33,youtube_suggest,2026-09-12 22:44:28.879415
7840,106,148,sunflower field ambience,0.3333,3,1,47.33,youtube_suggest,2026-09-12 22:44:28.879597
7841,106,148,sunflower field song,0.3333,3,1,47.33,youtube_suggest,2026-09-12 22:44:28.879780
7842,106,148,sunflower field acrylic,0.3333,3,1,47.33,youtube_suggest,2026-09-12 22:44:28.880216
7843,106,148,sunflower field aesthetic,0.3333,3,1,47.33,youtube_suggest,2026-09-12 22:44:28.891583
7844,106,148,sunflower field animation,0.3333,3,1,47.33,youtube_suggest,2026-09-12 22:44:28.894098
7845,106,148,sunflower field background,0.3333,3,1,47.33,youtube_suggest,2026-09-12 22:44:28.895806
7846,106,148,sunflower field bss,0.3333,3,1,47.33,youtube_suggest,2026-09-12 22:44:28.896157
7847,106,148,sunflower field bangalore,0.3333,3,1,47.33,youtube_suggest,2026-09-12 22:44:28.896391
7848,106,148,burning sunflower field,0.3333,3,1,47.33,youtube_suggest,2026-09-12 22:44:28.900013
7849,106,148,sunflower field cultivator,0.3333,3,1,47.33,youtube_suggest,2026-09-12 22:44:28.900324
7850,106,148,sunflower field drone,0.3333,3,1,47.33,youtube_suggest,2026-09-12 22:44:28.900625
7851,106,148,sunflower field drawing,0.3333,3,1,47.33,youtube_suggest,2026-09-12 22:44:28.901460
7852,106,148,sunflower dove field,0.3333,3,1,47.33,youtube_suggest,2026-09-12 22:44:28.901770
7853,106,148,sunflower field music,0.3333,3,1,47.33,youtube_suggest,2026-09-12 22:44:28.902455
7854,106,148,sunflower field france,0.3333,3,1,47.33,youtube_suggest,2026-09-12 22:44:28.902707
7855,106,148,sunflower field greys,0.3333,3,1,47.33,youtube_suggest,2026-09-12 22:44:28.902919
7856,106,148,sunflower field gundlupet,0.3333,3,1,47.33,youtube_suggest,2026-09-12 22:44:28.903109
7857,106,148,titanic algodoo sleeping sun,0.2857,4,1,46.0,youtube_suggest,2026-09-12 22:44:28.903301
7858,106,148,sunflower field painting acrylic,0.2857,4,1,46.0,youtube_suggest,2026-09-12 22:44:28.903476
7859,106,148,sunflower field time lapse,0.2857,4,1,46.0,youtube_suggest,2026-09-12 22:44:28.903923
7860,106,148,sunflower field painting tutorial,0.2857,4,1,46.0,youtube_suggest,2026-09-12 22:44:28.904160
7861,106,148,sunflower field watercolor tutorial,0.2857,4,1,46.0,youtube_suggest,2026-09-12 22:44:28.904355
7862,106,148,sunflower field acrylic painting,0.2857,4,1,46.0,youtube_suggest,2026-09-12 22:44:28.913529
7863,106,148,sunflower field canvas painting,0.2857,4,1,46.0,youtube_suggest,2026-09-12 22:44:28.914205
7864,106,148,sunflower field near chennai,0.2857,4,1,46.0,youtube_suggest,2026-09-12 22:44:28.914434
7865,106,148,sunflower field near coimbatore,0.2857,4,1,46.0,youtube_suggest,2026-09-12 22:44:28.914627
7866,106,148,sunflower field dove hunt,0.2857,4,1,46.0,youtube_suggest,2026-09-12 22:44:28.915899
7867,106,148,planting sunflower dove field,0.2857,4,1,46.0,youtube_suggest,2026-09-12 22:44:28.919356
7868,106,148,easy sunflower field painting,0.2857,4,1,46.0,youtube_suggest,2026-09-12 22:44:28.919666
7869,106,148,sunflower field stock footage,0.2857,4,1,46.0,youtube_suggest,2026-09-12 22:44:28.920140
7870,106,148,sunflower field gemini prompt,0.2857,4,1,46.0,youtube_suggest,2026-09-12 22:44:28.920348
7871,106,148,sunflower field green screen,0.2857,4,1,46.0,youtube_suggest,2026-09-12 22:44:28.921426
7872,106,148,sunflower field macro bee swarm simulator,0.2222,6,1,45.56,youtube_suggest,2026-09-12 22:44:28.922364
7873,106,148,sunflower field acrylic painting tutorial,0.25,5,1,45.5,youtube_suggest,2026-09-12 22:44:28.923551
7874,106,148,sunflower field acrylic painting easy,0.25,5,1,45.5,youtube_suggest,2026-09-12 22:44:28.924843
7875,106,148,sunflower field bee swarm simulator,0.25,5,1,45.5,youtube_suggest,2026-09-12 22:44:28.925227
7876,106,148,sunflower field drawing oil pastel,0.25,5,1,45.5,youtube_suggest,2026-09-12 22:44:28.928901
7877,106,148,sunflower field,0.4,2,0,38.0,youtube_suggest,2026-09-12 22:44:28.929057
7878,106,148,sunflower farm creamery goats in pajamas,0.1111,6,1,37.78,youtube_suggest,2026-09-12 22:44:28.930540
7879,106,148,titanic sinking lights go out,0.125,5,1,36.75,youtube_suggest,2026-09-12 22:44:28.931154
7880,106,148,titanic list to port,0.1429,4,1,36.0,youtube_suggest,2026-09-12 22:44:28.931364
7881,106,148,titanic setting up lifeboats,0.1429,4,1,36.0,youtube_suggest,2026-09-12 22:44:28.931521
7882,106,148,sunflower fields mother 3,0.1429,4,1,36.0,youtube_suggest,2026-09-12 22:44:28.931651
7883,106,148,sunflower farm creamery baby goats,0.1111,5,1,35.78,youtube_suggest,2026-09-12 22:44:28.931799
7884,106,148,sunflower farm design hypixel skyblock,0.1111,5,1,35.78,youtube_suggest,2026-09-12 22:44:28.931948
7885,106,148,sunflower farm garden tower defense,0.1111,5,1,35.78,youtube_suggest,2026-09-12 22:44:28.932267
7886,106,148,titanic ship car dashboard,0.125,4,1,34.75,youtube_suggest,2026-09-12 22:44:28.933161
7887,106,148,titanic music while sinking,0.125,4,1,34.75,youtube_suggest,2026-09-12 22:44:28.933396
7888,106,148,sunflower farm arayat pampanga,0.125,4,1,34.75,youtube_suggest,2026-09-12 22:44:28.933556
7889,106,148,sunflower farm design hypixel,0.125,4,1,34.75,youtube_suggest,2026-09-12 22:44:28.933989
7890,106,148,sunflower farm design skyblock,0.125,4,1,34.75,youtube_suggest,2026-09-12 22:44:28.934156
7891,107,149,sunflower field video,0.4,3,1,52.0,youtube_suggest,2026-09-12 22:47:28.529589
7892,107,149,sunflower field background video,0.3333,4,1,49.33,youtube_suggest,2026-09-12 22:47:28.529850
7893,107,149,sunflower field cinematic video,0.3333,4,1,49.33,youtube_suggest,2026-09-12 22:47:28.530019
7894,107,149,sunflower field in west bengal,0.2857,5,1,48.0,youtube_suggest,2026-09-12 22:47:28.530166
7895,107,149,sunflower field for dove hunting,0.2857,5,1,48.0,youtube_suggest,2026-09-12 22:47:28.530314
7896,107,149,sunflower field following the sun,0.2857,5,1,48.0,youtube_suggest,2026-09-12 22:47:28.530448
7897,107,149,planting sunflower field for doves,0.2857,5,1,48.0,youtube_suggest,2026-09-12 22:47:28.530861
7898,107,149,sunflower field part 2 greys,0.2857,5,1,48.0,youtube_suggest,2026-09-12 22:47:28.531018
7899,107,149,sunflower field painting,0.3333,3,1,47.33,youtube_suggest,2026-09-12 22:47:28.531157
7900,107,149,sunflower field ambience,0.3333,3,1,47.33,youtube_suggest,2026-09-12 22:47:28.536846
7901,107,149,sunflower field song,0.3333,3,1,47.33,youtube_suggest,2026-09-12 22:47:28.537056
7902,107,149,sunflower field acrylic,0.3333,3,1,47.33,youtube_suggest,2026-09-12 22:47:28.537264
7903,107,149,sunflower field aesthetic,0.3333,3,1,47.33,youtube_suggest,2026-09-12 22:47:28.537707
7904,107,149,sunflower field animation,0.3333,3,1,47.33,youtube_suggest,2026-09-12 22:47:28.537887
7905,107,149,sunflower field background,0.3333,3,1,47.33,youtube_suggest,2026-09-12 22:47:28.538091
7906,107,149,sunflower field bss,0.3333,3,1,47.33,youtube_suggest,2026-09-12 22:47:28.538280
7907,107,149,sunflower field bangalore,0.3333,3,1,47.33,youtube_suggest,2026-09-12 22:47:28.538468
7908,107,149,burning sunflower field,0.3333,3,1,47.33,youtube_suggest,2026-09-12 22:47:28.538651
7909,107,149,sunflower field cultivator,0.3333,3,1,47.33,youtube_suggest,2026-09-12 22:47:28.539083
7910,107,149,sunflower field drone,0.3333,3,1,47.33,youtube_suggest,2026-09-12 22:47:28.539287
7911,107,149,sunflower field drawing,0.3333,3,1,47.33,youtube_suggest,2026-09-12 22:47:28.539475
7912,107,149,sunflower dove field,0.3333,3,1,47.33,youtube_suggest,2026-09-12 22:47:28.542768
7913,107,149,sunflower field music,0.3333,3,1,47.33,youtube_suggest,2026-09-12 22:47:28.543316
7914,107,149,sunflower field france,0.3333,3,1,47.33,youtube_suggest,2026-09-12 22:47:28.543564
7915,107,149,sunflower field greys,0.3333,3,1,47.33,youtube_suggest,2026-09-12 22:47:28.543804
7916,107,149,sunflower field gundlupet,0.3333,3,1,47.33,youtube_suggest,2026-09-12 22:47:28.543994
7917,107,149,golden root drops,0.3333,3,1,47.33,youtube_suggest,2026-09-12 22:47:28.544235
7918,107,149,sunflower field painting acrylic,0.2857,4,1,46.0,youtube_suggest,2026-09-12 22:47:28.544425
7919,107,149,sunflower field time lapse,0.2857,4,1,46.0,youtube_suggest,2026-09-12 22:47:28.548341
7920,107,149,sunflower field painting tutorial,0.2857,4,1,46.0,youtube_suggest,2026-09-12 22:47:28.548624
7921,107,149,sunflower field watercolor tutorial,0.2857,4,1,46.0,youtube_suggest,2026-09-12 22:47:28.548835
7922,107,149,sunflower field acrylic painting,0.2857,4,1,46.0,youtube_suggest,2026-09-12 22:47:28.549286
7923,107,149,sunflower field canvas painting,0.2857,4,1,46.0,youtube_suggest,2026-09-12 22:47:28.549479
7924,107,149,sunflower field near chennai,0.2857,4,1,46.0,youtube_suggest,2026-09-12 22:47:28.549663
7925,107,149,sunflower field near coimbatore,0.2857,4,1,46.0,youtube_suggest,2026-09-12 22:47:28.550008
7926,107,149,sunflower field dove hunt,0.2857,4,1,46.0,youtube_suggest,2026-09-12 22:47:28.550895
7927,107,149,planting sunflower dove field,0.2857,4,1,46.0,youtube_suggest,2026-09-12 22:47:28.551544
7928,107,149,easy sunflower field painting,0.2857,4,1,46.0,youtube_suggest,2026-09-12 22:47:28.552853
7929,107,149,sunflower field stock footage,0.2857,4,1,46.0,youtube_suggest,2026-09-12 22:47:28.554301
7930,107,149,sunflower field gemini prompt,0.2857,4,1,46.0,youtube_suggest,2026-09-12 22:47:28.554937
7931,107,149,sunflower field green screen,0.2857,4,1,46.0,youtube_suggest,2026-09-12 22:47:28.555583
7932,107,149,sunflower field macro bee swarm simulator,0.2222,6,1,45.56,youtube_suggest,2026-09-12 22:47:28.556815
7933,107,149,sunflower field acrylic painting tutorial,0.25,5,1,45.5,youtube_suggest,2026-09-12 22:47:28.557011
7934,107,149,sunflower field acrylic painting easy,0.25,5,1,45.5,youtube_suggest,2026-09-12 22:47:28.557150
7935,107,149,sunflower field bee swarm simulator,0.25,5,1,45.5,youtube_suggest,2026-09-12 22:47:28.557536
7936,107,149,sunflower field drawing oil pastel,0.25,5,1,45.5,youtube_suggest,2026-09-12 22:47:28.557698
7937,107,149,sunflower field,0.4,2,0,38.0,youtube_suggest,2026-09-12 22:47:28.557834
7938,107,149,golden root,0.4,2,0,38.0,youtube_suggest,2026-09-12 22:47:28.557966
7939,107,149,the golden book of chemistry,0.1429,5,1,38.0,youtube_suggest,2026-09-12 22:47:28.560572
7940,107,149,the golden 1.9,0.2,3,1,38.0,youtube_suggest,2026-09-12 22:47:28.561050
7941,107,149,sunflower farm creamery goats in pajamas,0.1111,6,1,37.78,youtube_suggest,2026-09-12 22:47:28.561241
7942,107,149,the golden dawn - power plant (1968),0.1111,7,1,37.78,youtube_suggest,2026-09-12 22:47:28.561627
7943,107,149,the golden dawn power plant,0.125,5,1,36.75,youtube_suggest,2026-09-12 22:47:28.561779
7944,107,149,sunflower fields mother 3,0.1429,4,1,36.0,youtube_suggest,2026-09-12 22:47:28.561916
7945,107,149,the golden seal 1971,0.1429,4,1,36.0,youtube_suggest,2026-09-12 22:47:28.562051
7946,107,149,golden can of oil,0.1429,4,1,36.0,youtube_suggest,2026-09-12 22:47:28.562190
7947,107,149,the golden beetle 1907,0.1429,4,1,36.0,youtube_suggest,2026-09-12 22:47:28.562327
7948,107,149,the golden calf explained,0.1429,4,1,36.0,youtube_suggest,2026-09-12 22:47:28.562555
7949,107,149,sunflower farm creamery baby goats,0.1111,5,1,35.78,youtube_suggest,2026-09-12 22:47:28.563003
7950,107,149,sunflower farm design hypixel skyblock,0.1111,5,1,35.78,youtube_suggest,2026-09-12 22:47:28.563257
7951,108,150,sunflower field video,0.6667,3,1,70.67,youtube_suggest,2026-09-12 22:50:36.247901
7952,108,150,sunflower field background video,0.5,4,1,61.0,youtube_suggest,2026-09-12 22:50:36.248197
7953,108,150,sunflower field cinematic video,0.5,4,1,61.0,youtube_suggest,2026-09-12 22:50:36.248420
7954,108,150,sunflower field painting,0.5,3,1,59.0,youtube_suggest,2026-09-12 22:50:36.251505
7955,108,150,sunflower field ambience,0.5,3,1,59.0,youtube_suggest,2026-09-12 22:50:36.252444
7956,108,150,sunflower field song,0.5,3,1,59.0,youtube_suggest,2026-09-12 22:50:36.253711
7957,108,150,sunflower field acrylic,0.5,3,1,59.0,youtube_suggest,2026-09-12 22:50:36.254553
7958,108,150,sunflower field aesthetic,0.5,3,1,59.0,youtube_suggest,2026-09-12 22:50:36.255408
7959,108,150,sunflower field animation,0.5,3,1,59.0,youtube_suggest,2026-09-12 22:50:36.256216
7960,108,150,sunflower field background,0.5,3,1,59.0,youtube_suggest,2026-09-12 22:50:36.256469
7961,108,150,sunflower field bss,0.5,3,1,59.0,youtube_suggest,2026-09-12 22:50:36.257668
7962,108,150,sunflower field bangalore,0.5,3,1,59.0,youtube_suggest,2026-09-12 22:50:36.257872
7963,108,150,burning sunflower field,0.5,3,1,59.0,youtube_suggest,2026-09-12 22:50:36.258128
7964,108,150,sunflower field cultivator,0.5,3,1,59.0,youtube_suggest,2026-09-12 22:50:36.258359
7965,108,150,sunflower field drone,0.5,3,1,59.0,youtube_suggest,2026-09-12 22:50:36.258567
7966,108,150,sunflower field drawing,0.5,3,1,59.0,youtube_suggest,2026-09-12 22:50:36.260657
7967,108,150,sunflower dove field,0.5,3,1,59.0,youtube_suggest,2026-09-12 22:50:36.260892
7968,108,150,sunflower field music,0.5,3,1,59.0,youtube_suggest,2026-09-12 22:50:36.261084
7969,108,150,sunflower field france,0.5,3,1,59.0,youtube_suggest,2026-09-12 22:50:36.261359
7970,108,150,sunflower field greys,0.5,3,1,59.0,youtube_suggest,2026-09-12 22:50:36.261630
7971,108,150,sunflower field gundlupet,0.5,3,1,59.0,youtube_suggest,2026-09-12 22:50:36.261792
7972,108,150,sunflower field,0.6667,2,0,56.67,youtube_suggest,2026-09-12 22:50:36.264796
7973,108,150,sunflower field in west bengal,0.4,5,1,56.0,youtube_suggest,2026-09-12 22:50:36.265015
7974,108,150,sunflower field for dove hunting,0.4,5,1,56.0,youtube_suggest,2026-09-12 22:50:36.265212
7975,108,150,sunflower field following the sun,0.4,5,1,56.0,youtube_suggest,2026-09-12 22:50:36.265428
7976,108,150,planting sunflower field for doves,0.4,5,1,56.0,youtube_suggest,2026-09-12 22:50:36.265678
7977,108,150,sunflower field part 2 greys,0.4,5,1,56.0,youtube_suggest,2026-09-12 22:50:36.265867
7978,108,150,sunflower field painting acrylic,0.4,4,1,54.0,youtube_suggest,2026-09-12 22:50:36.266044
7979,108,150,sunflower field time lapse,0.4,4,1,54.0,youtube_suggest,2026-09-12 22:50:36.266333
7980,108,150,sunflower field painting tutorial,0.4,4,1,54.0,youtube_suggest,2026-09-12 22:50:36.266578
7981,108,150,sunflower field watercolor tutorial,0.4,4,1,54.0,youtube_suggest,2026-09-12 22:50:36.266864
7982,108,150,sunflower field acrylic painting,0.4,4,1,54.0,youtube_suggest,2026-09-12 22:50:36.267052
7983,108,150,sunflower field canvas painting,0.4,4,1,54.0,youtube_suggest,2026-09-12 22:50:36.267239
7984,108,150,sunflower field near chennai,0.4,4,1,54.0,youtube_suggest,2026-09-12 22:50:36.267437
7985,108,150,sunflower field near coimbatore,0.4,4,1,54.0,youtube_suggest,2026-09-12 22:50:36.268796
7986,108,150,sunflower field dove hunt,0.4,4,1,54.0,youtube_suggest,2026-09-12 22:50:36.268999
7987,108,150,planting sunflower dove field,0.4,4,1,54.0,youtube_suggest,2026-09-12 22:50:36.269187
7988,108,150,easy sunflower field painting,0.4,4,1,54.0,youtube_suggest,2026-09-12 22:50:36.270759
7989,108,150,sunflower field stock footage,0.4,4,1,54.0,youtube_suggest,2026-09-12 22:50:36.270988
7990,108,150,sunflower field gemini prompt,0.4,4,1,54.0,youtube_suggest,2026-09-12 22:50:36.271246
7991,108,150,sunflower field green screen,0.4,4,1,54.0,youtube_suggest,2026-09-12 22:50:36.271449
7992,108,150,sunflower field acrylic painting tutorial,0.3333,5,1,51.33,youtube_suggest,2026-09-12 22:50:36.271685
7993,108,150,sunflower field acrylic painting easy,0.3333,5,1,51.33,youtube_suggest,2026-09-12 22:50:36.271871
7994,108,150,sunflower field bee swarm simulator,0.3333,5,1,51.33,youtube_suggest,2026-09-12 22:50:36.272060
7995,108,150,sunflower field drawing oil pastel,0.3333,5,1,51.33,youtube_suggest,2026-09-12 22:50:36.272240
7996,108,150,sunflower field macro bee swarm simulator,0.2857,6,1,50.0,youtube_suggest,2026-09-12 22:50:36.272430
7997,108,150,sunflower times sunflower,0.25,3,1,41.5,youtube_suggest,2026-09-12 22:50:36.275942
7998,108,150,sunflower fields mother 3,0.2,4,1,40.0,youtube_suggest,2026-09-12 22:50:36.276164
7999,108,150,sunflower farm creamery goats in pajamas,0.1429,6,1,40.0,youtube_suggest,2026-09-12 22:50:36.276403
8000,108,150,sunflower synth reprise,0.2,3,1,38.0,youtube_suggest,2026-09-12 22:50:36.276895
8001,108,150,sunflower farm araku,0.2,3,1,38.0,youtube_suggest,2026-09-12 22:50:36.277098
8002,108,150,sunflower farm australia,0.2,3,1,38.0,youtube_suggest,2026-09-12 22:50:36.277289
8003,108,150,sunflower farm baguio,0.2,3,1,38.0,youtube_suggest,2026-09-12 22:50:36.277487
8004,108,150,sunflower farm boisar,0.2,3,1,38.0,youtube_suggest,2026-09-12 22:50:36.277669
8005,108,150,sunflower farm creamery,0.2,3,1,38.0,youtube_suggest,2026-09-12 22:50:36.278888
8006,108,150,sunflower farm creamery baby goats,0.1429,5,1,38.0,youtube_suggest,2026-09-12 22:50:36.279158
8007,108,150,sunflower farm design hypixel skyblock,0.1429,5,1,38.0,youtube_suggest,2026-09-12 22:50:36.279356
8008,108,150,sunflower farm drawing,0.2,3,1,38.0,youtube_suggest,2026-09-12 22:50:36.280783
8009,108,150,sunflower farm goats,0.2,3,1,38.0,youtube_suggest,2026-09-12 22:50:36.280977
8010,108,150,sunflower farm garden tower defense,0.1429,5,1,38.0,youtube_suggest,2026-09-12 22:50:36.281225
8011,109,151,sunflower field video,0.4,3,1,52.0,youtube_suggest,2026-09-12 22:53:13.876428
8012,109,151,sunflower field background video,0.3333,4,1,49.33,youtube_suggest,2026-09-12 22:53:13.876832
8013,109,151,sunflower field cinematic video,0.3333,4,1,49.33,youtube_suggest,2026-09-12 22:53:13.877059
8014,109,151,sunflower field in west bengal,0.2857,5,1,48.0,youtube_suggest,2026-09-12 22:53:13.877272
8015,109,151,sunflower field for dove hunting,0.2857,5,1,48.0,youtube_suggest,2026-09-12 22:53:13.877525
8016,109,151,sunflower field following the sun,0.2857,5,1,48.0,youtube_suggest,2026-09-12 22:53:13.877758
8017,109,151,planting sunflower field for doves,0.2857,5,1,48.0,youtube_suggest,2026-09-12 22:53:13.877981
8018,109,151,sunflower field part 2 greys,0.2857,5,1,48.0,youtube_suggest,2026-09-12 22:53:13.878182
8019,109,151,sunflower field painting,0.3333,3,1,47.33,youtube_suggest,2026-09-12 22:53:13.878392
8020,109,151,sunflower field ambience,0.3333,3,1,47.33,youtube_suggest,2026-09-12 22:53:13.878592
8021,109,151,sunflower field song,0.3333,3,1,47.33,youtube_suggest,2026-09-12 22:53:13.878793
8022,109,151,sunflower field acrylic,0.3333,3,1,47.33,youtube_suggest,2026-09-12 22:53:13.878994
8023,109,151,sunflower field aesthetic,0.3333,3,1,47.33,youtube_suggest,2026-09-12 22:53:13.879190
8024,109,151,sunflower field animation,0.3333,3,1,47.33,youtube_suggest,2026-09-12 22:53:13.879400
8025,109,151,sunflower field background,0.3333,3,1,47.33,youtube_suggest,2026-09-12 22:53:13.879597
8026,109,151,sunflower field bss,0.3333,3,1,47.33,youtube_suggest,2026-09-12 22:53:13.879807
8027,109,151,sunflower field bangalore,0.3333,3,1,47.33,youtube_suggest,2026-09-12 22:53:13.880001
8028,109,151,burning sunflower field,0.3333,3,1,47.33,youtube_suggest,2026-09-12 22:53:13.880189
8029,109,151,sunflower field cultivator,0.3333,3,1,47.33,youtube_suggest,2026-09-12 22:53:13.880419
8030,109,151,sunflower field drone,0.3333,3,1,47.33,youtube_suggest,2026-09-12 22:53:13.884814
8031,109,151,sunflower field drawing,0.3333,3,1,47.33,youtube_suggest,2026-09-12 22:53:13.885108
8032,109,151,sunflower dove field,0.3333,3,1,47.33,youtube_suggest,2026-09-12 22:53:13.885419
8033,109,151,sunflower field music,0.3333,3,1,47.33,youtube_suggest,2026-09-12 22:53:13.885626
8034,109,151,sunflower field france,0.3333,3,1,47.33,youtube_suggest,2026-09-12 22:53:13.885824
8035,109,151,sunflower field greys,0.3333,3,1,47.33,youtube_suggest,2026-09-12 22:53:13.886023
8036,109,151,sunflower field gundlupet,0.3333,3,1,47.33,youtube_suggest,2026-09-12 22:53:13.886217
8037,109,151,sunflower field painting acrylic,0.2857,4,1,46.0,youtube_suggest,2026-09-12 22:53:13.886423
8038,109,151,sunflower field time lapse,0.2857,4,1,46.0,youtube_suggest,2026-09-12 22:53:13.886606
8039,109,151,sunflower field painting tutorial,0.2857,4,1,46.0,youtube_suggest,2026-09-12 22:53:13.886788
8040,109,151,sunflower field watercolor tutorial,0.2857,4,1,46.0,youtube_suggest,2026-09-12 22:53:13.886968
8041,109,151,sunflower field acrylic painting,0.2857,4,1,46.0,youtube_suggest,2026-09-12 22:53:13.887161
8042,109,151,sunflower field canvas painting,0.2857,4,1,46.0,youtube_suggest,2026-09-12 22:53:13.887353
8043,109,151,sunflower field near chennai,0.2857,4,1,46.0,youtube_suggest,2026-09-12 22:53:13.887536
8044,109,151,sunflower field near coimbatore,0.2857,4,1,46.0,youtube_suggest,2026-09-12 22:53:13.887713
8045,109,151,sunflower field dove hunt,0.2857,4,1,46.0,youtube_suggest,2026-09-12 22:53:13.887891
8046,109,151,planting sunflower dove field,0.2857,4,1,46.0,youtube_suggest,2026-09-12 22:53:13.888072
8047,109,151,easy sunflower field painting,0.2857,4,1,46.0,youtube_suggest,2026-09-12 22:53:13.888249
8048,109,151,sunflower field stock footage,0.2857,4,1,46.0,youtube_suggest,2026-09-12 22:53:13.888441
8049,109,151,sunflower field gemini prompt,0.2857,4,1,46.0,youtube_suggest,2026-09-12 22:53:13.892572
8050,109,151,sunflower field green screen,0.2857,4,1,46.0,youtube_suggest,2026-09-12 22:53:13.892826
8051,109,151,storm cat 63cc generator,0.2857,4,1,46.0,youtube_suggest,2026-09-12 22:53:13.893026
8052,109,151,storm responder 8250 generator,0.2857,4,1,46.0,youtube_suggest,2026-09-12 22:53:13.893211
8053,109,151,sunflower field macro bee swarm simulator,0.2222,6,1,45.56,youtube_suggest,2026-09-12 22:53:13.893412
8054,109,151,storm cat portable generator 800 watts,0.2222,6,1,45.56,youtube_suggest,2026-09-12 22:53:13.893599
8055,109,151,briggs and stratton 6250 storm responder generator,0.2222,7,1,45.56,youtube_suggest,2026-09-12 22:53:13.893787
8056,109,151,sunflower field acrylic painting tutorial,0.25,5,1,45.5,youtube_suggest,2026-09-12 22:53:13.893981
8057,109,151,sunflower field acrylic painting easy,0.25,5,1,45.5,youtube_suggest,2026-09-12 22:53:13.894161
8058,109,151,sunflower field bee swarm simulator,0.25,5,1,45.5,youtube_suggest,2026-09-12 22:53:13.894350
8059,109,151,sunflower field drawing oil pastel,0.25,5,1,45.5,youtube_suggest,2026-09-12 22:53:13.894525
8060,109,151,storm cat generator won't start,0.25,5,1,45.5,youtube_suggest,2026-09-12 22:53:13.894685
8061,109,151,storm cat portable generator 700 running watts,0.2,7,1,44.0,youtube_suggest,2026-09-12 22:53:13.894869
8062,109,151,sunflower field,0.4,2,0,38.0,youtube_suggest,2026-09-12 22:53:13.895046
8063,109,151,petal storm,0.4,2,0,38.0,youtube_suggest,2026-09-12 22:53:13.895212
8064,109,151,sunflower farm creamery goats in pajamas,0.1111,6,1,37.78,youtube_suggest,2026-09-12 22:53:13.895394
8065,109,151,black max generator not producing power,0.1,6,1,37.0,youtube_suggest,2026-09-12 22:53:13.895594
8066,109,151,black max generator 3600 won't start,0.1,6,1,37.0,youtube_suggest,2026-09-12 22:53:13.895769
8067,109,151,sunflower fields mother 3,0.1429,4,1,36.0,youtube_suggest,2026-09-12 22:53:13.895942
8068,109,151,overfluxing protection in generator,0.1429,4,1,36.0,youtube_suggest,2026-09-12 22:53:13.896109
8069,109,151,generator runs no power,0.1429,4,1,36.0,youtube_suggest,2026-09-12 22:53:13.896325
8070,109,151,generator runs on water,0.1429,4,1,36.0,youtube_suggest,2026-09-12 22:53:13.896513
8071,110,152,sunflower field video,0.4,3,1,52.0,youtube_suggest,2026-09-12 22:55:28.771682
8072,110,152,the million dollar arm,0.3333,4,1,49.33,youtube_suggest,2026-09-12 22:55:28.772132
8073,110,152,sunflower field background video,0.3333,4,1,49.33,youtube_suggest,2026-09-12 22:55:28.772348
8074,110,152,sunflower field cinematic video,0.3333,4,1,49.33,youtube_suggest,2026-09-12 22:55:28.776639
8075,110,152,the million dollar arm movie,0.2857,5,1,48.0,youtube_suggest,2026-09-12 22:55:28.777012
8076,110,152,sunflower field in west bengal,0.2857,5,1,48.0,youtube_suggest,2026-09-12 22:55:28.777219
8077,110,152,sunflower field for dove hunting,0.2857,5,1,48.0,youtube_suggest,2026-09-12 22:55:28.777416
8078,110,152,sunflower field following the sun,0.2857,5,1,48.0,youtube_suggest,2026-09-12 22:55:28.777756
8079,110,152,planting sunflower field for doves,0.2857,5,1,48.0,youtube_suggest,2026-09-12 22:55:28.777961
8080,110,152,sunflower field part 2 greys,0.2857,5,1,48.0,youtube_suggest,2026-09-12 22:55:28.778160
8081,110,152,sunflower field painting,0.3333,3,1,47.33,youtube_suggest,2026-09-12 22:55:28.778354
8082,110,152,sunflower field ambience,0.3333,3,1,47.33,youtube_suggest,2026-09-12 22:55:28.778548
8083,110,152,sunflower field song,0.3333,3,1,47.33,youtube_suggest,2026-09-12 22:55:28.778730
8084,110,152,sunflower field acrylic,0.3333,3,1,47.33,youtube_suggest,2026-09-12 22:55:28.778919
8085,110,152,sunflower field aesthetic,0.3333,3,1,47.33,youtube_suggest,2026-09-12 22:55:28.779254
8086,110,152,sunflower field animation,0.3333,3,1,47.33,youtube_suggest,2026-09-12 22:55:28.779441
8087,110,152,sunflower field background,0.3333,3,1,47.33,youtube_suggest,2026-09-12 22:55:28.779626
8088,110,152,sunflower field bss,0.3333,3,1,47.33,youtube_suggest,2026-09-12 22:55:28.779808
8089,110,152,sunflower field bangalore,0.3333,3,1,47.33,youtube_suggest,2026-09-12 22:55:28.780000
8090,110,152,burning sunflower field,0.3333,3,1,47.33,youtube_suggest,2026-09-12 22:55:28.780175
8091,110,152,sunflower field cultivator,0.3333,3,1,47.33,youtube_suggest,2026-09-12 22:55:28.780410
8092,110,152,sunflower field drone,0.3333,3,1,47.33,youtube_suggest,2026-09-12 22:55:28.788526
8093,110,152,sunflower field drawing,0.3333,3,1,47.33,youtube_suggest,2026-09-12 22:55:28.788994
8094,110,152,sunflower dove field,0.3333,3,1,47.33,youtube_suggest,2026-09-12 22:55:28.789239
8095,110,152,sunflower field music,0.3333,3,1,47.33,youtube_suggest,2026-09-12 22:55:28.789488
8096,110,152,sunflower field france,0.3333,3,1,47.33,youtube_suggest,2026-09-12 22:55:28.789759
8097,110,152,sunflower field greys,0.3333,3,1,47.33,youtube_suggest,2026-09-12 22:55:28.790256
8098,110,152,sunflower field gundlupet,0.3333,3,1,47.33,youtube_suggest,2026-09-12 22:55:28.790504
8099,110,152,sunflower field painting acrylic,0.2857,4,1,46.0,youtube_suggest,2026-09-12 22:55:28.790730
8100,110,152,sunflower field time lapse,0.2857,4,1,46.0,youtube_suggest,2026-09-12 22:55:28.791146
8101,110,152,sunflower field painting tutorial,0.2857,4,1,46.0,youtube_suggest,2026-09-12 22:55:28.791365
8102,110,152,sunflower field watercolor tutorial,0.2857,4,1,46.0,youtube_suggest,2026-09-12 22:55:28.791560
8103,110,152,sunflower field acrylic painting,0.2857,4,1,46.0,youtube_suggest,2026-09-12 22:55:28.791888
8104,110,152,sunflower field canvas painting,0.2857,4,1,46.0,youtube_suggest,2026-09-12 22:55:28.792083
8105,110,152,sunflower field near chennai,0.2857,4,1,46.0,youtube_suggest,2026-09-12 22:55:28.796701
8106,110,152,sunflower field near coimbatore,0.2857,4,1,46.0,youtube_suggest,2026-09-12 22:55:28.796997
8107,110,152,sunflower field dove hunt,0.2857,4,1,46.0,youtube_suggest,2026-09-12 22:55:28.797158
8108,110,152,planting sunflower dove field,0.2857,4,1,46.0,youtube_suggest,2026-09-12 22:55:28.797309
8109,110,152,easy sunflower field painting,0.2857,4,1,46.0,youtube_suggest,2026-09-12 22:55:28.797614
8110,110,152,sunflower field stock footage,0.2857,4,1,46.0,youtube_suggest,2026-09-12 22:55:28.797763
8111,110,152,sunflower field gemini prompt,0.2857,4,1,46.0,youtube_suggest,2026-09-12 22:55:28.797953
8112,110,152,sunflower field green screen,0.2857,4,1,46.0,youtube_suggest,2026-09-12 22:55:28.798116
8113,110,152,sunflower field macro bee swarm simulator,0.2222,6,1,45.56,youtube_suggest,2026-09-12 22:55:28.800378
8114,110,152,sunflower field acrylic painting tutorial,0.25,5,1,45.5,youtube_suggest,2026-09-12 22:55:28.800648
8115,110,152,sunflower field acrylic painting easy,0.25,5,1,45.5,youtube_suggest,2026-09-12 22:55:28.800822
8116,110,152,sunflower field bee swarm simulator,0.25,5,1,45.5,youtube_suggest,2026-09-12 22:55:28.800978
8117,110,152,sunflower field drawing oil pastel,0.25,5,1,45.5,youtube_suggest,2026-09-12 22:55:28.801127
8118,110,152,sunflower field,0.4,2,0,38.0,youtube_suggest,2026-09-12 22:55:28.801273
8119,110,152,sunflower farm creamery goats in pajamas,0.1111,6,1,37.78,youtube_suggest,2026-09-12 22:55:28.801428
8120,110,152,the million man march,0.1429,4,1,36.0,youtube_suggest,2026-09-12 22:55:28.801728
8121,110,152,the million dollar plumber,0.1429,4,1,36.0,youtube_suggest,2026-09-12 22:55:28.801888
8122,110,152,the million dollar note,0.1429,4,1,36.0,youtube_suggest,2026-09-12 22:55:28.802034
8123,110,152,the million roses unboxing,0.1429,4,1,36.0,youtube_suggest,2026-09-12 22:55:28.804619
8124,110,152,the million roses superdome,0.1429,4,1,36.0,youtube_suggest,2026-09-12 22:55:28.804907
8125,110,152,sunflower fields mother 3,0.1429,4,1,36.0,youtube_suggest,2026-09-12 22:55:28.805071
8126,110,152,sunflower farm creamery baby goats,0.1111,5,1,35.78,youtube_suggest,2026-09-12 22:55:28.805233
8127,110,152,sunflower farm design hypixel skyblock,0.1111,5,1,35.78,youtube_suggest,2026-09-12 22:55:28.805385
8128,110,152,sunflower farm garden tower defense,0.1111,5,1,35.78,youtube_suggest,2026-09-12 22:55:28.805529
8129,110,152,the million man,0.1667,3,1,35.67,youtube_suggest,2026-09-12 22:55:28.805674
8130,110,152,sunflower farm arayat pampanga,0.125,4,1,34.75,youtube_suggest,2026-09-12 22:55:28.805986
8131,111,153,sunflower field video,0.4,3,1,52.0,youtube_suggest,2026-09-12 22:58:26.121082
8132,111,153,sunflower field background video,0.3333,4,1,49.33,youtube_suggest,2026-09-12 22:58:26.121402
8133,111,153,sunflower field cinematic video,0.3333,4,1,49.33,youtube_suggest,2026-09-12 22:58:26.121634
8134,111,153,sunflower field in west bengal,0.2857,5,1,48.0,youtube_suggest,2026-09-12 22:58:26.121867
8135,111,153,sunflower field for dove hunting,0.2857,5,1,48.0,youtube_suggest,2026-09-12 22:58:26.122039
8136,111,153,sunflower field following the sun,0.2857,5,1,48.0,youtube_suggest,2026-09-12 22:58:26.122240
8137,111,153,planting sunflower field for doves,0.2857,5,1,48.0,youtube_suggest,2026-09-12 22:58:26.122433
8138,111,153,sunflower field part 2 greys,0.2857,5,1,48.0,youtube_suggest,2026-09-12 22:58:26.122600
8139,111,153,sunflower field painting,0.3333,3,1,47.33,youtube_suggest,2026-09-12 22:58:26.122803
8140,111,153,sunflower field ambience,0.3333,3,1,47.33,youtube_suggest,2026-09-12 22:58:26.123007
8141,111,153,sunflower field song,0.3333,3,1,47.33,youtube_suggest,2026-09-12 22:58:26.123165
8142,111,153,sunflower field acrylic,0.3333,3,1,47.33,youtube_suggest,2026-09-12 22:58:26.123391
8143,111,153,sunflower field aesthetic,0.3333,3,1,47.33,youtube_suggest,2026-09-12 22:58:26.123653
8144,111,153,sunflower field animation,0.3333,3,1,47.33,youtube_suggest,2026-09-12 22:58:26.123822
8145,111,153,sunflower field background,0.3333,3,1,47.33,youtube_suggest,2026-09-12 22:58:26.131185
8146,111,153,sunflower field bss,0.3333,3,1,47.33,youtube_suggest,2026-09-12 22:58:26.131448
8147,111,153,sunflower field bangalore,0.3333,3,1,47.33,youtube_suggest,2026-09-12 22:58:26.131628
8148,111,153,burning sunflower field,0.3333,3,1,47.33,youtube_suggest,2026-09-12 22:58:26.131797
8149,111,153,sunflower field cultivator,0.3333,3,1,47.33,youtube_suggest,2026-09-12 22:58:26.131966
8150,111,153,sunflower field drone,0.3333,3,1,47.33,youtube_suggest,2026-09-12 22:58:26.132149
8151,111,153,sunflower field drawing,0.3333,3,1,47.33,youtube_suggest,2026-09-12 22:58:26.132311
8152,111,153,sunflower dove field,0.3333,3,1,47.33,youtube_suggest,2026-09-12 22:58:26.132473
8153,111,153,sunflower field music,0.3333,3,1,47.33,youtube_suggest,2026-09-12 22:58:26.136970
8154,111,153,sunflower field france,0.3333,3,1,47.33,youtube_suggest,2026-09-12 22:58:26.137236
8155,111,153,sunflower field greys,0.3333,3,1,47.33,youtube_suggest,2026-09-12 22:58:26.137452
8156,111,153,sunflower field gundlupet,0.3333,3,1,47.33,youtube_suggest,2026-09-12 22:58:26.137617
8157,111,153,sunflower field painting acrylic,0.2857,4,1,46.0,youtube_suggest,2026-09-12 22:58:26.137793
8158,111,153,sunflower field time lapse,0.2857,4,1,46.0,youtube_suggest,2026-09-12 22:58:26.138020
8159,111,153,sunflower field painting tutorial,0.2857,4,1,46.0,youtube_suggest,2026-09-12 22:58:26.138225
8160,111,153,sunflower field watercolor tutorial,0.2857,4,1,46.0,youtube_suggest,2026-09-12 22:58:26.138416
8161,111,153,sunflower field acrylic painting,0.2857,4,1,46.0,youtube_suggest,2026-09-12 22:58:26.138577
8162,111,153,sunflower field canvas painting,0.2857,4,1,46.0,youtube_suggest,2026-09-12 22:58:26.138778
8163,111,153,sunflower field near chennai,0.2857,4,1,46.0,youtube_suggest,2026-09-12 22:58:26.138999
8164,111,153,sunflower field near coimbatore,0.2857,4,1,46.0,youtube_suggest,2026-09-12 22:58:26.139199
8165,111,153,sunflower field dove hunt,0.2857,4,1,46.0,youtube_suggest,2026-09-12 22:58:26.139369
8166,111,153,planting sunflower dove field,0.2857,4,1,46.0,youtube_suggest,2026-09-12 22:58:26.139520
8167,111,153,easy sunflower field painting,0.2857,4,1,46.0,youtube_suggest,2026-09-12 22:58:26.139716
8168,111,153,sunflower field stock footage,0.2857,4,1,46.0,youtube_suggest,2026-09-12 22:58:26.139981
8169,111,153,sunflower field gemini prompt,0.2857,4,1,46.0,youtube_suggest,2026-09-12 22:58:26.140187
8170,111,153,sunflower field green screen,0.2857,4,1,46.0,youtube_suggest,2026-09-12 22:58:26.140350
8171,111,153,sunflower field macro bee swarm simulator,0.2222,6,1,45.56,youtube_suggest,2026-09-12 22:58:26.144597
8172,111,153,sunflower field acrylic painting tutorial,0.25,5,1,45.5,youtube_suggest,2026-09-12 22:58:26.145000
8173,111,153,sunflower field acrylic painting easy,0.25,5,1,45.5,youtube_suggest,2026-09-12 22:58:26.145180
8174,111,153,sunflower field bee swarm simulator,0.25,5,1,45.5,youtube_suggest,2026-09-12 22:58:26.145341
8175,111,153,sunflower field drawing oil pastel,0.25,5,1,45.5,youtube_suggest,2026-09-12 22:58:26.145532
8176,111,153,sunflower field,0.4,2,0,38.0,youtube_suggest,2026-09-12 22:58:26.145687
8177,111,153,sunflower farm creamery goats in pajamas,0.1111,6,1,37.78,youtube_suggest,2026-09-12 22:58:26.145838
8178,111,153,sunflower fields mother 3,0.1429,4,1,36.0,youtube_suggest,2026-09-12 22:58:26.145998
8179,111,153,sunflower farm creamery baby goats,0.1111,5,1,35.78,youtube_suggest,2026-09-12 22:58:26.146148
8180,111,153,sunflower farm design hypixel skyblock,0.1111,5,1,35.78,youtube_suggest,2026-09-12 22:58:26.146298
8181,111,153,sunflower farm garden tower defense,0.1111,5,1,35.78,youtube_suggest,2026-09-12 22:58:26.146458
8182,111,153,sunflower farm arayat pampanga,0.125,4,1,34.75,youtube_suggest,2026-09-12 22:58:26.146604
8183,111,153,sunflower farm design hypixel,0.125,4,1,34.75,youtube_suggest,2026-09-12 22:58:26.146748
8184,111,153,sunflower farm design skyblock,0.125,4,1,34.75,youtube_suggest,2026-09-12 22:58:26.146903
8185,111,153,sunflower farm garden tower,0.125,4,1,34.75,youtube_suggest,2026-09-12 22:58:26.147048
8186,111,153,colossus orbs spyro,0.1429,3,1,34.0,youtube_suggest,2026-09-12 22:58:26.147194
8187,111,153,sunflower farm araku,0.1429,3,1,34.0,youtube_suggest,2026-09-12 22:58:26.147340
8188,111,153,sunflower farm australia,0.1429,3,1,34.0,youtube_suggest,2026-09-12 22:58:26.147492
8189,111,153,sunflower farm baguio,0.1429,3,1,34.0,youtube_suggest,2026-09-12 22:58:26.147638
8190,111,153,sunflower farm boisar,0.1429,3,1,34.0,youtube_suggest,2026-09-12 22:58:26.147790
8191,112,154,sunflower field video,0.4,3,1,52.0,youtube_suggest,2026-09-12 23:01:12.151760
8192,112,154,sunflower field background video,0.3333,4,1,49.33,youtube_suggest,2026-09-12 23:01:12.153740
8193,112,154,sunflower field cinematic video,0.3333,4,1,49.33,youtube_suggest,2026-09-12 23:01:12.154796
8194,112,154,sunflower field in west bengal,0.2857,5,1,48.0,youtube_suggest,2026-09-12 23:01:12.156018
8195,112,154,sunflower field for dove hunting,0.2857,5,1,48.0,youtube_suggest,2026-09-12 23:01:12.156255
8196,112,154,sunflower field following the sun,0.2857,5,1,48.0,youtube_suggest,2026-09-12 23:01:12.156460
8197,112,154,planting sunflower field for doves,0.2857,5,1,48.0,youtube_suggest,2026-09-12 23:01:12.157364
8198,112,154,sunflower field part 2 greys,0.2857,5,1,48.0,youtube_suggest,2026-09-12 23:01:12.157571
8199,112,154,solar powered clock,0.3333,3,1,47.33,youtube_suggest,2026-09-12 23:01:12.157782
8200,112,154,sunflower field painting,0.3333,3,1,47.33,youtube_suggest,2026-09-12 23:01:12.157980
8201,112,154,sunflower field ambience,0.3333,3,1,47.33,youtube_suggest,2026-09-12 23:01:12.158157
8202,112,154,sunflower field song,0.3333,3,1,47.33,youtube_suggest,2026-09-12 23:01:12.158341
8203,112,154,sunflower field acrylic,0.3333,3,1,47.33,youtube_suggest,2026-09-12 23:01:12.158520
8204,112,154,sunflower field aesthetic,0.3333,3,1,47.33,youtube_suggest,2026-09-12 23:01:12.158702
8205,112,154,sunflower field animation,0.3333,3,1,47.33,youtube_suggest,2026-09-12 23:01:12.161708
8206,112,154,sunflower field background,0.3333,3,1,47.33,youtube_suggest,2026-09-12 23:01:12.162090
8207,112,154,sunflower field bss,0.3333,3,1,47.33,youtube_suggest,2026-09-12 23:01:12.162325
8208,112,154,sunflower field bangalore,0.3333,3,1,47.33,youtube_suggest,2026-09-12 23:01:12.162515
8209,112,154,burning sunflower field,0.3333,3,1,47.33,youtube_suggest,2026-09-12 23:01:12.162704
8210,112,154,sunflower field cultivator,0.3333,3,1,47.33,youtube_suggest,2026-09-12 23:01:12.162896
8211,112,154,sunflower field drone,0.3333,3,1,47.33,youtube_suggest,2026-09-12 23:01:12.163079
8212,112,154,sunflower field drawing,0.3333,3,1,47.33,youtube_suggest,2026-09-12 23:01:12.163259
8213,112,154,sunflower dove field,0.3333,3,1,47.33,youtube_suggest,2026-09-12 23:01:12.163444
8214,112,154,sunflower field music,0.3333,3,1,47.33,youtube_suggest,2026-09-12 23:01:12.163619
8215,112,154,sunflower field france,0.3333,3,1,47.33,youtube_suggest,2026-09-12 23:01:12.163805
8216,112,154,sunflower field greys,0.3333,3,1,47.33,youtube_suggest,2026-09-12 23:01:12.163992
8217,112,154,sunflower field gundlupet,0.3333,3,1,47.33,youtube_suggest,2026-09-12 23:01:12.164159
8218,112,154,clean reserve solar bloom,0.2857,4,1,46.0,youtube_suggest,2026-09-12 23:01:12.164338
8219,112,154,solar powered wall clock,0.2857,4,1,46.0,youtube_suggest,2026-09-12 23:01:12.164518
8220,112,154,sunflower field painting acrylic,0.2857,4,1,46.0,youtube_suggest,2026-09-12 23:01:12.168067
8221,112,154,sunflower field time lapse,0.2857,4,1,46.0,youtube_suggest,2026-09-12 23:01:12.168292
8222,112,154,sunflower field painting tutorial,0.2857,4,1,46.0,youtube_suggest,2026-09-12 23:01:12.168486
8223,112,154,sunflower field watercolor tutorial,0.2857,4,1,46.0,youtube_suggest,2026-09-12 23:01:12.170101
8224,112,154,sunflower field acrylic painting,0.2857,4,1,46.0,youtube_suggest,2026-09-12 23:01:12.170301
8225,112,154,sunflower field canvas painting,0.2857,4,1,46.0,youtube_suggest,2026-09-12 23:01:12.170478
8226,112,154,sunflower field near chennai,0.2857,4,1,46.0,youtube_suggest,2026-09-12 23:01:12.170671
8227,112,154,sunflower field near coimbatore,0.2857,4,1,46.0,youtube_suggest,2026-09-12 23:01:12.170855
8228,112,154,sunflower field dove hunt,0.2857,4,1,46.0,youtube_suggest,2026-09-12 23:01:12.171085
8229,112,154,planting sunflower dove field,0.2857,4,1,46.0,youtube_suggest,2026-09-12 23:01:12.171270
8230,112,154,easy sunflower field painting,0.2857,4,1,46.0,youtube_suggest,2026-09-12 23:01:12.171453
8231,112,154,sunflower field stock footage,0.2857,4,1,46.0,youtube_suggest,2026-09-12 23:01:12.171639
8232,112,154,sunflower field gemini prompt,0.2857,4,1,46.0,youtube_suggest,2026-09-12 23:01:12.171826
8233,112,154,sunflower field green screen,0.2857,4,1,46.0,youtube_suggest,2026-09-12 23:01:12.172026
8234,112,154,sunflower field macro bee swarm simulator,0.2222,6,1,45.56,youtube_suggest,2026-09-12 23:01:12.172216
8235,112,154,sunflower field acrylic painting tutorial,0.25,5,1,45.5,youtube_suggest,2026-09-12 23:01:12.172397
8236,112,154,sunflower field acrylic painting easy,0.25,5,1,45.5,youtube_suggest,2026-09-12 23:01:12.175764
8237,112,154,sunflower field bee swarm simulator,0.25,5,1,45.5,youtube_suggest,2026-09-12 23:01:12.176060
8238,112,154,sunflower field drawing oil pastel,0.25,5,1,45.5,youtube_suggest,2026-09-12 23:01:12.176258
8239,112,154,solar bloom,0.4,2,0,38.0,youtube_suggest,2026-09-12 23:01:12.176448
8240,112,154,solar clock,0.4,2,0,38.0,youtube_suggest,2026-09-12 23:01:12.176672
8241,112,154,sunflower field,0.4,2,0,38.0,youtube_suggest,2026-09-12 23:01:12.176863
8242,112,154,sunflower farm creamery goats in pajamas,0.1111,6,1,37.78,youtube_suggest,2026-09-12 23:01:12.177058
8243,112,154,sunflower fields mother 3,0.1429,4,1,36.0,youtube_suggest,2026-09-12 23:01:12.177253
8244,112,154,sunflower farm creamery baby goats,0.1111,5,1,35.78,youtube_suggest,2026-09-12 23:01:12.177432
8245,112,154,sunflower farm design hypixel skyblock,0.1111,5,1,35.78,youtube_suggest,2026-09-12 23:01:12.177609
8246,112,154,sunflower farm garden tower defense,0.1111,5,1,35.78,youtube_suggest,2026-09-12 23:01:12.177788
8247,112,154,solar crystal ball lights,0.125,4,1,34.75,youtube_suggest,2026-09-12 23:01:12.177982
8248,112,154,solar jam inner wave,0.125,4,1,34.75,youtube_suggest,2026-09-12 23:01:12.178160
8249,112,154,solar waltz cosmo sheldrake,0.125,4,1,34.75,youtube_suggest,2026-09-12 23:01:12.178334
8250,112,154,sunflower farm arayat pampanga,0.125,4,1,34.75,youtube_suggest,2026-09-12 23:01:12.178510
8251,113,155,what is the grassland,0.3333,4,1,49.33,youtube_suggest,2026-09-12 23:03:30.216124
8252,113,155,the grassland biome,0.25,3,1,41.5,youtube_suggest,2026-09-12 23:03:30.216601
8253,113,155,the grassland ecosystem,0.25,3,1,41.5,youtube_suggest,2026-09-12 23:03:30.216877
8254,113,155,the temperate grassland,0.25,3,1,41.5,youtube_suggest,2026-09-12 23:03:30.217385
8255,113,155,grassland background video,0.25,3,1,41.5,youtube_suggest,2026-09-12 23:03:30.217708
8256,113,155,tide line blue op,0.2,4,1,40.0,youtube_suggest,2026-09-12 23:03:30.217939
8257,113,155,grassland animals for kindergarten,0.2,4,1,40.0,youtube_suggest,2026-09-12 23:03:30.218146
8258,113,155,grassland all the way,0.2,4,1,40.0,youtube_suggest,2026-09-12 23:03:30.218350
8259,113,155,greengrass high tide 28 min,0.1667,5,1,39.67,youtube_suggest,2026-09-12 23:03:30.218554
8260,113,155,grassland chant lion king jr,0.1667,5,1,39.67,youtube_suggest,2026-09-12 23:03:30.218779
8261,113,155,tide mountain spring,0.2,3,1,38.0,youtube_suggest,2026-09-12 23:03:30.218980
8262,113,155,grassland ambience dnd,0.2,3,1,38.0,youtube_suggest,2026-09-12 23:03:30.219178
8263,113,155,grassland animal adaptations,0.2,3,1,38.0,youtube_suggest,2026-09-12 23:03:30.219389
8264,113,155,grassland animals drawing,0.2,3,1,38.0,youtube_suggest,2026-09-12 23:03:30.219632
8265,113,155,grassland banana republic,0.2,3,1,38.0,youtube_suggest,2026-09-12 23:03:30.219855
8266,113,155,grassland chest locations dragon adventures,0.1429,5,1,38.0,youtube_suggest,2026-09-12 23:03:30.220059
8267,113,155,grassland chinese drama,0.2,3,1,38.0,youtube_suggest,2026-09-12 23:03:30.220260
8268,113,155,grassland chant broadway,0.2,3,1,38.0,youtube_suggest,2026-09-12 23:03:30.220460
8269,113,155,grassland care fs25,0.2,3,1,38.0,youtube_suggest,2026-09-12 23:03:30.224995
8270,113,155,grassland dance academy,0.2,3,1,38.0,youtube_suggest,2026-09-12 23:03:30.225251
8271,113,155,grassland dragon adventures,0.2,3,1,38.0,youtube_suggest,2026-09-12 23:03:30.225470
8272,113,155,grassland diorama shoebox,0.2,3,1,38.0,youtube_suggest,2026-09-12 23:03:30.225703
8273,113,155,grassland drawing easy,0.2,3,1,38.0,youtube_suggest,2026-09-12 23:03:30.225926
8274,113,155,grassland ecosystem project,0.2,3,1,38.0,youtube_suggest,2026-09-12 23:03:30.226133
8275,113,155,grassland ecosystem model,0.2,3,1,38.0,youtube_suggest,2026-09-12 23:03:30.226336
8276,113,155,grassland ecosystem drawing,0.2,3,1,38.0,youtube_suggest,2026-09-12 23:03:30.232366
8277,113,155,grassland easy drawing,0.2,3,1,38.0,youtube_suggest,2026-09-12 23:03:30.233529
8278,113,155,grassland ecosystem diagram,0.2,3,1,38.0,youtube_suggest,2026-09-12 23:03:30.234142
8279,113,155,grassland food chain,0.2,3,1,38.0,youtube_suggest,2026-09-12 23:03:30.236973
8280,113,155,grassland ff7 rebirth,0.2,3,1,38.0,youtube_suggest,2026-09-12 23:03:30.237275
8281,113,155,grassland food web,0.2,3,1,38.0,youtube_suggest,2026-09-12 23:03:30.237514
8282,113,155,grassland full movie,0.2,3,1,38.0,youtube_suggest,2026-09-12 23:03:30.237743
8283,113,155,grassland fencing machine,0.2,3,1,38.0,youtube_suggest,2026-09-12 23:03:30.237954
8284,113,155,grassland jali machine,0.2,3,1,38.0,youtube_suggest,2026-09-12 23:03:30.238161
8285,113,155,tide line blue ost,0.1667,4,1,37.67,youtube_suggest,2026-09-12 23:03:30.238366
8286,113,155,grassland biome national geographic,0.1667,4,1,37.67,youtube_suggest,2026-09-12 23:03:30.238569
8287,113,155,grassland boss dragon adventures,0.1667,4,1,37.67,youtube_suggest,2026-09-12 23:03:30.238785
8288,113,155,grassland chant lion king,0.1667,4,1,37.67,youtube_suggest,2026-09-12 23:03:30.238988
8289,113,155,grassland chests dragon adventures,0.1667,4,1,37.67,youtube_suggest,2026-09-12 23:03:30.239185
8290,113,155,grassland ecosystem national geographic,0.1667,4,1,37.67,youtube_suggest,2026-09-12 23:03:30.239385
8291,113,155,grassland footprints crown tundra,0.1667,4,1,37.67,youtube_suggest,2026-09-12 23:03:30.239581
8292,113,155,the grassland,0.3333,2,0,33.33,youtube_suggest,2026-09-12 23:03:30.239798
8293,113,155,grassland grassland,0.3333,2,0,33.33,youtube_suggest,2026-09-12 23:03:30.239991
8294,113,155,grassland 2,0.3333,2,0,33.33,youtube_suggest,2026-09-12 23:03:30.240194
8295,113,155,grassland,0.3333,1,0,31.33,youtube_suggest,2026-09-12 23:03:30.240398
8296,113,155,tides of the great turtle war,0.0,6,1,30.0,youtube_suggest,2026-09-12 23:03:30.244180
8297,113,155,the lone bellow dried up river,0.0,6,1,30.0,youtube_suggest,2026-09-12 23:03:30.245379
8298,113,155,the swallow leaves her nest holst,0.0,6,1,30.0,youtube_suggest,2026-09-12 23:03:30.245624
8299,113,155,the water horse main title,0.0,5,1,28.0,youtube_suggest,2026-09-12 23:03:30.245854
8300,113,155,grassland trailer,0.25,2,0,27.5,youtube_suggest,2026-09-12 23:03:30.246066
8301,113,155,grassland biome,0.25,2,0,27.5,youtube_suggest,2026-09-12 23:03:30.246276
8302,113,155,grassland groove,0.25,2,0,27.5,youtube_suggest,2026-09-12 23:03:30.248223
8303,113,155,grassland habitat,0.25,2,0,27.5,youtube_suggest,2026-09-12 23:03:30.248477
8304,113,155,grassland vivarium,0.25,2,0,27.5,youtube_suggest,2026-09-12 23:03:30.249255
8305,113,155,grassland chant,0.25,2,0,27.5,youtube_suggest,2026-09-12 23:03:30.249498
8306,113,155,grassland animals,0.25,2,0,27.5,youtube_suggest,2026-09-12 23:03:30.251921
8307,113,155,grassland ambience,0.25,2,0,27.5,youtube_suggest,2026-09-12 23:03:30.252580
8308,113,155,grassland asmr,0.25,2,0,27.5,youtube_suggest,2026-09-12 23:03:30.253008
8309,113,155,grassland action,0.25,2,0,27.5,youtube_suggest,2026-09-12 23:03:30.253250
8310,113,155,grassland adaptations,0.25,2,0,27.5,youtube_suggest,2026-09-12 23:03:30.253464
8311,114,156,grassland chant lion king jr,0.1429,5,1,38.0,youtube_suggest,2026-09-12 23:06:31.229423
8312,114,156,grassland background video,0.2,3,1,38.0,youtube_suggest,2026-09-12 23:06:31.229714
8313,114,156,grassland animals for kindergarten,0.1667,4,1,37.67,youtube_suggest,2026-09-12 23:06:31.229926
8314,114,156,grassland all the way,0.1667,4,1,37.67,youtube_suggest,2026-09-12 23:06:31.230119
8315,114,156,grassland chest locations dragon adventures,0.125,5,1,36.75,youtube_suggest,2026-09-12 23:06:31.230327
8316,114,156,rain water harvesting new technology,0.125,5,1,36.75,youtube_suggest,2026-09-12 23:06:31.230519
8317,114,156,grassland biome national geographic,0.1429,4,1,36.0,youtube_suggest,2026-09-12 23:06:31.230702
8318,114,156,grassland boss dragon adventures,0.1429,4,1,36.0,youtube_suggest,2026-09-12 23:06:31.230910
8319,114,156,grassland chant lion king,0.1429,4,1,36.0,youtube_suggest,2026-09-12 23:06:31.231104
8320,114,156,grassland chests dragon adventures,0.1429,4,1,36.0,youtube_suggest,2026-09-12 23:06:31.231299
8321,114,156,grassland ecosystem national geographic,0.1429,4,1,36.0,youtube_suggest,2026-09-12 23:06:31.231480
8322,114,156,grassland footprints crown tundra,0.1429,4,1,36.0,youtube_suggest,2026-09-12 23:06:31.231660
8323,114,156,rain water harvesting machine,0.1429,4,1,36.0,youtube_suggest,2026-09-12 23:06:31.231837
8324,114,156,grassland fencing machine,0.1667,3,1,35.67,youtube_suggest,2026-09-12 23:06:31.232021
8325,114,156,grassland jali machine,0.1667,3,1,35.67,youtube_suggest,2026-09-12 23:06:31.241034
8326,114,156,grassland ambience dnd,0.1667,3,1,35.67,youtube_suggest,2026-09-12 23:06:31.241288
8327,114,156,grassland animal adaptations,0.1667,3,1,35.67,youtube_suggest,2026-09-12 23:06:31.241486
8328,114,156,grassland animals drawing,0.1667,3,1,35.67,youtube_suggest,2026-09-12 23:06:31.241669
8329,114,156,grassland banana republic,0.1667,3,1,35.67,youtube_suggest,2026-09-12 23:06:31.241857
8330,114,156,grassland chinese drama,0.1667,3,1,35.67,youtube_suggest,2026-09-12 23:06:31.242041
8331,114,156,grassland chant broadway,0.1667,3,1,35.67,youtube_suggest,2026-09-12 23:06:31.242238
8332,114,156,grassland care fs25,0.1667,3,1,35.67,youtube_suggest,2026-09-12 23:06:31.242423
8333,114,156,grassland dance academy,0.1667,3,1,35.67,youtube_suggest,2026-09-12 23:06:31.245065
8334,114,156,grassland dragon adventures,0.1667,3,1,35.67,youtube_suggest,2026-09-12 23:06:31.245517
8335,114,156,grassland diorama shoebox,0.1667,3,1,35.67,youtube_suggest,2026-09-12 23:06:31.245860
8336,114,156,grassland drawing easy,0.1667,3,1,35.67,youtube_suggest,2026-09-12 23:06:31.246992
8337,114,156,grassland ecosystem project,0.1667,3,1,35.67,youtube_suggest,2026-09-12 23:06:31.248346
8338,114,156,grassland ecosystem model,0.1667,3,1,35.67,youtube_suggest,2026-09-12 23:06:31.250150
8339,114,156,grassland ecosystem drawing,0.1667,3,1,35.67,youtube_suggest,2026-09-12 23:06:31.250415
8340,114,156,grassland easy drawing,0.1667,3,1,35.67,youtube_suggest,2026-09-12 23:06:31.250610
8341,114,156,grassland ecosystem diagram,0.1667,3,1,35.67,youtube_suggest,2026-09-12 23:06:31.250794
8342,114,156,grassland food chain,0.1667,3,1,35.67,youtube_suggest,2026-09-12 23:06:31.251012
8343,114,156,grassland ff7 rebirth,0.1667,3,1,35.67,youtube_suggest,2026-09-12 23:06:31.251217
8344,114,156,grassland food web,0.1667,3,1,35.67,youtube_suggest,2026-09-12 23:06:31.256690
8345,114,156,grassland full movie,0.1667,3,1,35.67,youtube_suggest,2026-09-12 23:06:31.257049
8346,114,156,skyroot aerospace launch,0.1667,3,1,35.67,youtube_suggest,2026-09-12 23:06:31.257392
8347,114,156,skyroot aerospace reaction,0.1667,3,1,35.67,youtube_suggest,2026-09-12 23:06:31.257598
8348,114,156,skyroot engine test,0.1667,3,1,35.67,youtube_suggest,2026-09-12 23:06:31.257875
8349,114,156,rainwater harvesting is compulsory today why,0.0,6,1,30.0,youtube_suggest,2026-09-12 23:06:31.258066
8350,114,156,grassland grassland,0.25,2,0,27.5,youtube_suggest,2026-09-12 23:06:31.258261
8351,114,156,grassland 2,0.25,2,0,27.5,youtube_suggest,2026-09-12 23:06:31.258442
8352,114,156,grasslands all the way,0.0,4,1,26.0,youtube_suggest,2026-09-12 23:06:31.258622
8353,114,156,rainwater harvesting big project,0.0,4,1,26.0,youtube_suggest,2026-09-12 23:06:31.260817
8354,114,156,sringaverapura water harvesting system,0.0,4,1,26.0,youtube_suggest,2026-09-12 23:06:31.261073
8355,114,156,rainwater harvesting in farmland,0.0,4,1,26.0,youtube_suggest,2026-09-12 23:06:31.261280
8356,114,156,rainwater harvesting in city,0.0,4,1,26.0,youtube_suggest,2026-09-12 23:06:31.261466
8357,114,156,rainwater harvesting in well,0.0,4,1,26.0,youtube_suggest,2026-09-12 23:06:31.261649
8358,114,156,rainwater harvesting in farm,0.0,4,1,26.0,youtube_suggest,2026-09-12 23:06:31.261829
8359,114,156,rainwater harvesting recharge pit,0.0,4,1,26.0,youtube_suggest,2026-09-12 23:06:31.269012
8360,114,156,grassland,0.25,1,0,25.5,youtube_suggest,2026-09-12 23:06:31.269332
8361,114,156,grassland machine,0.2,2,0,24.0,youtube_suggest,2026-09-12 23:06:31.269576
8362,114,156,grassland gci,0.2,2,0,24.0,youtube_suggest,2026-09-12 23:06:31.269765
8363,114,156,grassland jam,0.2,2,0,24.0,youtube_suggest,2026-09-12 23:06:31.269956
8364,114,156,grassland making,0.2,2,0,24.0,youtube_suggest,2026-09-12 23:06:31.270145
8365,114,156,grassland project,0.2,2,0,24.0,youtube_suggest,2026-09-12 23:06:31.270342
8366,114,156,grassland farming,0.2,2,0,24.0,youtube_suggest,2026-09-12 23:06:31.270519
8367,114,156,grassland trailer,0.2,2,0,24.0,youtube_suggest,2026-09-12 23:06:31.270699
8368,114,156,grassland biome,0.2,2,0,24.0,youtube_suggest,2026-09-12 23:06:31.270879
8369,114,156,grassland groove,0.2,2,0,24.0,youtube_suggest,2026-09-12 23:06:31.271090
8370,114,156,grassland habitat,0.2,2,0,24.0,youtube_suggest,2026-09-12 23:06:31.271279
8371,115,157,prairie grass blowing in the wind,0.3333,6,1,53.33,youtube_suggest,2026-09-12 23:10:03.465022
8372,115,157,prairie wind sounds,0.4,3,1,52.0,youtube_suggest,2026-09-12 23:10:03.465246
8373,115,157,prairie wind full album,0.3333,4,1,49.33,youtube_suggest,2026-09-12 23:10:03.465420
8374,115,157,prairie wind kevin costley,0.3333,4,1,49.33,youtube_suggest,2026-09-12 23:10:03.465567
8375,115,157,prairie wind neil young,0.3333,4,1,49.33,youtube_suggest,2026-09-12 23:10:03.465952
8376,115,157,prairie wind,0.5,2,0,45.0,youtube_suggest,2026-09-12 23:10:03.466119
8377,115,157,grassland chant lion king jr,0.1429,5,1,38.0,youtube_suggest,2026-09-12 23:10:03.466264
8378,115,157,grassland background video,0.2,3,1,38.0,youtube_suggest,2026-09-12 23:10:03.466443
8379,115,157,grassland animals for kindergarten,0.1667,4,1,37.67,youtube_suggest,2026-09-12 23:10:03.466571
8380,115,157,grassland all the way,0.1667,4,1,37.67,youtube_suggest,2026-09-12 23:10:03.466698
8381,115,157,grassland chest locations dragon adventures,0.125,5,1,36.75,youtube_suggest,2026-09-12 23:10:03.466826
8382,115,157,grassland biome national geographic,0.1429,4,1,36.0,youtube_suggest,2026-09-12 23:10:03.466963
8383,115,157,grassland boss dragon adventures,0.1429,4,1,36.0,youtube_suggest,2026-09-12 23:10:03.467099
8384,115,157,grassland chant lion king,0.1429,4,1,36.0,youtube_suggest,2026-09-12 23:10:03.467232
8385,115,157,grassland chests dragon adventures,0.1429,4,1,36.0,youtube_suggest,2026-09-12 23:10:03.467381
8386,115,157,grassland ecosystem national geographic,0.1429,4,1,36.0,youtube_suggest,2026-09-12 23:10:03.467536
8387,115,157,grassland footprints crown tundra,0.1429,4,1,36.0,youtube_suggest,2026-09-12 23:10:03.467718
8388,115,157,prairie nature sounds,0.1667,3,1,35.67,youtube_suggest,2026-09-12 23:10:03.467920
8389,115,157,grassland fencing machine,0.1667,3,1,35.67,youtube_suggest,2026-09-12 23:10:03.468105
8390,115,157,grassland jali machine,0.1667,3,1,35.67,youtube_suggest,2026-09-12 23:10:03.468283
8391,115,157,grassland ambience dnd,0.1667,3,1,35.67,youtube_suggest,2026-09-12 23:10:03.468474
8392,115,157,grassland animal adaptations,0.1667,3,1,35.67,youtube_suggest,2026-09-12 23:10:03.472911
8393,115,157,grassland animals drawing,0.1667,3,1,35.67,youtube_suggest,2026-09-12 23:10:03.473089
8394,115,157,grassland banana republic,0.1667,3,1,35.67,youtube_suggest,2026-09-12 23:10:03.473239
8395,115,157,grassland chinese drama,0.1667,3,1,35.67,youtube_suggest,2026-09-12 23:10:03.473396
8396,115,157,grassland chant broadway,0.1667,3,1,35.67,youtube_suggest,2026-09-12 23:10:03.473547
8397,115,157,grassland care fs25,0.1667,3,1,35.67,youtube_suggest,2026-09-12 23:10:03.475124
8398,115,157,grassland dance academy,0.1667,3,1,35.67,youtube_suggest,2026-09-12 23:10:03.475452
8399,115,157,grassland dragon adventures,0.1667,3,1,35.67,youtube_suggest,2026-09-12 23:10:03.475673
8400,115,157,grassland diorama shoebox,0.1667,3,1,35.67,youtube_suggest,2026-09-12 23:10:03.475867
8401,115,157,grassland drawing easy,0.1667,3,1,35.67,youtube_suggest,2026-09-12 23:10:03.476055
8402,115,157,grassland ecosystem project,0.1667,3,1,35.67,youtube_suggest,2026-09-12 23:10:03.476246
8403,115,157,grassland ecosystem model,0.1667,3,1,35.67,youtube_suggest,2026-09-12 23:10:03.480793
8404,115,157,grassland ecosystem drawing,0.1667,3,1,35.67,youtube_suggest,2026-09-12 23:10:03.481084
8405,115,157,grassland easy drawing,0.1667,3,1,35.67,youtube_suggest,2026-09-12 23:10:03.481282
8406,115,157,grassland ecosystem diagram,0.1667,3,1,35.67,youtube_suggest,2026-09-12 23:10:03.481483
8407,115,157,grassland food chain,0.1667,3,1,35.67,youtube_suggest,2026-09-12 23:10:03.481668
8408,115,157,grassland ff7 rebirth,0.1667,3,1,35.67,youtube_suggest,2026-09-12 23:10:03.481950
8409,115,157,grassland food web,0.1667,3,1,35.67,youtube_suggest,2026-09-12 23:10:03.482151
8410,115,157,grassland full movie,0.1667,3,1,35.67,youtube_suggest,2026-09-12 23:10:03.482348
8411,115,157,grassland grassland,0.25,2,0,27.5,youtube_suggest,2026-09-12 23:10:03.482523
8412,115,157,grassland 2,0.25,2,0,27.5,youtube_suggest,2026-09-12 23:10:03.482711
8413,115,157,grasslands all the way,0.0,4,1,26.0,youtube_suggest,2026-09-12 23:10:03.482900
8414,115,157,grassland,0.25,1,0,25.5,youtube_suggest,2026-09-12 23:10:03.484909
8415,115,157,prairie ambience,0.2,2,0,24.0,youtube_suggest,2026-09-12 23:10:03.485133
8416,115,157,grassland machine,0.2,2,0,24.0,youtube_suggest,2026-09-12 23:10:03.485334
8417,115,157,grassland gci,0.2,2,0,24.0,youtube_suggest,2026-09-12 23:10:03.485523
8418,115,157,grassland jam,0.2,2,0,24.0,youtube_suggest,2026-09-12 23:10:03.485710
8419,115,157,grassland making,0.2,2,0,24.0,youtube_suggest,2026-09-12 23:10:03.485895
8420,115,157,grassland project,0.2,2,0,24.0,youtube_suggest,2026-09-12 23:10:03.486075
8421,115,157,grassland farming,0.2,2,0,24.0,youtube_suggest,2026-09-12 23:10:03.486251
8422,115,157,grassland trailer,0.2,2,0,24.0,youtube_suggest,2026-09-12 23:10:03.486443
8423,115,157,grassland biome,0.2,2,0,24.0,youtube_suggest,2026-09-12 23:10:03.486623
8424,115,157,grassland groove,0.2,2,0,24.0,youtube_suggest,2026-09-12 23:10:03.486809
8425,115,157,grassland habitat,0.2,2,0,24.0,youtube_suggest,2026-09-12 23:10:03.486992
8426,115,157,grassland vivarium,0.2,2,0,24.0,youtube_suggest,2026-09-12 23:10:03.487178
8427,115,157,grassland chant,0.2,2,0,24.0,youtube_suggest,2026-09-12 23:10:03.487388
8428,115,157,grassland animals,0.2,2,0,24.0,youtube_suggest,2026-09-12 23:10:03.487577
8429,115,157,grassland ambience,0.2,2,0,24.0,youtube_suggest,2026-09-12 23:10:03.487751
8430,115,157,grassland asmr,0.2,2,0,24.0,youtube_suggest,2026-09-12 23:10:03.487922
8431,116,158,grassland background video,0.25,3,1,41.5,youtube_suggest,2026-09-12 23:12:25.166535
8432,116,158,grassland animals for kindergarten,0.2,4,1,40.0,youtube_suggest,2026-09-12 23:12:25.166801
8433,116,158,grassland all the way,0.2,4,1,40.0,youtube_suggest,2026-09-12 23:12:25.166958
8434,116,158,grassland chant lion king jr,0.1667,5,1,39.67,youtube_suggest,2026-09-12 23:12:25.167103
8435,116,158,grassland fencing machine,0.2,3,1,38.0,youtube_suggest,2026-09-12 23:12:25.167249
8436,116,158,grassland jali machine,0.2,3,1,38.0,youtube_suggest,2026-09-12 23:12:25.167395
8437,116,158,grassland ambience dnd,0.2,3,1,38.0,youtube_suggest,2026-09-12 23:12:25.168374
8438,116,158,grassland animal adaptations,0.2,3,1,38.0,youtube_suggest,2026-09-12 23:12:25.171631
8439,116,158,grassland animals drawing,0.2,3,1,38.0,youtube_suggest,2026-09-12 23:12:25.171904
8440,116,158,grassland banana republic,0.2,3,1,38.0,youtube_suggest,2026-09-12 23:12:25.172051
8441,116,158,grassland chest locations dragon adventures,0.1429,5,1,38.0,youtube_suggest,2026-09-12 23:12:25.172193
8442,116,158,grassland chinese drama,0.2,3,1,38.0,youtube_suggest,2026-09-12 23:12:25.172335
8443,116,158,grassland chant broadway,0.2,3,1,38.0,youtube_suggest,2026-09-12 23:12:25.172472
8444,116,158,grassland care fs25,0.2,3,1,38.0,youtube_suggest,2026-09-12 23:12:25.172945
8445,116,158,grassland dance academy,0.2,3,1,38.0,youtube_suggest,2026-09-12 23:12:25.173119
8446,116,158,grassland dragon adventures,0.2,3,1,38.0,youtube_suggest,2026-09-12 23:12:25.173263
8447,116,158,grassland diorama shoebox,0.2,3,1,38.0,youtube_suggest,2026-09-12 23:12:25.173406
8448,116,158,grassland drawing easy,0.2,3,1,38.0,youtube_suggest,2026-09-12 23:12:25.173537
8449,116,158,grassland ecosystem project,0.2,3,1,38.0,youtube_suggest,2026-09-12 23:12:25.173671
8450,116,158,grassland ecosystem model,0.2,3,1,38.0,youtube_suggest,2026-09-12 23:12:25.173820
8451,116,158,grassland ecosystem drawing,0.2,3,1,38.0,youtube_suggest,2026-09-12 23:12:25.173951
8452,116,158,grassland easy drawing,0.2,3,1,38.0,youtube_suggest,2026-09-12 23:12:25.174263
8453,116,158,grassland ecosystem diagram,0.2,3,1,38.0,youtube_suggest,2026-09-12 23:12:25.174427
8454,116,158,grassland food chain,0.2,3,1,38.0,youtube_suggest,2026-09-12 23:12:25.174563
8455,116,158,grassland ff7 rebirth,0.2,3,1,38.0,youtube_suggest,2026-09-12 23:12:25.174706
8456,116,158,grassland food web,0.2,3,1,38.0,youtube_suggest,2026-09-12 23:12:25.174841
8457,116,158,grassland full movie,0.2,3,1,38.0,youtube_suggest,2026-09-12 23:12:25.174975
8458,116,158,grassland biome national geographic,0.1667,4,1,37.67,youtube_suggest,2026-09-12 23:12:25.175110
8459,116,158,grassland boss dragon adventures,0.1667,4,1,37.67,youtube_suggest,2026-09-12 23:12:25.175247
8460,116,158,grassland chant lion king,0.1667,4,1,37.67,youtube_suggest,2026-09-12 23:12:25.175382
8461,116,158,grassland chests dragon adventures,0.1667,4,1,37.67,youtube_suggest,2026-09-12 23:12:25.179462
8462,116,158,grassland ecosystem national geographic,0.1667,4,1,37.67,youtube_suggest,2026-09-12 23:12:25.179656
8463,116,158,grassland footprints crown tundra,0.1667,4,1,37.67,youtube_suggest,2026-09-12 23:12:25.179820
8464,116,158,grassland grassland,0.3333,2,0,33.33,youtube_suggest,2026-09-12 23:12:25.179964
8465,116,158,grassland 2,0.3333,2,0,33.33,youtube_suggest,2026-09-12 23:12:25.180107
8466,116,158,grassland,0.3333,1,0,31.33,youtube_suggest,2026-09-12 23:12:25.180283
8467,116,158,grassland machine,0.25,2,0,27.5,youtube_suggest,2026-09-12 23:12:25.180423
8468,116,158,grassland gci,0.25,2,0,27.5,youtube_suggest,2026-09-12 23:12:25.180591
8469,116,158,grassland jam,0.25,2,0,27.5,youtube_suggest,2026-09-12 23:12:25.180740
8470,116,158,grassland making,0.25,2,0,27.5,youtube_suggest,2026-09-12 23:12:25.180872
8471,116,158,grassland project,0.25,2,0,27.5,youtube_suggest,2026-09-12 23:12:25.181001
8472,116,158,grassland farming,0.25,2,0,27.5,youtube_suggest,2026-09-12 23:12:25.181135
8473,116,158,grassland trailer,0.25,2,0,27.5,youtube_suggest,2026-09-12 23:12:25.190216
8474,116,158,grassland biome,0.25,2,0,27.5,youtube_suggest,2026-09-12 23:12:25.190543
8475,116,158,grassland groove,0.25,2,0,27.5,youtube_suggest,2026-09-12 23:12:25.190837
8476,116,158,grassland habitat,0.25,2,0,27.5,youtube_suggest,2026-09-12 23:12:25.191032
8477,116,158,grassland vivarium,0.25,2,0,27.5,youtube_suggest,2026-09-12 23:12:25.191325
8478,116,158,grassland chant,0.25,2,0,27.5,youtube_suggest,2026-09-12 23:12:25.191476
8479,116,158,grassland animals,0.25,2,0,27.5,youtube_suggest,2026-09-12 23:12:25.191615
8480,116,158,grassland ambience,0.25,2,0,27.5,youtube_suggest,2026-09-12 23:12:25.191814
8481,116,158,grassland asmr,0.25,2,0,27.5,youtube_suggest,2026-09-12 23:12:25.191952
8482,116,158,grassland action,0.25,2,0,27.5,youtube_suggest,2026-09-12 23:12:25.192078
8483,116,158,grassland adaptations,0.25,2,0,27.5,youtube_suggest,2026-09-12 23:12:25.194430
8484,116,158,grassland beauty,0.25,2,0,27.5,youtube_suggest,2026-09-12 23:12:25.194588
8485,116,158,grassland butter,0.25,2,0,27.5,youtube_suggest,2026-09-12 23:12:25.194744
8486,116,158,grassland bases,0.25,2,0,27.5,youtube_suggest,2026-09-12 23:12:25.194881
8487,116,158,grassland band,0.25,2,0,27.5,youtube_suggest,2026-09-12 23:12:25.195019
8488,116,158,grassland birds,0.25,2,0,27.5,youtube_suggest,2026-09-12 23:12:25.195154
8489,116,158,grassland conservation,0.25,2,0,27.5,youtube_suggest,2026-09-12 23:12:25.195283
8490,116,158,grassland china,0.25,2,0,27.5,youtube_suggest,2026-09-12 23:12:25.195410
8491,117,159,grassland background video,0.25,3,1,41.5,youtube_suggest,2026-09-12 23:15:24.410157
8492,117,159,thunderhoof x steeljaw,0.25,3,1,41.5,youtube_suggest,2026-09-12 23:15:24.410409
8493,117,159,grassland animals for kindergarten,0.2,4,1,40.0,youtube_suggest,2026-09-12 23:15:24.410617
8494,117,159,grassland all the way,0.2,4,1,40.0,youtube_suggest,2026-09-12 23:15:24.410814
8495,117,159,grassland chant lion king jr,0.1667,5,1,39.67,youtube_suggest,2026-09-12 23:15:24.417860
8496,117,159,grassland fencing machine,0.2,3,1,38.0,youtube_suggest,2026-09-12 23:15:24.418256
8497,117,159,grassland jali machine,0.2,3,1,38.0,youtube_suggest,2026-09-12 23:15:24.418511
8498,117,159,grassland ambience dnd,0.2,3,1,38.0,youtube_suggest,2026-09-12 23:15:24.418734
8499,117,159,grassland animal adaptations,0.2,3,1,38.0,youtube_suggest,2026-09-12 23:15:24.418956
8500,117,159,grassland animals drawing,0.2,3,1,38.0,youtube_suggest,2026-09-12 23:15:24.419177
8501,117,159,grassland banana republic,0.2,3,1,38.0,youtube_suggest,2026-09-12 23:15:24.425013
8502,117,159,grassland chest locations dragon adventures,0.1429,5,1,38.0,youtube_suggest,2026-09-12 23:15:24.425235
8503,117,159,grassland chinese drama,0.2,3,1,38.0,youtube_suggest,2026-09-12 23:15:24.425394
8504,117,159,grassland chant broadway,0.2,3,1,38.0,youtube_suggest,2026-09-12 23:15:24.425542
8505,117,159,grassland care fs25,0.2,3,1,38.0,youtube_suggest,2026-09-12 23:15:24.425710
8506,117,159,grassland dance academy,0.2,3,1,38.0,youtube_suggest,2026-09-12 23:15:24.425858
8507,117,159,grassland dragon adventures,0.2,3,1,38.0,youtube_suggest,2026-09-12 23:15:24.426003
8508,117,159,grassland diorama shoebox,0.2,3,1,38.0,youtube_suggest,2026-09-12 23:15:24.426159
8509,117,159,grassland drawing easy,0.2,3,1,38.0,youtube_suggest,2026-09-12 23:15:24.426307
8510,117,159,grassland ecosystem project,0.2,3,1,38.0,youtube_suggest,2026-09-12 23:15:24.426480
8511,117,159,grassland ecosystem model,0.2,3,1,38.0,youtube_suggest,2026-09-12 23:15:24.428868
8512,117,159,grassland ecosystem drawing,0.2,3,1,38.0,youtube_suggest,2026-09-12 23:15:24.429093
8513,117,159,grassland easy drawing,0.2,3,1,38.0,youtube_suggest,2026-09-12 23:15:24.429268
8514,117,159,grassland ecosystem diagram,0.2,3,1,38.0,youtube_suggest,2026-09-12 23:15:24.429419
8515,117,159,grassland food chain,0.2,3,1,38.0,youtube_suggest,2026-09-12 23:15:24.429577
8516,117,159,grassland ff7 rebirth,0.2,3,1,38.0,youtube_suggest,2026-09-12 23:15:24.429735
8517,117,159,grassland food web,0.2,3,1,38.0,youtube_suggest,2026-09-12 23:15:24.429885
8518,117,159,grassland full movie,0.2,3,1,38.0,youtube_suggest,2026-09-12 23:15:24.430032
8519,117,159,grassland biome national geographic,0.1667,4,1,37.67,youtube_suggest,2026-09-12 23:15:24.430191
8520,117,159,grassland boss dragon adventures,0.1667,4,1,37.67,youtube_suggest,2026-09-12 23:15:24.430347
8521,117,159,grassland chant lion king,0.1667,4,1,37.67,youtube_suggest,2026-09-12 23:15:24.430496
8522,117,159,grassland chests dragon adventures,0.1667,4,1,37.67,youtube_suggest,2026-09-12 23:15:24.430644
8523,117,159,grassland ecosystem national geographic,0.1667,4,1,37.67,youtube_suggest,2026-09-12 23:15:24.430791
8524,117,159,grassland footprints crown tundra,0.1667,4,1,37.67,youtube_suggest,2026-09-12 23:15:24.430976
8525,117,159,grassland grassland,0.3333,2,0,33.33,youtube_suggest,2026-09-12 23:15:24.436618
8526,117,159,grassland 2,0.3333,2,0,33.33,youtube_suggest,2026-09-12 23:15:24.438030
8527,117,159,grassland,0.3333,1,0,31.33,youtube_suggest,2026-09-12 23:15:24.438225
8528,117,159,thunderhoof,0.3333,1,0,31.33,youtube_suggest,2026-09-12 23:15:24.438376
8529,117,159,grassland machine,0.25,2,0,27.5,youtube_suggest,2026-09-12 23:15:24.438524
8530,117,159,grassland gci,0.25,2,0,27.5,youtube_suggest,2026-09-12 23:15:24.438682
8531,117,159,grassland jam,0.25,2,0,27.5,youtube_suggest,2026-09-12 23:15:24.438835
8532,117,159,grassland making,0.25,2,0,27.5,youtube_suggest,2026-09-12 23:15:24.438988
8533,117,159,grassland project,0.25,2,0,27.5,youtube_suggest,2026-09-12 23:15:24.439156
8534,117,159,grassland farming,0.25,2,0,27.5,youtube_suggest,2026-09-12 23:15:24.439321
8535,117,159,grassland trailer,0.25,2,0,27.5,youtube_suggest,2026-09-12 23:15:24.439477
8536,117,159,grassland biome,0.25,2,0,27.5,youtube_suggest,2026-09-12 23:15:24.439634
8537,117,159,grassland groove,0.25,2,0,27.5,youtube_suggest,2026-09-12 23:15:24.439805
8538,117,159,grassland habitat,0.25,2,0,27.5,youtube_suggest,2026-09-12 23:15:24.442925
8539,117,159,grassland vivarium,0.25,2,0,27.5,youtube_suggest,2026-09-12 23:15:24.443217
8540,117,159,grassland chant,0.25,2,0,27.5,youtube_suggest,2026-09-12 23:15:24.443395
8541,117,159,grassland animals,0.25,2,0,27.5,youtube_suggest,2026-09-12 23:15:24.443557
8542,117,159,grassland ambience,0.25,2,0,27.5,youtube_suggest,2026-09-12 23:15:24.443714
8543,117,159,grassland asmr,0.25,2,0,27.5,youtube_suggest,2026-09-12 23:15:24.443864
8544,117,159,grassland action,0.25,2,0,27.5,youtube_suggest,2026-09-12 23:15:24.444008
8545,117,159,grassland adaptations,0.25,2,0,27.5,youtube_suggest,2026-09-12 23:15:24.444388
8546,117,159,grassland beauty,0.25,2,0,27.5,youtube_suggest,2026-09-12 23:15:24.450018
8547,117,159,grassland butter,0.25,2,0,27.5,youtube_suggest,2026-09-12 23:15:24.450317
8548,117,159,grassland bases,0.25,2,0,27.5,youtube_suggest,2026-09-12 23:15:24.450522
8549,117,159,grassland band,0.25,2,0,27.5,youtube_suggest,2026-09-12 23:15:24.450728
8550,117,159,grassland birds,0.25,2,0,27.5,youtube_suggest,2026-09-12 23:15:24.450944
8551,118,160,grassland chant lion king jr,0.1429,5,1,38.0,youtube_suggest,2026-09-12 23:18:51.868955
8552,118,160,grassland background video,0.2,3,1,38.0,youtube_suggest,2026-09-12 23:18:51.869261
8553,118,160,grassland animals for kindergarten,0.1667,4,1,37.67,youtube_suggest,2026-09-12 23:18:51.869448
8554,118,160,grassland all the way,0.1667,4,1,37.67,youtube_suggest,2026-09-12 23:18:51.869605
8555,118,160,grassland chest locations dragon adventures,0.125,5,1,36.75,youtube_suggest,2026-09-12 23:18:51.869763
8556,118,160,grassland biome national geographic,0.1429,4,1,36.0,youtube_suggest,2026-09-12 23:18:51.869916
8557,118,160,grassland boss dragon adventures,0.1429,4,1,36.0,youtube_suggest,2026-09-12 23:18:51.870066
8558,118,160,grassland chant lion king,0.1429,4,1,36.0,youtube_suggest,2026-09-12 23:18:51.870216
8559,118,160,grassland chests dragon adventures,0.1429,4,1,36.0,youtube_suggest,2026-09-12 23:18:51.870377
8560,118,160,grassland ecosystem national geographic,0.1429,4,1,36.0,youtube_suggest,2026-09-12 23:18:51.870529
8561,118,160,grassland footprints crown tundra,0.1429,4,1,36.0,youtube_suggest,2026-09-12 23:18:51.870679
8562,118,160,prairie dirt classic,0.1667,3,1,35.67,youtube_suggest,2026-09-12 23:18:51.870830
8563,118,160,grassland fencing machine,0.1667,3,1,35.67,youtube_suggest,2026-09-12 23:18:51.871003
8564,118,160,grassland jali machine,0.1667,3,1,35.67,youtube_suggest,2026-09-12 23:18:51.871151
8565,118,160,grassland ambience dnd,0.1667,3,1,35.67,youtube_suggest,2026-09-12 23:18:51.871308
8566,118,160,grassland animal adaptations,0.1667,3,1,35.67,youtube_suggest,2026-09-12 23:18:51.871456
8567,118,160,grassland animals drawing,0.1667,3,1,35.67,youtube_suggest,2026-09-12 23:18:51.871604
8568,118,160,grassland banana republic,0.1667,3,1,35.67,youtube_suggest,2026-09-12 23:18:51.871752
8569,118,160,grassland chinese drama,0.1667,3,1,35.67,youtube_suggest,2026-09-12 23:18:51.871903
8570,118,160,grassland chant broadway,0.1667,3,1,35.67,youtube_suggest,2026-09-12 23:18:51.872066
8571,118,160,grassland care fs25,0.1667,3,1,35.67,youtube_suggest,2026-09-12 23:18:51.872214
8572,118,160,grassland dance academy,0.1667,3,1,35.67,youtube_suggest,2026-09-12 23:18:51.872369
8573,118,160,grassland dragon adventures,0.1667,3,1,35.67,youtube_suggest,2026-09-12 23:18:51.872521
8574,118,160,grassland diorama shoebox,0.1667,3,1,35.67,youtube_suggest,2026-09-12 23:18:51.876757
8575,118,160,grassland drawing easy,0.1667,3,1,35.67,youtube_suggest,2026-09-12 23:18:51.876945
8576,118,160,grassland ecosystem project,0.1667,3,1,35.67,youtube_suggest,2026-09-12 23:18:51.877107
8577,118,160,grassland ecosystem model,0.1667,3,1,35.67,youtube_suggest,2026-09-12 23:18:51.877262
8578,118,160,grassland ecosystem drawing,0.1667,3,1,35.67,youtube_suggest,2026-09-12 23:18:51.877449
8579,118,160,grassland easy drawing,0.1667,3,1,35.67,youtube_suggest,2026-09-12 23:18:51.877640
8580,118,160,grassland ecosystem diagram,0.1667,3,1,35.67,youtube_suggest,2026-09-12 23:18:51.880789
8581,118,160,grassland food chain,0.1667,3,1,35.67,youtube_suggest,2026-09-12 23:18:51.880973
8582,118,160,grassland ff7 rebirth,0.1667,3,1,35.67,youtube_suggest,2026-09-12 23:18:51.881140
8583,118,160,grassland food web,0.1667,3,1,35.67,youtube_suggest,2026-09-12 23:18:51.881357
8584,118,160,grassland full movie,0.1667,3,1,35.67,youtube_suggest,2026-09-12 23:18:51.881635
8585,118,160,grassland grassland,0.25,2,0,27.5,youtube_suggest,2026-09-12 23:18:51.881835
8586,118,160,grassland 2,0.25,2,0,27.5,youtube_suggest,2026-09-12 23:18:51.882028
8587,118,160,grasslands all the way,0.0,4,1,26.0,youtube_suggest,2026-09-12 23:18:51.883087
8588,118,160,grassland,0.25,1,0,25.5,youtube_suggest,2026-09-12 23:18:51.883290
8589,118,160,prairie dust,0.2,2,0,24.0,youtube_suggest,2026-09-12 23:18:51.883480
8590,118,160,prairie field,0.2,2,0,24.0,youtube_suggest,2026-09-12 23:18:51.883662
8591,118,160,prairie noises,0.2,2,0,24.0,youtube_suggest,2026-09-12 23:18:51.883843
8592,118,160,grassland machine,0.2,2,0,24.0,youtube_suggest,2026-09-12 23:18:51.884021
8593,118,160,grassland gci,0.2,2,0,24.0,youtube_suggest,2026-09-12 23:18:51.884215
8594,118,160,grassland jam,0.2,2,0,24.0,youtube_suggest,2026-09-12 23:18:51.884411
8595,118,160,grassland making,0.2,2,0,24.0,youtube_suggest,2026-09-12 23:18:51.888984
8596,118,160,grassland project,0.2,2,0,24.0,youtube_suggest,2026-09-12 23:18:51.889299
8597,118,160,grassland farming,0.2,2,0,24.0,youtube_suggest,2026-09-12 23:18:51.889505
8598,118,160,grassland trailer,0.2,2,0,24.0,youtube_suggest,2026-09-12 23:18:51.889693
8599,118,160,grassland biome,0.2,2,0,24.0,youtube_suggest,2026-09-12 23:18:51.889884
8600,118,160,grassland groove,0.2,2,0,24.0,youtube_suggest,2026-09-12 23:18:51.890066
8601,118,160,grassland habitat,0.2,2,0,24.0,youtube_suggest,2026-09-12 23:18:51.890256
8602,118,160,grassland vivarium,0.2,2,0,24.0,youtube_suggest,2026-09-12 23:18:51.890441
8603,118,160,grassland chant,0.2,2,0,24.0,youtube_suggest,2026-09-12 23:18:51.890630
8604,118,160,grassland animals,0.2,2,0,24.0,youtube_suggest,2026-09-12 23:18:51.890813
8605,118,160,grassland ambience,0.2,2,0,24.0,youtube_suggest,2026-09-12 23:18:51.891029
8606,118,160,grassland asmr,0.2,2,0,24.0,youtube_suggest,2026-09-12 23:18:51.891218
8607,118,160,grassland action,0.2,2,0,24.0,youtube_suggest,2026-09-12 23:18:51.891408
8608,118,160,grassland adaptations,0.2,2,0,24.0,youtube_suggest,2026-09-12 23:18:51.891587
8609,118,160,grassland beauty,0.2,2,0,24.0,youtube_suggest,2026-09-12 23:18:51.891764
8610,118,160,grassland butter,0.2,2,0,24.0,youtube_suggest,2026-09-12 23:18:51.891944
8611,119,161,horizon forbidden west grass,0.3333,4,1,49.33,youtube_suggest,2026-09-12 23:21:41.901895
8612,119,161,loom knit cowl on round loom,0.1429,6,1,40.0,youtube_suggest,2026-09-12 23:21:41.902179
8613,119,161,grassland chant lion king jr,0.1429,5,1,38.0,youtube_suggest,2026-09-12 23:21:41.902413
8614,119,161,grassland background video,0.2,3,1,38.0,youtube_suggest,2026-09-12 23:21:41.902616
8615,119,161,grassland animals for kindergarten,0.1667,4,1,37.67,youtube_suggest,2026-09-12 23:21:41.902810
8616,119,161,grassland all the way,0.1667,4,1,37.67,youtube_suggest,2026-09-12 23:21:41.902998
8617,119,161,grassland chest locations dragon adventures,0.125,5,1,36.75,youtube_suggest,2026-09-12 23:21:41.903177
8618,119,161,horizon forbidden west long glide,0.125,5,1,36.75,youtube_suggest,2026-09-12 23:21:41.903377
8619,119,161,horizon forbidden west plowhorn plants,0.125,5,1,36.75,youtube_suggest,2026-09-12 23:21:41.903562
8620,119,161,horizon forbidden west flower tool,0.125,5,1,36.75,youtube_suggest,2026-09-12 23:21:41.903739
8621,119,161,grassland biome national geographic,0.1429,4,1,36.0,youtube_suggest,2026-09-12 23:21:41.903919
8622,119,161,grassland boss dragon adventures,0.1429,4,1,36.0,youtube_suggest,2026-09-12 23:21:41.904104
8623,119,161,grassland chant lion king,0.1429,4,1,36.0,youtube_suggest,2026-09-12 23:21:41.904301
8624,119,161,grassland chests dragon adventures,0.1429,4,1,36.0,youtube_suggest,2026-09-12 23:21:41.904509
8625,119,161,grassland ecosystem national geographic,0.1429,4,1,36.0,youtube_suggest,2026-09-12 23:21:41.910768
8626,119,161,grassland footprints crown tundra,0.1429,4,1,36.0,youtube_suggest,2026-09-12 23:21:41.911048
8627,119,161,horizon tallneck shining wastes,0.1429,4,1,36.0,youtube_suggest,2026-09-12 23:21:41.911265
8628,119,161,hooded cowl loom knit,0.1429,4,1,36.0,youtube_suggest,2026-09-12 23:21:41.911466
8629,119,161,loom knit hooded scarf,0.1429,4,1,36.0,youtube_suggest,2026-09-12 23:21:41.911675
8630,119,161,grassland fencing machine,0.1667,3,1,35.67,youtube_suggest,2026-09-12 23:21:41.911885
8631,119,161,grassland jali machine,0.1667,3,1,35.67,youtube_suggest,2026-09-12 23:21:41.912074
8632,119,161,grassland ambience dnd,0.1667,3,1,35.67,youtube_suggest,2026-09-12 23:21:41.912275
8633,119,161,grassland animal adaptations,0.1667,3,1,35.67,youtube_suggest,2026-09-12 23:21:41.912475
8634,119,161,grassland animals drawing,0.1667,3,1,35.67,youtube_suggest,2026-09-12 23:21:41.916707
8635,119,161,grassland banana republic,0.1667,3,1,35.67,youtube_suggest,2026-09-12 23:21:41.916990
8636,119,161,grassland chinese drama,0.1667,3,1,35.67,youtube_suggest,2026-09-12 23:21:41.917200
8637,119,161,grassland chant broadway,0.1667,3,1,35.67,youtube_suggest,2026-09-12 23:21:41.917429
8638,119,161,grassland care fs25,0.1667,3,1,35.67,youtube_suggest,2026-09-12 23:21:41.925018
8639,119,161,grassland dance academy,0.1667,3,1,35.67,youtube_suggest,2026-09-12 23:21:41.925263
8640,119,161,grassland dragon adventures,0.1667,3,1,35.67,youtube_suggest,2026-09-12 23:21:41.927769
8641,119,161,grassland diorama shoebox,0.1667,3,1,35.67,youtube_suggest,2026-09-12 23:21:41.928198
8642,119,161,grassland drawing easy,0.1667,3,1,35.67,youtube_suggest,2026-09-12 23:21:41.928464
8643,119,161,grassland ecosystem project,0.1667,3,1,35.67,youtube_suggest,2026-09-12 23:21:41.928749
8644,119,161,grassland ecosystem model,0.1667,3,1,35.67,youtube_suggest,2026-09-12 23:21:41.929025
8645,119,161,grassland ecosystem drawing,0.1667,3,1,35.67,youtube_suggest,2026-09-12 23:21:41.929258
8646,119,161,grassland easy drawing,0.1667,3,1,35.67,youtube_suggest,2026-09-12 23:21:41.929450
8647,119,161,grassland ecosystem diagram,0.1667,3,1,35.67,youtube_suggest,2026-09-12 23:21:41.929633
8648,119,161,grassland food chain,0.1667,3,1,35.67,youtube_suggest,2026-09-12 23:21:41.929814
8649,119,161,grassland ff7 rebirth,0.1667,3,1,35.67,youtube_suggest,2026-09-12 23:21:41.930018
8650,119,161,grassland food web,0.1667,3,1,35.67,youtube_suggest,2026-09-12 23:21:41.930221
8651,119,161,grassland full movie,0.1667,3,1,35.67,youtube_suggest,2026-09-12 23:21:41.930712
8652,119,161,horizon survey drone,0.1667,3,1,35.67,youtube_suggest,2026-09-12 23:21:41.930948
8653,119,161,grassland grassland,0.25,2,0,27.5,youtube_suggest,2026-09-12 23:21:41.931162
8654,119,161,grassland 2,0.25,2,0,27.5,youtube_suggest,2026-09-12 23:21:41.932801
8655,119,161,grasslands all the way,0.0,4,1,26.0,youtube_suggest,2026-09-12 23:21:41.933016
8656,119,161,grassland,0.25,1,0,25.5,youtube_suggest,2026-09-12 23:21:41.933213
8657,119,161,grassland machine,0.2,2,0,24.0,youtube_suggest,2026-09-12 23:21:41.933398
8658,119,161,grassland gci,0.2,2,0,24.0,youtube_suggest,2026-09-12 23:21:41.933585
8659,119,161,grass pulverizer,0.2,2,0,24.0,youtube_suggest,2026-09-12 23:21:41.933810
8660,119,161,grassland jam,0.2,2,0,24.0,youtube_suggest,2026-09-12 23:21:41.934002
8661,119,161,grassland making,0.2,2,0,24.0,youtube_suggest,2026-09-12 23:21:41.934182
8662,119,161,grassland project,0.2,2,0,24.0,youtube_suggest,2026-09-12 23:21:41.934329
8663,119,161,grassland farming,0.2,2,0,24.0,youtube_suggest,2026-09-12 23:21:41.937009
8664,119,161,grassland trailer,0.2,2,0,24.0,youtube_suggest,2026-09-12 23:21:41.937366
8665,119,161,grassland biome,0.2,2,0,24.0,youtube_suggest,2026-09-12 23:21:41.937574
8666,119,161,grassland groove,0.2,2,0,24.0,youtube_suggest,2026-09-12 23:21:41.937763
8667,119,161,grassland habitat,0.2,2,0,24.0,youtube_suggest,2026-09-12 23:21:41.937974
8668,119,161,grassland vivarium,0.2,2,0,24.0,youtube_suggest,2026-09-12 23:21:41.938173
8669,119,161,grassland chant,0.2,2,0,24.0,youtube_suggest,2026-09-12 23:21:41.938363
8670,119,161,grassland animals,0.2,2,0,24.0,youtube_suggest,2026-09-12 23:21:41.938547
8671,120,162,irrigator how to use,0.25,4,1,43.5,youtube_suggest,2026-09-12 23:24:51.892187
8672,120,162,grassland background video,0.25,3,1,41.5,youtube_suggest,2026-09-12 23:24:51.892459
8673,120,162,grassland animals for kindergarten,0.2,4,1,40.0,youtube_suggest,2026-09-12 23:24:51.895712
8674,120,162,grassland all the way,0.2,4,1,40.0,youtube_suggest,2026-09-12 23:24:51.895947
8675,120,162,grassland chant lion king jr,0.1667,5,1,39.67,youtube_suggest,2026-09-12 23:24:51.896114
8676,120,162,grassland fencing machine,0.2,3,1,38.0,youtube_suggest,2026-09-12 23:24:51.896278
8677,120,162,grassland jali machine,0.2,3,1,38.0,youtube_suggest,2026-09-12 23:24:51.896436
8678,120,162,grassland ambience dnd,0.2,3,1,38.0,youtube_suggest,2026-09-12 23:24:51.899924
8679,120,162,grassland animal adaptations,0.2,3,1,38.0,youtube_suggest,2026-09-12 23:24:51.900172
8680,120,162,grassland animals drawing,0.2,3,1,38.0,youtube_suggest,2026-09-12 23:24:51.900391
8681,120,162,grassland banana republic,0.2,3,1,38.0,youtube_suggest,2026-09-12 23:24:51.900944
8682,120,162,grassland chest locations dragon adventures,0.1429,5,1,38.0,youtube_suggest,2026-09-12 23:24:51.901141
8683,120,162,grassland chinese drama,0.2,3,1,38.0,youtube_suggest,2026-09-12 23:24:51.901301
8684,120,162,grassland chant broadway,0.2,3,1,38.0,youtube_suggest,2026-09-12 23:24:51.901456
8685,120,162,grassland care fs25,0.2,3,1,38.0,youtube_suggest,2026-09-12 23:24:51.901602
8686,120,162,grassland dance academy,0.2,3,1,38.0,youtube_suggest,2026-09-12 23:24:51.901763
8687,120,162,grassland dragon adventures,0.2,3,1,38.0,youtube_suggest,2026-09-12 23:24:51.901911
8688,120,162,grassland diorama shoebox,0.2,3,1,38.0,youtube_suggest,2026-09-12 23:24:51.902061
8689,120,162,grassland drawing easy,0.2,3,1,38.0,youtube_suggest,2026-09-12 23:24:51.902215
8690,120,162,grassland ecosystem project,0.2,3,1,38.0,youtube_suggest,2026-09-12 23:24:51.902369
8691,120,162,grassland ecosystem model,0.2,3,1,38.0,youtube_suggest,2026-09-12 23:24:51.902516
8692,120,162,grassland ecosystem drawing,0.2,3,1,38.0,youtube_suggest,2026-09-12 23:24:51.902705
8693,120,162,grassland easy drawing,0.2,3,1,38.0,youtube_suggest,2026-09-12 23:24:51.902887
8694,120,162,grassland ecosystem diagram,0.2,3,1,38.0,youtube_suggest,2026-09-12 23:24:51.903047
8695,120,162,grassland food chain,0.2,3,1,38.0,youtube_suggest,2026-09-12 23:24:51.903206
8696,120,162,grassland ff7 rebirth,0.2,3,1,38.0,youtube_suggest,2026-09-12 23:24:51.903361
8697,120,162,grassland food web,0.2,3,1,38.0,youtube_suggest,2026-09-12 23:24:51.903514
8698,120,162,grassland full movie,0.2,3,1,38.0,youtube_suggest,2026-09-12 23:24:51.903676
8699,120,162,grassland biome national geographic,0.1667,4,1,37.67,youtube_suggest,2026-09-12 23:24:51.903827
8700,120,162,grassland boss dragon adventures,0.1667,4,1,37.67,youtube_suggest,2026-09-12 23:24:51.903985
8701,120,162,grassland chant lion king,0.1667,4,1,37.67,youtube_suggest,2026-09-12 23:24:51.904124
8702,120,162,grassland chests dragon adventures,0.1667,4,1,37.67,youtube_suggest,2026-09-12 23:24:51.904275
8703,120,162,grassland ecosystem national geographic,0.1667,4,1,37.67,youtube_suggest,2026-09-12 23:24:51.904794
8704,120,162,grassland footprints crown tundra,0.1667,4,1,37.67,youtube_suggest,2026-09-12 23:24:51.905030
8705,120,162,grassland grassland,0.3333,2,0,33.33,youtube_suggest,2026-09-12 23:24:51.905190
8706,120,162,grassland 2,0.3333,2,0,33.33,youtube_suggest,2026-09-12 23:24:51.905396
8707,120,162,grassland,0.3333,1,0,31.33,youtube_suggest,2026-09-12 23:24:51.905627
8708,120,162,irrigator,0.3333,1,0,31.33,youtube_suggest,2026-09-12 23:24:51.905795
8709,120,162,grassland machine,0.25,2,0,27.5,youtube_suggest,2026-09-12 23:24:51.905946
8710,120,162,grassland gci,0.25,2,0,27.5,youtube_suggest,2026-09-12 23:24:51.906094
8711,120,162,grassland jam,0.25,2,0,27.5,youtube_suggest,2026-09-12 23:24:51.906242
8712,120,162,grassland making,0.25,2,0,27.5,youtube_suggest,2026-09-12 23:24:51.906386
8713,120,162,grassland project,0.25,2,0,27.5,youtube_suggest,2026-09-12 23:24:51.906531
8714,120,162,grassland farming,0.25,2,0,27.5,youtube_suggest,2026-09-12 23:24:51.906699
8715,120,162,grassland trailer,0.25,2,0,27.5,youtube_suggest,2026-09-12 23:24:51.906844
8716,120,162,grassland biome,0.25,2,0,27.5,youtube_suggest,2026-09-12 23:24:51.906987
8717,120,162,grassland groove,0.25,2,0,27.5,youtube_suggest,2026-09-12 23:24:51.907130
8718,120,162,grassland habitat,0.25,2,0,27.5,youtube_suggest,2026-09-12 23:24:51.907295
8719,120,162,grassland vivarium,0.25,2,0,27.5,youtube_suggest,2026-09-12 23:24:51.907459
8720,120,162,grassland chant,0.25,2,0,27.5,youtube_suggest,2026-09-12 23:24:51.907651
8721,120,162,grassland animals,0.25,2,0,27.5,youtube_suggest,2026-09-12 23:24:51.907802
8722,120,162,grassland ambience,0.25,2,0,27.5,youtube_suggest,2026-09-12 23:24:51.907944
8723,120,162,grassland asmr,0.25,2,0,27.5,youtube_suggest,2026-09-12 23:24:51.908120
8724,120,162,grassland action,0.25,2,0,27.5,youtube_suggest,2026-09-12 23:24:51.908278
8725,120,162,grassland adaptations,0.25,2,0,27.5,youtube_suggest,2026-09-12 23:24:51.908420
8726,120,162,grassland beauty,0.25,2,0,27.5,youtube_suggest,2026-09-12 23:24:51.908615
8727,120,162,grassland butter,0.25,2,0,27.5,youtube_suggest,2026-09-12 23:24:51.908837
8728,120,162,grassland bases,0.25,2,0,27.5,youtube_suggest,2026-09-12 23:24:51.909047
8729,120,162,grassland band,0.25,2,0,27.5,youtube_suggest,2026-09-12 23:24:51.909253
8730,120,162,grassland birds,0.25,2,0,27.5,youtube_suggest,2026-09-12 23:24:51.909457
8731,121,163,what is the moon seed in descenders,0.5,7,1,65.0,youtube_suggest,2026-09-12 23:27:57.711460
8732,121,163,the moon seed descenders,0.5,4,1,61.0,youtube_suggest,2026-09-12 23:27:57.711767
8733,121,163,under the moon star seed,0.4,5,1,56.0,youtube_suggest,2026-09-12 23:27:57.711973
8734,121,163,the seed hq,0.3333,3,1,47.33,youtube_suggest,2026-09-12 23:27:57.712169
8735,121,163,the secret of the seed,0.25,5,1,45.5,youtube_suggest,2026-09-12 23:27:57.712375
8736,121,163,the seed of time,0.25,4,1,43.5,youtube_suggest,2026-09-12 23:27:57.715010
8737,121,163,the seed we sow,0.25,4,1,43.5,youtube_suggest,2026-09-12 23:27:57.715351
8738,121,163,grassland background video,0.25,3,1,41.5,youtube_suggest,2026-09-12 23:27:57.715572
8739,121,163,the seed outro aurora,0.2,4,1,40.0,youtube_suggest,2026-09-12 23:27:57.715775
8740,121,163,grassland animals for kindergarten,0.2,4,1,40.0,youtube_suggest,2026-09-12 23:27:57.720832
8741,121,163,grassland all the way,0.2,4,1,40.0,youtube_suggest,2026-09-12 23:27:57.721089
8742,121,163,grassland chant lion king jr,0.1667,5,1,39.67,youtube_suggest,2026-09-12 23:27:57.721267
8743,121,163,grassland fencing machine,0.2,3,1,38.0,youtube_suggest,2026-09-12 23:27:57.721409
8744,121,163,grassland jali machine,0.2,3,1,38.0,youtube_suggest,2026-09-12 23:27:57.721544
8745,121,163,grassland ambience dnd,0.2,3,1,38.0,youtube_suggest,2026-09-12 23:27:57.721697
8746,121,163,grassland animal adaptations,0.2,3,1,38.0,youtube_suggest,2026-09-12 23:27:57.721836
8747,121,163,grassland animals drawing,0.2,3,1,38.0,youtube_suggest,2026-09-12 23:27:57.721968
8748,121,163,grassland banana republic,0.2,3,1,38.0,youtube_suggest,2026-09-12 23:27:57.722098
8749,121,163,grassland chest locations dragon adventures,0.1429,5,1,38.0,youtube_suggest,2026-09-12 23:27:57.722236
8750,121,163,grassland chinese drama,0.2,3,1,38.0,youtube_suggest,2026-09-12 23:27:57.722366
8751,121,163,grassland chant broadway,0.2,3,1,38.0,youtube_suggest,2026-09-12 23:27:57.722495
8752,121,163,grassland care fs25,0.2,3,1,38.0,youtube_suggest,2026-09-12 23:27:57.722625
8753,121,163,grassland dance academy,0.2,3,1,38.0,youtube_suggest,2026-09-12 23:27:57.722762
8754,121,163,grassland dragon adventures,0.2,3,1,38.0,youtube_suggest,2026-09-12 23:27:57.722891
8755,121,163,grassland diorama shoebox,0.2,3,1,38.0,youtube_suggest,2026-09-12 23:27:57.723020
8756,121,163,grassland drawing easy,0.2,3,1,38.0,youtube_suggest,2026-09-12 23:27:57.723148
8757,121,163,grassland ecosystem project,0.2,3,1,38.0,youtube_suggest,2026-09-12 23:27:57.723290
8758,121,163,grassland ecosystem model,0.2,3,1,38.0,youtube_suggest,2026-09-12 23:27:57.723413
8759,121,163,grassland ecosystem drawing,0.2,3,1,38.0,youtube_suggest,2026-09-12 23:27:57.723535
8760,121,163,grassland easy drawing,0.2,3,1,38.0,youtube_suggest,2026-09-12 23:27:57.723672
8761,121,163,grassland ecosystem diagram,0.2,3,1,38.0,youtube_suggest,2026-09-12 23:27:57.723820
8762,121,163,grassland food chain,0.2,3,1,38.0,youtube_suggest,2026-09-12 23:27:57.723969
8763,121,163,grassland ff7 rebirth,0.2,3,1,38.0,youtube_suggest,2026-09-12 23:27:57.724124
8764,121,163,grassland food web,0.2,3,1,38.0,youtube_suggest,2026-09-12 23:27:57.724280
8765,121,163,grassland full movie,0.2,3,1,38.0,youtube_suggest,2026-09-12 23:27:57.724425
8766,121,163,grassland biome national geographic,0.1667,4,1,37.67,youtube_suggest,2026-09-12 23:27:57.728802
8767,121,163,grassland boss dragon adventures,0.1667,4,1,37.67,youtube_suggest,2026-09-12 23:27:57.729272
8768,121,163,grassland chant lion king,0.1667,4,1,37.67,youtube_suggest,2026-09-12 23:27:57.729441
8769,121,163,grassland chests dragon adventures,0.1667,4,1,37.67,youtube_suggest,2026-09-12 23:27:57.729604
8770,121,163,grassland ecosystem national geographic,0.1667,4,1,37.67,youtube_suggest,2026-09-12 23:27:57.729758
8771,121,163,grassland footprints crown tundra,0.1667,4,1,37.67,youtube_suggest,2026-09-12 23:27:57.729907
8772,121,163,grassland grassland,0.3333,2,0,33.33,youtube_suggest,2026-09-12 23:27:57.730055
8773,121,163,grassland 2,0.3333,2,0,33.33,youtube_suggest,2026-09-12 23:27:57.730214
8774,121,163,grassland,0.3333,1,0,31.33,youtube_suggest,2026-09-12 23:27:57.730372
8775,121,163,dancing in the moonlight sped up,0.0,6,1,30.0,youtube_suggest,2026-09-12 23:27:57.730529
8776,121,163,the seeds of time monster,0.0,5,1,28.0,youtube_suggest,2026-09-12 23:27:57.730673
8777,121,163,grassland machine,0.25,2,0,27.5,youtube_suggest,2026-09-12 23:27:57.730814
8778,121,163,grassland gci,0.25,2,0,27.5,youtube_suggest,2026-09-12 23:27:57.730987
8779,121,163,grassland jam,0.25,2,0,27.5,youtube_suggest,2026-09-12 23:27:57.733988
8780,121,163,grassland making,0.25,2,0,27.5,youtube_suggest,2026-09-12 23:27:57.734317
8781,121,163,grassland project,0.25,2,0,27.5,youtube_suggest,2026-09-12 23:27:57.734515
8782,121,163,grassland farming,0.25,2,0,27.5,youtube_suggest,2026-09-12 23:27:57.734708
8783,121,163,grassland trailer,0.25,2,0,27.5,youtube_suggest,2026-09-12 23:27:57.734947
8784,121,163,grassland biome,0.25,2,0,27.5,youtube_suggest,2026-09-12 23:27:57.735179
8785,121,163,grassland groove,0.25,2,0,27.5,youtube_suggest,2026-09-12 23:27:57.735388
8786,121,163,grassland habitat,0.25,2,0,27.5,youtube_suggest,2026-09-12 23:27:57.740498
8787,121,163,grassland vivarium,0.25,2,0,27.5,youtube_suggest,2026-09-12 23:27:57.740990
8788,121,163,grassland chant,0.25,2,0,27.5,youtube_suggest,2026-09-12 23:27:57.741224
8789,121,163,grassland animals,0.25,2,0,27.5,youtube_suggest,2026-09-12 23:27:57.741421
8790,121,163,grassland ambience,0.25,2,0,27.5,youtube_suggest,2026-09-12 23:27:57.741632
8791,122,164,space engine making a planet,0.3333,5,1,51.33,youtube_suggest,2026-09-12 23:30:25.128449
8792,122,164,planet engine,0.5,2,0,45.0,youtube_suggest,2026-09-12 23:30:25.131796
8793,122,164,proton tether journey to the savage planet,0.125,7,1,38.75,youtube_suggest,2026-09-12 23:30:25.133385
8794,122,164,grassland chant lion king jr,0.1429,5,1,38.0,youtube_suggest,2026-09-12 23:30:25.134403
8795,122,164,grassland background video,0.2,3,1,38.0,youtube_suggest,2026-09-12 23:30:25.135176
8796,122,164,grassland animals for kindergarten,0.1667,4,1,37.67,youtube_suggest,2026-09-12 23:30:25.136846
8797,122,164,grassland all the way,0.1667,4,1,37.67,youtube_suggest,2026-09-12 23:30:25.137098
8798,122,164,grassland chest locations dragon adventures,0.125,5,1,36.75,youtube_suggest,2026-09-12 23:30:25.137343
8799,122,164,planet earth crystal caves,0.1429,4,1,36.0,youtube_suggest,2026-09-12 23:30:25.137572
8800,122,164,grassland biome national geographic,0.1429,4,1,36.0,youtube_suggest,2026-09-12 23:30:25.137779
8801,122,164,grassland boss dragon adventures,0.1429,4,1,36.0,youtube_suggest,2026-09-12 23:30:25.137989
8802,122,164,grassland chant lion king,0.1429,4,1,36.0,youtube_suggest,2026-09-12 23:30:25.138195
8803,122,164,grassland chests dragon adventures,0.1429,4,1,36.0,youtube_suggest,2026-09-12 23:30:25.138421
8804,122,164,grassland ecosystem national geographic,0.1429,4,1,36.0,youtube_suggest,2026-09-12 23:30:25.138626
8805,122,164,grassland footprints crown tundra,0.1429,4,1,36.0,youtube_suggest,2026-09-12 23:30:25.138825
8806,122,164,grassland ambience dnd,0.1667,3,1,35.67,youtube_suggest,2026-09-12 23:30:25.139026
8807,122,164,grassland animal adaptations,0.1667,3,1,35.67,youtube_suggest,2026-09-12 23:30:25.139224
8808,122,164,grassland animals drawing,0.1667,3,1,35.67,youtube_suggest,2026-09-12 23:30:25.139442
8809,122,164,grassland banana republic,0.1667,3,1,35.67,youtube_suggest,2026-09-12 23:30:25.139643
8810,122,164,grassland chinese drama,0.1667,3,1,35.67,youtube_suggest,2026-09-12 23:30:25.139870
8811,122,164,grassland chant broadway,0.1667,3,1,35.67,youtube_suggest,2026-09-12 23:30:25.140068
8812,122,164,grassland care fs25,0.1667,3,1,35.67,youtube_suggest,2026-09-12 23:30:25.140287
8813,122,164,grassland dance academy,0.1667,3,1,35.67,youtube_suggest,2026-09-12 23:30:25.140493
8814,122,164,grassland dragon adventures,0.1667,3,1,35.67,youtube_suggest,2026-09-12 23:30:25.145049
8815,122,164,grassland diorama shoebox,0.1667,3,1,35.67,youtube_suggest,2026-09-12 23:30:25.145279
8816,122,164,grassland drawing easy,0.1667,3,1,35.67,youtube_suggest,2026-09-12 23:30:25.145453
8817,122,164,grassland ecosystem project,0.1667,3,1,35.67,youtube_suggest,2026-09-12 23:30:25.145671
8818,122,164,grassland ecosystem model,0.1667,3,1,35.67,youtube_suggest,2026-09-12 23:30:25.145886
8819,122,164,grassland ecosystem drawing,0.1667,3,1,35.67,youtube_suggest,2026-09-12 23:30:25.146093
8820,122,164,grassland easy drawing,0.1667,3,1,35.67,youtube_suggest,2026-09-12 23:30:25.146313
8821,122,164,grassland ecosystem diagram,0.1667,3,1,35.67,youtube_suggest,2026-09-12 23:30:25.146537
8822,122,164,grassland food chain,0.1667,3,1,35.67,youtube_suggest,2026-09-12 23:30:25.146748
8823,122,164,grassland ff7 rebirth,0.1667,3,1,35.67,youtube_suggest,2026-09-12 23:30:25.146954
8824,122,164,grassland food web,0.1667,3,1,35.67,youtube_suggest,2026-09-12 23:30:25.147158
8825,122,164,grassland full movie,0.1667,3,1,35.67,youtube_suggest,2026-09-12 23:30:25.147374
8826,122,164,grassland fencing machine,0.1667,3,1,35.67,youtube_suggest,2026-09-12 23:30:25.147577
8827,122,164,grassland jali machine,0.1667,3,1,35.67,youtube_suggest,2026-09-12 23:30:25.151814
8828,122,164,space engineers ice lake mining,0.0,5,1,28.0,youtube_suggest,2026-09-12 23:30:25.152214
8829,122,164,grassland grassland,0.25,2,0,27.5,youtube_suggest,2026-09-12 23:30:25.152423
8830,122,164,grassland 2,0.25,2,0,27.5,youtube_suggest,2026-09-12 23:30:25.152818
8831,122,164,plane crazy uss enterprise,0.0,4,1,26.0,youtube_suggest,2026-09-12 23:30:25.153061
8832,122,164,plane crazy airship guide,0.0,4,1,26.0,youtube_suggest,2026-09-12 23:30:25.153292
8833,122,164,miner ship space engineers,0.0,4,1,26.0,youtube_suggest,2026-09-12 23:30:25.153502
8834,122,164,voyager 1 fuel source,0.0,4,1,26.0,youtube_suggest,2026-09-12 23:30:25.153708
8835,122,164,grasslands all the way,0.0,4,1,26.0,youtube_suggest,2026-09-12 23:30:25.153896
8836,122,164,grassland,0.25,1,0,25.5,youtube_suggest,2026-09-12 23:30:25.154086
8837,122,164,prairie biome,0.2,2,0,24.0,youtube_suggest,2026-09-12 23:30:25.154288
8838,122,164,prairie environment,0.2,2,0,24.0,youtube_suggest,2026-09-12 23:30:25.154477
8839,122,164,prairie skies,0.2,2,0,24.0,youtube_suggest,2026-09-12 23:30:25.154656
8840,122,164,project aurora generator,0.0,3,1,24.0,youtube_suggest,2026-09-12 23:30:25.154833
8841,122,164,grassland trailer,0.2,2,0,24.0,youtube_suggest,2026-09-12 23:30:25.155026
8842,122,164,grassland biome,0.2,2,0,24.0,youtube_suggest,2026-09-12 23:30:25.155219
8843,122,164,grassland groove,0.2,2,0,24.0,youtube_suggest,2026-09-12 23:30:25.155399
8844,122,164,grassland habitat,0.2,2,0,24.0,youtube_suggest,2026-09-12 23:30:25.155593
8845,122,164,grassland vivarium,0.2,2,0,24.0,youtube_suggest,2026-09-12 23:30:25.155888
8846,122,164,grassland chant,0.2,2,0,24.0,youtube_suggest,2026-09-12 23:30:25.156093
8847,122,164,grassland animals,0.2,2,0,24.0,youtube_suggest,2026-09-12 23:30:25.156293
8848,122,164,grassland ambience,0.2,2,0,24.0,youtube_suggest,2026-09-12 23:30:25.156478
8849,122,164,grassland asmr,0.2,2,0,24.0,youtube_suggest,2026-09-12 23:30:25.165014
8850,122,164,grassland action,0.2,2,0,24.0,youtube_suggest,2026-09-12 23:30:25.165270
8851,123,165,the largest leviathan in subnautica,0.1429,5,1,38.0,youtube_suggest,2026-09-12 23:33:36.954387
8852,123,165,desert fathers in a year,0.1429,5,1,38.0,youtube_suggest,2026-09-12 23:33:36.954668
8853,123,165,the leviathan in subnautica,0.1667,4,1,37.67,youtube_suggest,2026-09-12 23:33:36.954858
8854,123,165,desert eagle 50 ae,0.1667,4,1,37.67,youtube_suggest,2026-09-12 23:33:36.955055
8855,123,165,desert biome plants vs brainrots,0.125,5,1,36.75,youtube_suggest,2026-09-12 23:33:36.955266
8856,123,165,desert edge vs notre dame,0.125,5,1,36.75,youtube_suggest,2026-09-12 23:33:36.955454
8857,123,165,the great machine desert lodge,0.125,5,1,36.75,youtube_suggest,2026-09-12 23:33:36.955634
8858,123,165,dune killing a sandworm,0.1429,4,1,36.0,youtube_suggest,2026-09-12 23:33:36.955813
8859,123,165,dune riding the sandworm,0.1429,4,1,36.0,youtube_suggest,2026-09-12 23:33:36.955994
8860,123,165,leviathan hears a giant,0.1429,4,1,36.0,youtube_suggest,2026-09-12 23:33:36.956167
8861,123,165,desert animals for kids,0.1429,4,1,36.0,youtube_suggest,2026-09-12 23:33:36.956365
8862,123,165,desert at night firework,0.1429,4,1,36.0,youtube_suggest,2026-09-12 23:33:36.964716
8863,123,165,desert bus for hope,0.1429,4,1,36.0,youtube_suggest,2026-09-12 23:33:36.965153
8864,123,165,desert eagle 44 magnum,0.1429,4,1,36.0,youtube_suggest,2026-09-12 23:33:36.965498
8865,123,165,desert mario maker 2,0.1429,4,1,36.0,youtube_suggest,2026-09-12 23:33:36.965700
8866,123,165,desert edge high school football,0.1111,5,1,35.78,youtube_suggest,2026-09-12 23:33:36.965901
8867,123,165,desert fox gold panning machine,0.1111,5,1,35.78,youtube_suggest,2026-09-12 23:33:36.966091
8868,123,165,powdered wig machine desert sessions,0.1111,5,1,35.78,youtube_suggest,2026-09-12 23:33:36.966336
8869,123,165,desert sessions powdered wig machine,0.1111,5,1,35.78,youtube_suggest,2026-09-12 23:33:36.966525
8870,123,165,dune the sandworm,0.1667,3,1,35.67,youtube_suggest,2026-09-12 23:33:36.966717
8871,123,165,the dune sandworm,0.1667,3,1,35.67,youtube_suggest,2026-09-12 23:33:36.966904
8872,123,165,desert at night,0.1667,3,1,35.67,youtube_suggest,2026-09-12 23:33:36.967091
8873,123,165,desert for kids,0.1667,3,1,35.67,youtube_suggest,2026-09-12 23:33:36.967294
8874,123,165,desert ambience sound effect,0.125,4,1,34.75,youtube_suggest,2026-09-12 23:33:36.967470
8875,123,165,desert city swing 2026,0.125,4,1,34.75,youtube_suggest,2026-09-12 23:33:36.973974
8876,123,165,desert chase indiana jones,0.125,4,1,34.75,youtube_suggest,2026-09-12 23:33:36.974451
8877,123,165,desert eagle sound effect,0.125,4,1,34.75,youtube_suggest,2026-09-12 23:33:36.974800
8878,123,165,desert eagle 357 magnum,0.125,4,1,34.75,youtube_suggest,2026-09-12 23:33:36.975116
8879,123,165,desert eagle machine gun,0.125,4,1,34.75,youtube_suggest,2026-09-12 23:33:36.975542
8880,123,165,ghost machine desert rose,0.125,4,1,34.75,youtube_suggest,2026-09-12 23:33:36.976409
8881,123,165,desert hawk slot machine,0.125,4,1,34.75,youtube_suggest,2026-09-12 23:33:36.977760
8882,123,165,god machine desert song,0.125,4,1,34.75,youtube_suggest,2026-09-12 23:33:36.978470
8883,123,165,desert fox panning machine,0.125,4,1,34.75,youtube_suggest,2026-09-12 23:33:36.978697
8884,123,165,desert rose ghost machine,0.125,4,1,34.75,youtube_suggest,2026-09-12 23:33:36.978891
8885,123,165,sahara desert slot machine,0.125,4,1,34.75,youtube_suggest,2026-09-12 23:33:36.980512
8886,123,165,leviathan emperor subnautica,0.1429,3,1,34.0,youtube_suggest,2026-09-12 23:33:36.980900
8887,123,165,desert rose sting,0.1429,3,1,34.0,youtube_suggest,2026-09-12 23:33:36.981092
8888,123,165,desert ambient music,0.1429,3,1,34.0,youtube_suggest,2026-09-12 23:33:36.981370
8889,123,165,desert ambience dnd,0.1429,3,1,34.0,youtube_suggest,2026-09-12 23:33:36.981550
8890,123,165,desert builds minecraft,0.1429,3,1,34.0,youtube_suggest,2026-09-12 23:33:36.981744
8891,123,165,desert bus roblox,0.1429,3,1,34.0,youtube_suggest,2026-09-12 23:33:36.981926
8892,123,165,desert battle music,0.1429,3,1,34.0,youtube_suggest,2026-09-12 23:33:36.983355
8893,123,165,desert chill music,0.1429,3,1,34.0,youtube_suggest,2026-09-12 23:33:36.983568
8894,123,165,desert combat music,0.1429,3,1,34.0,youtube_suggest,2026-09-12 23:33:36.983763
8895,123,165,desert dawn trailer,0.1429,3,1,34.0,youtube_suggest,2026-09-12 23:33:36.983950
8896,123,165,desert dog outdoors,0.1429,3,1,34.0,youtube_suggest,2026-09-12 23:33:36.984149
8897,123,165,desert duo animatic,0.1429,3,1,34.0,youtube_suggest,2026-09-12 23:33:36.984346
8898,123,165,desert drifter channel,0.1429,3,1,34.0,youtube_suggest,2026-09-12 23:33:36.986765
8899,123,165,desert eagle beyonce,0.1429,3,1,34.0,youtube_suggest,2026-09-12 23:33:36.987081
8900,123,165,desert eagle gun,0.1429,3,1,34.0,youtube_suggest,2026-09-12 23:33:36.987310
8901,123,165,desert eagle recoil,0.1429,3,1,34.0,youtube_suggest,2026-09-12 23:33:36.987501
8902,123,165,desert fox airsoft,0.1429,3,1,34.0,youtube_suggest,2026-09-12 23:33:36.987714
8903,123,165,desert flower trailer,0.1429,3,1,34.0,youtube_suggest,2026-09-12 23:33:36.988520
8904,123,165,desert flower movie,0.1429,3,1,34.0,youtube_suggest,2026-09-12 23:33:36.988764
8905,123,165,desert fiends trailer,0.1429,3,1,34.0,youtube_suggest,2026-09-12 23:33:36.988954
8906,123,165,desert fox machine,0.1429,3,1,34.0,youtube_suggest,2026-09-12 23:33:36.989135
8907,123,165,world machine desert,0.1429,3,1,34.0,youtube_suggest,2026-09-12 23:33:36.989328
8908,123,165,how to get to the dunes sinkhole subnautica,0.0,8,1,30.0,youtube_suggest,2026-09-12 23:33:36.989511
8909,123,165,dessert bowl machine price,0.0,4,1,26.0,youtube_suggest,2026-09-12 23:33:36.989707
8910,123,165,dessert bowl machine,0.0,3,1,24.0,youtube_suggest,2026-09-12 23:33:36.989917
8911,124,166,solar tower light,0.3333,3,1,47.33,youtube_suggest,2026-09-12 23:36:58.053994
8912,124,166,desert fathers in a year,0.1429,5,1,38.0,youtube_suggest,2026-09-12 23:36:58.054274
8913,124,166,desert eagle 50 ae,0.1667,4,1,37.67,youtube_suggest,2026-09-12 23:36:58.054492
8914,124,166,desert biome plants vs brainrots,0.125,5,1,36.75,youtube_suggest,2026-09-12 23:36:58.054674
8915,124,166,desert edge vs notre dame,0.125,5,1,36.75,youtube_suggest,2026-09-12 23:36:58.054841
8916,124,166,the great machine desert lodge,0.125,5,1,36.75,youtube_suggest,2026-09-12 23:36:58.055043
8917,124,166,desert animals for kids,0.1429,4,1,36.0,youtube_suggest,2026-09-12 23:36:58.055227
8918,124,166,desert at night firework,0.1429,4,1,36.0,youtube_suggest,2026-09-12 23:36:58.055414
8919,124,166,desert bus for hope,0.1429,4,1,36.0,youtube_suggest,2026-09-12 23:36:58.060768
8920,124,166,desert eagle 44 magnum,0.1429,4,1,36.0,youtube_suggest,2026-09-12 23:36:58.062017
8921,124,166,desert mario maker 2,0.1429,4,1,36.0,youtube_suggest,2026-09-12 23:36:58.063289
8922,124,166,desert edge high school football,0.1111,5,1,35.78,youtube_suggest,2026-09-12 23:36:58.064107
8923,124,166,desert fox gold panning machine,0.1111,5,1,35.78,youtube_suggest,2026-09-12 23:36:58.065382
8924,124,166,powdered wig machine desert sessions,0.1111,5,1,35.78,youtube_suggest,2026-09-12 23:36:58.066091
8925,124,166,desert sessions powdered wig machine,0.1111,5,1,35.78,youtube_suggest,2026-09-12 23:36:58.066365
8926,124,166,desert at night,0.1667,3,1,35.67,youtube_suggest,2026-09-12 23:36:58.066561
8927,124,166,desert for kids,0.1667,3,1,35.67,youtube_suggest,2026-09-12 23:36:58.066824
8928,124,166,desert ambience sound effect,0.125,4,1,34.75,youtube_suggest,2026-09-12 23:36:58.067044
8929,124,166,desert city swing 2026,0.125,4,1,34.75,youtube_suggest,2026-09-12 23:36:58.067230
8930,124,166,desert chase indiana jones,0.125,4,1,34.75,youtube_suggest,2026-09-12 23:36:58.067471
8931,124,166,desert eagle sound effect,0.125,4,1,34.75,youtube_suggest,2026-09-12 23:36:58.067670
8932,124,166,desert eagle 357 magnum,0.125,4,1,34.75,youtube_suggest,2026-09-12 23:36:58.067861
8933,124,166,desert eagle machine gun,0.125,4,1,34.75,youtube_suggest,2026-09-12 23:36:58.068047
8934,124,166,ghost machine desert rose,0.125,4,1,34.75,youtube_suggest,2026-09-12 23:36:58.072913
8935,124,166,desert hawk slot machine,0.125,4,1,34.75,youtube_suggest,2026-09-12 23:36:58.073180
8936,124,166,god machine desert song,0.125,4,1,34.75,youtube_suggest,2026-09-12 23:36:58.073380
8937,124,166,desert fox panning machine,0.125,4,1,34.75,youtube_suggest,2026-09-12 23:36:58.073565
8938,124,166,desert rose ghost machine,0.125,4,1,34.75,youtube_suggest,2026-09-12 23:36:58.073873
8939,124,166,sahara desert slot machine,0.125,4,1,34.75,youtube_suggest,2026-09-12 23:36:58.074161
8940,124,166,desert rose sting,0.1429,3,1,34.0,youtube_suggest,2026-09-12 23:36:58.074433
8941,124,166,desert ambient music,0.1429,3,1,34.0,youtube_suggest,2026-09-12 23:36:58.074687
8942,124,166,desert ambience dnd,0.1429,3,1,34.0,youtube_suggest,2026-09-12 23:36:58.075043
8943,124,166,desert builds minecraft,0.1429,3,1,34.0,youtube_suggest,2026-09-12 23:36:58.075241
8944,124,166,desert bus roblox,0.1429,3,1,34.0,youtube_suggest,2026-09-12 23:36:58.076147
8945,124,166,desert battle music,0.1429,3,1,34.0,youtube_suggest,2026-09-12 23:36:58.076345
8946,124,166,desert chill music,0.1429,3,1,34.0,youtube_suggest,2026-09-12 23:36:58.077722
8947,124,166,desert combat music,0.1429,3,1,34.0,youtube_suggest,2026-09-12 23:36:58.078025
8948,124,166,desert dawn trailer,0.1429,3,1,34.0,youtube_suggest,2026-09-12 23:36:58.078217
8949,124,166,desert dog outdoors,0.1429,3,1,34.0,youtube_suggest,2026-09-12 23:36:58.078403
8950,124,166,desert duo animatic,0.1429,3,1,34.0,youtube_suggest,2026-09-12 23:36:58.078584
8951,124,166,desert drifter channel,0.1429,3,1,34.0,youtube_suggest,2026-09-12 23:36:58.080663
8952,124,166,desert eagle beyonce,0.1429,3,1,34.0,youtube_suggest,2026-09-12 23:36:58.081460
8953,124,166,desert eagle gun,0.1429,3,1,34.0,youtube_suggest,2026-09-12 23:36:58.081768
8954,124,166,desert eagle recoil,0.1429,3,1,34.0,youtube_suggest,2026-09-12 23:36:58.082122
8955,124,166,desert fox airsoft,0.1429,3,1,34.0,youtube_suggest,2026-09-12 23:36:58.082308
8956,124,166,desert flower trailer,0.1429,3,1,34.0,youtube_suggest,2026-09-12 23:36:58.082501
8957,124,166,desert flower movie,0.1429,3,1,34.0,youtube_suggest,2026-09-12 23:36:58.084081
8958,124,166,desert fiends trailer,0.1429,3,1,34.0,youtube_suggest,2026-09-12 23:36:58.084485
8959,124,166,desert fox machine,0.1429,3,1,34.0,youtube_suggest,2026-09-12 23:36:58.089109
8960,124,166,world machine desert,0.1429,3,1,34.0,youtube_suggest,2026-09-12 23:36:58.089439
8961,124,166,dessert bowl machine price,0.0,4,1,26.0,youtube_suggest,2026-09-12 23:36:58.089757
8962,124,166,dessert bowl machine,0.0,3,1,24.0,youtube_suggest,2026-09-12 23:36:58.089971
8963,124,166,dessert making machine,0.0,3,1,24.0,youtube_suggest,2026-09-12 23:36:58.090155
8964,124,166,dessert vending machine,0.0,3,1,24.0,youtube_suggest,2026-09-12 23:36:58.090412
8965,124,166,desert,0.2,1,0,22.0,youtube_suggest,2026-09-12 23:36:58.090603
8966,124,166,desert drifter,0.1667,2,0,21.67,youtube_suggest,2026-09-12 23:36:58.090802
8967,124,166,desert rose,0.1667,2,0,21.67,youtube_suggest,2026-09-12 23:36:58.091015
8968,124,166,desert music,0.1667,2,0,21.67,youtube_suggest,2026-09-12 23:36:58.091260
8969,124,166,desert eagle,0.1667,2,0,21.67,youtube_suggest,2026-09-12 23:36:58.091442
8970,124,166,desert storm,0.1667,2,0,21.67,youtube_suggest,2026-09-12 23:36:58.091620
8971,125,167,desert fathers in a year,0.1429,5,1,38.0,youtube_suggest,2026-09-12 23:39:23.249624
8972,125,167,desert eagle 50 ae,0.1667,4,1,37.67,youtube_suggest,2026-09-12 23:39:23.249865
8973,125,167,desert biome plants vs brainrots,0.125,5,1,36.75,youtube_suggest,2026-09-12 23:39:23.250028
8974,125,167,desert edge vs notre dame,0.125,5,1,36.75,youtube_suggest,2026-09-12 23:39:23.250180
8975,125,167,siphon water with long hose,0.125,5,1,36.75,youtube_suggest,2026-09-12 23:39:23.250330
8976,125,167,the great machine desert lodge,0.125,5,1,36.75,youtube_suggest,2026-09-12 23:39:23.250470
8977,125,167,desert animals for kids,0.1429,4,1,36.0,youtube_suggest,2026-09-12 23:39:23.250606
8978,125,167,desert at night firework,0.1429,4,1,36.0,youtube_suggest,2026-09-12 23:39:23.250739
8979,125,167,desert bus for hope,0.1429,4,1,36.0,youtube_suggest,2026-09-12 23:39:23.250879
8980,125,167,desert eagle 44 magnum,0.1429,4,1,36.0,youtube_suggest,2026-09-12 23:39:23.251035
8981,125,167,desert mario maker 2,0.1429,4,1,36.0,youtube_suggest,2026-09-12 23:39:23.251170
8982,125,167,desert edge high school football,0.1111,5,1,35.78,youtube_suggest,2026-09-12 23:39:23.251311
8983,125,167,desert fox gold panning machine,0.1111,5,1,35.78,youtube_suggest,2026-09-12 23:39:23.251440
8984,125,167,powdered wig machine desert sessions,0.1111,5,1,35.78,youtube_suggest,2026-09-12 23:39:23.256919
8985,125,167,desert sessions powdered wig machine,0.1111,5,1,35.78,youtube_suggest,2026-09-12 23:39:23.257155
8986,125,167,desert at night,0.1667,3,1,35.67,youtube_suggest,2026-09-12 23:39:23.257355
8987,125,167,desert for kids,0.1667,3,1,35.67,youtube_suggest,2026-09-12 23:39:23.257547
8988,125,167,desert ambience sound effect,0.125,4,1,34.75,youtube_suggest,2026-09-12 23:39:23.257741
8989,125,167,desert city swing 2026,0.125,4,1,34.75,youtube_suggest,2026-09-12 23:39:23.257924
8990,125,167,desert chase indiana jones,0.125,4,1,34.75,youtube_suggest,2026-09-12 23:39:23.258100
8991,125,167,desert eagle sound effect,0.125,4,1,34.75,youtube_suggest,2026-09-12 23:39:23.258284
8992,125,167,desert eagle 357 magnum,0.125,4,1,34.75,youtube_suggest,2026-09-12 23:39:23.258481
8993,125,167,desert eagle machine gun,0.125,4,1,34.75,youtube_suggest,2026-09-12 23:39:23.258668
8994,125,167,ghost machine desert rose,0.125,4,1,34.75,youtube_suggest,2026-09-12 23:39:23.258850
8995,125,167,desert hawk slot machine,0.125,4,1,34.75,youtube_suggest,2026-09-12 23:39:23.258995
8996,125,167,god machine desert song,0.125,4,1,34.75,youtube_suggest,2026-09-12 23:39:23.259170
8997,125,167,desert fox panning machine,0.125,4,1,34.75,youtube_suggest,2026-09-12 23:39:23.259368
8998,125,167,desert rose ghost machine,0.125,4,1,34.75,youtube_suggest,2026-09-12 23:39:23.259667
8999,125,167,sahara desert slot machine,0.125,4,1,34.75,youtube_suggest,2026-09-12 23:39:23.259851
9000,125,167,desert rose sting,0.1429,3,1,34.0,youtube_suggest,2026-09-12 23:39:23.260022
9001,125,167,desert ambient music,0.1429,3,1,34.0,youtube_suggest,2026-09-12 23:39:23.260202
9002,125,167,desert ambience dnd,0.1429,3,1,34.0,youtube_suggest,2026-09-12 23:39:23.260397
9003,125,167,desert builds minecraft,0.1429,3,1,34.0,youtube_suggest,2026-09-12 23:39:23.267813
9004,125,167,desert bus roblox,0.1429,3,1,34.0,youtube_suggest,2026-09-12 23:39:23.268146
9005,125,167,desert battle music,0.1429,3,1,34.0,youtube_suggest,2026-09-12 23:39:23.268351
9006,125,167,desert chill music,0.1429,3,1,34.0,youtube_suggest,2026-09-12 23:39:23.268568
9007,125,167,desert combat music,0.1429,3,1,34.0,youtube_suggest,2026-09-12 23:39:23.268762
9008,125,167,desert dawn trailer,0.1429,3,1,34.0,youtube_suggest,2026-09-12 23:39:23.269048
9009,125,167,desert dog outdoors,0.1429,3,1,34.0,youtube_suggest,2026-09-12 23:39:23.269312
9010,125,167,desert duo animatic,0.1429,3,1,34.0,youtube_suggest,2026-09-12 23:39:23.269515
9011,125,167,desert drifter channel,0.1429,3,1,34.0,youtube_suggest,2026-09-12 23:39:23.269701
9012,125,167,desert eagle beyonce,0.1429,3,1,34.0,youtube_suggest,2026-09-12 23:39:23.269883
9013,125,167,desert eagle gun,0.1429,3,1,34.0,youtube_suggest,2026-09-12 23:39:23.270066
9014,125,167,desert eagle recoil,0.1429,3,1,34.0,youtube_suggest,2026-09-12 23:39:23.270250
9015,125,167,desert fox airsoft,0.1429,3,1,34.0,youtube_suggest,2026-09-12 23:39:23.270443
9016,125,167,desert flower trailer,0.1429,3,1,34.0,youtube_suggest,2026-09-12 23:39:23.270618
9017,125,167,desert flower movie,0.1429,3,1,34.0,youtube_suggest,2026-09-12 23:39:23.270795
9018,125,167,desert fiends trailer,0.1429,3,1,34.0,youtube_suggest,2026-09-12 23:39:23.271111
9019,125,167,desert fox machine,0.1429,3,1,34.0,youtube_suggest,2026-09-12 23:39:23.271299
9020,125,167,world machine desert,0.1429,3,1,34.0,youtube_suggest,2026-09-12 23:39:23.271491
9021,125,167,water coming out of bottom of shower,0.0,7,1,30.0,youtube_suggest,2026-09-12 23:39:23.271668
9022,125,167,water seal vs dry suction chest tube,0.0,7,1,30.0,youtube_suggest,2026-09-12 23:39:23.271844
9023,125,167,how to get water out of bottom of dishwasher,0.0,9,1,30.0,youtube_suggest,2026-09-12 23:39:23.272030
9024,125,167,water dripping from bottom of garbage disposal,0.0,7,1,30.0,youtube_suggest,2026-09-12 23:39:23.272264
9025,125,167,water leaking out of bottom of garbage disposal,0.0,8,1,30.0,youtube_suggest,2026-09-12 23:39:23.272468
9026,125,167,how to stop water from leaking out of shower,0.0,9,1,30.0,youtube_suggest,2026-09-12 23:39:23.289704
9027,125,167,water coming from bottom of shower,0.0,6,1,30.0,youtube_suggest,2026-09-12 23:39:23.290008
9028,125,167,water seal suction chest tube,0.0,5,1,28.0,youtube_suggest,2026-09-12 23:39:23.290257
9029,125,167,dehumidifier won't drain through hose,0.0,5,1,28.0,youtube_suggest,2026-09-12 23:39:23.290463
9030,125,167,rusty water from bathtub faucet,0.0,5,1,28.0,youtube_suggest,2026-09-12 23:39:23.290650
9031,126,168,desert eagle 50 ae,0.2,4,1,40.0,youtube_suggest,2026-09-12 23:42:29.381694
9032,126,168,desert fathers in a year,0.1667,5,1,39.67,youtube_suggest,2026-09-12 23:42:29.384825
9033,126,168,desert at night,0.2,3,1,38.0,youtube_suggest,2026-09-12 23:42:29.385437
9034,126,168,desert biome plants vs brainrots,0.1429,5,1,38.0,youtube_suggest,2026-09-12 23:42:29.385761
9035,126,168,desert edge vs notre dame,0.1429,5,1,38.0,youtube_suggest,2026-09-12 23:42:29.386057
9036,126,168,desert for kids,0.2,3,1,38.0,youtube_suggest,2026-09-12 23:42:29.386328
9037,126,168,the great machine desert lodge,0.1429,5,1,38.0,youtube_suggest,2026-09-12 23:42:29.388894
9038,126,168,desert animals for kids,0.1667,4,1,37.67,youtube_suggest,2026-09-12 23:42:29.389067
9039,126,168,desert at night firework,0.1667,4,1,37.67,youtube_suggest,2026-09-12 23:42:29.389515
9040,126,168,desert bus for hope,0.1667,4,1,37.67,youtube_suggest,2026-09-12 23:42:29.389679
9041,126,168,desert eagle 44 magnum,0.1667,4,1,37.67,youtube_suggest,2026-09-12 23:42:29.389822
9042,126,168,desert mario maker 2,0.1667,4,1,37.67,youtube_suggest,2026-09-12 23:42:29.389958
9043,126,168,desert edge high school football,0.125,5,1,36.75,youtube_suggest,2026-09-12 23:42:29.390167
9044,126,168,desert fox gold panning machine,0.125,5,1,36.75,youtube_suggest,2026-09-12 23:42:29.390307
9045,126,168,powdered wig machine desert sessions,0.125,5,1,36.75,youtube_suggest,2026-09-12 23:42:29.390439
9046,126,168,desert sessions powdered wig machine,0.125,5,1,36.75,youtube_suggest,2026-09-12 23:42:29.390738
9047,126,168,desert ambience sound effect,0.1429,4,1,36.0,youtube_suggest,2026-09-12 23:42:29.390871
9048,126,168,desert city swing 2026,0.1429,4,1,36.0,youtube_suggest,2026-09-12 23:42:29.391019
9049,126,168,desert chase indiana jones,0.1429,4,1,36.0,youtube_suggest,2026-09-12 23:42:29.391148
9050,126,168,desert eagle sound effect,0.1429,4,1,36.0,youtube_suggest,2026-09-12 23:42:29.391338
9051,126,168,desert eagle 357 magnum,0.1429,4,1,36.0,youtube_suggest,2026-09-12 23:42:29.391470
9052,126,168,desert eagle machine gun,0.1429,4,1,36.0,youtube_suggest,2026-09-12 23:42:29.391637
9053,126,168,ghost machine desert rose,0.1429,4,1,36.0,youtube_suggest,2026-09-12 23:42:29.391802
9054,126,168,desert hawk slot machine,0.1429,4,1,36.0,youtube_suggest,2026-09-12 23:42:29.392097
9055,126,168,god machine desert song,0.1429,4,1,36.0,youtube_suggest,2026-09-12 23:42:29.396913
9056,126,168,desert fox panning machine,0.1429,4,1,36.0,youtube_suggest,2026-09-12 23:42:29.397123
9057,126,168,desert rose ghost machine,0.1429,4,1,36.0,youtube_suggest,2026-09-12 23:42:29.397282
9058,126,168,sahara desert slot machine,0.1429,4,1,36.0,youtube_suggest,2026-09-12 23:42:29.397521
9059,126,168,desert rose sting,0.1667,3,1,35.67,youtube_suggest,2026-09-12 23:42:29.397836
9060,126,168,desert ambient music,0.1667,3,1,35.67,youtube_suggest,2026-09-12 23:42:29.397989
9061,126,168,desert ambience dnd,0.1667,3,1,35.67,youtube_suggest,2026-09-12 23:42:29.398190
9062,126,168,desert builds minecraft,0.1667,3,1,35.67,youtube_suggest,2026-09-12 23:42:29.398343
9063,126,168,desert bus roblox,0.1667,3,1,35.67,youtube_suggest,2026-09-12 23:42:29.398629
9064,126,168,desert battle music,0.1667,3,1,35.67,youtube_suggest,2026-09-12 23:42:29.398915
9065,126,168,desert chill music,0.1667,3,1,35.67,youtube_suggest,2026-09-12 23:42:29.399275
9066,126,168,desert combat music,0.1667,3,1,35.67,youtube_suggest,2026-09-12 23:42:29.399434
9067,126,168,desert dawn trailer,0.1667,3,1,35.67,youtube_suggest,2026-09-12 23:42:29.401923
9068,126,168,desert dog outdoors,0.1667,3,1,35.67,youtube_suggest,2026-09-12 23:42:29.402389
9069,126,168,desert duo animatic,0.1667,3,1,35.67,youtube_suggest,2026-09-12 23:42:29.402549
9070,126,168,desert drifter channel,0.1667,3,1,35.67,youtube_suggest,2026-09-12 23:42:29.402756
9071,126,168,desert eagle beyonce,0.1667,3,1,35.67,youtube_suggest,2026-09-12 23:42:29.402916
9072,126,168,desert eagle gun,0.1667,3,1,35.67,youtube_suggest,2026-09-12 23:42:29.403184
9073,126,168,desert eagle recoil,0.1667,3,1,35.67,youtube_suggest,2026-09-12 23:42:29.403377
9074,126,168,desert fox airsoft,0.1667,3,1,35.67,youtube_suggest,2026-09-12 23:42:29.403699
9075,126,168,desert flower trailer,0.1667,3,1,35.67,youtube_suggest,2026-09-12 23:42:29.403855
9076,126,168,desert flower movie,0.1667,3,1,35.67,youtube_suggest,2026-09-12 23:42:29.404000
9077,126,168,desert fiends trailer,0.1667,3,1,35.67,youtube_suggest,2026-09-12 23:42:29.404140
9078,126,168,desert fox machine,0.1667,3,1,35.67,youtube_suggest,2026-09-12 23:42:29.408858
9079,126,168,world machine desert,0.1667,3,1,35.67,youtube_suggest,2026-09-12 23:42:29.409438
9080,126,168,sandblasting with play sand,0.0,4,1,26.0,youtube_suggest,2026-09-12 23:42:29.409760
9081,126,168,sandblaster not blowing sand,0.0,4,1,26.0,youtube_suggest,2026-09-12 23:42:29.409943
9082,126,168,dessert bowl machine price,0.0,4,1,26.0,youtube_suggest,2026-09-12 23:42:29.410114
9083,126,168,desert,0.25,1,0,25.5,youtube_suggest,2026-09-12 23:42:29.410344
9084,126,168,desert drifter,0.2,2,0,24.0,youtube_suggest,2026-09-12 23:42:29.410679
9085,126,168,desert rose,0.2,2,0,24.0,youtube_suggest,2026-09-12 23:42:29.410962
9086,126,168,desert music,0.2,2,0,24.0,youtube_suggest,2026-09-12 23:42:29.411190
9087,126,168,desert eagle,0.2,2,0,24.0,youtube_suggest,2026-09-12 23:42:29.411414
9088,126,168,desert storm,0.2,2,0,24.0,youtube_suggest,2026-09-12 23:42:29.411778
9089,126,168,desert sounds,0.2,2,0,24.0,youtube_suggest,2026-09-12 23:42:29.412265
9090,126,168,desert degens,0.2,2,0,24.0,youtube_suggest,2026-09-12 23:42:29.412503
9091,127,169,desert eagle 50 ae,0.2,4,1,40.0,youtube_suggest,2026-09-12 23:45:42.217994
9092,127,169,desert fathers in a year,0.1667,5,1,39.67,youtube_suggest,2026-09-12 23:45:42.219558
9093,127,169,obsidian worldbreaker how to get,0.1667,5,1,39.67,youtube_suggest,2026-09-12 23:45:42.219793
9094,127,169,desert at night,0.2,3,1,38.0,youtube_suggest,2026-09-12 23:45:42.220030
9095,127,169,desert biome plants vs brainrots,0.1429,5,1,38.0,youtube_suggest,2026-09-12 23:45:42.220225
9096,127,169,desert edge vs notre dame,0.1429,5,1,38.0,youtube_suggest,2026-09-12 23:45:42.220414
9097,127,169,desert for kids,0.2,3,1,38.0,youtube_suggest,2026-09-12 23:45:42.221950
9098,127,169,the obsidian sanctum,0.2,3,1,38.0,youtube_suggest,2026-09-12 23:45:42.222197
9099,127,169,the obsidian believe,0.2,3,1,38.0,youtube_suggest,2026-09-12 23:45:42.222395
9100,127,169,the great machine desert lodge,0.1429,5,1,38.0,youtube_suggest,2026-09-12 23:45:42.222607
9101,127,169,desert animals for kids,0.1667,4,1,37.67,youtube_suggest,2026-09-12 23:45:42.222809
9102,127,169,desert at night firework,0.1667,4,1,37.67,youtube_suggest,2026-09-12 23:45:42.222998
9103,127,169,desert bus for hope,0.1667,4,1,37.67,youtube_suggest,2026-09-12 23:45:42.224790
9104,127,169,desert eagle 44 magnum,0.1667,4,1,37.67,youtube_suggest,2026-09-12 23:45:42.225012
9105,127,169,desert mario maker 2,0.1667,4,1,37.67,youtube_suggest,2026-09-12 23:45:42.225201
9106,127,169,desert edge high school football,0.125,5,1,36.75,youtube_suggest,2026-09-12 23:45:42.226022
9107,127,169,desert fox gold panning machine,0.125,5,1,36.75,youtube_suggest,2026-09-12 23:45:42.226350
9108,127,169,powdered wig machine desert sessions,0.125,5,1,36.75,youtube_suggest,2026-09-12 23:45:42.226546
9109,127,169,desert sessions powdered wig machine,0.125,5,1,36.75,youtube_suggest,2026-09-12 23:45:42.226745
9110,127,169,desert ambience sound effect,0.1429,4,1,36.0,youtube_suggest,2026-09-12 23:45:42.226937
9111,127,169,desert city swing 2026,0.1429,4,1,36.0,youtube_suggest,2026-09-12 23:45:42.227122
9112,127,169,desert chase indiana jones,0.1429,4,1,36.0,youtube_suggest,2026-09-12 23:45:42.227306
9113,127,169,desert eagle sound effect,0.1429,4,1,36.0,youtube_suggest,2026-09-12 23:45:42.227495
9114,127,169,desert eagle 357 magnum,0.1429,4,1,36.0,youtube_suggest,2026-09-12 23:45:42.227688
9115,127,169,desert eagle machine gun,0.1429,4,1,36.0,youtube_suggest,2026-09-12 23:45:42.227870
9116,127,169,ghost machine desert rose,0.1429,4,1,36.0,youtube_suggest,2026-09-12 23:45:42.228041
9117,127,169,desert hawk slot machine,0.1429,4,1,36.0,youtube_suggest,2026-09-12 23:45:42.228218
9118,127,169,god machine desert song,0.1429,4,1,36.0,youtube_suggest,2026-09-12 23:45:42.228394
9119,127,169,desert fox panning machine,0.1429,4,1,36.0,youtube_suggest,2026-09-12 23:45:42.231984
9120,127,169,desert rose ghost machine,0.1429,4,1,36.0,youtube_suggest,2026-09-12 23:45:42.232271
9121,127,169,sahara desert slot machine,0.1429,4,1,36.0,youtube_suggest,2026-09-12 23:45:42.232466
9122,127,169,desert rose sting,0.1667,3,1,35.67,youtube_suggest,2026-09-12 23:45:42.232785
9123,127,169,desert ambient music,0.1667,3,1,35.67,youtube_suggest,2026-09-12 23:45:42.233130
9124,127,169,desert ambience dnd,0.1667,3,1,35.67,youtube_suggest,2026-09-12 23:45:42.233349
9125,127,169,desert builds minecraft,0.1667,3,1,35.67,youtube_suggest,2026-09-12 23:45:42.233537
9126,127,169,desert bus roblox,0.1667,3,1,35.67,youtube_suggest,2026-09-12 23:45:42.233752
9127,127,169,desert battle music,0.1667,3,1,35.67,youtube_suggest,2026-09-12 23:45:42.233960
9128,127,169,desert chill music,0.1667,3,1,35.67,youtube_suggest,2026-09-12 23:45:42.234156
9129,127,169,desert combat music,0.1667,3,1,35.67,youtube_suggest,2026-09-12 23:45:42.234342
9130,127,169,desert dawn trailer,0.1667,3,1,35.67,youtube_suggest,2026-09-12 23:45:42.234520
9131,127,169,desert dog outdoors,0.1667,3,1,35.67,youtube_suggest,2026-09-12 23:45:42.234711
9132,127,169,desert duo animatic,0.1667,3,1,35.67,youtube_suggest,2026-09-12 23:45:42.237080
9133,127,169,desert drifter channel,0.1667,3,1,35.67,youtube_suggest,2026-09-12 23:45:42.237322
9134,127,169,desert eagle beyonce,0.1667,3,1,35.67,youtube_suggest,2026-09-12 23:45:42.237520
9135,127,169,desert eagle gun,0.1667,3,1,35.67,youtube_suggest,2026-09-12 23:45:42.237842
9136,127,169,desert eagle recoil,0.1667,3,1,35.67,youtube_suggest,2026-09-12 23:45:42.238026
9137,127,169,desert fox airsoft,0.1667,3,1,35.67,youtube_suggest,2026-09-12 23:45:42.238264
9138,127,169,desert flower trailer,0.1667,3,1,35.67,youtube_suggest,2026-09-12 23:45:42.238448
9139,127,169,desert flower movie,0.1667,3,1,35.67,youtube_suggest,2026-09-12 23:45:42.238626
9140,127,169,desert fiends trailer,0.1667,3,1,35.67,youtube_suggest,2026-09-12 23:45:42.238822
9141,127,169,desert fox machine,0.1667,3,1,35.67,youtube_suggest,2026-09-12 23:45:42.239003
9142,127,169,world machine desert,0.1667,3,1,35.67,youtube_suggest,2026-09-12 23:45:42.239183
9143,127,169,the far woods remnant 2,0.0,5,1,28.0,youtube_suggest,2026-09-12 23:45:42.239373
9144,127,169,the dark conduit remnant 2,0.0,5,1,28.0,youtube_suggest,2026-09-12 23:45:42.239558
9145,127,169,the obsidian,0.25,2,0,27.5,youtube_suggest,2026-09-12 23:45:42.239749
9146,127,169,the orange fox waits,0.0,4,1,26.0,youtube_suggest,2026-09-12 23:45:42.239923
9147,127,169,dessert bowl machine price,0.0,4,1,26.0,youtube_suggest,2026-09-12 23:45:42.240107
9148,127,169,desert,0.25,1,0,25.5,youtube_suggest,2026-09-12 23:45:42.240283
9149,127,169,desert drifter,0.2,2,0,24.0,youtube_suggest,2026-09-12 23:45:42.240479
9150,127,169,desert rose,0.2,2,0,24.0,youtube_suggest,2026-09-12 23:45:42.244987
9151,128,170,desert fathers in a year,0.1429,5,1,38.0,youtube_suggest,2026-09-12 23:48:53.474535
9152,128,170,desert eagle 50 ae,0.1667,4,1,37.67,youtube_suggest,2026-09-12 23:48:53.474912
9153,128,170,desert biome plants vs brainrots,0.125,5,1,36.75,youtube_suggest,2026-09-12 23:48:53.475143
9154,128,170,desert edge vs notre dame,0.125,5,1,36.75,youtube_suggest,2026-09-12 23:48:53.484912
9155,128,170,the great machine desert lodge,0.125,5,1,36.75,youtube_suggest,2026-09-12 23:48:53.485486
9156,128,170,desert animals for kids,0.1429,4,1,36.0,youtube_suggest,2026-09-12 23:48:53.485750
9157,128,170,desert at night firework,0.1429,4,1,36.0,youtube_suggest,2026-09-12 23:48:53.485971
9158,128,170,desert bus for hope,0.1429,4,1,36.0,youtube_suggest,2026-09-12 23:48:53.486189
9159,128,170,desert eagle 44 magnum,0.1429,4,1,36.0,youtube_suggest,2026-09-12 23:48:53.486412
9160,128,170,desert mario maker 2,0.1429,4,1,36.0,youtube_suggest,2026-09-12 23:48:53.486629
9161,128,170,desert edge high school football,0.1111,5,1,35.78,youtube_suggest,2026-09-12 23:48:53.486858
9162,128,170,desert fox gold panning machine,0.1111,5,1,35.78,youtube_suggest,2026-09-12 23:48:53.487073
9163,128,170,powdered wig machine desert sessions,0.1111,5,1,35.78,youtube_suggest,2026-09-12 23:48:53.487267
9164,128,170,desert sessions powdered wig machine,0.1111,5,1,35.78,youtube_suggest,2026-09-12 23:48:53.487479
9165,128,170,desert at night,0.1667,3,1,35.67,youtube_suggest,2026-09-12 23:48:53.487698
9166,128,170,desert for kids,0.1667,3,1,35.67,youtube_suggest,2026-09-12 23:48:53.487916
9167,128,170,desert ambience sound effect,0.125,4,1,34.75,youtube_suggest,2026-09-12 23:48:53.488089
9168,128,170,desert city swing 2026,0.125,4,1,34.75,youtube_suggest,2026-09-12 23:48:53.488252
9169,128,170,desert chase indiana jones,0.125,4,1,34.75,youtube_suggest,2026-09-12 23:48:53.488508
9170,128,170,desert eagle sound effect,0.125,4,1,34.75,youtube_suggest,2026-09-12 23:48:53.497520
9171,128,170,desert eagle 357 magnum,0.125,4,1,34.75,youtube_suggest,2026-09-12 23:48:53.500398
9172,128,170,desert eagle machine gun,0.125,4,1,34.75,youtube_suggest,2026-09-12 23:48:53.502213
9173,128,170,ghost machine desert rose,0.125,4,1,34.75,youtube_suggest,2026-09-12 23:48:53.502552
9174,128,170,desert hawk slot machine,0.125,4,1,34.75,youtube_suggest,2026-09-12 23:48:53.502755
9175,128,170,god machine desert song,0.125,4,1,34.75,youtube_suggest,2026-09-12 23:48:53.508971
9176,128,170,desert fox panning machine,0.125,4,1,34.75,youtube_suggest,2026-09-12 23:48:53.509325
9177,128,170,desert rose ghost machine,0.125,4,1,34.75,youtube_suggest,2026-09-12 23:48:53.509548
9178,128,170,sahara desert slot machine,0.125,4,1,34.75,youtube_suggest,2026-09-12 23:48:53.509749
9179,128,170,crystalline caverns derelict,0.1429,3,1,34.0,youtube_suggest,2026-09-12 23:48:53.509955
9180,128,170,desert rose sting,0.1429,3,1,34.0,youtube_suggest,2026-09-12 23:48:53.510146
9181,128,170,desert ambient music,0.1429,3,1,34.0,youtube_suggest,2026-09-12 23:48:53.510329
9182,128,170,desert ambience dnd,0.1429,3,1,34.0,youtube_suggest,2026-09-12 23:48:53.510509
9183,128,170,desert builds minecraft,0.1429,3,1,34.0,youtube_suggest,2026-09-12 23:48:53.510678
9184,128,170,desert bus roblox,0.1429,3,1,34.0,youtube_suggest,2026-09-12 23:48:53.510859
9185,128,170,desert battle music,0.1429,3,1,34.0,youtube_suggest,2026-09-12 23:48:53.511075
9186,128,170,desert chill music,0.1429,3,1,34.0,youtube_suggest,2026-09-12 23:48:53.511247
9187,128,170,desert combat music,0.1429,3,1,34.0,youtube_suggest,2026-09-12 23:48:53.511420
9188,128,170,desert dawn trailer,0.1429,3,1,34.0,youtube_suggest,2026-09-12 23:48:53.511615
9189,128,170,desert dog outdoors,0.1429,3,1,34.0,youtube_suggest,2026-09-12 23:48:53.511799
9190,128,170,desert duo animatic,0.1429,3,1,34.0,youtube_suggest,2026-09-12 23:48:53.511997
9191,128,170,desert drifter channel,0.1429,3,1,34.0,youtube_suggest,2026-09-12 23:48:53.512176
9192,128,170,desert eagle beyonce,0.1429,3,1,34.0,youtube_suggest,2026-09-12 23:48:53.512360
9193,128,170,desert eagle gun,0.1429,3,1,34.0,youtube_suggest,2026-09-12 23:48:53.518427
9194,128,170,desert eagle recoil,0.1429,3,1,34.0,youtube_suggest,2026-09-12 23:48:53.518934
9195,128,170,desert fox airsoft,0.1429,3,1,34.0,youtube_suggest,2026-09-12 23:48:53.519202
9196,128,170,desert flower trailer,0.1429,3,1,34.0,youtube_suggest,2026-09-12 23:48:53.519427
9197,128,170,desert flower movie,0.1429,3,1,34.0,youtube_suggest,2026-09-12 23:48:53.519640
9198,128,170,desert fiends trailer,0.1429,3,1,34.0,youtube_suggest,2026-09-12 23:48:53.519872
9199,128,170,desert fox machine,0.1429,3,1,34.0,youtube_suggest,2026-09-12 23:48:53.520093
9200,128,170,world machine desert,0.1429,3,1,34.0,youtube_suggest,2026-09-12 23:48:53.520299
9201,128,170,how to complete stone dragon shrine,0.0,6,1,30.0,youtube_suggest,2026-09-12 23:48:53.520507
9202,128,170,how to do stone dragon shrine,0.0,6,1,30.0,youtube_suggest,2026-09-12 23:48:53.526216
9203,128,170,strike the large purified crystal,0.0,5,1,28.0,youtube_suggest,2026-09-12 23:48:53.526474
9204,128,170,scourge of the water temple,0.0,5,1,28.0,youtube_suggest,2026-09-12 23:48:53.526681
9205,128,170,sailor saturn ost crystal,0.0,4,1,26.0,youtube_suggest,2026-09-12 23:48:53.526869
9206,128,170,cryogen master death mode,0.0,4,1,26.0,youtube_suggest,2026-09-12 23:48:53.532137
9207,128,170,aquatic scourge death mode,0.0,4,1,26.0,youtube_suggest,2026-09-12 23:48:53.532526
9208,128,170,dragonspine scarlet quartz locations,0.0,4,1,26.0,youtube_suggest,2026-09-12 23:48:53.534766
9209,128,170,dessert bowl machine price,0.0,4,1,26.0,youtube_suggest,2026-09-12 23:48:53.535056
9210,128,170,dessert bowl machine,0.0,3,1,24.0,youtube_suggest,2026-09-12 23:48:53.535274
9211,129,171,desert eagle 50 ae,0.2,4,1,40.0,youtube_suggest,2026-09-12 23:52:02.571312
9212,129,171,desert fathers in a year,0.1667,5,1,39.67,youtube_suggest,2026-09-12 23:52:02.571593
9213,129,171,groundwater flow in confined aquifer,0.1429,5,1,38.0,youtube_suggest,2026-09-12 23:52:02.571806
9214,129,171,desert at night,0.2,3,1,38.0,youtube_suggest,2026-09-12 23:52:02.572006
9215,129,171,desert biome plants vs brainrots,0.1429,5,1,38.0,youtube_suggest,2026-09-12 23:52:02.572195
9216,129,171,desert edge vs notre dame,0.1429,5,1,38.0,youtube_suggest,2026-09-12 23:52:02.572428
9217,129,171,desert for kids,0.2,3,1,38.0,youtube_suggest,2026-09-12 23:52:02.578184
9218,129,171,the great machine desert lodge,0.1429,5,1,38.0,youtube_suggest,2026-09-12 23:52:02.578465
9219,129,171,desert animals for kids,0.1667,4,1,37.67,youtube_suggest,2026-09-12 23:52:02.578686
9220,129,171,desert at night firework,0.1667,4,1,37.67,youtube_suggest,2026-09-12 23:52:02.578879
9221,129,171,desert bus for hope,0.1667,4,1,37.67,youtube_suggest,2026-09-12 23:52:02.579071
9222,129,171,desert eagle 44 magnum,0.1667,4,1,37.67,youtube_suggest,2026-09-12 23:52:02.579282
9223,129,171,desert mario maker 2,0.1667,4,1,37.67,youtube_suggest,2026-09-12 23:52:02.579468
9224,129,171,desert edge high school football,0.125,5,1,36.75,youtube_suggest,2026-09-12 23:52:02.579658
9225,129,171,desert fox gold panning machine,0.125,5,1,36.75,youtube_suggest,2026-09-12 23:52:02.579839
9226,129,171,powdered wig machine desert sessions,0.125,5,1,36.75,youtube_suggest,2026-09-12 23:52:02.580031
9227,129,171,desert sessions powdered wig machine,0.125,5,1,36.75,youtube_suggest,2026-09-12 23:52:02.584895
9228,129,171,desert ambience sound effect,0.1429,4,1,36.0,youtube_suggest,2026-09-12 23:52:02.585262
9229,129,171,desert city swing 2026,0.1429,4,1,36.0,youtube_suggest,2026-09-12 23:52:02.585473
9230,129,171,desert chase indiana jones,0.1429,4,1,36.0,youtube_suggest,2026-09-12 23:52:02.585650
9231,129,171,desert eagle sound effect,0.1429,4,1,36.0,youtube_suggest,2026-09-12 23:52:02.585849
9232,129,171,desert eagle 357 magnum,0.1429,4,1,36.0,youtube_suggest,2026-09-12 23:52:02.586063
9233,129,171,desert eagle machine gun,0.1429,4,1,36.0,youtube_suggest,2026-09-12 23:52:02.586295
9234,129,171,ghost machine desert rose,0.1429,4,1,36.0,youtube_suggest,2026-09-12 23:52:02.586460
9235,129,171,desert hawk slot machine,0.1429,4,1,36.0,youtube_suggest,2026-09-12 23:52:02.586631
9236,129,171,god machine desert song,0.1429,4,1,36.0,youtube_suggest,2026-09-12 23:52:02.586792
9237,129,171,desert fox panning machine,0.1429,4,1,36.0,youtube_suggest,2026-09-12 23:52:02.586947
9238,129,171,desert rose ghost machine,0.1429,4,1,36.0,youtube_suggest,2026-09-12 23:52:02.587153
9239,129,171,sahara desert slot machine,0.1429,4,1,36.0,youtube_suggest,2026-09-12 23:52:02.587348
9240,129,171,desert rose sting,0.1667,3,1,35.67,youtube_suggest,2026-09-12 23:52:02.587532
9241,129,171,desert ambient music,0.1667,3,1,35.67,youtube_suggest,2026-09-12 23:52:02.588052
9242,129,171,desert ambience dnd,0.1667,3,1,35.67,youtube_suggest,2026-09-12 23:52:02.588512
9243,129,171,desert builds minecraft,0.1667,3,1,35.67,youtube_suggest,2026-09-12 23:52:02.598503
9244,129,171,desert bus roblox,0.1667,3,1,35.67,youtube_suggest,2026-09-12 23:52:02.598757
9245,129,171,desert battle music,0.1667,3,1,35.67,youtube_suggest,2026-09-12 23:52:02.598957
9246,129,171,desert chill music,0.1667,3,1,35.67,youtube_suggest,2026-09-12 23:52:02.600899
9247,129,171,desert combat music,0.1667,3,1,35.67,youtube_suggest,2026-09-12 23:52:02.601139
9248,129,171,desert dawn trailer,0.1667,3,1,35.67,youtube_suggest,2026-09-12 23:52:02.601342
9249,129,171,desert dog outdoors,0.1667,3,1,35.67,youtube_suggest,2026-09-12 23:52:02.601531
9250,129,171,desert duo animatic,0.1667,3,1,35.67,youtube_suggest,2026-09-12 23:52:02.601722
9251,129,171,desert drifter channel,0.1667,3,1,35.67,youtube_suggest,2026-09-12 23:52:02.601926
9252,129,171,desert eagle beyonce,0.1667,3,1,35.67,youtube_suggest,2026-09-12 23:52:02.602114
9253,129,171,desert eagle gun,0.1667,3,1,35.67,youtube_suggest,2026-09-12 23:52:02.602297
9254,129,171,desert eagle recoil,0.1667,3,1,35.67,youtube_suggest,2026-09-12 23:52:02.602498
9255,129,171,desert fox airsoft,0.1667,3,1,35.67,youtube_suggest,2026-09-12 23:52:02.602692
9256,129,171,desert flower trailer,0.1667,3,1,35.67,youtube_suggest,2026-09-12 23:52:02.602876
9257,129,171,desert flower movie,0.1667,3,1,35.67,youtube_suggest,2026-09-12 23:52:02.603074
9258,129,171,desert fiends trailer,0.1667,3,1,35.67,youtube_suggest,2026-09-12 23:52:02.612714
9259,129,171,desert fox machine,0.1667,3,1,35.67,youtube_suggest,2026-09-12 23:52:02.613165
9260,129,171,world machine desert,0.1667,3,1,35.67,youtube_suggest,2026-09-12 23:52:02.613388
9261,129,171,dessert bowl machine price,0.0,4,1,26.0,youtube_suggest,2026-09-12 23:52:02.613585
9262,129,171,desert,0.25,1,0,25.5,youtube_suggest,2026-09-12 23:52:02.615161
9263,129,171,desert drifter,0.2,2,0,24.0,youtube_suggest,2026-09-12 23:52:02.621019
9264,129,171,desert rose,0.2,2,0,24.0,youtube_suggest,2026-09-12 23:52:02.621260
9265,129,171,desert music,0.2,2,0,24.0,youtube_suggest,2026-09-12 23:52:02.621467
9266,129,171,desert eagle,0.2,2,0,24.0,youtube_suggest,2026-09-12 23:52:02.621655
9267,129,171,desert storm,0.2,2,0,24.0,youtube_suggest,2026-09-12 23:52:02.621842
9268,129,171,desert sounds,0.2,2,0,24.0,youtube_suggest,2026-09-12 23:52:02.622034
9269,129,171,desert degens,0.2,2,0,24.0,youtube_suggest,2026-09-12 23:52:02.622218
9270,129,171,desert ambience,0.2,2,0,24.0,youtube_suggest,2026-09-12 23:52:02.622418
9271,130,172,the desert sun,0.5,3,1,59.0,youtube_suggest,2026-09-12 23:54:19.531578
9272,130,172,desert colossus heart piece,0.3333,4,1,49.33,youtube_suggest,2026-09-12 23:54:19.535079
9273,130,172,desert colossus,0.5,2,0,45.0,youtube_suggest,2026-09-12 23:54:19.536278
9274,130,172,desert sun,0.5,2,0,45.0,youtube_suggest,2026-09-12 23:54:19.538323
9275,130,172,desert eagle 50 ae,0.2,4,1,40.0,youtube_suggest,2026-09-12 23:54:19.538652
9276,130,172,desert fathers in a year,0.1667,5,1,39.67,youtube_suggest,2026-09-12 23:54:19.538875
9277,130,172,the great machine desert lodge,0.1429,5,1,38.0,youtube_suggest,2026-09-12 23:54:19.539082
9278,130,172,desert at night,0.2,3,1,38.0,youtube_suggest,2026-09-12 23:54:19.539305
9279,130,172,desert biome plants vs brainrots,0.1429,5,1,38.0,youtube_suggest,2026-09-12 23:54:19.539530
9280,130,172,desert edge vs notre dame,0.1429,5,1,38.0,youtube_suggest,2026-09-12 23:54:19.539734
9281,130,172,desert for kids,0.2,3,1,38.0,youtube_suggest,2026-09-12 23:54:19.540957
9282,130,172,desert lament for soldier's glory,0.1429,5,1,38.0,youtube_suggest,2026-09-12 23:54:19.542177
9283,130,172,dusty dune galaxy soaring on the desert winds,0.1111,8,1,37.78,youtube_suggest,2026-09-12 23:54:19.542462
9284,130,172,desert mario maker 2,0.1667,4,1,37.67,youtube_suggest,2026-09-12 23:54:19.543529
9285,130,172,desert animals for kids,0.1667,4,1,37.67,youtube_suggest,2026-09-12 23:54:19.543756
9286,130,172,desert at night firework,0.1667,4,1,37.67,youtube_suggest,2026-09-12 23:54:19.543982
9287,130,172,desert bus for hope,0.1667,4,1,37.67,youtube_suggest,2026-09-12 23:54:19.544209
9288,130,172,desert eagle 44 magnum,0.1667,4,1,37.67,youtube_suggest,2026-09-12 23:54:19.546224
9289,130,172,desert fox gold panning machine,0.125,5,1,36.75,youtube_suggest,2026-09-12 23:54:19.546504
9290,130,172,powdered wig machine desert sessions,0.125,5,1,36.75,youtube_suggest,2026-09-12 23:54:19.546723
9291,130,172,desert sessions powdered wig machine,0.125,5,1,36.75,youtube_suggest,2026-09-12 23:54:19.546936
9292,130,172,desert edge high school football,0.125,5,1,36.75,youtube_suggest,2026-09-12 23:54:19.547141
9293,130,172,desert eagle machine gun,0.1429,4,1,36.0,youtube_suggest,2026-09-12 23:54:19.547372
9294,130,172,ghost machine desert rose,0.1429,4,1,36.0,youtube_suggest,2026-09-12 23:54:19.547575
9295,130,172,desert hawk slot machine,0.1429,4,1,36.0,youtube_suggest,2026-09-12 23:54:19.547930
9296,130,172,god machine desert song,0.1429,4,1,36.0,youtube_suggest,2026-09-12 23:54:19.548373
9297,130,172,desert fox panning machine,0.1429,4,1,36.0,youtube_suggest,2026-09-12 23:54:19.551631
9298,130,172,desert rose ghost machine,0.1429,4,1,36.0,youtube_suggest,2026-09-12 23:54:19.551913
9299,130,172,sahara desert slot machine,0.1429,4,1,36.0,youtube_suggest,2026-09-12 23:54:19.552116
9300,130,172,desert ambience sound effect,0.1429,4,1,36.0,youtube_suggest,2026-09-12 23:54:19.556225
9301,130,172,desert city swing 2026,0.1429,4,1,36.0,youtube_suggest,2026-09-12 23:54:19.556731
9302,130,172,desert chase indiana jones,0.1429,4,1,36.0,youtube_suggest,2026-09-12 23:54:19.556983
9303,130,172,desert eagle sound effect,0.1429,4,1,36.0,youtube_suggest,2026-09-12 23:54:19.557206
9304,130,172,desert eagle 357 magnum,0.1429,4,1,36.0,youtube_suggest,2026-09-12 23:54:19.557408
9305,130,172,desert fox machine,0.1667,3,1,35.67,youtube_suggest,2026-09-12 23:54:19.557620
9306,130,172,world machine desert,0.1667,3,1,35.67,youtube_suggest,2026-09-12 23:54:19.557807
9307,130,172,desert rose sting,0.1667,3,1,35.67,youtube_suggest,2026-09-12 23:54:19.557995
9308,130,172,desert ambient music,0.1667,3,1,35.67,youtube_suggest,2026-09-12 23:54:19.558177
9309,130,172,desert ambience dnd,0.1667,3,1,35.67,youtube_suggest,2026-09-12 23:54:19.558386
9310,130,172,desert builds minecraft,0.1667,3,1,35.67,youtube_suggest,2026-09-12 23:54:19.558566
9311,130,172,desert bus roblox,0.1667,3,1,35.67,youtube_suggest,2026-09-12 23:54:19.558749
9312,130,172,desert battle music,0.1667,3,1,35.67,youtube_suggest,2026-09-12 23:54:19.558950
9313,130,172,desert chill music,0.1667,3,1,35.67,youtube_suggest,2026-09-12 23:54:19.559130
9314,130,172,desert combat music,0.1667,3,1,35.67,youtube_suggest,2026-09-12 23:54:19.559333
9315,130,172,desert dawn trailer,0.1667,3,1,35.67,youtube_suggest,2026-09-12 23:54:19.559514
9316,130,172,desert dog outdoors,0.1667,3,1,35.67,youtube_suggest,2026-09-12 23:54:19.559689
9317,130,172,desert duo animatic,0.1667,3,1,35.67,youtube_suggest,2026-09-12 23:54:19.559870
9318,130,172,desert drifter channel,0.1667,3,1,35.67,youtube_suggest,2026-09-12 23:54:19.560069
9319,130,172,desert eagle beyonce,0.1667,3,1,35.67,youtube_suggest,2026-09-12 23:54:19.560262
9320,130,172,desert eagle gun,0.1667,3,1,35.67,youtube_suggest,2026-09-12 23:54:19.560449
9321,130,172,desert eagle recoil,0.1667,3,1,35.67,youtube_suggest,2026-09-12 23:54:19.562834
9322,130,172,desert fox airsoft,0.1667,3,1,35.67,youtube_suggest,2026-09-12 23:54:19.563067
9323,130,172,desert flower trailer,0.1667,3,1,35.67,youtube_suggest,2026-09-12 23:54:19.563283
9324,130,172,desert flower movie,0.1667,3,1,35.67,youtube_suggest,2026-09-12 23:54:19.563479
9325,130,172,desert fiends trailer,0.1667,3,1,35.67,youtube_suggest,2026-09-12 23:54:19.565209
9326,130,172,desert sand blowing,0.1667,3,1,35.67,youtube_suggest,2026-09-12 23:54:19.565638
9327,130,172,dessert bowl machine price,0.0,4,1,26.0,youtube_suggest,2026-09-12 23:54:19.565834
9328,130,172,desert,0.25,1,0,25.5,youtube_suggest,2026-09-12 23:54:19.566022
9329,130,172,dessert bowl machine,0.0,3,1,24.0,youtube_suggest,2026-09-12 23:54:19.566223
9330,130,172,desert pogona,0.2,2,0,24.0,youtube_suggest,2026-09-12 23:54:19.566409
9331,131,173,shifting sand land music,0.2857,4,1,46.0,youtube_suggest,2026-09-12 23:56:36.965890
9332,131,173,shifting sand land ost,0.2857,4,1,46.0,youtube_suggest,2026-09-12 23:56:36.966152
9333,131,173,shifting sand land in the talons of the big bird,0.2222,10,1,45.56,youtube_suggest,2026-09-12 23:56:36.966319
9334,131,173,how to get all stars in shifting sand land,0.2222,9,1,45.56,youtube_suggest,2026-09-12 23:56:36.966481
9335,131,173,desert fathers in a year,0.1429,5,1,38.0,youtube_suggest,2026-09-12 23:56:36.966638
9336,131,173,ark gen 1 underwater cube location,0.1111,6,1,37.78,youtube_suggest,2026-09-12 23:56:36.966778
9337,131,173,desert eagle 50 ae,0.1667,4,1,37.67,youtube_suggest,2026-09-12 23:56:36.966913
9338,131,173,the island ark underwater caves,0.125,5,1,36.75,youtube_suggest,2026-09-12 23:56:36.967043
9339,131,173,desert biome plants vs brainrots,0.125,5,1,36.75,youtube_suggest,2026-09-12 23:56:36.967186
9340,131,173,desert edge vs notre dame,0.125,5,1,36.75,youtube_suggest,2026-09-12 23:56:36.967324
9341,131,173,the great machine desert lodge,0.125,5,1,36.75,youtube_suggest,2026-09-12 23:56:36.967468
9342,131,173,desert animals for kids,0.1429,4,1,36.0,youtube_suggest,2026-09-12 23:56:36.967629
9343,131,173,desert at night firework,0.1429,4,1,36.0,youtube_suggest,2026-09-12 23:56:36.967773
9344,131,173,desert bus for hope,0.1429,4,1,36.0,youtube_suggest,2026-09-12 23:56:36.967912
9345,131,173,desert eagle 44 magnum,0.1429,4,1,36.0,youtube_suggest,2026-09-12 23:56:36.968045
9346,131,173,desert mario maker 2,0.1429,4,1,36.0,youtube_suggest,2026-09-12 23:56:36.968216
9347,131,173,ark fjordur all underwater caves,0.1111,5,1,35.78,youtube_suggest,2026-09-12 23:56:36.968368
9348,131,173,desert edge high school football,0.1111,5,1,35.78,youtube_suggest,2026-09-12 23:56:36.968506
9349,131,173,desert fox gold panning machine,0.1111,5,1,35.78,youtube_suggest,2026-09-12 23:56:36.973064
9350,131,173,powdered wig machine desert sessions,0.1111,5,1,35.78,youtube_suggest,2026-09-12 23:56:36.973301
9351,131,173,desert sessions powdered wig machine,0.1111,5,1,35.78,youtube_suggest,2026-09-12 23:56:36.973466
9352,131,173,desert at night,0.1667,3,1,35.67,youtube_suggest,2026-09-12 23:56:36.973616
9353,131,173,desert for kids,0.1667,3,1,35.67,youtube_suggest,2026-09-12 23:56:36.973836
9354,131,173,ark underwater caves island,0.125,4,1,34.75,youtube_suggest,2026-09-12 23:56:36.974078
9355,131,173,desert ambience sound effect,0.125,4,1,34.75,youtube_suggest,2026-09-12 23:56:36.974247
9356,131,173,desert city swing 2026,0.125,4,1,34.75,youtube_suggest,2026-09-12 23:56:36.974388
9357,131,173,desert chase indiana jones,0.125,4,1,34.75,youtube_suggest,2026-09-12 23:56:36.974521
9358,131,173,desert eagle sound effect,0.125,4,1,34.75,youtube_suggest,2026-09-12 23:56:36.974648
9359,131,173,desert eagle 357 magnum,0.125,4,1,34.75,youtube_suggest,2026-09-12 23:56:36.974776
9360,131,173,desert eagle machine gun,0.125,4,1,34.75,youtube_suggest,2026-09-12 23:56:36.974901
9361,131,173,ghost machine desert rose,0.125,4,1,34.75,youtube_suggest,2026-09-12 23:56:36.975071
9362,131,173,desert hawk slot machine,0.125,4,1,34.75,youtube_suggest,2026-09-12 23:56:36.975221
9363,131,173,god machine desert song,0.125,4,1,34.75,youtube_suggest,2026-09-12 23:56:36.975376
9364,131,173,desert fox panning machine,0.125,4,1,34.75,youtube_suggest,2026-09-12 23:56:36.975529
9365,131,173,desert rose ghost machine,0.125,4,1,34.75,youtube_suggest,2026-09-12 23:56:36.975750
9366,131,173,sahara desert slot machine,0.125,4,1,34.75,youtube_suggest,2026-09-12 23:56:36.975885
9367,131,173,desert rose sting,0.1429,3,1,34.0,youtube_suggest,2026-09-12 23:56:36.976014
9368,131,173,desert ambient music,0.1429,3,1,34.0,youtube_suggest,2026-09-12 23:56:36.976142
9369,131,173,desert ambience dnd,0.1429,3,1,34.0,youtube_suggest,2026-09-12 23:56:36.976285
9370,131,173,desert builds minecraft,0.1429,3,1,34.0,youtube_suggest,2026-09-12 23:56:36.976419
9371,131,173,desert bus roblox,0.1429,3,1,34.0,youtube_suggest,2026-09-12 23:56:36.988793
9372,131,173,desert battle music,0.1429,3,1,34.0,youtube_suggest,2026-09-12 23:56:36.989340
9373,131,173,desert chill music,0.1429,3,1,34.0,youtube_suggest,2026-09-12 23:56:36.989638
9374,131,173,desert combat music,0.1429,3,1,34.0,youtube_suggest,2026-09-12 23:56:36.989848
9375,131,173,desert dawn trailer,0.1429,3,1,34.0,youtube_suggest,2026-09-12 23:56:36.990114
9376,131,173,desert dog outdoors,0.1429,3,1,34.0,youtube_suggest,2026-09-12 23:56:36.990276
9377,131,173,desert duo animatic,0.1429,3,1,34.0,youtube_suggest,2026-09-12 23:56:36.990411
9378,131,173,desert drifter channel,0.1429,3,1,34.0,youtube_suggest,2026-09-12 23:56:36.990543
9379,131,173,desert eagle beyonce,0.1429,3,1,34.0,youtube_suggest,2026-09-12 23:56:36.990676
9380,131,173,desert eagle gun,0.1429,3,1,34.0,youtube_suggest,2026-09-12 23:56:36.990805
9381,131,173,desert eagle recoil,0.1429,3,1,34.0,youtube_suggest,2026-09-12 23:56:36.990962
9382,131,173,desert fox airsoft,0.1429,3,1,34.0,youtube_suggest,2026-09-12 23:56:36.991096
9383,131,173,desert flower trailer,0.1429,3,1,34.0,youtube_suggest,2026-09-12 23:56:36.991246
9384,131,173,desert flower movie,0.1429,3,1,34.0,youtube_suggest,2026-09-12 23:56:36.991397
9385,131,173,desert fiends trailer,0.1429,3,1,34.0,youtube_suggest,2026-09-12 23:56:36.991684
9386,131,173,desert fox machine,0.1429,3,1,34.0,youtube_suggest,2026-09-12 23:56:36.991827
9387,131,173,world machine desert,0.1429,3,1,34.0,youtube_suggest,2026-09-12 23:56:36.991975
9388,131,173,the sea of sands horizon forbidden west way underground,0.0,9,1,30.0,youtube_suggest,2026-09-12 23:56:36.992160
9389,131,173,dessert bowl machine price,0.0,4,1,26.0,youtube_suggest,2026-09-12 23:56:36.992313
9390,131,173,dessert bowl machine,0.0,3,1,24.0,youtube_suggest,2026-09-12 23:56:36.992449
9391,132,174,desert eagle 50 ae,0.25,4,1,43.5,youtube_suggest,2026-09-12 23:59:50.309228
9392,132,174,desert fathers in a year,0.2,5,1,42.0,youtube_suggest,2026-09-12 23:59:50.309577
9393,132,174,desert at night,0.25,3,1,41.5,youtube_suggest,2026-09-12 23:59:50.309853
9394,132,174,desert for kids,0.25,3,1,41.5,youtube_suggest,2026-09-12 23:59:50.310101
9395,132,174,desert animals for kids,0.2,4,1,40.0,youtube_suggest,2026-09-12 23:59:50.310333
9396,132,174,desert at night firework,0.2,4,1,40.0,youtube_suggest,2026-09-12 23:59:50.310538
9397,132,174,desert bus for hope,0.2,4,1,40.0,youtube_suggest,2026-09-12 23:59:50.310752
9398,132,174,desert eagle 44 magnum,0.2,4,1,40.0,youtube_suggest,2026-09-12 23:59:50.311045
9399,132,174,desert mario maker 2,0.2,4,1,40.0,youtube_suggest,2026-09-12 23:59:50.311248
9400,132,174,desert biome plants vs brainrots,0.1667,5,1,39.67,youtube_suggest,2026-09-12 23:59:50.311448
9401,132,174,desert edge vs notre dame,0.1667,5,1,39.67,youtube_suggest,2026-09-12 23:59:50.311638
9402,132,174,the great machine desert lodge,0.1667,5,1,39.67,youtube_suggest,2026-09-12 23:59:50.311820
9403,132,174,desert rose sting,0.2,3,1,38.0,youtube_suggest,2026-09-12 23:59:50.312002
9404,132,174,desert ambient music,0.2,3,1,38.0,youtube_suggest,2026-09-12 23:59:50.312189
9405,132,174,desert ambience dnd,0.2,3,1,38.0,youtube_suggest,2026-09-12 23:59:50.315101
9406,132,174,desert builds minecraft,0.2,3,1,38.0,youtube_suggest,2026-09-12 23:59:50.315813
9407,132,174,desert bus roblox,0.2,3,1,38.0,youtube_suggest,2026-09-12 23:59:50.316264
9408,132,174,desert battle music,0.2,3,1,38.0,youtube_suggest,2026-09-12 23:59:50.316515
9409,132,174,desert chill music,0.2,3,1,38.0,youtube_suggest,2026-09-12 23:59:50.316769
9410,132,174,desert combat music,0.2,3,1,38.0,youtube_suggest,2026-09-12 23:59:50.316979
9411,132,174,desert dawn trailer,0.2,3,1,38.0,youtube_suggest,2026-09-12 23:59:50.317198
9412,132,174,desert dog outdoors,0.2,3,1,38.0,youtube_suggest,2026-09-12 23:59:50.317424
9413,132,174,desert duo animatic,0.2,3,1,38.0,youtube_suggest,2026-09-12 23:59:50.317645
9414,132,174,desert drifter channel,0.2,3,1,38.0,youtube_suggest,2026-09-12 23:59:50.317880
9415,132,174,desert eagle beyonce,0.2,3,1,38.0,youtube_suggest,2026-09-12 23:59:50.318122
9416,132,174,desert eagle gun,0.2,3,1,38.0,youtube_suggest,2026-09-12 23:59:50.318344
9417,132,174,desert edge high school football,0.1429,5,1,38.0,youtube_suggest,2026-09-12 23:59:50.318546
9418,132,174,desert eagle recoil,0.2,3,1,38.0,youtube_suggest,2026-09-12 23:59:50.318751
9419,132,174,desert fox airsoft,0.2,3,1,38.0,youtube_suggest,2026-09-12 23:59:50.318950
9420,132,174,desert flower trailer,0.2,3,1,38.0,youtube_suggest,2026-09-12 23:59:50.319167
9421,132,174,desert flower movie,0.2,3,1,38.0,youtube_suggest,2026-09-12 23:59:50.319382
9422,132,174,desert fiends trailer,0.2,3,1,38.0,youtube_suggest,2026-09-12 23:59:50.319584
9423,132,174,desert fox machine,0.2,3,1,38.0,youtube_suggest,2026-09-12 23:59:50.319800
9424,132,174,world machine desert,0.2,3,1,38.0,youtube_suggest,2026-09-12 23:59:50.320004
9425,132,174,desert fox gold panning machine,0.1429,5,1,38.0,youtube_suggest,2026-09-12 23:59:50.320205
9426,132,174,powdered wig machine desert sessions,0.1429,5,1,38.0,youtube_suggest,2026-09-12 23:59:50.320418
9427,132,174,desert sessions powdered wig machine,0.1429,5,1,38.0,youtube_suggest,2026-09-12 23:59:50.325686
9428,132,174,desert ambience sound effect,0.1667,4,1,37.67,youtube_suggest,2026-09-12 23:59:50.326050
9429,132,174,desert city swing 2026,0.1667,4,1,37.67,youtube_suggest,2026-09-12 23:59:50.326284
9430,132,174,desert chase indiana jones,0.1667,4,1,37.67,youtube_suggest,2026-09-12 23:59:50.326515
9431,132,174,desert eagle sound effect,0.1667,4,1,37.67,youtube_suggest,2026-09-12 23:59:50.326741
9432,132,174,desert eagle 357 magnum,0.1667,4,1,37.67,youtube_suggest,2026-09-12 23:59:50.326957
9433,132,174,desert eagle machine gun,0.1667,4,1,37.67,youtube_suggest,2026-09-12 23:59:50.327177
9434,132,174,ghost machine desert rose,0.1667,4,1,37.67,youtube_suggest,2026-09-12 23:59:50.327405
9435,132,174,desert hawk slot machine,0.1667,4,1,37.67,youtube_suggest,2026-09-12 23:59:50.327618
9436,132,174,god machine desert song,0.1667,4,1,37.67,youtube_suggest,2026-09-12 23:59:50.327822
9437,132,174,desert fox panning machine,0.1667,4,1,37.67,youtube_suggest,2026-09-12 23:59:50.328023
9438,132,174,desert rose ghost machine,0.1667,4,1,37.67,youtube_suggest,2026-09-12 23:59:50.328235
9439,132,174,sahara desert slot machine,0.1667,4,1,37.67,youtube_suggest,2026-09-12 23:59:50.328449
9440,132,174,the terraformer,0.3333,2,0,33.33,youtube_suggest,2026-09-12 23:59:50.332590
9441,132,174,desert,0.3333,1,0,31.33,youtube_suggest,2026-09-12 23:59:50.337689
9442,132,174,temple of the destroyer steamworld dig 2 secrets,0.0,8,1,30.0,youtube_suggest,2026-09-12 23:59:50.337992
9443,132,174,dark tranquillity the endless feed,0.0,5,1,28.0,youtube_suggest,2026-09-12 23:59:50.338222
9444,132,174,terra formars joseph g newton,0.0,5,1,28.0,youtube_suggest,2026-09-12 23:59:50.338456
9445,132,174,desert drifter,0.25,2,0,27.5,youtube_suggest,2026-09-12 23:59:50.338666
9446,132,174,desert rose,0.25,2,0,27.5,youtube_suggest,2026-09-12 23:59:50.338872
9447,132,174,desert music,0.25,2,0,27.5,youtube_suggest,2026-09-12 23:59:50.339091
9448,132,174,desert eagle,0.25,2,0,27.5,youtube_suggest,2026-09-12 23:59:50.339313
9449,132,174,desert storm,0.25,2,0,27.5,youtube_suggest,2026-09-12 23:59:50.339519
9450,132,174,desert sounds,0.25,2,0,27.5,youtube_suggest,2026-09-12 23:59:50.339719
9451,133,175,corn in corn field,0.4,4,1,54.0,youtube_suggest,2026-09-13 00:02:58.409911
9452,133,175,corn field blowing in the wind,0.2857,6,1,50.0,youtube_suggest,2026-09-13 00:02:58.410184
9453,133,175,clown in the corn field explained,0.2857,6,1,50.0,youtube_suggest,2026-09-13 00:02:58.410386
9454,133,175,corn field at night,0.3333,4,1,49.33,youtube_suggest,2026-09-13 00:02:58.410585
9455,133,175,corn field background video,0.3333,4,1,49.33,youtube_suggest,2026-09-13 00:02:58.410791
9456,133,175,clown in the corn field explained in hindi,0.25,8,1,47.5,youtube_suggest,2026-09-13 00:02:58.411022
9457,133,175,corn field song,0.3333,3,1,47.33,youtube_suggest,2026-09-13 00:02:58.411256
9458,133,175,corn field fire,0.3333,3,1,47.33,youtube_suggest,2026-09-13 00:02:58.411443
9459,133,175,corn field ambience,0.3333,3,1,47.33,youtube_suggest,2026-09-13 00:02:58.411660
9460,133,175,corn field interstellar,0.3333,3,1,47.33,youtube_suggest,2026-09-13 00:02:58.411860
9461,133,175,corn field piano,0.3333,3,1,47.33,youtube_suggest,2026-09-13 00:02:58.412051
9462,133,175,corn field maze,0.3333,3,1,47.33,youtube_suggest,2026-09-13 00:02:58.412238
9463,133,175,corn field asmr,0.3333,3,1,47.33,youtube_suggest,2026-09-13 00:02:58.412418
9464,133,175,corn field akbar,0.3333,3,1,47.33,youtube_suggest,2026-09-13 00:02:58.429032
9465,133,175,corn field animation,0.3333,3,1,47.33,youtube_suggest,2026-09-13 00:02:58.429338
9466,133,175,apocalypto corn field,0.3333,3,1,47.33,youtube_suggest,2026-09-13 00:02:58.429571
9467,133,175,corn field background,0.3333,3,1,47.33,youtube_suggest,2026-09-13 00:02:58.429795
9468,133,175,corn field baseball,0.3333,3,1,47.33,youtube_suggest,2026-09-13 00:02:58.429958
9469,133,175,corn field bgm,0.3333,3,1,47.33,youtube_suggest,2026-09-13 00:02:58.430116
9470,133,175,corn field drawing,0.3333,3,1,47.33,youtube_suggest,2026-09-13 00:02:58.430267
9471,133,175,corn field drone,0.3333,3,1,47.33,youtube_suggest,2026-09-13 00:02:58.430431
9472,133,175,corn field documentary,0.3333,3,1,47.33,youtube_suggest,2026-09-13 00:02:58.430579
9473,133,175,corn field footage,0.3333,3,1,47.33,youtube_suggest,2026-09-13 00:02:58.430840
9474,133,175,corn field farming,0.3333,3,1,47.33,youtube_suggest,2026-09-13 00:02:58.431032
9475,133,175,corn field machine,0.3333,3,1,47.33,youtube_suggest,2026-09-13 00:02:58.431189
9476,133,175,corn field duck hunting,0.2857,4,1,46.0,youtube_suggest,2026-09-13 00:02:58.431380
9477,133,175,corn field goose hunt,0.2857,4,1,46.0,youtube_suggest,2026-09-13 00:02:58.431526
9478,133,175,corn field acrylic painting,0.2857,4,1,46.0,youtube_suggest,2026-09-13 00:02:58.431670
9479,133,175,corn field coyote hunting,0.2857,4,1,46.0,youtube_suggest,2026-09-13 00:02:58.431865
9480,133,175,corn field dove hunting,0.2857,4,1,46.0,youtube_suggest,2026-09-13 00:02:58.432043
9481,133,175,corn field deer hunting,0.2857,4,1,46.0,youtube_suggest,2026-09-13 00:02:58.432244
9482,133,175,corn field drone footage,0.2857,4,1,46.0,youtube_suggest,2026-09-13 00:02:58.432498
9483,133,175,corn field fire emergency,0.2857,4,1,46.0,youtube_suggest,2026-09-13 00:02:58.449137
9484,133,175,corn field sound effect,0.2857,4,1,46.0,youtube_suggest,2026-09-13 00:02:58.449365
9485,133,175,corn field full movie,0.2857,4,1,46.0,youtube_suggest,2026-09-13 00:02:58.449577
9486,133,175,corn field dirt bike track,0.25,5,1,45.5,youtube_suggest,2026-09-13 00:02:58.449761
9487,133,175,corn field,0.4,2,0,38.0,youtube_suggest,2026-09-13 00:02:58.449920
9488,133,175,golden husk,0.4,2,0,38.0,youtube_suggest,2026-09-13 00:02:58.452653
9489,133,175,the golden souls 3,0.1667,4,1,37.67,youtube_suggest,2026-09-13 00:02:58.452939
9490,133,175,corn maze at night,0.1429,4,1,36.0,youtube_suggest,2026-09-13 00:02:58.453090
9491,133,175,corn maze el paso,0.1429,4,1,36.0,youtube_suggest,2026-09-13 00:02:58.453387
9492,133,175,corn maze fnaf vr,0.1429,4,1,36.0,youtube_suggest,2026-09-13 00:02:58.453583
9493,133,175,the golden bough explained,0.1429,4,1,36.0,youtube_suggest,2026-09-13 00:02:58.453748
9494,133,175,corn maze fnaf help wanted,0.1111,5,1,35.78,youtube_suggest,2026-09-13 00:02:58.453891
9495,133,175,the golden rookery,0.1667,3,1,35.67,youtube_suggest,2026-09-13 00:02:58.454029
9496,133,175,corn maze aesop rock,0.125,4,1,34.75,youtube_suggest,2026-09-13 00:02:58.454171
9497,133,175,corn fields back home,0.125,4,1,34.75,youtube_suggest,2026-09-13 00:02:58.454331
9498,133,175,corn maze ambience,0.1429,3,1,34.0,youtube_suggest,2026-09-13 00:02:58.454538
9499,133,175,corn maze bgsi,0.1429,3,1,34.0,youtube_suggest,2026-09-13 00:02:58.454702
9500,133,175,corn maze blesiv,0.1429,3,1,34.0,youtube_suggest,2026-09-13 00:02:58.454974
9501,133,175,corn maze edmonton,0.1429,3,1,34.0,youtube_suggest,2026-09-13 00:02:58.455187
9502,133,175,corn maze escape,0.1429,3,1,34.0,youtube_suggest,2026-09-13 00:02:58.455367
9503,133,175,corn maze fnaf,0.1429,3,1,34.0,youtube_suggest,2026-09-13 00:02:58.455554
9504,133,175,corn maze fortnite,0.1429,3,1,34.0,youtube_suggest,2026-09-13 00:02:58.455790
9505,133,175,corn maze funny,0.1429,3,1,34.0,youtube_suggest,2026-09-13 00:02:58.455981
9506,133,175,cornfield chase piano tutorial,0.0,4,1,26.0,youtube_suggest,2026-09-13 00:02:58.456161
9507,133,175,cornfield chase piano,0.0,3,1,24.0,youtube_suggest,2026-09-13 00:02:58.456483
9508,133,175,cornfield chase loop,0.0,3,1,24.0,youtube_suggest,2026-09-13 00:02:58.469288
9509,133,175,cornfield chase interstellar,0.0,3,1,24.0,youtube_suggest,2026-09-13 00:02:58.469588
9510,133,175,cornfield chase scene,0.0,3,1,24.0,youtube_suggest,2026-09-13 00:02:58.469895
9511,134,176,corn field maze,0.6,3,1,66.0,youtube_suggest,2026-09-13 00:05:17.577128
9512,134,176,corn in corn field,0.4,4,1,54.0,youtube_suggest,2026-09-13 00:05:17.577678
9513,134,176,corn field blowing in the wind,0.2857,6,1,50.0,youtube_suggest,2026-09-13 00:05:17.578103
9514,134,176,clown in the corn field explained,0.2857,6,1,50.0,youtube_suggest,2026-09-13 00:05:17.578476
9515,134,176,corn field at night,0.3333,4,1,49.33,youtube_suggest,2026-09-13 00:05:17.578854
9516,134,176,corn maze at night,0.3333,4,1,49.33,youtube_suggest,2026-09-13 00:05:17.580763
9517,134,176,corn field background video,0.3333,4,1,49.33,youtube_suggest,2026-09-13 00:05:17.581589
9518,134,176,corn maze el paso,0.3333,4,1,49.33,youtube_suggest,2026-09-13 00:05:17.581844
9519,134,176,corn maze fnaf vr,0.3333,4,1,49.33,youtube_suggest,2026-09-13 00:05:17.582938
9520,134,176,corn maze to nowhere,0.3333,4,1,49.33,youtube_suggest,2026-09-13 00:05:17.583174
9521,134,176,the haunted corn maze,0.3333,4,1,49.33,youtube_suggest,2026-09-13 00:05:17.584726
9522,134,176,clown in the corn field explained in hindi,0.25,8,1,47.5,youtube_suggest,2026-09-13 00:05:17.584986
9523,134,176,corn field song,0.3333,3,1,47.33,youtube_suggest,2026-09-13 00:05:17.585203
9524,134,176,corn field fire,0.3333,3,1,47.33,youtube_suggest,2026-09-13 00:05:17.585413
9525,134,176,corn field ambience,0.3333,3,1,47.33,youtube_suggest,2026-09-13 00:05:17.586389
9526,134,176,corn field interstellar,0.3333,3,1,47.33,youtube_suggest,2026-09-13 00:05:17.586610
9527,134,176,corn field piano,0.3333,3,1,47.33,youtube_suggest,2026-09-13 00:05:17.586836
9528,134,176,corn field asmr,0.3333,3,1,47.33,youtube_suggest,2026-09-13 00:05:17.587044
9529,134,176,corn field akbar,0.3333,3,1,47.33,youtube_suggest,2026-09-13 00:05:17.587275
9530,134,176,corn field animation,0.3333,3,1,47.33,youtube_suggest,2026-09-13 00:05:17.587566
9531,134,176,corn maze ambience,0.3333,3,1,47.33,youtube_suggest,2026-09-13 00:05:17.587889
9532,134,176,apocalypto corn field,0.3333,3,1,47.33,youtube_suggest,2026-09-13 00:05:17.588197
9533,134,176,corn field background,0.3333,3,1,47.33,youtube_suggest,2026-09-13 00:05:17.588410
9534,134,176,corn field baseball,0.3333,3,1,47.33,youtube_suggest,2026-09-13 00:05:17.591417
9535,134,176,corn field bgm,0.3333,3,1,47.33,youtube_suggest,2026-09-13 00:05:17.591631
9536,134,176,corn maze bgsi,0.3333,3,1,47.33,youtube_suggest,2026-09-13 00:05:17.591812
9537,134,176,corn maze blesiv,0.3333,3,1,47.33,youtube_suggest,2026-09-13 00:05:17.591967
9538,134,176,corn field drawing,0.3333,3,1,47.33,youtube_suggest,2026-09-13 00:05:17.592821
9539,134,176,corn field drone,0.3333,3,1,47.33,youtube_suggest,2026-09-13 00:05:17.593010
9540,134,176,corn field documentary,0.3333,3,1,47.33,youtube_suggest,2026-09-13 00:05:17.593166
9541,134,176,corn maze edmonton,0.3333,3,1,47.33,youtube_suggest,2026-09-13 00:05:17.593318
9542,134,176,corn maze escape,0.3333,3,1,47.33,youtube_suggest,2026-09-13 00:05:17.593466
9543,134,176,corn field footage,0.3333,3,1,47.33,youtube_suggest,2026-09-13 00:05:17.593607
9544,134,176,corn field farming,0.3333,3,1,47.33,youtube_suggest,2026-09-13 00:05:17.593774
9545,134,176,corn maze fnaf,0.3333,3,1,47.33,youtube_suggest,2026-09-13 00:05:17.593948
9546,134,176,corn maze fortnite,0.3333,3,1,47.33,youtube_suggest,2026-09-13 00:05:17.594114
9547,134,176,corn maze funny,0.3333,3,1,47.33,youtube_suggest,2026-09-13 00:05:17.594323
9548,134,176,corn maze dixon,0.3333,3,1,47.33,youtube_suggest,2026-09-13 00:05:17.594506
9549,134,176,corn maze music,0.3333,3,1,47.33,youtube_suggest,2026-09-13 00:05:17.594711
9550,134,176,corn maze challenge,0.3333,3,1,47.33,youtube_suggest,2026-09-13 00:05:17.594877
9551,134,176,corn field machine,0.3333,3,1,47.33,youtube_suggest,2026-09-13 00:05:17.595059
9552,134,176,corn field duck hunting,0.2857,4,1,46.0,youtube_suggest,2026-09-13 00:05:17.595226
9553,134,176,corn field goose hunt,0.2857,4,1,46.0,youtube_suggest,2026-09-13 00:05:17.595394
9554,134,176,corn field acrylic painting,0.2857,4,1,46.0,youtube_suggest,2026-09-13 00:05:17.595564
9555,134,176,corn maze aesop rock,0.2857,4,1,46.0,youtube_suggest,2026-09-13 00:05:17.595953
9556,134,176,corn field coyote hunting,0.2857,4,1,46.0,youtube_suggest,2026-09-13 00:05:17.596211
9557,134,176,corn field dove hunting,0.2857,4,1,46.0,youtube_suggest,2026-09-13 00:05:17.596394
9558,134,176,corn field deer hunting,0.2857,4,1,46.0,youtube_suggest,2026-09-13 00:05:17.600870
9559,134,176,corn field drone footage,0.2857,4,1,46.0,youtube_suggest,2026-09-13 00:05:17.601202
9560,134,176,corn field fire emergency,0.2857,4,1,46.0,youtube_suggest,2026-09-13 00:05:17.602073
9561,134,176,corn field sound effect,0.2857,4,1,46.0,youtube_suggest,2026-09-13 00:05:17.603523
9562,134,176,corn field full movie,0.2857,4,1,46.0,youtube_suggest,2026-09-13 00:05:17.603712
9563,134,176,corn maze malibu ken,0.2857,4,1,46.0,youtube_suggest,2026-09-13 00:05:17.603890
9564,134,176,combine harvester cutting corn,0.2857,4,1,46.0,youtube_suggest,2026-09-13 00:05:17.604054
9565,134,176,corn field dirt bike track,0.25,5,1,45.5,youtube_suggest,2026-09-13 00:05:17.604217
9566,134,176,corn maze fnaf help wanted,0.25,5,1,45.5,youtube_suggest,2026-09-13 00:05:17.604364
9567,134,176,dark harvest haunted corn maze,0.25,5,1,45.5,youtube_suggest,2026-09-13 00:05:17.604510
9568,134,176,the horror of the combine,0.1667,5,1,39.67,youtube_suggest,2026-09-13 00:05:17.609004
9569,134,176,corn field,0.4,2,0,38.0,youtube_suggest,2026-09-13 00:05:17.609269
9570,134,176,corn maze,0.4,2,0,38.0,youtube_suggest,2026-09-13 00:05:17.609489
9571,135,177,corn in corn field,0.3333,4,1,49.33,youtube_suggest,2026-09-13 00:07:45.489872
9572,135,177,corn field blowing in the wind,0.25,6,1,47.5,youtube_suggest,2026-09-13 00:07:45.490212
9573,135,177,clown in the corn field explained,0.25,6,1,47.5,youtube_suggest,2026-09-13 00:07:45.490652
9574,135,177,corn field at night,0.2857,4,1,46.0,youtube_suggest,2026-09-13 00:07:45.492319
9575,135,177,corn field background video,0.2857,4,1,46.0,youtube_suggest,2026-09-13 00:07:45.501599
9576,135,177,clown in the corn field explained in hindi,0.2222,8,1,45.56,youtube_suggest,2026-09-13 00:07:45.502053
9577,135,177,corn field song,0.2857,3,1,44.0,youtube_suggest,2026-09-13 00:07:45.502254
9578,135,177,corn field fire,0.2857,3,1,44.0,youtube_suggest,2026-09-13 00:07:45.502408
9579,135,177,corn field ambience,0.2857,3,1,44.0,youtube_suggest,2026-09-13 00:07:45.502585
9580,135,177,corn field interstellar,0.2857,3,1,44.0,youtube_suggest,2026-09-13 00:07:45.502738
9581,135,177,corn field piano,0.2857,3,1,44.0,youtube_suggest,2026-09-13 00:07:45.502898
9582,135,177,corn field maze,0.2857,3,1,44.0,youtube_suggest,2026-09-13 00:07:45.503045
9583,135,177,corn field asmr,0.2857,3,1,44.0,youtube_suggest,2026-09-13 00:07:45.503188
9584,135,177,corn field akbar,0.2857,3,1,44.0,youtube_suggest,2026-09-13 00:07:45.503644
9585,135,177,corn field animation,0.2857,3,1,44.0,youtube_suggest,2026-09-13 00:07:45.503843
9586,135,177,apocalypto corn field,0.2857,3,1,44.0,youtube_suggest,2026-09-13 00:07:45.504059
9587,135,177,corn field background,0.2857,3,1,44.0,youtube_suggest,2026-09-13 00:07:45.504242
9588,135,177,corn field baseball,0.2857,3,1,44.0,youtube_suggest,2026-09-13 00:07:45.506158
9589,135,177,corn field bgm,0.2857,3,1,44.0,youtube_suggest,2026-09-13 00:07:45.506505
9590,135,177,corn field drawing,0.2857,3,1,44.0,youtube_suggest,2026-09-13 00:07:45.506744
9591,135,177,corn field drone,0.2857,3,1,44.0,youtube_suggest,2026-09-13 00:07:45.506957
9592,135,177,corn field documentary,0.2857,3,1,44.0,youtube_suggest,2026-09-13 00:07:45.507147
9593,135,177,corn field footage,0.2857,3,1,44.0,youtube_suggest,2026-09-13 00:07:45.507344
9594,135,177,corn field farming,0.2857,3,1,44.0,youtube_suggest,2026-09-13 00:07:45.507533
9595,135,177,corn field machine,0.2857,3,1,44.0,youtube_suggest,2026-09-13 00:07:45.507718
9596,135,177,corn field dirt bike track,0.2222,5,1,43.56,youtube_suggest,2026-09-13 00:07:45.507915
9597,135,177,corn field duck hunting,0.25,4,1,43.5,youtube_suggest,2026-09-13 00:07:45.513044
9598,135,177,corn field goose hunt,0.25,4,1,43.5,youtube_suggest,2026-09-13 00:07:45.513281
9599,135,177,corn field acrylic painting,0.25,4,1,43.5,youtube_suggest,2026-09-13 00:07:45.513475
9600,135,177,corn field coyote hunting,0.25,4,1,43.5,youtube_suggest,2026-09-13 00:07:45.513660
9601,135,177,corn field dove hunting,0.25,4,1,43.5,youtube_suggest,2026-09-13 00:07:45.513856
9602,135,177,corn field deer hunting,0.25,4,1,43.5,youtube_suggest,2026-09-13 00:07:45.514042
9603,135,177,corn field drone footage,0.25,4,1,43.5,youtube_suggest,2026-09-13 00:07:45.515641
9604,135,177,corn field fire emergency,0.25,4,1,43.5,youtube_suggest,2026-09-13 00:07:45.515877
9605,135,177,corn field sound effect,0.25,4,1,43.5,youtube_suggest,2026-09-13 00:07:45.516071
9606,135,177,corn field full movie,0.25,4,1,43.5,youtube_suggest,2026-09-13 00:07:45.516268
9607,135,177,radiation from sun to earth,0.125,5,1,36.75,youtube_suggest,2026-09-13 00:07:45.516449
9608,135,177,corn maze fnaf help wanted,0.1,5,1,35.0,youtube_suggest,2026-09-13 00:07:45.518705
9609,135,177,corn maze at night,0.125,4,1,34.75,youtube_suggest,2026-09-13 00:07:45.518978
9610,135,177,corn maze el paso,0.125,4,1,34.75,youtube_suggest,2026-09-13 00:07:45.519177
9611,135,177,corn maze fnaf vr,0.125,4,1,34.75,youtube_suggest,2026-09-13 00:07:45.519365
9612,135,177,sun's radiation on earth,0.125,4,1,34.75,youtube_suggest,2026-09-13 00:07:45.519555
9613,135,177,corn maze aesop rock,0.1111,4,1,33.78,youtube_suggest,2026-09-13 00:07:45.519737
9614,135,177,corn fields back home,0.1111,4,1,33.78,youtube_suggest,2026-09-13 00:07:45.519933
9615,135,177,sun reaction hydrogen helium,0.1111,4,1,33.78,youtube_suggest,2026-09-13 00:07:45.520122
9616,135,177,sun protection cosmic radiation,0.1111,4,1,33.78,youtube_suggest,2026-09-13 00:07:45.520303
9617,135,177,sun radiation level instrumental,0.1111,4,1,33.78,youtube_suggest,2026-09-13 00:07:45.525039
9618,135,177,sun becoming red giant,0.1111,4,1,33.78,youtube_suggest,2026-09-13 00:07:45.525270
9619,135,177,corn field,0.3333,2,0,33.33,youtube_suggest,2026-09-13 00:07:45.525484
9620,135,177,sun reactor,0.3333,2,0,33.33,youtube_suggest,2026-09-13 00:07:45.525680
9621,135,177,corn maze ambience,0.125,3,1,32.75,youtube_suggest,2026-09-13 00:07:45.525881
9622,135,177,corn maze bgsi,0.125,3,1,32.75,youtube_suggest,2026-09-13 00:07:45.526082
9623,135,177,corn maze blesiv,0.125,3,1,32.75,youtube_suggest,2026-09-13 00:07:45.526274
9624,135,177,corn maze edmonton,0.125,3,1,32.75,youtube_suggest,2026-09-13 00:07:45.526461
9625,135,177,corn maze escape,0.125,3,1,32.75,youtube_suggest,2026-09-13 00:07:45.526648
9626,135,177,corn maze fnaf,0.125,3,1,32.75,youtube_suggest,2026-09-13 00:07:45.526829
9627,135,177,corn maze fortnite,0.125,3,1,32.75,youtube_suggest,2026-09-13 00:07:45.527029
9628,135,177,corn maze funny,0.125,3,1,32.75,youtube_suggest,2026-09-13 00:07:45.527213
9629,135,177,sun chemical reaction,0.125,3,1,32.75,youtube_suggest,2026-09-13 00:07:45.527396
9630,135,177,sun chemical ink,0.125,3,1,32.75,youtube_suggest,2026-09-13 00:07:45.527583
9631,136,178,corn in corn field,0.4,4,1,54.0,youtube_suggest,2026-09-13 00:10:52.326839
9632,136,178,corn field blowing in the wind,0.2857,6,1,50.0,youtube_suggest,2026-09-13 00:10:52.327565
9633,136,178,clown in the corn field explained,0.2857,6,1,50.0,youtube_suggest,2026-09-13 00:10:52.328188
9634,136,178,corn field at night,0.3333,4,1,49.33,youtube_suggest,2026-09-13 00:10:52.331948
9635,136,178,corn field background video,0.3333,4,1,49.33,youtube_suggest,2026-09-13 00:10:52.333050
9636,136,178,clown in the corn field explained in hindi,0.25,8,1,47.5,youtube_suggest,2026-09-13 00:10:52.334029
9637,136,178,corn field song,0.3333,3,1,47.33,youtube_suggest,2026-09-13 00:10:52.335292
9638,136,178,corn field fire,0.3333,3,1,47.33,youtube_suggest,2026-09-13 00:10:52.335514
9639,136,178,corn field ambience,0.3333,3,1,47.33,youtube_suggest,2026-09-13 00:10:52.335711
9640,136,178,corn field interstellar,0.3333,3,1,47.33,youtube_suggest,2026-09-13 00:10:52.338884
9641,136,178,corn field piano,0.3333,3,1,47.33,youtube_suggest,2026-09-13 00:10:52.339322
9642,136,178,corn field maze,0.3333,3,1,47.33,youtube_suggest,2026-09-13 00:10:52.339542
9643,136,178,corn field asmr,0.3333,3,1,47.33,youtube_suggest,2026-09-13 00:10:52.339744
9644,136,178,corn field akbar,0.3333,3,1,47.33,youtube_suggest,2026-09-13 00:10:52.339959
9645,136,178,corn field animation,0.3333,3,1,47.33,youtube_suggest,2026-09-13 00:10:52.340150
9646,136,178,apocalypto corn field,0.3333,3,1,47.33,youtube_suggest,2026-09-13 00:10:52.340366
9647,136,178,corn field background,0.3333,3,1,47.33,youtube_suggest,2026-09-13 00:10:52.340611
9648,136,178,corn field baseball,0.3333,3,1,47.33,youtube_suggest,2026-09-13 00:10:52.340814
9649,136,178,corn field bgm,0.3333,3,1,47.33,youtube_suggest,2026-09-13 00:10:52.341013
9650,136,178,corn field drawing,0.3333,3,1,47.33,youtube_suggest,2026-09-13 00:10:52.341196
9651,136,178,corn field drone,0.3333,3,1,47.33,youtube_suggest,2026-09-13 00:10:52.341369
9652,136,178,corn field documentary,0.3333,3,1,47.33,youtube_suggest,2026-09-13 00:10:52.341548
9653,136,178,corn field footage,0.3333,3,1,47.33,youtube_suggest,2026-09-13 00:10:52.341743
9654,136,178,corn field farming,0.3333,3,1,47.33,youtube_suggest,2026-09-13 00:10:52.341933
9655,136,178,corn field machine,0.3333,3,1,47.33,youtube_suggest,2026-09-13 00:10:52.344446
9656,136,178,corn field duck hunting,0.2857,4,1,46.0,youtube_suggest,2026-09-13 00:10:52.344705
9657,136,178,corn field goose hunt,0.2857,4,1,46.0,youtube_suggest,2026-09-13 00:10:52.344905
9658,136,178,corn field acrylic painting,0.2857,4,1,46.0,youtube_suggest,2026-09-13 00:10:52.345108
9659,136,178,corn field coyote hunting,0.2857,4,1,46.0,youtube_suggest,2026-09-13 00:10:52.345295
9660,136,178,corn field dove hunting,0.2857,4,1,46.0,youtube_suggest,2026-09-13 00:10:52.345581
9661,136,178,corn field deer hunting,0.2857,4,1,46.0,youtube_suggest,2026-09-13 00:10:52.345768
9662,136,178,corn field drone footage,0.2857,4,1,46.0,youtube_suggest,2026-09-13 00:10:52.345965
9663,136,178,corn field fire emergency,0.2857,4,1,46.0,youtube_suggest,2026-09-13 00:10:52.346147
9664,136,178,corn field sound effect,0.2857,4,1,46.0,youtube_suggest,2026-09-13 00:10:52.346331
9665,136,178,corn field full movie,0.2857,4,1,46.0,youtube_suggest,2026-09-13 00:10:52.346516
9666,136,178,corn field dirt bike track,0.25,5,1,45.5,youtube_suggest,2026-09-13 00:10:52.346702
9667,136,178,the wreck of the titan,0.1667,5,1,39.67,youtube_suggest,2026-09-13 00:10:52.346883
9668,136,178,the turtles vs the shredder,0.1667,5,1,39.67,youtube_suggest,2026-09-13 00:10:52.347079
9669,136,178,where is shredder in creatures of the deep,0.125,8,1,38.75,youtube_suggest,2026-09-13 00:10:52.347257
9670,136,178,corn field,0.4,2,0,38.0,youtube_suggest,2026-09-13 00:10:52.347439
9671,136,178,the death of shredder,0.1667,4,1,37.67,youtube_suggest,2026-09-13 00:10:52.347621
9672,136,178,the shredder is finished,0.1667,4,1,37.67,youtube_suggest,2026-09-13 00:10:52.351796
9673,136,178,corn maze at night,0.1429,4,1,36.0,youtube_suggest,2026-09-13 00:10:52.352071
9674,136,178,corn maze el paso,0.1429,4,1,36.0,youtube_suggest,2026-09-13 00:10:52.352470
9675,136,178,corn maze fnaf vr,0.1429,4,1,36.0,youtube_suggest,2026-09-13 00:10:52.353746
9676,136,178,tmnt krang and shredder,0.1429,4,1,36.0,youtube_suggest,2026-09-13 00:10:52.354806
9677,136,178,corn maze fnaf help wanted,0.1111,5,1,35.78,youtube_suggest,2026-09-13 00:10:52.355234
9678,136,178,corn maze aesop rock,0.125,4,1,34.75,youtube_suggest,2026-09-13 00:10:52.355425
9679,136,178,corn fields back home,0.125,4,1,34.75,youtube_suggest,2026-09-13 00:10:52.355618
9680,136,178,corn maze ambience,0.1429,3,1,34.0,youtube_suggest,2026-09-13 00:10:52.355802
9681,136,178,corn maze bgsi,0.1429,3,1,34.0,youtube_suggest,2026-09-13 00:10:52.356001
9682,136,178,corn maze blesiv,0.1429,3,1,34.0,youtube_suggest,2026-09-13 00:10:52.356186
9683,136,178,corn maze edmonton,0.1429,3,1,34.0,youtube_suggest,2026-09-13 00:10:52.356366
9684,136,178,corn maze escape,0.1429,3,1,34.0,youtube_suggest,2026-09-13 00:10:52.359462
9685,136,178,corn maze fnaf,0.1429,3,1,34.0,youtube_suggest,2026-09-13 00:10:52.359828
9686,136,178,corn maze fortnite,0.1429,3,1,34.0,youtube_suggest,2026-09-13 00:10:52.360055
9687,136,178,corn maze funny,0.1429,3,1,34.0,youtube_suggest,2026-09-13 00:10:52.360246
9688,136,178,tiger claw arm cut off,0.0,5,1,28.0,youtube_suggest,2026-09-13 00:10:52.360635
9689,136,178,ninja turtles tiger claw death,0.0,5,1,28.0,youtube_suggest,2026-09-13 00:10:52.360842
9690,136,178,tiger claw loses his arm,0.0,5,1,28.0,youtube_suggest,2026-09-13 00:10:52.361033
9691,137,179,corn in corn field,0.4,4,1,54.0,youtube_suggest,2026-09-13 00:13:39.015129
9692,137,179,corn field blowing in the wind,0.2857,6,1,50.0,youtube_suggest,2026-09-13 00:13:39.015724
9693,137,179,clown in the corn field explained,0.2857,6,1,50.0,youtube_suggest,2026-09-13 00:13:39.015995
9694,137,179,corn field at night,0.3333,4,1,49.33,youtube_suggest,2026-09-13 00:13:39.016225
9695,137,179,corn field background video,0.3333,4,1,49.33,youtube_suggest,2026-09-13 00:13:39.016452
9696,137,179,how solar furnace work,0.3333,4,1,49.33,youtube_suggest,2026-09-13 00:13:39.021026
9697,137,179,clown in the corn field explained in hindi,0.25,8,1,47.5,youtube_suggest,2026-09-13 00:13:39.021277
9698,137,179,corn field song,0.3333,3,1,47.33,youtube_suggest,2026-09-13 00:13:39.021518
9699,137,179,corn field fire,0.3333,3,1,47.33,youtube_suggest,2026-09-13 00:13:39.021752
9700,137,179,corn field ambience,0.3333,3,1,47.33,youtube_suggest,2026-09-13 00:13:39.021961
9701,137,179,corn field interstellar,0.3333,3,1,47.33,youtube_suggest,2026-09-13 00:13:39.022183
9702,137,179,corn field piano,0.3333,3,1,47.33,youtube_suggest,2026-09-13 00:13:39.022430
9703,137,179,corn field maze,0.3333,3,1,47.33,youtube_suggest,2026-09-13 00:13:39.022656
9704,137,179,corn field asmr,0.3333,3,1,47.33,youtube_suggest,2026-09-13 00:13:39.022880
9705,137,179,corn field akbar,0.3333,3,1,47.33,youtube_suggest,2026-09-13 00:13:39.023090
9706,137,179,corn field animation,0.3333,3,1,47.33,youtube_suggest,2026-09-13 00:13:39.023296
9707,137,179,apocalypto corn field,0.3333,3,1,47.33,youtube_suggest,2026-09-13 00:13:39.023513
9708,137,179,corn field background,0.3333,3,1,47.33,youtube_suggest,2026-09-13 00:13:39.023719
9709,137,179,corn field baseball,0.3333,3,1,47.33,youtube_suggest,2026-09-13 00:13:39.023922
9710,137,179,corn field bgm,0.3333,3,1,47.33,youtube_suggest,2026-09-13 00:13:39.024123
9711,137,179,corn field drawing,0.3333,3,1,47.33,youtube_suggest,2026-09-13 00:13:39.024324
9712,137,179,corn field drone,0.3333,3,1,47.33,youtube_suggest,2026-09-13 00:13:39.027315
9713,137,179,corn field documentary,0.3333,3,1,47.33,youtube_suggest,2026-09-13 00:13:39.028634
9714,137,179,corn field footage,0.3333,3,1,47.33,youtube_suggest,2026-09-13 00:13:39.028918
9715,137,179,corn field farming,0.3333,3,1,47.33,youtube_suggest,2026-09-13 00:13:39.029156
9716,137,179,solar furnace france,0.3333,3,1,47.33,youtube_suggest,2026-09-13 00:13:39.029368
9717,137,179,solar furnace working,0.3333,3,1,47.33,youtube_suggest,2026-09-13 00:13:39.029593
9718,137,179,corn field machine,0.3333,3,1,47.33,youtube_suggest,2026-09-13 00:13:39.029812
9719,137,179,corn field duck hunting,0.2857,4,1,46.0,youtube_suggest,2026-09-13 00:13:39.032114
9720,137,179,corn field goose hunt,0.2857,4,1,46.0,youtube_suggest,2026-09-13 00:13:39.032512
9721,137,179,corn field acrylic painting,0.2857,4,1,46.0,youtube_suggest,2026-09-13 00:13:39.032804
9722,137,179,corn field coyote hunting,0.2857,4,1,46.0,youtube_suggest,2026-09-13 00:13:39.034443
9723,137,179,corn field dove hunting,0.2857,4,1,46.0,youtube_suggest,2026-09-13 00:13:39.034684
9724,137,179,corn field deer hunting,0.2857,4,1,46.0,youtube_suggest,2026-09-13 00:13:39.034903
9725,137,179,corn field drone footage,0.2857,4,1,46.0,youtube_suggest,2026-09-13 00:13:39.035113
9726,137,179,corn field fire emergency,0.2857,4,1,46.0,youtube_suggest,2026-09-13 00:13:39.035337
9727,137,179,corn field sound effect,0.2857,4,1,46.0,youtube_suggest,2026-09-13 00:13:39.035564
9728,137,179,corn field full movie,0.2857,4,1,46.0,youtube_suggest,2026-09-13 00:13:39.035777
9729,137,179,corn field dirt bike track,0.25,5,1,45.5,youtube_suggest,2026-09-13 00:13:39.036028
9730,137,179,corn field,0.4,2,0,38.0,youtube_suggest,2026-09-13 00:13:39.036242
9731,137,179,solar furnace,0.4,2,0,38.0,youtube_suggest,2026-09-13 00:13:39.036462
9732,137,179,corn maze at night,0.1429,4,1,36.0,youtube_suggest,2026-09-13 00:13:39.043274
9733,137,179,corn maze el paso,0.1429,4,1,36.0,youtube_suggest,2026-09-13 00:13:39.045068
9734,137,179,corn maze fnaf vr,0.1429,4,1,36.0,youtube_suggest,2026-09-13 00:13:39.047266
9735,137,179,corn maze fnaf help wanted,0.1111,5,1,35.78,youtube_suggest,2026-09-13 00:13:39.048465
9736,137,179,corn maze aesop rock,0.125,4,1,34.75,youtube_suggest,2026-09-13 00:13:39.049771
9737,137,179,corn fields back home,0.125,4,1,34.75,youtube_suggest,2026-09-13 00:13:39.050718
9738,137,179,cornfield chase piano tutorial,0.125,4,1,34.75,youtube_suggest,2026-09-13 00:13:39.051502
9739,137,179,solar output climate change,0.125,4,1,34.75,youtube_suggest,2026-09-13 00:13:39.052145
9740,137,179,corn maze ambience,0.1429,3,1,34.0,youtube_suggest,2026-09-13 00:13:39.053854
9741,137,179,corn maze bgsi,0.1429,3,1,34.0,youtube_suggest,2026-09-13 00:13:39.054100
9742,137,179,corn maze blesiv,0.1429,3,1,34.0,youtube_suggest,2026-09-13 00:13:39.054327
9743,137,179,cornfield chase piano,0.1429,3,1,34.0,youtube_suggest,2026-09-13 00:13:39.054561
9744,137,179,cornfield chase loop,0.1429,3,1,34.0,youtube_suggest,2026-09-13 00:13:39.054783
9745,137,179,cornfield chase interstellar,0.1429,3,1,34.0,youtube_suggest,2026-09-13 00:13:39.054993
9746,137,179,cornfield chase scene,0.1429,3,1,34.0,youtube_suggest,2026-09-13 00:13:39.055192
9747,137,179,cornfield chase organ,0.1429,3,1,34.0,youtube_suggest,2026-09-13 00:13:39.055378
9748,137,179,corn maze edmonton,0.1429,3,1,34.0,youtube_suggest,2026-09-13 00:13:39.055595
9749,137,179,corn maze escape,0.1429,3,1,34.0,youtube_suggest,2026-09-13 00:13:39.055784
9750,137,179,cornfield chase edit,0.1429,3,1,34.0,youtube_suggest,2026-09-13 00:13:39.055975
9751,138,180,corn in corn field,0.5,4,1,61.0,youtube_suggest,2026-09-13 00:16:26.648736
9752,138,180,corn field at night,0.4,4,1,54.0,youtube_suggest,2026-09-13 00:16:26.649066
9753,138,180,corn field background video,0.4,4,1,54.0,youtube_suggest,2026-09-13 00:16:26.649257
9754,138,180,corn field blowing in the wind,0.3333,6,1,53.33,youtube_suggest,2026-09-13 00:16:26.649408
9755,138,180,clown in the corn field explained,0.3333,6,1,53.33,youtube_suggest,2026-09-13 00:16:26.649746
9756,138,180,corn field song,0.4,3,1,52.0,youtube_suggest,2026-09-13 00:16:26.649946
9757,138,180,corn field fire,0.4,3,1,52.0,youtube_suggest,2026-09-13 00:16:26.650083
9758,138,180,corn field ambience,0.4,3,1,52.0,youtube_suggest,2026-09-13 00:16:26.650230
9759,138,180,corn field interstellar,0.4,3,1,52.0,youtube_suggest,2026-09-13 00:16:26.650371
9760,138,180,corn field piano,0.4,3,1,52.0,youtube_suggest,2026-09-13 00:16:26.650505
9761,138,180,corn field maze,0.4,3,1,52.0,youtube_suggest,2026-09-13 00:16:26.650637
9762,138,180,corn field asmr,0.4,3,1,52.0,youtube_suggest,2026-09-13 00:16:26.650777
9763,138,180,corn field akbar,0.4,3,1,52.0,youtube_suggest,2026-09-13 00:16:26.650904
9764,138,180,corn field animation,0.4,3,1,52.0,youtube_suggest,2026-09-13 00:16:26.651064
9765,138,180,apocalypto corn field,0.4,3,1,52.0,youtube_suggest,2026-09-13 00:16:26.656947
9766,138,180,corn field background,0.4,3,1,52.0,youtube_suggest,2026-09-13 00:16:26.660856
9767,138,180,corn field baseball,0.4,3,1,52.0,youtube_suggest,2026-09-13 00:16:26.661068
9768,138,180,corn field bgm,0.4,3,1,52.0,youtube_suggest,2026-09-13 00:16:26.661236
9769,138,180,corn field drawing,0.4,3,1,52.0,youtube_suggest,2026-09-13 00:16:26.661380
9770,138,180,corn field drone,0.4,3,1,52.0,youtube_suggest,2026-09-13 00:16:26.661513
9771,138,180,corn field documentary,0.4,3,1,52.0,youtube_suggest,2026-09-13 00:16:26.661649
9772,138,180,corn field footage,0.4,3,1,52.0,youtube_suggest,2026-09-13 00:16:26.661781
9773,138,180,corn field farming,0.4,3,1,52.0,youtube_suggest,2026-09-13 00:16:26.661920
9774,138,180,corn field machine,0.4,3,1,52.0,youtube_suggest,2026-09-13 00:16:26.662053
9775,138,180,clown in the corn field explained in hindi,0.2857,8,1,50.0,youtube_suggest,2026-09-13 00:16:26.662183
9776,138,180,corn field duck hunting,0.3333,4,1,49.33,youtube_suggest,2026-09-13 00:16:26.662332
9777,138,180,corn field goose hunt,0.3333,4,1,49.33,youtube_suggest,2026-09-13 00:16:26.662467
9778,138,180,corn field acrylic painting,0.3333,4,1,49.33,youtube_suggest,2026-09-13 00:16:26.662599
9779,138,180,corn field coyote hunting,0.3333,4,1,49.33,youtube_suggest,2026-09-13 00:16:26.662729
9780,138,180,corn field dove hunting,0.3333,4,1,49.33,youtube_suggest,2026-09-13 00:16:26.662874
9781,138,180,corn field deer hunting,0.3333,4,1,49.33,youtube_suggest,2026-09-13 00:16:26.663008
9782,138,180,corn field drone footage,0.3333,4,1,49.33,youtube_suggest,2026-09-13 00:16:26.663139
9783,138,180,corn field fire emergency,0.3333,4,1,49.33,youtube_suggest,2026-09-13 00:16:26.663286
9784,138,180,corn field sound effect,0.3333,4,1,49.33,youtube_suggest,2026-09-13 00:16:26.663418
9785,138,180,corn field full movie,0.3333,4,1,49.33,youtube_suggest,2026-09-13 00:16:26.663564
9786,138,180,corn field dirt bike track,0.2857,5,1,48.0,youtube_suggest,2026-09-13 00:16:26.663709
9787,138,180,corn field,0.5,2,0,45.0,youtube_suggest,2026-09-13 00:16:26.663848
9788,138,180,the elevator channel worst elevator,0.1667,5,1,39.67,youtube_suggest,2026-09-13 00:16:26.663982
9789,138,180,the atmospheric system,0.2,3,1,38.0,youtube_suggest,2026-09-13 00:16:26.664112
9790,138,180,corn maze at night,0.1667,4,1,37.67,youtube_suggest,2026-09-13 00:16:26.664252
9791,138,180,corn maze el paso,0.1667,4,1,37.67,youtube_suggest,2026-09-13 00:16:26.664385
9792,138,180,corn maze fnaf vr,0.1667,4,1,37.67,youtube_suggest,2026-09-13 00:16:26.664518
9793,138,180,the elevator channel kone,0.1667,4,1,37.67,youtube_suggest,2026-09-13 00:16:26.680974
9794,138,180,corn maze fnaf help wanted,0.125,5,1,36.75,youtube_suggest,2026-09-13 00:16:26.681166
9795,138,180,corn maze aesop rock,0.1429,4,1,36.0,youtube_suggest,2026-09-13 00:16:26.681317
9796,138,180,corn fields back home,0.1429,4,1,36.0,youtube_suggest,2026-09-13 00:16:26.681449
9797,138,180,corn maze ambience,0.1667,3,1,35.67,youtube_suggest,2026-09-13 00:16:26.681584
9798,138,180,corn maze bgsi,0.1667,3,1,35.67,youtube_suggest,2026-09-13 00:16:26.682969
9799,138,180,corn maze blesiv,0.1667,3,1,35.67,youtube_suggest,2026-09-13 00:16:26.683277
9800,138,180,corn maze edmonton,0.1667,3,1,35.67,youtube_suggest,2026-09-13 00:16:26.683427
9801,138,180,corn maze escape,0.1667,3,1,35.67,youtube_suggest,2026-09-13 00:16:26.683598
9802,138,180,corn maze fnaf,0.1667,3,1,35.67,youtube_suggest,2026-09-13 00:16:26.683730
9803,138,180,corn maze fortnite,0.1667,3,1,35.67,youtube_suggest,2026-09-13 00:16:26.683885
9804,138,180,corn maze funny,0.1667,3,1,35.67,youtube_suggest,2026-09-13 00:16:26.684038
9805,138,180,eas scenario three mile island,0.0,5,1,28.0,youtube_suggest,2026-09-13 00:16:26.684173
9806,138,180,cornfield chase piano tutorial,0.0,4,1,26.0,youtube_suggest,2026-09-13 00:16:26.684340
9807,138,180,the elevators full album,0.0,4,1,26.0,youtube_suggest,2026-09-13 00:16:26.696745
9808,138,180,atmosphere and ozone layer,0.0,4,1,26.0,youtube_suggest,2026-09-13 00:16:26.697080
9809,138,180,cornfield chase piano,0.0,3,1,24.0,youtube_suggest,2026-09-13 00:16:26.697256
9810,138,180,cornfield chase loop,0.0,3,1,24.0,youtube_suggest,2026-09-13 00:16:26.697401
9811,139,181,corn in corn field,0.3333,4,1,49.33,youtube_suggest,2026-09-13 00:19:29.019197
9812,139,181,corn field blowing in the wind,0.25,6,1,47.5,youtube_suggest,2026-09-13 00:19:29.019465
9813,139,181,clown in the corn field explained,0.25,6,1,47.5,youtube_suggest,2026-09-13 00:19:29.019680
9814,139,181,corn field at night,0.2857,4,1,46.0,youtube_suggest,2026-09-13 00:19:29.020073
9815,139,181,corn field background video,0.2857,4,1,46.0,youtube_suggest,2026-09-13 00:19:29.020311
9816,139,181,clown in the corn field explained in hindi,0.2222,8,1,45.56,youtube_suggest,2026-09-13 00:19:29.020482
9817,139,181,corn field song,0.2857,3,1,44.0,youtube_suggest,2026-09-13 00:19:29.037146
9818,139,181,corn field fire,0.2857,3,1,44.0,youtube_suggest,2026-09-13 00:19:29.037335
9819,139,181,corn field ambience,0.2857,3,1,44.0,youtube_suggest,2026-09-13 00:19:29.037481
9820,139,181,corn field interstellar,0.2857,3,1,44.0,youtube_suggest,2026-09-13 00:19:29.037609
9821,139,181,corn field piano,0.2857,3,1,44.0,youtube_suggest,2026-09-13 00:19:29.037735
9822,139,181,corn field maze,0.2857,3,1,44.0,youtube_suggest,2026-09-13 00:19:29.037864
9823,139,181,corn field asmr,0.2857,3,1,44.0,youtube_suggest,2026-09-13 00:19:29.037992
9824,139,181,corn field akbar,0.2857,3,1,44.0,youtube_suggest,2026-09-13 00:19:29.038116
9825,139,181,corn field animation,0.2857,3,1,44.0,youtube_suggest,2026-09-13 00:19:29.038236
9826,139,181,apocalypto corn field,0.2857,3,1,44.0,youtube_suggest,2026-09-13 00:19:29.038599
9827,139,181,corn field background,0.2857,3,1,44.0,youtube_suggest,2026-09-13 00:19:29.038723
9828,139,181,corn field baseball,0.2857,3,1,44.0,youtube_suggest,2026-09-13 00:19:29.038844
9829,139,181,corn field bgm,0.2857,3,1,44.0,youtube_suggest,2026-09-13 00:19:29.038967
9830,139,181,corn field drawing,0.2857,3,1,44.0,youtube_suggest,2026-09-13 00:19:29.039085
9831,139,181,corn field drone,0.2857,3,1,44.0,youtube_suggest,2026-09-13 00:19:29.039212
9832,139,181,corn field documentary,0.2857,3,1,44.0,youtube_suggest,2026-09-13 00:19:29.039332
9833,139,181,corn field footage,0.2857,3,1,44.0,youtube_suggest,2026-09-13 00:19:29.039472
9834,139,181,corn field farming,0.2857,3,1,44.0,youtube_suggest,2026-09-13 00:19:29.039594
9835,139,181,corn field machine,0.2857,3,1,44.0,youtube_suggest,2026-09-13 00:19:29.039919
9836,139,181,corn field dirt bike track,0.2222,5,1,43.56,youtube_suggest,2026-09-13 00:19:29.040071
9837,139,181,corn field duck hunting,0.25,4,1,43.5,youtube_suggest,2026-09-13 00:19:29.040194
9838,139,181,corn field goose hunt,0.25,4,1,43.5,youtube_suggest,2026-09-13 00:19:29.040316
9839,139,181,corn field acrylic painting,0.25,4,1,43.5,youtube_suggest,2026-09-13 00:19:29.040470
9840,139,181,corn field coyote hunting,0.25,4,1,43.5,youtube_suggest,2026-09-13 00:19:29.048253
9841,139,181,corn field dove hunting,0.25,4,1,43.5,youtube_suggest,2026-09-13 00:19:29.048490
9842,139,181,corn field deer hunting,0.25,4,1,43.5,youtube_suggest,2026-09-13 00:19:29.048672
9843,139,181,corn field drone footage,0.25,4,1,43.5,youtube_suggest,2026-09-13 00:19:29.048809
9844,139,181,corn field fire emergency,0.25,4,1,43.5,youtube_suggest,2026-09-13 00:19:29.048963
9845,139,181,corn field sound effect,0.25,4,1,43.5,youtube_suggest,2026-09-13 00:19:29.049455
9846,139,181,corn field full movie,0.25,4,1,43.5,youtube_suggest,2026-09-13 00:19:29.049634
9847,139,181,golden orb weaver silk,0.25,4,1,43.5,youtube_suggest,2026-09-13 00:19:29.049781
9848,139,181,corn maze fnaf help wanted,0.1,5,1,35.0,youtube_suggest,2026-09-13 00:19:29.049998
9849,139,181,corn maze at night,0.125,4,1,34.75,youtube_suggest,2026-09-13 00:19:29.050361
9850,139,181,corn maze el paso,0.125,4,1,34.75,youtube_suggest,2026-09-13 00:19:29.050970
9851,139,181,corn maze fnaf vr,0.125,4,1,34.75,youtube_suggest,2026-09-13 00:19:29.057079
9852,139,181,corn maze aesop rock,0.1111,4,1,33.78,youtube_suggest,2026-09-13 00:19:29.057502
9853,139,181,corn fields back home,0.1111,4,1,33.78,youtube_suggest,2026-09-13 00:19:29.057859
9854,139,181,corn field,0.3333,2,0,33.33,youtube_suggest,2026-09-13 00:19:29.058550
9855,139,181,corn maze ambience,0.125,3,1,32.75,youtube_suggest,2026-09-13 00:19:29.058908
9856,139,181,corn maze bgsi,0.125,3,1,32.75,youtube_suggest,2026-09-13 00:19:29.059200
9857,139,181,corn maze blesiv,0.125,3,1,32.75,youtube_suggest,2026-09-13 00:19:29.059910
9858,139,181,corn maze edmonton,0.125,3,1,32.75,youtube_suggest,2026-09-13 00:19:29.060221
9859,139,181,corn maze escape,0.125,3,1,32.75,youtube_suggest,2026-09-13 00:19:29.060519
9860,139,181,corn maze fnaf,0.125,3,1,32.75,youtube_suggest,2026-09-13 00:19:29.064927
9861,139,181,corn maze fortnite,0.125,3,1,32.75,youtube_suggest,2026-09-13 00:19:29.066314
9862,139,181,corn maze funny,0.125,3,1,32.75,youtube_suggest,2026-09-13 00:19:29.066561
9863,139,181,cornfield chase piano tutorial,0.0,4,1,26.0,youtube_suggest,2026-09-13 00:19:29.073174
9864,139,181,weaver epoch knitting machine,0.0,4,1,26.0,youtube_suggest,2026-09-13 00:19:29.073371
9865,139,181,cornfield chase piano,0.0,3,1,24.0,youtube_suggest,2026-09-13 00:19:29.073535
9866,139,181,cornfield chase loop,0.0,3,1,24.0,youtube_suggest,2026-09-13 00:19:29.073666
9867,139,181,cornfield chase interstellar,0.0,3,1,24.0,youtube_suggest,2026-09-13 00:19:29.073799
9868,139,181,cornfield chase scene,0.0,3,1,24.0,youtube_suggest,2026-09-13 00:19:29.073927
9869,139,181,cornfield chase organ,0.0,3,1,24.0,youtube_suggest,2026-09-13 00:19:29.074050
9870,139,181,cornfield chase edit,0.0,3,1,24.0,youtube_suggest,2026-09-13 00:19:29.074174
9871,140,182,corn in corn field,0.4,4,1,54.0,youtube_suggest,2026-09-13 00:22:55.996080
9872,140,182,corn field blowing in the wind,0.2857,6,1,50.0,youtube_suggest,2026-09-13 00:22:55.996369
9873,140,182,clown in the corn field explained,0.2857,6,1,50.0,youtube_suggest,2026-09-13 00:22:55.996793
9874,140,182,corn field at night,0.3333,4,1,49.33,youtube_suggest,2026-09-13 00:22:55.997112
9875,140,182,corn field background video,0.3333,4,1,49.33,youtube_suggest,2026-09-13 00:22:55.997513
9876,140,182,clown in the corn field explained in hindi,0.25,8,1,47.5,youtube_suggest,2026-09-13 00:22:55.997829
9877,140,182,corn field song,0.3333,3,1,47.33,youtube_suggest,2026-09-13 00:22:55.998270
9878,140,182,corn field fire,0.3333,3,1,47.33,youtube_suggest,2026-09-13 00:22:55.998484
9879,140,182,corn field ambience,0.3333,3,1,47.33,youtube_suggest,2026-09-13 00:22:55.998695
9880,140,182,corn field interstellar,0.3333,3,1,47.33,youtube_suggest,2026-09-13 00:22:55.998842
9881,140,182,corn field piano,0.3333,3,1,47.33,youtube_suggest,2026-09-13 00:22:55.999002
9882,140,182,corn field maze,0.3333,3,1,47.33,youtube_suggest,2026-09-13 00:22:55.999537
9883,140,182,corn field asmr,0.3333,3,1,47.33,youtube_suggest,2026-09-13 00:22:55.999788
9884,140,182,corn field akbar,0.3333,3,1,47.33,youtube_suggest,2026-09-13 00:22:55.999932
9885,140,182,corn field animation,0.3333,3,1,47.33,youtube_suggest,2026-09-13 00:22:56.000080
9886,140,182,apocalypto corn field,0.3333,3,1,47.33,youtube_suggest,2026-09-13 00:22:56.000220
9887,140,182,corn field background,0.3333,3,1,47.33,youtube_suggest,2026-09-13 00:22:56.000351
9888,140,182,corn field baseball,0.3333,3,1,47.33,youtube_suggest,2026-09-13 00:22:56.000603
9889,140,182,corn field bgm,0.3333,3,1,47.33,youtube_suggest,2026-09-13 00:22:56.000842
9890,140,182,corn field drawing,0.3333,3,1,47.33,youtube_suggest,2026-09-13 00:22:56.001040
9891,140,182,corn field drone,0.3333,3,1,47.33,youtube_suggest,2026-09-13 00:22:56.001224
9892,140,182,corn field documentary,0.3333,3,1,47.33,youtube_suggest,2026-09-13 00:22:56.001421
9893,140,182,corn field footage,0.3333,3,1,47.33,youtube_suggest,2026-09-13 00:22:56.001609
9894,140,182,corn field farming,0.3333,3,1,47.33,youtube_suggest,2026-09-13 00:22:56.001789
9895,140,182,corn field machine,0.3333,3,1,47.33,youtube_suggest,2026-09-13 00:22:56.001964
9896,140,182,corn field duck hunting,0.2857,4,1,46.0,youtube_suggest,2026-09-13 00:22:56.002144
9897,140,182,corn field goose hunt,0.2857,4,1,46.0,youtube_suggest,2026-09-13 00:22:56.002691
9898,140,182,corn field acrylic painting,0.2857,4,1,46.0,youtube_suggest,2026-09-13 00:22:56.002920
9899,140,182,corn field coyote hunting,0.2857,4,1,46.0,youtube_suggest,2026-09-13 00:22:56.003108
9900,140,182,corn field dove hunting,0.2857,4,1,46.0,youtube_suggest,2026-09-13 00:22:56.003285
9901,140,182,corn field deer hunting,0.2857,4,1,46.0,youtube_suggest,2026-09-13 00:22:56.003486
9902,140,182,corn field drone footage,0.2857,4,1,46.0,youtube_suggest,2026-09-13 00:22:56.003669
9903,140,182,corn field fire emergency,0.2857,4,1,46.0,youtube_suggest,2026-09-13 00:22:56.003846
9904,140,182,corn field sound effect,0.2857,4,1,46.0,youtube_suggest,2026-09-13 00:22:56.004024
9905,140,182,corn field full movie,0.2857,4,1,46.0,youtube_suggest,2026-09-13 00:22:56.004214
9906,140,182,corn field dirt bike track,0.25,5,1,45.5,youtube_suggest,2026-09-13 00:22:56.004404
9907,140,182,colossus 2 shadow of the colossus,0.1667,6,1,41.67,youtube_suggest,2026-09-13 00:22:56.004664
9908,140,182,colossus 3 shadow of the colossus,0.1667,6,1,41.67,youtube_suggest,2026-09-13 00:22:56.004934
9909,140,182,colossus 12 shadow of the colossus,0.1667,6,1,41.67,youtube_suggest,2026-09-13 00:22:56.005127
9910,140,182,colossus 13 shadow of the colossus,0.1667,6,1,41.67,youtube_suggest,2026-09-13 00:22:56.005307
9911,140,182,flying colossus shadow of the colossus,0.1429,6,1,40.0,youtube_suggest,2026-09-13 00:22:56.005502
9912,140,182,it fears the flames shadow of colossus,0.125,7,1,38.75,youtube_suggest,2026-09-13 00:22:56.005677
9913,140,182,the final secret in shadow of the colossus,0.125,8,1,38.75,youtube_suggest,2026-09-13 00:22:56.006029
9914,140,182,the forbidden lands shadow of the colossus,0.125,7,1,38.75,youtube_suggest,2026-09-13 00:22:56.006244
9915,140,182,the colossus of rhodes trailer,0.1429,5,1,38.0,youtube_suggest,2026-09-13 00:22:56.006442
9916,140,182,corn field,0.4,2,0,38.0,youtube_suggest,2026-09-13 00:22:56.006628
9917,140,182,the fall of colossus,0.1667,4,1,37.67,youtube_suggest,2026-09-13 00:22:56.006819
9918,140,182,the fledgling colossus wow quest,0.125,5,1,36.75,youtube_suggest,2026-09-13 00:22:56.007001
9919,140,182,colossus the forbin project ost,0.125,5,1,36.75,youtube_suggest,2026-09-13 00:22:56.007239
9920,140,182,colossus the forbin project speech,0.125,5,1,36.75,youtube_suggest,2026-09-13 00:22:56.007449
9921,140,182,colossus time and eternal,0.1429,4,1,36.0,youtube_suggest,2026-09-13 00:22:56.007645
9922,140,182,colossus of pyro afterimage,0.1429,4,1,36.0,youtube_suggest,2026-09-13 00:22:56.007832
9923,140,182,corn maze at night,0.1429,4,1,36.0,youtube_suggest,2026-09-13 00:22:56.008012
9924,140,182,corn maze el paso,0.1429,4,1,36.0,youtube_suggest,2026-09-13 00:22:56.008205
9925,140,182,corn maze fnaf vr,0.1429,4,1,36.0,youtube_suggest,2026-09-13 00:22:56.008381
9926,140,182,corn maze fnaf help wanted,0.1111,5,1,35.78,youtube_suggest,2026-09-13 00:22:56.008623
9927,140,182,the infinite corridor,0.1667,3,1,35.67,youtube_suggest,2026-09-13 00:22:56.008883
9928,140,182,the infinite goliath,0.1667,3,1,35.67,youtube_suggest,2026-09-13 00:22:56.009207
9929,140,182,colossus forbin project ending,0.125,4,1,34.75,youtube_suggest,2026-09-13 00:22:56.009422
9930,140,182,corn maze aesop rock,0.125,4,1,34.75,youtube_suggest,2026-09-13 00:22:56.009596
